code,ts_code,name,industry,select_date,close,score,score_base,news_proxy_boost,volume_ratio,turnover,main_net_inflow,drawdown_from_high,market_style,regime,factor_volume_ratio,factor_drawdown,factor_inflow,factor_turnover,factor_sector,factor_pattern,factor_counter_trend,factor_wyckoff,factor_accel,pre_threshold_rank,candidate_rank,variant,selected,failure_reason,buy_date,buy_price,exit_date_3d,return_3d,mae_3d,exit_date_5d,return_5d,mae_5d,exit_date_8d,return_8d,mae_8d
002104,002104.SZ,恒宝股份,通信设备,20230103,7.74,63.86967799299659,57.65283275822756,6.216845234769034,2.63,4.5525,4831.24,6.295399515738493,weak_momentum,BULL_TREND,69.75313997587888,100.0,48.3124,80.0,62.168452347690334,66.66666666666666,0.0,65.56685717572564,0.0,1,1,A_recovered_proxy_vr1.5,True,,20230104,7.73,20230106,0.1293661060802087,-0.6468305304010435,20230110,1.5523932729624823,-0.6468305304010435,20230113,7.89133247089262,-0.6468305304010435
002104,002104.SZ,恒宝股份,通信设备,20230103,7.74,57.65283275822756,57.65283275822756,0.0,2.63,4.5525,4831.24,6.295399515738493,weak_momentum,BULL_TREND,69.75313997587888,100.0,48.3124,80.0,62.168452347690334,66.66666666666666,0.0,65.56685717572564,0.0,1,1,B_pure_quant_vr1.5,True,,20230104,7.73,20230106,0.1293661060802087,-0.6468305304010435,20230110,1.5523932729624823,-0.6468305304010435,20230113,7.89133247089262,-0.6468305304010435
002104,002104.SZ,恒宝股份,通信设备,20230103,7.74,70.67597507234379,61.736611005835876,8.939364066507911,2.63,4.5525,4831.24,6.295399515738493,weak_momentum,BULL_TREND,69.75313997587888,100.0,48.3124,80.0,89.39364066507912,66.66666666666666,0.0,65.56685717572564,0.0,1,1,A_recovered_proxy_vr1.2,True,,20230104,7.73,20230106,0.1293661060802087,-0.6468305304010435,20230110,1.5523932729624823,-0.6468305304010435,20230113,7.89133247089262,-0.6468305304010435
002045,002045.SZ,国光电器,元器件,20230103,12.66,54.36063016572861,47.234829077052446,7.125801088676159,1.44,4.1687,4982.19,3.284950343773871,weak_momentum,BULL_TREND,26.303440583379377,100.0,49.8219,65.0,71.25801088676158,63.33333333333333,0.0,34.77335126576427,0.0,2,2,A_recovered_proxy_vr1.2,True,,20230104,12.56,20230106,2.8662420382165488,-0.07961783439490722,20230110,3.1050955414012593,-0.07961783439490722,20230113,7.404458598726116,-0.07961783439490722
002181,002181.SZ,粤传媒,出版业,20230103,5.72,53.15144249174227,53.15144249174227,0.0,1.47,7.5351,7487.44,13.725490196078432,weak_momentum,BULL_TREND,27.790807753081985,85.62091503267973,74.8744,100.0,56.965209464962854,33.33333333333333,0.0,66.79647625631543,0.0,3,3,A_recovered_proxy_vr1.2,True,,20230104,5.72,20230106,-2.7972027972028024,-3.4965034965035002,20230110,-0.8741258741258751,-5.069930069930074,20230113,-8.56643356643355,-9.615384615384615
002104,002104.SZ,恒宝股份,通信设备,20230103,7.74,61.736611005835876,61.736611005835876,0.0,2.63,4.5525,4831.24,6.295399515738493,weak_momentum,BULL_TREND,69.75313997587888,100.0,48.3124,80.0,89.39364066507912,66.66666666666666,0.0,65.56685717572564,0.0,1,1,D_pure_quant_vr1.2,True,,20230104,7.73,20230106,0.1293661060802087,-0.6468305304010435,20230110,1.5523932729624823,-0.6468305304010435,20230113,7.89133247089262,-0.6468305304010435
002181,002181.SZ,粤传媒,出版业,20230103,5.72,53.15144249174227,53.15144249174227,0.0,1.47,7.5351,7487.44,13.725490196078432,weak_momentum,BULL_TREND,27.790807753081985,85.62091503267973,74.8744,100.0,56.965209464962854,33.33333333333333,0.0,66.79647625631543,0.0,2,2,D_pure_quant_vr1.2,True,,20230104,5.72,20230106,-2.7972027972028024,-3.4965034965035002,20230110,-0.8741258741258751,-5.069930069930074,20230113,-8.56643356643355,-9.615384615384615
002334,002334.SZ,英威腾,电气设备,20230103,8.3,48.3299205231548,48.3299205231548,0.0,1.43,4.7499,5568.19,10.944206008583686,weak_momentum,BULL_TREND,25.800757350183233,100.0,55.6819,80.0,57.088901265627825,33.33333333333333,0.0,54.71375376077648,0.0,3,3,D_pure_quant_vr1.2,True,,20230104,8.41,20230106,5.826397146254458,-1.7835909631391256,20230110,6.777645659928666,-1.7835909631391256,20230113,8.680142687277058,-1.7835909631391256
002104,002104.SZ,恒宝股份,通信设备,20230103,7.74,48.32756490607401,48.32756490607401,0.0,2.63,4.5525,4831.24,6.295399515738493,weak_momentum,BULL_TREND,69.75313997587888,100.0,48.3124,80.0,89.39364066507912,66.66666666666666,0.0,65.56685717572564,0.0,1,1,E_ablate_sector_vr1.2,True,,20230104,7.73,20230106,0.1293661060802087,-0.6468305304010435,20230110,1.5523932729624823,-0.6468305304010435,20230113,7.89133247089262,-0.6468305304010435
002104,002104.SZ,恒宝股份,通信设备,20230103,7.74,53.04037900583588,53.04037900583588,0.0,2.63,4.5525,4831.24,6.295399515738493,weak_momentum,BULL_TREND,69.75313997587888,100.0,48.3124,80.0,89.39364066507912,66.66666666666666,0.0,65.56685717572564,0.0,1,1,E_ablate_inflow_vr1.2,True,,20230104,7.73,20230106,0.1293661060802087,-0.6468305304010435,20230110,1.5523932729624823,-0.6468305304010435,20230113,7.89133247089262,-0.6468305304010435
002104,002104.SZ,恒宝股份,通信设备,20230103,7.74,51.90158242947703,51.90158242947703,0.0,2.63,4.5525,4831.24,6.295399515738493,weak_momentum,BULL_TREND,69.75313997587888,100.0,48.3124,80.0,89.39364066507912,66.66666666666666,0.0,65.56685717572564,0.0,1,1,E_ablate_wyckoff_vr1.2,True,,20230104,7.73,20230106,0.1293661060802087,-0.6468305304010435,20230110,1.5523932729624823,-0.6468305304010435,20230113,7.89133247089262,-0.6468305304010435
002104,002104.SZ,恒宝股份,通信设备,20230103,7.74,61.736611005835876,61.736611005835876,0.0,2.63,4.5525,4831.24,6.295399515738493,weak_momentum,BULL_TREND,69.75313997587888,100.0,48.3124,80.0,89.39364066507912,66.66666666666666,0.0,65.56685717572564,0.0,1,1,E_ablate_accel_vr1.2,True,,20230104,7.73,20230106,0.1293661060802087,-0.6468305304010435,20230110,1.5523932729624823,-0.6468305304010435,20230113,7.89133247089262,-0.6468305304010435
002181,002181.SZ,粤传媒,出版业,20230103,5.72,53.15144249174227,53.15144249174227,0.0,1.47,7.5351,7487.44,13.725490196078432,weak_momentum,BULL_TREND,27.790807753081985,85.62091503267973,74.8744,100.0,56.965209464962854,33.33333333333333,0.0,66.79647625631543,0.0,2,2,E_ablate_accel_vr1.2,True,,20230104,5.72,20230106,-2.7972027972028024,-3.4965034965035002,20230110,-0.8741258741258751,-5.069930069930074,20230113,-8.56643356643355,-9.615384615384615
002334,002334.SZ,英威腾,电气设备,20230103,8.3,48.3299205231548,48.3299205231548,0.0,1.43,4.7499,5568.19,10.944206008583686,weak_momentum,BULL_TREND,25.800757350183233,100.0,55.6819,80.0,57.088901265627825,33.33333333333333,0.0,54.71375376077648,0.0,3,3,E_ablate_accel_vr1.2,True,,20230104,8.41,20230106,5.826397146254458,-1.7835909631391256,20230110,6.777645659928666,-1.7835909631391256,20230113,8.680142687277058,-1.7835909631391256
600266,600266.SH,城建发展,区域地产,20230104,4.91,73.25523328930907,67.45098765245137,5.804245636857707,3.1,3.5649,10052.03,11.531531531531526,weak_momentum,BULL_TREND,81.61341077497565,100.0,100.0,80.0,58.042456368577064,33.33333333333333,0.0,72.239606095012,0.0,1,1,A_recovered_proxy_vr1.5,True,,20230105,4.98,20230109,-9.839357429718875,-10.040160642570283,20230111,-12.851405622489976,-13.855421686746993,20230116,-12.851405622489976,-15.26104417670684
002649,002649.SZ,博彦科技,软件服务,20230104,11.05,57.91222716133508,57.91222716133508,0.0,3.25,3.7043,4096.18,6.829679595278236,weak_momentum,BULL_TREND,85.02198590705461,100.0,40.961800000000004,40.0,43.3710236319934,63.33333333333333,0.0,94.08990042540806,0.0,2,2,A_recovered_proxy_vr1.5,True,,20230105,11.05,20230109,0.18099547511312153,-0.4524886877828149,20230111,-0.9954751131221795,-1.176470588235301,20230116,0.6334841628959031,-1.3574660633484226
600095,600095.SH,湘财股份,证券,20230104,7.93,55.56699329786669,55.56699329786669,0.0,2.49,5.3918,5107.54,10.3954802259887,weak_momentum,BULL_TREND,65.80728711466783,100.0,51.0754,100.0,39.5722292244569,33.33333333333333,0.0,79.33218120220874,0.0,3,3,A_recovered_proxy_vr1.5,True,t1_limit_up,,,,,,,,,,,
600266,600266.SH,城建发展,区域地产,20230104,4.91,67.45098765245137,67.45098765245137,0.0,3.1,3.5649,10052.03,11.531531531531526,weak_momentum,BULL_TREND,81.61341077497565,100.0,100.0,80.0,58.042456368577064,33.33333333333333,0.0,72.239606095012,0.0,1,1,B_pure_quant_vr1.5,True,,20230105,4.98,20230109,-9.839357429718875,-10.040160642570283,20230111,-12.851405622489976,-13.855421686746993,20230116,-12.851405622489976,-15.26104417670684
002649,002649.SZ,博彦科技,软件服务,20230104,11.05,57.91222716133508,57.91222716133508,0.0,3.25,3.7043,4096.18,6.829679595278236,weak_momentum,BULL_TREND,85.02198590705461,100.0,40.961800000000004,40.0,43.3710236319934,63.33333333333333,0.0,94.08990042540806,0.0,2,2,B_pure_quant_vr1.5,True,,20230105,11.05,20230109,0.18099547511312153,-0.4524886877828149,20230111,-0.9954751131221795,-1.176470588235301,20230116,0.6334841628959031,-1.3574660633484226
600095,600095.SH,湘财股份,证券,20230104,7.93,55.56699329786669,55.56699329786669,0.0,2.49,5.3918,5107.54,10.3954802259887,weak_momentum,BULL_TREND,65.80728711466783,100.0,51.0754,100.0,39.5722292244569,33.33333333333333,0.0,79.33218120220874,0.0,3,3,B_pure_quant_vr1.5,True,t1_limit_up,,,,,,,,,,,
600266,600266.SH,城建发展,区域地产,20230104,4.91,73.38092281864799,66.72640137005472,6.654521448593275,3.1,3.5649,10052.03,11.531531531531526,weak_momentum,BULL_TREND,81.61341077497565,100.0,100.0,40.0,66.54521448593275,33.33333333333333,0.0,72.239606095012,0.0,1,1,A_recovered_proxy_vr1.2,True,,20230105,4.98,20230109,-9.839357429718875,-10.040160642570283,20230111,-12.851405622489976,-13.855421686746993,20230116,-12.851405622489976,-15.26104417670684
002649,002649.SZ,博彦科技,软件服务,20230104,11.05,58.35919064298878,58.35919064298878,0.0,3.25,3.7043,4096.18,6.829679595278236,weak_momentum,BULL_TREND,85.02198590705461,100.0,40.961800000000004,40.0,46.35078017635138,63.33333333333333,0.0,94.08990042540806,0.0,2,2,A_recovered_proxy_vr1.2,True,,20230105,11.05,20230109,0.18099547511312153,-0.4524886877828149,20230111,-0.9954751131221795,-1.176470588235301,20230116,0.6334841628959031,-1.3574660633484226
600095,600095.SH,湘财股份,证券,20230104,7.93,55.56699329786669,55.56699329786669,0.0,2.49,5.3918,5107.54,10.3954802259887,weak_momentum,BULL_TREND,65.80728711466783,100.0,51.0754,100.0,39.5722292244569,33.33333333333333,0.0,79.33218120220874,0.0,3,3,A_recovered_proxy_vr1.2,True,t1_limit_up,,,,,,,,,,,
600266,600266.SH,城建发展,区域地产,20230104,4.91,66.72640137005472,66.72640137005472,0.0,3.1,3.5649,10052.03,11.531531531531526,weak_momentum,BULL_TREND,81.61341077497565,100.0,100.0,40.0,66.54521448593275,33.33333333333333,0.0,72.239606095012,0.0,1,1,D_pure_quant_vr1.2,True,,20230105,4.98,20230109,-9.839357429718875,-10.040160642570283,20230111,-12.851405622489976,-13.855421686746993,20230116,-12.851405622489976,-15.26104417670684
002649,002649.SZ,博彦科技,软件服务,20230104,11.05,58.35919064298878,58.35919064298878,0.0,3.25,3.7043,4096.18,6.829679595278236,weak_momentum,BULL_TREND,85.02198590705461,100.0,40.961800000000004,40.0,46.35078017635138,63.33333333333333,0.0,94.08990042540806,0.0,2,2,D_pure_quant_vr1.2,True,,20230105,11.05,20230109,0.18099547511312153,-0.4524886877828149,20230111,-0.9954751131221795,-1.176470588235301,20230116,0.6334841628959031,-1.3574660633484226
600095,600095.SH,湘财股份,证券,20230104,7.93,55.56699329786669,55.56699329786669,0.0,2.49,5.3918,5107.54,10.3954802259887,weak_momentum,BULL_TREND,65.80728711466783,100.0,51.0754,100.0,39.5722292244569,33.33333333333333,0.0,79.33218120220874,0.0,3,3,D_pure_quant_vr1.2,True,t1_limit_up,,,,,,,,,,,
600266,600266.SH,城建发展,区域地产,20230104,4.91,56.74461919716481,56.74461919716481,0.0,3.1,3.5649,10052.03,11.531531531531526,weak_momentum,BULL_TREND,81.61341077497565,100.0,100.0,40.0,66.54521448593275,33.33333333333333,0.0,72.239606095012,0.0,1,1,E_ablate_sector_vr1.2,True,,20230105,4.98,20230109,-9.839357429718875,-10.040160642570283,20230111,-12.851405622489976,-13.855421686746993,20230116,-12.851405622489976,-15.26104417670684
002649,002649.SZ,博彦科技,软件服务,20230104,11.05,51.40657361653607,51.40657361653607,0.0,3.25,3.7043,4096.18,6.829679595278236,weak_momentum,BULL_TREND,85.02198590705461,100.0,40.961800000000004,40.0,46.35078017635138,63.33333333333333,0.0,94.08990042540806,0.0,2,2,E_ablate_sector_vr1.2,True,,20230105,11.05,20230109,0.18099547511312153,-0.4524886877828149,20230111,-0.9954751131221795,-1.176470588235301,20230116,0.6334841628959031,-1.3574660633484226
600095,600095.SH,湘财股份,证券,20230104,7.93,49.63115891419815,49.63115891419815,0.0,2.49,5.3918,5107.54,10.3954802259887,weak_momentum,BULL_TREND,65.80728711466783,100.0,51.0754,100.0,39.5722292244569,33.33333333333333,0.0,79.33218120220874,0.0,3,3,E_ablate_sector_vr1.2,True,t1_limit_up,,,,,,,,,,,
002649,002649.SZ,博彦科技,软件服务,20230104,11.05,49.66188361186961,49.66188361186961,0.0,3.25,3.7043,4096.18,6.829679595278236,weak_momentum,BULL_TREND,85.02198590705461,100.0,40.961800000000004,40.0,37.52289330222361,63.33333333333333,0.0,94.08990042540806,0.0,1,1,E_ablate_inflow_vr1.2,True,,20230105,11.05,20230109,0.18099547511312153,-0.4524886877828149,20230111,-0.9954751131221795,-1.176470588235301,20230116,0.6334841628959031,-1.3574660633484226
600266,600266.SH,城建发展,区域地产,20230104,4.91,48.949456928220414,48.949456928220414,0.0,3.1,3.5649,10052.03,11.531531531531526,weak_momentum,BULL_TREND,81.61341077497565,100.0,100.0,40.0,68.03225154037068,33.33333333333333,0.0,72.239606095012,0.0,2,2,E_ablate_inflow_vr1.2,True,,20230105,4.98,20230109,-9.839357429718875,-10.040160642570283,20230111,-12.851405622489976,-13.855421686746993,20230116,-12.851405622489976,-15.26104417670684
600073,600073.SH,光明肉业,食品,20230104,8.17,47.413953805222775,47.413953805222775,0.0,2.94,5.1712,4257.18,4.77855477855478,weak_momentum,BULL_TREND,77.79080775308198,100.0,42.5718,100.0,49.46888428173654,0.0,0.0,75.5,0.0,3,3,E_ablate_inflow_vr1.2,True,,20230105,8.11,20230109,-3.452527743526501,-4.315659679408135,20230111,-4.685573366214535,-4.932182490752146,20230116,1.1097410604192337,-6.411837237977802
600266,600266.SH,城建发展,区域地产,20230104,4.91,55.89046045580292,55.89046045580292,0.0,3.1,3.5649,10052.03,11.531531531531526,weak_momentum,BULL_TREND,81.61341077497565,100.0,100.0,40.0,66.54521448593275,33.33333333333333,0.0,72.239606095012,0.0,1,1,E_ablate_wyckoff_vr1.2,True,,20230105,4.98,20230109,-9.839357429718875,-10.040160642570283,20230111,-12.851405622489976,-13.855421686746993,20230116,-12.851405622489976,-15.26104417670684
600266,600266.SH,城建发展,区域地产,20230104,4.91,66.72640137005472,66.72640137005472,0.0,3.1,3.5649,10052.03,11.531531531531526,weak_momentum,BULL_TREND,81.61341077497565,100.0,100.0,40.0,66.54521448593275,33.33333333333333,0.0,72.239606095012,0.0,1,1,E_ablate_accel_vr1.2,True,,20230105,4.98,20230109,-9.839357429718875,-10.040160642570283,20230111,-12.851405622489976,-13.855421686746993,20230116,-12.851405622489976,-15.26104417670684
002649,002649.SZ,博彦科技,软件服务,20230104,11.05,58.35919064298878,58.35919064298878,0.0,3.25,3.7043,4096.18,6.829679595278236,weak_momentum,BULL_TREND,85.02198590705461,100.0,40.961800000000004,40.0,46.35078017635138,63.33333333333333,0.0,94.08990042540806,0.0,2,2,E_ablate_accel_vr1.2,True,,20230105,11.05,20230109,0.18099547511312153,-0.4524886877828149,20230111,-0.9954751131221795,-1.176470588235301,20230116,0.6334841628959031,-1.3574660633484226
600095,600095.SH,湘财股份,证券,20230104,7.93,55.56699329786669,55.56699329786669,0.0,2.49,5.3918,5107.54,10.3954802259887,weak_momentum,BULL_TREND,65.80728711466783,100.0,51.0754,100.0,39.5722292244569,33.33333333333333,0.0,79.33218120220874,0.0,3,3,E_ablate_accel_vr1.2,True,t1_limit_up,,,,,,,,,,,
002555,002555.SZ,三七互娱,互联网,20230105,20.18,69.51801351560546,62.88736165807496,6.630651857530497,2.53,6.081,64774.0,3.352490421455936,momentum,BULL_TREND,66.95686924597926,97.88505747126439,100.0,65.0,66.30651857530496,0.0,0.0,65.44021808990634,0.0,1,1,A_recovered_proxy_vr1.5,True,,20230106,20.18,20230110,1.3875123885034757,-2.874132804757179,20230112,-0.9910802775024763,-2.874132804757179,20230117,-2.4777006937561907,-3.3201189296332867
002517,002517.SZ,恺英网络,互联网,20230105,7.6,69.31405768837983,62.68340583084934,6.630651857530497,2.08,5.7051,14730.19,2.187902187902187,momentum,BULL_TREND,52.82917641831838,100.0,100.0,65.0,66.30651857530496,30.0,0.0,67.47725653040588,0.0,2,2,A_recovered_proxy_vr1.5,True,,20230106,7.6,20230110,6.052631578947376,-2.1052631578947323,20230112,2.2368421052631593,-2.1052631578947323,20230117,0.263157894736854,-2.1052631578947323
600559,600559.SH,老白干酒,白酒,20230105,28.29,61.068390433882016,61.068390433882016,0.0,2.24,4.098,16114.92,3.315105946684902,momentum,BULL_TREND,58.17493661414398,98.10936431989059,100.0,65.0,55.34444520733264,53.333333333333336,0.0,55.45657801638165,0.0,3,3,A_recovered_proxy_vr1.5,True,,20230106,28.09,20230110,2.8479886080455596,-0.6763972944108243,20230112,0.5695977216091164,-0.6763972944108243,20230117,10.217159131363474,-0.6763972944108243
002555,002555.SZ,三七互娱,互联网,20230105,20.18,62.88736165807496,62.88736165807496,0.0,2.53,6.081,64774.0,3.352490421455936,momentum,BULL_TREND,66.95686924597926,97.88505747126439,100.0,65.0,66.30651857530496,0.0,0.0,65.44021808990634,0.0,1,1,B_pure_quant_vr1.5,True,,20230106,20.18,20230110,1.3875123885034757,-2.874132804757179,20230112,-0.9910802775024763,-2.874132804757179,20230117,-2.4777006937561907,-3.3201189296332867
002517,002517.SZ,恺英网络,互联网,20230105,7.6,62.68340583084934,62.68340583084934,0.0,2.08,5.7051,14730.19,2.187902187902187,momentum,BULL_TREND,52.82917641831838,100.0,100.0,65.0,66.30651857530496,30.0,0.0,67.47725653040588,0.0,2,2,B_pure_quant_vr1.5,True,,20230106,7.6,20230110,6.052631578947376,-2.1052631578947323,20230112,2.2368421052631593,-2.1052631578947323,20230117,0.263157894736854,-2.1052631578947323
600559,600559.SH,老白干酒,白酒,20230105,28.29,61.068390433882016,61.068390433882016,0.0,2.24,4.098,16114.92,3.315105946684902,momentum,BULL_TREND,58.17493661414398,98.10936431989059,100.0,65.0,55.34444520733264,53.333333333333336,0.0,55.45657801638165,0.0,3,3,B_pure_quant_vr1.5,True,,20230106,28.09,20230110,2.8479886080455596,-0.6763972944108243,20230112,0.5695977216091164,-0.6763972944108243,20230117,10.217159131363474,-0.6763972944108243
002555,002555.SZ,三七互娱,互联网,20230105,20.18,67.54845232902615,61.57432086702209,5.974131462004062,2.53,6.081,64774.0,3.352490421455936,momentum,BULL_TREND,66.95686924597926,97.88505747126439,100.0,65.0,59.74131462004062,0.0,0.0,65.44021808990634,0.0,1,1,A_recovered_proxy_vr1.2,True,,20230106,20.18,20230110,1.3875123885034757,-2.874132804757179,20230112,-0.9910802775024763,-2.874132804757179,20230117,-2.4777006937561907,-3.3201189296332867
002517,002517.SZ,恺英网络,互联网,20230105,7.6,67.34449650180053,61.37036503979647,5.974131462004062,2.08,5.7051,14730.19,2.187902187902187,momentum,BULL_TREND,52.82917641831838,100.0,100.0,65.0,59.74131462004062,30.0,0.0,67.47725653040588,0.0,2,2,A_recovered_proxy_vr1.2,True,,20230106,7.6,20230110,6.052631578947376,-2.1052631578947323,20230112,2.2368421052631593,-2.1052631578947323,20230117,0.263157894736854,-2.1052631578947323
600559,600559.SH,老白干酒,白酒,20230105,28.29,60.19519289798097,60.19519289798097,0.0,2.24,4.098,16114.92,3.315105946684902,momentum,BULL_TREND,58.17493661414398,98.10936431989059,100.0,65.0,50.97845752782739,53.333333333333336,0.0,55.45657801638165,0.0,3,3,A_recovered_proxy_vr1.2,True,,20230106,28.09,20230110,2.8479886080455596,-0.6763972944108243,20230112,0.5695977216091164,-0.6763972944108243,20230117,10.217159131363474,-0.6763972944108243
002555,002555.SZ,三七互娱,互联网,20230105,20.18,61.57432086702209,61.57432086702209,0.0,2.53,6.081,64774.0,3.352490421455936,momentum,BULL_TREND,66.95686924597926,97.88505747126439,100.0,65.0,59.74131462004062,0.0,0.0,65.44021808990634,0.0,1,1,D_pure_quant_vr1.2,True,,20230106,20.18,20230110,1.3875123885034757,-2.874132804757179,20230112,-0.9910802775024763,-2.874132804757179,20230117,-2.4777006937561907,-3.3201189296332867
002517,002517.SZ,恺英网络,互联网,20230105,7.6,61.37036503979647,61.37036503979647,0.0,2.08,5.7051,14730.19,2.187902187902187,momentum,BULL_TREND,52.82917641831838,100.0,100.0,65.0,59.74131462004062,30.0,0.0,67.47725653040588,0.0,2,2,D_pure_quant_vr1.2,True,,20230106,7.6,20230110,6.052631578947376,-2.1052631578947323,20230112,2.2368421052631593,-2.1052631578947323,20230117,0.263157894736854,-2.1052631578947323
600559,600559.SH,老白干酒,白酒,20230105,28.29,60.19519289798097,60.19519289798097,0.0,2.24,4.098,16114.92,3.315105946684902,momentum,BULL_TREND,58.17493661414398,98.10936431989059,100.0,65.0,50.97845752782739,53.333333333333336,0.0,55.45657801638165,0.0,3,3,D_pure_quant_vr1.2,True,,20230106,28.09,20230110,2.8479886080455596,-0.6763972944108243,20230112,0.5695977216091164,-0.6763972944108243,20230117,10.217159131363474,-0.6763972944108243
600559,600559.SH,老白干酒,白酒,20230105,28.29,49.99950139241549,49.99950139241549,0.0,2.24,4.098,16114.92,3.315105946684902,momentum,BULL_TREND,58.17493661414398,98.10936431989059,100.0,65.0,50.97845752782739,53.333333333333336,0.0,55.45657801638165,0.0,1,1,E_ablate_sector_vr1.2,True,,20230106,28.09,20230110,2.8479886080455596,-0.6763972944108243,20230112,0.5695977216091164,-0.6763972944108243,20230117,10.217159131363474,-0.6763972944108243
002555,002555.SZ,三七互娱,互联网,20230105,20.18,49.62605794301396,49.62605794301396,0.0,2.53,6.081,64774.0,3.352490421455936,momentum,BULL_TREND,66.95686924597926,97.88505747126439,100.0,65.0,59.74131462004062,0.0,0.0,65.44021808990634,0.0,2,2,E_ablate_sector_vr1.2,True,,20230106,20.18,20230110,1.3875123885034757,-2.874132804757179,20230112,-0.9910802775024763,-2.874132804757179,20230117,-2.4777006937561907,-3.3201189296332867
002517,002517.SZ,恺英网络,互联网,20230105,7.6,49.42210211578835,49.42210211578835,0.0,2.08,5.7051,14730.19,2.187902187902187,momentum,BULL_TREND,52.82917641831838,100.0,100.0,65.0,59.74131462004062,30.0,0.0,67.47725653040588,0.0,3,3,E_ablate_sector_vr1.2,True,,20230106,7.6,20230110,6.052631578947376,-2.1052631578947323,20230112,2.2368421052631593,-2.1052631578947323,20230117,0.263157894736854,-2.1052631578947323
002555,002555.SZ,三七互娱,互联网,20230105,20.18,55.03029905803145,55.03029905803145,0.0,2.53,6.081,64774.0,3.352490421455936,momentum,BULL_TREND,66.95686924597926,97.88505747126439,100.0,65.0,59.74131462004062,0.0,0.0,65.44021808990634,0.0,1,1,E_ablate_wyckoff_vr1.2,True,,20230106,20.18,20230110,1.3875123885034757,-2.874132804757179,20230112,-0.9910802775024763,-2.874132804757179,20230117,-2.4777006937561907,-3.3201189296332867
600559,600559.SH,老白干酒,白酒,20230105,28.29,54.6495350963428,54.6495350963428,0.0,2.24,4.098,16114.92,3.315105946684902,momentum,BULL_TREND,58.17493661414398,98.10936431989059,100.0,65.0,50.97845752782739,53.333333333333336,0.0,55.45657801638165,0.0,2,2,E_ablate_wyckoff_vr1.2,True,,20230106,28.09,20230110,2.8479886080455596,-0.6763972944108243,20230112,0.5695977216091164,-0.6763972944108243,20230117,10.217159131363474,-0.6763972944108243
002517,002517.SZ,恺英网络,互联网,20230105,7.6,54.62263938675588,54.62263938675588,0.0,2.08,5.7051,14730.19,2.187902187902187,momentum,BULL_TREND,52.82917641831838,100.0,100.0,65.0,59.74131462004062,30.0,0.0,67.47725653040588,0.0,3,3,E_ablate_wyckoff_vr1.2,True,,20230106,7.6,20230110,6.052631578947376,-2.1052631578947323,20230112,2.2368421052631593,-2.1052631578947323,20230117,0.263157894736854,-2.1052631578947323
002555,002555.SZ,三七互娱,互联网,20230105,20.18,61.57432086702209,61.57432086702209,0.0,2.53,6.081,64774.0,3.352490421455936,momentum,BULL_TREND,66.95686924597926,97.88505747126439,100.0,65.0,59.74131462004062,0.0,0.0,65.44021808990634,0.0,1,1,E_ablate_accel_vr1.2,True,,20230106,20.18,20230110,1.3875123885034757,-2.874132804757179,20230112,-0.9910802775024763,-2.874132804757179,20230117,-2.4777006937561907,-3.3201189296332867
002517,002517.SZ,恺英网络,互联网,20230105,7.6,61.37036503979647,61.37036503979647,0.0,2.08,5.7051,14730.19,2.187902187902187,momentum,BULL_TREND,52.82917641831838,100.0,100.0,65.0,59.74131462004062,30.0,0.0,67.47725653040588,0.0,2,2,E_ablate_accel_vr1.2,True,,20230106,7.6,20230110,6.052631578947376,-2.1052631578947323,20230112,2.2368421052631593,-2.1052631578947323,20230117,0.263157894736854,-2.1052631578947323
600559,600559.SH,老白干酒,白酒,20230105,28.29,60.19519289798097,60.19519289798097,0.0,2.24,4.098,16114.92,3.315105946684902,momentum,BULL_TREND,58.17493661414398,98.10936431989059,100.0,65.0,50.97845752782739,53.333333333333336,0.0,55.45657801638165,0.0,3,3,E_ablate_accel_vr1.2,True,,20230106,28.09,20230110,2.8479886080455596,-0.6763972944108243,20230112,0.5695977216091164,-0.6763972944108243,20230117,10.217159131363474,-0.6763972944108243
002869,002869.SZ,金溢科技,通信设备,20230106,26.35,63.44726955306947,63.44726955306947,0.0,3.44,7.9939,8072.34,2.7675276752767526,momentum,BULL_TREND,89.12042824636866,100.0,80.7234,100.0,51.14012775350873,33.33333333333333,0.0,70.39833098745758,0.0,1,1,A_recovered_proxy_vr1.5,True,,20230109,26.68,20230111,-0.33733133433283546,-1.236881559220382,20230113,-2.7361319340329815,-7.683658170914542,20230118,-3.9730134932533634,-8.358320839580212
600963,600963.SH,岳阳林纸,造纸,20230106,6.2,57.13872799732043,57.13872799732043,0.0,2.51,5.159,7534.01,2.053712480252763,momentum,BULL_TREND,66.38436820880236,100.0,75.3401,100.0,42.29814079095928,20.0,0.0,76.53424607808213,0.0,2,2,A_recovered_proxy_vr1.5,True,,20230109,6.22,20230111,-0.9646302250803762,-3.5369774919614128,20230113,-0.3215434083601254,-3.5369774919614128,20230118,-0.8038585209003135,-3.5369774919614128
601222,601222.SH,林洋能源,新型电力,20230106,9.4,55.65761137043581,55.65761137043581,0.0,2.42,4.2999,16458.79,2.4896265560165993,momentum,BULL_TREND,63.75035237499349,100.0,100.0,40.0,38.55485173253436,0.0,0.0,63.8408816767991,0.0,3,3,A_recovered_proxy_vr1.5,True,,20230109,9.45,20230111,-4.761904761904756,-4.973544973544963,20230113,-6.031746031746021,-7.195767195767189,20230118,-6.24338624338624,-7.195767195767189
002869,002869.SZ,金溢科技,通信设备,20230106,26.35,63.44726955306947,63.44726955306947,0.0,3.44,7.9939,8072.34,2.7675276752767526,momentum,BULL_TREND,89.12042824636866,100.0,80.7234,100.0,51.14012775350873,33.33333333333333,0.0,70.39833098745758,0.0,1,1,B_pure_quant_vr1.5,True,,20230109,26.68,20230111,-0.33733133433283546,-1.236881559220382,20230113,-2.7361319340329815,-7.683658170914542,20230118,-3.9730134932533634,-8.358320839580212
600963,600963.SH,岳阳林纸,造纸,20230106,6.2,57.13872799732043,57.13872799732043,0.0,2.51,5.159,7534.01,2.053712480252763,momentum,BULL_TREND,66.38436820880236,100.0,75.3401,100.0,42.29814079095928,20.0,0.0,76.53424607808213,0.0,2,2,B_pure_quant_vr1.5,True,,20230109,6.22,20230111,-0.9646302250803762,-3.5369774919614128,20230113,-0.3215434083601254,-3.5369774919614128,20230118,-0.8038585209003135,-3.5369774919614128
601222,601222.SH,林洋能源,新型电力,20230106,9.4,55.65761137043581,55.65761137043581,0.0,2.42,4.2999,16458.79,2.4896265560165993,momentum,BULL_TREND,63.75035237499349,100.0,100.0,40.0,38.55485173253436,0.0,0.0,63.8408816767991,0.0,3,3,B_pure_quant_vr1.5,True,,20230109,9.45,20230111,-4.761904761904756,-4.973544973544963,20230113,-6.031746031746021,-7.195767195767189,20230118,-6.24338624338624,-7.195767195767189
002869,002869.SZ,金溢科技,通信设备,20230106,26.35,63.434781775415225,63.434781775415225,0.0,3.44,7.9939,8072.34,2.7675276752767526,momentum,BULL_TREND,89.12042824636866,100.0,80.7234,100.0,51.07768886523751,33.33333333333333,0.0,70.39833098745758,0.0,1,1,A_recovered_proxy_vr1.2,True,,20230109,26.68,20230111,-0.33733133433283546,-1.236881559220382,20230113,-2.7361319340329815,-7.683658170914542,20230118,-3.9730134932533634,-8.358320839580212
600963,600963.SH,岳阳林纸,造纸,20230106,6.2,57.12707300735161,57.12707300735161,0.0,2.51,5.159,7534.01,2.053712480252763,momentum,BULL_TREND,66.38436820880236,100.0,75.3401,100.0,42.23986584111522,20.0,0.0,76.53424607808213,0.0,2,2,A_recovered_proxy_vr1.2,True,,20230109,6.22,20230111,-0.9646302250803762,-3.5369774919614128,20230113,-0.3215434083601254,-3.5369774919614128,20230118,-0.8038585209003135,-3.5369774919614128
601222,601222.SH,林洋能源,新型电力,20230106,9.4,55.932923661353406,55.932923661353406,0.0,2.42,4.2999,16458.79,2.4896265560165993,momentum,BULL_TREND,63.75035237499349,100.0,100.0,40.0,39.931413187122345,0.0,0.0,63.8408816767991,0.0,3,3,A_recovered_proxy_vr1.2,True,,20230109,9.45,20230111,-4.761904761904756,-4.973544973544963,20230113,-6.031746031746021,-7.195767195767189,20230118,-6.24338624338624,-7.195767195767189
002869,002869.SZ,金溢科技,通信设备,20230106,26.35,63.434781775415225,63.434781775415225,0.0,3.44,7.9939,8072.34,2.7675276752767526,momentum,BULL_TREND,89.12042824636866,100.0,80.7234,100.0,51.07768886523751,33.33333333333333,0.0,70.39833098745758,0.0,1,1,D_pure_quant_vr1.2,True,,20230109,26.68,20230111,-0.33733133433283546,-1.236881559220382,20230113,-2.7361319340329815,-7.683658170914542,20230118,-3.9730134932533634,-8.358320839580212
600963,600963.SH,岳阳林纸,造纸,20230106,6.2,57.12707300735161,57.12707300735161,0.0,2.51,5.159,7534.01,2.053712480252763,momentum,BULL_TREND,66.38436820880236,100.0,75.3401,100.0,42.23986584111522,20.0,0.0,76.53424607808213,0.0,2,2,D_pure_quant_vr1.2,True,,20230109,6.22,20230111,-0.9646302250803762,-3.5369774919614128,20230113,-0.3215434083601254,-3.5369774919614128,20230118,-0.8038585209003135,-3.5369774919614128
601222,601222.SH,林洋能源,新型电力,20230106,9.4,55.932923661353406,55.932923661353406,0.0,2.42,4.2999,16458.79,2.4896265560165993,momentum,BULL_TREND,63.75035237499349,100.0,100.0,40.0,39.931413187122345,0.0,0.0,63.8408816767991,0.0,3,3,D_pure_quant_vr1.2,True,,20230109,9.45,20230111,-4.761904761904756,-4.973544973544963,20230113,-6.031746031746021,-7.195767195767189,20230118,-6.24338624338624,-7.195767195767189
002869,002869.SZ,金溢科技,通信设备,20230106,26.35,53.219244002367724,53.219244002367724,0.0,3.44,7.9939,8072.34,2.7675276752767526,momentum,BULL_TREND,89.12042824636866,100.0,80.7234,100.0,51.07768886523751,33.33333333333333,0.0,70.39833098745758,0.0,1,1,E_ablate_sector_vr1.2,True,,20230109,26.68,20230111,-0.33733133433283546,-1.236881559220382,20230113,-2.7361319340329815,-7.683658170914542,20230118,-3.9730134932533634,-8.358320839580212
600963,600963.SH,岳阳林纸,造纸,20230106,6.2,48.67909983912857,48.67909983912857,0.0,2.51,5.159,7534.01,2.053712480252763,momentum,BULL_TREND,66.38436820880236,100.0,75.3401,100.0,42.23986584111522,20.0,0.0,76.53424607808213,0.0,2,2,E_ablate_sector_vr1.2,True,,20230109,6.22,20230111,-0.9646302250803762,-3.5369774919614128,20230113,-0.3215434083601254,-3.5369774919614128,20230118,-0.8038585209003135,-3.5369774919614128
601222,601222.SH,林洋能源,新型电力,20230106,9.4,47.94664102392893,47.94664102392893,0.0,2.42,4.2999,16458.79,2.4896265560165993,momentum,BULL_TREND,63.75035237499349,100.0,100.0,40.0,39.931413187122345,0.0,0.0,63.8408816767991,0.0,3,3,E_ablate_sector_vr1.2,True,,20230109,9.45,20230111,-4.761904761904756,-4.973544973544963,20230113,-6.031746031746021,-7.195767195767189,20230118,-6.24338624338624,-7.195767195767189
002869,002869.SZ,金溢科技,通信设备,20230106,26.35,47.29010177541522,47.29010177541522,0.0,3.44,7.9939,8072.34,2.7675276752767526,momentum,BULL_TREND,89.12042824636866,100.0,80.7234,100.0,51.07768886523751,33.33333333333333,0.0,70.39833098745758,0.0,1,1,E_ablate_inflow_vr1.2,True,,20230109,26.68,20230111,-0.33733133433283546,-1.236881559220382,20230113,-2.7361319340329815,-7.683658170914542,20230118,-3.9730134932533634,-8.358320839580212
002869,002869.SZ,金溢科技,通信设备,20230106,26.35,56.39494867666947,56.39494867666947,0.0,3.44,7.9939,8072.34,2.7675276752767526,momentum,BULL_TREND,89.12042824636866,100.0,80.7234,100.0,51.07768886523751,33.33333333333333,0.0,70.39833098745758,0.0,1,1,E_ablate_wyckoff_vr1.2,True,,20230109,26.68,20230111,-0.33733133433283546,-1.236881559220382,20230113,-2.7361319340329815,-7.683658170914542,20230118,-3.9730134932533634,-8.358320839580212
601222,601222.SH,林洋能源,新型电力,20230106,9.4,49.548835493673494,49.548835493673494,0.0,2.42,4.2999,16458.79,2.4896265560165993,momentum,BULL_TREND,63.75035237499349,100.0,100.0,40.0,39.931413187122345,0.0,0.0,63.8408816767991,0.0,2,2,E_ablate_wyckoff_vr1.2,True,,20230109,9.45,20230111,-4.761904761904756,-4.973544973544963,20230113,-6.031746031746021,-7.195767195767189,20230118,-6.24338624338624,-7.195767195767189
600963,600963.SH,岳阳林纸,造纸,20230106,6.2,49.4736483995434,49.4736483995434,0.0,2.51,5.159,7534.01,2.053712480252763,momentum,BULL_TREND,66.38436820880236,100.0,75.3401,100.0,42.23986584111522,20.0,0.0,76.53424607808213,0.0,3,3,E_ablate_wyckoff_vr1.2,True,,20230109,6.22,20230111,-0.9646302250803762,-3.5369774919614128,20230113,-0.3215434083601254,-3.5369774919614128,20230118,-0.8038585209003135,-3.5369774919614128
002869,002869.SZ,金溢科技,通信设备,20230106,26.35,63.434781775415225,63.434781775415225,0.0,3.44,7.9939,8072.34,2.7675276752767526,momentum,BULL_TREND,89.12042824636866,100.0,80.7234,100.0,51.07768886523751,33.33333333333333,0.0,70.39833098745758,0.0,1,1,E_ablate_accel_vr1.2,True,,20230109,26.68,20230111,-0.33733133433283546,-1.236881559220382,20230113,-2.7361319340329815,-7.683658170914542,20230118,-3.9730134932533634,-8.358320839580212
600963,600963.SH,岳阳林纸,造纸,20230106,6.2,57.12707300735161,57.12707300735161,0.0,2.51,5.159,7534.01,2.053712480252763,momentum,BULL_TREND,66.38436820880236,100.0,75.3401,100.0,42.23986584111522,20.0,0.0,76.53424607808213,0.0,2,2,E_ablate_accel_vr1.2,True,,20230109,6.22,20230111,-0.9646302250803762,-3.5369774919614128,20230113,-0.3215434083601254,-3.5369774919614128,20230118,-0.8038585209003135,-3.5369774919614128
601222,601222.SH,林洋能源,新型电力,20230106,9.4,55.932923661353406,55.932923661353406,0.0,2.42,4.2999,16458.79,2.4896265560165993,momentum,BULL_TREND,63.75035237499349,100.0,100.0,40.0,39.931413187122345,0.0,0.0,63.8408816767991,0.0,3,3,E_ablate_accel_vr1.2,True,,20230109,9.45,20230111,-4.761904761904756,-4.973544973544963,20230113,-6.031746031746021,-7.195767195767189,20230118,-6.24338624338624,-7.195767195767189
600199,600199.SH,金种子酒,白酒,20230109,28.05,71.37745513472848,63.02459623464118,8.352858900087297,1.65,4.0942,18028.38,1.9916142557652001,momentum,BULL_TREND,36.12330122355455,100.0,100.0,65.0,83.52858900087296,30.0,0.0,61.503832509334,0.0,1,1,A_recovered_proxy_vr1.5,True,,20230110,28.01,20230112,-5.319528739735812,-5.569439485897898,20230116,-3.78436272759729,-6.426276329882185,20230119,-8.318457693680836,-8.425562299178878
600559,600559.SH,老白干酒,白酒,20230109,29.0,70.1071004739589,61.754241573871596,8.352858900087297,1.51,3.723,19029.02,0.8885850991114201,momentum,BULL_TREND,29.727427477517708,100.0,100.0,65.0,83.52858900087296,20.0,0.0,63.394096520693445,0.0,2,2,A_recovered_proxy_vr1.5,True,,20230110,29.0,20230112,-2.5862068965517238,-3.103448275862064,20230116,9.10344827586207,-3.103448275862064,20230119,5.413793103448272,-3.103448275862064
000799,000799.SZ,酒鬼酒,白酒,20230109,143.2,69.418078214493,61.065219314405695,8.352858900087297,1.56,3.4661,28947.38,2.0318806868714505,momentum,BULL_TREND,32.07730145437618,100.0,100.0,65.0,83.52858900087296,30.0,0.0,47.979062960746745,0.0,3,3,A_recovered_proxy_vr1.5,True,,20230110,142.94,20230112,1.0144116412480697,-0.6576185812228852,20230116,5.142017629774731,-0.6576185812228852,20230119,-0.741569889464111,-1.5880789142297513
600199,600199.SH,金种子酒,白酒,20230109,28.05,63.02459623464118,63.02459623464118,0.0,1.65,4.0942,18028.38,1.9916142557652001,momentum,BULL_TREND,36.12330122355455,100.0,100.0,65.0,83.52858900087296,30.0,0.0,61.503832509334,0.0,1,1,B_pure_quant_vr1.5,True,,20230110,28.01,20230112,-5.319528739735812,-5.569439485897898,20230116,-3.78436272759729,-6.426276329882185,20230119,-8.318457693680836,-8.425562299178878
600559,600559.SH,老白干酒,白酒,20230109,29.0,61.754241573871596,61.754241573871596,0.0,1.51,3.723,19029.02,0.8885850991114201,momentum,BULL_TREND,29.727427477517708,100.0,100.0,65.0,83.52858900087296,20.0,0.0,63.394096520693445,0.0,2,2,B_pure_quant_vr1.5,True,,20230110,29.0,20230112,-2.5862068965517238,-3.103448275862064,20230116,9.10344827586207,-3.103448275862064,20230119,5.413793103448272,-3.103448275862064
000799,000799.SZ,酒鬼酒,白酒,20230109,143.2,61.065219314405695,61.065219314405695,0.0,1.56,3.4661,28947.38,2.0318806868714505,momentum,BULL_TREND,32.07730145437618,100.0,100.0,65.0,83.52858900087296,30.0,0.0,47.979062960746745,0.0,3,3,B_pure_quant_vr1.5,True,,20230110,142.94,20230112,1.0144116412480697,-0.6576185812228852,20230116,5.142017629774731,-0.6576185812228852,20230119,-0.741569889464111,-1.5880789142297513
600199,600199.SH,金种子酒,白酒,20230109,28.05,71.37745513472848,63.02459623464118,8.352858900087297,1.65,4.0942,18028.38,1.9916142557652001,momentum,BULL_TREND,36.12330122355455,100.0,100.0,65.0,83.52858900087296,30.0,0.0,61.503832509334,0.0,1,1,A_recovered_proxy_vr1.2,True,,20230110,28.01,20230112,-5.319528739735812,-5.569439485897898,20230116,-3.78436272759729,-6.426276329882185,20230119,-8.318457693680836,-8.425562299178878
600559,600559.SH,老白干酒,白酒,20230109,29.0,70.1071004739589,61.754241573871596,8.352858900087297,1.51,3.723,19029.02,0.8885850991114201,momentum,BULL_TREND,29.727427477517708,100.0,100.0,65.0,83.52858900087296,20.0,0.0,63.394096520693445,0.0,2,2,A_recovered_proxy_vr1.2,True,,20230110,29.0,20230112,-2.5862068965517238,-3.103448275862064,20230116,9.10344827586207,-3.103448275862064,20230119,5.413793103448272,-3.103448275862064
000799,000799.SZ,酒鬼酒,白酒,20230109,143.2,69.418078214493,61.065219314405695,8.352858900087297,1.56,3.4661,28947.38,2.0318806868714505,momentum,BULL_TREND,32.07730145437618,100.0,100.0,65.0,83.52858900087296,30.0,0.0,47.979062960746745,0.0,3,3,A_recovered_proxy_vr1.2,True,,20230110,142.94,20230112,1.0144116412480697,-0.6576185812228852,20230116,5.142017629774731,-0.6576185812228852,20230119,-0.741569889464111,-1.5880789142297513
600199,600199.SH,金种子酒,白酒,20230109,28.05,63.02459623464118,63.02459623464118,0.0,1.65,4.0942,18028.38,1.9916142557652001,momentum,BULL_TREND,36.12330122355455,100.0,100.0,65.0,83.52858900087296,30.0,0.0,61.503832509334,0.0,1,1,D_pure_quant_vr1.2,True,,20230110,28.01,20230112,-5.319528739735812,-5.569439485897898,20230116,-3.78436272759729,-6.426276329882185,20230119,-8.318457693680836,-8.425562299178878
600559,600559.SH,老白干酒,白酒,20230109,29.0,61.754241573871596,61.754241573871596,0.0,1.51,3.723,19029.02,0.8885850991114201,momentum,BULL_TREND,29.727427477517708,100.0,100.0,65.0,83.52858900087296,20.0,0.0,63.394096520693445,0.0,2,2,D_pure_quant_vr1.2,True,,20230110,29.0,20230112,-2.5862068965517238,-3.103448275862064,20230116,9.10344827586207,-3.103448275862064,20230119,5.413793103448272,-3.103448275862064
000799,000799.SZ,酒鬼酒,白酒,20230109,143.2,61.065219314405695,61.065219314405695,0.0,1.56,3.4661,28947.38,2.0318806868714505,momentum,BULL_TREND,32.07730145437618,100.0,100.0,65.0,83.52858900087296,30.0,0.0,47.979062960746745,0.0,3,3,D_pure_quant_vr1.2,True,,20230110,142.94,20230112,1.0144116412480697,-0.6576185812228852,20230116,5.142017629774731,-0.6576185812228852,20230119,-0.741569889464111,-1.5880789142297513
600199,600199.SH,金种子酒,白酒,20230109,28.05,46.31887843446658,46.31887843446658,0.0,1.65,4.0942,18028.38,1.9916142557652001,momentum,BULL_TREND,36.12330122355455,100.0,100.0,65.0,83.52858900087296,30.0,0.0,61.503832509334,0.0,1,1,E_ablate_sector_vr1.2,True,,20230110,28.01,20230112,-5.319528739735812,-5.569439485897898,20230116,-3.78436272759729,-6.426276329882185,20230119,-8.318457693680836,-8.425562299178878
600559,600559.SH,老白干酒,白酒,20230109,29.0,45.048523773697,45.048523773697,0.0,1.51,3.723,19029.02,0.8885850991114201,momentum,BULL_TREND,29.727427477517708,100.0,100.0,65.0,83.52858900087296,20.0,0.0,63.394096520693445,0.0,2,2,E_ablate_sector_vr1.2,True,,20230110,29.0,20230112,-2.5862068965517238,-3.103448275862064,20230116,9.10344827586207,-3.103448275862064,20230119,5.413793103448272,-3.103448275862064
600199,600199.SH,金种子酒,白酒,20230109,28.05,56.87421298370778,56.87421298370778,0.0,1.65,4.0942,18028.38,1.9916142557652001,momentum,BULL_TREND,36.12330122355455,100.0,100.0,65.0,83.52858900087296,30.0,0.0,61.503832509334,0.0,1,1,E_ablate_wyckoff_vr1.2,True,,20230110,28.01,20230112,-5.319528739735812,-5.569439485897898,20230116,-3.78436272759729,-6.426276329882185,20230119,-8.318457693680836,-8.425562299178878
000799,000799.SZ,酒鬼酒,白酒,20230109,143.2,56.26731301833102,56.26731301833102,0.0,1.56,3.4661,28947.38,2.0318806868714505,momentum,BULL_TREND,32.07730145437618,100.0,100.0,65.0,83.52858900087296,30.0,0.0,47.979062960746745,0.0,2,2,E_ablate_wyckoff_vr1.2,True,,20230110,142.94,20230112,1.0144116412480697,-0.6576185812228852,20230116,5.142017629774731,-0.6576185812228852,20230119,-0.741569889464111,-1.5880789142297513
600559,600559.SH,老白干酒,白酒,20230109,29.0,55.41483192180225,55.41483192180225,0.0,1.51,3.723,19029.02,0.8885850991114201,momentum,BULL_TREND,29.727427477517708,100.0,100.0,65.0,83.52858900087296,20.0,0.0,63.394096520693445,0.0,3,3,E_ablate_wyckoff_vr1.2,True,,20230110,29.0,20230112,-2.5862068965517238,-3.103448275862064,20230116,9.10344827586207,-3.103448275862064,20230119,5.413793103448272,-3.103448275862064
600199,600199.SH,金种子酒,白酒,20230109,28.05,63.02459623464118,63.02459623464118,0.0,1.65,4.0942,18028.38,1.9916142557652001,momentum,BULL_TREND,36.12330122355455,100.0,100.0,65.0,83.52858900087296,30.0,0.0,61.503832509334,0.0,1,1,E_ablate_accel_vr1.2,True,,20230110,28.01,20230112,-5.319528739735812,-5.569439485897898,20230116,-3.78436272759729,-6.426276329882185,20230119,-8.318457693680836,-8.425562299178878
600559,600559.SH,老白干酒,白酒,20230109,29.0,61.754241573871596,61.754241573871596,0.0,1.51,3.723,19029.02,0.8885850991114201,momentum,BULL_TREND,29.727427477517708,100.0,100.0,65.0,83.52858900087296,20.0,0.0,63.394096520693445,0.0,2,2,E_ablate_accel_vr1.2,True,,20230110,29.0,20230112,-2.5862068965517238,-3.103448275862064,20230116,9.10344827586207,-3.103448275862064,20230119,5.413793103448272,-3.103448275862064
000799,000799.SZ,酒鬼酒,白酒,20230109,143.2,61.065219314405695,61.065219314405695,0.0,1.56,3.4661,28947.38,2.0318806868714505,momentum,BULL_TREND,32.07730145437618,100.0,100.0,65.0,83.52858900087296,30.0,0.0,47.979062960746745,0.0,3,3,E_ablate_accel_vr1.2,True,,20230110,142.94,20230112,1.0144116412480697,-0.6576185812228852,20230116,5.142017629774731,-0.6576185812228852,20230119,-0.741569889464111,-1.5880789142297513
000799,000799.SZ,酒鬼酒,白酒,20230110,149.56,78.1758989955458,68.79480936393212,9.38108963161368,2.0,5.1477,47612.01,1.682881935314227,momentum,BULL_TREND,50.0,100.0,100.0,100.0,93.81089631613679,30.0,0.0,60.32630100704762,0.0,1,1,A_recovered_proxy_vr1.5,True,,20230111,149.55,20230113,-1.9190906051487877,-3.711133400200606,20230117,-1.9391507856904133,-3.711133400200606,20230120,-6.920762286860594,-7.041123370110336
600702,600702.SH,舍得酒业,白酒,20230110,176.0,75.64856064617348,66.2674710145598,9.38108963161368,1.63,3.2453,39460.3,1.0402024177677787,momentum,BULL_TREND,35.24359822281764,100.0,100.0,80.0,93.81089631613679,33.33333333333333,0.0,65.52085351243136,0.0,2,2,A_recovered_proxy_vr1.5,True,,20230111,175.81,20230113,-0.09100733746658651,-2.9065468403390082,20230117,-1.643820032990173,-2.9065468403390082,20230120,-5.3182412832034505,-5.466128206586662
002292,002292.SZ,奥飞娱乐,影视音像,20230110,5.01,59.21950169981291,59.21950169981291,0.0,2.93,7.8996,6031.09,3.094777562862672,momentum,BULL_TREND,77.54503323237616,99.43133462282397,60.310900000000004,100.0,54.41567474206209,20.0,0.0,86.99298304261667,0.0,3,3,A_recovered_proxy_vr1.5,True,,20230111,5.01,20230113,-1.7964071856287345,-3.992015968063878,20230117,-3.1936127744511045,-3.992015968063878,20230120,-1.7964071856287345,-3.992015968063878
000799,000799.SZ,酒鬼酒,白酒,20230110,149.56,68.79480936393212,68.79480936393212,0.0,2.0,5.1477,47612.01,1.682881935314227,momentum,BULL_TREND,50.0,100.0,100.0,100.0,93.81089631613679,30.0,0.0,60.32630100704762,0.0,1,1,B_pure_quant_vr1.5,True,,20230111,149.55,20230113,-1.9190906051487877,-3.711133400200606,20230117,-1.9391507856904133,-3.711133400200606,20230120,-6.920762286860594,-7.041123370110336
600702,600702.SH,舍得酒业,白酒,20230110,176.0,66.2674710145598,66.2674710145598,0.0,1.63,3.2453,39460.3,1.0402024177677787,momentum,BULL_TREND,35.24359822281764,100.0,100.0,80.0,93.81089631613679,33.33333333333333,0.0,65.52085351243136,0.0,2,2,B_pure_quant_vr1.5,True,,20230111,175.81,20230113,-0.09100733746658651,-2.9065468403390082,20230117,-1.643820032990173,-2.9065468403390082,20230120,-5.3182412832034505,-5.466128206586662
002292,002292.SZ,奥飞娱乐,影视音像,20230110,5.01,59.21950169981291,59.21950169981291,0.0,2.93,7.8996,6031.09,3.094777562862672,momentum,BULL_TREND,77.54503323237616,99.43133462282397,60.310900000000004,100.0,54.41567474206209,20.0,0.0,86.99298304261667,0.0,3,3,B_pure_quant_vr1.5,True,,20230111,5.01,20230113,-1.7964071856287345,-3.992015968063878,20230117,-3.1936127744511045,-3.992015968063878,20230120,-1.7964071856287345,-3.992015968063878
000799,000799.SZ,酒鬼酒,白酒,20230110,149.56,78.1758989955458,68.79480936393212,9.38108963161368,2.0,5.1477,47612.01,1.682881935314227,momentum,BULL_TREND,50.0,100.0,100.0,100.0,93.81089631613679,30.0,0.0,60.32630100704762,0.0,1,1,A_recovered_proxy_vr1.2,True,,20230111,149.55,20230113,-1.9190906051487877,-3.711133400200606,20230117,-1.9391507856904133,-3.711133400200606,20230120,-6.920762286860594,-7.041123370110336
600702,600702.SH,舍得酒业,白酒,20230110,176.0,75.64856064617348,66.2674710145598,9.38108963161368,1.63,3.2453,39460.3,1.0402024177677787,momentum,BULL_TREND,35.24359822281764,100.0,100.0,80.0,93.81089631613679,33.33333333333333,0.0,65.52085351243136,0.0,2,2,A_recovered_proxy_vr1.2,True,,20230111,175.81,20230113,-0.09100733746658651,-2.9065468403390082,20230117,-1.643820032990173,-2.9065468403390082,20230120,-5.3182412832034505,-5.466128206586662
002292,002292.SZ,奥飞娱乐,影视音像,20230110,5.01,59.21950169981291,59.21950169981291,0.0,2.93,7.8996,6031.09,3.094777562862672,momentum,BULL_TREND,77.54503323237616,99.43133462282397,60.310900000000004,100.0,54.41567474206209,20.0,0.0,86.99298304261667,0.0,3,3,A_recovered_proxy_vr1.2,True,,20230111,5.01,20230113,-1.7964071856287345,-3.992015968063878,20230117,-3.1936127744511045,-3.992015968063878,20230120,-1.7964071856287345,-3.992015968063878
000799,000799.SZ,酒鬼酒,白酒,20230110,149.56,68.79480936393212,68.79480936393212,0.0,2.0,5.1477,47612.01,1.682881935314227,momentum,BULL_TREND,50.0,100.0,100.0,100.0,93.81089631613679,30.0,0.0,60.32630100704762,0.0,1,1,D_pure_quant_vr1.2,True,,20230111,149.55,20230113,-1.9190906051487877,-3.711133400200606,20230117,-1.9391507856904133,-3.711133400200606,20230120,-6.920762286860594,-7.041123370110336
600702,600702.SH,舍得酒业,白酒,20230110,176.0,66.2674710145598,66.2674710145598,0.0,1.63,3.2453,39460.3,1.0402024177677787,momentum,BULL_TREND,35.24359822281764,100.0,100.0,80.0,93.81089631613679,33.33333333333333,0.0,65.52085351243136,0.0,2,2,D_pure_quant_vr1.2,True,,20230111,175.81,20230113,-0.09100733746658651,-2.9065468403390082,20230117,-1.643820032990173,-2.9065468403390082,20230120,-5.3182412832034505,-5.466128206586662
002292,002292.SZ,奥飞娱乐,影视音像,20230110,5.01,59.21950169981291,59.21950169981291,0.0,2.93,7.8996,6031.09,3.094777562862672,momentum,BULL_TREND,77.54503323237616,99.43133462282397,60.310900000000004,100.0,54.41567474206209,20.0,0.0,86.99298304261667,0.0,3,3,D_pure_quant_vr1.2,True,,20230111,5.01,20230113,-1.7964071856287345,-3.992015968063878,20230117,-3.1936127744511045,-3.992015968063878,20230120,-1.7964071856287345,-3.992015968063878
000799,000799.SZ,酒鬼酒,白酒,20230110,149.56,50.032630100704765,50.032630100704765,0.0,2.0,5.1477,47612.01,1.682881935314227,momentum,BULL_TREND,50.0,100.0,100.0,100.0,93.81089631613679,30.0,0.0,60.32630100704762,0.0,1,1,E_ablate_sector_vr1.2,True,,20230111,149.55,20230113,-1.9190906051487877,-3.711133400200606,20230117,-1.9391507856904133,-3.711133400200606,20230120,-6.920762286860594,-7.041123370110336
002292,002292.SZ,奥飞娱乐,影视音像,20230110,5.01,48.33636675140049,48.33636675140049,0.0,2.93,7.8996,6031.09,3.094777562862672,momentum,BULL_TREND,77.54503323237616,99.43133462282397,60.310900000000004,100.0,54.41567474206209,20.0,0.0,86.99298304261667,0.0,2,2,E_ablate_sector_vr1.2,True,,20230111,5.01,20230113,-1.7964071856287345,-3.992015968063878,20230117,-3.1936127744511045,-3.992015968063878,20230120,-1.7964071856287345,-3.992015968063878
600702,600702.SH,舍得酒业,白酒,20230110,176.0,47.50529175133245,47.50529175133245,0.0,1.63,3.2453,39460.3,1.0402024177677787,momentum,BULL_TREND,35.24359822281764,100.0,100.0,80.0,93.81089631613679,33.33333333333333,0.0,65.52085351243136,0.0,3,3,E_ablate_sector_vr1.2,True,,20230111,175.81,20230113,-0.09100733746658651,-2.9065468403390082,20230117,-1.643820032990173,-2.9065468403390082,20230120,-5.3182412832034505,-5.466128206586662
000799,000799.SZ,酒鬼酒,白酒,20230110,149.56,48.794809363932124,48.794809363932124,0.0,2.0,5.1477,47612.01,1.682881935314227,momentum,BULL_TREND,50.0,100.0,100.0,100.0,93.81089631613679,30.0,0.0,60.32630100704762,0.0,1,1,E_ablate_inflow_vr1.2,True,,20230111,149.55,20230113,-1.9190906051487877,-3.711133400200606,20230117,-1.9391507856904133,-3.711133400200606,20230120,-6.920762286860594,-7.041123370110336
002292,002292.SZ,奥飞娱乐,影视音像,20230110,5.01,47.157321699812904,47.157321699812904,0.0,2.93,7.8996,6031.09,3.094777562862672,momentum,BULL_TREND,77.54503323237616,99.43133462282397,60.310900000000004,100.0,54.41567474206209,20.0,0.0,86.99298304261667,0.0,2,2,E_ablate_inflow_vr1.2,True,,20230111,5.01,20230113,-1.7964071856287345,-3.992015968063878,20230117,-3.1936127744511045,-3.992015968063878,20230120,-1.7964071856287345,-3.992015968063878
600702,600702.SH,舍得酒业,白酒,20230110,176.0,46.26747101455981,46.26747101455981,0.0,1.63,3.2453,39460.3,1.0402024177677787,momentum,BULL_TREND,35.24359822281764,100.0,100.0,80.0,93.81089631613679,33.33333333333333,0.0,65.52085351243136,0.0,3,3,E_ablate_inflow_vr1.2,True,,20230111,175.81,20230113,-0.09100733746658651,-2.9065468403390082,20230117,-1.643820032990173,-2.9065468403390082,20230120,-5.3182412832034505,-5.466128206586662
000799,000799.SZ,酒鬼酒,白酒,20230110,149.56,62.76217926322736,62.76217926322736,0.0,2.0,5.1477,47612.01,1.682881935314227,momentum,BULL_TREND,50.0,100.0,100.0,100.0,93.81089631613679,30.0,0.0,60.32630100704762,0.0,1,1,E_ablate_wyckoff_vr1.2,True,,20230111,149.55,20230113,-1.9190906051487877,-3.711133400200606,20230117,-1.9391507856904133,-3.711133400200606,20230120,-6.920762286860594,-7.041123370110336
600702,600702.SH,舍得酒业,白酒,20230110,176.0,59.715385663316674,59.715385663316674,0.0,1.63,3.2453,39460.3,1.0402024177677787,momentum,BULL_TREND,35.24359822281764,100.0,100.0,80.0,93.81089631613679,33.33333333333333,0.0,65.52085351243136,0.0,2,2,E_ablate_wyckoff_vr1.2,True,,20230111,175.81,20230113,-0.09100733746658651,-2.9065468403390082,20230117,-1.643820032990173,-2.9065468403390082,20230120,-5.3182412832034505,-5.466128206586662
002292,002292.SZ,奥飞娱乐,影视音像,20230110,5.01,50.52020339555124,50.52020339555124,0.0,2.93,7.8996,6031.09,3.094777562862672,momentum,BULL_TREND,77.54503323237616,99.43133462282397,60.310900000000004,100.0,54.41567474206209,20.0,0.0,86.99298304261667,0.0,3,3,E_ablate_wyckoff_vr1.2,True,,20230111,5.01,20230113,-1.7964071856287345,-3.992015968063878,20230117,-3.1936127744511045,-3.992015968063878,20230120,-1.7964071856287345,-3.992015968063878
000799,000799.SZ,酒鬼酒,白酒,20230110,149.56,68.79480936393212,68.79480936393212,0.0,2.0,5.1477,47612.01,1.682881935314227,momentum,BULL_TREND,50.0,100.0,100.0,100.0,93.81089631613679,30.0,0.0,60.32630100704762,0.0,1,1,E_ablate_accel_vr1.2,True,,20230111,149.55,20230113,-1.9190906051487877,-3.711133400200606,20230117,-1.9391507856904133,-3.711133400200606,20230120,-6.920762286860594,-7.041123370110336
600702,600702.SH,舍得酒业,白酒,20230110,176.0,66.2674710145598,66.2674710145598,0.0,1.63,3.2453,39460.3,1.0402024177677787,momentum,BULL_TREND,35.24359822281764,100.0,100.0,80.0,93.81089631613679,33.33333333333333,0.0,65.52085351243136,0.0,2,2,E_ablate_accel_vr1.2,True,,20230111,175.81,20230113,-0.09100733746658651,-2.9065468403390082,20230117,-1.643820032990173,-2.9065468403390082,20230120,-5.3182412832034505,-5.466128206586662
002292,002292.SZ,奥飞娱乐,影视音像,20230110,5.01,59.21950169981291,59.21950169981291,0.0,2.93,7.8996,6031.09,3.094777562862672,momentum,BULL_TREND,77.54503323237616,99.43133462282397,60.310900000000004,100.0,54.41567474206209,20.0,0.0,86.99298304261667,0.0,3,3,E_ablate_accel_vr1.2,True,,20230111,5.01,20230113,-1.7964071856287345,-3.992015968063878,20230117,-3.1936127744511045,-3.992015968063878,20230120,-1.7964071856287345,-3.992015968063878
002868,002868.SZ,绿康生化,农业综合,20230111,60.56,65.06283764017061,57.54346744248926,7.519370197681352,1.58,3.9558,9922.06,3.84248967926325,momentum,BULL_TREND,32.99622792011891,94.9450619244205,99.22059999999999,80.0,75.19370197681351,63.33333333333333,0.0,10.5,0.0,1,1,A_recovered_proxy_vr1.5,True,,20230112,61.0,20230116,-7.262295081967207,-8.508196721311467,20230118,-8.000000000000007,-9.57377049180328,20230130,0.04918032786884741,-11.475409836065575
002840,002840.SZ,华统股份,食品,20230111,17.28,53.81443506665475,53.81443506665475,0.0,1.77,4.4894,8890.39,4.898183819482666,momentum,BULL_TREND,41.187468015413636,88.610897083104,88.9039,80.0,42.64827440951525,33.33333333333333,0.0,67.98123607462593,0.0,2,2,A_recovered_proxy_vr1.5,True,,20230112,17.26,20230116,3.7079953650057673,-2.2595596755504044,20230118,1.3325608342989348,-2.2595596755504044,20230130,1.39049826187716,-2.2595596755504044
002645,002645.SZ,华宏科技,专用机械,20230111,18.7,45.779739988163136,45.779739988163136,0.0,1.91,3.4885,4066.92,0.47897817988291574,momentum,BULL_TREND,46.67863191305119,100.0,40.669200000000004,80.0,51.71285570828485,33.33333333333333,0.0,46.34867392881822,0.0,3,3,A_recovered_proxy_vr1.5,True,,20230112,18.58,20230116,-3.1216361679224924,-4.251883745963392,20230118,-6.350914962325083,-7.319698600645852,20230130,1.3455328310010728,-7.481162540365971
002868,002868.SZ,绿康生化,农业综合,20230111,60.56,57.54346744248926,57.54346744248926,0.0,1.58,3.9558,9922.06,3.84248967926325,momentum,BULL_TREND,32.99622792011891,94.9450619244205,99.22059999999999,80.0,75.19370197681351,63.33333333333333,0.0,10.5,0.0,1,1,B_pure_quant_vr1.5,True,,20230112,61.0,20230116,-7.262295081967207,-8.508196721311467,20230118,-8.000000000000007,-9.57377049180328,20230130,0.04918032786884741,-11.475409836065575
002840,002840.SZ,华统股份,食品,20230111,17.28,53.81443506665475,53.81443506665475,0.0,1.77,4.4894,8890.39,4.898183819482666,momentum,BULL_TREND,41.187468015413636,88.610897083104,88.9039,80.0,42.64827440951525,33.33333333333333,0.0,67.98123607462593,0.0,2,2,B_pure_quant_vr1.5,True,,20230112,17.26,20230116,3.7079953650057673,-2.2595596755504044,20230118,1.3325608342989348,-2.2595596755504044,20230130,1.39049826187716,-2.2595596755504044
002645,002645.SZ,华宏科技,专用机械,20230111,18.7,45.779739988163136,45.779739988163136,0.0,1.91,3.4885,4066.92,0.47897817988291574,momentum,BULL_TREND,46.67863191305119,100.0,40.669200000000004,80.0,51.71285570828485,33.33333333333333,0.0,46.34867392881822,0.0,3,3,B_pure_quant_vr1.5,True,,20230112,18.58,20230116,-3.1216361679224924,-4.251883745963392,20230118,-6.350914962325083,-7.319698600645852,20230130,1.3455328310010728,-7.481162540365971
002868,002868.SZ,绿康生化,农业综合,20230111,60.56,61.49644464489346,54.91587211230449,6.580572532588969,1.58,3.9558,9922.06,3.84248967926325,momentum,BULL_TREND,32.99622792011891,94.9450619244205,99.22059999999999,65.0,65.80572532588968,63.33333333333333,0.0,10.5,0.0,1,1,A_recovered_proxy_vr1.2,True,,20230112,61.0,20230116,-7.262295081967207,-8.508196721311467,20230118,-8.000000000000007,-9.57377049180328,20230130,0.04918032786884741,-11.475409836065575
002840,002840.SZ,华统股份,食品,20230111,17.28,53.545107817466615,53.545107817466615,0.0,1.77,4.4894,8890.39,4.898183819482666,momentum,BULL_TREND,41.187468015413636,88.610897083104,88.9039,80.0,41.30163816357456,33.33333333333333,0.0,67.98123607462593,0.0,2,2,A_recovered_proxy_vr1.2,True,,20230112,17.26,20230116,3.7079953650057673,-2.2595596755504044,20230118,1.3325608342989348,-2.2595596755504044,20230130,1.39049826187716,-2.2595596755504044
600477,600477.SH,杭萧钢构,钢加工,20230111,4.98,51.08605219363767,51.08605219363767,0.0,1.42,8.4581,12310.25,2.9239766081871243,momentum,BULL_TREND,25.294546486497865,100.0,100.0,60.0,50.030680219882285,0.0,0.0,42.85734176686533,0.0,3,3,A_recovered_proxy_vr1.2,True,,20230112,5.02,20230116,-2.390438247011939,-3.1872509960159223,20230118,7.171314741035872,-3.1872509960159223,20230130,14.54183266932272,-3.1872509960159223
002868,002868.SZ,绿康生化,农业综合,20230111,60.56,54.91587211230449,54.91587211230449,0.0,1.58,3.9558,9922.06,3.84248967926325,momentum,BULL_TREND,32.99622792011891,94.9450619244205,99.22059999999999,65.0,65.80572532588968,63.33333333333333,0.0,10.5,0.0,1,1,D_pure_quant_vr1.2,True,,20230112,61.0,20230116,-7.262295081967207,-8.508196721311467,20230118,-8.000000000000007,-9.57377049180328,20230130,0.04918032786884741,-11.475409836065575
002840,002840.SZ,华统股份,食品,20230111,17.28,53.545107817466615,53.545107817466615,0.0,1.77,4.4894,8890.39,4.898183819482666,momentum,BULL_TREND,41.187468015413636,88.610897083104,88.9039,80.0,41.30163816357456,33.33333333333333,0.0,67.98123607462593,0.0,2,2,D_pure_quant_vr1.2,True,,20230112,17.26,20230116,3.7079953650057673,-2.2595596755504044,20230118,1.3325608342989348,-2.2595596755504044,20230130,1.39049826187716,-2.2595596755504044
600477,600477.SH,杭萧钢构,钢加工,20230111,4.98,51.08605219363767,51.08605219363767,0.0,1.42,8.4581,12310.25,2.9239766081871243,momentum,BULL_TREND,25.294546486497865,100.0,100.0,60.0,50.030680219882285,0.0,0.0,42.85734176686533,0.0,3,3,D_pure_quant_vr1.2,True,,20230112,5.02,20230116,-2.390438247011939,-3.1872509960159223,20230118,7.171314741035872,-3.1872509960159223,20230130,14.54183266932272,-3.1872509960159223
002840,002840.SZ,华统股份,食品,20230111,17.28,45.2847801847517,45.2847801847517,0.0,1.77,4.4894,8890.39,4.898183819482666,momentum,BULL_TREND,41.187468015413636,88.610897083104,88.9039,80.0,41.30163816357456,33.33333333333333,0.0,67.98123607462593,0.0,1,1,E_ablate_sector_vr1.2,True,,20230112,17.26,20230116,3.7079953650057673,-2.2595596755504044,20230118,1.3325608342989348,-2.2595596755504044,20230130,1.39049826187716,-2.2595596755504044
002868,002868.SZ,绿康生化,农业综合,20230111,60.56,53.865872112304494,53.865872112304494,0.0,1.58,3.9558,9922.06,3.84248967926325,momentum,BULL_TREND,32.99622792011891,94.9450619244205,99.22059999999999,65.0,65.80572532588968,63.33333333333333,0.0,10.5,0.0,1,1,E_ablate_wyckoff_vr1.2,True,,20230112,61.0,20230116,-7.262295081967207,-8.508196721311467,20230118,-8.000000000000007,-9.57377049180328,20230130,0.04918032786884741,-11.475409836065575
600477,600477.SH,杭萧钢构,钢加工,20230111,4.98,46.80031801695114,46.80031801695114,0.0,1.42,8.4581,12310.25,2.9239766081871243,momentum,BULL_TREND,25.294546486497865,100.0,100.0,60.0,50.030680219882285,0.0,0.0,42.85734176686533,0.0,2,2,E_ablate_wyckoff_vr1.2,True,,20230112,5.02,20230116,-2.390438247011939,-3.1872509960159223,20230118,7.171314741035872,-3.1872509960159223,20230130,14.54183266932272,-3.1872509960159223
002840,002840.SZ,华统股份,食品,20230111,17.28,46.74698421000402,46.74698421000402,0.0,1.77,4.4894,8890.39,4.898183819482666,momentum,BULL_TREND,41.187468015413636,88.610897083104,88.9039,80.0,41.30163816357456,33.33333333333333,0.0,67.98123607462593,0.0,3,3,E_ablate_wyckoff_vr1.2,True,,20230112,17.26,20230116,3.7079953650057673,-2.2595596755504044,20230118,1.3325608342989348,-2.2595596755504044,20230130,1.39049826187716,-2.2595596755504044
002868,002868.SZ,绿康生化,农业综合,20230111,60.56,54.91587211230449,54.91587211230449,0.0,1.58,3.9558,9922.06,3.84248967926325,momentum,BULL_TREND,32.99622792011891,94.9450619244205,99.22059999999999,65.0,65.80572532588968,63.33333333333333,0.0,10.5,0.0,1,1,E_ablate_accel_vr1.2,True,,20230112,61.0,20230116,-7.262295081967207,-8.508196721311467,20230118,-8.000000000000007,-9.57377049180328,20230130,0.04918032786884741,-11.475409836065575
002840,002840.SZ,华统股份,食品,20230111,17.28,53.545107817466615,53.545107817466615,0.0,1.77,4.4894,8890.39,4.898183819482666,momentum,BULL_TREND,41.187468015413636,88.610897083104,88.9039,80.0,41.30163816357456,33.33333333333333,0.0,67.98123607462593,0.0,2,2,E_ablate_accel_vr1.2,True,,20230112,17.26,20230116,3.7079953650057673,-2.2595596755504044,20230118,1.3325608342989348,-2.2595596755504044,20230130,1.39049826187716,-2.2595596755504044
600477,600477.SH,杭萧钢构,钢加工,20230111,4.98,51.08605219363767,51.08605219363767,0.0,1.42,8.4581,12310.25,2.9239766081871243,momentum,BULL_TREND,25.294546486497865,100.0,100.0,60.0,50.030680219882285,0.0,0.0,42.85734176686533,0.0,3,3,E_ablate_accel_vr1.2,True,,20230112,5.02,20230116,-2.390438247011939,-3.1872509960159223,20230118,7.171314741035872,-3.1872509960159223,20230130,14.54183266932272,-3.1872509960159223
002162,002162.SZ,悦心健康,陶瓷,20230112,4.88,60.27602422860874,54.0237632786341,6.252260949974643,2.51,8.6613,7188.67,9.461966604823745,weak_momentum,BULL_TREND,66.38436820880236,100.0,71.8867,60.0,62.52260949974642,33.33333333333333,0.0,33.87629303790078,0.0,1,1,A_recovered_proxy_vr1.5,True,,20230113,4.85,20230117,-0.20618556701030855,-2.0618556701030855,20230119,5.567010309278353,-2.0618556701030855,20230131,4.948453608247427,-2.0618556701030855
002647,002647.SZ,仁东控股,多元金融,20230112,7.18,58.90569332398826,58.90569332398826,0.0,3.13,8.7797,4213.68,4.266666666666671,weak_momentum,BULL_TREND,82.30813285789468,100.0,42.1368,60.0,60.33566733401458,33.33333333333333,0.0,88.38555085690138,0.0,2,2,A_recovered_proxy_vr1.5,True,,20230113,7.14,20230117,-0.9803921568627416,-2.1008403361344463,20230119,-0.7002801120448154,-2.1008403361344463,20230131,0.7002801120448376,-2.1008403361344463
603229,603229.SH,奥翔药业,化学制药,20230112,27.32,51.61914751126242,51.61914751126242,0.0,2.16,4.3777,5075.34,11.814073595868301,weak_momentum,BULL_TREND,55.55156561943719,100.0,50.7534,80.0,46.73585156425121,33.33333333333333,0.0,63.158375113616614,0.0,3,3,A_recovered_proxy_vr1.5,True,,20230113,27.62,20230117,-1.8464880521361415,-1.8826937002172306,20230119,3.72918175235335,-1.8826937002172306,20230131,-1.1947863866763275,-1.8826937002172306
002647,002647.SZ,仁东控股,多元金融,20230112,7.18,58.90569332398826,58.90569332398826,0.0,3.13,8.7797,4213.68,4.266666666666671,weak_momentum,BULL_TREND,82.30813285789468,100.0,42.1368,60.0,60.33566733401458,33.33333333333333,0.0,88.38555085690138,0.0,1,1,B_pure_quant_vr1.5,True,,20230113,7.14,20230117,-0.9803921568627416,-2.1008403361344463,20230119,-0.7002801120448154,-2.1008403361344463,20230131,0.7002801120448376,-2.1008403361344463
002162,002162.SZ,悦心健康,陶瓷,20230112,4.88,54.0237632786341,54.0237632786341,0.0,2.51,8.6613,7188.67,9.461966604823745,weak_momentum,BULL_TREND,66.38436820880236,100.0,71.8867,60.0,62.52260949974642,33.33333333333333,0.0,33.87629303790078,0.0,2,2,B_pure_quant_vr1.5,True,,20230113,4.85,20230117,-0.20618556701030855,-2.0618556701030855,20230119,5.567010309278353,-2.0618556701030855,20230131,4.948453608247427,-2.0618556701030855
603229,603229.SH,奥翔药业,化学制药,20230112,27.32,51.61914751126242,51.61914751126242,0.0,2.16,4.3777,5075.34,11.814073595868301,weak_momentum,BULL_TREND,55.55156561943719,100.0,50.7534,80.0,46.73585156425121,33.33333333333333,0.0,63.158375113616614,0.0,3,3,B_pure_quant_vr1.5,True,,20230113,27.62,20230117,-1.8464880521361415,-1.8826937002172306,20230119,3.72918175235335,-1.8826937002172306,20230131,-1.1947863866763275,-1.8826937002172306
600536,600536.SH,中国软件,软件服务,20230112,61.3,61.78215316848062,54.27005949564736,7.5120936728332595,1.41,3.6764,24271.19,4.4576059850374055,weak_momentum,BULL_TREND,24.78475813120344,100.0,100.0,80.0,75.1209367283326,33.33333333333333,0.0,24.11692400033523,0.0,1,1,A_recovered_proxy_vr1.2,True,,20230113,61.38,20230117,2.1994134897360684,-3.8449006190941715,20230119,17.855979146301728,-3.8449006190941715,20230131,22.662104920169448,-3.8449006190941715
002647,002647.SZ,仁东控股,多元金融,20230112,7.18,57.72950560857269,57.72950560857269,0.0,3.13,8.7797,4213.68,4.266666666666671,weak_momentum,BULL_TREND,82.30813285789468,100.0,42.1368,60.0,52.49441589791078,33.33333333333333,0.0,88.38555085690138,0.0,2,2,A_recovered_proxy_vr1.2,True,,20230113,7.14,20230117,-0.9803921568627416,-2.1008403361344463,20230119,-0.7002801120448154,-2.1008403361344463,20230131,0.7002801120448376,-2.1008403361344463
600446,600446.SH,金证股份,软件服务,20230112,12.6,56.36013079049436,48.8480371176611,7.5120936728332595,1.22,7.0127,6585.16,6.249999999999999,weak_momentum,BULL_TREND,14.344057389408077,100.0,65.8516,100.0,75.1209367283326,10.0,0.0,40.5,0.0,3,3,A_recovered_proxy_vr1.2,True,,20230113,12.5,20230117,1.9200000000000106,-1.760000000000006,20230119,3.760000000000008,-1.760000000000006,20230131,6.479999999999997,-1.760000000000006
002647,002647.SZ,仁东控股,多元金融,20230112,7.18,57.72950560857269,57.72950560857269,0.0,3.13,8.7797,4213.68,4.266666666666671,weak_momentum,BULL_TREND,82.30813285789468,100.0,42.1368,60.0,52.49441589791078,33.33333333333333,0.0,88.38555085690138,0.0,1,1,D_pure_quant_vr1.2,True,,20230113,7.14,20230117,-0.9803921568627416,-2.1008403361344463,20230119,-0.7002801120448154,-2.1008403361344463,20230131,0.7002801120448376,-2.1008403361344463
600536,600536.SH,中国软件,软件服务,20230112,61.3,54.27005949564736,54.27005949564736,0.0,1.41,3.6764,24271.19,4.4576059850374055,weak_momentum,BULL_TREND,24.78475813120344,100.0,100.0,80.0,75.1209367283326,33.33333333333333,0.0,24.11692400033523,0.0,2,2,D_pure_quant_vr1.2,True,,20230113,61.38,20230117,2.1994134897360684,-3.8449006190941715,20230119,17.855979146301728,-3.8449006190941715,20230131,22.662104920169448,-3.8449006190941715
002162,002162.SZ,悦心健康,陶瓷,20230112,4.88,52.542523270750465,52.542523270750465,0.0,2.51,8.6613,7188.67,9.461966604823745,weak_momentum,BULL_TREND,66.38436820880236,100.0,71.8867,60.0,52.64767611385554,33.33333333333333,0.0,33.87629303790078,0.0,3,3,D_pure_quant_vr1.2,True,,20230113,4.85,20230117,-0.20618556701030855,-2.0618556701030855,20230119,5.567010309278353,-2.0618556701030855,20230131,4.948453608247427,-2.0618556701030855
002647,002647.SZ,仁东控股,多元金融,20230112,7.18,49.855343223886074,49.855343223886074,0.0,3.13,8.7797,4213.68,4.266666666666671,weak_momentum,BULL_TREND,82.30813285789468,100.0,42.1368,60.0,52.49441589791078,33.33333333333333,0.0,88.38555085690138,0.0,1,1,E_ablate_sector_vr1.2,True,,20230113,7.14,20230117,-0.9803921568627416,-2.1008403361344463,20230119,-0.7002801120448154,-2.1008403361344463,20230131,0.7002801120448376,-2.1008403361344463
002647,002647.SZ,仁东控股,多元金融,20230112,7.18,50.96443234836198,50.96443234836198,0.0,3.13,8.7797,4213.68,4.266666666666671,weak_momentum,BULL_TREND,82.30813285789468,100.0,42.1368,60.0,57.95808749650603,33.33333333333333,0.0,88.38555085690138,0.0,1,1,E_ablate_inflow_vr1.2,True,,20230113,7.14,20230117,-0.9803921568627416,-2.1008403361344463,20230119,-0.7002801120448154,-2.1008403361344463,20230131,0.7002801120448376,-2.1008403361344463
600536,600536.SH,中国软件,软件服务,20230112,61.3,50.65252089559707,50.65252089559707,0.0,1.41,3.6764,24271.19,4.4576059850374055,weak_momentum,BULL_TREND,24.78475813120344,100.0,100.0,80.0,75.1209367283326,33.33333333333333,0.0,24.11692400033523,0.0,1,1,E_ablate_wyckoff_vr1.2,True,,20230113,61.38,20230117,2.1994134897360684,-3.8449006190941715,20230119,17.855979146301728,-3.8449006190941715,20230131,22.662104920169448,-3.8449006190941715
002162,002162.SZ,悦心健康,陶瓷,20230112,4.88,47.46107931506535,47.46107931506535,0.0,2.51,8.6613,7188.67,9.461966604823745,weak_momentum,BULL_TREND,66.38436820880236,100.0,71.8867,60.0,52.64767611385554,33.33333333333333,0.0,33.87629303790078,0.0,2,2,E_ablate_wyckoff_vr1.2,True,,20230113,4.85,20230117,-0.20618556701030855,-2.0618556701030855,20230119,5.567010309278353,-2.0618556701030855,20230131,4.948453608247427,-2.0618556701030855
002647,002647.SZ,仁东控股,多元金融,20230112,7.18,57.72950560857269,57.72950560857269,0.0,3.13,8.7797,4213.68,4.266666666666671,weak_momentum,BULL_TREND,82.30813285789468,100.0,42.1368,60.0,52.49441589791078,33.33333333333333,0.0,88.38555085690138,0.0,1,1,E_ablate_accel_vr1.2,True,,20230113,7.14,20230117,-0.9803921568627416,-2.1008403361344463,20230119,-0.7002801120448154,-2.1008403361344463,20230131,0.7002801120448376,-2.1008403361344463
600536,600536.SH,中国软件,软件服务,20230112,61.3,54.27005949564736,54.27005949564736,0.0,1.41,3.6764,24271.19,4.4576059850374055,weak_momentum,BULL_TREND,24.78475813120344,100.0,100.0,80.0,75.1209367283326,33.33333333333333,0.0,24.11692400033523,0.0,2,2,E_ablate_accel_vr1.2,True,,20230113,61.38,20230117,2.1994134897360684,-3.8449006190941715,20230119,17.855979146301728,-3.8449006190941715,20230131,22.662104920169448,-3.8449006190941715
002162,002162.SZ,悦心健康,陶瓷,20230112,4.88,52.542523270750465,52.542523270750465,0.0,2.51,8.6613,7188.67,9.461966604823745,weak_momentum,BULL_TREND,66.38436820880236,100.0,71.8867,60.0,52.64767611385554,33.33333333333333,0.0,33.87629303790078,0.0,3,3,E_ablate_accel_vr1.2,True,,20230113,4.85,20230117,-0.20618556701030855,-2.0618556701030855,20230119,5.567010309278353,-2.0618556701030855,20230131,4.948453608247427,-2.0618556701030855
600335,600335.SH,国机汽车,汽车服务,20230113,9.08,70.02700029759012,63.88905899073128,6.137941306858846,2.76,3.8618,9250.7,3.094983991462104,momentum,BULL_TREND,73.23341335017221,99.43009605122738,92.507,80.0,61.37941306858846,0.0,0.0,81.83754769365017,0.0,1,1,A_recovered_proxy_vr1.5,True,,20230116,9.09,20230118,-4.07040704070406,-4.730473047304729,20230120,6.270627062706269,-5.390539053905396,20230201,3.8503850385038563,-5.390539053905396
600831,600831.SH,广电网络,影视音像,20230113,6.27,64.98957030281957,57.541592298644595,7.447978004174975,2.52,8.0245,5314.28,1.1041009463722444,momentum,BULL_TREND,66.67118668625959,100.0,53.142799999999994,60.0,74.47978004174975,33.33333333333333,0.0,73.49731620689037,0.0,2,2,A_recovered_proxy_vr1.5,True,,20230116,6.18,20230118,-3.2362459546925404,-4.854368932038833,20230120,-4.045307443365697,-4.854368932038833,20230201,0.0,-4.854368932038833
002785,002785.SZ,万里石,其他建材,20230113,32.34,46.02904305549779,46.02904305549779,0.0,1.52,4.4705,5152.35,1.9999999999999896,momentum,BULL_TREND,30.203566183443044,100.0,51.523500000000006,80.0,45.05929019526011,30.0,0.0,66.81950088929304,0.0,3,3,A_recovered_proxy_vr1.5,True,,20230116,32.14,20230118,-5.880522713130054,-6.969508400746738,20230120,-5.040448039825762,-7.560672059738637,20230201,-1.3690105787181106,-8.58742999377723
600335,600335.SH,国机汽车,汽车服务,20230113,9.08,63.88905899073128,63.88905899073128,0.0,2.76,3.8618,9250.7,3.094983991462104,momentum,BULL_TREND,73.23341335017221,99.43009605122738,92.507,80.0,61.37941306858846,0.0,0.0,81.83754769365017,0.0,1,1,B_pure_quant_vr1.5,True,,20230116,9.09,20230118,-4.07040704070406,-4.730473047304729,20230120,6.270627062706269,-5.390539053905396,20230201,3.8503850385038563,-5.390539053905396
600831,600831.SH,广电网络,影视音像,20230113,6.27,57.541592298644595,57.541592298644595,0.0,2.52,8.0245,5314.28,1.1041009463722444,momentum,BULL_TREND,66.67118668625959,100.0,53.142799999999994,60.0,74.47978004174975,33.33333333333333,0.0,73.49731620689037,0.0,2,2,B_pure_quant_vr1.5,True,,20230116,6.18,20230118,-3.2362459546925404,-4.854368932038833,20230120,-4.045307443365697,-4.854368932038833,20230201,0.0,-4.854368932038833
002785,002785.SZ,万里石,其他建材,20230113,32.34,46.02904305549779,46.02904305549779,0.0,1.52,4.4705,5152.35,1.9999999999999896,momentum,BULL_TREND,30.203566183443044,100.0,51.523500000000006,80.0,45.05929019526011,30.0,0.0,66.81950088929304,0.0,3,3,B_pure_quant_vr1.5,True,,20230116,32.14,20230118,-5.880522713130054,-6.969508400746738,20230120,-5.040448039825762,-7.560672059738637,20230201,-1.3690105787181106,-8.58742999377723
600831,600831.SH,广电网络,影视音像,20230113,6.27,70.27709845517707,61.14994440021626,9.127154054960808,2.52,8.0245,5314.28,1.1041009463722444,momentum,BULL_TREND,66.67118668625959,100.0,53.142799999999994,65.0,91.27154054960808,33.33333333333333,0.0,73.49731620689037,0.0,1,1,A_recovered_proxy_vr1.2,True,,20230116,6.18,20230118,-3.2362459546925404,-4.854368932038833,20230120,-4.045307443365697,-4.854368932038833,20230201,0.0,-4.854368932038833
600335,600335.SH,国机汽车,汽车服务,20230113,9.08,62.56533408060956,62.56533408060956,0.0,2.76,3.8618,9250.7,3.094983991462104,momentum,BULL_TREND,73.23341335017221,99.43009605122738,92.507,80.0,54.76078851797984,0.0,0.0,81.83754769365017,0.0,2,2,A_recovered_proxy_vr1.2,True,,20230116,9.09,20230118,-4.07040704070406,-4.730473047304729,20230120,6.270627062706269,-5.390539053905396,20230201,3.8503850385038563,-5.390539053905396
603477,603477.SH,巨星农牧,农业综合,20230113,24.87,54.864327632442695,54.864327632442695,0.0,1.33,5.0438,13845.39,3.1542056074766305,momentum,BULL_TREND,20.57131228632325,99.07476635514021,100.0,100.0,56.16390787464646,10.0,0.0,51.383725790508926,0.0,3,3,A_recovered_proxy_vr1.2,True,,20230116,25.0,20230118,3.1200000000000117,-0.7600000000000051,20230120,1.519999999999988,-0.7600000000000051,20230201,6.400000000000006,-0.7600000000000051
600335,600335.SH,国机汽车,汽车服务,20230113,9.08,62.56533408060956,62.56533408060956,0.0,2.76,3.8618,9250.7,3.094983991462104,momentum,BULL_TREND,73.23341335017221,99.43009605122738,92.507,80.0,54.76078851797984,0.0,0.0,81.83754769365017,0.0,1,1,D_pure_quant_vr1.2,True,,20230116,9.09,20230118,-4.07040704070406,-4.730473047304729,20230120,6.270627062706269,-5.390539053905396,20230201,3.8503850385038563,-5.390539053905396
600831,600831.SH,广电网络,影视音像,20230113,6.27,61.14994440021626,61.14994440021626,0.0,2.52,8.0245,5314.28,1.1041009463722444,momentum,BULL_TREND,66.67118668625959,100.0,53.142799999999994,65.0,91.27154054960808,33.33333333333333,0.0,73.49731620689037,0.0,2,2,D_pure_quant_vr1.2,True,,20230116,6.18,20230118,-3.2362459546925404,-4.854368932038833,20230120,-4.045307443365697,-4.854368932038833,20230201,0.0,-4.854368932038833
603477,603477.SH,巨星农牧,农业综合,20230113,24.87,54.864327632442695,54.864327632442695,0.0,1.33,5.0438,13845.39,3.1542056074766305,momentum,BULL_TREND,20.57131228632325,99.07476635514021,100.0,100.0,56.16390787464646,10.0,0.0,51.383725790508926,0.0,3,3,D_pure_quant_vr1.2,True,,20230116,25.0,20230118,3.1200000000000117,-0.7600000000000051,20230120,1.519999999999988,-0.7600000000000051,20230201,6.400000000000006,-0.7600000000000051
600335,600335.SH,国机汽车,汽车服务,20230113,9.08,51.61317637701359,51.61317637701359,0.0,2.76,3.8618,9250.7,3.094983991462104,momentum,BULL_TREND,73.23341335017221,99.43009605122738,92.507,80.0,54.76078851797984,0.0,0.0,81.83754769365017,0.0,1,1,E_ablate_sector_vr1.2,True,,20230116,9.09,20230118,-4.07040704070406,-4.730473047304729,20230120,6.270627062706269,-5.390539053905396,20230201,3.8503850385038563,-5.390539053905396
600831,600831.SH,广电网络,影视音像,20230113,6.27,50.369987702407364,50.369987702407364,0.0,2.52,8.0245,5314.28,1.1041009463722444,momentum,BULL_TREND,66.67118668625959,100.0,53.142799999999994,65.0,90.51455706056359,33.33333333333333,0.0,73.49731620689037,0.0,1,1,E_ablate_inflow_vr1.2,True,,20230116,6.18,20230118,-3.2362459546925404,-4.854368932038833,20230120,-4.045307443365697,-4.854368932038833,20230201,0.0,-4.854368932038833
600335,600335.SH,国机汽车,汽车服务,20230113,9.08,54.381579311244536,54.381579311244536,0.0,2.76,3.8618,9250.7,3.094983991462104,momentum,BULL_TREND,73.23341335017221,99.43009605122738,92.507,80.0,54.76078851797984,0.0,0.0,81.83754769365017,0.0,1,1,E_ablate_wyckoff_vr1.2,True,,20230116,9.09,20230118,-4.07040704070406,-4.730473047304729,20230120,6.270627062706269,-5.390539053905396,20230201,3.8503850385038563,-5.390539053905396
600831,600831.SH,广电网络,影视音像,20230113,6.27,53.80021277952722,53.80021277952722,0.0,2.52,8.0245,5314.28,1.1041009463722444,momentum,BULL_TREND,66.67118668625959,100.0,53.142799999999994,65.0,91.27154054960808,33.33333333333333,0.0,73.49731620689037,0.0,2,2,E_ablate_wyckoff_vr1.2,True,,20230116,6.18,20230118,-3.2362459546925404,-4.854368932038833,20230120,-4.045307443365697,-4.854368932038833,20230201,0.0,-4.854368932038833
603477,603477.SH,巨星农牧,农业综合,20230113,24.87,49.7259550533918,49.7259550533918,0.0,1.33,5.0438,13845.39,3.1542056074766305,momentum,BULL_TREND,20.57131228632325,99.07476635514021,100.0,100.0,56.16390787464646,10.0,0.0,51.383725790508926,0.0,3,3,E_ablate_wyckoff_vr1.2,True,,20230116,25.0,20230118,3.1200000000000117,-0.7600000000000051,20230120,1.519999999999988,-0.7600000000000051,20230201,6.400000000000006,-0.7600000000000051
600335,600335.SH,国机汽车,汽车服务,20230113,9.08,62.56533408060956,62.56533408060956,0.0,2.76,3.8618,9250.7,3.094983991462104,momentum,BULL_TREND,73.23341335017221,99.43009605122738,92.507,80.0,54.76078851797984,0.0,0.0,81.83754769365017,0.0,1,1,E_ablate_accel_vr1.2,True,,20230116,9.09,20230118,-4.07040704070406,-4.730473047304729,20230120,6.270627062706269,-5.390539053905396,20230201,3.8503850385038563,-5.390539053905396
600831,600831.SH,广电网络,影视音像,20230113,6.27,61.14994440021626,61.14994440021626,0.0,2.52,8.0245,5314.28,1.1041009463722444,momentum,BULL_TREND,66.67118668625959,100.0,53.142799999999994,65.0,91.27154054960808,33.33333333333333,0.0,73.49731620689037,0.0,2,2,E_ablate_accel_vr1.2,True,,20230116,6.18,20230118,-3.2362459546925404,-4.854368932038833,20230120,-4.045307443365697,-4.854368932038833,20230201,0.0,-4.854368932038833
603477,603477.SH,巨星农牧,农业综合,20230113,24.87,54.864327632442695,54.864327632442695,0.0,1.33,5.0438,13845.39,3.1542056074766305,momentum,BULL_TREND,20.57131228632325,99.07476635514021,100.0,100.0,56.16390787464646,10.0,0.0,51.383725790508926,0.0,3,3,E_ablate_accel_vr1.2,True,,20230116,25.0,20230118,3.1200000000000117,-0.7600000000000051,20230120,1.519999999999988,-0.7600000000000051,20230201,6.400000000000006,-0.7600000000000051
601456,601456.SH,国联民生,证券,20230116,12.56,80.1718554354737,71.57934013963524,8.592515295838462,2.61,10.5828,25363.28,2.256809338521394,momentum,BULL_TREND,69.20249033975799,100.0,100.0,100.0,85.92515295838461,33.33333333333333,0.0,73.47269330327944,0.0,1,1,A_recovered_proxy_vr1.5,True,,20230117,12.51,20230119,-0.6394884092725817,-3.03756994404476,20230130,-1.5987210231814486,-3.5171862509991936,20230202,-4.236610711430854,-5.515587529976019
600109,600109.SH,国金证券,证券,20230116,9.89,73.72653095001125,65.13401565417279,8.592515295838462,2.34,3.1084,16161.42,3.323558162267838,momentum,BULL_TREND,61.32542649043399,98.05865102639297,100.0,65.0,85.92515295838461,0.0,0.0,56.94305986291468,0.0,2,2,A_recovered_proxy_vr1.5,True,,20230117,9.78,20230119,3.5787321063394772,-0.2044989775051076,20230130,1.1247443762781417,-0.2044989775051076,20230202,1.533742331288357,-0.2044989775051076
600616,600616.SH,金枫酒业,红黄酒,20230116,6.97,51.937855603208554,51.937855603208554,0.0,3.37,5.7687,2837.5,3.7292817679558077,momentum,BULL_TREND,87.6374295703567,95.62430939226516,28.375,100.0,51.420194621969465,43.333333333333336,0.0,61.04104637367969,0.0,3,3,A_recovered_proxy_vr1.5,True,,20230117,6.93,20230119,1.443001443001446,-0.5772005772005762,20230130,1.5873015873015817,-0.5772005772005762,20230202,10.96681096681098,-0.5772005772005762
601456,601456.SH,国联民生,证券,20230116,12.56,71.57934013963524,71.57934013963524,0.0,2.61,10.5828,25363.28,2.256809338521394,momentum,BULL_TREND,69.20249033975799,100.0,100.0,100.0,85.92515295838461,33.33333333333333,0.0,73.47269330327944,0.0,1,1,B_pure_quant_vr1.5,True,,20230117,12.51,20230119,-0.6394884092725817,-3.03756994404476,20230130,-1.5987210231814486,-3.5171862509991936,20230202,-4.236610711430854,-5.515587529976019
600109,600109.SH,国金证券,证券,20230116,9.89,65.13401565417279,65.13401565417279,0.0,2.34,3.1084,16161.42,3.323558162267838,momentum,BULL_TREND,61.32542649043399,98.05865102639297,100.0,65.0,85.92515295838461,0.0,0.0,56.94305986291468,0.0,2,2,B_pure_quant_vr1.5,True,,20230117,9.78,20230119,3.5787321063394772,-0.2044989775051076,20230130,1.1247443762781417,-0.2044989775051076,20230202,1.533742331288357,-0.2044989775051076
600616,600616.SH,金枫酒业,红黄酒,20230116,6.97,51.937855603208554,51.937855603208554,0.0,3.37,5.7687,2837.5,3.7292817679558077,momentum,BULL_TREND,87.6374295703567,95.62430939226516,28.375,100.0,51.420194621969465,43.333333333333336,0.0,61.04104637367969,0.0,3,3,B_pure_quant_vr1.5,True,,20230117,6.93,20230119,1.443001443001446,-0.5772005772005762,20230130,1.5873015873015817,-0.5772005772005762,20230202,10.96681096681098,-0.5772005772005762
601456,601456.SH,国联民生,证券,20230116,12.56,79.48196627264319,71.11941403108156,8.362552241561625,2.61,10.5828,25363.28,2.256809338521394,momentum,BULL_TREND,69.20249033975799,100.0,100.0,100.0,83.62552241561625,33.33333333333333,0.0,73.47269330327944,0.0,1,1,A_recovered_proxy_vr1.2,True,,20230117,12.51,20230119,-0.6394884092725817,-3.03756994404476,20230130,-1.5987210231814486,-3.5171862509991936,20230202,-4.236610711430854,-5.515587529976019
600109,600109.SH,国金证券,证券,20230116,9.89,73.03664178718074,64.67408954561911,8.362552241561625,2.34,3.1084,16161.42,3.323558162267838,momentum,BULL_TREND,61.32542649043399,98.05865102639297,100.0,65.0,83.62552241561625,0.0,0.0,56.94305986291468,0.0,2,2,A_recovered_proxy_vr1.2,True,,20230117,9.78,20230119,3.5787321063394772,-0.2044989775051076,20230130,1.1247443762781417,-0.2044989775051076,20230202,1.533742331288357,-0.2044989775051076
601377,601377.SH,兴业证券,证券,20230116,6.73,66.73862599950785,58.376073757946216,8.362552241561625,1.49,3.0373,29442.84,2.745664739884386,momentum,BULL_TREND,28.76561653437184,100.0,100.0,40.0,83.62552241561625,0.0,0.0,53.36126794667186,0.0,3,3,A_recovered_proxy_vr1.2,True,,20230117,6.72,20230119,4.613095238095255,-0.7440476190476164,20230130,2.2321428571428603,-0.7440476190476164,20230202,0.8928571428571397,-0.7440476190476164
601456,601456.SH,国联民生,证券,20230116,12.56,71.11941403108156,71.11941403108156,0.0,2.61,10.5828,25363.28,2.256809338521394,momentum,BULL_TREND,69.20249033975799,100.0,100.0,100.0,83.62552241561625,33.33333333333333,0.0,73.47269330327944,0.0,1,1,D_pure_quant_vr1.2,True,,20230117,12.51,20230119,-0.6394884092725817,-3.03756994404476,20230130,-1.5987210231814486,-3.5171862509991936,20230202,-4.236610711430854,-5.515587529976019
600109,600109.SH,国金证券,证券,20230116,9.89,64.67408954561911,64.67408954561911,0.0,2.34,3.1084,16161.42,3.323558162267838,momentum,BULL_TREND,61.32542649043399,98.05865102639297,100.0,65.0,83.62552241561625,0.0,0.0,56.94305986291468,0.0,2,2,D_pure_quant_vr1.2,True,,20230117,9.78,20230119,3.5787321063394772,-0.2044989775051076,20230130,1.1247443762781417,-0.2044989775051076,20230202,1.533742331288357,-0.2044989775051076
601377,601377.SH,兴业证券,证券,20230116,6.73,58.376073757946216,58.376073757946216,0.0,1.49,3.0373,29442.84,2.745664739884386,momentum,BULL_TREND,28.76561653437184,100.0,100.0,40.0,83.62552241561625,0.0,0.0,53.36126794667186,0.0,3,3,D_pure_quant_vr1.2,True,,20230117,6.72,20230119,4.613095238095255,-0.7440476190476164,20230130,2.2321428571428603,-0.7440476190476164,20230202,0.8928571428571397,-0.7440476190476164
601456,601456.SH,国联民生,证券,20230116,12.56,54.39430954795831,54.39430954795831,0.0,2.61,10.5828,25363.28,2.256809338521394,momentum,BULL_TREND,69.20249033975799,100.0,100.0,100.0,83.62552241561625,33.33333333333333,0.0,73.47269330327944,0.0,1,1,E_ablate_sector_vr1.2,True,,20230117,12.51,20230119,-0.6394884092725817,-3.03756994404476,20230130,-1.5987210231814486,-3.5171862509991936,20230202,-4.236610711430854,-5.515587529976019
600109,600109.SH,国金证券,证券,20230116,9.89,47.948985062495865,47.948985062495865,0.0,2.34,3.1084,16161.42,3.323558162267838,momentum,BULL_TREND,61.32542649043399,98.05865102639297,100.0,65.0,83.62552241561625,0.0,0.0,56.94305986291468,0.0,2,2,E_ablate_sector_vr1.2,True,,20230117,9.78,20230119,3.5787321063394772,-0.2044989775051076,20230130,1.1247443762781417,-0.2044989775051076,20230202,1.533742331288357,-0.2044989775051076
601456,601456.SH,国联民生,证券,20230116,12.56,51.11941403108156,51.11941403108156,0.0,2.61,10.5828,25363.28,2.256809338521394,momentum,BULL_TREND,69.20249033975799,100.0,100.0,100.0,83.62552241561625,33.33333333333333,0.0,73.47269330327944,0.0,1,1,E_ablate_inflow_vr1.2,True,,20230117,12.51,20230119,-0.6394884092725817,-3.03756994404476,20230130,-1.5987210231814486,-3.5171862509991936,20230202,-4.236610711430854,-5.515587529976019
600616,600616.SH,金枫酒业,红黄酒,20230116,6.97,45.60772129043127,45.60772129043127,0.0,3.37,5.7687,2837.5,3.7292817679558077,momentum,BULL_TREND,87.6374295703567,95.62430939226516,28.375,100.0,48.14452305808308,43.333333333333336,0.0,61.04104637367969,0.0,2,2,E_ablate_inflow_vr1.2,True,,20230117,6.93,20230119,1.443001443001446,-0.5772005772005762,20230130,1.5873015873015817,-0.5772005772005762,20230202,10.96681096681098,-0.5772005772005762
601456,601456.SH,国联民生,证券,20230116,12.56,63.772144700753614,63.772144700753614,0.0,2.61,10.5828,25363.28,2.256809338521394,momentum,BULL_TREND,69.20249033975799,100.0,100.0,100.0,83.62552241561625,33.33333333333333,0.0,73.47269330327944,0.0,1,1,E_ablate_wyckoff_vr1.2,True,,20230117,12.51,20230119,-0.6394884092725817,-3.03756994404476,20230130,-1.5987210231814486,-3.5171862509991936,20230202,-4.236610711430854,-5.515587529976019
600109,600109.SH,国金证券,证券,20230116,9.89,58.97978355932764,58.97978355932764,0.0,2.34,3.1084,16161.42,3.323558162267838,momentum,BULL_TREND,61.32542649043399,98.05865102639297,100.0,65.0,83.62552241561625,0.0,0.0,56.94305986291468,0.0,2,2,E_ablate_wyckoff_vr1.2,True,,20230117,9.78,20230119,3.5787321063394772,-0.2044989775051076,20230130,1.1247443762781417,-0.2044989775051076,20230202,1.533742331288357,-0.2044989775051076
601377,601377.SH,兴业证券,证券,20230116,6.73,53.03994696327903,53.03994696327903,0.0,1.49,3.0373,29442.84,2.745664739884386,momentum,BULL_TREND,28.76561653437184,100.0,100.0,40.0,83.62552241561625,0.0,0.0,53.36126794667186,0.0,3,3,E_ablate_wyckoff_vr1.2,True,,20230117,6.72,20230119,4.613095238095255,-0.7440476190476164,20230130,2.2321428571428603,-0.7440476190476164,20230202,0.8928571428571397,-0.7440476190476164
601456,601456.SH,国联民生,证券,20230116,12.56,71.11941403108156,71.11941403108156,0.0,2.61,10.5828,25363.28,2.256809338521394,momentum,BULL_TREND,69.20249033975799,100.0,100.0,100.0,83.62552241561625,33.33333333333333,0.0,73.47269330327944,0.0,1,1,E_ablate_accel_vr1.2,True,,20230117,12.51,20230119,-0.6394884092725817,-3.03756994404476,20230130,-1.5987210231814486,-3.5171862509991936,20230202,-4.236610711430854,-5.515587529976019
600109,600109.SH,国金证券,证券,20230116,9.89,64.67408954561911,64.67408954561911,0.0,2.34,3.1084,16161.42,3.323558162267838,momentum,BULL_TREND,61.32542649043399,98.05865102639297,100.0,65.0,83.62552241561625,0.0,0.0,56.94305986291468,0.0,2,2,E_ablate_accel_vr1.2,True,,20230117,9.78,20230119,3.5787321063394772,-0.2044989775051076,20230130,1.1247443762781417,-0.2044989775051076,20230202,1.533742331288357,-0.2044989775051076
601377,601377.SH,兴业证券,证券,20230116,6.73,58.376073757946216,58.376073757946216,0.0,1.49,3.0373,29442.84,2.745664739884386,momentum,BULL_TREND,28.76561653437184,100.0,100.0,40.0,83.62552241561625,0.0,0.0,53.36126794667186,0.0,3,3,E_ablate_accel_vr1.2,True,,20230117,6.72,20230119,4.613095238095255,-0.7440476190476164,20230130,2.2321428571428603,-0.7440476190476164,20230202,0.8928571428571397,-0.7440476190476164
000636,000636.SZ,风华高科,元器件,20230117,16.83,74.07200603950814,65.41329727882827,8.65870876067987,2.62,3.0335,8100.02,1.5789473684210706,momentum,BULL_TREND,69.47834058813628,100.0,81.0002,80.0,86.58708760679869,10.0,0.0,69.74088669248079,0.0,1,1,A_recovered_proxy_vr1.5,True,,20230118,16.92,20230120,4.018912529550822,-0.17730496453901567,20230131,1.8912529550827228,-0.17730496453901567,20230203,3.368794326241109,-0.17730496453901567
600054,600054.SH,黄山旅游,旅游景点,20230117,12.51,73.75688677869915,64.11769389982015,9.639192878879005,2.7,3.4667,7039.98,4.357798165137617,momentum,BULL_TREND,71.64797036380531,91.8532110091743,70.3998,65.0,96.39192878879004,66.66666666666666,0.0,42.43498153240582,0.0,2,2,A_recovered_proxy_vr1.5,True,,20230118,12.49,20230120,2.2417934347477964,-1.2810248198558805,20230131,-5.284227381905526,-6.1649319455564395,20230203,-3.9231385108086436,-6.1649319455564395
000636,000636.SZ,风华高科,元器件,20230117,16.83,65.41329727882827,65.41329727882827,0.0,2.62,3.0335,8100.02,1.5789473684210706,momentum,BULL_TREND,69.47834058813628,100.0,81.0002,80.0,86.58708760679869,10.0,0.0,69.74088669248079,0.0,1,1,B_pure_quant_vr1.5,True,,20230118,16.92,20230120,4.018912529550822,-0.17730496453901567,20230131,1.8912529550827228,-0.17730496453901567,20230203,3.368794326241109,-0.17730496453901567
600054,600054.SH,黄山旅游,旅游景点,20230117,12.51,64.11769389982015,64.11769389982015,0.0,2.7,3.4667,7039.98,4.357798165137617,momentum,BULL_TREND,71.64797036380531,91.8532110091743,70.3998,65.0,96.39192878879004,66.66666666666666,0.0,42.43498153240582,0.0,2,2,B_pure_quant_vr1.5,True,,20230118,12.49,20230120,2.2417934347477964,-1.2810248198558805,20230131,-5.284227381905526,-6.1649319455564395,20230203,-3.9231385108086436,-6.1649319455564395
000636,000636.SZ,风华高科,元器件,20230117,16.83,72.35906449869236,63.60466958495108,8.75439491374128,2.62,3.0335,8100.02,1.5789473684210706,momentum,BULL_TREND,69.47834058813628,100.0,81.0002,40.0,87.5439491374128,10.0,0.0,69.74088669248079,0.0,1,1,A_recovered_proxy_vr1.2,True,,20230118,16.92,20230120,4.018912529550822,-0.17730496453901567,20230131,1.8912529550827228,-0.17730496453901567,20230203,3.368794326241109,-0.17730496453901567
600054,600054.SH,黄山旅游,旅游景点,20230117,12.51,69.65089837590813,61.38036829795947,8.270530077948663,2.7,3.4667,7039.98,4.357798165137617,momentum,BULL_TREND,71.64797036380531,91.8532110091743,70.3998,65.0,82.70530077948663,66.66666666666666,0.0,42.43498153240582,0.0,2,2,A_recovered_proxy_vr1.2,True,,20230118,12.49,20230120,2.2417934347477964,-1.2810248198558805,20230131,-5.284227381905526,-6.1649319455564395,20230203,-3.9231385108086436,-6.1649319455564395
000970,000970.SZ,中科三环,矿物制品,20230117,14.55,49.747449726259816,49.747449726259816,0.0,1.22,4.4669,13609.94,0.41067761806980646,momentum,BULL_TREND,14.344057389408077,100.0,100.0,80.0,51.04646521990381,20.0,0.0,23.865480738678404,0.0,3,3,A_recovered_proxy_vr1.2,True,,20230118,14.58,20230120,1.3717421124828544,-2.7434842249657088,20230131,4.869684499314131,-2.7434842249657088,20230203,2.6063100137174278,-2.7434842249657088
000636,000636.SZ,风华高科,元器件,20230117,16.83,63.60466958495108,63.60466958495108,0.0,2.62,3.0335,8100.02,1.5789473684210706,momentum,BULL_TREND,69.47834058813628,100.0,81.0002,40.0,87.5439491374128,10.0,0.0,69.74088669248079,0.0,1,1,D_pure_quant_vr1.2,True,,20230118,16.92,20230120,4.018912529550822,-0.17730496453901567,20230131,1.8912529550827228,-0.17730496453901567,20230203,3.368794326241109,-0.17730496453901567
600054,600054.SH,黄山旅游,旅游景点,20230117,12.51,61.38036829795947,61.38036829795947,0.0,2.7,3.4667,7039.98,4.357798165137617,momentum,BULL_TREND,71.64797036380531,91.8532110091743,70.3998,65.0,82.70530077948663,66.66666666666666,0.0,42.43498153240582,0.0,2,2,D_pure_quant_vr1.2,True,,20230118,12.49,20230120,2.2417934347477964,-1.2810248198558805,20230131,-5.284227381905526,-6.1649319455564395,20230203,-3.9231385108086436,-6.1649319455564395
000970,000970.SZ,中科三环,矿物制品,20230117,14.55,49.747449726259816,49.747449726259816,0.0,1.22,4.4669,13609.94,0.41067761806980646,momentum,BULL_TREND,14.344057389408077,100.0,100.0,80.0,51.04646521990381,20.0,0.0,23.865480738678404,0.0,3,3,D_pure_quant_vr1.2,True,,20230118,14.58,20230120,1.3717421124828544,-2.7434842249657088,20230131,4.869684499314131,-2.7434842249657088,20230203,2.6063100137174278,-2.7434842249657088
000636,000636.SZ,风华高科,元器件,20230117,16.83,46.09587975746852,46.09587975746852,0.0,2.62,3.0335,8100.02,1.5789473684210706,momentum,BULL_TREND,69.47834058813628,100.0,81.0002,40.0,87.5439491374128,10.0,0.0,69.74088669248079,0.0,1,1,E_ablate_sector_vr1.2,True,,20230118,16.92,20230120,4.018912529550822,-0.17730496453901567,20230131,1.8912529550827228,-0.17730496453901567,20230203,3.368794326241109,-0.17730496453901567
000636,000636.SZ,风华高科,元器件,20230117,16.83,47.40462958495108,47.40462958495108,0.0,2.62,3.0335,8100.02,1.5789473684210706,momentum,BULL_TREND,69.47834058813628,100.0,81.0002,40.0,87.5439491374128,10.0,0.0,69.74088669248079,0.0,1,1,E_ablate_inflow_vr1.2,True,,20230118,16.92,20230120,4.018912529550822,-0.17730496453901567,20230131,1.8912529550827228,-0.17730496453901567,20230203,3.368794326241109,-0.17730496453901567
600054,600054.SH,黄山旅游,旅游景点,20230117,12.51,47.30040829795947,47.30040829795947,0.0,2.7,3.4667,7039.98,4.357798165137617,momentum,BULL_TREND,71.64797036380531,91.8532110091743,70.3998,65.0,82.70530077948663,66.66666666666666,0.0,42.43498153240582,0.0,2,2,E_ablate_inflow_vr1.2,True,,20230118,12.49,20230120,2.2417934347477964,-1.2810248198558805,20230131,-5.284227381905526,-6.1649319455564395,20230203,-3.9231385108086436,-6.1649319455564395
600054,600054.SH,黄山旅游,旅游景点,20230117,12.51,57.136870144718884,57.136870144718884,0.0,2.7,3.4667,7039.98,4.357798165137617,momentum,BULL_TREND,71.64797036380531,91.8532110091743,70.3998,65.0,82.70530077948663,66.66666666666666,0.0,42.43498153240582,0.0,1,1,E_ablate_wyckoff_vr1.2,True,,20230118,12.49,20230120,2.2417934347477964,-1.2810248198558805,20230131,-5.284227381905526,-6.1649319455564395,20230203,-3.9231385108086436,-6.1649319455564395
000636,000636.SZ,风华高科,元器件,20230117,16.83,56.630580915703,56.630580915703,0.0,2.62,3.0335,8100.02,1.5789473684210706,momentum,BULL_TREND,69.47834058813628,100.0,81.0002,40.0,87.5439491374128,10.0,0.0,69.74088669248079,0.0,2,2,E_ablate_wyckoff_vr1.2,True,,20230118,16.92,20230120,4.018912529550822,-0.17730496453901567,20230131,1.8912529550827228,-0.17730496453901567,20230203,3.368794326241109,-0.17730496453901567
000970,000970.SZ,中科三环,矿物制品,20230117,14.55,47.36090165239197,47.36090165239197,0.0,1.22,4.4669,13609.94,0.41067761806980646,momentum,BULL_TREND,14.344057389408077,100.0,100.0,80.0,51.04646521990381,20.0,0.0,23.865480738678404,0.0,3,3,E_ablate_wyckoff_vr1.2,True,,20230118,14.58,20230120,1.3717421124828544,-2.7434842249657088,20230131,4.869684499314131,-2.7434842249657088,20230203,2.6063100137174278,-2.7434842249657088
000636,000636.SZ,风华高科,元器件,20230117,16.83,63.60466958495108,63.60466958495108,0.0,2.62,3.0335,8100.02,1.5789473684210706,momentum,BULL_TREND,69.47834058813628,100.0,81.0002,40.0,87.5439491374128,10.0,0.0,69.74088669248079,0.0,1,1,E_ablate_accel_vr1.2,True,,20230118,16.92,20230120,4.018912529550822,-0.17730496453901567,20230131,1.8912529550827228,-0.17730496453901567,20230203,3.368794326241109,-0.17730496453901567
600054,600054.SH,黄山旅游,旅游景点,20230117,12.51,61.38036829795947,61.38036829795947,0.0,2.7,3.4667,7039.98,4.357798165137617,momentum,BULL_TREND,71.64797036380531,91.8532110091743,70.3998,65.0,82.70530077948663,66.66666666666666,0.0,42.43498153240582,0.0,2,2,E_ablate_accel_vr1.2,True,,20230118,12.49,20230120,2.2417934347477964,-1.2810248198558805,20230131,-5.284227381905526,-6.1649319455564395,20230203,-3.9231385108086436,-6.1649319455564395
000970,000970.SZ,中科三环,矿物制品,20230117,14.55,49.747449726259816,49.747449726259816,0.0,1.22,4.4669,13609.94,0.41067761806980646,momentum,BULL_TREND,14.344057389408077,100.0,100.0,80.0,51.04646521990381,20.0,0.0,23.865480738678404,0.0,3,3,E_ablate_accel_vr1.2,True,,20230118,14.58,20230120,1.3717421124828544,-2.7434842249657088,20230131,4.869684499314131,-2.7434842249657088,20230203,2.6063100137174278,-2.7434842249657088
002624,002624.SZ,完美世界,互联网,20230118,14.2,76.35807736327736,68.81551013740713,7.5425672258702265,3.02,4.0216,15376.31,0.7686932215234186,momentum,BULL_TREND,79.72742747751771,100.0,100.0,65.0,75.42567225870226,53.333333333333336,0.0,58.545948973723526,0.0,1,1,A_recovered_proxy_vr1.5,True,,20230119,14.08,20230130,-0.5681818181818232,-0.7102272727272707,20230201,0.49715909090908283,-1.6335227272727293,20230206,3.8352272727272707,-1.6335227272727293
002555,002555.SZ,三七互娱,互联网,20230118,20.61,73.31784086281287,65.77527363694264,7.5425672258702265,2.97,4.4497,16483.87,2.0437262357414436,momentum,BULL_TREND,78.52314655130206,100.0,100.0,65.0,75.42567225870226,33.33333333333333,0.0,39.95000535840211,0.0,2,2,A_recovered_proxy_vr1.5,True,,20230119,20.63,20230130,1.696558410082405,-2.9083858458555434,20230201,0.2908385845855621,-2.9083858458555434,20230206,9.88851187590889,-2.9083858458555434
002747,002747.SZ,埃斯顿,机械基件,20230118,24.94,69.56506493367074,63.586730099752465,5.9783348339182725,2.33,3.8271,13165.59,0.5582137161084411,momentum,BULL_TREND,61.01649774397778,100.0,100.0,80.0,59.78334833918272,33.33333333333333,0.0,68.10919103652584,0.0,3,3,A_recovered_proxy_vr1.5,True,,20230119,24.81,20230130,2.821442966545762,-0.36275695284159193,20230201,5.844417573559069,-0.36275695284159193,20230206,7.416364369205963,-0.36275695284159193
002624,002624.SZ,完美世界,互联网,20230118,14.2,68.81551013740713,68.81551013740713,0.0,3.02,4.0216,15376.31,0.7686932215234186,momentum,BULL_TREND,79.72742747751771,100.0,100.0,65.0,75.42567225870226,53.333333333333336,0.0,58.545948973723526,0.0,1,1,B_pure_quant_vr1.5,True,,20230119,14.08,20230130,-0.5681818181818232,-0.7102272727272707,20230201,0.49715909090908283,-1.6335227272727293,20230206,3.8352272727272707,-1.6335227272727293
002555,002555.SZ,三七互娱,互联网,20230118,20.61,65.77527363694264,65.77527363694264,0.0,2.97,4.4497,16483.87,2.0437262357414436,momentum,BULL_TREND,78.52314655130206,100.0,100.0,65.0,75.42567225870226,33.33333333333333,0.0,39.95000535840211,0.0,2,2,B_pure_quant_vr1.5,True,,20230119,20.63,20230130,1.696558410082405,-2.9083858458555434,20230201,0.2908385845855621,-2.9083858458555434,20230206,9.88851187590889,-2.9083858458555434
002747,002747.SZ,埃斯顿,机械基件,20230118,24.94,63.586730099752465,63.586730099752465,0.0,2.33,3.8271,13165.59,0.5582137161084411,momentum,BULL_TREND,61.01649774397778,100.0,100.0,80.0,59.78334833918272,33.33333333333333,0.0,68.10919103652584,0.0,3,3,B_pure_quant_vr1.5,True,,20230119,24.81,20230130,2.821442966545762,-0.36275695284159193,20230201,5.844417573559069,-0.36275695284159193,20230206,7.416364369205963,-0.36275695284159193
002624,002624.SZ,完美世界,互联网,20230118,14.2,73.9727883715775,67.22531747627389,6.747470895303607,3.02,4.0216,15376.31,0.7686932215234186,momentum,BULL_TREND,79.72742747751771,100.0,100.0,65.0,67.47470895303607,53.333333333333336,0.0,58.545948973723526,0.0,1,1,A_recovered_proxy_vr1.2,True,,20230119,14.08,20230130,-0.5681818181818232,-0.7102272727272707,20230201,0.49715909090908283,-1.6335227272727293,20230206,3.8352272727272707,-1.6335227272727293
002555,002555.SZ,三七互娱,互联网,20230118,20.61,70.932551871113,64.1850809758094,6.747470895303607,2.97,4.4497,16483.87,2.0437262357414436,momentum,BULL_TREND,78.52314655130206,100.0,100.0,65.0,67.47470895303607,33.33333333333333,0.0,39.95000535840211,0.0,2,2,A_recovered_proxy_vr1.2,True,,20230119,20.63,20230130,1.696558410082405,-2.9083858458555434,20230201,0.2908385845855621,-2.9083858458555434,20230206,9.88851187590889,-2.9083858458555434
002747,002747.SZ,埃斯顿,机械基件,20230118,24.94,68.0519030265564,62.57795549500957,5.473947531546827,2.33,3.8271,13165.59,0.5582137161084411,momentum,BULL_TREND,61.01649774397778,100.0,100.0,80.0,54.73947531546827,33.33333333333333,0.0,68.10919103652584,0.0,3,3,A_recovered_proxy_vr1.2,True,,20230119,24.81,20230130,2.821442966545762,-0.36275695284159193,20230201,5.844417573559069,-0.36275695284159193,20230206,7.416364369205963,-0.36275695284159193
002624,002624.SZ,完美世界,互联网,20230118,14.2,67.22531747627389,67.22531747627389,0.0,3.02,4.0216,15376.31,0.7686932215234186,momentum,BULL_TREND,79.72742747751771,100.0,100.0,65.0,67.47470895303607,53.333333333333336,0.0,58.545948973723526,0.0,1,1,D_pure_quant_vr1.2,True,,20230119,14.08,20230130,-0.5681818181818232,-0.7102272727272707,20230201,0.49715909090908283,-1.6335227272727293,20230206,3.8352272727272707,-1.6335227272727293
002555,002555.SZ,三七互娱,互联网,20230118,20.61,64.1850809758094,64.1850809758094,0.0,2.97,4.4497,16483.87,2.0437262357414436,momentum,BULL_TREND,78.52314655130206,100.0,100.0,65.0,67.47470895303607,33.33333333333333,0.0,39.95000535840211,0.0,2,2,D_pure_quant_vr1.2,True,,20230119,20.63,20230130,1.696558410082405,-2.9083858458555434,20230201,0.2908385845855621,-2.9083858458555434,20230206,9.88851187590889,-2.9083858458555434
002747,002747.SZ,埃斯顿,机械基件,20230118,24.94,62.57795549500957,62.57795549500957,0.0,2.33,3.8271,13165.59,0.5582137161084411,momentum,BULL_TREND,61.01649774397778,100.0,100.0,80.0,54.73947531546827,33.33333333333333,0.0,68.10919103652584,0.0,3,3,D_pure_quant_vr1.2,True,,20230119,24.81,20230130,2.821442966545762,-0.36275695284159193,20230201,5.844417573559069,-0.36275695284159193,20230206,7.416364369205963,-0.36275695284159193
002149,002149.SZ,西部材料,小金属,20230118,16.42,54.11877307199239,54.11877307199239,0.0,3.44,3.2768,7964.56,3.012404016538677,momentum,BULL_TREND,89.12042824636866,99.92557590076794,79.6456,80.0,39.55020622735145,53.333333333333336,0.0,81.62364578293635,0.0,1,1,E_ablate_sector_vr1.2,True,,20230119,16.36,20230130,3.54523227383865,-0.8557457212713948,20230201,6.35696821515892,-0.8557457212713948,20230206,3.9119804400977953,-0.8557457212713948
002624,002624.SZ,完美世界,互联网,20230118,14.2,53.73037568566667,53.73037568566667,0.0,3.02,4.0216,15376.31,0.7686932215234186,momentum,BULL_TREND,79.72742747751771,100.0,100.0,65.0,67.47470895303607,53.333333333333336,0.0,58.545948973723526,0.0,2,2,E_ablate_sector_vr1.2,True,,20230119,14.08,20230130,-0.5681818181818232,-0.7102272727272707,20230201,0.49715909090908283,-1.6335227272727293,20230206,3.8352272727272707,-1.6335227272727293
002747,002747.SZ,埃斯顿,机械基件,20230118,24.94,51.630060431915915,51.630060431915915,0.0,2.33,3.8271,13165.59,0.5582137161084411,momentum,BULL_TREND,61.01649774397778,100.0,100.0,80.0,54.73947531546827,33.33333333333333,0.0,68.10919103652584,0.0,3,3,E_ablate_sector_vr1.2,True,,20230119,24.81,20230130,2.821442966545762,-0.36275695284159193,20230201,5.844417573559069,-0.36275695284159193,20230206,7.416364369205963,-0.36275695284159193
002624,002624.SZ,完美世界,互联网,20230118,14.2,47.22531747627389,47.22531747627389,0.0,3.02,4.0216,15376.31,0.7686932215234186,momentum,BULL_TREND,79.72742747751771,100.0,100.0,65.0,67.47470895303607,53.333333333333336,0.0,58.545948973723526,0.0,1,1,E_ablate_inflow_vr1.2,True,,20230119,14.08,20230130,-0.5681818181818232,-0.7102272727272707,20230201,0.49715909090908283,-1.6335227272727293,20230206,3.8352272727272707,-1.6335227272727293
002149,002149.SZ,西部材料,小金属,20230118,16.42,46.099694317462685,46.099694317462685,0.0,3.44,3.2768,7964.56,3.012404016538677,momentum,BULL_TREND,89.12042824636866,99.92557590076794,79.6456,80.0,39.55020622735145,53.333333333333336,0.0,81.62364578293635,0.0,2,2,E_ablate_inflow_vr1.2,True,,20230119,16.36,20230130,3.54523227383865,-0.8557457212713948,20230201,6.35696821515892,-0.8557457212713948,20230206,3.9119804400977953,-0.8557457212713948
002624,002624.SZ,完美世界,互联网,20230118,14.2,61.370722578901535,61.370722578901535,0.0,3.02,4.0216,15376.31,0.7686932215234186,momentum,BULL_TREND,79.72742747751771,100.0,100.0,65.0,67.47470895303607,53.333333333333336,0.0,58.545948973723526,0.0,1,1,E_ablate_wyckoff_vr1.2,True,,20230119,14.08,20230130,-0.5681818181818232,-0.7102272727272707,20230201,0.49715909090908283,-1.6335227272727293,20230206,3.8352272727272707,-1.6335227272727293
002555,002555.SZ,三七互娱,互联网,20230118,20.61,60.19008043996919,60.19008043996919,0.0,2.97,4.4497,16483.87,2.0437262357414436,momentum,BULL_TREND,78.52314655130206,100.0,100.0,65.0,67.47470895303607,33.33333333333333,0.0,39.95000535840211,0.0,2,2,E_ablate_wyckoff_vr1.2,True,,20230119,20.63,20230130,1.696558410082405,-2.9083858458555434,20230201,0.2908385845855621,-2.9083858458555434,20230206,9.88851187590889,-2.9083858458555434
002747,002747.SZ,埃斯顿,机械基件,20230118,24.94,55.76703639135699,55.76703639135699,0.0,2.33,3.8271,13165.59,0.5582137161084411,momentum,BULL_TREND,61.01649774397778,100.0,100.0,80.0,54.73947531546827,33.33333333333333,0.0,68.10919103652584,0.0,3,3,E_ablate_wyckoff_vr1.2,True,,20230119,24.81,20230130,2.821442966545762,-0.36275695284159193,20230201,5.844417573559069,-0.36275695284159193,20230206,7.416364369205963,-0.36275695284159193
002624,002624.SZ,完美世界,互联网,20230118,14.2,67.22531747627389,67.22531747627389,0.0,3.02,4.0216,15376.31,0.7686932215234186,momentum,BULL_TREND,79.72742747751771,100.0,100.0,65.0,67.47470895303607,53.333333333333336,0.0,58.545948973723526,0.0,1,1,E_ablate_accel_vr1.2,True,,20230119,14.08,20230130,-0.5681818181818232,-0.7102272727272707,20230201,0.49715909090908283,-1.6335227272727293,20230206,3.8352272727272707,-1.6335227272727293
002555,002555.SZ,三七互娱,互联网,20230118,20.61,64.1850809758094,64.1850809758094,0.0,2.97,4.4497,16483.87,2.0437262357414436,momentum,BULL_TREND,78.52314655130206,100.0,100.0,65.0,67.47470895303607,33.33333333333333,0.0,39.95000535840211,0.0,2,2,E_ablate_accel_vr1.2,True,,20230119,20.63,20230130,1.696558410082405,-2.9083858458555434,20230201,0.2908385845855621,-2.9083858458555434,20230206,9.88851187590889,-2.9083858458555434
002747,002747.SZ,埃斯顿,机械基件,20230118,24.94,62.57795549500957,62.57795549500957,0.0,2.33,3.8271,13165.59,0.5582137161084411,momentum,BULL_TREND,61.01649774397778,100.0,100.0,80.0,54.73947531546827,33.33333333333333,0.0,68.10919103652584,0.0,3,3,E_ablate_accel_vr1.2,True,,20230119,24.81,20230130,2.821442966545762,-0.36275695284159193,20230201,5.844417573559069,-0.36275695284159193,20230206,7.416364369205963,-0.36275695284159193
000636,000636.SZ,风华高科,元器件,20230119,18.01,78.32925651769108,68.54449656390467,9.784759953786406,2.02,3.1399,16499.46,0.3320420586607566,momentum,BULL_TREND,50.7177646488535,100.0,100.0,80.0,97.84759953786406,33.33333333333333,0.0,57.00645292337168,0.0,1,1,A_recovered_proxy_vr1.5,True,,20230120,17.85,20230131,-3.4173669467787327,-4.201680672268903,20230202,-2.4649859943977614,-4.201680672268903,20230207,-3.081232492997199,-4.201680672268903
603520,603520.SH,司太立,化学制药,20230119,23.13,64.04732407930686,56.69652317411891,7.35080090518795,1.65,4.2332,8808.95,1.026957637997441,momentum,BULL_TREND,36.12330122355455,100.0,88.0895,80.0,73.5080090518795,33.33333333333333,0.0,32.91859513543154,0.0,2,2,A_recovered_proxy_vr1.5,True,,20230120,23.15,20230131,-4.751619870410362,-6.17710583153348,20230202,-2.8077753779697567,-6.17710583153348,20230207,-9.978401727861764,-10.496760259179261
003029,003029.SZ,吉大正元,软件服务,20230119,39.08,52.614203241985486,44.49162883774076,8.122574404244721,2.03,8.6526,475.52,2.3000000000000043,momentum,BULL_TREND,51.073986370522576,100.0,4.755199999999999,80.0,81.2257440424472,20.0,0.0,46.3434207367293,0.0,3,3,A_recovered_proxy_vr1.5,True,,20230120,39.09,20230131,1.6628293681248296,-4.809414172422621,20230202,-0.23023791250960102,-4.809414172422621,20230207,-0.23023791250960102,-4.809414172422621
000636,000636.SZ,风华高科,元器件,20230119,18.01,68.54449656390467,68.54449656390467,0.0,2.02,3.1399,16499.46,0.3320420586607566,momentum,BULL_TREND,50.7177646488535,100.0,100.0,80.0,97.84759953786406,33.33333333333333,0.0,57.00645292337168,0.0,1,1,B_pure_quant_vr1.5,True,,20230120,17.85,20230131,-3.4173669467787327,-4.201680672268903,20230202,-2.4649859943977614,-4.201680672268903,20230207,-3.081232492997199,-4.201680672268903
603520,603520.SH,司太立,化学制药,20230119,23.13,56.69652317411891,56.69652317411891,0.0,1.65,4.2332,8808.95,1.026957637997441,momentum,BULL_TREND,36.12330122355455,100.0,88.0895,80.0,73.5080090518795,33.33333333333333,0.0,32.91859513543154,0.0,2,2,B_pure_quant_vr1.5,True,,20230120,23.15,20230131,-4.751619870410362,-6.17710583153348,20230202,-2.8077753779697567,-6.17710583153348,20230207,-9.978401727861764,-10.496760259179261
002554,002554.SZ,惠博普,石油开采,20230119,4.22,51.78094859881212,51.78094859881212,0.0,2.19,8.418,5527.87,0.0,momentum,BULL_TREND,56.54654349132243,100.0,55.2787,60.0,48.05275174762291,66.66666666666666,0.0,62.99343392255835,0.0,3,3,B_pure_quant_vr1.5,True,,20230120,4.2,20230131,2.857142857142869,-0.4761904761904856,20230202,-0.7142857142857229,-1.1904761904761862,20230207,-1.1904761904761862,-2.3809523809523947
000636,000636.SZ,风华高科,元器件,20230119,18.01,62.404361324225135,62.404361324225135,0.0,2.02,3.1399,16499.46,0.3320420586607566,momentum,BULL_TREND,50.7177646488535,100.0,100.0,80.0,67.14692333946637,33.33333333333333,0.0,57.00645292337168,0.0,1,1,A_recovered_proxy_vr1.2,True,,20230120,17.85,20230131,-3.4173669467787327,-4.201680672268903,20230202,-2.4649859943977614,-4.201680672268903,20230207,-3.081232492997199,-4.201680672268903
603520,603520.SH,司太立,化学制药,20230119,23.13,54.68856086472732,54.68856086472732,0.0,1.65,4.2332,8808.95,1.026957637997441,momentum,BULL_TREND,36.12330122355455,100.0,88.0895,80.0,63.4681975049216,33.33333333333333,0.0,32.91859513543154,0.0,2,2,A_recovered_proxy_vr1.2,True,,20230120,23.15,20230131,-4.751619870410362,-6.17710583153348,20230202,-2.8077753779697567,-6.17710583153348,20230207,-9.978401727861764,-10.496760259179261
002554,002554.SZ,惠博普,石油开采,20230119,4.22,50.537244150693894,50.537244150693894,0.0,2.19,8.418,5527.87,0.0,momentum,BULL_TREND,56.54654349132243,100.0,55.2787,60.0,41.83422950703182,66.66666666666666,0.0,62.99343392255835,0.0,3,3,A_recovered_proxy_vr1.2,True,,20230120,4.2,20230131,2.857142857142869,-0.4761904761904856,20230202,-0.7142857142857229,-1.1904761904761862,20230207,-1.1904761904761862,-2.3809523809523947
000636,000636.SZ,风华高科,元器件,20230119,18.01,62.404361324225135,62.404361324225135,0.0,2.02,3.1399,16499.46,0.3320420586607566,momentum,BULL_TREND,50.7177646488535,100.0,100.0,80.0,67.14692333946637,33.33333333333333,0.0,57.00645292337168,0.0,1,1,D_pure_quant_vr1.2,True,,20230120,17.85,20230131,-3.4173669467787327,-4.201680672268903,20230202,-2.4649859943977614,-4.201680672268903,20230207,-3.081232492997199,-4.201680672268903
603520,603520.SH,司太立,化学制药,20230119,23.13,54.68856086472732,54.68856086472732,0.0,1.65,4.2332,8808.95,1.026957637997441,momentum,BULL_TREND,36.12330122355455,100.0,88.0895,80.0,63.4681975049216,33.33333333333333,0.0,32.91859513543154,0.0,2,2,D_pure_quant_vr1.2,True,,20230120,23.15,20230131,-4.751619870410362,-6.17710583153348,20230202,-2.8077753779697567,-6.17710583153348,20230207,-9.978401727861764,-10.496760259179261
002554,002554.SZ,惠博普,石油开采,20230119,4.22,50.537244150693894,50.537244150693894,0.0,2.19,8.418,5527.87,0.0,momentum,BULL_TREND,56.54654349132243,100.0,55.2787,60.0,41.83422950703182,66.66666666666666,0.0,62.99343392255835,0.0,3,3,D_pure_quant_vr1.2,True,,20230120,4.2,20230131,2.857142857142869,-0.4761904761904856,20230202,-0.7142857142857229,-1.1904761904761862,20230207,-1.1904761904761862,-2.3809523809523947
000636,000636.SZ,风华高科,元器件,20230119,18.01,48.97497665633186,48.97497665633186,0.0,2.02,3.1399,16499.46,0.3320420586607566,momentum,BULL_TREND,50.7177646488535,100.0,100.0,80.0,67.14692333946637,33.33333333333333,0.0,57.00645292337168,0.0,1,1,E_ablate_sector_vr1.2,True,,20230120,17.85,20230131,-3.4173669467787327,-4.201680672268903,20230202,-2.4649859943977614,-4.201680672268903,20230207,-3.081232492997199,-4.201680672268903
000636,000636.SZ,风华高科,元器件,20230119,18.01,56.703716031887964,56.703716031887964,0.0,2.02,3.1399,16499.46,0.3320420586607566,momentum,BULL_TREND,50.7177646488535,100.0,100.0,80.0,67.14692333946637,33.33333333333333,0.0,57.00645292337168,0.0,1,1,E_ablate_wyckoff_vr1.2,True,,20230120,17.85,20230131,-3.4173669467787327,-4.201680672268903,20230202,-2.4649859943977614,-4.201680672268903,20230207,-3.081232492997199,-4.201680672268903
603520,603520.SH,司太立,化学制药,20230119,23.13,51.39670135118417,51.39670135118417,0.0,1.65,4.2332,8808.95,1.026957637997441,momentum,BULL_TREND,36.12330122355455,100.0,88.0895,80.0,63.4681975049216,33.33333333333333,0.0,32.91859513543154,0.0,2,2,E_ablate_wyckoff_vr1.2,True,,20230120,23.15,20230131,-4.751619870410362,-6.17710583153348,20230202,-2.8077753779697567,-6.17710583153348,20230207,-9.978401727861764,-10.496760259179261
000636,000636.SZ,风华高科,元器件,20230119,18.01,62.404361324225135,62.404361324225135,0.0,2.02,3.1399,16499.46,0.3320420586607566,momentum,BULL_TREND,50.7177646488535,100.0,100.0,80.0,67.14692333946637,33.33333333333333,0.0,57.00645292337168,0.0,1,1,E_ablate_accel_vr1.2,True,,20230120,17.85,20230131,-3.4173669467787327,-4.201680672268903,20230202,-2.4649859943977614,-4.201680672268903,20230207,-3.081232492997199,-4.201680672268903
603520,603520.SH,司太立,化学制药,20230119,23.13,54.68856086472732,54.68856086472732,0.0,1.65,4.2332,8808.95,1.026957637997441,momentum,BULL_TREND,36.12330122355455,100.0,88.0895,80.0,63.4681975049216,33.33333333333333,0.0,32.91859513543154,0.0,2,2,E_ablate_accel_vr1.2,True,,20230120,23.15,20230131,-4.751619870410362,-6.17710583153348,20230202,-2.8077753779697567,-6.17710583153348,20230207,-9.978401727861764,-10.496760259179261
002554,002554.SZ,惠博普,石油开采,20230119,4.22,50.537244150693894,50.537244150693894,0.0,2.19,8.418,5527.87,0.0,momentum,BULL_TREND,56.54654349132243,100.0,55.2787,60.0,41.83422950703182,66.66666666666666,0.0,62.99343392255835,0.0,3,3,E_ablate_accel_vr1.2,True,,20230120,4.2,20230131,2.857142857142869,-0.4761904761904856,20230202,-0.7142857142857229,-1.1904761904761862,20230207,-1.1904761904761862,-2.3809523809523947
600071,600071.SH,凤凰光学,元器件,20230120,24.06,51.48202391459006,51.48202391459006,0.0,2.49,3.2179,4432.15,1.795918367346944,momentum,BULL_TREND,65.80728711466783,100.0,44.32149999999999,80.0,49.98449876993699,66.66666666666666,0.0,54.163977600691496,0.0,1,1,A_recovered_proxy_vr1.5,True,,20230130,24.06,20230201,-0.41562759767247437,-1.8703241895261846,20230203,8.021612635078966,-1.8703241895261846,20230208,-1.8287614297589294,-1.9118869492934176
600916,600916.SH,中国黄金,服饰,20230120,13.46,50.43970756781584,50.43970756781584,0.0,1.61,3.4244,9125.95,1.0294117647058736,momentum,BULL_TREND,34.35303441699462,100.0,91.2595,80.0,28.715117249248035,20.0,0.0,62.91828955417034,0.0,2,2,A_recovered_proxy_vr1.5,True,,20230130,13.52,20230201,-1.6272189349112343,-3.106508875739644,20230203,-4.585798816568043,-6.286982248520712,20230208,-5.9911242603550185,-7.692307692307687
002063,002063.SZ,远光软件,软件服务,20230120,8.19,49.22519698551164,49.22519698551164,0.0,2.24,3.9035,6469.99,3.1914893617021436,momentum,BULL_TREND,58.17493661414398,98.85106382978714,64.6999,65.0,31.30713767116945,20.0,0.0,71.62442576177432,0.0,3,3,A_recovered_proxy_vr1.5,True,,20230130,8.25,20230201,2.0606060606060517,-1.575757575757586,20230203,4.9696969696969795,-1.575757575757586,20230208,4.6060606060606135,-1.575757575757586
600071,600071.SH,凤凰光学,元器件,20230120,24.06,51.48202391459006,51.48202391459006,0.0,2.49,3.2179,4432.15,1.795918367346944,momentum,BULL_TREND,65.80728711466783,100.0,44.32149999999999,80.0,49.98449876993699,66.66666666666666,0.0,54.163977600691496,0.0,1,1,B_pure_quant_vr1.5,True,,20230130,24.06,20230201,-0.41562759767247437,-1.8703241895261846,20230203,8.021612635078966,-1.8703241895261846,20230208,-1.8287614297589294,-1.9118869492934176
600916,600916.SH,中国黄金,服饰,20230120,13.46,50.43970756781584,50.43970756781584,0.0,1.61,3.4244,9125.95,1.0294117647058736,momentum,BULL_TREND,34.35303441699462,100.0,91.2595,80.0,28.715117249248035,20.0,0.0,62.91828955417034,0.0,2,2,B_pure_quant_vr1.5,True,,20230130,13.52,20230201,-1.6272189349112343,-3.106508875739644,20230203,-4.585798816568043,-6.286982248520712,20230208,-5.9911242603550185,-7.692307692307687
002063,002063.SZ,远光软件,软件服务,20230120,8.19,49.22519698551164,49.22519698551164,0.0,2.24,3.9035,6469.99,3.1914893617021436,momentum,BULL_TREND,58.17493661414398,98.85106382978714,64.6999,65.0,31.30713767116945,20.0,0.0,71.62442576177432,0.0,3,3,B_pure_quant_vr1.5,True,,20230130,8.25,20230201,2.0606060606060517,-1.575757575757586,20230203,4.9696969696969795,-1.575757575757586,20230208,4.6060606060606135,-1.575757575757586
600916,600916.SH,中国黄金,服饰,20230120,13.46,50.05244982496167,50.05244982496167,0.0,1.61,3.4244,9125.95,1.0294117647058736,momentum,BULL_TREND,34.35303441699462,100.0,91.2595,80.0,26.778828534977208,20.0,0.0,62.91828955417034,0.0,1,1,A_recovered_proxy_vr1.2,True,,20230130,13.52,20230201,-1.6272189349112343,-3.106508875739644,20230203,-4.585798816568043,-6.286982248520712,20230208,-5.9911242603550185,-7.692307692307687
002063,002063.SZ,远光软件,软件服务,20230120,8.19,49.78024806251612,49.78024806251612,0.0,2.24,3.9035,6469.99,3.1914893617021436,momentum,BULL_TREND,58.17493661414398,98.85106382978714,64.6999,65.0,34.082393056191904,20.0,0.0,71.62442576177432,0.0,2,2,A_recovered_proxy_vr1.2,True,,20230130,8.25,20230201,2.0606060606060517,-1.575757575757586,20230203,4.9696969696969795,-1.575757575757586,20230208,4.6060606060606135,-1.575757575757586
000970,000970.SZ,中科三环,矿物制品,20230120,14.78,48.074105181054854,48.074105181054854,0.0,1.42,4.678,12368.12,0.8053691275167852,momentum,BULL_TREND,25.294546486497865,100.0,100.0,80.0,25.736238514551058,20.0,0.0,41.32675505169962,0.0,3,3,A_recovered_proxy_vr1.2,True,,20230130,15.11,20230201,2.448709463931187,-3.2428855062872297,20230203,-0.9927200529450619,-3.2428855062872297,20230208,-0.9927200529450619,-3.2428855062872297
600916,600916.SH,中国黄金,服饰,20230120,13.46,50.05244982496167,50.05244982496167,0.0,1.61,3.4244,9125.95,1.0294117647058736,momentum,BULL_TREND,34.35303441699462,100.0,91.2595,80.0,26.778828534977208,20.0,0.0,62.91828955417034,0.0,1,1,D_pure_quant_vr1.2,True,,20230130,13.52,20230201,-1.6272189349112343,-3.106508875739644,20230203,-4.585798816568043,-6.286982248520712,20230208,-5.9911242603550185,-7.692307692307687
002063,002063.SZ,远光软件,软件服务,20230120,8.19,49.78024806251612,49.78024806251612,0.0,2.24,3.9035,6469.99,3.1914893617021436,momentum,BULL_TREND,58.17493661414398,98.85106382978714,64.6999,65.0,34.082393056191904,20.0,0.0,71.62442576177432,0.0,2,2,D_pure_quant_vr1.2,True,,20230130,8.25,20230201,2.0606060606060517,-1.575757575757586,20230203,4.9696969696969795,-1.575757575757586,20230208,4.6060606060606135,-1.575757575757586
000970,000970.SZ,中科三环,矿物制品,20230120,14.78,48.074105181054854,48.074105181054854,0.0,1.42,4.678,12368.12,0.8053691275167852,momentum,BULL_TREND,25.294546486497865,100.0,100.0,80.0,25.736238514551058,20.0,0.0,41.32675505169962,0.0,3,3,D_pure_quant_vr1.2,True,,20230130,15.11,20230201,2.448709463931187,-3.2428855062872297,20230203,-0.9927200529450619,-3.2428855062872297,20230208,-0.9927200529450619,-3.2428855062872297
600916,600916.SH,中国黄金,服饰,20230120,13.46,50.05244982496167,50.05244982496167,0.0,1.61,3.4244,9125.95,1.0294117647058736,momentum,BULL_TREND,34.35303441699462,100.0,91.2595,80.0,26.778828534977208,20.0,0.0,62.91828955417034,0.0,1,1,E_ablate_accel_vr1.2,True,,20230130,13.52,20230201,-1.6272189349112343,-3.106508875739644,20230203,-4.585798816568043,-6.286982248520712,20230208,-5.9911242603550185,-7.692307692307687
002063,002063.SZ,远光软件,软件服务,20230120,8.19,49.78024806251612,49.78024806251612,0.0,2.24,3.9035,6469.99,3.1914893617021436,momentum,BULL_TREND,58.17493661414398,98.85106382978714,64.6999,65.0,34.082393056191904,20.0,0.0,71.62442576177432,0.0,2,2,E_ablate_accel_vr1.2,True,,20230130,8.25,20230201,2.0606060606060517,-1.575757575757586,20230203,4.9696969696969795,-1.575757575757586,20230208,4.6060606060606135,-1.575757575757586
000970,000970.SZ,中科三环,矿物制品,20230120,14.78,48.074105181054854,48.074105181054854,0.0,1.42,4.678,12368.12,0.8053691275167852,momentum,BULL_TREND,25.294546486497865,100.0,100.0,80.0,25.736238514551058,20.0,0.0,41.32675505169962,0.0,3,3,E_ablate_accel_vr1.2,True,,20230130,15.11,20230201,2.448709463931187,-3.2428855062872297,20230203,-0.9927200529450619,-3.2428855062872297,20230208,-0.9927200529450619,-3.2428855062872297
002079,002079.SZ,苏州固锝,电气设备,20230130,15.47,77.15526979091194,68.0959715693446,9.059298221567351,1.86,8.7729,10442.67,0.38634900193173677,momentum,BULL_TREND,44.76513106666534,100.0,100.0,80.0,90.59298221567352,96.66666666666667,0.0,44.292721328767584,0.0,1,1,A_recovered_proxy_vr1.5,True,,20230131,15.39,20230202,1.8843404808317032,-1.4944769330734298,20230206,-0.2599090318388675,-1.4944769330734298,20230209,3.4437946718648416,-3.378817413905144
002487,002487.SZ,大金重工,电气设备,20230130,46.66,74.18371759515469,65.12441937358734,9.059298221567351,2.08,3.8791,16624.06,2.6293823038397437,momentum,BULL_TREND,52.82917641831838,100.0,100.0,40.0,90.59298221567352,43.333333333333336,0.0,49.1477980103822,0.0,2,2,A_recovered_proxy_vr1.5,True,,20230131,46.44,20230202,0.7967269595176685,-0.6890611541774394,20230206,-3.7252368647717415,-5.275624461670969,20230209,-4.069767441860462,-8.247200689061152
000799,000799.SZ,酒鬼酒,白酒,20230130,145.1,69.66260703684998,61.51294478478609,8.149662252063886,1.93,4.4623,32554.12,4.614777806994485,momentum,BULL_TREND,47.430042374667785,90.3113331580331,100.0,80.0,81.49662252063885,0.0,0.0,50.67980608654847,0.0,3,3,A_recovered_proxy_vr1.5,True,,20230131,144.0,20230202,1.9861111111111107,-4.388888888888887,20230206,-0.24305555555554914,-4.388888888888887,20230209,-0.4652777777777728,-4.388888888888887
600879,600879.SH,航天电子,航空,20230130,7.37,68.21066498657635,68.21066498657635,0.0,4.47,3.9079,10927.11,2.1248339973439596,momentum,BULL_TREND,100.0,100.0,100.0,40.0,49.597302374216525,53.333333333333336,0.0,86.24537845066371,0.0,1,1,B_pure_quant_vr1.5,True,,20230131,7.34,20230202,0.6811989100817373,-0.13623978201634523,20230206,0.6811989100817373,-0.6811989100817373,20230209,0.4087193460490468,-1.7711171662125325
002079,002079.SZ,苏州固锝,电气设备,20230130,15.47,68.0959715693446,68.0959715693446,0.0,1.86,8.7729,10442.67,0.38634900193173677,momentum,BULL_TREND,44.76513106666534,100.0,100.0,80.0,90.59298221567352,96.66666666666667,0.0,44.292721328767584,0.0,2,2,B_pure_quant_vr1.5,True,,20230131,15.39,20230202,1.8843404808317032,-1.4944769330734298,20230206,-0.2599090318388675,-1.4944769330734298,20230209,3.4437946718648416,-3.378817413905144
002487,002487.SZ,大金重工,电气设备,20230130,46.66,65.12441937358734,65.12441937358734,0.0,2.08,3.8791,16624.06,2.6293823038397437,momentum,BULL_TREND,52.82917641831838,100.0,100.0,40.0,90.59298221567352,43.333333333333336,0.0,49.1477980103822,0.0,3,3,B_pure_quant_vr1.5,True,,20230131,46.44,20230202,0.7967269595176685,-0.6890611541774394,20230206,-3.7252368647717415,-5.275624461670969,20230209,-4.069767441860462,-8.247200689061152
002079,002079.SZ,苏州固锝,电气设备,20230130,15.47,76.59378110116337,67.72164577617887,8.872135324984493,1.86,8.7729,10442.67,0.38634900193173677,momentum,BULL_TREND,44.76513106666534,100.0,100.0,80.0,88.72135324984492,96.66666666666667,0.0,44.292721328767584,0.0,1,1,A_recovered_proxy_vr1.2,True,,20230131,15.39,20230202,1.8843404808317032,-1.4944769330734298,20230206,-0.2599090318388675,-1.4944769330734298,20230209,3.4437946718648416,-3.378817413905144
002487,002487.SZ,大金重工,电气设备,20230130,46.66,73.62222890540613,64.75009358042163,8.872135324984493,2.08,3.8791,16624.06,2.6293823038397437,momentum,BULL_TREND,52.82917641831838,100.0,100.0,40.0,88.72135324984492,43.333333333333336,0.0,49.1477980103822,0.0,2,2,A_recovered_proxy_vr1.2,True,,20230131,46.44,20230202,0.7967269595176685,-0.6890611541774394,20230206,-3.7252368647717415,-5.275624461670969,20230209,-4.069767441860462,-8.247200689061152
600879,600879.SH,航天电子,航空,20230130,7.37,67.31589715359496,67.31589715359496,0.0,4.47,3.9079,10927.11,2.1248339973439596,momentum,BULL_TREND,100.0,100.0,100.0,40.0,45.12346320930958,53.333333333333336,0.0,86.24537845066371,0.0,3,3,A_recovered_proxy_vr1.2,True,,20230131,7.34,20230202,0.6811989100817373,-0.13623978201634523,20230206,0.6811989100817373,-0.6811989100817373,20230209,0.4087193460490468,-1.7711171662125325
002079,002079.SZ,苏州固锝,电气设备,20230130,15.47,67.72164577617887,67.72164577617887,0.0,1.86,8.7729,10442.67,0.38634900193173677,momentum,BULL_TREND,44.76513106666534,100.0,100.0,80.0,88.72135324984492,96.66666666666667,0.0,44.292721328767584,0.0,1,1,D_pure_quant_vr1.2,True,,20230131,15.39,20230202,1.8843404808317032,-1.4944769330734298,20230206,-0.2599090318388675,-1.4944769330734298,20230209,3.4437946718648416,-3.378817413905144
600879,600879.SH,航天电子,航空,20230130,7.37,67.31589715359496,67.31589715359496,0.0,4.47,3.9079,10927.11,2.1248339973439596,momentum,BULL_TREND,100.0,100.0,100.0,40.0,45.12346320930958,53.333333333333336,0.0,86.24537845066371,0.0,2,2,D_pure_quant_vr1.2,True,,20230131,7.34,20230202,0.6811989100817373,-0.13623978201634523,20230206,0.6811989100817373,-0.6811989100817373,20230209,0.4087193460490468,-1.7711171662125325
002487,002487.SZ,大金重工,电气设备,20230130,46.66,64.75009358042163,64.75009358042163,0.0,2.08,3.8791,16624.06,2.6293823038397437,momentum,BULL_TREND,52.82917641831838,100.0,100.0,40.0,88.72135324984492,43.333333333333336,0.0,49.1477980103822,0.0,3,3,D_pure_quant_vr1.2,True,,20230131,46.44,20230202,0.7967269595176685,-0.6890611541774394,20230206,-3.7252368647717415,-5.275624461670969,20230209,-4.069767441860462,-8.247200689061152
600879,600879.SH,航天电子,航空,20230130,7.37,58.291204511733035,58.291204511733035,0.0,4.47,3.9079,10927.11,2.1248339973439596,momentum,BULL_TREND,100.0,100.0,100.0,40.0,45.12346320930958,53.333333333333336,0.0,86.24537845066371,0.0,1,1,E_ablate_sector_vr1.2,True,,20230131,7.34,20230202,0.6811989100817373,-0.13623978201634523,20230206,0.6811989100817373,-0.6811989100817373,20230209,0.4087193460490468,-1.7711171662125325
002079,002079.SZ,苏州固锝,电气设备,20230130,15.47,49.97737512620989,49.97737512620989,0.0,1.86,8.7729,10442.67,0.38634900193173677,momentum,BULL_TREND,44.76513106666534,100.0,100.0,80.0,88.72135324984492,96.66666666666667,0.0,44.292721328767584,0.0,2,2,E_ablate_sector_vr1.2,True,,20230131,15.39,20230202,1.8843404808317032,-1.4944769330734298,20230206,-0.2599090318388675,-1.4944769330734298,20230209,3.4437946718648416,-3.378817413905144
002351,002351.SZ,漫步者,IT设备,20230130,9.8,48.843916150653506,48.843916150653506,0.0,3.23,5.0907,5795.94,1.0101010101010066,momentum,BULL_TREND,84.57670824596,100.0,57.959399999999995,65.0,52.60845651796548,96.66666666666667,0.0,64.82196580426174,0.0,3,3,E_ablate_sector_vr1.2,True,,20230131,9.76,20230202,0.2049180327868827,-1.127049180327866,20230206,3.893442622950838,-1.6393442622950838,20230209,4.508196721311464,-1.6393442622950838
002351,002351.SZ,漫步者,IT设备,20230130,9.8,48.54888650779747,48.54888650779747,0.0,3.23,5.0907,5795.94,1.0101010101010066,momentum,BULL_TREND,84.57670824596,100.0,57.959399999999995,65.0,56.484251785719785,96.66666666666667,0.0,64.82196580426174,0.0,1,1,E_ablate_inflow_vr1.2,True,,20230131,9.76,20230202,0.2049180327868827,-1.127049180327866,20230206,3.893442622950838,-1.6393442622950838,20230209,4.508196721311464,-1.6393442622950838
600879,600879.SH,航天电子,航空,20230130,7.37,48.000915205004475,48.000915205004475,0.0,4.47,3.9079,10927.11,2.1248339973439596,momentum,BULL_TREND,100.0,100.0,100.0,40.0,48.54855346635719,53.333333333333336,0.0,86.24537845066371,0.0,2,2,E_ablate_inflow_vr1.2,True,,20230131,7.34,20230202,0.6811989100817373,-0.13623978201634523,20230206,0.6811989100817373,-0.6811989100817373,20230209,0.4087193460490468,-1.7711171662125325
002079,002079.SZ,苏州固锝,电气设备,20230130,15.47,46.06826898755231,46.06826898755231,0.0,1.86,8.7729,10442.67,0.38634900193173677,momentum,BULL_TREND,44.76513106666534,100.0,100.0,80.0,80.45446930671206,96.66666666666667,0.0,44.292721328767584,0.0,3,3,E_ablate_inflow_vr1.2,True,,20230131,15.39,20230202,1.8843404808317032,-1.4944769330734298,20230206,-0.2599090318388675,-1.4944769330734298,20230209,3.4437946718648416,-3.378817413905144
002079,002079.SZ,苏州固锝,电气设备,20230130,15.47,63.29237364330212,63.29237364330212,0.0,1.86,8.7729,10442.67,0.38634900193173677,momentum,BULL_TREND,44.76513106666534,100.0,100.0,80.0,88.72135324984492,96.66666666666667,0.0,44.292721328767584,0.0,1,1,E_ablate_wyckoff_vr1.2,True,,20230131,15.39,20230202,1.8843404808317032,-1.4944769330734298,20230206,-0.2599090318388675,-1.4944769330734298,20230209,3.4437946718648416,-3.378817413905144
002487,002487.SZ,大金重工,电气设备,20230130,46.66,59.83531377938341,59.83531377938341,0.0,2.08,3.8791,16624.06,2.6293823038397437,momentum,BULL_TREND,52.82917641831838,100.0,100.0,40.0,88.72135324984492,43.333333333333336,0.0,49.1477980103822,0.0,2,2,E_ablate_wyckoff_vr1.2,True,,20230131,46.44,20230202,0.7967269595176685,-0.6890611541774394,20230206,-3.7252368647717415,-5.275624461670969,20230209,-4.069767441860462,-8.247200689061152
600879,600879.SH,航天电子,航空,20230130,7.37,58.69135930852858,58.69135930852858,0.0,4.47,3.9079,10927.11,2.1248339973439596,momentum,BULL_TREND,100.0,100.0,100.0,40.0,45.12346320930958,53.333333333333336,0.0,86.24537845066371,0.0,3,3,E_ablate_wyckoff_vr1.2,True,,20230131,7.34,20230202,0.6811989100817373,-0.13623978201634523,20230206,0.6811989100817373,-0.6811989100817373,20230209,0.4087193460490468,-1.7711171662125325
002079,002079.SZ,苏州固锝,电气设备,20230130,15.47,67.72164577617887,67.72164577617887,0.0,1.86,8.7729,10442.67,0.38634900193173677,momentum,BULL_TREND,44.76513106666534,100.0,100.0,80.0,88.72135324984492,96.66666666666667,0.0,44.292721328767584,0.0,1,1,E_ablate_accel_vr1.2,True,,20230131,15.39,20230202,1.8843404808317032,-1.4944769330734298,20230206,-0.2599090318388675,-1.4944769330734298,20230209,3.4437946718648416,-3.378817413905144
600879,600879.SH,航天电子,航空,20230130,7.37,67.31589715359496,67.31589715359496,0.0,4.47,3.9079,10927.11,2.1248339973439596,momentum,BULL_TREND,100.0,100.0,100.0,40.0,45.12346320930958,53.333333333333336,0.0,86.24537845066371,0.0,2,2,E_ablate_accel_vr1.2,True,,20230131,7.34,20230202,0.6811989100817373,-0.13623978201634523,20230206,0.6811989100817373,-0.6811989100817373,20230209,0.4087193460490468,-1.7711171662125325
002487,002487.SZ,大金重工,电气设备,20230130,46.66,64.75009358042163,64.75009358042163,0.0,2.08,3.8791,16624.06,2.6293823038397437,momentum,BULL_TREND,52.82917641831838,100.0,100.0,40.0,88.72135324984492,43.333333333333336,0.0,49.1477980103822,0.0,3,3,E_ablate_accel_vr1.2,True,,20230131,46.44,20230202,0.7967269595176685,-0.6890611541774394,20230206,-3.7252368647717415,-5.275624461670969,20230209,-4.069767441860462,-8.247200689061152
003022,003022.SZ,联泓新科,化工原料,20230131,39.1,76.4848094202142,67.85822278010991,8.626586640104291,1.97,8.3821,15426.3,2.2499999999999964,momentum,BULL_TREND,48.90978148408258,100.0,100.0,80.0,86.26586640104291,63.33333333333333,100.0,11.019156106222722,0.0,1,1,A_recovered_proxy_vr1.5,True,,20230201,39.5,20230203,-6.354430379746834,-7.569620253164566,20230207,-10.53164556962024,-11.316455696202532,20230210,-9.873417721518985,-11.316455696202532
002421,002421.SZ,达实智能,软件服务,20230131,3.94,67.16160746845614,67.16160746845614,0.0,5.08,9.2762,7904.08,3.902439024390237,momentum,BULL_TREND,100.0,94.58536585365857,79.0408,60.0,51.05714350656905,0.0,100.0,86.83482181776463,0.0,2,2,A_recovered_proxy_vr1.5,True,,20230201,3.88,20230203,3.6082474226803996,-0.773195876288657,20230207,2.8350515463917647,-0.773195876288657,20230210,3.0927835051546504,-0.773195876288657
600313,600313.SH,农发种业,种植业,20230131,11.07,64.93570617683714,64.93570617683714,0.0,2.06,7.5066,10722.83,1.3368983957219283,momentum,BULL_TREND,52.132216870424685,100.0,100.0,100.0,38.337175160413416,20.0,86.47600000000001,91.24638614190751,0.0,3,3,A_recovered_proxy_vr1.5,True,,20230201,11.08,20230203,0.09025270758122872,-2.0758122743682383,20230207,-0.3610108303249149,-2.0758122743682383,20230210,1.7148014440433235,-2.9783393501805033
003022,003022.SZ,联泓新科,化工原料,20230131,39.1,67.85822278010991,67.85822278010991,0.0,1.97,8.3821,15426.3,2.2499999999999964,momentum,BULL_TREND,48.90978148408258,100.0,100.0,80.0,86.26586640104291,63.33333333333333,100.0,11.019156106222722,0.0,1,1,B_pure_quant_vr1.5,True,,20230201,39.5,20230203,-6.354430379746834,-7.569620253164566,20230207,-10.53164556962024,-11.316455696202532,20230210,-9.873417721518985,-11.316455696202532
002421,002421.SZ,达实智能,软件服务,20230131,3.94,67.16160746845614,67.16160746845614,0.0,5.08,9.2762,7904.08,3.902439024390237,momentum,BULL_TREND,100.0,94.58536585365857,79.0408,60.0,51.05714350656905,0.0,100.0,86.83482181776463,0.0,2,2,B_pure_quant_vr1.5,True,,20230201,3.88,20230203,3.6082474226803996,-0.773195876288657,20230207,2.8350515463917647,-0.773195876288657,20230210,3.0927835051546504,-0.773195876288657
600313,600313.SH,农发种业,种植业,20230131,11.07,64.93570617683714,64.93570617683714,0.0,2.06,7.5066,10722.83,1.3368983957219283,momentum,BULL_TREND,52.132216870424685,100.0,100.0,100.0,38.337175160413416,20.0,86.47600000000001,91.24638614190751,0.0,3,3,B_pure_quant_vr1.5,True,,20230201,11.08,20230203,0.09025270758122872,-2.0758122743682383,20230207,-0.3610108303249149,-2.0758122743682383,20230210,1.7148014440433235,-2.9783393501805033
003022,003022.SZ,联泓新科,化工原料,20230131,39.1,77.07016963390701,68.24846292257179,8.82170671133523,1.97,8.3821,15426.3,2.2499999999999964,momentum,BULL_TREND,48.90978148408258,100.0,100.0,80.0,88.21706711335229,63.33333333333333,100.0,11.019156106222722,0.0,1,1,A_recovered_proxy_vr1.2,True,,20230201,39.5,20230203,-6.354430379746834,-7.569620253164566,20230207,-10.53164556962024,-11.316455696202532,20230210,-9.873417721518985,-11.316455696202532
002421,002421.SZ,达实智能,软件服务,20230131,3.94,66.58053236111792,66.58053236111792,0.0,5.08,9.2762,7904.08,3.902439024390237,momentum,BULL_TREND,100.0,94.58536585365857,79.0408,80.0,43.151767969877966,0.0,100.0,86.83482181776463,0.0,2,2,A_recovered_proxy_vr1.2,True,,20230201,3.88,20230203,3.6082474226803996,-0.773195876288657,20230207,2.8350515463917647,-0.773195876288657,20230210,3.0927835051546504,-0.773195876288657
600313,600313.SH,农发种业,种植业,20230131,11.07,64.84876037364286,64.84876037364286,0.0,2.06,7.5066,10722.83,1.3368983957219283,momentum,BULL_TREND,52.132216870424685,100.0,100.0,100.0,37.902446144442045,20.0,86.47600000000001,91.24638614190751,0.0,3,3,A_recovered_proxy_vr1.2,True,,20230201,11.08,20230203,0.09025270758122872,-2.0758122743682383,20230207,-0.3610108303249149,-2.0758122743682383,20230210,1.7148014440433235,-2.9783393501805033
003022,003022.SZ,联泓新科,化工原料,20230131,39.1,68.24846292257179,68.24846292257179,0.0,1.97,8.3821,15426.3,2.2499999999999964,momentum,BULL_TREND,48.90978148408258,100.0,100.0,80.0,88.21706711335229,63.33333333333333,100.0,11.019156106222722,0.0,1,1,D_pure_quant_vr1.2,True,,20230201,39.5,20230203,-6.354430379746834,-7.569620253164566,20230207,-10.53164556962024,-11.316455696202532,20230210,-9.873417721518985,-11.316455696202532
002421,002421.SZ,达实智能,软件服务,20230131,3.94,66.58053236111792,66.58053236111792,0.0,5.08,9.2762,7904.08,3.902439024390237,momentum,BULL_TREND,100.0,94.58536585365857,79.0408,80.0,43.151767969877966,0.0,100.0,86.83482181776463,0.0,2,2,D_pure_quant_vr1.2,True,,20230201,3.88,20230203,3.6082474226803996,-0.773195876288657,20230207,2.8350515463917647,-0.773195876288657,20230210,3.0927835051546504,-0.773195876288657
600313,600313.SH,农发种业,种植业,20230131,11.07,64.84876037364286,64.84876037364286,0.0,2.06,7.5066,10722.83,1.3368983957219283,momentum,BULL_TREND,52.132216870424685,100.0,100.0,100.0,37.902446144442045,20.0,86.47600000000001,91.24638614190751,0.0,3,3,D_pure_quant_vr1.2,True,,20230201,11.08,20230203,0.09025270758122872,-2.0758122743682383,20230207,-0.3610108303249149,-2.0758122743682383,20230210,1.7148014440433235,-2.9783393501805033
002421,002421.SZ,达实智能,软件服务,20230131,3.94,57.95017876714232,57.95017876714232,0.0,5.08,9.2762,7904.08,3.902439024390237,momentum,BULL_TREND,100.0,94.58536585365857,79.0408,80.0,43.151767969877966,0.0,100.0,86.83482181776463,0.0,1,1,E_ablate_sector_vr1.2,True,,20230201,3.88,20230203,3.6082474226803996,-0.773195876288657,20230207,2.8350515463917647,-0.773195876288657,20230210,3.0927835051546504,-0.773195876288657
600313,600313.SH,农发种业,种植业,20230131,11.07,57.26827114475445,57.26827114475445,0.0,2.06,7.5066,10722.83,1.3368983957219283,momentum,BULL_TREND,52.132216870424685,100.0,100.0,100.0,37.902446144442045,20.0,86.47600000000001,91.24638614190751,0.0,2,2,E_ablate_sector_vr1.2,True,,20230201,11.08,20230203,0.09025270758122872,-2.0758122743682383,20230207,-0.3610108303249149,-2.0758122743682383,20230210,1.7148014440433235,-2.9783393501805033
002183,002183.SZ,怡亚通,仓储物流,20230131,6.41,51.961108070253196,51.961108070253196,0.0,2.02,3.0368,8895.04,4.613095238095232,momentum,BULL_TREND,50.7177646488535,90.32142857142861,88.9504,80.0,30.147229609450008,53.333333333333336,72.378,72.45653849115644,0.0,3,3,E_ablate_sector_vr1.2,True,,20230201,6.38,20230203,-1.0971786833855801,-2.6645768025078342,20230207,-2.821316614420055,-3.9184952978056464,20230210,-3.2915360501567403,-5.799373040752354
002421,002421.SZ,达实智能,软件服务,20230131,3.94,50.77237236111792,50.77237236111792,0.0,5.08,9.2762,7904.08,3.902439024390237,momentum,BULL_TREND,100.0,94.58536585365857,79.0408,80.0,43.151767969877966,0.0,100.0,86.83482181776463,0.0,1,1,E_ablate_inflow_vr1.2,True,,20230201,3.88,20230203,3.6082474226803996,-0.773195876288657,20230207,2.8350515463917647,-0.773195876288657,20230210,3.0927835051546504,-0.773195876288657
603757,603757.SH,大元泵业,机械基件,20230131,26.9,50.51147885108547,50.51147885108547,0.0,4.14,6.5752,2100.82,1.3568023469013604,momentum,BULL_TREND,100.0,100.0,21.008200000000002,100.0,45.7905687573485,30.0,100.0,48.53365099615767,0.0,2,2,E_ablate_inflow_vr1.2,True,,20230201,26.99,20230203,2.8899592441645083,-0.5187106335679759,20230207,-0.7410151908114115,-0.8151167098925494,20230210,-0.5557613931085559,-3.3716191181919264
003022,003022.SZ,联泓新科,化工原料,20230131,39.1,48.24846292257178,48.24846292257178,0.0,1.97,8.3821,15426.3,2.2499999999999964,momentum,BULL_TREND,48.90978148408258,100.0,100.0,80.0,88.21706711335229,63.33333333333333,100.0,11.019156106222722,0.0,3,3,E_ablate_inflow_vr1.2,True,,20230201,39.5,20230203,-6.354430379746834,-7.569620253164566,20230207,-10.53164556962024,-11.316455696202532,20230210,-9.873417721518985,-11.316455696202532
003022,003022.SZ,联泓新科,化工原料,20230131,39.1,67.14654731194952,67.14654731194952,0.0,1.97,8.3821,15426.3,2.2499999999999964,momentum,BULL_TREND,48.90978148408258,100.0,100.0,80.0,88.21706711335229,63.33333333333333,100.0,11.019156106222722,0.0,1,1,E_ablate_wyckoff_vr1.2,True,,20230201,39.5,20230203,-6.354430379746834,-7.569620253164566,20230207,-10.53164556962024,-11.316455696202532,20230210,-9.873417721518985,-11.316455696202532
002421,002421.SZ,达实智能,软件服务,20230131,3.94,57.89705017934145,57.89705017934145,0.0,5.08,9.2762,7904.08,3.902439024390237,momentum,BULL_TREND,100.0,94.58536585365857,79.0408,80.0,43.151767969877966,0.0,100.0,86.83482181776463,0.0,2,2,E_ablate_wyckoff_vr1.2,True,,20230201,3.88,20230203,3.6082474226803996,-0.773195876288657,20230207,2.8350515463917647,-0.773195876288657,20230210,3.0927835051546504,-0.773195876288657
000970,000970.SZ,中科三环,矿物制品,20230131,15.29,56.61890180820976,56.61890180820976,0.0,1.59,6.6742,17878.76,0.5851755526658103,momentum,BULL_TREND,33.45133827548153,100.0,100.0,100.0,50.72167200110434,33.33333333333333,95.80400000000002,51.26583056475444,0.0,3,3,E_ablate_wyckoff_vr1.2,True,,20230201,15.26,20230203,-1.9659239842725995,-3.669724770642202,20230207,1.0484927916120546,-3.669724770642202,20230210,-2.3591087811271283,-3.669724770642202
003022,003022.SZ,联泓新科,化工原料,20230131,39.1,68.24846292257179,68.24846292257179,0.0,1.97,8.3821,15426.3,2.2499999999999964,momentum,BULL_TREND,48.90978148408258,100.0,100.0,80.0,88.21706711335229,63.33333333333333,100.0,11.019156106222722,0.0,1,1,E_ablate_accel_vr1.2,True,,20230201,39.5,20230203,-6.354430379746834,-7.569620253164566,20230207,-10.53164556962024,-11.316455696202532,20230210,-9.873417721518985,-11.316455696202532
002421,002421.SZ,达实智能,软件服务,20230131,3.94,66.58053236111792,66.58053236111792,0.0,5.08,9.2762,7904.08,3.902439024390237,momentum,BULL_TREND,100.0,94.58536585365857,79.0408,80.0,43.151767969877966,0.0,100.0,86.83482181776463,0.0,2,2,E_ablate_accel_vr1.2,True,,20230201,3.88,20230203,3.6082474226803996,-0.773195876288657,20230207,2.8350515463917647,-0.773195876288657,20230210,3.0927835051546504,-0.773195876288657
600313,600313.SH,农发种业,种植业,20230131,11.07,64.84876037364286,64.84876037364286,0.0,2.06,7.5066,10722.83,1.3368983957219283,momentum,BULL_TREND,52.132216870424685,100.0,100.0,100.0,37.902446144442045,20.0,86.47600000000001,91.24638614190751,0.0,3,3,E_ablate_accel_vr1.2,True,,20230201,11.08,20230203,0.09025270758122872,-2.0758122743682383,20230207,-0.3610108303249149,-2.0758122743682383,20230210,1.7148014440433235,-2.9783393501805033
600392,600392.SH,盛和资源,小金属,20230201,17.35,77.17492539058905,68.39629727267523,8.778628117913831,2.37,4.9669,20780.24,1.5323496027241745,momentum,BULL_TREND,62.24435295617672,100.0,100.0,80.0,87.78628117913831,30.0,0.0,60.02388093421054,0.0,1,1,A_recovered_proxy_vr1.5,True,,20230202,17.15,20230206,-3.5568513119533463,-5.247813411078706,20230208,-4.781341107871717,-5.247813411078706,20230213,-4.723032069970834,-6.122448979591821
600459,600459.SH,贵研铂业,小金属,20230201,17.25,69.63920740401018,60.860579286096346,8.778628117913831,2.21,3.2388,5932.65,1.2027491408934756,momentum,BULL_TREND,57.202318480835345,100.0,59.326499999999996,65.0,87.78628117913831,30.0,0.0,81.07675278143381,0.0,2,2,A_recovered_proxy_vr1.5,True,,20230202,17.26,20230206,-2.2595596755504044,-4.519119351100819,20230208,-2.3174971031286296,-4.519119351100819,20230213,-4.171494785631536,-4.692931633835473
000625,000625.SZ,长安汽车,汽车整车,20230201,14.79,66.15060517925389,59.241989186739545,6.908615992514349,1.63,4.2382,86727.48,0.20242914979757853,momentum,BULL_TREND,35.24359822281764,100.0,100.0,80.0,69.08615992514349,33.33333333333333,0.0,44.71550801621535,0.0,3,3,A_recovered_proxy_vr1.5,True,,20230202,14.65,20230206,-5.460750853242324,-5.802047781569963,20230208,-6.348122866894201,-6.348122866894201,20230213,-5.8703071672355005,-7.576791808873729
600392,600392.SH,盛和资源,小金属,20230201,17.35,68.39629727267523,68.39629727267523,0.0,2.37,4.9669,20780.24,1.5323496027241745,momentum,BULL_TREND,62.24435295617672,100.0,100.0,80.0,87.78628117913831,30.0,0.0,60.02388093421054,0.0,1,1,B_pure_quant_vr1.5,True,,20230202,17.15,20230206,-3.5568513119533463,-5.247813411078706,20230208,-4.781341107871717,-5.247813411078706,20230213,-4.723032069970834,-6.122448979591821
600459,600459.SH,贵研铂业,小金属,20230201,17.25,60.860579286096346,60.860579286096346,0.0,2.21,3.2388,5932.65,1.2027491408934756,momentum,BULL_TREND,57.202318480835345,100.0,59.326499999999996,65.0,87.78628117913831,30.0,0.0,81.07675278143381,0.0,2,2,B_pure_quant_vr1.5,True,,20230202,17.26,20230206,-2.2595596755504044,-4.519119351100819,20230208,-2.3174971031286296,-4.519119351100819,20230213,-4.171494785631536,-4.692931633835473
000625,000625.SZ,长安汽车,汽车整车,20230201,14.79,59.241989186739545,59.241989186739545,0.0,1.63,4.2382,86727.48,0.20242914979757853,momentum,BULL_TREND,35.24359822281764,100.0,100.0,80.0,69.08615992514349,33.33333333333333,0.0,44.71550801621535,0.0,3,3,B_pure_quant_vr1.5,True,,20230202,14.65,20230206,-5.460750853242324,-5.802047781569963,20230208,-6.348122866894201,-6.348122866894201,20230213,-5.8703071672355005,-7.576791808873729
600392,600392.SH,盛和资源,小金属,20230201,17.35,77.17492539058905,68.39629727267523,8.778628117913831,2.37,4.9669,20780.24,1.5323496027241745,momentum,BULL_TREND,62.24435295617672,100.0,100.0,80.0,87.78628117913831,30.0,0.0,60.02388093421054,0.0,1,1,A_recovered_proxy_vr1.2,True,,20230202,17.15,20230206,-3.5568513119533463,-5.247813411078706,20230208,-4.781341107871717,-5.247813411078706,20230213,-4.723032069970834,-6.122448979591821
600459,600459.SH,贵研铂业,小金属,20230201,17.25,69.63920740401018,60.860579286096346,8.778628117913831,2.21,3.2388,5932.65,1.2027491408934756,momentum,BULL_TREND,57.202318480835345,100.0,59.326499999999996,65.0,87.78628117913831,30.0,0.0,81.07675278143381,0.0,2,2,A_recovered_proxy_vr1.2,True,,20230202,17.26,20230206,-2.2595596755504044,-4.519119351100819,20230208,-2.3174971031286296,-4.519119351100819,20230213,-4.171494785631536,-4.692931633835473
002428,002428.SZ,云南锗业,小金属,20230201,10.88,64.71354446004925,55.934916342135416,8.778628117913831,2.72,3.1229,3124.3,1.449275362318826,momentum,BULL_TREND,72.18033257378073,100.0,31.243000000000002,65.0,87.78628117913831,20.0,0.0,70.52010220240646,0.0,3,3,A_recovered_proxy_vr1.2,True,,20230202,10.9,20230206,-1.1009174311926717,-2.0183486238532167,20230208,1.7431192660550376,-2.0183486238532167,20230213,-1.2844036697247763,-2.0183486238532167
600392,600392.SH,盛和资源,小金属,20230201,17.35,68.39629727267523,68.39629727267523,0.0,2.37,4.9669,20780.24,1.5323496027241745,momentum,BULL_TREND,62.24435295617672,100.0,100.0,80.0,87.78628117913831,30.0,0.0,60.02388093421054,0.0,1,1,D_pure_quant_vr1.2,True,,20230202,17.15,20230206,-3.5568513119533463,-5.247813411078706,20230208,-4.781341107871717,-5.247813411078706,20230213,-4.723032069970834,-6.122448979591821
600459,600459.SH,贵研铂业,小金属,20230201,17.25,60.860579286096346,60.860579286096346,0.0,2.21,3.2388,5932.65,1.2027491408934756,momentum,BULL_TREND,57.202318480835345,100.0,59.326499999999996,65.0,87.78628117913831,30.0,0.0,81.07675278143381,0.0,2,2,D_pure_quant_vr1.2,True,,20230202,17.26,20230206,-2.2595596755504044,-4.519119351100819,20230208,-2.3174971031286296,-4.519119351100819,20230213,-4.171494785631536,-4.692931633835473
000625,000625.SZ,长安汽车,汽车整车,20230201,14.79,57.01185102866555,57.01185102866555,0.0,1.63,4.2382,86727.48,0.20242914979757853,momentum,BULL_TREND,35.24359822281764,100.0,100.0,40.0,67.93546913477353,33.33333333333333,0.0,44.71550801621535,0.0,3,3,D_pure_quant_vr1.2,True,,20230202,14.65,20230206,-5.460750853242324,-5.802047781569963,20230208,-6.348122866894201,-6.348122866894201,20230213,-5.8703071672355005,-7.576791808873729
600392,600392.SH,盛和资源,小金属,20230201,17.35,50.83904103684756,50.83904103684756,0.0,2.37,4.9669,20780.24,1.5323496027241745,momentum,BULL_TREND,62.24435295617672,100.0,100.0,80.0,87.78628117913831,30.0,0.0,60.02388093421054,0.0,1,1,E_ablate_sector_vr1.2,True,,20230202,17.15,20230206,-3.5568513119533463,-5.247813411078706,20230208,-4.781341107871717,-5.247813411078706,20230213,-4.723032069970834,-6.122448979591821
002840,002840.SZ,华统股份,食品,20230201,18.45,48.11415127077052,48.11415127077052,0.0,2.19,4.8934,8128.17,2.0180562931492245,momentum,BULL_TREND,56.54654349132243,100.0,81.2817,80.0,43.78744253590558,63.33333333333333,0.0,62.09163080405489,0.0,2,2,E_ablate_sector_vr1.2,True,,20230202,18.85,20230206,2.9177718832890998,-3.4482758620689724,20230208,-0.7957559681697757,-3.4482758620689724,20230213,-1.8567639257294544,-4.297082228116722
002529,002529.SZ,海源复材,专用机械,20230201,20.07,47.07850364083132,47.07850364083132,0.0,2.72,7.8084,7082.78,2.5728155339805876,momentum,BULL_TREND,72.18033257378073,100.0,70.8278,65.0,40.5373755919168,63.33333333333333,0.0,56.69227088097547,0.0,3,3,E_ablate_sector_vr1.2,True,,20230202,19.99,20230206,-3.8019009504752233,-5.552776388194092,20230208,-2.451225612806396,-5.552776388194092,20230213,-3.1515757878939454,-5.552776388194092
002428,002428.SZ,云南锗业,小金属,20230201,10.88,49.48469749441268,49.48469749441268,0.0,2.72,3.1229,3124.3,1.449275362318826,momentum,BULL_TREND,72.18033257378073,100.0,31.243000000000002,65.0,86.77818694052459,20.0,0.0,70.52010220240646,0.0,1,1,E_ablate_inflow_vr1.2,True,,20230202,10.9,20230206,-1.1009174311926717,-2.0183486238532167,20230208,1.7431192660550376,-2.0183486238532167,20230213,-1.2844036697247763,-2.0183486238532167
600459,600459.SH,贵研铂业,小金属,20230201,17.25,48.79366043837361,48.79366043837361,0.0,2.21,3.2388,5932.65,1.2027491408934756,momentum,BULL_TREND,57.202318480835345,100.0,59.326499999999996,65.0,86.77818694052459,30.0,0.0,81.07675278143381,0.0,2,2,E_ablate_inflow_vr1.2,True,,20230202,17.26,20230206,-2.2595596755504044,-4.519119351100819,20230208,-2.3174971031286296,-4.519119351100819,20230213,-4.171494785631536,-4.692931633835473
600392,600392.SH,盛和资源,小金属,20230201,17.35,48.194678424952485,48.194678424952485,0.0,2.37,4.9669,20780.24,1.5323496027241745,momentum,BULL_TREND,62.24435295617672,100.0,100.0,80.0,86.77818694052459,30.0,0.0,60.02388093421054,0.0,3,3,E_ablate_inflow_vr1.2,True,,20230202,17.15,20230206,-3.5568513119533463,-5.247813411078706,20230208,-4.781341107871717,-5.247813411078706,20230213,-4.723032069970834,-6.122448979591821
600392,600392.SH,盛和资源,小金属,20230201,17.35,62.393909179254166,62.393909179254166,0.0,2.37,4.9669,20780.24,1.5323496027241745,momentum,BULL_TREND,62.24435295617672,100.0,100.0,80.0,87.78628117913831,30.0,0.0,60.02388093421054,0.0,1,1,E_ablate_wyckoff_vr1.2,True,,20230202,17.15,20230206,-3.5568513119533463,-5.247813411078706,20230208,-4.781341107871717,-5.247813411078706,20230213,-4.723032069970834,-6.122448979591821
600459,600459.SH,贵研铂业,小金属,20230201,17.25,52.752904007952964,52.752904007952964,0.0,2.21,3.2388,5932.65,1.2027491408934756,momentum,BULL_TREND,57.202318480835345,100.0,59.326499999999996,65.0,87.78628117913831,30.0,0.0,81.07675278143381,0.0,2,2,E_ablate_wyckoff_vr1.2,True,,20230202,17.26,20230206,-2.2595596755504044,-4.519119351100819,20230208,-2.3174971031286296,-4.519119351100819,20230213,-4.171494785631536,-4.692931633835473
000625,000625.SZ,长安汽车,汽车整车,20230201,14.79,52.54030022704402,52.54030022704402,0.0,1.63,4.2382,86727.48,0.20242914979757853,momentum,BULL_TREND,35.24359822281764,100.0,100.0,40.0,67.93546913477353,33.33333333333333,0.0,44.71550801621535,0.0,3,3,E_ablate_wyckoff_vr1.2,True,,20230202,14.65,20230206,-5.460750853242324,-5.802047781569963,20230208,-6.348122866894201,-6.348122866894201,20230213,-5.8703071672355005,-7.576791808873729
600392,600392.SH,盛和资源,小金属,20230201,17.35,68.39629727267523,68.39629727267523,0.0,2.37,4.9669,20780.24,1.5323496027241745,momentum,BULL_TREND,62.24435295617672,100.0,100.0,80.0,87.78628117913831,30.0,0.0,60.02388093421054,0.0,1,1,E_ablate_accel_vr1.2,True,,20230202,17.15,20230206,-3.5568513119533463,-5.247813411078706,20230208,-4.781341107871717,-5.247813411078706,20230213,-4.723032069970834,-6.122448979591821
600459,600459.SH,贵研铂业,小金属,20230201,17.25,60.860579286096346,60.860579286096346,0.0,2.21,3.2388,5932.65,1.2027491408934756,momentum,BULL_TREND,57.202318480835345,100.0,59.326499999999996,65.0,87.78628117913831,30.0,0.0,81.07675278143381,0.0,2,2,E_ablate_accel_vr1.2,True,,20230202,17.26,20230206,-2.2595596755504044,-4.519119351100819,20230208,-2.3174971031286296,-4.519119351100819,20230213,-4.171494785631536,-4.692931633835473
000625,000625.SZ,长安汽车,汽车整车,20230201,14.79,57.01185102866555,57.01185102866555,0.0,1.63,4.2382,86727.48,0.20242914979757853,momentum,BULL_TREND,35.24359822281764,100.0,100.0,40.0,67.93546913477353,33.33333333333333,0.0,44.71550801621535,0.0,3,3,E_ablate_accel_vr1.2,True,,20230202,14.65,20230206,-5.460750853242324,-5.802047781569963,20230208,-6.348122866894201,-6.348122866894201,20230213,-5.8703071672355005,-7.576791808873729
600197,600197.SH,伊力特,白酒,20230202,27.32,74.01487065305477,65.80327806174921,8.211592591305557,2.09,3.6008,10864.42,0.9427121102247934,momentum,BULL_TREND,53.175147115307894,100.0,100.0,65.0,82.11592591305556,66.66666666666666,0.0,48.20487478508578,0.0,1,1,A_recovered_proxy_vr1.5,True,,20230203,27.01,20230207,0.5553498704183646,-2.591632728619042,20230209,5.516475379489072,-2.591632728619042,20230214,6.293965198074791,-2.591632728619042
000799,000799.SZ,酒鬼酒,白酒,20230202,146.86,68.82194965540914,60.61035706410358,8.211592591305557,1.65,4.2362,37107.42,3.4577964764659423,momentum,BULL_TREND,36.12330122355455,97.25322114120435,100.0,65.0,82.11592591305556,10.0,0.0,52.93354583838847,0.0,2,2,A_recovered_proxy_vr1.5,True,,20230203,145.04,20230207,-2.061500275785977,-3.461114175399882,20230209,-1.1789851075565183,-4.164368450082733,20230214,8.418367346938771,-4.164368450082733
000928,000928.SZ,中钢国际,建筑工程,20230202,7.33,63.375777915359286,63.375777915359286,0.0,2.92,5.8711,9864.81,0.811907983761835,momentum,BULL_TREND,77.29841845526462,100.0,98.6481,65.0,53.77969234985477,33.33333333333333,0.0,63.78790010431974,0.0,3,3,A_recovered_proxy_vr1.5,True,,20230203,7.31,20230207,-3.4199726402188824,-6.566347469220235,20230209,-3.5567715458276306,-6.566347469220235,20230214,0.8207934336525335,-6.566347469220235
600197,600197.SH,伊力特,白酒,20230202,27.32,65.80327806174921,65.80327806174921,0.0,2.09,3.6008,10864.42,0.9427121102247934,momentum,BULL_TREND,53.175147115307894,100.0,100.0,65.0,82.11592591305556,66.66666666666666,0.0,48.20487478508578,0.0,1,1,B_pure_quant_vr1.5,True,,20230203,27.01,20230207,0.5553498704183646,-2.591632728619042,20230209,5.516475379489072,-2.591632728619042,20230214,6.293965198074791,-2.591632728619042
000928,000928.SZ,中钢国际,建筑工程,20230202,7.33,63.375777915359286,63.375777915359286,0.0,2.92,5.8711,9864.81,0.811907983761835,momentum,BULL_TREND,77.29841845526462,100.0,98.6481,65.0,53.77969234985477,33.33333333333333,0.0,63.78790010431974,0.0,2,2,B_pure_quant_vr1.5,True,,20230203,7.31,20230207,-3.4199726402188824,-6.566347469220235,20230209,-3.5567715458276306,-6.566347469220235,20230214,0.8207934336525335,-6.566347469220235
002092,002092.SZ,中泰化学,化工原料,20230202,8.11,61.49761322625781,61.49761322625781,0.0,2.95,3.18,10360.97,1.0975609756097544,momentum,BULL_TREND,78.03574772372394,100.0,100.0,65.0,41.55474471474404,20.0,0.0,72.31302124750411,0.0,3,3,B_pure_quant_vr1.5,True,,20230203,8.11,20230207,-1.9728729963008562,-2.83600493218249,20230209,-1.3563501849568338,-2.83600493218249,20230214,7.644882860665847,-2.83600493218249
600197,600197.SH,伊力特,白酒,20230202,27.32,72.57146532935874,64.84100784595186,7.730457483406887,2.09,3.6008,10864.42,0.9427121102247934,momentum,BULL_TREND,53.175147115307894,100.0,100.0,65.0,77.30457483406887,66.66666666666666,0.0,48.20487478508578,0.0,1,1,A_recovered_proxy_vr1.2,True,,20230203,27.01,20230207,0.5553498704183646,-2.591632728619042,20230209,5.516475379489072,-2.591632728619042,20230214,6.293965198074791,-2.591632728619042
000799,000799.SZ,酒鬼酒,白酒,20230202,146.86,67.37854433171313,59.64808684830624,7.730457483406887,1.65,4.2362,37107.42,3.4577964764659423,momentum,BULL_TREND,36.12330122355455,97.25322114120435,100.0,65.0,77.30457483406887,10.0,0.0,52.93354583838847,0.0,2,2,A_recovered_proxy_vr1.2,True,,20230203,145.04,20230207,-2.061500275785977,-3.461114175399882,20230209,-1.1789851075565183,-4.164368450082733,20230214,8.418367346938771,-4.164368450082733
000928,000928.SZ,中钢国际,建筑工程,20230202,7.33,63.22151146209553,63.22151146209553,0.0,2.92,5.8711,9864.81,0.811907983761835,momentum,BULL_TREND,77.29841845526462,100.0,98.6481,65.0,53.00836008353596,33.33333333333333,0.0,63.78790010431974,0.0,3,3,A_recovered_proxy_vr1.2,True,,20230203,7.31,20230207,-3.4199726402188824,-6.566347469220235,20230209,-3.5567715458276306,-6.566347469220235,20230214,0.8207934336525335,-6.566347469220235
600197,600197.SH,伊力特,白酒,20230202,27.32,64.84100784595186,64.84100784595186,0.0,2.09,3.6008,10864.42,0.9427121102247934,momentum,BULL_TREND,53.175147115307894,100.0,100.0,65.0,77.30457483406887,66.66666666666666,0.0,48.20487478508578,0.0,1,1,D_pure_quant_vr1.2,True,,20230203,27.01,20230207,0.5553498704183646,-2.591632728619042,20230209,5.516475379489072,-2.591632728619042,20230214,6.293965198074791,-2.591632728619042
000928,000928.SZ,中钢国际,建筑工程,20230202,7.33,63.22151146209553,63.22151146209553,0.0,2.92,5.8711,9864.81,0.811907983761835,momentum,BULL_TREND,77.29841845526462,100.0,98.6481,65.0,53.00836008353596,33.33333333333333,0.0,63.78790010431974,0.0,2,2,D_pure_quant_vr1.2,True,,20230203,7.31,20230207,-3.4199726402188824,-6.566347469220235,20230209,-3.5567715458276306,-6.566347469220235,20230214,0.8207934336525335,-6.566347469220235
002092,002092.SZ,中泰化学,化工原料,20230202,8.11,61.371919409801,61.371919409801,0.0,2.95,3.18,10360.97,1.0975609756097544,momentum,BULL_TREND,78.03574772372394,100.0,100.0,65.0,40.92627563246,20.0,0.0,72.31302124750411,0.0,3,3,D_pure_quant_vr1.2,True,,20230203,8.11,20230207,-1.9728729963008562,-2.83600493218249,20230209,-1.3563501849568338,-2.83600493218249,20230214,7.644882860665847,-2.83600493218249
002092,002092.SZ,中泰化学,化工原料,20230202,8.11,53.186664283309,53.186664283309,0.0,2.95,3.18,10360.97,1.0975609756097544,momentum,BULL_TREND,78.03574772372394,100.0,100.0,65.0,40.92627563246,20.0,0.0,72.31302124750411,0.0,1,1,E_ablate_sector_vr1.2,True,,20230203,8.11,20230207,-1.9728729963008562,-2.83600493218249,20230209,-1.3563501849568338,-2.83600493218249,20230214,7.644882860665847,-2.83600493218249
000928,000928.SZ,中钢国际,建筑工程,20230202,7.33,52.61983944538834,52.61983944538834,0.0,2.92,5.8711,9864.81,0.811907983761835,momentum,BULL_TREND,77.29841845526462,100.0,98.6481,65.0,53.00836008353596,33.33333333333333,0.0,63.78790010431974,0.0,2,2,E_ablate_sector_vr1.2,True,,20230203,7.31,20230207,-3.4199726402188824,-6.566347469220235,20230209,-3.5567715458276306,-6.566347469220235,20230214,0.8207934336525335,-6.566347469220235
600197,600197.SH,伊力特,白酒,20230202,27.32,49.3800928791381,49.3800928791381,0.0,2.09,3.6008,10864.42,0.9427121102247934,momentum,BULL_TREND,53.175147115307894,100.0,100.0,65.0,77.30457483406887,66.66666666666666,0.0,48.20487478508578,0.0,3,3,E_ablate_sector_vr1.2,True,,20230203,27.01,20230207,0.5553498704183646,-2.591632728619042,20230209,5.516475379489072,-2.591632728619042,20230214,6.293965198074791,-2.591632728619042
600197,600197.SH,伊力特,白酒,20230202,27.32,60.02052036744329,60.02052036744329,0.0,2.09,3.6008,10864.42,0.9427121102247934,momentum,BULL_TREND,53.175147115307894,100.0,100.0,65.0,77.30457483406887,66.66666666666666,0.0,48.20487478508578,0.0,1,1,E_ablate_wyckoff_vr1.2,True,,20230203,27.01,20230207,0.5553498704183646,-2.591632728619042,20230209,5.516475379489072,-2.591632728619042,20230214,6.293965198074791,-2.591632728619042
000928,000928.SZ,中钢国际,建筑工程,20230202,7.33,56.84272145166355,56.84272145166355,0.0,2.92,5.8711,9864.81,0.811907983761835,momentum,BULL_TREND,77.29841845526462,100.0,98.6481,65.0,53.00836008353596,33.33333333333333,0.0,63.78790010431974,0.0,2,2,E_ablate_wyckoff_vr1.2,True,,20230203,7.31,20230207,-3.4199726402188824,-6.566347469220235,20230209,-3.5567715458276306,-6.566347469220235,20230214,0.8207934336525335,-6.566347469220235
000799,000799.SZ,酒鬼酒,白酒,20230202,146.86,54.354732264467394,54.354732264467394,0.0,1.65,4.2362,37107.42,3.4577964764659423,momentum,BULL_TREND,36.12330122355455,97.25322114120435,100.0,65.0,77.30457483406887,10.0,0.0,52.93354583838847,0.0,3,3,E_ablate_wyckoff_vr1.2,True,,20230203,145.04,20230207,-2.061500275785977,-3.461114175399882,20230209,-1.1789851075565183,-4.164368450082733,20230214,8.418367346938771,-4.164368450082733
600197,600197.SH,伊力特,白酒,20230202,27.32,64.84100784595186,64.84100784595186,0.0,2.09,3.6008,10864.42,0.9427121102247934,momentum,BULL_TREND,53.175147115307894,100.0,100.0,65.0,77.30457483406887,66.66666666666666,0.0,48.20487478508578,0.0,1,1,E_ablate_accel_vr1.2,True,,20230203,27.01,20230207,0.5553498704183646,-2.591632728619042,20230209,5.516475379489072,-2.591632728619042,20230214,6.293965198074791,-2.591632728619042
000928,000928.SZ,中钢国际,建筑工程,20230202,7.33,63.22151146209553,63.22151146209553,0.0,2.92,5.8711,9864.81,0.811907983761835,momentum,BULL_TREND,77.29841845526462,100.0,98.6481,65.0,53.00836008353596,33.33333333333333,0.0,63.78790010431974,0.0,2,2,E_ablate_accel_vr1.2,True,,20230203,7.31,20230207,-3.4199726402188824,-6.566347469220235,20230209,-3.5567715458276306,-6.566347469220235,20230214,0.8207934336525335,-6.566347469220235
002092,002092.SZ,中泰化学,化工原料,20230202,8.11,61.371919409801,61.371919409801,0.0,2.95,3.18,10360.97,1.0975609756097544,momentum,BULL_TREND,78.03574772372394,100.0,100.0,65.0,40.92627563246,20.0,0.0,72.31302124750411,0.0,3,3,E_ablate_accel_vr1.2,True,,20230203,8.11,20230207,-1.9728729963008562,-2.83600493218249,20230209,-1.3563501849568338,-2.83600493218249,20230214,7.644882860665847,-2.83600493218249
002803,002803.SZ,吉宏股份,互联网,20230203,16.86,82.51791641026333,74.07429203840402,8.443624371859297,2.74,11.8601,11349.41,2.2608695652173947,momentum,BULL_TREND,72.7087946592901,100.0,100.0,100.0,84.43624371859296,53.333333333333336,0.0,86.14057429125253,0.0,1,1,A_recovered_proxy_vr1.5,True,,20230206,16.8,20230208,6.488095238095237,-1.6071428571428514,20230210,4.464285714285721,-1.6071428571428514,20230215,3.392857142857153,-1.6071428571428514
600633,600633.SH,浙数文化,互联网,20230203,9.6,73.36582531168116,64.92220093982186,8.443624371859297,1.81,5.7148,11924.86,0.0,momentum,BULL_TREND,42.799484865424034,100.0,100.0,65.0,84.43624371859296,66.66666666666666,0.0,50.316961329563355,0.0,2,2,A_recovered_proxy_vr1.5,True,,20230206,9.42,20230208,1.3800424628450214,-1.1677282377919207,20230210,1.0615711252653925,-1.1677282377919207,20230215,1.9108280254777066,-1.27388535031846
002654,002654.SZ,万润科技,互联网,20230203,5.59,61.927427077786035,53.483802705926735,8.443624371859297,1.51,11.8741,6022.14,3.287197231833917,momentum,BULL_TREND,29.727427477517708,98.2768166089965,60.2214,100.0,84.43624371859296,30.0,0.0,37.654781796808365,0.0,3,3,A_recovered_proxy_vr1.5,True,,20230206,5.58,20230208,-3.584229390681004,-4.838709677419361,20230210,-3.046594982078854,-6.272401433691755,20230215,-4.301075268817211,-6.272401433691755
002803,002803.SZ,吉宏股份,互联网,20230203,16.86,74.07429203840402,74.07429203840402,0.0,2.74,11.8601,11349.41,2.2608695652173947,momentum,BULL_TREND,72.7087946592901,100.0,100.0,100.0,84.43624371859296,53.333333333333336,0.0,86.14057429125253,0.0,1,1,B_pure_quant_vr1.5,True,,20230206,16.8,20230208,6.488095238095237,-1.6071428571428514,20230210,4.464285714285721,-1.6071428571428514,20230215,3.392857142857153,-1.6071428571428514
600633,600633.SH,浙数文化,互联网,20230203,9.6,64.92220093982186,64.92220093982186,0.0,1.81,5.7148,11924.86,0.0,momentum,BULL_TREND,42.799484865424034,100.0,100.0,65.0,84.43624371859296,66.66666666666666,0.0,50.316961329563355,0.0,2,2,B_pure_quant_vr1.5,True,,20230206,9.42,20230208,1.3800424628450214,-1.1677282377919207,20230210,1.0615711252653925,-1.1677282377919207,20230215,1.9108280254777066,-1.27388535031846
002654,002654.SZ,万润科技,互联网,20230203,5.59,53.483802705926735,53.483802705926735,0.0,1.51,11.8741,6022.14,3.287197231833917,momentum,BULL_TREND,29.727427477517708,98.2768166089965,60.2214,100.0,84.43624371859296,30.0,0.0,37.654781796808365,0.0,3,3,B_pure_quant_vr1.5,True,,20230206,5.58,20230208,-3.584229390681004,-4.838709677419361,20230210,-3.046594982078854,-6.272401433691755,20230215,-4.301075268817211,-6.272401433691755
002803,002803.SZ,吉宏股份,互联网,20230203,16.86,82.08736334732961,73.78725666311489,8.300106684214724,2.74,11.8601,11349.41,2.2608695652173947,momentum,BULL_TREND,72.7087946592901,100.0,100.0,100.0,83.00106684214724,53.333333333333336,0.0,86.14057429125253,0.0,1,1,A_recovered_proxy_vr1.2,True,,20230206,16.8,20230208,6.488095238095237,-1.6071428571428514,20230210,4.464285714285721,-1.6071428571428514,20230215,3.392857142857153,-1.6071428571428514
600633,600633.SH,浙数文化,互联网,20230203,9.6,72.93527224874745,64.63516556453273,8.300106684214724,1.81,5.7148,11924.86,0.0,momentum,BULL_TREND,42.799484865424034,100.0,100.0,65.0,83.00106684214724,66.66666666666666,0.0,50.316961329563355,0.0,2,2,A_recovered_proxy_vr1.2,True,,20230206,9.42,20230208,1.3800424628450214,-1.1677282377919207,20230210,1.0615711252653925,-1.1677282377919207,20230215,1.9108280254777066,-1.27388535031846
002654,002654.SZ,万润科技,互联网,20230203,5.59,61.49687401485232,53.19676733063759,8.300106684214724,1.51,11.8741,6022.14,3.287197231833917,momentum,BULL_TREND,29.727427477517708,98.2768166089965,60.2214,100.0,83.00106684214724,30.0,0.0,37.654781796808365,0.0,3,3,A_recovered_proxy_vr1.2,True,,20230206,5.58,20230208,-3.584229390681004,-4.838709677419361,20230210,-3.046594982078854,-6.272401433691755,20230215,-4.301075268817211,-6.272401433691755
002803,002803.SZ,吉宏股份,互联网,20230203,16.86,73.78725666311489,73.78725666311489,0.0,2.74,11.8601,11349.41,2.2608695652173947,momentum,BULL_TREND,72.7087946592901,100.0,100.0,100.0,83.00106684214724,53.333333333333336,0.0,86.14057429125253,0.0,1,1,D_pure_quant_vr1.2,True,,20230206,16.8,20230208,6.488095238095237,-1.6071428571428514,20230210,4.464285714285721,-1.6071428571428514,20230215,3.392857142857153,-1.6071428571428514
600633,600633.SH,浙数文化,互联网,20230203,9.6,64.63516556453273,64.63516556453273,0.0,1.81,5.7148,11924.86,0.0,momentum,BULL_TREND,42.799484865424034,100.0,100.0,65.0,83.00106684214724,66.66666666666666,0.0,50.316961329563355,0.0,2,2,D_pure_quant_vr1.2,True,,20230206,9.42,20230208,1.3800424628450214,-1.1677282377919207,20230210,1.0615711252653925,-1.1677282377919207,20230215,1.9108280254777066,-1.27388535031846
600872,600872.SH,中炬高新,食品,20230203,39.6,54.2842264124167,54.2842264124167,0.0,1.34,3.0189,20058.89,0.8512769153730504,momentum,BULL_TREND,21.11165003415239,100.0,100.0,80.0,50.49546105960387,30.0,0.0,55.18386695373067,0.0,3,3,D_pure_quant_vr1.2,True,,20230206,39.04,20230208,-1.9467213114754078,-3.816598360655743,20230210,-1.690573770491799,-3.816598360655743,20230215,-1.1782786885245922,-3.816598360655743
002803,002803.SZ,吉宏股份,互联网,20230203,16.86,57.18704329468544,57.18704329468544,0.0,2.74,11.8601,11349.41,2.2608695652173947,momentum,BULL_TREND,72.7087946592901,100.0,100.0,100.0,83.00106684214724,53.333333333333336,0.0,86.14057429125253,0.0,1,1,E_ablate_sector_vr1.2,True,,20230206,16.8,20230208,6.488095238095237,-1.6071428571428514,20230210,4.464285714285721,-1.6071428571428514,20230215,3.392857142857153,-1.6071428571428514
600633,600633.SH,浙数文化,互联网,20230203,9.6,48.034952196103276,48.034952196103276,0.0,1.81,5.7148,11924.86,0.0,momentum,BULL_TREND,42.799484865424034,100.0,100.0,65.0,83.00106684214724,66.66666666666666,0.0,50.316961329563355,0.0,2,2,E_ablate_sector_vr1.2,True,,20230206,9.42,20230208,1.3800424628450214,-1.1677282377919207,20230210,1.0615711252653925,-1.1677282377919207,20230215,1.9108280254777066,-1.27388535031846
002803,002803.SZ,吉宏股份,互联网,20230203,16.86,53.78725666311488,53.78725666311488,0.0,2.74,11.8601,11349.41,2.2608695652173947,momentum,BULL_TREND,72.7087946592901,100.0,100.0,100.0,83.00106684214724,53.333333333333336,0.0,86.14057429125253,0.0,1,1,E_ablate_inflow_vr1.2,True,,20230206,16.8,20230208,6.488095238095237,-1.6071428571428514,20230210,4.464285714285721,-1.6071428571428514,20230215,3.392857142857153,-1.6071428571428514
601999,601999.SH,出版传媒,出版业,20230203,6.79,47.638689756385205,47.638689756385205,0.0,6.66,5.7663,-1270.22,4.9019607843137205,momentum,BULL_TREND,100.0,88.58823529411768,0.0,100.0,35.56599780153385,33.33333333333333,0.0,100.0,0.0,2,2,E_ablate_inflow_vr1.2,True,,20230206,6.88,20230208,-2.470930232558144,-2.6162790697674354,20230210,-1.744186046511631,-3.3430232558139483,20230215,-1.3081395348837233,-3.9244186046511587
002803,002803.SZ,吉宏股份,互联网,20230203,16.86,65.17319923398964,65.17319923398964,0.0,2.74,11.8601,11349.41,2.2608695652173947,momentum,BULL_TREND,72.7087946592901,100.0,100.0,100.0,83.00106684214724,53.333333333333336,0.0,86.14057429125253,0.0,1,1,E_ablate_wyckoff_vr1.2,True,,20230206,16.8,20230208,6.488095238095237,-1.6071428571428514,20230210,4.464285714285721,-1.6071428571428514,20230215,3.392857142857153,-1.6071428571428514
600633,600633.SH,浙数文化,互联网,20230203,9.6,59.603469431576386,59.603469431576386,0.0,1.81,5.7148,11924.86,0.0,momentum,BULL_TREND,42.799484865424034,100.0,100.0,65.0,83.00106684214724,66.66666666666666,0.0,50.316961329563355,0.0,2,2,E_ablate_wyckoff_vr1.2,True,,20230206,9.42,20230208,1.3800424628450214,-1.1677282377919207,20230210,1.0615711252653925,-1.1677282377919207,20230215,1.9108280254777066,-1.27388535031846
002654,002654.SZ,万润科技,互联网,20230203,5.59,49.43128915095675,49.43128915095675,0.0,1.51,11.8741,6022.14,3.287197231833917,momentum,BULL_TREND,29.727427477517708,98.2768166089965,60.2214,100.0,83.00106684214724,30.0,0.0,37.654781796808365,0.0,3,3,E_ablate_wyckoff_vr1.2,True,,20230206,5.58,20230208,-3.584229390681004,-4.838709677419361,20230210,-3.046594982078854,-6.272401433691755,20230215,-4.301075268817211,-6.272401433691755
002803,002803.SZ,吉宏股份,互联网,20230203,16.86,73.78725666311489,73.78725666311489,0.0,2.74,11.8601,11349.41,2.2608695652173947,momentum,BULL_TREND,72.7087946592901,100.0,100.0,100.0,83.00106684214724,53.333333333333336,0.0,86.14057429125253,0.0,1,1,E_ablate_accel_vr1.2,True,,20230206,16.8,20230208,6.488095238095237,-1.6071428571428514,20230210,4.464285714285721,-1.6071428571428514,20230215,3.392857142857153,-1.6071428571428514
600633,600633.SH,浙数文化,互联网,20230203,9.6,64.63516556453273,64.63516556453273,0.0,1.81,5.7148,11924.86,0.0,momentum,BULL_TREND,42.799484865424034,100.0,100.0,65.0,83.00106684214724,66.66666666666666,0.0,50.316961329563355,0.0,2,2,E_ablate_accel_vr1.2,True,,20230206,9.42,20230208,1.3800424628450214,-1.1677282377919207,20230210,1.0615711252653925,-1.1677282377919207,20230215,1.9108280254777066,-1.27388535031846
600872,600872.SH,中炬高新,食品,20230203,39.6,54.2842264124167,54.2842264124167,0.0,1.34,3.0189,20058.89,0.8512769153730504,momentum,BULL_TREND,21.11165003415239,100.0,100.0,80.0,50.49546105960387,30.0,0.0,55.18386695373067,0.0,3,3,E_ablate_accel_vr1.2,True,,20230206,39.04,20230208,-1.9467213114754078,-3.816598360655743,20230210,-1.690573770491799,-3.816598360655743,20230215,-1.1782786885245922,-3.816598360655743
600860,600860.SH,京城股份,专用机械,20230206,15.47,77.99882850734856,70.61411049391944,7.384718013429127,3.81,6.0523,6689.69,4.565083281924739,weak_momentum,BULL_TREND,96.48954988592988,100.0,66.8969,65.0,73.84718013429126,0.0,100.0,85.14772660590845,0.0,1,1,A_recovered_proxy_vr1.5,True,,20230207,15.53,20230209,2.0605280103026313,-2.3824855119124244,20230213,5.1513200257566005,-2.3824855119124244,20230216,-0.8370895041854398,-2.3824855119124244
600633,600633.SH,浙数文化,互联网,20230206,10.0,63.395545986748104,53.395545986748104,10.0,1.92,6.8846,602.13,3.6608863198458645,weak_momentum,BULL_TREND,47.05531554732157,100.0,6.0213,80.0,100.0,30.0,100.0,51.6894310309991,0.0,2,2,A_recovered_proxy_vr1.5,True,,20230207,9.9,20230209,-3.1313131313131404,-5.656565656565659,20230213,-3.4343434343434343,-5.656565656565659,20230216,-5.8585858585858634,-6.565656565656564
000560,000560.SZ,我爱我家,房产服务,20230206,3.09,55.578204694074984,55.578204694074984,0.0,1.81,6.9575,6449.23,4.334365325077403,weak_momentum,BULL_TREND,42.799484865424034,100.0,64.4923,100.0,53.58120161707727,0.0,100.0,50.0832514779986,0.0,3,3,A_recovered_proxy_vr1.5,True,,20230207,3.08,20230209,-1.9480519480519543,-3.57142857142857,20230213,1.6233766233766156,-3.57142857142857,20230216,3.5714285714285587,-3.57142857142857
600860,600860.SH,京城股份,专用机械,20230206,15.47,70.61411049391944,70.61411049391944,0.0,3.81,6.0523,6689.69,4.565083281924739,weak_momentum,BULL_TREND,96.48954988592988,100.0,66.8969,65.0,73.84718013429126,0.0,100.0,85.14772660590845,0.0,1,1,B_pure_quant_vr1.5,True,,20230207,15.53,20230209,2.0605280103026313,-2.3824855119124244,20230213,5.1513200257566005,-2.3824855119124244,20230216,-0.8370895041854398,-2.3824855119124244
000560,000560.SZ,我爱我家,房产服务,20230206,3.09,55.578204694074984,55.578204694074984,0.0,1.81,6.9575,6449.23,4.334365325077403,weak_momentum,BULL_TREND,42.799484865424034,100.0,64.4923,100.0,53.58120161707727,0.0,100.0,50.0832514779986,0.0,2,2,B_pure_quant_vr1.5,True,,20230207,3.08,20230209,-1.9480519480519543,-3.57142857142857,20230213,1.6233766233766156,-3.57142857142857,20230216,3.5714285714285587,-3.57142857142857
600633,600633.SH,浙数文化,互联网,20230206,10.0,53.395545986748104,53.395545986748104,0.0,1.92,6.8846,602.13,3.6608863198458645,weak_momentum,BULL_TREND,47.05531554732157,100.0,6.0213,80.0,100.0,30.0,100.0,51.6894310309991,0.0,3,3,B_pure_quant_vr1.5,True,,20230207,9.9,20230209,-3.1313131313131404,-5.656565656565659,20230213,-3.4343434343434343,-5.656565656565659,20230216,-5.8585858585858634,-6.565656565656564
600860,600860.SH,京城股份,专用机械,20230206,15.47,76.86236653563968,69.9322333108941,6.930133224745575,3.81,6.0523,6689.69,4.565083281924739,weak_momentum,BULL_TREND,96.48954988592988,100.0,66.8969,65.0,69.30133224745575,0.0,100.0,85.14772660590845,0.0,1,1,A_recovered_proxy_vr1.2,True,,20230207,15.53,20230209,2.0605280103026313,-2.3824855119124244,20230213,5.1513200257566005,-2.3824855119124244,20230216,-0.8370895041854398,-2.3824855119124244
600633,600633.SH,浙数文化,互联网,20230206,10.0,62.1484859705275,52.647309977015745,9.501175993511762,1.92,6.8846,602.13,3.6608863198458645,weak_momentum,BULL_TREND,47.05531554732157,100.0,6.0213,80.0,95.01175993511761,30.0,100.0,51.6894310309991,0.0,2,2,A_recovered_proxy_vr1.2,True,,20230207,9.9,20230209,-3.1313131313131404,-5.656565656565659,20230213,-3.4343434343434343,-5.656565656565659,20230216,-5.8585858585858634,-6.565656565656564
000560,000560.SZ,我爱我家,房产服务,20230206,3.09,55.67279497255253,55.67279497255253,0.0,1.81,6.9575,6449.23,4.334365325077403,weak_momentum,BULL_TREND,42.799484865424034,100.0,64.4923,100.0,54.211803473594244,0.0,100.0,50.0832514779986,0.0,3,3,A_recovered_proxy_vr1.2,True,,20230207,3.08,20230209,-1.9480519480519543,-3.57142857142857,20230213,1.6233766233766156,-3.57142857142857,20230216,3.5714285714285587,-3.57142857142857
600860,600860.SH,京城股份,专用机械,20230206,15.47,69.9322333108941,69.9322333108941,0.0,3.81,6.0523,6689.69,4.565083281924739,weak_momentum,BULL_TREND,96.48954988592988,100.0,66.8969,65.0,69.30133224745575,0.0,100.0,85.14772660590845,0.0,1,1,D_pure_quant_vr1.2,True,,20230207,15.53,20230209,2.0605280103026313,-2.3824855119124244,20230213,5.1513200257566005,-2.3824855119124244,20230216,-0.8370895041854398,-2.3824855119124244
000560,000560.SZ,我爱我家,房产服务,20230206,3.09,55.67279497255253,55.67279497255253,0.0,1.81,6.9575,6449.23,4.334365325077403,weak_momentum,BULL_TREND,42.799484865424034,100.0,64.4923,100.0,54.211803473594244,0.0,100.0,50.0832514779986,0.0,2,2,D_pure_quant_vr1.2,True,,20230207,3.08,20230209,-1.9480519480519543,-3.57142857142857,20230213,1.6233766233766156,-3.57142857142857,20230216,3.5714285714285587,-3.57142857142857
600633,600633.SH,浙数文化,互联网,20230206,10.0,52.647309977015745,52.647309977015745,0.0,1.92,6.8846,602.13,3.6608863198458645,weak_momentum,BULL_TREND,47.05531554732157,100.0,6.0213,80.0,95.01175993511761,30.0,100.0,51.6894310309991,0.0,3,3,D_pure_quant_vr1.2,True,,20230207,9.9,20230209,-3.1313131313131404,-5.656565656565659,20230213,-3.4343434343434343,-5.656565656565659,20230216,-5.8585858585858634,-6.565656565656564
600860,600860.SH,京城股份,专用机械,20230206,15.47,59.53703347377575,59.53703347377575,0.0,3.81,6.0523,6689.69,4.565083281924739,weak_momentum,BULL_TREND,96.48954988592988,100.0,66.8969,65.0,69.30133224745575,0.0,100.0,85.14772660590845,0.0,1,1,E_ablate_sector_vr1.2,True,,20230207,15.53,20230209,2.0605280103026313,-2.3824855119124244,20230213,5.1513200257566005,-2.3824855119124244,20230216,-0.8370895041854398,-2.3824855119124244
000560,000560.SZ,我爱我家,房产服务,20230206,3.09,47.541024451513394,47.541024451513394,0.0,1.81,6.9575,6449.23,4.334365325077403,weak_momentum,BULL_TREND,42.799484865424034,100.0,64.4923,100.0,54.211803473594244,0.0,100.0,50.0832514779986,0.0,2,2,E_ablate_sector_vr1.2,True,,20230207,3.08,20230209,-1.9480519480519543,-3.57142857142857,20230213,1.6233766233766156,-3.57142857142857,20230216,3.5714285714285587,-3.57142857142857
600860,600860.SH,京城股份,专用机械,20230206,15.47,58.21704744217092,58.21704744217092,0.0,3.81,6.0523,6689.69,4.565083281924739,weak_momentum,BULL_TREND,96.48954988592988,100.0,66.8969,65.0,71.4763731226345,0.0,100.0,85.14772660590845,0.0,1,1,E_ablate_inflow_vr1.2,True,,20230207,15.53,20230209,2.0605280103026313,-2.3824855119124244,20230213,5.1513200257566005,-2.3824855119124244,20230216,-0.8370895041854398,-2.3824855119124244
002869,002869.SZ,金溢科技,通信设备,20230206,26.08,52.15733292471532,52.15733292471532,0.0,3.01,6.9933,-1144.89,6.153292551277441,weak_momentum,BULL_TREND,79.48817434924887,100.0,0.0,65.0,38.296836982968365,53.333333333333336,98.748,77.5700970547738,0.0,2,2,E_ablate_inflow_vr1.2,True,,20230207,26.33,20230209,-1.2153437143942125,-6.380554500569691,20230213,-1.2533232054690369,-6.380554500569691,20230216,-2.8104823395366463,-6.380554500569691
600633,600633.SH,浙数文化,互联网,20230206,10.0,50.63126034441233,50.63126034441233,0.0,1.92,6.8846,602.13,3.6608863198458645,weak_momentum,BULL_TREND,47.05531554732157,100.0,6.0213,80.0,88.7969890510949,30.0,100.0,51.6894310309991,0.0,3,3,E_ablate_inflow_vr1.2,True,,20230207,9.9,20230209,-3.1313131313131404,-5.656565656565659,20230213,-3.4343434343434343,-5.656565656565659,20230216,-5.8585858585858634,-6.565656565656564
600860,600860.SH,京城股份,专用机械,20230206,15.47,57.160074320007844,57.160074320007844,0.0,3.81,6.0523,6689.69,4.565083281924739,weak_momentum,BULL_TREND,96.48954988592988,100.0,66.8969,65.0,69.30133224745575,0.0,100.0,85.14772660590845,0.0,1,1,E_ablate_wyckoff_vr1.2,True,,20230207,15.53,20230209,2.0605280103026313,-2.3824855119124244,20230213,5.1513200257566005,-2.3824855119124244,20230216,-0.8370895041854398,-2.3824855119124244
000560,000560.SZ,我爱我家,房产服务,20230206,3.09,48.16030725085274,48.16030725085274,0.0,1.81,6.9575,6449.23,4.334365325077403,weak_momentum,BULL_TREND,42.799484865424034,100.0,64.4923,100.0,54.211803473594244,0.0,100.0,50.0832514779986,0.0,2,2,E_ablate_wyckoff_vr1.2,True,,20230207,3.08,20230209,-1.9480519480519543,-3.57142857142857,20230213,1.6233766233766156,-3.57142857142857,20230216,3.5714285714285587,-3.57142857142857
002451,002451.SZ,摩恩电气,电气设备,20230206,6.95,47.29763637747654,47.29763637747654,0.0,1.95,7.8964,4435.14,4.269972451790628,weak_momentum,BULL_TREND,48.1737061987443,100.0,44.351400000000005,80.0,63.92218965109933,30.0,100.0,26.502552297496827,0.0,3,3,E_ablate_wyckoff_vr1.2,True,,20230207,6.81,20230209,2.7900146842878115,-0.8810572687224627,20230213,3.2305433186490484,-0.8810572687224627,20230216,-1.027900146842864,-2.2026431718061623
600860,600860.SH,京城股份,专用机械,20230206,15.47,69.9322333108941,69.9322333108941,0.0,3.81,6.0523,6689.69,4.565083281924739,weak_momentum,BULL_TREND,96.48954988592988,100.0,66.8969,65.0,69.30133224745575,0.0,100.0,85.14772660590845,0.0,1,1,E_ablate_accel_vr1.2,True,,20230207,15.53,20230209,2.0605280103026313,-2.3824855119124244,20230213,5.1513200257566005,-2.3824855119124244,20230216,-0.8370895041854398,-2.3824855119124244
000560,000560.SZ,我爱我家,房产服务,20230206,3.09,55.67279497255253,55.67279497255253,0.0,1.81,6.9575,6449.23,4.334365325077403,weak_momentum,BULL_TREND,42.799484865424034,100.0,64.4923,100.0,54.211803473594244,0.0,100.0,50.0832514779986,0.0,2,2,E_ablate_accel_vr1.2,True,,20230207,3.08,20230209,-1.9480519480519543,-3.57142857142857,20230213,1.6233766233766156,-3.57142857142857,20230216,3.5714285714285587,-3.57142857142857
600633,600633.SH,浙数文化,互联网,20230206,10.0,52.647309977015745,52.647309977015745,0.0,1.92,6.8846,602.13,3.6608863198458645,weak_momentum,BULL_TREND,47.05531554732157,100.0,6.0213,80.0,95.01175993511761,30.0,100.0,51.6894310309991,0.0,3,3,E_ablate_accel_vr1.2,True,,20230207,9.9,20230209,-3.1313131313131404,-5.656565656565659,20230213,-3.4343434343434343,-5.656565656565659,20230216,-5.8585858585858634,-6.565656565656564
002127,002127.SZ,南极电商,互联网,20230207,4.99,66.02517195775812,57.188531566347415,8.83664039141071,1.52,3.996,6709.82,0.7952286282306169,momentum,BULL_TREND,30.203566183443044,100.0,67.09819999999999,65.0,88.3664039141071,20.0,0.0,73.15075856009543,0.0,1,1,A_recovered_proxy_vr1.5,True,,20230208,4.98,20230210,-0.6024096385542244,-2.6104417670682833,20230214,-0.6024096385542244,-2.6104417670682833,20230217,-1.6064257028112428,-2.6104417670682833
002605,002605.SZ,姚记科技,互联网,20230207,16.37,63.81466050260816,54.97802011119745,8.83664039141071,2.11,5.2242,2927.88,1.8585131894484335,momentum,BULL_TREND,53.86214994662302,100.0,29.2788,65.0,88.3664039141071,30.0,0.0,86.19656836382579,0.0,2,2,A_recovered_proxy_vr1.5,True,,20230208,16.23,20230210,-0.8626001232285962,-3.9433148490449765,20230214,0.7393715341959428,-3.9433148490449765,20230217,-0.4313000616142926,-3.9433148490449765
002130,002130.SZ,沃尔核材,电气设备,20230207,7.47,63.44746338120201,63.44746338120201,0.0,2.52,3.7209,9612.78,1.0596026490066235,momentum,BULL_TREND,66.67118668625959,100.0,96.12780000000001,80.0,59.57275845269319,30.0,0.0,68.0667368772443,0.0,3,3,A_recovered_proxy_vr1.5,True,,20230208,7.42,20230210,1.8867924528301883,-0.26954177897573484,20230214,4.851752021563338,-0.26954177897573484,20230217,0.0,-0.6738544474393482
002130,002130.SZ,沃尔核材,电气设备,20230207,7.47,63.44746338120201,63.44746338120201,0.0,2.52,3.7209,9612.78,1.0596026490066235,momentum,BULL_TREND,66.67118668625959,100.0,96.12780000000001,80.0,59.57275845269319,30.0,0.0,68.0667368772443,0.0,1,1,B_pure_quant_vr1.5,True,,20230208,7.42,20230210,1.8867924528301883,-0.26954177897573484,20230214,4.851752021563338,-0.26954177897573484,20230217,0.0,-0.6738544474393482
002127,002127.SZ,南极电商,互联网,20230207,4.99,57.188531566347415,57.188531566347415,0.0,1.52,3.996,6709.82,0.7952286282306169,momentum,BULL_TREND,30.203566183443044,100.0,67.09819999999999,65.0,88.3664039141071,20.0,0.0,73.15075856009543,0.0,2,2,B_pure_quant_vr1.5,True,,20230208,4.98,20230210,-0.6024096385542244,-2.6104417670682833,20230214,-0.6024096385542244,-2.6104417670682833,20230217,-1.6064257028112428,-2.6104417670682833
002605,002605.SZ,姚记科技,互联网,20230207,16.37,54.97802011119745,54.97802011119745,0.0,2.11,5.2242,2927.88,1.8585131894484335,momentum,BULL_TREND,53.86214994662302,100.0,29.2788,65.0,88.3664039141071,30.0,0.0,86.19656836382579,0.0,3,3,B_pure_quant_vr1.5,True,,20230208,16.23,20230210,-0.8626001232285962,-3.9433148490449765,20230214,0.7393715341959428,-3.9433148490449765,20230217,-0.4313000616142926,-3.9433148490449765
002130,002130.SZ,沃尔核材,电气设备,20230207,7.47,69.83334591359743,63.73320117261941,6.1001447409780205,2.52,3.7209,9612.78,1.0596026490066235,momentum,BULL_TREND,66.67118668625959,100.0,96.12780000000001,80.0,61.001447409780205,30.0,0.0,68.0667368772443,0.0,1,1,A_recovered_proxy_vr1.2,True,,20230208,7.42,20230210,1.8867924528301883,-0.26954177897573484,20230214,4.851752021563338,-0.26954177897573484,20230217,0.0,-0.6738544474393482
002127,002127.SZ,南极电商,互联网,20230207,4.99,64.60825043299728,56.24391721650685,8.364333216490428,1.52,3.996,6709.82,0.7952286282306169,momentum,BULL_TREND,30.203566183443044,100.0,67.09819999999999,65.0,83.64333216490428,20.0,0.0,73.15075856009543,0.0,2,2,A_recovered_proxy_vr1.2,True,,20230208,4.98,20230210,-0.6024096385542244,-2.6104417670682833,20230214,-0.6024096385542244,-2.6104417670682833,20230217,-1.6064257028112428,-2.6104417670682833
002605,002605.SZ,姚记科技,互联网,20230207,16.37,62.39773897784732,54.03340576135689,8.364333216490428,2.11,5.2242,2927.88,1.8585131894484335,momentum,BULL_TREND,53.86214994662302,100.0,29.2788,65.0,83.64333216490428,30.0,0.0,86.19656836382579,0.0,3,3,A_recovered_proxy_vr1.2,True,,20230208,16.23,20230210,-0.8626001232285962,-3.9433148490449765,20230214,0.7393715341959428,-3.9433148490449765,20230217,-0.4313000616142926,-3.9433148490449765
002130,002130.SZ,沃尔核材,电气设备,20230207,7.47,63.73320117261941,63.73320117261941,0.0,2.52,3.7209,9612.78,1.0596026490066235,momentum,BULL_TREND,66.67118668625959,100.0,96.12780000000001,80.0,61.001447409780205,30.0,0.0,68.0667368772443,0.0,1,1,D_pure_quant_vr1.2,True,,20230208,7.42,20230210,1.8867924528301883,-0.26954177897573484,20230214,4.851752021563338,-0.26954177897573484,20230217,0.0,-0.6738544474393482
002127,002127.SZ,南极电商,互联网,20230207,4.99,56.24391721650685,56.24391721650685,0.0,1.52,3.996,6709.82,0.7952286282306169,momentum,BULL_TREND,30.203566183443044,100.0,67.09819999999999,65.0,83.64333216490428,20.0,0.0,73.15075856009543,0.0,2,2,D_pure_quant_vr1.2,True,,20230208,4.98,20230210,-0.6024096385542244,-2.6104417670682833,20230214,-0.6024096385542244,-2.6104417670682833,20230217,-1.6064257028112428,-2.6104417670682833
002605,002605.SZ,姚记科技,互联网,20230207,16.37,54.03340576135689,54.03340576135689,0.0,2.11,5.2242,2927.88,1.8585131894484335,momentum,BULL_TREND,53.86214994662302,100.0,29.2788,65.0,83.64333216490428,30.0,0.0,86.19656836382579,0.0,3,3,D_pure_quant_vr1.2,True,,20230208,16.23,20230210,-0.8626001232285962,-3.9433148490449765,20230214,0.7393715341959428,-3.9433148490449765,20230217,-0.4313000616142926,-3.9433148490449765
002130,002130.SZ,沃尔核材,电气设备,20230207,7.47,51.53291169066337,51.53291169066337,0.0,2.52,3.7209,9612.78,1.0596026490066235,momentum,BULL_TREND,66.67118668625959,100.0,96.12780000000001,80.0,61.001447409780205,30.0,0.0,68.0667368772443,0.0,1,1,E_ablate_sector_vr1.2,True,,20230208,7.42,20230210,1.8867924528301883,-0.26954177897573484,20230214,4.851752021563338,-0.26954177897573484,20230217,0.0,-0.6738544474393482
002605,002605.SZ,姚记科技,互联网,20230207,16.37,48.177645761356885,48.177645761356885,0.0,2.11,5.2242,2927.88,1.8585131894484335,momentum,BULL_TREND,53.86214994662302,100.0,29.2788,65.0,83.64333216490428,30.0,0.0,86.19656836382579,0.0,1,1,E_ablate_inflow_vr1.2,True,,20230208,16.23,20230210,-0.8626001232285962,-3.9433148490449765,20230214,0.7393715341959428,-3.9433148490449765,20230217,-0.4313000616142926,-3.9433148490449765
002130,002130.SZ,沃尔核材,电气设备,20230207,7.47,56.92652748489498,56.92652748489498,0.0,2.52,3.7209,9612.78,1.0596026490066235,momentum,BULL_TREND,66.67118668625959,100.0,96.12780000000001,80.0,61.001447409780205,30.0,0.0,68.0667368772443,0.0,1,1,E_ablate_wyckoff_vr1.2,True,,20230208,7.42,20230210,1.8867924528301883,-0.26954177897573484,20230214,4.851752021563338,-0.26954177897573484,20230217,0.0,-0.6738544474393482
603466,603466.SH,风语筑,文教休闲,20230207,15.56,49.03777808090354,49.03777808090354,0.0,1.24,6.9837,10043.58,4.422604422604426,momentum,BULL_TREND,15.517006030607524,91.46437346437344,100.0,100.0,62.81894914937534,0.0,0.0,48.9592844142159,0.0,2,2,E_ablate_wyckoff_vr1.2,True,,20230208,15.51,20230210,-3.868471953578334,-7.027724049000639,20230214,2.6434558349452075,-7.027724049000639,20230217,-2.6434558349451964,-7.027724049000639
002127,002127.SZ,南极电商,互联网,20230207,4.99,48.92884136049731,48.92884136049731,0.0,1.52,3.996,6709.82,0.7952286282306169,momentum,BULL_TREND,30.203566183443044,100.0,67.09819999999999,65.0,83.64333216490428,20.0,0.0,73.15075856009543,0.0,3,3,E_ablate_wyckoff_vr1.2,True,,20230208,4.98,20230210,-0.6024096385542244,-2.6104417670682833,20230214,-0.6024096385542244,-2.6104417670682833,20230217,-1.6064257028112428,-2.6104417670682833
002130,002130.SZ,沃尔核材,电气设备,20230207,7.47,63.73320117261941,63.73320117261941,0.0,2.52,3.7209,9612.78,1.0596026490066235,momentum,BULL_TREND,66.67118668625959,100.0,96.12780000000001,80.0,61.001447409780205,30.0,0.0,68.0667368772443,0.0,1,1,E_ablate_accel_vr1.2,True,,20230208,7.42,20230210,1.8867924528301883,-0.26954177897573484,20230214,4.851752021563338,-0.26954177897573484,20230217,0.0,-0.6738544474393482
002127,002127.SZ,南极电商,互联网,20230207,4.99,56.24391721650685,56.24391721650685,0.0,1.52,3.996,6709.82,0.7952286282306169,momentum,BULL_TREND,30.203566183443044,100.0,67.09819999999999,65.0,83.64333216490428,20.0,0.0,73.15075856009543,0.0,2,2,E_ablate_accel_vr1.2,True,,20230208,4.98,20230210,-0.6024096385542244,-2.6104417670682833,20230214,-0.6024096385542244,-2.6104417670682833,20230217,-1.6064257028112428,-2.6104417670682833
002605,002605.SZ,姚记科技,互联网,20230207,16.37,54.03340576135689,54.03340576135689,0.0,2.11,5.2242,2927.88,1.8585131894484335,momentum,BULL_TREND,53.86214994662302,100.0,29.2788,65.0,83.64333216490428,30.0,0.0,86.19656836382579,0.0,3,3,E_ablate_accel_vr1.2,True,,20230208,16.23,20230210,-0.8626001232285962,-3.9433148490449765,20230214,0.7393715341959428,-3.9433148490449765,20230217,-0.4313000616142926,-3.9433148490449765
000620,000620.SZ,盈新发展,全国地产,20230208,3.27,56.394627711341364,56.394627711341364,0.0,2.39,8.1242,7486.68,21.204819277108438,sideways,BULL_TREND,62.850530910301195,43.975903614457806,74.8668,60.0,64.45305180578781,43.333333333333336,0.0,91.45143065299625,0.0,1,1,A_recovered_proxy_vr1.5,True,,20230209,3.23,20230213,0.0,-1.2383900928792602,20230215,-2.4767801857585203,-4.024767801857587,20230220,-3.7151702786377694,-7.430340557275539
000620,000620.SZ,盈新发展,全国地产,20230208,3.27,56.394627711341364,56.394627711341364,0.0,2.39,8.1242,7486.68,21.204819277108438,sideways,BULL_TREND,62.850530910301195,43.975903614457806,74.8668,60.0,64.45305180578781,43.333333333333336,0.0,91.45143065299625,0.0,1,1,B_pure_quant_vr1.5,True,,20230209,3.23,20230213,0.0,-1.2383900928792602,20230215,-2.4767801857585203,-4.024767801857587,20230220,-3.7151702786377694,-7.430340557275539
000620,000620.SZ,盈新发展,全国地产,20230208,3.27,62.26007946873046,56.046715657427555,6.213363811302905,2.39,8.1242,7486.68,21.204819277108438,sideways,BULL_TREND,62.850530910301195,43.975903614457806,74.8668,60.0,62.13363811302905,43.333333333333336,0.0,91.45143065299625,0.0,1,1,A_recovered_proxy_vr1.2,True,,20230209,3.23,20230213,0.0,-1.2383900928792602,20230215,-2.4767801857585203,-4.024767801857587,20230220,-3.7151702786377694,-7.430340557275539
000620,000620.SZ,盈新发展,全国地产,20230208,3.27,56.046715657427555,56.046715657427555,0.0,2.39,8.1242,7486.68,21.204819277108438,sideways,BULL_TREND,62.850530910301195,43.975903614457806,74.8668,60.0,62.13363811302905,43.333333333333336,0.0,91.45143065299625,0.0,1,1,D_pure_quant_vr1.2,True,,20230209,3.23,20230213,0.0,-1.2383900928792602,20230215,-2.4767801857585203,-4.024767801857587,20230220,-3.7151702786377694,-7.430340557275539
000620,000620.SZ,盈新发展,全国地产,20230208,3.27,46.726669940473194,46.726669940473194,0.0,2.39,8.1242,7486.68,21.204819277108438,sideways,BULL_TREND,62.850530910301195,43.975903614457806,74.8668,60.0,62.13363811302905,43.333333333333336,0.0,91.45143065299625,0.0,1,1,E_ablate_sector_vr1.2,True,,20230209,3.23,20230213,0.0,-1.2383900928792602,20230215,-2.4767801857585203,-4.024767801857587,20230220,-3.7151702786377694,-7.430340557275539
000620,000620.SZ,盈新发展,全国地产,20230208,3.27,45.072543979068,45.072543979068,0.0,2.39,8.1242,7486.68,21.204819277108438,sideways,BULL_TREND,62.850530910301195,43.975903614457806,74.8668,60.0,62.13363811302905,43.333333333333336,0.0,91.45143065299625,0.0,1,1,E_ablate_wyckoff_vr1.2,True,,20230209,3.23,20230213,0.0,-1.2383900928792602,20230215,-2.4767801857585203,-4.024767801857587,20230220,-3.7151702786377694,-7.430340557275539
000620,000620.SZ,盈新发展,全国地产,20230208,3.27,56.046715657427555,56.046715657427555,0.0,2.39,8.1242,7486.68,21.204819277108438,sideways,BULL_TREND,62.850530910301195,43.975903614457806,74.8668,60.0,62.13363811302905,43.333333333333336,0.0,91.45143065299625,0.0,1,1,E_ablate_accel_vr1.2,True,,20230209,3.23,20230213,0.0,-1.2383900928792602,20230215,-2.4767801857585203,-4.024767801857587,20230220,-3.7151702786377694,-7.430340557275539
600171,600171.SH,上海贝岭,半导体,20230209,19.77,65.69148774872531,56.89415949419402,8.797328254531285,2.06,3.0781,14327.66,0.25227043390514986,weak_momentum,BULL_TREND,52.132216870424685,3.363605785401998,100.0,40.0,87.97328254531286,66.66666666666666,0.0,80.94245702834546,0.0,1,1,A_recovered_proxy_vr1.5,True,,20230210,19.77,20230214,0.7081436519979833,-0.8093070308548334,20230216,-1.8715225088517973,-2.8831562974203306,20230221,-2.1750126454223584,-5.209914011127981
002296,002296.SZ,辉煌科技,通信设备,20230209,9.26,52.52968858404725,46.849526248181014,5.680162335866233,2.07,11.9455,3046.07,4.536082474226799,weak_momentum,BULL_TREND,52.48153838623002,100.0,30.460700000000003,100.0,56.801623358662326,0.0,0.0,53.16083990964776,0.0,2,2,A_recovered_proxy_vr1.5,True,,20230210,9.21,20230214,-2.6058631921824116,-2.931596091205224,20230216,-5.320304017372424,-6.51465798045604,20230221,-4.885993485342032,-7.600434310532044
002837,002837.SZ,英维克,专用机械,20230209,35.79,50.72468963036532,50.72468963036532,0.0,1.67,3.0543,6831.73,4.279219042524743,weak_momentum,BULL_TREND,36.99240513496637,100.0,68.31729999999999,40.0,40.40940474981651,33.33333333333333,0.0,74.3375832065415,0.0,3,3,A_recovered_proxy_vr1.5,True,,20230210,35.95,20230214,-1.1682892906815012,-3.671766342141869,20230216,-4.033379694019478,-4.700973574408918,20230221,-8.344923504867873,-12.517385257301816
600171,600171.SH,上海贝岭,半导体,20230209,19.77,56.89415949419402,56.89415949419402,0.0,2.06,3.0781,14327.66,0.25227043390514986,weak_momentum,BULL_TREND,52.132216870424685,3.363605785401998,100.0,40.0,87.97328254531286,66.66666666666666,0.0,80.94245702834546,0.0,1,1,B_pure_quant_vr1.5,True,,20230210,19.77,20230214,0.7081436519979833,-0.8093070308548334,20230216,-1.8715225088517973,-2.8831562974203306,20230221,-2.1750126454223584,-5.209914011127981
002837,002837.SZ,英维克,专用机械,20230209,35.79,50.72468963036532,50.72468963036532,0.0,1.67,3.0543,6831.73,4.279219042524743,weak_momentum,BULL_TREND,36.99240513496637,100.0,68.31729999999999,40.0,40.40940474981651,33.33333333333333,0.0,74.3375832065415,0.0,2,2,B_pure_quant_vr1.5,True,,20230210,35.95,20230214,-1.1682892906815012,-3.671766342141869,20230216,-4.033379694019478,-4.700973574408918,20230221,-8.344923504867873,-12.517385257301816
002300,002300.SZ,太阳电缆,电气设备,20230209,8.85,48.64917037746043,48.64917037746043,0.0,3.56,3.8559,1676.03,3.2786885245901716,weak_momentum,BULL_TREND,91.59386205958366,100.0,16.7603,80.0,30.861660583832393,0.0,0.0,75.09325320632014,0.0,3,3,B_pure_quant_vr1.5,True,,20230210,8.81,20230214,3.1782065834279116,-0.5675368898978461,20230216,-2.383654937570956,-3.518728717366637,20230221,-1.2485811577752637,-3.9727582292849006
600171,600171.SH,上海贝岭,半导体,20230209,19.77,65.89488895617242,57.01620021866229,8.878688737510133,2.06,3.0781,14327.66,0.25227043390514986,weak_momentum,BULL_TREND,52.132216870424685,3.363605785401998,100.0,40.0,88.78688737510133,66.66666666666666,0.0,80.94245702834546,0.0,1,1,A_recovered_proxy_vr1.2,True,,20230210,19.77,20230214,0.7081436519979833,-0.8093070308548334,20230216,-1.8715225088517973,-2.8831562974203306,20230221,-2.1750126454223584,-5.209914011127981
002837,002837.SZ,英维克,专用机械,20230209,35.79,50.310227395712324,50.310227395712324,0.0,1.67,3.0543,6831.73,4.279219042524743,weak_momentum,BULL_TREND,36.99240513496637,100.0,68.31729999999999,40.0,37.64632318546321,33.33333333333333,0.0,74.3375832065415,0.0,2,2,A_recovered_proxy_vr1.2,True,,20230210,35.95,20230214,-1.1682892906815012,-3.671766342141869,20230216,-4.033379694019478,-4.700973574408918,20230221,-8.344923504867873,-12.517385257301816
002404,002404.SZ,嘉欣丝绸,纺织,20230209,7.28,46.96409200761552,46.96409200761552,0.0,2.84,7.3723,22.85,2.93333333333333,weak_momentum,BULL_TREND,75.29454648649786,97.9999999999999,0.2285,100.0,35.84742245316125,43.333333333333336,0.0,75.5,0.0,3,3,A_recovered_proxy_vr1.2,True,,20230210,7.25,20230214,0.41379310344829,-1.3793103448275779,20230216,-3.4482758620689613,-4.82758620689655,20230221,-2.758620689655178,-4.82758620689655
600171,600171.SH,上海贝岭,半导体,20230209,19.77,57.01620021866229,57.01620021866229,0.0,2.06,3.0781,14327.66,0.25227043390514986,weak_momentum,BULL_TREND,52.132216870424685,3.363605785401998,100.0,40.0,88.78688737510133,66.66666666666666,0.0,80.94245702834546,0.0,1,1,D_pure_quant_vr1.2,True,,20230210,19.77,20230214,0.7081436519979833,-0.8093070308548334,20230216,-1.8715225088517973,-2.8831562974203306,20230221,-2.1750126454223584,-5.209914011127981
002837,002837.SZ,英维克,专用机械,20230209,35.79,50.310227395712324,50.310227395712324,0.0,1.67,3.0543,6831.73,4.279219042524743,weak_momentum,BULL_TREND,36.99240513496637,100.0,68.31729999999999,40.0,37.64632318546321,33.33333333333333,0.0,74.3375832065415,0.0,2,2,D_pure_quant_vr1.2,True,,20230210,35.95,20230214,-1.1682892906815012,-3.671766342141869,20230216,-4.033379694019478,-4.700973574408918,20230221,-8.344923504867873,-12.517385257301816
002404,002404.SZ,嘉欣丝绸,纺织,20230209,7.28,46.96409200761552,46.96409200761552,0.0,2.84,7.3723,22.85,2.93333333333333,weak_momentum,BULL_TREND,75.29454648649786,97.9999999999999,0.2285,100.0,35.84742245316125,43.333333333333336,0.0,75.5,0.0,3,3,D_pure_quant_vr1.2,True,,20230210,7.25,20230214,0.41379310344829,-1.3793103448275779,20230216,-3.4482758620689613,-4.82758620689655,20230221,-2.758620689655178,-4.82758620689655
002418,002418.SZ,康盛股份,家用电器,20230209,3.33,50.018234777861,50.018234777861,0.0,4.27,5.3626,3073.18,4.310344827586205,weak_momentum,BULL_TREND,100.0,100.0,30.7318,100.0,42.502874263694395,0.0,0.0,83.24340518573997,0.0,1,1,E_ablate_sector_vr1.2,True,,20230210,3.33,20230214,-0.6006006006005982,-2.7027027027026973,20230216,-4.20420420420421,-5.405405405405405,20230221,-3.3033033033032955,-5.405405405405405
601528,601528.SH,瑞丰银行,银行,20230209,7.29,49.94676652497702,49.94676652497702,0.0,1.63,4.678,8046.68,7.251908396946568,weak_momentum,BULL_TREND,35.24359822281764,100.0,80.4668,80.0,38.4031057405626,30.0,0.0,17.84135194369586,100.0,2,2,E_ablate_sector_vr1.2,True,,20230210,7.25,20230214,1.6551724137931156,-0.96551724137931,20230216,-0.5517241379310311,-1.5172413793103523,20230221,7.034482758620686,-1.5172413793103523
002404,002404.SZ,嘉欣丝绸,纺织,20230209,7.28,47.57471130957416,47.57471130957416,0.0,2.84,7.3723,22.85,2.93333333333333,weak_momentum,BULL_TREND,75.29454648649786,97.9999999999999,0.2285,100.0,40.1924177995522,43.333333333333336,0.0,75.5,0.0,1,1,E_ablate_inflow_vr1.2,True,,20230210,7.25,20230214,0.41379310344829,-1.3793103448275779,20230216,-3.4482758620689613,-4.82758620689655,20230221,-2.758620689655178,-4.82758620689655
002666,002666.SZ,德联集团,化工原料,20230209,5.62,45.42729883196393,45.42729883196393,0.0,3.59,10.5991,945.29,3.931623931623924,weak_momentum,BULL_TREND,92.19919220241633,100.0,9.4529,80.0,38.337566789438654,0.0,0.0,65.64523322123792,0.0,2,2,E_ablate_inflow_vr1.2,True,,20230210,5.55,20230214,0.540540540540535,0.0,20230216,-3.063063063063065,-3.7837837837837784,20230221,0.0,-3.963963963963957
600171,600171.SH,上海贝岭,半导体,20230209,19.77,57.01620021866229,57.01620021866229,0.0,2.06,3.0781,14327.66,0.25227043390514986,weak_momentum,BULL_TREND,52.132216870424685,3.363605785401998,100.0,40.0,88.78688737510133,66.66666666666666,0.0,80.94245702834546,0.0,1,1,E_ablate_accel_vr1.2,True,,20230210,19.77,20230214,0.7081436519979833,-0.8093070308548334,20230216,-1.8715225088517973,-2.8831562974203306,20230221,-2.1750126454223584,-5.209914011127981
002837,002837.SZ,英维克,专用机械,20230209,35.79,50.310227395712324,50.310227395712324,0.0,1.67,3.0543,6831.73,4.279219042524743,weak_momentum,BULL_TREND,36.99240513496637,100.0,68.31729999999999,40.0,37.64632318546321,33.33333333333333,0.0,74.3375832065415,0.0,2,2,E_ablate_accel_vr1.2,True,,20230210,35.95,20230214,-1.1682892906815012,-3.671766342141869,20230216,-4.033379694019478,-4.700973574408918,20230221,-8.344923504867873,-12.517385257301816
002404,002404.SZ,嘉欣丝绸,纺织,20230209,7.28,46.96409200761552,46.96409200761552,0.0,2.84,7.3723,22.85,2.93333333333333,weak_momentum,BULL_TREND,75.29454648649786,97.9999999999999,0.2285,100.0,35.84742245316125,43.333333333333336,0.0,75.5,0.0,3,3,E_ablate_accel_vr1.2,True,,20230210,7.25,20230214,0.41379310344829,-1.3793103448275779,20230216,-3.4482758620689613,-4.82758620689655,20230221,-2.758620689655178,-4.82758620689655
600199,600199.SH,金种子酒,白酒,20230210,28.65,72.76610318304705,64.93448258557184,7.831620597475214,2.16,6.3499,28437.07,3.6974789915966437,weak_momentum,BULL_TREND,55.55156561943719,100.0,100.0,100.0,78.31620597475214,30.0,0.0,55.69544564295627,0.0,1,1,A_recovered_proxy_vr1.5,True,,20230213,28.65,20230215,3.804537521814999,-0.17452006980801515,20230217,5.235602094240832,-0.17452006980801515,20230222,5.72425828970331,-0.17452006980801515
002463,002463.SZ,沪电股份,元器件,20230210,15.5,70.61581963368891,63.017572787022914,7.598246846665998,2.93,7.846,51774.78,4.615384615384616,weak_momentum,BULL_TREND,77.54503323237616,100.0,100.0,65.0,75.98246846665998,0.0,0.0,44.92298354778329,0.0,2,2,A_recovered_proxy_vr1.5,True,,20230213,15.45,20230215,6.666666666666665,-2.0711974110032227,20230217,-1.229773462783168,-2.0711974110032227,20230222,3.0420711974110004,-2.0711974110032227
000799,000799.SZ,酒鬼酒,白酒,20230210,146.45,69.82611767737887,61.99449707990367,7.831620597475214,1.77,3.3954,25147.76,3.7273205364186275,weak_momentum,BULL_TREND,41.187468015413636,100.0,100.0,80.0,78.31620597475214,43.333333333333336,0.0,52.6818620980809,0.0,3,3,A_recovered_proxy_vr1.5,True,,20230213,146.88,20230215,6.651688453159044,0.0,20230217,9.381808278867098,0.0,20230222,7.59803921568627,0.0
600199,600199.SH,金种子酒,白酒,20230210,28.65,64.93448258557184,64.93448258557184,0.0,2.16,6.3499,28437.07,3.6974789915966437,weak_momentum,BULL_TREND,55.55156561943719,100.0,100.0,100.0,78.31620597475214,30.0,0.0,55.69544564295627,0.0,1,1,B_pure_quant_vr1.5,True,,20230213,28.65,20230215,3.804537521814999,-0.17452006980801515,20230217,5.235602094240832,-0.17452006980801515,20230222,5.72425828970331,-0.17452006980801515
000428,000428.SZ,华天酒店,酒店餐饮,20230210,5.62,63.42300973329206,63.42300973329206,0.0,2.73,6.6521,8303.79,7.260726072607253,weak_momentum,BULL_TREND,72.44504755725639,100.0,83.03790000000001,100.0,37.53588756198923,63.33333333333333,0.0,78.74920532492371,0.0,2,2,B_pure_quant_vr1.5,True,,20230213,5.64,20230215,-5.496453900709208,-5.85106382978724,20230217,-9.042553191489356,-9.92907801418439,20230222,-7.801418439716301,-10.106382978723394
002463,002463.SZ,沪电股份,元器件,20230210,15.5,63.017572787022914,63.017572787022914,0.0,2.93,7.846,51774.78,4.615384615384616,weak_momentum,BULL_TREND,77.54503323237616,100.0,100.0,65.0,75.98246846665998,0.0,0.0,44.92298354778329,0.0,3,3,B_pure_quant_vr1.5,True,,20230213,15.45,20230215,6.666666666666665,-2.0711974110032227,20230217,-1.229773462783168,-2.0711974110032227,20230222,3.0420711974110004,-2.0711974110032227
600199,600199.SH,金种子酒,白酒,20230210,28.65,71.03774927040891,63.49747023798895,7.540279032419955,2.16,6.3499,28437.07,3.6974789915966437,weak_momentum,BULL_TREND,55.55156561943719,100.0,100.0,80.0,75.40279032419954,30.0,0.0,55.69544564295627,0.0,1,1,A_recovered_proxy_vr1.2,True,,20230213,28.65,20230215,3.804537521814999,-0.17452006980801515,20230217,5.235602094240832,-0.17452006980801515,20230222,5.72425828970331,-0.17452006980801515
000799,000799.SZ,酒鬼酒,白酒,20230210,146.45,68.34776376474073,60.80748473232078,7.540279032419955,1.77,3.3954,25147.76,3.7273205364186275,weak_momentum,BULL_TREND,41.187468015413636,100.0,100.0,65.0,75.40279032419954,43.333333333333336,0.0,52.6818620980809,0.0,2,2,A_recovered_proxy_vr1.2,True,,20230213,146.88,20230215,6.651688453159044,0.0,20230217,9.381808278867098,0.0,20230222,7.59803921568627,0.0
002463,002463.SZ,沪电股份,元器件,20230210,15.5,67.39435330461532,61.08469298957876,6.309660315036566,2.93,7.846,51774.78,4.615384615384616,weak_momentum,BULL_TREND,77.54503323237616,100.0,100.0,65.0,63.09660315036565,0.0,0.0,44.92298354778329,0.0,3,3,A_recovered_proxy_vr1.2,True,,20230213,15.45,20230215,6.666666666666665,-2.0711974110032227,20230217,-1.229773462783168,-2.0711974110032227,20230222,3.0420711974110004,-2.0711974110032227
600199,600199.SH,金种子酒,白酒,20230210,28.65,63.49747023798895,63.49747023798895,0.0,2.16,6.3499,28437.07,3.6974789915966437,weak_momentum,BULL_TREND,55.55156561943719,100.0,100.0,80.0,75.40279032419954,30.0,0.0,55.69544564295627,0.0,1,1,D_pure_quant_vr1.2,True,,20230213,28.65,20230215,3.804537521814999,-0.17452006980801515,20230217,5.235602094240832,-0.17452006980801515,20230222,5.72425828970331,-0.17452006980801515
000428,000428.SZ,华天酒店,酒店餐饮,20230210,5.62,63.102985296440565,63.102985296440565,0.0,2.73,6.6521,8303.79,7.260726072607253,weak_momentum,BULL_TREND,72.44504755725639,100.0,83.03790000000001,100.0,35.402391316312546,63.33333333333333,0.0,78.74920532492371,0.0,2,2,D_pure_quant_vr1.2,True,,20230213,5.64,20230215,-5.496453900709208,-5.85106382978724,20230217,-9.042553191489356,-9.92907801418439,20230222,-7.801418439716301,-10.106382978723394
002463,002463.SZ,沪电股份,元器件,20230210,15.5,61.08469298957876,61.08469298957876,0.0,2.93,7.846,51774.78,4.615384615384616,weak_momentum,BULL_TREND,77.54503323237616,100.0,100.0,65.0,63.09660315036565,0.0,0.0,44.92298354778329,0.0,3,3,D_pure_quant_vr1.2,True,,20230213,15.45,20230215,6.666666666666665,-2.0711974110032227,20230217,-1.229773462783168,-2.0711974110032227,20230222,3.0420711974110004,-2.0711974110032227
000428,000428.SZ,华天酒店,酒店餐饮,20230210,5.62,57.79262659899368,57.79262659899368,0.0,2.73,6.6521,8303.79,7.260726072607253,weak_momentum,BULL_TREND,72.44504755725639,100.0,83.03790000000001,100.0,35.402391316312546,63.33333333333333,0.0,78.74920532492371,0.0,1,1,E_ablate_sector_vr1.2,True,,20230213,5.64,20230215,-5.496453900709208,-5.85106382978724,20230217,-9.042553191489356,-9.92907801418439,20230222,-7.801418439716301,-10.106382978723394
600199,600199.SH,金种子酒,白酒,20230210,28.65,52.187051689359016,52.187051689359016,0.0,2.16,6.3499,28437.07,3.6974789915966437,weak_momentum,BULL_TREND,55.55156561943719,100.0,100.0,80.0,75.40279032419954,30.0,0.0,55.69544564295627,0.0,2,2,E_ablate_sector_vr1.2,True,,20230213,28.65,20230215,3.804537521814999,-0.17452006980801515,20230217,5.235602094240832,-0.17452006980801515,20230222,5.72425828970331,-0.17452006980801515
002463,002463.SZ,沪电股份,元器件,20230210,15.5,51.62020251702391,51.62020251702391,0.0,2.93,7.846,51774.78,4.615384615384616,weak_momentum,BULL_TREND,77.54503323237616,100.0,100.0,65.0,63.09660315036565,0.0,0.0,44.92298354778329,0.0,3,3,E_ablate_sector_vr1.2,True,,20230213,15.45,20230215,6.666666666666665,-2.0711974110032227,20230217,-1.229773462783168,-2.0711974110032227,20230222,3.0420711974110004,-2.0711974110032227
000428,000428.SZ,华天酒店,酒店餐饮,20230210,5.62,48.15616329644056,48.15616329644056,0.0,2.73,6.6521,8303.79,7.260726072607253,weak_momentum,BULL_TREND,72.44504755725639,100.0,83.03790000000001,100.0,35.402391316312546,63.33333333333333,0.0,78.74920532492371,0.0,1,1,E_ablate_inflow_vr1.2,True,,20230213,5.64,20230215,-5.496453900709208,-5.85106382978724,20230217,-9.042553191489356,-9.92907801418439,20230222,-7.801418439716301,-10.106382978723394
002191,002191.SZ,劲嘉股份,广告包装,20230210,8.04,46.146617871373884,46.146617871373884,0.0,3.49,4.9318,5408.8,2.898550724637684,weak_momentum,BULL_TREND,90.16135182174638,96.95652173913052,54.088,65.0,31.639772151663976,33.33333333333333,0.0,75.5,0.0,2,2,E_ablate_inflow_vr1.2,True,,20230213,8.08,20230215,0.24752475247524774,-1.2376237623762387,20230217,-3.3415841584158446,-3.4653465346534684,20230222,-2.846534653465349,-3.960396039603964
600199,600199.SH,金种子酒,白酒,20230210,28.65,45.49747023798895,45.49747023798895,0.0,2.16,6.3499,28437.07,3.6974789915966437,weak_momentum,BULL_TREND,55.55156561943719,100.0,100.0,80.0,75.40279032419954,30.0,0.0,55.69544564295627,0.0,3,3,E_ablate_inflow_vr1.2,True,,20230213,28.65,20230215,3.804537521814999,-0.17452006980801515,20230217,5.235602094240832,-0.17452006980801515,20230222,5.72425828970331,-0.17452006980801515
600199,600199.SH,金种子酒,白酒,20230210,28.65,55.14315339154551,55.14315339154551,0.0,2.16,6.3499,28437.07,3.6974789915966437,weak_momentum,BULL_TREND,55.55156561943719,100.0,100.0,80.0,75.40279032419954,30.0,0.0,55.69544564295627,0.0,1,1,E_ablate_wyckoff_vr1.2,True,,20230213,28.65,20230215,3.804537521814999,-0.17452006980801515,20230217,5.235602094240832,-0.17452006980801515,20230222,5.72425828970331,-0.17452006980801515
002463,002463.SZ,沪电股份,元器件,20230210,15.5,54.34624545741127,54.34624545741127,0.0,2.93,7.846,51774.78,4.615384615384616,weak_momentum,BULL_TREND,77.54503323237616,100.0,100.0,65.0,63.09660315036565,0.0,0.0,44.92298354778329,0.0,2,2,E_ablate_wyckoff_vr1.2,True,,20230213,15.45,20230215,6.666666666666665,-2.0711974110032227,20230217,-1.229773462783168,-2.0711974110032227,20230222,3.0420711974110004,-2.0711974110032227
000799,000799.SZ,酒鬼酒,白酒,20230210,146.45,52.90520541760864,52.90520541760864,0.0,1.77,3.3954,25147.76,3.7273205364186275,weak_momentum,BULL_TREND,41.187468015413636,100.0,100.0,65.0,75.40279032419954,43.333333333333336,0.0,52.6818620980809,0.0,3,3,E_ablate_wyckoff_vr1.2,True,,20230213,146.88,20230215,6.651688453159044,0.0,20230217,9.381808278867098,0.0,20230222,7.59803921568627,0.0
600199,600199.SH,金种子酒,白酒,20230210,28.65,63.49747023798895,63.49747023798895,0.0,2.16,6.3499,28437.07,3.6974789915966437,weak_momentum,BULL_TREND,55.55156561943719,100.0,100.0,80.0,75.40279032419954,30.0,0.0,55.69544564295627,0.0,1,1,E_ablate_accel_vr1.2,True,,20230213,28.65,20230215,3.804537521814999,-0.17452006980801515,20230217,5.235602094240832,-0.17452006980801515,20230222,5.72425828970331,-0.17452006980801515
000428,000428.SZ,华天酒店,酒店餐饮,20230210,5.62,63.102985296440565,63.102985296440565,0.0,2.73,6.6521,8303.79,7.260726072607253,weak_momentum,BULL_TREND,72.44504755725639,100.0,83.03790000000001,100.0,35.402391316312546,63.33333333333333,0.0,78.74920532492371,0.0,2,2,E_ablate_accel_vr1.2,True,,20230213,5.64,20230215,-5.496453900709208,-5.85106382978724,20230217,-9.042553191489356,-9.92907801418439,20230222,-7.801418439716301,-10.106382978723394
002463,002463.SZ,沪电股份,元器件,20230210,15.5,61.08469298957876,61.08469298957876,0.0,2.93,7.846,51774.78,4.615384615384616,weak_momentum,BULL_TREND,77.54503323237616,100.0,100.0,65.0,63.09660315036565,0.0,0.0,44.92298354778329,0.0,3,3,E_ablate_accel_vr1.2,True,,20230213,15.45,20230215,6.666666666666665,-2.0711974110032227,20230217,-1.229773462783168,-2.0711974110032227,20230222,3.0420711974110004,-2.0711974110032227
002330,002330.SZ,得利斯,食品,20230213,6.9,73.1975856252031,64.02647926916913,9.171106356033974,2.69,6.5155,5028.23,4.432132963988911,weak_momentum,BULL_TREND,71.38030863909496,100.0,50.28229999999999,80.0,91.71106356033974,53.333333333333336,0.0,78.96861848391504,0.0,1,1,A_recovered_proxy_vr1.5,True,,20230214,6.96,20230216,-5.028735632183901,-6.034482758620685,20230220,-4.1666666666666625,-6.034482758620685,20230223,-2.8735632183908066,-6.034482758620685
601360,601360.SH,三六零,互联网,20230213,9.69,69.09661586710203,60.68523143848323,8.4113844286188,1.74,6.2737,38043.39,4.62598425196851,weak_momentum,BULL_TREND,39.95436530370018,100.0,100.0,100.0,84.113844286188,20.0,0.0,40.5,0.0,2,2,A_recovered_proxy_vr1.5,True,,20230214,9.73,20230216,11.408016443987655,-0.10277492291880241,20230220,13.155190133607398,-0.10277492291880241,20230223,15.00513874614593,-0.10277492291880241
000676,000676.SZ,智度股份,互联网,20230213,6.3,65.48791365690518,57.076529228286375,8.4113844286188,1.61,6.8934,7357.45,3.3742331288343523,weak_momentum,BULL_TREND,34.35303441699462,100.0,73.5745,100.0,84.113844286188,10.0,0.0,57.08724948539326,0.0,3,3,A_recovered_proxy_vr1.5,True,,20230214,6.38,20230216,1.0971786833855912,-3.9184952978056464,20230220,3.6050156739811934,-3.9184952978056464,20230223,-4.075235109717868,-4.3887147335423204
002330,002330.SZ,得利斯,食品,20230213,6.9,64.02647926916913,64.02647926916913,0.0,2.69,6.5155,5028.23,4.432132963988911,weak_momentum,BULL_TREND,71.38030863909496,100.0,50.28229999999999,80.0,91.71106356033974,53.333333333333336,0.0,78.96861848391504,0.0,1,1,B_pure_quant_vr1.5,True,,20230214,6.96,20230216,-5.028735632183901,-6.034482758620685,20230220,-4.1666666666666625,-6.034482758620685,20230223,-2.8735632183908066,-6.034482758620685
601360,601360.SH,三六零,互联网,20230213,9.69,60.68523143848323,60.68523143848323,0.0,1.74,6.2737,38043.39,4.62598425196851,weak_momentum,BULL_TREND,39.95436530370018,100.0,100.0,100.0,84.113844286188,20.0,0.0,40.5,0.0,2,2,B_pure_quant_vr1.5,True,,20230214,9.73,20230216,11.408016443987655,-0.10277492291880241,20230220,13.155190133607398,-0.10277492291880241,20230223,15.00513874614593,-0.10277492291880241
002612,002612.SZ,朗姿股份,服饰,20230213,27.63,60.002597907159185,60.002597907159185,0.0,1.74,6.9507,12085.96,8.872031662269134,weak_momentum,BULL_TREND,39.95436530370018,100.0,100.0,100.0,61.67395349412263,66.66666666666666,0.0,42.8334450276829,0.0,3,3,B_pure_quant_vr1.5,True,,20230214,27.63,20230216,-4.705030763662688,-5.682229460731092,20230220,1.266739051755339,-5.682229460731092,20230223,2.316322837495477,-5.682229460731092
002330,002330.SZ,得利斯,食品,20230213,6.9,72.52461573481723,63.622697334937605,8.901918399879627,2.69,6.5155,5028.23,4.432132963988911,weak_momentum,BULL_TREND,71.38030863909496,100.0,50.28229999999999,80.0,89.01918399879627,53.333333333333336,0.0,78.96861848391504,0.0,1,1,A_recovered_proxy_vr1.2,True,,20230214,6.96,20230216,-5.028735632183901,-6.034482758620685,20230220,-4.1666666666666625,-6.034482758620685,20230223,-2.8735632183908066,-6.034482758620685
601360,601360.SH,三六零,互联网,20230213,9.69,68.50637901201665,60.331089325432,8.175289686584652,1.74,6.2737,38043.39,4.62598425196851,weak_momentum,BULL_TREND,39.95436530370018,100.0,100.0,100.0,81.75289686584651,20.0,0.0,40.5,0.0,2,2,A_recovered_proxy_vr1.2,True,,20230214,9.73,20230216,11.408016443987655,-0.10277492291880241,20230220,13.155190133607398,-0.10277492291880241,20230223,15.00513874614593,-0.10277492291880241
000676,000676.SZ,智度股份,互联网,20230213,6.3,64.89767680181981,56.72238711523516,8.175289686584652,1.61,6.8934,7357.45,3.3742331288343523,weak_momentum,BULL_TREND,34.35303441699462,100.0,73.5745,100.0,81.75289686584651,10.0,0.0,57.08724948539326,0.0,3,3,A_recovered_proxy_vr1.2,True,,20230214,6.38,20230216,1.0971786833855912,-3.9184952978056464,20230220,3.6050156739811934,-3.9184952978056464,20230223,-4.075235109717868,-4.3887147335423204
002330,002330.SZ,得利斯,食品,20230213,6.9,63.622697334937605,63.622697334937605,0.0,2.69,6.5155,5028.23,4.432132963988911,weak_momentum,BULL_TREND,71.38030863909496,100.0,50.28229999999999,80.0,89.01918399879627,53.333333333333336,0.0,78.96861848391504,0.0,1,1,D_pure_quant_vr1.2,True,,20230214,6.96,20230216,-5.028735632183901,-6.034482758620685,20230220,-4.1666666666666625,-6.034482758620685,20230223,-2.8735632183908066,-6.034482758620685
601360,601360.SH,三六零,互联网,20230213,9.69,60.331089325432,60.331089325432,0.0,1.74,6.2737,38043.39,4.62598425196851,weak_momentum,BULL_TREND,39.95436530370018,100.0,100.0,100.0,81.75289686584651,20.0,0.0,40.5,0.0,2,2,D_pure_quant_vr1.2,True,,20230214,9.73,20230216,11.408016443987655,-0.10277492291880241,20230220,13.155190133607398,-0.10277492291880241,20230223,15.00513874614593,-0.10277492291880241
002612,002612.SZ,朗姿股份,服饰,20230213,27.63,59.90832327671947,59.90832327671947,0.0,1.74,6.9507,12085.96,8.872031662269134,weak_momentum,BULL_TREND,39.95436530370018,100.0,100.0,100.0,61.04545595785787,66.66666666666666,0.0,42.8334450276829,0.0,3,3,D_pure_quant_vr1.2,True,,20230214,27.63,20230216,-4.705030763662688,-5.682229460731092,20230220,1.266739051755339,-5.682229460731092,20230223,2.316322837495477,-5.682229460731092
002612,002612.SZ,朗姿股份,服饰,20230213,27.63,50.751504883040795,50.751504883040795,0.0,1.74,6.9507,12085.96,8.872031662269134,weak_momentum,BULL_TREND,39.95436530370018,100.0,100.0,100.0,61.04545595785787,66.66666666666666,0.0,42.8334450276829,0.0,1,1,E_ablate_sector_vr1.2,True,,20230214,27.63,20230216,-4.705030763662688,-5.682229460731092,20230220,1.266739051755339,-5.682229460731092,20230223,2.316322837495477,-5.682229460731092
002330,002330.SZ,得利斯,食品,20230213,6.9,50.26981973511816,50.26981973511816,0.0,2.69,6.5155,5028.23,4.432132963988911,weak_momentum,BULL_TREND,71.38030863909496,100.0,50.28229999999999,80.0,89.01918399879627,53.333333333333336,0.0,78.96861848391504,0.0,2,2,E_ablate_sector_vr1.2,True,,20230214,6.96,20230216,-5.028735632183901,-6.034482758620685,20230220,-4.1666666666666625,-6.034482758620685,20230223,-2.8735632183908066,-6.034482758620685
601360,601360.SH,三六零,互联网,20230213,9.69,48.068154795555024,48.068154795555024,0.0,1.74,6.2737,38043.39,4.62598425196851,weak_momentum,BULL_TREND,39.95436530370018,100.0,100.0,100.0,81.75289686584651,20.0,0.0,40.5,0.0,3,3,E_ablate_sector_vr1.2,True,,20230214,9.73,20230216,11.408016443987655,-0.10277492291880241,20230220,13.155190133607398,-0.10277492291880241,20230223,15.00513874614593,-0.10277492291880241
002330,002330.SZ,得利斯,食品,20230213,6.9,53.9937247178469,53.9937247178469,0.0,2.69,6.5155,5028.23,4.432132963988911,weak_momentum,BULL_TREND,71.38030863909496,100.0,50.28229999999999,80.0,85.16479321819156,53.333333333333336,0.0,78.96861848391504,0.0,1,1,E_ablate_inflow_vr1.2,True,,20230214,6.96,20230216,-5.028735632183901,-6.034482758620685,20230220,-4.1666666666666625,-6.034482758620685,20230223,-2.8735632183908066,-6.034482758620685
002265,002265.SZ,建设工业,专用机械,20230213,15.3,48.58297542493714,48.58297542493714,0.0,3.81,6.6601,-2170.7,5.1456912585244785,weak_momentum,BULL_TREND,96.48954988592988,100.0,0.0,65.0,33.30487565230681,33.33333333333333,0.0,81.3142995168998,0.0,2,2,E_ablate_inflow_vr1.2,True,,20230214,15.3,20230216,-3.9215686274509887,-5.163398692810461,20230220,-2.8758169934640643,-6.993464052287579,20230223,-1.9607843137254943,-6.993464052287579
000915,000915.SZ,华特达因,化学制药,20230213,44.51,45.37095257816096,45.37095257816096,0.0,4.33,4.6285,-11068.23,6.960702341137134,weak_momentum,BULL_TREND,100.0,100.0,0.0,40.0,40.179552683100795,33.33333333333333,0.0,57.8490200601945,0.0,3,3,E_ablate_inflow_vr1.2,True,,20230214,44.86,20230216,-5.260811413285782,-5.595185020062409,20230220,-3.967900133749447,-6.375390102541234,20230223,-5.416852429781538,-6.375390102541234
601360,601360.SH,三六零,互联网,20230213,9.69,54.256089325432,54.256089325432,0.0,1.74,6.2737,38043.39,4.62598425196851,weak_momentum,BULL_TREND,39.95436530370018,100.0,100.0,100.0,81.75289686584651,20.0,0.0,40.5,0.0,1,1,E_ablate_wyckoff_vr1.2,True,,20230214,9.73,20230216,11.408016443987655,-0.10277492291880241,20230220,13.155190133607398,-0.10277492291880241,20230223,15.00513874614593,-0.10277492291880241
002612,002612.SZ,朗姿股份,服饰,20230213,27.63,53.48330652256704,53.48330652256704,0.0,1.74,6.9507,12085.96,8.872031662269134,weak_momentum,BULL_TREND,39.95436530370018,100.0,100.0,100.0,61.04545595785787,66.66666666666666,0.0,42.8334450276829,0.0,2,2,E_ablate_wyckoff_vr1.2,True,,20230214,27.63,20230216,-4.705030763662688,-5.682229460731092,20230220,1.266739051755339,-5.682229460731092,20230223,2.316322837495477,-5.682229460731092
002330,002330.SZ,得利斯,食品,20230213,6.9,51.77740456235035,51.77740456235035,0.0,2.69,6.5155,5028.23,4.432132963988911,weak_momentum,BULL_TREND,71.38030863909496,100.0,50.28229999999999,80.0,89.01918399879627,53.333333333333336,0.0,78.96861848391504,0.0,3,3,E_ablate_wyckoff_vr1.2,True,,20230214,6.96,20230216,-5.028735632183901,-6.034482758620685,20230220,-4.1666666666666625,-6.034482758620685,20230223,-2.8735632183908066,-6.034482758620685
002330,002330.SZ,得利斯,食品,20230213,6.9,63.622697334937605,63.622697334937605,0.0,2.69,6.5155,5028.23,4.432132963988911,weak_momentum,BULL_TREND,71.38030863909496,100.0,50.28229999999999,80.0,89.01918399879627,53.333333333333336,0.0,78.96861848391504,0.0,1,1,E_ablate_accel_vr1.2,True,,20230214,6.96,20230216,-5.028735632183901,-6.034482758620685,20230220,-4.1666666666666625,-6.034482758620685,20230223,-2.8735632183908066,-6.034482758620685
601360,601360.SH,三六零,互联网,20230213,9.69,60.331089325432,60.331089325432,0.0,1.74,6.2737,38043.39,4.62598425196851,weak_momentum,BULL_TREND,39.95436530370018,100.0,100.0,100.0,81.75289686584651,20.0,0.0,40.5,0.0,2,2,E_ablate_accel_vr1.2,True,,20230214,9.73,20230216,11.408016443987655,-0.10277492291880241,20230220,13.155190133607398,-0.10277492291880241,20230223,15.00513874614593,-0.10277492291880241
002612,002612.SZ,朗姿股份,服饰,20230213,27.63,59.90832327671947,59.90832327671947,0.0,1.74,6.9507,12085.96,8.872031662269134,weak_momentum,BULL_TREND,39.95436530370018,100.0,100.0,100.0,61.04545595785787,66.66666666666666,0.0,42.8334450276829,0.0,3,3,E_ablate_accel_vr1.2,True,,20230214,27.63,20230216,-4.705030763662688,-5.682229460731092,20230220,1.266739051755339,-5.682229460731092,20230223,2.316322837495477,-5.682229460731092
000878,000878.SZ,云南铜业,铜,20230214,13.31,71.38837760197495,71.38837760197495,0.0,4.02,4.3098,10771.89,3.058994901675163,weak_momentum,BULL_TREND,100.0,100.0,100.0,80.0,65.62153670968095,33.33333333333333,0.0,72.52320285904091,0.0,1,1,A_recovered_proxy_vr1.5,True,,20230215,13.31,20230217,-3.831705484598047,-4.808414725770104,20230221,-0.15026296018032514,-4.808414725770104,20230224,-3.155522163786628,-4.808414725770104
002349,002349.SZ,精华制药,中成药,20230214,12.3,59.245455769428354,59.245455769428354,0.0,2.84,4.249,8427.74,1.5999999999999945,weak_momentum,BULL_TREND,75.29454648649786,57.99999999999984,84.2774,80.0,34.80831316464343,86.66666666666667,0.0,81.77840992282563,0.0,2,2,A_recovered_proxy_vr1.5,True,,20230215,12.3,20230217,5.284552845528445,-1.382113821138209,20230221,1.6260162601625883,-1.382113821138209,20230224,0.0,-1.382113821138209
600992,600992.SH,贵绳股份,钢加工,20230214,24.4,54.64009750265047,54.64009750265047,0.0,2.44,7.4661,5874.5,4.3137254901960835,weak_momentum,BULL_TREND,64.34405738940808,100.0,58.745,100.0,33.889107177112635,63.33333333333333,0.0,61.09570767337132,0.0,3,3,A_recovered_proxy_vr1.5,True,,20230215,24.33,20230217,-2.0139745170571266,-3.4114262227702308,20230221,-2.753801890669949,-5.50760378133991,20230224,-0.8220304151253521,-5.50760378133991
000878,000878.SZ,云南铜业,铜,20230214,13.31,71.38837760197495,71.38837760197495,0.0,4.02,4.3098,10771.89,3.058994901675163,weak_momentum,BULL_TREND,100.0,100.0,100.0,80.0,65.62153670968095,33.33333333333333,0.0,72.52320285904091,0.0,1,1,B_pure_quant_vr1.5,True,,20230215,13.31,20230217,-3.831705484598047,-4.808414725770104,20230221,-0.15026296018032514,-4.808414725770104,20230224,-3.155522163786628,-4.808414725770104
002349,002349.SZ,精华制药,中成药,20230214,12.3,59.245455769428354,59.245455769428354,0.0,2.84,4.249,8427.74,1.5999999999999945,weak_momentum,BULL_TREND,75.29454648649786,57.99999999999984,84.2774,80.0,34.80831316464343,86.66666666666667,0.0,81.77840992282563,0.0,2,2,B_pure_quant_vr1.5,True,,20230215,12.3,20230217,5.284552845528445,-1.382113821138209,20230221,1.6260162601625883,-1.382113821138209,20230224,0.0,-1.382113821138209
600992,600992.SH,贵绳股份,钢加工,20230214,24.4,54.64009750265047,54.64009750265047,0.0,2.44,7.4661,5874.5,4.3137254901960835,weak_momentum,BULL_TREND,64.34405738940808,100.0,58.745,100.0,33.889107177112635,63.33333333333333,0.0,61.09570767337132,0.0,3,3,B_pure_quant_vr1.5,True,,20230215,24.33,20230217,-2.0139745170571266,-3.4114262227702308,20230221,-2.753801890669949,-5.50760378133991,20230224,-0.8220304151253521,-5.50760378133991
000878,000878.SZ,云南铜业,铜,20230214,13.31,70.74809639606069,70.74809639606069,0.0,4.02,4.3098,10771.89,3.058994901675163,weak_momentum,BULL_TREND,100.0,100.0,100.0,80.0,61.35299533691928,33.33333333333333,0.0,72.52320285904091,0.0,1,1,A_recovered_proxy_vr1.2,True,,20230215,13.31,20230217,-3.831705484598047,-4.808414725770104,20230221,-0.15026296018032514,-4.808414725770104,20230224,-3.155522163786628,-4.808414725770104
603000,603000.SH,人民网,互联网,20230214,17.65,63.89661023953289,56.10620270358459,7.790407535948299,1.47,8.3145,28583.11,6.067056945183611,weak_momentum,BULL_TREND,27.790807753081985,100.0,100.0,60.0,77.90407535948299,0.0,0.0,48.346468244665665,0.0,2,2,A_recovered_proxy_vr1.2,True,t1_limit_up,,,,,,,,,,,
002349,002349.SZ,精华制药,中成药,20230214,12.3,59.78960069196758,59.78960069196758,0.0,2.84,4.249,8427.74,1.5999999999999945,weak_momentum,BULL_TREND,75.29454648649786,57.99999999999984,84.2774,80.0,38.435945981571635,86.66666666666667,0.0,81.77840992282563,0.0,3,3,A_recovered_proxy_vr1.2,True,,20230215,12.3,20230217,5.284552845528445,-1.382113821138209,20230221,1.6260162601625883,-1.382113821138209,20230224,0.0,-1.382113821138209
000878,000878.SZ,云南铜业,铜,20230214,13.31,70.74809639606069,70.74809639606069,0.0,4.02,4.3098,10771.89,3.058994901675163,weak_momentum,BULL_TREND,100.0,100.0,100.0,80.0,61.35299533691928,33.33333333333333,0.0,72.52320285904091,0.0,1,1,D_pure_quant_vr1.2,True,,20230215,13.31,20230217,-3.831705484598047,-4.808414725770104,20230221,-0.15026296018032514,-4.808414725770104,20230224,-3.155522163786628,-4.808414725770104
002349,002349.SZ,精华制药,中成药,20230214,12.3,59.78960069196758,59.78960069196758,0.0,2.84,4.249,8427.74,1.5999999999999945,weak_momentum,BULL_TREND,75.29454648649786,57.99999999999984,84.2774,80.0,38.435945981571635,86.66666666666667,0.0,81.77840992282563,0.0,2,2,D_pure_quant_vr1.2,True,,20230215,12.3,20230217,5.284552845528445,-1.382113821138209,20230221,1.6260162601625883,-1.382113821138209,20230224,0.0,-1.382113821138209
603000,603000.SH,人民网,互联网,20230214,17.65,56.10620270358459,56.10620270358459,0.0,1.47,8.3145,28583.11,6.067056945183611,weak_momentum,BULL_TREND,27.790807753081985,100.0,100.0,60.0,77.90407535948299,0.0,0.0,48.346468244665665,0.0,3,3,D_pure_quant_vr1.2,True,t1_limit_up,,,,,,,,,,,
000878,000878.SZ,云南铜业,铜,20230214,13.31,61.5451470955228,61.5451470955228,0.0,4.02,4.3098,10771.89,3.058994901675163,weak_momentum,BULL_TREND,100.0,100.0,100.0,80.0,61.35299533691928,33.33333333333333,0.0,72.52320285904091,0.0,1,1,E_ablate_sector_vr1.2,True,,20230215,13.31,20230217,-3.831705484598047,-4.808414725770104,20230221,-0.15026296018032514,-4.808414725770104,20230224,-3.155522163786628,-4.808414725770104
002349,002349.SZ,精华制药,中成药,20230214,12.3,54.024208794731834,54.024208794731834,0.0,2.84,4.249,8427.74,1.5999999999999945,weak_momentum,BULL_TREND,75.29454648649786,57.99999999999984,84.2774,80.0,38.435945981571635,86.66666666666667,0.0,81.77840992282563,0.0,2,2,E_ablate_sector_vr1.2,True,,20230215,12.3,20230217,5.284552845528445,-1.382113821138209,20230221,1.6260162601625883,-1.382113821138209,20230224,0.0,-1.382113821138209
600992,600992.SH,贵绳股份,钢加工,20230214,24.4,49.55673142608357,49.55673142608357,0.0,2.44,7.4661,5874.5,4.3137254901960835,weak_momentum,BULL_TREND,64.34405738940808,100.0,58.745,100.0,31.56123840995214,63.33333333333333,0.0,61.09570767337132,0.0,3,3,E_ablate_sector_vr1.2,True,,20230215,24.33,20230217,-2.0139745170571266,-3.4114262227702308,20230221,-2.753801890669949,-5.50760378133991,20230224,-0.8220304151253521,-5.50760378133991
000878,000878.SZ,云南铜业,铜,20230214,13.31,52.748096396060696,52.748096396060696,0.0,4.02,4.3098,10771.89,3.058994901675163,weak_momentum,BULL_TREND,100.0,100.0,100.0,80.0,61.35299533691928,33.33333333333333,0.0,72.52320285904091,0.0,1,1,E_ablate_inflow_vr1.2,True,,20230215,13.31,20230217,-3.831705484598047,-4.808414725770104,20230221,-0.15026296018032514,-4.808414725770104,20230224,-3.155522163786628,-4.808414725770104
000878,000878.SZ,云南铜业,铜,20230214,13.31,59.86961596720456,59.86961596720456,0.0,4.02,4.3098,10771.89,3.058994901675163,weak_momentum,BULL_TREND,100.0,100.0,100.0,80.0,61.35299533691928,33.33333333333333,0.0,72.52320285904091,0.0,1,1,E_ablate_wyckoff_vr1.2,True,,20230215,13.31,20230217,-3.831705484598047,-4.808414725770104,20230221,-0.15026296018032514,-4.808414725770104,20230224,-3.155522163786628,-4.808414725770104
603000,603000.SH,人民网,互联网,20230214,17.65,48.854232466884746,48.854232466884746,0.0,1.47,8.3145,28583.11,6.067056945183611,weak_momentum,BULL_TREND,27.790807753081985,100.0,100.0,60.0,77.90407535948299,0.0,0.0,48.346468244665665,0.0,2,2,E_ablate_wyckoff_vr1.2,True,t1_limit_up,,,,,,,,,,,
002349,002349.SZ,精华制药,中成药,20230214,12.3,47.52283920354374,47.52283920354374,0.0,2.84,4.249,8427.74,1.5999999999999945,weak_momentum,BULL_TREND,75.29454648649786,57.99999999999984,84.2774,80.0,38.435945981571635,86.66666666666667,0.0,81.77840992282563,0.0,3,3,E_ablate_wyckoff_vr1.2,True,,20230215,12.3,20230217,5.284552845528445,-1.382113821138209,20230221,1.6260162601625883,-1.382113821138209,20230224,0.0,-1.382113821138209
000878,000878.SZ,云南铜业,铜,20230214,13.31,70.74809639606069,70.74809639606069,0.0,4.02,4.3098,10771.89,3.058994901675163,weak_momentum,BULL_TREND,100.0,100.0,100.0,80.0,61.35299533691928,33.33333333333333,0.0,72.52320285904091,0.0,1,1,E_ablate_accel_vr1.2,True,,20230215,13.31,20230217,-3.831705484598047,-4.808414725770104,20230221,-0.15026296018032514,-4.808414725770104,20230224,-3.155522163786628,-4.808414725770104
002349,002349.SZ,精华制药,中成药,20230214,12.3,59.78960069196758,59.78960069196758,0.0,2.84,4.249,8427.74,1.5999999999999945,weak_momentum,BULL_TREND,75.29454648649786,57.99999999999984,84.2774,80.0,38.435945981571635,86.66666666666667,0.0,81.77840992282563,0.0,2,2,E_ablate_accel_vr1.2,True,,20230215,12.3,20230217,5.284552845528445,-1.382113821138209,20230221,1.6260162601625883,-1.382113821138209,20230224,0.0,-1.382113821138209
603000,603000.SH,人民网,互联网,20230214,17.65,56.10620270358459,56.10620270358459,0.0,1.47,8.3145,28583.11,6.067056945183611,weak_momentum,BULL_TREND,27.790807753081985,100.0,100.0,60.0,77.90407535948299,0.0,0.0,48.346468244665665,0.0,3,3,E_ablate_accel_vr1.2,True,t1_limit_up,,,,,,,,,,,
002519,002519.SZ,银河电子,通信设备,20230215,5.65,54.73114628528333,54.73114628528333,0.0,3.15,7.4013,3340.52,3.4188034188034067,weak_momentum,BULL_TREND,82.7675914306277,100.0,33.4052,100.0,57.45297959541934,10.0,0.0,67.90083087584182,0.0,1,1,A_recovered_proxy_vr1.5,True,,20230216,5.67,20230220,-5.114638447971787,-7.231040564373902,20230222,-4.5855379188712515,-7.231040564373902,20230227,-5.467372134038795,-7.231040564373902
002609,002609.SZ,捷顺科技,软件服务,20230215,9.76,46.96385324300022,46.96385324300022,0.0,2.29,4.5369,3743.0,7.04761904761905,weak_momentum,BULL_TREND,59.76737991611096,100.0,37.43,40.0,59.174271420022876,53.333333333333336,0.0,38.12359250608987,0.0,2,2,A_recovered_proxy_vr1.5,True,,20230216,9.66,20230220,-4.244306418219468,-5.693581780538315,20230222,-4.554865424430632,-6.3146997929606545,20230227,2.2774327122153215,-7.246376811594191
002519,002519.SZ,银河电子,通信设备,20230215,5.65,54.73114628528333,54.73114628528333,0.0,3.15,7.4013,3340.52,3.4188034188034067,weak_momentum,BULL_TREND,82.7675914306277,100.0,33.4052,100.0,57.45297959541934,10.0,0.0,67.90083087584182,0.0,1,1,B_pure_quant_vr1.5,True,,20230216,5.67,20230220,-5.114638447971787,-7.231040564373902,20230222,-4.5855379188712515,-7.231040564373902,20230227,-5.467372134038795,-7.231040564373902
002609,002609.SZ,捷顺科技,软件服务,20230215,9.76,46.96385324300022,46.96385324300022,0.0,2.29,4.5369,3743.0,7.04761904761905,weak_momentum,BULL_TREND,59.76737991611096,100.0,37.43,40.0,59.174271420022876,53.333333333333336,0.0,38.12359250608987,0.0,2,2,B_pure_quant_vr1.5,True,,20230216,9.66,20230220,-4.244306418219468,-5.693581780538315,20230222,-4.554865424430632,-6.3146997929606545,20230227,2.2774327122153215,-7.246376811594191
002519,002519.SZ,银河电子,通信设备,20230215,5.65,60.87033310066647,54.567479598788054,6.302853501878416,3.15,7.4013,3340.52,3.4188034188034067,weak_momentum,BULL_TREND,82.7675914306277,100.0,33.4052,80.0,63.028535018784154,10.0,0.0,67.90083087584182,0.0,1,1,A_recovered_proxy_vr1.2,True,,20230216,5.67,20230220,-5.114638447971787,-7.231040564373902,20230222,-4.5855379188712515,-7.231040564373902,20230227,-5.467372134038795,-7.231040564373902
002681,002681.SZ,奋达科技,元器件,20230215,4.28,47.385680345488296,47.385680345488296,0.0,1.45,4.987,5680.54,4.888888888888884,weak_momentum,BULL_TREND,26.802645012010483,100.0,56.8054,65.0,47.82283962211336,30.0,0.0,61.44590433579813,0.0,2,2,A_recovered_proxy_vr1.2,True,,20230216,4.25,20230220,-1.4117647058823457,-4.470588235294127,20230222,-0.47058823529411153,-4.470588235294127,20230227,9.64705882352941,-4.470588235294127
002609,002609.SZ,捷顺科技,软件服务,20230215,9.76,46.78063024994199,46.78063024994199,0.0,2.29,4.5369,3743.0,7.04761904761905,weak_momentum,BULL_TREND,59.76737991611096,100.0,37.43,40.0,57.95278479963469,53.333333333333336,0.0,38.12359250608987,0.0,3,3,A_recovered_proxy_vr1.2,True,,20230216,9.66,20230220,-4.244306418219468,-5.693581780538315,20230222,-4.554865424430632,-6.3146997929606545,20230227,2.2774327122153215,-7.246376811594191
002519,002519.SZ,银河电子,通信设备,20230215,5.65,54.567479598788054,54.567479598788054,0.0,3.15,7.4013,3340.52,3.4188034188034067,weak_momentum,BULL_TREND,82.7675914306277,100.0,33.4052,80.0,63.028535018784154,10.0,0.0,67.90083087584182,0.0,1,1,D_pure_quant_vr1.2,True,,20230216,5.67,20230220,-5.114638447971787,-7.231040564373902,20230222,-4.5855379188712515,-7.231040564373902,20230227,-5.467372134038795,-7.231040564373902
002681,002681.SZ,奋达科技,元器件,20230215,4.28,47.385680345488296,47.385680345488296,0.0,1.45,4.987,5680.54,4.888888888888884,weak_momentum,BULL_TREND,26.802645012010483,100.0,56.8054,65.0,47.82283962211336,30.0,0.0,61.44590433579813,0.0,2,2,D_pure_quant_vr1.2,True,,20230216,4.25,20230220,-1.4117647058823457,-4.470588235294127,20230222,-0.47058823529411153,-4.470588235294127,20230227,9.64705882352941,-4.470588235294127
002609,002609.SZ,捷顺科技,软件服务,20230215,9.76,46.78063024994199,46.78063024994199,0.0,2.29,4.5369,3743.0,7.04761904761905,weak_momentum,BULL_TREND,59.76737991611096,100.0,37.43,40.0,57.95278479963469,53.333333333333336,0.0,38.12359250608987,0.0,3,3,D_pure_quant_vr1.2,True,,20230216,9.66,20230220,-4.244306418219468,-5.693581780538315,20230222,-4.554865424430632,-6.3146997929606545,20230227,2.2774327122153215,-7.246376811594191
002519,002519.SZ,银河电子,通信设备,20230215,5.65,45.11319934597043,45.11319934597043,0.0,3.15,7.4013,3340.52,3.4188034188034067,weak_momentum,BULL_TREND,82.7675914306277,100.0,33.4052,80.0,63.028535018784154,10.0,0.0,67.90083087584182,0.0,1,1,E_ablate_sector_vr1.2,True,,20230216,5.67,20230220,-5.114638447971787,-7.231040564373902,20230222,-4.5855379188712515,-7.231040564373902,20230227,-5.467372134038795,-7.231040564373902
002519,002519.SZ,银河电子,通信设备,20230215,5.65,48.55454359878805,48.55454359878805,0.0,3.15,7.4013,3340.52,3.4188034188034067,weak_momentum,BULL_TREND,82.7675914306277,100.0,33.4052,80.0,63.028535018784154,10.0,0.0,67.90083087584182,0.0,1,1,E_ablate_inflow_vr1.2,True,,20230216,5.67,20230220,-5.114638447971787,-7.231040564373902,20230222,-4.5855379188712515,-7.231040564373902,20230227,-5.467372134038795,-7.231040564373902
002519,002519.SZ,银河电子,通信设备,20230215,5.65,54.567479598788054,54.567479598788054,0.0,3.15,7.4013,3340.52,3.4188034188034067,weak_momentum,BULL_TREND,82.7675914306277,100.0,33.4052,80.0,63.028535018784154,10.0,0.0,67.90083087584182,0.0,1,1,E_ablate_accel_vr1.2,True,,20230216,5.67,20230220,-5.114638447971787,-7.231040564373902,20230222,-4.5855379188712515,-7.231040564373902,20230227,-5.467372134038795,-7.231040564373902
002681,002681.SZ,奋达科技,元器件,20230215,4.28,47.385680345488296,47.385680345488296,0.0,1.45,4.987,5680.54,4.888888888888884,weak_momentum,BULL_TREND,26.802645012010483,100.0,56.8054,65.0,47.82283962211336,30.0,0.0,61.44590433579813,0.0,2,2,E_ablate_accel_vr1.2,True,,20230216,4.25,20230220,-1.4117647058823457,-4.470588235294127,20230222,-0.47058823529411153,-4.470588235294127,20230227,9.64705882352941,-4.470588235294127
002609,002609.SZ,捷顺科技,软件服务,20230215,9.76,46.78063024994199,46.78063024994199,0.0,2.29,4.5369,3743.0,7.04761904761905,weak_momentum,BULL_TREND,59.76737991611096,100.0,37.43,40.0,57.95278479963469,53.333333333333336,0.0,38.12359250608987,0.0,3,3,E_ablate_accel_vr1.2,True,,20230216,9.66,20230220,-4.244306418219468,-5.693581780538315,20230222,-4.554865424430632,-6.3146997929606545,20230227,2.2774327122153215,-7.246376811594191
002603,002603.SZ,以岭药业,中成药,20230216,30.76,69.04389969366397,61.902224300993815,7.141675392670158,3.6,11.1502,60705.36,1.9757807520713748,sideways,BULL_TREND,92.3998453277475,19.75780752071375,100.0,80.0,71.41675392670157,63.33333333333333,0.0,83.73634098883694,0.0,1,1,A_recovered_proxy_vr1.5,True,,20230217,30.47,20230221,3.2819166393173616,-2.0347883163767566,20230223,-0.7220216606498187,-2.0347883163767566,20230228,-1.4768624876928094,-3.905480800787653
002317,002317.SZ,众生药业,中成药,20230216,23.01,64.98089672163245,57.839221328962296,7.141675392670158,1.61,6.9559,8597.73,16.93140794223826,sideways,BULL_TREND,34.35303441699462,80.68592057761741,85.9773,65.0,71.41675392670157,33.33333333333333,0.0,68.61829562063123,0.0,2,2,A_recovered_proxy_vr1.5,True,,20230217,22.68,20230221,5.511463844797171,-1.6313932980599688,20230223,4.673721340387993,-1.6313932980599688,20230228,2.4691358024691246,-1.6313932980599688
600594,600594.SH,益佰制药,中成药,20230216,5.63,56.12477274039483,48.98309734772467,7.141675392670158,3.52,5.8643,1463.8,1.9163763066202144,sideways,BULL_TREND,90.77877144312862,19.163763066202144,14.638,65.0,71.41675392670157,33.33333333333333,0.0,75.5,0.0,3,3,A_recovered_proxy_vr1.5,True,,20230217,5.6,20230221,1.9642857142857295,-0.7142857142857117,20230223,0.0,-0.7142857142857117,20230228,2.1428571428571352,-1.4285714285714346
002603,002603.SZ,以岭药业,中成药,20230216,30.76,61.902224300993815,61.902224300993815,0.0,3.6,11.1502,60705.36,1.9757807520713748,sideways,BULL_TREND,92.3998453277475,19.75780752071375,100.0,80.0,71.41675392670157,63.33333333333333,0.0,83.73634098883694,0.0,1,1,B_pure_quant_vr1.5,True,,20230217,30.47,20230221,3.2819166393173616,-2.0347883163767566,20230223,-0.7220216606498187,-2.0347883163767566,20230228,-1.4768624876928094,-3.905480800787653
002317,002317.SZ,众生药业,中成药,20230216,23.01,57.839221328962296,57.839221328962296,0.0,1.61,6.9559,8597.73,16.93140794223826,sideways,BULL_TREND,34.35303441699462,80.68592057761741,85.9773,65.0,71.41675392670157,33.33333333333333,0.0,68.61829562063123,0.0,2,2,B_pure_quant_vr1.5,True,,20230217,22.68,20230221,5.511463844797171,-1.6313932980599688,20230223,4.673721340387993,-1.6313932980599688,20230228,2.4691358024691246,-1.6313932980599688
000529,000529.SZ,广弘控股,食品,20230216,8.66,55.28056693507438,55.28056693507438,0.0,4.12,10.0377,5097.78,3.563474387527843,sideways,BULL_TREND,100.0,35.63474387527843,50.977799999999995,60.0,32.347830330166985,33.33333333333333,0.0,95.03955055267846,0.0,3,3,B_pure_quant_vr1.5,True,,20230217,8.68,20230221,1.7281105990783363,-0.9216589861751112,20230223,0.11520737327188613,-0.9216589861751112,20230228,-2.7649769585253448,-4.608294930875578
002603,002603.SZ,以岭药业,中成药,20230216,30.76,69.243245402622,62.021831726368625,7.221413676253367,3.6,11.1502,60705.36,1.9757807520713748,sideways,BULL_TREND,92.3998453277475,19.75780752071375,100.0,80.0,72.21413676253367,63.33333333333333,0.0,83.73634098883694,0.0,1,1,A_recovered_proxy_vr1.2,True,,20230217,30.47,20230221,3.2819166393173616,-2.0347883163767566,20230223,-0.7220216606498187,-2.0347883163767566,20230228,-1.4768624876928094,-3.905480800787653
002317,002317.SZ,众生药业,中成药,20230216,23.01,65.18024243059048,57.95882875433711,7.221413676253367,1.61,6.9559,8597.73,16.93140794223826,sideways,BULL_TREND,34.35303441699462,80.68592057761741,85.9773,65.0,72.21413676253367,33.33333333333333,0.0,68.61829562063123,0.0,2,2,A_recovered_proxy_vr1.2,True,,20230217,22.68,20230221,5.511463844797171,-1.6313932980599688,20230223,4.673721340387993,-1.6313932980599688,20230228,2.4691358024691246,-1.6313932980599688
600594,600594.SH,益佰制药,中成药,20230216,5.63,56.32411844935285,49.10270477309948,7.221413676253367,3.52,5.8643,1463.8,1.9163763066202144,sideways,BULL_TREND,90.77877144312862,19.163763066202144,14.638,65.0,72.21413676253367,33.33333333333333,0.0,75.5,0.0,3,3,A_recovered_proxy_vr1.2,True,,20230217,5.6,20230221,1.9642857142857295,-0.7142857142857117,20230223,0.0,-0.7142857142857117,20230228,2.1428571428571352,-1.4285714285714346
002603,002603.SZ,以岭药业,中成药,20230216,30.76,62.021831726368625,62.021831726368625,0.0,3.6,11.1502,60705.36,1.9757807520713748,sideways,BULL_TREND,92.3998453277475,19.75780752071375,100.0,80.0,72.21413676253367,63.33333333333333,0.0,83.73634098883694,0.0,1,1,D_pure_quant_vr1.2,True,,20230217,30.47,20230221,3.2819166393173616,-2.0347883163767566,20230223,-0.7220216606498187,-2.0347883163767566,20230228,-1.4768624876928094,-3.905480800787653
002317,002317.SZ,众生药业,中成药,20230216,23.01,57.95882875433711,57.95882875433711,0.0,1.61,6.9559,8597.73,16.93140794223826,sideways,BULL_TREND,34.35303441699462,80.68592057761741,85.9773,65.0,72.21413676253367,33.33333333333333,0.0,68.61829562063123,0.0,2,2,D_pure_quant_vr1.2,True,,20230217,22.68,20230221,5.511463844797171,-1.6313932980599688,20230223,4.673721340387993,-1.6313932980599688,20230228,2.4691358024691246,-1.6313932980599688
000529,000529.SZ,广弘控股,食品,20230216,8.66,55.436153663466776,55.436153663466776,0.0,4.12,10.0377,5097.78,3.563474387527843,sideways,BULL_TREND,100.0,35.63474387527843,50.977799999999995,60.0,33.385075186116275,33.33333333333333,0.0,95.03955055267846,0.0,3,3,D_pure_quant_vr1.2,True,,20230217,8.68,20230221,1.7281105990783363,-0.9216589861751112,20230223,0.11520737327188613,-0.9216589861751112,20230228,-2.7649769585253448,-4.608294930875578
002603,002603.SZ,以岭药业,中成药,20230216,30.76,51.18971121198858,51.18971121198858,0.0,3.6,11.1502,60705.36,1.9757807520713748,sideways,BULL_TREND,92.3998453277475,19.75780752071375,100.0,80.0,72.21413676253367,63.33333333333333,0.0,83.73634098883694,0.0,1,1,E_ablate_sector_vr1.2,True,,20230217,30.47,20230221,3.2819166393173616,-2.0347883163767566,20230223,-0.7220216606498187,-2.0347883163767566,20230228,-1.4768624876928094,-3.905480800787653
000529,000529.SZ,广弘控股,食品,20230216,8.66,50.42839238554934,50.42839238554934,0.0,4.12,10.0377,5097.78,3.563474387527843,sideways,BULL_TREND,100.0,35.63474387527843,50.977799999999995,60.0,33.385075186116275,33.33333333333333,0.0,95.03955055267846,0.0,2,2,E_ablate_sector_vr1.2,True,,20230217,8.68,20230221,1.7281105990783363,-0.9216589861751112,20230223,0.11520737327188613,-0.9216589861751112,20230228,-2.7649769585253448,-4.608294930875578
601868,601868.SH,中国能建,建筑工程,20230216,2.36,49.13480373023201,49.13480373023201,0.0,3.26,3.6965,29540.45,2.4793388429752086,sideways,BULL_TREND,85.24359822281764,24.793388429752085,100.0,80.0,25.045018058673723,33.33333333333333,0.0,75.5,0.0,3,3,E_ablate_sector_vr1.2,True,,20230217,2.35,20230221,1.2765957446808418,-0.8510638297872353,20230223,1.2765957446808418,-0.8510638297872353,20230228,1.2765957446808418,-0.8510638297872353
000756,000756.SZ,新华制药,化学制药,20230216,26.89,49.85132057364945,49.85132057364945,0.0,2.66,9.1941,-564.46,7.499140006879943,sideways,BULL_TREND,70.57131228632325,91.65233344799906,0.0,60.0,17.650317143105397,33.33333333333333,0.0,70.39920228305054,0.0,1,1,E_ablate_inflow_vr1.2,True,t1_limit_up,,,,,,,,,,,
002603,002603.SZ,以岭药业,中成药,20230216,30.76,49.651596113659735,49.651596113659735,0.0,3.6,11.1502,60705.36,1.9757807520713748,sideways,BULL_TREND,92.3998453277475,19.75780752071375,100.0,80.0,69.74589934447437,63.33333333333333,0.0,83.73634098883694,0.0,2,2,E_ablate_inflow_vr1.2,True,,20230217,30.47,20230221,3.2819166393173616,-2.0347883163767566,20230223,-0.7220216606498187,-2.0347883163767566,20230228,-1.4768624876928094,-3.905480800787653
000529,000529.SZ,广弘控股,食品,20230216,8.66,49.32207049236154,49.32207049236154,0.0,4.12,10.0377,5097.78,3.563474387527843,sideways,BULL_TREND,100.0,35.63474387527843,50.977799999999995,60.0,33.406760712081336,33.33333333333333,0.0,95.03955055267846,0.0,3,3,E_ablate_inflow_vr1.2,True,,20230217,8.68,20230221,1.7281105990783363,-0.9216589861751112,20230223,0.11520737327188613,-0.9216589861751112,20230228,-2.7649769585253448,-4.608294930875578
002603,002603.SZ,以岭药业,中成药,20230216,30.76,51.973470807708196,51.973470807708196,0.0,3.6,11.1502,60705.36,1.9757807520713748,sideways,BULL_TREND,92.3998453277475,19.75780752071375,100.0,80.0,72.21413676253367,63.33333333333333,0.0,83.73634098883694,0.0,1,1,E_ablate_wyckoff_vr1.2,True,,20230217,30.47,20230221,3.2819166393173616,-2.0347883163767566,20230223,-0.7220216606498187,-2.0347883163767566,20230228,-1.4768624876928094,-3.905480800787653
002317,002317.SZ,众生药业,中成药,20230216,23.01,49.724633279861365,49.724633279861365,0.0,1.61,6.9559,8597.73,16.93140794223826,sideways,BULL_TREND,34.35303441699462,80.68592057761741,85.9773,65.0,72.21413676253367,33.33333333333333,0.0,68.61829562063123,0.0,2,2,E_ablate_wyckoff_vr1.2,True,,20230217,22.68,20230221,5.511463844797171,-1.6313932980599688,20230223,4.673721340387993,-1.6313932980599688,20230228,2.4691358024691246,-1.6313932980599688
002603,002603.SZ,以岭药业,中成药,20230216,30.76,62.021831726368625,62.021831726368625,0.0,3.6,11.1502,60705.36,1.9757807520713748,sideways,BULL_TREND,92.3998453277475,19.75780752071375,100.0,80.0,72.21413676253367,63.33333333333333,0.0,83.73634098883694,0.0,1,1,E_ablate_accel_vr1.2,True,,20230217,30.47,20230221,3.2819166393173616,-2.0347883163767566,20230223,-0.7220216606498187,-2.0347883163767566,20230228,-1.4768624876928094,-3.905480800787653
002317,002317.SZ,众生药业,中成药,20230216,23.01,57.95882875433711,57.95882875433711,0.0,1.61,6.9559,8597.73,16.93140794223826,sideways,BULL_TREND,34.35303441699462,80.68592057761741,85.9773,65.0,72.21413676253367,33.33333333333333,0.0,68.61829562063123,0.0,2,2,E_ablate_accel_vr1.2,True,,20230217,22.68,20230221,5.511463844797171,-1.6313932980599688,20230223,4.673721340387993,-1.6313932980599688,20230228,2.4691358024691246,-1.6313932980599688
000529,000529.SZ,广弘控股,食品,20230216,8.66,55.436153663466776,55.436153663466776,0.0,4.12,10.0377,5097.78,3.563474387527843,sideways,BULL_TREND,100.0,35.63474387527843,50.977799999999995,60.0,33.385075186116275,33.33333333333333,0.0,95.03955055267846,0.0,3,3,E_ablate_accel_vr1.2,True,,20230217,8.68,20230221,1.7281105990783363,-0.9216589861751112,20230223,0.11520737327188613,-0.9216589861751112,20230228,-2.7649769585253448,-4.608294930875578
000650,000650.SZ,仁和药业,中成药,20230217,6.73,62.33264696984747,56.32699333245938,6.005653637388086,3.06,9.1788,18218.48,0.44378698224851126,bear,BULL_TREND,80.67658264589636,4.437869822485112,100.0,80.0,60.05653637388085,66.66666666666666,100.0,75.5,0.0,1,1,A_recovered_proxy_vr1.5,True,,20230220,6.72,20230222,-1.4880952380952328,-2.9761904761904767,20230224,-3.2738095238095233,-3.8690476190476164,20230301,-0.7440476190476164,-4.01785714285714
600062,600062.SH,华润双鹤,化学制药,20230217,18.89,61.981444523564406,55.978220892508254,6.003223631056152,3.05,4.7644,14858.01,0.7356805044666346,bear,BULL_TREND,80.4404621337762,7.356805044666345,100.0,65.0,60.03223631056152,63.33333333333333,91.044,75.5,0.0,2,2,A_recovered_proxy_vr1.5,True,,20230220,18.91,20230222,-0.5817028027498616,-3.1729243786356554,20230224,-3.437334743521936,-3.7017451084082498,20230301,-2.2739291380222126,-4.336329984135379
301089,301089.SZ,拓新药业,化学制药,20230217,73.89,54.55083430960052,48.547610678544366,6.003223631056152,2.3,4.6373,3431.52,3.575623124102825,bear,BULL_TREND,60.08169305848252,35.75623124102825,34.3152,65.0,60.03223631056152,33.33333333333333,100.0,67.28284349500917,0.0,3,3,A_recovered_proxy_vr1.5,True,,20230220,74.75,20230222,-2.2073578595317778,-3.411371237458194,20230224,-5.163879598662202,-5.645484949832779,20230301,-8.508361204013381,-13.204013377926426
000650,000650.SZ,仁和药业,中成药,20230217,6.73,56.32699333245938,56.32699333245938,0.0,3.06,9.1788,18218.48,0.44378698224851126,bear,BULL_TREND,80.67658264589636,4.437869822485112,100.0,80.0,60.05653637388085,66.66666666666666,100.0,75.5,0.0,1,1,B_pure_quant_vr1.5,True,,20230220,6.72,20230222,-1.4880952380952328,-2.9761904761904767,20230224,-3.2738095238095233,-3.8690476190476164,20230301,-0.7440476190476164,-4.01785714285714
600062,600062.SH,华润双鹤,化学制药,20230217,18.89,55.978220892508254,55.978220892508254,0.0,3.05,4.7644,14858.01,0.7356805044666346,bear,BULL_TREND,80.4404621337762,7.356805044666345,100.0,65.0,60.03223631056152,63.33333333333333,91.044,75.5,0.0,2,2,B_pure_quant_vr1.5,True,,20230220,18.91,20230222,-0.5817028027498616,-3.1729243786356554,20230224,-3.437334743521936,-3.7017451084082498,20230301,-2.2739291380222126,-4.336329984135379
301089,301089.SZ,拓新药业,化学制药,20230217,73.89,48.547610678544366,48.547610678544366,0.0,2.3,4.6373,3431.52,3.575623124102825,bear,BULL_TREND,60.08169305848252,35.75623124102825,34.3152,65.0,60.03223631056152,33.33333333333333,100.0,67.28284349500917,0.0,3,3,B_pure_quant_vr1.5,True,,20230220,74.75,20230222,-2.2073578595317778,-3.411371237458194,20230224,-5.163879598662202,-5.645484949832779,20230301,-8.508361204013381,-13.204013377926426
000650,000650.SZ,仁和药业,中成药,20230217,6.73,62.33264696984747,56.32699333245938,6.005653637388086,3.06,9.1788,18218.48,0.44378698224851126,bear,BULL_TREND,80.67658264589636,4.437869822485112,100.0,80.0,60.05653637388085,66.66666666666666,100.0,75.5,0.0,1,1,A_recovered_proxy_vr1.2,True,,20230220,6.72,20230222,-1.4880952380952328,-2.9761904761904767,20230224,-3.2738095238095233,-3.8690476190476164,20230301,-0.7440476190476164,-4.01785714285714
600062,600062.SH,华润双鹤,化学制药,20230217,18.89,61.981444523564406,55.978220892508254,6.003223631056152,3.05,4.7644,14858.01,0.7356805044666346,bear,BULL_TREND,80.4404621337762,7.356805044666345,100.0,65.0,60.03223631056152,63.33333333333333,91.044,75.5,0.0,2,2,A_recovered_proxy_vr1.2,True,,20230220,18.91,20230222,-0.5817028027498616,-3.1729243786356554,20230224,-3.437334743521936,-3.7017451084082498,20230301,-2.2739291380222126,-4.336329984135379
301089,301089.SZ,拓新药业,化学制药,20230217,73.89,54.55083430960052,48.547610678544366,6.003223631056152,2.3,4.6373,3431.52,3.575623124102825,bear,BULL_TREND,60.08169305848252,35.75623124102825,34.3152,65.0,60.03223631056152,33.33333333333333,100.0,67.28284349500917,0.0,3,3,A_recovered_proxy_vr1.2,True,,20230220,74.75,20230222,-2.2073578595317778,-3.411371237458194,20230224,-5.163879598662202,-5.645484949832779,20230301,-8.508361204013381,-13.204013377926426
000650,000650.SZ,仁和药业,中成药,20230217,6.73,56.32699333245938,56.32699333245938,0.0,3.06,9.1788,18218.48,0.44378698224851126,bear,BULL_TREND,80.67658264589636,4.437869822485112,100.0,80.0,60.05653637388085,66.66666666666666,100.0,75.5,0.0,1,1,D_pure_quant_vr1.2,True,,20230220,6.72,20230222,-1.4880952380952328,-2.9761904761904767,20230224,-3.2738095238095233,-3.8690476190476164,20230301,-0.7440476190476164,-4.01785714285714
600062,600062.SH,华润双鹤,化学制药,20230217,18.89,55.978220892508254,55.978220892508254,0.0,3.05,4.7644,14858.01,0.7356805044666346,bear,BULL_TREND,80.4404621337762,7.356805044666345,100.0,65.0,60.03223631056152,63.33333333333333,91.044,75.5,0.0,2,2,D_pure_quant_vr1.2,True,,20230220,18.91,20230222,-0.5817028027498616,-3.1729243786356554,20230224,-3.437334743521936,-3.7017451084082498,20230301,-2.2739291380222126,-4.336329984135379
301089,301089.SZ,拓新药业,化学制药,20230217,73.89,48.547610678544366,48.547610678544366,0.0,2.3,4.6373,3431.52,3.575623124102825,bear,BULL_TREND,60.08169305848252,35.75623124102825,34.3152,65.0,60.03223631056152,33.33333333333333,100.0,67.28284349500917,0.0,3,3,D_pure_quant_vr1.2,True,,20230220,74.75,20230222,-2.2073578595317778,-3.411371237458194,20230224,-5.163879598662202,-5.645484949832779,20230301,-8.508361204013381,-13.204013377926426
000650,000650.SZ,仁和药业,中成药,20230217,6.73,47.318512876377255,47.318512876377255,0.0,3.06,9.1788,18218.48,0.44378698224851126,bear,BULL_TREND,80.67658264589636,4.437869822485112,100.0,80.0,60.05653637388085,66.66666666666666,100.0,75.5,0.0,1,1,E_ablate_sector_vr1.2,True,,20230220,6.72,20230222,-1.4880952380952328,-2.9761904761904767,20230224,-3.2738095238095233,-3.8690476190476164,20230301,-0.7440476190476164,-4.01785714285714
600062,600062.SH,华润双鹤,化学制药,20230217,18.89,46.97338544592402,46.97338544592402,0.0,3.05,4.7644,14858.01,0.7356805044666346,bear,BULL_TREND,80.4404621337762,7.356805044666345,100.0,65.0,60.03223631056152,63.33333333333333,91.044,75.5,0.0,2,2,E_ablate_sector_vr1.2,True,,20230220,18.91,20230222,-0.5817028027498616,-3.1729243786356554,20230224,-3.437334743521936,-3.7017451084082498,20230301,-2.2739291380222126,-4.336329984135379
000650,000650.SZ,仁和药业,中成药,20230217,6.73,47.266993332459386,47.266993332459386,0.0,3.06,9.1788,18218.48,0.44378698224851126,bear,BULL_TREND,80.67658264589636,4.437869822485112,100.0,80.0,60.05653637388085,66.66666666666666,100.0,75.5,0.0,1,1,E_ablate_wyckoff_vr1.2,True,,20230220,6.72,20230222,-1.4880952380952328,-2.9761904761904767,20230224,-3.2738095238095233,-3.8690476190476164,20230301,-0.7440476190476164,-4.01785714285714
600062,600062.SH,华润双鹤,化学制药,20230217,18.89,46.91822089250825,46.91822089250825,0.0,3.05,4.7644,14858.01,0.7356805044666346,bear,BULL_TREND,80.4404621337762,7.356805044666345,100.0,65.0,60.03223631056152,63.33333333333333,91.044,75.5,0.0,2,2,E_ablate_wyckoff_vr1.2,True,,20230220,18.91,20230222,-0.5817028027498616,-3.1729243786356554,20230224,-3.437334743521936,-3.7017451084082498,20230301,-2.2739291380222126,-4.336329984135379
000650,000650.SZ,仁和药业,中成药,20230217,6.73,56.32699333245938,56.32699333245938,0.0,3.06,9.1788,18218.48,0.44378698224851126,bear,BULL_TREND,80.67658264589636,4.437869822485112,100.0,80.0,60.05653637388085,66.66666666666666,100.0,75.5,0.0,1,1,E_ablate_accel_vr1.2,True,,20230220,6.72,20230222,-1.4880952380952328,-2.9761904761904767,20230224,-3.2738095238095233,-3.8690476190476164,20230301,-0.7440476190476164,-4.01785714285714
600062,600062.SH,华润双鹤,化学制药,20230217,18.89,55.978220892508254,55.978220892508254,0.0,3.05,4.7644,14858.01,0.7356805044666346,bear,BULL_TREND,80.4404621337762,7.356805044666345,100.0,65.0,60.03223631056152,63.33333333333333,91.044,75.5,0.0,2,2,E_ablate_accel_vr1.2,True,,20230220,18.91,20230222,-0.5817028027498616,-3.1729243786356554,20230224,-3.437334743521936,-3.7017451084082498,20230301,-2.2739291380222126,-4.336329984135379
301089,301089.SZ,拓新药业,化学制药,20230217,73.89,48.547610678544366,48.547610678544366,0.0,2.3,4.6373,3431.52,3.575623124102825,bear,BULL_TREND,60.08169305848252,35.75623124102825,34.3152,65.0,60.03223631056152,33.33333333333333,100.0,67.28284349500917,0.0,3,3,E_ablate_accel_vr1.2,True,,20230220,74.75,20230222,-2.2073578595317778,-3.411371237458194,20230224,-5.163879598662202,-5.645484949832779,20230301,-8.508361204013381,-13.204013377926426
600259,600259.SH,中稀有色,小金属,20230220,48.66,57.44157091589808,57.44157091589808,0.0,2.26,5.1478,7302.23,3.7769428514929873,weak_momentum,BULL_TREND,58.81613863202314,100.0,73.0223,100.0,57.47740453683009,10.0,0.0,62.356836270467326,0.0,1,1,A_recovered_proxy_vr1.5,True,,20230221,48.96,20230223,0.08169934640522847,-1.5931372549019662,20230227,-3.125,-3.799019607843135,20230302,-8.353758169934643,-11.15196078431373
600259,600259.SH,中稀有色,小金属,20230220,48.66,57.44157091589808,57.44157091589808,0.0,2.26,5.1478,7302.23,3.7769428514929873,weak_momentum,BULL_TREND,58.81613863202314,100.0,73.0223,100.0,57.47740453683009,10.0,0.0,62.356836270467326,0.0,1,1,B_pure_quant_vr1.5,True,,20230221,48.96,20230223,0.08169934640522847,-1.5931372549019662,20230227,-3.125,-3.799019607843135,20230302,-8.353758169934643,-11.15196078431373
600259,600259.SH,中稀有色,小金属,20230220,48.66,55.583484924813156,55.583484924813156,0.0,2.26,5.1478,7302.23,3.7769428514929873,weak_momentum,BULL_TREND,58.81613863202314,100.0,73.0223,100.0,45.090164596263904,10.0,0.0,62.356836270467326,0.0,1,1,A_recovered_proxy_vr1.2,True,,20230221,48.96,20230223,0.08169934640522847,-1.5931372549019662,20230227,-3.125,-3.799019607843135,20230302,-8.353758169934643,-11.15196078431373
002612,002612.SZ,朗姿股份,服饰,20230220,27.98,54.9647988018923,54.9647988018923,0.0,1.31,6.6944,9597.24,7.717678100263852,weak_momentum,BULL_TREND,19.47834058813628,100.0,95.9724,100.0,65.81175656889249,33.33333333333333,0.0,41.530570411142136,0.0,2,2,A_recovered_proxy_vr1.2,True,,20230221,28.02,20230223,0.8922198429692996,-1.4632405424696682,20230227,0.49964311206280865,-2.319771591720199,20230302,2.3554603854389677,-2.319771591720199
002530,002530.SZ,金财互联,专用机械,20230220,8.3,47.39178540997938,47.39178540997938,0.0,1.25,7.4976,6493.53,3.7122969837586837,weak_momentum,BULL_TREND,16.09640474436812,100.0,64.9353,100.0,51.643389952787835,20.0,0.0,50.28308136937325,0.0,3,3,A_recovered_proxy_vr1.2,True,,20230221,8.33,20230223,-0.24009603841536054,-1.4405762304921854,20230227,-2.881152460984393,-3.361344537815114,20230302,2.280912364945964,-3.361344537815114
600259,600259.SH,中稀有色,小金属,20230220,48.66,55.583484924813156,55.583484924813156,0.0,2.26,5.1478,7302.23,3.7769428514929873,weak_momentum,BULL_TREND,58.81613863202314,100.0,73.0223,100.0,45.090164596263904,10.0,0.0,62.356836270467326,0.0,1,1,D_pure_quant_vr1.2,True,,20230221,48.96,20230223,0.08169934640522847,-1.5931372549019662,20230227,-3.125,-3.799019607843135,20230302,-8.353758169934643,-11.15196078431373
002612,002612.SZ,朗姿股份,服饰,20230220,27.98,54.9647988018923,54.9647988018923,0.0,1.31,6.6944,9597.24,7.717678100263852,weak_momentum,BULL_TREND,19.47834058813628,100.0,95.9724,100.0,65.81175656889249,33.33333333333333,0.0,41.530570411142136,0.0,2,2,D_pure_quant_vr1.2,True,,20230221,28.02,20230223,0.8922198429692996,-1.4632405424696682,20230227,0.49964311206280865,-2.319771591720199,20230302,2.3554603854389677,-2.319771591720199
002530,002530.SZ,金财互联,专用机械,20230220,8.3,47.39178540997938,47.39178540997938,0.0,1.25,7.4976,6493.53,3.7122969837586837,weak_momentum,BULL_TREND,16.09640474436812,100.0,64.9353,100.0,51.643389952787835,20.0,0.0,50.28308136937325,0.0,3,3,D_pure_quant_vr1.2,True,,20230221,8.33,20230223,-0.24009603841536054,-1.4405762304921854,20230227,-2.881152460984393,-3.361344537815114,20230302,2.280912364945964,-3.361344537815114
600259,600259.SH,中稀有色,小金属,20230220,48.66,48.81996023537357,48.81996023537357,0.0,2.26,5.1478,7302.23,3.7769428514929873,weak_momentum,BULL_TREND,58.81613863202314,100.0,73.0223,100.0,45.090164596263904,10.0,0.0,62.356836270467326,0.0,1,1,E_ablate_sector_vr1.2,True,,20230221,48.96,20230223,0.08169934640522847,-1.5931372549019662,20230227,-3.125,-3.799019607843135,20230302,-8.353758169934643,-11.15196078431373
002612,002612.SZ,朗姿股份,服饰,20230220,27.98,45.09303531655843,45.09303531655843,0.0,1.31,6.6944,9597.24,7.717678100263852,weak_momentum,BULL_TREND,19.47834058813628,100.0,95.9724,100.0,65.81175656889249,33.33333333333333,0.0,41.530570411142136,0.0,2,2,E_ablate_sector_vr1.2,True,,20230221,28.02,20230223,0.8922198429692996,-1.4632405424696682,20230227,0.49964311206280865,-2.319771591720199,20230302,2.3554603854389677,-2.319771591720199
002612,002612.SZ,朗姿股份,服饰,20230220,27.98,48.73521324022098,48.73521324022098,0.0,1.31,6.6944,9597.24,7.717678100263852,weak_momentum,BULL_TREND,19.47834058813628,100.0,95.9724,100.0,65.81175656889249,33.33333333333333,0.0,41.530570411142136,0.0,1,1,E_ablate_wyckoff_vr1.2,True,,20230221,28.02,20230223,0.8922198429692996,-1.4632405424696682,20230227,0.49964311206280865,-2.319771591720199,20230302,2.3554603854389677,-2.319771591720199
600259,600259.SH,中稀有色,小金属,20230220,48.66,46.229959484243054,46.229959484243054,0.0,2.26,5.1478,7302.23,3.7769428514929873,weak_momentum,BULL_TREND,58.81613863202314,100.0,73.0223,100.0,45.090164596263904,10.0,0.0,62.356836270467326,0.0,2,2,E_ablate_wyckoff_vr1.2,True,,20230221,48.96,20230223,0.08169934640522847,-1.5931372549019662,20230227,-3.125,-3.799019607843135,20230302,-8.353758169934643,-11.15196078431373
600259,600259.SH,中稀有色,小金属,20230220,48.66,55.583484924813156,55.583484924813156,0.0,2.26,5.1478,7302.23,3.7769428514929873,weak_momentum,BULL_TREND,58.81613863202314,100.0,73.0223,100.0,45.090164596263904,10.0,0.0,62.356836270467326,0.0,1,1,E_ablate_accel_vr1.2,True,,20230221,48.96,20230223,0.08169934640522847,-1.5931372549019662,20230227,-3.125,-3.799019607843135,20230302,-8.353758169934643,-11.15196078431373
002612,002612.SZ,朗姿股份,服饰,20230220,27.98,54.9647988018923,54.9647988018923,0.0,1.31,6.6944,9597.24,7.717678100263852,weak_momentum,BULL_TREND,19.47834058813628,100.0,95.9724,100.0,65.81175656889249,33.33333333333333,0.0,41.530570411142136,0.0,2,2,E_ablate_accel_vr1.2,True,,20230221,28.02,20230223,0.8922198429692996,-1.4632405424696682,20230227,0.49964311206280865,-2.319771591720199,20230302,2.3554603854389677,-2.319771591720199
002530,002530.SZ,金财互联,专用机械,20230220,8.3,47.39178540997938,47.39178540997938,0.0,1.25,7.4976,6493.53,3.7122969837586837,weak_momentum,BULL_TREND,16.09640474436812,100.0,64.9353,100.0,51.643389952787835,20.0,0.0,50.28308136937325,0.0,3,3,E_ablate_accel_vr1.2,True,,20230221,8.33,20230223,-0.24009603841536054,-1.4405762304921854,20230227,-2.881152460984393,-3.361344537815114,20230302,2.280912364945964,-3.361344537815114
600711,600711.SH,盛屯矿业,小金属,20230221,6.5,78.2035211822182,69.37736735817727,8.826153824040935,2.78,3.4105,13546.81,3.4175334323922795,weak_momentum,BULL_TREND,73.75424414743912,100.0,100.0,65.0,88.26153824040935,10.0,0.0,75.5,0.0,1,1,A_recovered_proxy_vr1.5,True,,20230222,6.46,20230224,-2.4767801857585203,-3.095975232198145,20230228,-3.4055727554179516,-4.643962848297212,20230303,-2.941176470588236,-4.643962848297212
600111,600111.SH,北方稀土,小金属,20230221,29.79,76.78740133263102,67.96124750859009,8.826153824040935,2.33,3.2865,77221.04,4.793863854266539,weak_momentum,BULL_TREND,61.01649774397778,100.0,100.0,65.0,88.26153824040935,66.66666666666666,0.0,59.90805851732463,0.0,2,2,A_recovered_proxy_vr1.5,True,,20230222,29.52,20230224,-0.6436314363143625,-2.0325203252032464,20230228,-1.592140921409213,-3.082655826558267,20230303,-4.9119241192411955,-5.995934959349592
000960,000960.SZ,锡业股份,小金属,20230221,15.97,76.00107351764375,67.17491969360282,8.826153824040935,2.46,3.8604,21667.42,3.2707450030284733,weak_momentum,BULL_TREND,64.93291577822575,100.0,100.0,65.0,88.26153824040935,20.0,0.0,66.30501060538364,0.0,3,3,A_recovered_proxy_vr1.5,True,,20230222,15.96,20230224,-2.7568922305764465,-3.4461152882205526,20230228,-2.9448621553884724,-4.511278195488721,20230303,-3.696741854636598,-4.511278195488721
600711,600711.SH,盛屯矿业,小金属,20230221,6.5,69.37736735817727,69.37736735817727,0.0,2.78,3.4105,13546.81,3.4175334323922795,weak_momentum,BULL_TREND,73.75424414743912,100.0,100.0,65.0,88.26153824040935,10.0,0.0,75.5,0.0,1,1,B_pure_quant_vr1.5,True,,20230222,6.46,20230224,-2.4767801857585203,-3.095975232198145,20230228,-3.4055727554179516,-4.643962848297212,20230303,-2.941176470588236,-4.643962848297212
600111,600111.SH,北方稀土,小金属,20230221,29.79,67.96124750859009,67.96124750859009,0.0,2.33,3.2865,77221.04,4.793863854266539,weak_momentum,BULL_TREND,61.01649774397778,100.0,100.0,65.0,88.26153824040935,66.66666666666666,0.0,59.90805851732463,0.0,2,2,B_pure_quant_vr1.5,True,,20230222,29.52,20230224,-0.6436314363143625,-2.0325203252032464,20230228,-1.592140921409213,-3.082655826558267,20230303,-4.9119241192411955,-5.995934959349592
000960,000960.SZ,锡业股份,小金属,20230221,15.97,67.17491969360282,67.17491969360282,0.0,2.46,3.8604,21667.42,3.2707450030284733,weak_momentum,BULL_TREND,64.93291577822575,100.0,100.0,65.0,88.26153824040935,20.0,0.0,66.30501060538364,0.0,3,3,B_pure_quant_vr1.5,True,,20230222,15.96,20230224,-2.7568922305764465,-3.4461152882205526,20230228,-2.9448621553884724,-4.511278195488721,20230303,-3.696741854636598,-4.511278195488721
600711,600711.SH,盛屯矿业,小金属,20230221,6.5,78.2035211822182,69.37736735817727,8.826153824040935,2.78,3.4105,13546.81,3.4175334323922795,weak_momentum,BULL_TREND,73.75424414743912,100.0,100.0,65.0,88.26153824040935,10.0,0.0,75.5,0.0,1,1,A_recovered_proxy_vr1.2,True,,20230222,6.46,20230224,-2.4767801857585203,-3.095975232198145,20230228,-3.4055727554179516,-4.643962848297212,20230303,-2.941176470588236,-4.643962848297212
600111,600111.SH,北方稀土,小金属,20230221,29.79,76.78740133263102,67.96124750859009,8.826153824040935,2.33,3.2865,77221.04,4.793863854266539,weak_momentum,BULL_TREND,61.01649774397778,100.0,100.0,65.0,88.26153824040935,66.66666666666666,0.0,59.90805851732463,0.0,2,2,A_recovered_proxy_vr1.2,True,,20230222,29.52,20230224,-0.6436314363143625,-2.0325203252032464,20230228,-1.592140921409213,-3.082655826558267,20230303,-4.9119241192411955,-5.995934959349592
000960,000960.SZ,锡业股份,小金属,20230221,15.97,76.00107351764375,67.17491969360282,8.826153824040935,2.46,3.8604,21667.42,3.2707450030284733,weak_momentum,BULL_TREND,64.93291577822575,100.0,100.0,65.0,88.26153824040935,20.0,0.0,66.30501060538364,0.0,3,3,A_recovered_proxy_vr1.2,True,,20230222,15.96,20230224,-2.7568922305764465,-3.4461152882205526,20230228,-2.9448621553884724,-4.511278195488721,20230303,-3.696741854636598,-4.511278195488721
600711,600711.SH,盛屯矿业,小金属,20230221,6.5,69.37736735817727,69.37736735817727,0.0,2.78,3.4105,13546.81,3.4175334323922795,weak_momentum,BULL_TREND,73.75424414743912,100.0,100.0,65.0,88.26153824040935,10.0,0.0,75.5,0.0,1,1,D_pure_quant_vr1.2,True,,20230222,6.46,20230224,-2.4767801857585203,-3.095975232198145,20230228,-3.4055727554179516,-4.643962848297212,20230303,-2.941176470588236,-4.643962848297212
600111,600111.SH,北方稀土,小金属,20230221,29.79,67.96124750859009,67.96124750859009,0.0,2.33,3.2865,77221.04,4.793863854266539,weak_momentum,BULL_TREND,61.01649774397778,100.0,100.0,65.0,88.26153824040935,66.66666666666666,0.0,59.90805851732463,0.0,2,2,D_pure_quant_vr1.2,True,,20230222,29.52,20230224,-0.6436314363143625,-2.0325203252032464,20230228,-1.592140921409213,-3.082655826558267,20230303,-4.9119241192411955,-5.995934959349592
000960,000960.SZ,锡业股份,小金属,20230221,15.97,67.17491969360282,67.17491969360282,0.0,2.46,3.8604,21667.42,3.2707450030284733,weak_momentum,BULL_TREND,64.93291577822575,100.0,100.0,65.0,88.26153824040935,20.0,0.0,66.30501060538364,0.0,3,3,D_pure_quant_vr1.2,True,,20230222,15.96,20230224,-2.7568922305764465,-3.4461152882205526,20230228,-2.9448621553884724,-4.511278195488721,20230303,-3.696741854636598,-4.511278195488721
600711,600711.SH,盛屯矿业,小金属,20230221,6.5,56.138136622115866,56.138136622115866,0.0,2.78,3.4105,13546.81,3.4175334323922795,weak_momentum,BULL_TREND,73.75424414743912,100.0,100.0,65.0,88.26153824040935,10.0,0.0,75.5,0.0,1,1,E_ablate_sector_vr1.2,True,,20230222,6.46,20230224,-2.4767801857585203,-3.095975232198145,20230228,-3.4055727554179516,-4.643962848297212,20230303,-2.941176470588236,-4.643962848297212
600508,600508.SH,上海能源,煤炭开采,20230221,15.07,55.27517894077738,55.27517894077738,0.0,2.8,3.0364,7361.8,5.694618272841052,weak_momentum,BULL_TREND,74.27134135851209,100.0,73.618,65.0,45.69652596654747,86.66666666666667,0.0,75.33269602444825,0.0,2,2,E_ablate_sector_vr1.2,True,,20230222,15.0,20230224,1.1333333333333417,-0.6000000000000005,20230228,0.6666666666666599,-0.6000000000000005,20230303,1.3333333333333197,-0.6000000000000005
600111,600111.SH,北方稀土,小金属,20230221,29.79,54.7220167725287,54.7220167725287,0.0,2.33,3.2865,77221.04,4.793863854266539,weak_momentum,BULL_TREND,61.01649774397778,100.0,100.0,65.0,88.26153824040935,66.66666666666666,0.0,59.90805851732463,0.0,3,3,E_ablate_sector_vr1.2,True,,20230222,29.52,20230224,-0.6436314363143625,-2.0325203252032464,20230228,-1.592140921409213,-3.082655826558267,20230303,-4.9119241192411955,-5.995934959349592
002716,002716.SZ,湖南白银,小金属,20230221,3.22,54.25524832023275,54.25524832023275,0.0,3.12,3.3097,6412.88,3.3033033033032995,weak_momentum,BULL_TREND,82.07730145437618,100.0,64.1288,65.0,86.00249019015997,53.333333333333336,0.0,74.17741937923773,0.0,1,1,E_ablate_inflow_vr1.2,True,,20230222,3.2,20230224,-0.9375000000000022,-1.8750000000000044,20230228,-2.500000000000002,-3.4375000000000044,20230303,-2.8125000000000067,-3.749999999999998
600711,600711.SH,盛屯矿业,小金属,20230221,6.5,51.038510150639866,51.038510150639866,0.0,2.78,3.4105,13546.81,3.4175334323922795,weak_momentum,BULL_TREND,73.75424414743912,100.0,100.0,65.0,86.00249019015997,10.0,0.0,75.5,0.0,2,2,E_ablate_inflow_vr1.2,True,,20230222,6.46,20230224,-2.4767801857585203,-3.095975232198145,20230228,-3.4055727554179516,-4.643962848297212,20230303,-2.941176470588236,-4.643962848297212
600111,600111.SH,北方稀土,小金属,20230221,29.79,49.62239030105269,49.62239030105269,0.0,2.33,3.2865,77221.04,4.793863854266539,weak_momentum,BULL_TREND,61.01649774397778,100.0,100.0,65.0,86.00249019015997,66.66666666666666,0.0,59.90805851732463,0.0,3,3,E_ablate_inflow_vr1.2,True,,20230222,29.52,20230224,-0.6436314363143625,-2.0325203252032464,20230228,-1.592140921409213,-3.082655826558267,20230303,-4.9119241192411955,-5.995934959349592
600111,600111.SH,北方稀土,小金属,20230221,29.79,58.9750387309914,58.9750387309914,0.0,2.33,3.2865,77221.04,4.793863854266539,weak_momentum,BULL_TREND,61.01649774397778,100.0,100.0,65.0,88.26153824040935,66.66666666666666,0.0,59.90805851732463,0.0,1,1,E_ablate_wyckoff_vr1.2,True,,20230222,29.52,20230224,-0.6436314363143625,-2.0325203252032464,20230228,-1.592140921409213,-3.082655826558267,20230303,-4.9119241192411955,-5.995934959349592
600711,600711.SH,盛屯矿业,小金属,20230221,6.5,58.05236735817727,58.05236735817727,0.0,2.78,3.4105,13546.81,3.4175334323922795,weak_momentum,BULL_TREND,73.75424414743912,100.0,100.0,65.0,88.26153824040935,10.0,0.0,75.5,0.0,2,2,E_ablate_wyckoff_vr1.2,True,,20230222,6.46,20230224,-2.4767801857585203,-3.095975232198145,20230228,-3.4055727554179516,-4.643962848297212,20230303,-2.941176470588236,-4.643962848297212
000960,000960.SZ,锡业股份,小金属,20230221,15.97,57.22916810279526,57.22916810279526,0.0,2.46,3.8604,21667.42,3.2707450030284733,weak_momentum,BULL_TREND,64.93291577822575,100.0,100.0,65.0,88.26153824040935,20.0,0.0,66.30501060538364,0.0,3,3,E_ablate_wyckoff_vr1.2,True,,20230222,15.96,20230224,-2.7568922305764465,-3.4461152882205526,20230228,-2.9448621553884724,-4.511278195488721,20230303,-3.696741854636598,-4.511278195488721
600711,600711.SH,盛屯矿业,小金属,20230221,6.5,69.37736735817727,69.37736735817727,0.0,2.78,3.4105,13546.81,3.4175334323922795,weak_momentum,BULL_TREND,73.75424414743912,100.0,100.0,65.0,88.26153824040935,10.0,0.0,75.5,0.0,1,1,E_ablate_accel_vr1.2,True,,20230222,6.46,20230224,-2.4767801857585203,-3.095975232198145,20230228,-3.4055727554179516,-4.643962848297212,20230303,-2.941176470588236,-4.643962848297212
600111,600111.SH,北方稀土,小金属,20230221,29.79,67.96124750859009,67.96124750859009,0.0,2.33,3.2865,77221.04,4.793863854266539,weak_momentum,BULL_TREND,61.01649774397778,100.0,100.0,65.0,88.26153824040935,66.66666666666666,0.0,59.90805851732463,0.0,2,2,E_ablate_accel_vr1.2,True,,20230222,29.52,20230224,-0.6436314363143625,-2.0325203252032464,20230228,-1.592140921409213,-3.082655826558267,20230303,-4.9119241192411955,-5.995934959349592
000960,000960.SZ,锡业股份,小金属,20230221,15.97,67.17491969360282,67.17491969360282,0.0,2.46,3.8604,21667.42,3.2707450030284733,weak_momentum,BULL_TREND,64.93291577822575,100.0,100.0,65.0,88.26153824040935,20.0,0.0,66.30501060538364,0.0,3,3,E_ablate_accel_vr1.2,True,,20230222,15.96,20230224,-2.7568922305764465,-3.4461152882205526,20230228,-2.9448621553884724,-4.511278195488721,20230303,-3.696741854636598,-4.511278195488721
002935,002935.SZ,天奥电子,航空,20230222,29.38,64.4246404776706,56.436984428183074,7.987656049487517,2.55,3.1223,4232.96,3.387043735613289,weak_momentum,BULL_TREND,67.52486235420666,100.0,42.3296,40.0,79.87656049487516,66.66666666666666,0.0,62.49406444991646,0.0,1,1,A_recovered_proxy_vr1.5,True,,20230223,29.0,20230227,1.7931034482758568,-0.6896551724137945,20230301,4.551724137931035,-0.6896551724137945,20230306,-6.551724137931025,-9.10344827586207
600435,600435.SH,北方导航,专用机械,20230222,12.33,59.46914092110953,59.46914092110953,0.0,1.7,3.2662,11180.53,4.492641363284276,weak_momentum,BULL_TREND,38.276737318148854,100.0,100.0,80.0,61.92722297521357,30.0,0.0,59.590312514034444,0.0,2,2,A_recovered_proxy_vr1.5,True,,20230223,12.29,20230227,3.580146460537037,-1.4646053702196848,20230301,1.7900732302685185,-1.4646053702196848,20230306,0.16273393002441683,-1.4646053702196848
600622,600622.SH,光大嘉宝,区域地产,20230222,3.57,55.300443346589816,55.300443346589816,0.0,5.98,10.5734,428.16,3.2520325203252063,weak_momentum,BULL_TREND,100.0,100.0,4.2816,65.0,70.90552326819025,0.0,0.0,90.95951237574187,0.0,3,3,A_recovered_proxy_vr1.5,True,,20230223,3.56,20230227,-2.8089887640449507,-3.93258426966292,20230301,1.1235955056179803,-3.93258426966292,20230306,-1.96629213483146,-3.93258426966292
600435,600435.SH,北方导航,专用机械,20230222,12.33,59.46914092110953,59.46914092110953,0.0,1.7,3.2662,11180.53,4.492641363284276,weak_momentum,BULL_TREND,38.276737318148854,100.0,100.0,80.0,61.92722297521357,30.0,0.0,59.590312514034444,0.0,1,1,B_pure_quant_vr1.5,True,,20230223,12.29,20230227,3.580146460537037,-1.4646053702196848,20230301,1.7900732302685185,-1.4646053702196848,20230306,0.16273393002441683,-1.4646053702196848
002935,002935.SZ,天奥电子,航空,20230222,29.38,56.436984428183074,56.436984428183074,0.0,2.55,3.1223,4232.96,3.387043735613289,weak_momentum,BULL_TREND,67.52486235420666,100.0,42.3296,40.0,79.87656049487516,66.66666666666666,0.0,62.49406444991646,0.0,2,2,B_pure_quant_vr1.5,True,,20230223,29.0,20230227,1.7931034482758568,-0.6896551724137945,20230301,4.551724137931035,-0.6896551724137945,20230306,-6.551724137931025,-9.10344827586207
600622,600622.SH,光大嘉宝,区域地产,20230222,3.57,55.300443346589816,55.300443346589816,0.0,5.98,10.5734,428.16,3.2520325203252063,weak_momentum,BULL_TREND,100.0,100.0,4.2816,65.0,70.90552326819025,0.0,0.0,90.95951237574187,0.0,3,3,B_pure_quant_vr1.5,True,,20230223,3.56,20230227,-2.8089887640449507,-3.93258426966292,20230301,1.1235955056179803,-3.93258426966292,20230306,-1.96629213483146,-3.93258426966292
002935,002935.SZ,天奥电子,航空,20230222,29.38,64.48902616262365,56.475615839154905,8.013410323468737,2.55,3.1223,4232.96,3.387043735613289,weak_momentum,BULL_TREND,67.52486235420666,100.0,42.3296,40.0,80.13410323468736,66.66666666666666,0.0,62.49406444991646,0.0,1,1,A_recovered_proxy_vr1.2,True,,20230223,29.0,20230227,1.7931034482758568,-0.6896551724137945,20230301,4.551724137931035,-0.6896551724137945,20230306,-6.551724137931025,-9.10344827586207
600435,600435.SH,北方导航,专用机械,20230222,12.33,59.51185600952621,59.51185600952621,0.0,1.7,3.2662,11180.53,4.492641363284276,weak_momentum,BULL_TREND,38.276737318148854,100.0,100.0,80.0,62.211990231324805,30.0,0.0,59.590312514034444,0.0,2,2,A_recovered_proxy_vr1.2,True,,20230223,12.29,20230227,3.580146460537037,-1.4646053702196848,20230301,1.7900732302685185,-1.4646053702196848,20230306,0.16273393002441683,-1.4646053702196848
600633,600633.SH,浙数文化,互联网,20230222,9.8,59.33689853295864,52.10483617384406,7.232062359114576,1.4,4.685,7986.19,5.5876685934489405,weak_momentum,BULL_TREND,24.271341358512082,100.0,79.86189999999999,80.0,72.32062359114576,33.33333333333333,0.0,37.161551764858146,0.0,3,3,A_recovered_proxy_vr1.2,True,,20230223,9.73,20230227,-4.933196300102782,-5.241521068859201,20230301,5.344295991777992,-5.241521068859201,20230306,3.6998972250770645,-5.241521068859201
600435,600435.SH,北方导航,专用机械,20230222,12.33,59.51185600952621,59.51185600952621,0.0,1.7,3.2662,11180.53,4.492641363284276,weak_momentum,BULL_TREND,38.276737318148854,100.0,100.0,80.0,62.211990231324805,30.0,0.0,59.590312514034444,0.0,1,1,D_pure_quant_vr1.2,True,,20230223,12.29,20230227,3.580146460537037,-1.4646053702196848,20230301,1.7900732302685185,-1.4646053702196848,20230306,0.16273393002441683,-1.4646053702196848
002935,002935.SZ,天奥电子,航空,20230222,29.38,56.475615839154905,56.475615839154905,0.0,2.55,3.1223,4232.96,3.387043735613289,weak_momentum,BULL_TREND,67.52486235420666,100.0,42.3296,40.0,80.13410323468736,66.66666666666666,0.0,62.49406444991646,0.0,2,2,D_pure_quant_vr1.2,True,,20230223,29.0,20230227,1.7931034482758568,-0.6896551724137945,20230301,4.551724137931035,-0.6896551724137945,20230306,-6.551724137931025,-9.10344827586207
600622,600622.SH,光大嘉宝,区域地产,20230222,3.57,55.33466944105681,55.33466944105681,0.0,5.98,10.5734,428.16,3.2520325203252063,weak_momentum,BULL_TREND,100.0,100.0,4.2816,65.0,71.13369723130356,0.0,0.0,90.95951237574187,0.0,3,3,D_pure_quant_vr1.2,True,,20230223,3.56,20230227,-2.8089887640449507,-3.93258426966292,20230301,1.1235955056179803,-3.93258426966292,20230306,-1.96629213483146,-3.93258426966292
600435,600435.SH,北方导航,专用机械,20230222,12.33,50.18005747482749,50.18005747482749,0.0,1.7,3.2662,11180.53,4.492641363284276,weak_momentum,BULL_TREND,38.276737318148854,100.0,100.0,80.0,62.211990231324805,30.0,0.0,59.590312514034444,0.0,1,1,E_ablate_sector_vr1.2,True,,20230223,12.29,20230227,3.580146460537037,-1.4646053702196848,20230301,1.7900732302685185,-1.4646053702196848,20230306,0.16273393002441683,-1.4646053702196848
600622,600622.SH,光大嘉宝,区域地产,20230222,3.57,54.840959911390684,54.840959911390684,0.0,5.98,10.5734,428.16,3.2520325203252063,weak_momentum,BULL_TREND,100.0,100.0,4.2816,65.0,72.98022036686268,0.0,0.0,90.95951237574187,0.0,1,1,E_ablate_inflow_vr1.2,True,,20230223,3.56,20230227,-2.8089887640449507,-3.93258426966292,20230301,1.1235955056179803,-3.93258426966292,20230306,-1.96629213483146,-3.93258426966292
002935,002935.SZ,天奥电子,航空,20230222,29.38,49.16790652221763,49.16790652221763,0.0,2.55,3.1223,4232.96,3.387043735613289,weak_momentum,BULL_TREND,67.52486235420666,100.0,42.3296,40.0,82.2115611217722,66.66666666666666,0.0,62.49406444991646,0.0,2,2,E_ablate_inflow_vr1.2,True,,20230223,29.0,20230227,1.7931034482758568,-0.6896551724137945,20230301,4.551724137931035,-0.6896551724137945,20230306,-6.551724137931025,-9.10344827586207
600435,600435.SH,北方导航,专用机械,20230222,12.33,50.573309132421045,50.573309132421045,0.0,1.7,3.2662,11180.53,4.492641363284276,weak_momentum,BULL_TREND,38.276737318148854,100.0,100.0,80.0,62.211990231324805,30.0,0.0,59.590312514034444,0.0,1,1,E_ablate_wyckoff_vr1.2,True,,20230223,12.29,20230227,3.580146460537037,-1.4646053702196848,20230301,1.7900732302685185,-1.4646053702196848,20230306,0.16273393002441683,-1.4646053702196848
002935,002935.SZ,天奥电子,航空,20230222,29.38,47.10150617166743,47.10150617166743,0.0,2.55,3.1223,4232.96,3.387043735613289,weak_momentum,BULL_TREND,67.52486235420666,100.0,42.3296,40.0,80.13410323468736,66.66666666666666,0.0,62.49406444991646,0.0,2,2,E_ablate_wyckoff_vr1.2,True,,20230223,29.0,20230227,1.7931034482758568,-0.6896551724137945,20230301,4.551724137931035,-0.6896551724137945,20230306,-6.551724137931025,-9.10344827586207
600633,600633.SH,浙数文化,互联网,20230222,9.8,46.53060340911534,46.53060340911534,0.0,1.4,4.685,7986.19,5.5876685934489405,weak_momentum,BULL_TREND,24.271341358512082,100.0,79.86189999999999,80.0,72.32062359114576,33.33333333333333,0.0,37.161551764858146,0.0,3,3,E_ablate_wyckoff_vr1.2,True,,20230223,9.73,20230227,-4.933196300102782,-5.241521068859201,20230301,5.344295991777992,-5.241521068859201,20230306,3.6998972250770645,-5.241521068859201
600435,600435.SH,北方导航,专用机械,20230222,12.33,59.51185600952621,59.51185600952621,0.0,1.7,3.2662,11180.53,4.492641363284276,weak_momentum,BULL_TREND,38.276737318148854,100.0,100.0,80.0,62.211990231324805,30.0,0.0,59.590312514034444,0.0,1,1,E_ablate_accel_vr1.2,True,,20230223,12.29,20230227,3.580146460537037,-1.4646053702196848,20230301,1.7900732302685185,-1.4646053702196848,20230306,0.16273393002441683,-1.4646053702196848
002935,002935.SZ,天奥电子,航空,20230222,29.38,56.475615839154905,56.475615839154905,0.0,2.55,3.1223,4232.96,3.387043735613289,weak_momentum,BULL_TREND,67.52486235420666,100.0,42.3296,40.0,80.13410323468736,66.66666666666666,0.0,62.49406444991646,0.0,2,2,E_ablate_accel_vr1.2,True,,20230223,29.0,20230227,1.7931034482758568,-0.6896551724137945,20230301,4.551724137931035,-0.6896551724137945,20230306,-6.551724137931025,-9.10344827586207
600622,600622.SH,光大嘉宝,区域地产,20230222,3.57,55.33466944105681,55.33466944105681,0.0,5.98,10.5734,428.16,3.2520325203252063,weak_momentum,BULL_TREND,100.0,100.0,4.2816,65.0,71.13369723130356,0.0,0.0,90.95951237574187,0.0,3,3,E_ablate_accel_vr1.2,True,,20230223,3.56,20230227,-2.8089887640449507,-3.93258426966292,20230301,1.1235955056179803,-3.93258426966292,20230306,-1.96629213483146,-3.93258426966292
600732,600732.SH,爱旭股份,电气设备,20230223,36.97,71.01488584500024,63.60012836851101,7.414757476489226,2.27,4.7018,33183.87,6.428752214629206,sideways,BULL_TREND,59.13461487580951,73.81253691048677,100.0,65.0,74.14757476489225,20.0,0.0,68.58015633993323,0.0,1,1,A_recovered_proxy_vr1.5,True,,20230224,36.82,20230228,-0.6246605105920566,-4.236827810972299,20230302,-6.9527430744160785,-8.039109179793591,20230307,-5.404671374253134,-8.039109179793591
003022,003022.SZ,联泓新科,化工原料,20230223,35.9,70.4482091777522,70.4482091777522,0.0,2.6,7.5812,15562.02,10.250000000000004,sideways,BULL_TREND,68.92558116268648,100.0,100.0,100.0,55.680055394892086,66.66666666666666,0.0,63.32699732828364,0.0,2,2,A_recovered_proxy_vr1.5,True,,20230224,35.75,20230228,-3.440559440559432,-6.013986013986006,20230302,-6.097902097902097,-6.965034965034967,20230307,-8.41958041958042,-9.650349650349654
600487,600487.SH,亨通光电,通信设备,20230223,14.89,68.99142900569274,60.742408806717755,8.249020198974979,1.73,3.85,33991.57,6.645768025078362,sideways,BULL_TREND,39.538601893099994,77.42946708463936,100.0,80.0,82.49020198974978,30.0,0.0,56.96586110960529,0.0,3,3,A_recovered_proxy_vr1.5,True,,20230224,14.72,20230228,0.06793478260869179,-2.2418478260869623,20230302,5.774456521739135,-2.2418478260869623,20230307,3.057065217391308,-2.2418478260869623
003022,003022.SZ,联泓新科,化工原料,20230223,35.9,70.4482091777522,70.4482091777522,0.0,2.6,7.5812,15562.02,10.250000000000004,sideways,BULL_TREND,68.92558116268648,100.0,100.0,100.0,55.680055394892086,66.66666666666666,0.0,63.32699732828364,0.0,1,1,B_pure_quant_vr1.5,True,,20230224,35.75,20230228,-3.440559440559432,-6.013986013986006,20230302,-6.097902097902097,-6.965034965034967,20230307,-8.41958041958042,-9.650349650349654
002897,002897.SZ,意华股份,元器件,20230223,56.77,63.67430322617162,63.67430322617162,0.0,2.26,4.0407,10829.44,6.919167076569928,sideways,BULL_TREND,58.81613863202314,81.98611794283212,100.0,80.0,52.34200895216979,63.33333333333333,0.0,69.83198975176104,0.0,2,2,B_pure_quant_vr1.5,True,,20230224,56.85,20230228,-5.9806508355320975,-7.4758135444151215,20230302,-7.018469656992088,-8.953386103781892,20230307,-11.767810026385227,-11.890941072999118
600732,600732.SH,爱旭股份,电气设备,20230223,36.97,63.60012836851101,63.60012836851101,0.0,2.27,4.7018,33183.87,6.428752214629206,sideways,BULL_TREND,59.13461487580951,73.81253691048677,100.0,65.0,74.14757476489225,20.0,0.0,68.58015633993323,0.0,3,3,B_pure_quant_vr1.5,True,,20230224,36.82,20230228,-0.6246605105920566,-4.236827810972299,20230302,-6.9527430744160785,-8.039109179793591,20230307,-5.404671374253134,-8.039109179793591
600732,600732.SH,爱旭股份,电气设备,20230223,36.97,75.27268153193403,66.15480578067128,9.117875751262748,2.27,4.7018,33183.87,6.428752214629206,sideways,BULL_TREND,59.13461487580951,73.81253691048677,100.0,65.0,91.17875751262747,20.0,0.0,68.58015633993323,0.0,1,1,A_recovered_proxy_vr1.2,True,,20230224,36.82,20230228,-0.6246605105920566,-4.236827810972299,20230302,-6.9527430744160785,-8.039109179793591,20230307,-5.404671374253134,-8.039109179793591
003022,003022.SZ,联泓新科,化工原料,20230223,35.9,70.4482091777522,70.4482091777522,0.0,2.6,7.5812,15562.02,10.250000000000004,sideways,BULL_TREND,68.92558116268648,100.0,100.0,100.0,55.680055394892086,66.66666666666666,0.0,63.32699732828364,0.0,2,2,A_recovered_proxy_vr1.2,True,,20230224,35.75,20230228,-3.440559440559432,-6.013986013986006,20230302,-6.097902097902097,-6.965034965034967,20230307,-8.41958041958042,-9.650349650349654
605117,605117.SH,德业股份,电气设备,20230223,326.62,69.88738413952196,60.76950838825921,9.117875751262748,1.31,3.6,27058.75,7.799576570218771,sideways,BULL_TREND,19.47834058813628,96.65960950364618,100.0,40.0,91.17875751262747,33.33333333333333,0.0,60.630658954219044,0.0,3,3,A_recovered_proxy_vr1.2,True,,20230224,327.5,20230228,1.0381679389313003,-1.6793893129770976,20230302,-5.306870229007632,-5.642748091603056,20230307,2.287022900763369,-8.699236641221376
003022,003022.SZ,联泓新科,化工原料,20230223,35.9,70.4482091777522,70.4482091777522,0.0,2.6,7.5812,15562.02,10.250000000000004,sideways,BULL_TREND,68.92558116268648,100.0,100.0,100.0,55.680055394892086,66.66666666666666,0.0,63.32699732828364,0.0,1,1,D_pure_quant_vr1.2,True,,20230224,35.75,20230228,-3.440559440559432,-6.013986013986006,20230302,-6.097902097902097,-6.965034965034967,20230307,-8.41958041958042,-9.650349650349654
600732,600732.SH,爱旭股份,电气设备,20230223,36.97,66.15480578067128,66.15480578067128,0.0,2.27,4.7018,33183.87,6.428752214629206,sideways,BULL_TREND,59.13461487580951,73.81253691048677,100.0,65.0,91.17875751262747,20.0,0.0,68.58015633993323,0.0,2,2,D_pure_quant_vr1.2,True,,20230224,36.82,20230228,-0.6246605105920566,-4.236827810972299,20230302,-6.9527430744160785,-8.039109179793591,20230307,-5.404671374253134,-8.039109179793591
002897,002897.SZ,意华股份,元器件,20230223,56.77,63.67430322617162,63.67430322617162,0.0,2.26,4.0407,10829.44,6.919167076569928,sideways,BULL_TREND,58.81613863202314,81.98611794283212,100.0,80.0,52.34200895216979,63.33333333333333,0.0,69.83198975176104,0.0,3,3,D_pure_quant_vr1.2,True,,20230224,56.85,20230228,-5.9806508355320975,-7.4758135444151215,20230302,-7.018469656992088,-8.953386103781892,20230307,-11.767810026385227,-11.890941072999118
003022,003022.SZ,联泓新科,化工原料,20230223,35.9,62.096200868518395,62.096200868518395,0.0,2.6,7.5812,15562.02,10.250000000000004,sideways,BULL_TREND,68.92558116268648,100.0,100.0,100.0,55.680055394892086,66.66666666666666,0.0,63.32699732828364,0.0,1,1,E_ablate_sector_vr1.2,True,,20230224,35.75,20230228,-3.440559440559432,-6.013986013986006,20230302,-6.097902097902097,-6.965034965034967,20230307,-8.41958041958042,-9.650349650349654
002897,002897.SZ,意华股份,元器件,20230223,56.77,55.82300188334615,55.82300188334615,0.0,2.26,4.0407,10829.44,6.919167076569928,sideways,BULL_TREND,58.81613863202314,81.98611794283212,100.0,80.0,52.34200895216979,63.33333333333333,0.0,69.83198975176104,0.0,2,2,E_ablate_sector_vr1.2,True,,20230224,56.85,20230228,-5.9806508355320975,-7.4758135444151215,20230302,-7.018469656992088,-8.953386103781892,20230307,-11.767810026385227,-11.890941072999118
600732,600732.SH,爱旭股份,电气设备,20230223,36.97,52.477992153777166,52.477992153777166,0.0,2.27,4.7018,33183.87,6.428752214629206,sideways,BULL_TREND,59.13461487580951,73.81253691048677,100.0,65.0,91.17875751262747,20.0,0.0,68.58015633993323,0.0,3,3,E_ablate_sector_vr1.2,True,,20230224,36.82,20230228,-0.6246605105920566,-4.236827810972299,20230302,-6.9527430744160785,-8.039109179793591,20230307,-5.404671374253134,-8.039109179793591
002529,002529.SZ,海源复材,专用机械,20230223,18.75,56.204858445224936,56.204858445224936,0.0,2.55,5.5732,1361.13,8.98058252427185,sideways,BULL_TREND,67.52486235420666,100.0,13.611300000000002,100.0,41.98096413742415,33.33333333333333,0.0,69.87981200015986,0.0,1,1,E_ablate_inflow_vr1.2,True,,20230224,18.61,20230228,-5.85706609349812,-7.20042987641053,20230302,-8.060182697474472,-8.490059108006442,20230307,-8.919935518538423,-9.296077377753898
003022,003022.SZ,联泓新科,化工原料,20230223,35.9,55.51518234727557,55.51518234727557,0.0,2.6,7.5812,15562.02,10.250000000000004,sideways,BULL_TREND,68.92558116268648,100.0,100.0,100.0,36.12654319171448,66.66666666666666,0.0,63.32699732828364,0.0,2,2,E_ablate_inflow_vr1.2,True,,20230224,35.75,20230228,-3.440559440559432,-6.013986013986006,20230302,-6.097902097902097,-6.965034965034967,20230307,-8.41958041958042,-9.650349650349654
600732,600732.SH,爱旭股份,电气设备,20230223,36.97,54.15480578067129,54.15480578067129,0.0,2.27,4.7018,33183.87,6.428752214629206,sideways,BULL_TREND,59.13461487580951,73.81253691048677,100.0,65.0,91.17875751262747,20.0,0.0,68.58015633993323,0.0,3,3,E_ablate_inflow_vr1.2,True,,20230224,36.82,20230228,-0.6246605105920566,-4.236827810972299,20230302,-6.9527430744160785,-8.039109179793591,20230307,-5.404671374253134,-8.039109179793591
003022,003022.SZ,联泓新科,化工原料,20230223,35.9,62.84896949835817,62.84896949835817,0.0,2.6,7.5812,15562.02,10.250000000000004,sideways,BULL_TREND,68.92558116268648,100.0,100.0,100.0,55.680055394892086,66.66666666666666,0.0,63.32699732828364,0.0,1,1,E_ablate_wyckoff_vr1.2,True,,20230224,35.75,20230228,-3.440559440559432,-6.013986013986006,20230302,-6.097902097902097,-6.965034965034967,20230307,-8.41958041958042,-9.650349650349654
600732,600732.SH,爱旭股份,电气设备,20230223,36.97,57.9251870198793,57.9251870198793,0.0,2.27,4.7018,33183.87,6.428752214629206,sideways,BULL_TREND,59.13461487580951,73.81253691048677,100.0,65.0,91.17875751262747,20.0,0.0,68.58015633993323,0.0,2,2,E_ablate_wyckoff_vr1.2,True,,20230224,36.82,20230228,-0.6246605105920566,-4.236827810972299,20230302,-6.9527430744160785,-8.039109179793591,20230307,-5.404671374253134,-8.039109179793591
002897,002897.SZ,意华股份,元器件,20230223,56.77,55.294464455960295,55.294464455960295,0.0,2.26,4.0407,10829.44,6.919167076569928,sideways,BULL_TREND,58.81613863202314,81.98611794283212,100.0,80.0,52.34200895216979,63.33333333333333,0.0,69.83198975176104,0.0,3,3,E_ablate_wyckoff_vr1.2,True,,20230224,56.85,20230228,-5.9806508355320975,-7.4758135444151215,20230302,-7.018469656992088,-8.953386103781892,20230307,-11.767810026385227,-11.890941072999118
003022,003022.SZ,联泓新科,化工原料,20230223,35.9,70.4482091777522,70.4482091777522,0.0,2.6,7.5812,15562.02,10.250000000000004,sideways,BULL_TREND,68.92558116268648,100.0,100.0,100.0,55.680055394892086,66.66666666666666,0.0,63.32699732828364,0.0,1,1,E_ablate_accel_vr1.2,True,,20230224,35.75,20230228,-3.440559440559432,-6.013986013986006,20230302,-6.097902097902097,-6.965034965034967,20230307,-8.41958041958042,-9.650349650349654
600732,600732.SH,爱旭股份,电气设备,20230223,36.97,66.15480578067128,66.15480578067128,0.0,2.27,4.7018,33183.87,6.428752214629206,sideways,BULL_TREND,59.13461487580951,73.81253691048677,100.0,65.0,91.17875751262747,20.0,0.0,68.58015633993323,0.0,2,2,E_ablate_accel_vr1.2,True,,20230224,36.82,20230228,-0.6246605105920566,-4.236827810972299,20230302,-6.9527430744160785,-8.039109179793591,20230307,-5.404671374253134,-8.039109179793591
002897,002897.SZ,意华股份,元器件,20230223,56.77,63.67430322617162,63.67430322617162,0.0,2.26,4.0407,10829.44,6.919167076569928,sideways,BULL_TREND,58.81613863202314,81.98611794283212,100.0,80.0,52.34200895216979,63.33333333333333,0.0,69.83198975176104,0.0,3,3,E_ablate_accel_vr1.2,True,,20230224,56.85,20230228,-5.9806508355320975,-7.4758135444151215,20230302,-7.018469656992088,-8.953386103781892,20230307,-11.767810026385227,-11.890941072999118
600718,600718.SH,东软集团,软件服务,20230224,11.17,65.51569494326019,58.64315393087876,6.872541012381432,2.2,4.1521,11642.38,4.037800687285229,sideways,BULL_TREND,56.875176187496756,40.37800687285228,100.0,80.0,68.72541012381431,0.0,100.0,72.82201782524854,0.0,1,1,A_recovered_proxy_vr1.5,True,,20230227,11.15,20230301,1.7937219730941534,-3.3183856502242204,20230303,1.6143497757847403,-3.3183856502242204,20230308,0.08968609865471766,-3.3183856502242204
301165,301165.SZ,锐捷网络,通信设备,20230224,42.22,63.347404268484894,56.65151910164816,6.695885166836729,1.65,11.5877,6126.47,8.594933968391425,sideways,BULL_TREND,36.12330122355455,100.0,61.264700000000005,80.0,66.95885166836729,43.333333333333336,100.0,18.684453462869993,0.0,2,2,A_recovered_proxy_vr1.5,True,,20230227,41.7,20230301,7.242206235011972,-1.918465227817756,20230303,3.3333333333333437,-1.918465227817756,20230308,9.592326139088737,-1.918465227817756
600610,600610.SH,中毅达,化工原料,20230224,16.15,56.85837964990458,56.85837964990458,0.0,2.79,3.9153,4789.23,11.458333333333332,sideways,BULL_TREND,74.01325610272315,100.0,47.8923,40.0,41.50883459392018,53.333333333333336,100.0,7.7949620962565715,0.0,3,3,A_recovered_proxy_vr1.5,True,,20230227,16.15,20230301,2.724458204334379,-1.4860681114550967,20230303,2.9721362229102155,-1.4860681114550967,20230308,1.1764705882353121,-1.4860681114550967
600718,600718.SH,东软集团,软件服务,20230224,11.17,58.64315393087876,58.64315393087876,0.0,2.2,4.1521,11642.38,4.037800687285229,sideways,BULL_TREND,56.875176187496756,40.37800687285228,100.0,80.0,68.72541012381431,0.0,100.0,72.82201782524854,0.0,1,1,B_pure_quant_vr1.5,True,,20230227,11.15,20230301,1.7937219730941534,-3.3183856502242204,20230303,1.6143497757847403,-3.3183856502242204,20230308,0.08968609865471766,-3.3183856502242204
600610,600610.SH,中毅达,化工原料,20230224,16.15,56.85837964990458,56.85837964990458,0.0,2.79,3.9153,4789.23,11.458333333333332,sideways,BULL_TREND,74.01325610272315,100.0,47.8923,40.0,41.50883459392018,53.333333333333336,100.0,7.7949620962565715,0.0,2,2,B_pure_quant_vr1.5,True,,20230227,16.15,20230301,2.724458204334379,-1.4860681114550967,20230303,2.9721362229102155,-1.4860681114550967,20230308,1.1764705882353121,-1.4860681114550967
301165,301165.SZ,锐捷网络,通信设备,20230224,42.22,56.65151910164816,56.65151910164816,0.0,1.65,11.5877,6126.47,8.594933968391425,sideways,BULL_TREND,36.12330122355455,100.0,61.264700000000005,80.0,66.95885166836729,43.333333333333336,100.0,18.684453462869993,0.0,3,3,B_pure_quant_vr1.5,True,,20230227,41.7,20230301,7.242206235011972,-1.918465227817756,20230303,3.3333333333333437,-1.918465227817756,20230308,9.592326139088737,-1.918465227817756
002297,002297.SZ,博云新材,航空,20230224,8.66,66.91588364425054,58.89635231402524,8.019531330225298,2.71,4.4672,2085.27,4.8351648351648295,sideways,BULL_TREND,71.91464257895734,48.351648351648294,20.8527,80.0,80.19531330225298,86.66666666666667,95.014,84.35328317183938,0.0,1,1,A_recovered_proxy_vr1.2,True,,20230227,8.64,20230301,-3.356481481481488,-4.282407407407418,20230303,-3.587962962962965,-4.745370370370372,20230308,-3.356481481481488,-6.250000000000011
301165,301165.SZ,锐捷网络,通信设备,20230224,42.22,64.17960593731571,57.15084010294665,7.028765834369057,1.65,11.5877,6126.47,8.594933968391425,sideways,BULL_TREND,36.12330122355455,100.0,61.264700000000005,80.0,70.28765834369057,43.333333333333336,100.0,18.684453462869993,0.0,2,2,A_recovered_proxy_vr1.2,True,,20230227,41.7,20230301,7.242206235011972,-1.918465227817756,20230303,3.3333333333333437,-1.918465227817756,20230308,9.592326139088737,-1.918465227817756
002985,002985.SZ,北摩高科,航空,20230224,49.45,60.818166462382756,52.79863513215746,8.019531330225298,2.01,3.0496,6240.24,3.247896693406372,sideways,BULL_TREND,50.35977507021019,32.47896693406373,62.4024,65.0,80.19531330225298,30.0,89.8,76.35439079899375,0.0,3,3,A_recovered_proxy_vr1.2,True,,20230227,49.4,20230301,0.44534412955465896,-0.8906882591093068,20230303,0.7692307692307665,-0.8906882591093068,20230308,4.716599190283399,-0.8906882591093068
002297,002297.SZ,博云新材,航空,20230224,8.66,58.89635231402524,58.89635231402524,0.0,2.71,4.4672,2085.27,4.8351648351648295,sideways,BULL_TREND,71.91464257895734,48.351648351648294,20.8527,80.0,80.19531330225298,86.66666666666667,95.014,84.35328317183938,0.0,1,1,D_pure_quant_vr1.2,True,,20230227,8.64,20230301,-3.356481481481488,-4.282407407407418,20230303,-3.587962962962965,-4.745370370370372,20230308,-3.356481481481488,-6.250000000000011
600718,600718.SH,东软集团,软件服务,20230224,11.17,58.26977147174205,58.26977147174205,0.0,2.2,4.1521,11642.38,4.037800687285229,sideways,BULL_TREND,56.875176187496756,40.37800687285228,100.0,80.0,66.23619372956954,0.0,100.0,72.82201782524854,0.0,2,2,D_pure_quant_vr1.2,True,,20230227,11.15,20230301,1.7937219730941534,-3.3183856502242204,20230303,1.6143497757847403,-3.3183856502242204,20230308,0.08968609865471766,-3.3183856502242204
301165,301165.SZ,锐捷网络,通信设备,20230224,42.22,57.15084010294665,57.15084010294665,0.0,1.65,11.5877,6126.47,8.594933968391425,sideways,BULL_TREND,36.12330122355455,100.0,61.264700000000005,80.0,70.28765834369057,43.333333333333336,100.0,18.684453462869993,0.0,3,3,D_pure_quant_vr1.2,True,,20230227,41.7,20230301,7.242206235011972,-1.918465227817756,20230303,3.3333333333333437,-1.918465227817756,20230308,9.592326139088737,-1.918465227817756
600610,600610.SH,中毅达,化工原料,20230224,16.15,50.63205446081655,50.63205446081655,0.0,2.79,3.9153,4789.23,11.458333333333332,sideways,BULL_TREND,74.01325610272315,100.0,47.8923,40.0,40.33303044366993,53.333333333333336,100.0,7.7949620962565715,0.0,1,1,E_ablate_sector_vr1.2,True,,20230227,16.15,20230301,2.724458204334379,-1.4860681114550967,20230303,2.9721362229102155,-1.4860681114550967,20230308,1.1764705882353121,-1.4860681114550967
002579,002579.SZ,中京电子,元器件,20230224,12.43,48.79616078541763,48.79616078541763,0.0,1.53,8.0616,7247.01,8.804108584005876,sideways,BULL_TREND,30.676582645896357,100.0,72.4701,80.0,33.25947809171488,43.333333333333336,75.30799999999999,41.87494947211466,0.0,2,2,E_ablate_sector_vr1.2,True,,20230227,12.26,20230301,-1.3866231647634564,-4.159869494290369,20230303,1.4681892332789603,-4.159869494290369,20230308,2.4469820554649413,-4.159869494290369
600718,600718.SH,东软集团,软件服务,20230224,11.17,48.33434241230661,48.33434241230661,0.0,2.2,4.1521,11642.38,4.037800687285229,sideways,BULL_TREND,56.875176187496756,40.37800687285228,100.0,80.0,66.23619372956954,0.0,100.0,72.82201782524854,0.0,3,3,E_ablate_sector_vr1.2,True,,20230227,11.15,20230301,1.7937219730941534,-3.3183856502242204,20230303,1.6143497757847403,-3.3183856502242204,20230308,0.08968609865471766,-3.3183856502242204
002297,002297.SZ,博云新材,航空,20230224,8.66,56.39402831402525,56.39402831402525,0.0,2.71,4.4672,2085.27,4.8351648351648295,sideways,BULL_TREND,71.91464257895734,48.351648351648294,20.8527,80.0,80.19531330225298,86.66666666666667,95.014,84.35328317183938,0.0,1,1,E_ablate_inflow_vr1.2,True,,20230227,8.64,20230301,-3.356481481481488,-4.282407407407418,20230303,-3.587962962962965,-4.745370370370372,20230308,-3.356481481481488,-6.250000000000011
600610,600610.SH,中毅达,化工原料,20230224,16.15,50.93493302736704,50.93493302736704,0.0,2.79,3.9153,4789.23,11.458333333333332,sideways,BULL_TREND,74.01325610272315,100.0,47.8923,40.0,40.33303044366993,53.333333333333336,100.0,7.7949620962565715,0.0,2,2,E_ablate_inflow_vr1.2,True,,20230227,16.15,20230301,2.724458204334379,-1.4860681114550967,20230303,2.9721362229102155,-1.4860681114550967,20230308,1.1764705882353121,-1.4860681114550967
301165,301165.SZ,锐捷网络,通信设备,20230224,42.22,49.79907610294665,49.79907610294665,0.0,1.65,11.5877,6126.47,8.594933968391425,sideways,BULL_TREND,36.12330122355455,100.0,61.264700000000005,80.0,70.28765834369057,43.333333333333336,100.0,18.684453462869993,0.0,3,3,E_ablate_inflow_vr1.2,True,,20230227,41.7,20230301,7.242206235011972,-1.918465227817756,20230303,3.3333333333333437,-1.918465227817756,20230308,9.592326139088737,-1.918465227817756
600610,600610.SH,中毅达,化工原料,20230224,16.15,55.74661357581625,55.74661357581625,0.0,2.79,3.9153,4789.23,11.458333333333332,sideways,BULL_TREND,74.01325610272315,100.0,47.8923,40.0,40.33303044366993,53.333333333333336,100.0,7.7949620962565715,0.0,1,1,E_ablate_wyckoff_vr1.2,True,,20230227,16.15,20230301,2.724458204334379,-1.4860681114550967,20230303,2.9721362229102155,-1.4860681114550967,20230308,1.1764705882353121,-1.4860681114550967
301165,301165.SZ,锐捷网络,通信设备,20230224,42.22,54.908705687402254,54.908705687402254,0.0,1.65,11.5877,6126.47,8.594933968391425,sideways,BULL_TREND,36.12330122355455,100.0,61.264700000000005,80.0,70.28765834369057,43.333333333333336,100.0,18.684453462869993,0.0,2,2,E_ablate_wyckoff_vr1.2,True,,20230227,41.7,20230301,7.242206235011972,-1.918465227817756,20230303,3.3333333333333437,-1.918465227817756,20230308,9.592326139088737,-1.918465227817756
600718,600718.SH,东软集团,软件服务,20230224,11.17,49.53112933271222,49.53112933271222,0.0,2.2,4.1521,11642.38,4.037800687285229,sideways,BULL_TREND,56.875176187496756,40.37800687285228,100.0,80.0,66.23619372956954,0.0,100.0,72.82201782524854,0.0,3,3,E_ablate_wyckoff_vr1.2,True,,20230227,11.15,20230301,1.7937219730941534,-3.3183856502242204,20230303,1.6143497757847403,-3.3183856502242204,20230308,0.08968609865471766,-3.3183856502242204
002297,002297.SZ,博云新材,航空,20230224,8.66,58.89635231402524,58.89635231402524,0.0,2.71,4.4672,2085.27,4.8351648351648295,sideways,BULL_TREND,71.91464257895734,48.351648351648294,20.8527,80.0,80.19531330225298,86.66666666666667,95.014,84.35328317183938,0.0,1,1,E_ablate_accel_vr1.2,True,,20230227,8.64,20230301,-3.356481481481488,-4.282407407407418,20230303,-3.587962962962965,-4.745370370370372,20230308,-3.356481481481488,-6.250000000000011
600718,600718.SH,东软集团,软件服务,20230224,11.17,58.26977147174205,58.26977147174205,0.0,2.2,4.1521,11642.38,4.037800687285229,sideways,BULL_TREND,56.875176187496756,40.37800687285228,100.0,80.0,66.23619372956954,0.0,100.0,72.82201782524854,0.0,2,2,E_ablate_accel_vr1.2,True,,20230227,11.15,20230301,1.7937219730941534,-3.3183856502242204,20230303,1.6143497757847403,-3.3183856502242204,20230308,0.08968609865471766,-3.3183856502242204
301165,301165.SZ,锐捷网络,通信设备,20230224,42.22,57.15084010294665,57.15084010294665,0.0,1.65,11.5877,6126.47,8.594933968391425,sideways,BULL_TREND,36.12330122355455,100.0,61.264700000000005,80.0,70.28765834369057,43.333333333333336,100.0,18.684453462869993,0.0,3,3,E_ablate_accel_vr1.2,True,,20230227,41.7,20230301,7.242206235011972,-1.918465227817756,20230303,3.3333333333333437,-1.918465227817756,20230308,9.592326139088737,-1.918465227817756
002090,002090.SZ,金智科技,电气设备,20230227,14.55,70.29086480018924,62.241513275850345,8.049351524338892,2.1,7.7458,7613.07,8.948685857321651,bear,BULL_TREND,53.5194663945699,100.0,76.13069999999999,80.0,80.49351524338891,66.66666666666666,0.0,22.701550410027515,0.0,1,1,A_recovered_proxy_vr1.5,True,,20230228,14.6,20230302,-3.9041095890410937,-4.041095890410961,20230306,-4.657534246575345,-5.753424657534245,20230309,-9.520547945205472,-9.726027397260273
001301,001301.SZ,尚太科技,电气设备,20230227,78.71,66.82340499238875,58.77405346804985,8.049351524338892,1.61,7.8211,6216.34,11.092285101095682,bear,BULL_TREND,34.35303441699462,100.0,62.1634,80.0,80.49351524338891,53.333333333333336,0.0,45.13403285946693,0.0,2,2,A_recovered_proxy_vr1.5,True,,20230228,78.12,20230302,-9.267793138760894,-10.368663594470052,20230306,-9.370199692780346,-12.250384024577576,20230309,-14.605734767025103,-14.720942140296977
002334,002334.SZ,英威腾,电气设备,20230227,11.59,61.60822049772101,53.55886897338211,8.049351524338892,1.59,5.7489,6082.1,6.6827697262479875,bear,BULL_TREND,33.45133827548153,78.04616210413313,60.821000000000005,65.0,80.49351524338891,33.33333333333333,0.0,53.25170780576572,0.0,3,3,A_recovered_proxy_vr1.5,True,,20230228,11.53,20230302,-2.6886383347788256,-3.7294015611448406,20230306,-4.07632263660016,-7.198612315698183,20230309,-5.550737207285328,-7.198612315698183
002090,002090.SZ,金智科技,电气设备,20230227,14.55,62.241513275850345,62.241513275850345,0.0,2.1,7.7458,7613.07,8.948685857321651,bear,BULL_TREND,53.5194663945699,100.0,76.13069999999999,80.0,80.49351524338891,66.66666666666666,0.0,22.701550410027515,0.0,1,1,B_pure_quant_vr1.5,True,,20230228,14.6,20230302,-3.9041095890410937,-4.041095890410961,20230306,-4.657534246575345,-5.753424657534245,20230309,-9.520547945205472,-9.726027397260273
002031,002031.SZ,巨轮智能,汽车配件,20230227,3.53,61.14768813403258,61.14768813403258,0.0,1.96,7.4205,8918.88,11.306532663316588,bear,BULL_TREND,48.54268271702418,100.0,89.18879999999999,100.0,39.98037051994764,63.33333333333333,0.0,54.18266409690373,0.0,2,2,B_pure_quant_vr1.5,True,,20230228,3.48,20230302,0.287356321839094,-1.4367816091953922,20230306,-1.7241379310344862,-2.011494252873558,20230309,-5.1724137931034475,-5.747126436781613
001301,001301.SZ,尚太科技,电气设备,20230227,78.71,58.77405346804985,58.77405346804985,0.0,1.61,7.8211,6216.34,11.092285101095682,bear,BULL_TREND,34.35303441699462,100.0,62.1634,80.0,80.49351524338891,53.333333333333336,0.0,45.13403285946693,0.0,3,3,B_pure_quant_vr1.5,True,,20230228,78.12,20230302,-9.267793138760894,-10.368663594470052,20230306,-9.370199692780346,-12.250384024577576,20230309,-14.605734767025103,-14.720942140296977
002090,002090.SZ,金智科技,电气设备,20230227,14.55,69.38956784886703,61.70073510505702,7.688832743810005,2.1,7.7458,7613.07,8.948685857321651,bear,BULL_TREND,53.5194663945699,100.0,76.13069999999999,80.0,76.88832743810005,66.66666666666666,0.0,22.701550410027515,0.0,1,1,A_recovered_proxy_vr1.2,True,,20230228,14.6,20230302,-3.9041095890410937,-4.041095890410961,20230306,-4.657534246575345,-5.753424657534245,20230309,-9.520547945205472,-9.726027397260273
001301,001301.SZ,尚太科技,电气设备,20230227,78.71,65.92210804106652,58.23327529725652,7.688832743810005,1.61,7.8211,6216.34,11.092285101095682,bear,BULL_TREND,34.35303441699462,100.0,62.1634,80.0,76.88832743810005,53.333333333333336,0.0,45.13403285946693,0.0,2,2,A_recovered_proxy_vr1.2,True,,20230228,78.12,20230302,-9.267793138760894,-10.368663594470052,20230306,-9.370199692780346,-12.250384024577576,20230309,-14.605734767025103,-14.720942140296977
002031,002031.SZ,巨轮智能,汽车配件,20230227,3.53,61.131491210854875,61.131491210854875,0.0,1.96,7.4205,8918.88,11.306532663316588,bear,BULL_TREND,48.54268271702418,100.0,89.18879999999999,100.0,39.872391032096296,63.33333333333333,0.0,54.18266409690373,0.0,3,3,A_recovered_proxy_vr1.2,True,,20230228,3.48,20230302,0.287356321839094,-1.4367816091953922,20230306,-1.7241379310344862,-2.011494252873558,20230309,-5.1724137931034475,-5.747126436781613
002090,002090.SZ,金智科技,电气设备,20230227,14.55,61.70073510505702,61.70073510505702,0.0,2.1,7.7458,7613.07,8.948685857321651,bear,BULL_TREND,53.5194663945699,100.0,76.13069999999999,80.0,76.88832743810005,66.66666666666666,0.0,22.701550410027515,0.0,1,1,D_pure_quant_vr1.2,True,,20230228,14.6,20230302,-3.9041095890410937,-4.041095890410961,20230306,-4.657534246575345,-5.753424657534245,20230309,-9.520547945205472,-9.726027397260273
002031,002031.SZ,巨轮智能,汽车配件,20230227,3.53,61.131491210854875,61.131491210854875,0.0,1.96,7.4205,8918.88,11.306532663316588,bear,BULL_TREND,48.54268271702418,100.0,89.18879999999999,100.0,39.872391032096296,63.33333333333333,0.0,54.18266409690373,0.0,2,2,D_pure_quant_vr1.2,True,,20230228,3.48,20230302,0.287356321839094,-1.4367816091953922,20230306,-1.7241379310344862,-2.011494252873558,20230309,-5.1724137931034475,-5.747126436781613
001301,001301.SZ,尚太科技,电气设备,20230227,78.71,58.23327529725652,58.23327529725652,0.0,1.61,7.8211,6216.34,11.092285101095682,bear,BULL_TREND,34.35303441699462,100.0,62.1634,80.0,76.88832743810005,53.333333333333336,0.0,45.13403285946693,0.0,3,3,D_pure_quant_vr1.2,True,,20230228,78.12,20230302,-9.267793138760894,-10.368663594470052,20230306,-9.370199692780346,-12.250384024577576,20230309,-14.605734767025103,-14.720942140296977
002031,002031.SZ,巨轮智能,汽车配件,20230227,3.53,55.15063255604043,55.15063255604043,0.0,1.96,7.4205,8918.88,11.306532663316588,bear,BULL_TREND,48.54268271702418,100.0,89.18879999999999,100.0,39.872391032096296,63.33333333333333,0.0,54.18266409690373,0.0,1,1,E_ablate_sector_vr1.2,True,,20230228,3.48,20230302,0.287356321839094,-1.4367816091953922,20230306,-1.7241379310344862,-2.011494252873558,20230309,-5.1724137931034475,-5.747126436781613
002090,002090.SZ,金智科技,电气设备,20230227,14.55,50.16748598934201,50.16748598934201,0.0,2.1,7.7458,7613.07,8.948685857321651,bear,BULL_TREND,53.5194663945699,100.0,76.13069999999999,80.0,76.88832743810005,66.66666666666666,0.0,22.701550410027515,0.0,2,2,E_ablate_sector_vr1.2,True,,20230228,14.6,20230302,-3.9041095890410937,-4.041095890410961,20230306,-4.657534246575345,-5.753424657534245,20230309,-9.520547945205472,-9.726027397260273
003022,003022.SZ,联泓新科,化工原料,20230227,34.94,48.66688490747415,48.66688490747415,0.0,1.38,5.7146,11176.21,12.650000000000006,bear,BULL_TREND,23.233413350172214,100.0,100.0,65.0,46.53780087732248,0.0,0.0,57.96278308696886,0.0,3,3,E_ablate_sector_vr1.2,True,,20230228,34.95,20230302,-3.9484978540772597,-4.8354792560801325,20230306,-4.26323319027182,-7.5822603719599595,20230309,-8.21173104434908,-8.38340486409156
002090,002090.SZ,金智科技,电气设备,20230227,14.55,52.56505110505702,52.56505110505702,0.0,2.1,7.7458,7613.07,8.948685857321651,bear,BULL_TREND,53.5194663945699,100.0,76.13069999999999,80.0,76.88832743810005,66.66666666666666,0.0,22.701550410027515,0.0,1,1,E_ablate_inflow_vr1.2,True,,20230228,14.6,20230302,-3.9041095890410937,-4.041095890410961,20230306,-4.657534246575345,-5.753424657534245,20230309,-9.520547945205472,-9.726027397260273
001301,001301.SZ,尚太科技,电气设备,20230227,78.71,50.77366729725652,50.77366729725652,0.0,1.61,7.8211,6216.34,11.092285101095682,bear,BULL_TREND,34.35303441699462,100.0,62.1634,80.0,76.88832743810005,53.333333333333336,0.0,45.13403285946693,0.0,2,2,E_ablate_inflow_vr1.2,True,,20230228,78.12,20230302,-9.267793138760894,-10.368663594470052,20230306,-9.370199692780346,-12.250384024577576,20230309,-14.605734767025103,-14.720942140296977
002031,002031.SZ,巨轮智能,汽车配件,20230227,3.53,50.42883521085488,50.42883521085488,0.0,1.96,7.4205,8918.88,11.306532663316588,bear,BULL_TREND,48.54268271702418,100.0,89.18879999999999,100.0,39.872391032096296,63.33333333333333,0.0,54.18266409690373,0.0,3,3,E_ablate_inflow_vr1.2,True,,20230228,3.48,20230302,0.287356321839094,-1.4367816091953922,20230306,-1.7241379310344862,-2.011494252873558,20230309,-5.1724137931034475,-5.747126436781613
002090,002090.SZ,金智科技,电气设备,20230227,14.55,58.97654905585372,58.97654905585372,0.0,2.1,7.7458,7613.07,8.948685857321651,bear,BULL_TREND,53.5194663945699,100.0,76.13069999999999,80.0,76.88832743810005,66.66666666666666,0.0,22.701550410027515,0.0,1,1,E_ablate_wyckoff_vr1.2,True,,20230228,14.6,20230302,-3.9041095890410937,-4.041095890410961,20230306,-4.657534246575345,-5.753424657534245,20230309,-9.520547945205472,-9.726027397260273
002031,002031.SZ,巨轮智能,汽车配件,20230227,3.53,54.629571519226424,54.629571519226424,0.0,1.96,7.4205,8918.88,11.306532663316588,bear,BULL_TREND,48.54268271702418,100.0,89.18879999999999,100.0,39.872391032096296,63.33333333333333,0.0,54.18266409690373,0.0,2,2,E_ablate_wyckoff_vr1.2,True,,20230228,3.48,20230302,0.287356321839094,-1.4367816091953922,20230306,-1.7241379310344862,-2.011494252873558,20230309,-5.1724137931034475,-5.747126436781613
001301,001301.SZ,尚太科技,电气设备,20230227,78.71,52.81719135412049,52.81719135412049,0.0,1.61,7.8211,6216.34,11.092285101095682,bear,BULL_TREND,34.35303441699462,100.0,62.1634,80.0,76.88832743810005,53.333333333333336,0.0,45.13403285946693,0.0,3,3,E_ablate_wyckoff_vr1.2,True,,20230228,78.12,20230302,-9.267793138760894,-10.368663594470052,20230306,-9.370199692780346,-12.250384024577576,20230309,-14.605734767025103,-14.720942140296977
002090,002090.SZ,金智科技,电气设备,20230227,14.55,61.70073510505702,61.70073510505702,0.0,2.1,7.7458,7613.07,8.948685857321651,bear,BULL_TREND,53.5194663945699,100.0,76.13069999999999,80.0,76.88832743810005,66.66666666666666,0.0,22.701550410027515,0.0,1,1,E_ablate_accel_vr1.2,True,,20230228,14.6,20230302,-3.9041095890410937,-4.041095890410961,20230306,-4.657534246575345,-5.753424657534245,20230309,-9.520547945205472,-9.726027397260273
002031,002031.SZ,巨轮智能,汽车配件,20230227,3.53,61.131491210854875,61.131491210854875,0.0,1.96,7.4205,8918.88,11.306532663316588,bear,BULL_TREND,48.54268271702418,100.0,89.18879999999999,100.0,39.872391032096296,63.33333333333333,0.0,54.18266409690373,0.0,2,2,E_ablate_accel_vr1.2,True,,20230228,3.48,20230302,0.287356321839094,-1.4367816091953922,20230306,-1.7241379310344862,-2.011494252873558,20230309,-5.1724137931034475,-5.747126436781613
001301,001301.SZ,尚太科技,电气设备,20230227,78.71,58.23327529725652,58.23327529725652,0.0,1.61,7.8211,6216.34,11.092285101095682,bear,BULL_TREND,34.35303441699462,100.0,62.1634,80.0,76.88832743810005,53.333333333333336,0.0,45.13403285946693,0.0,3,3,E_ablate_accel_vr1.2,True,,20230228,78.12,20230302,-9.267793138760894,-10.368663594470052,20230306,-9.370199692780346,-12.250384024577576,20230309,-14.605734767025103,-14.720942140296977
601696,601696.SH,中银证券,证券,20230228,11.36,74.08490989404517,68.16576703034728,5.919142863697892,3.74,3.2218,20031.34,4.937238493723848,sideways,BULL_TREND,95.15191350564561,49.372384937238486,100.0,80.0,59.19142863697891,63.33333333333333,0.0,91.87533675582732,0.0,1,1,A_recovered_proxy_vr1.5,True,,20230301,11.34,20230303,-0.3527336860670083,-1.6754850088183337,20230307,-3.1746031746031744,-3.527336860670194,20230310,-5.379188712522042,-5.379188712522042
000948,000948.SZ,南天信息,软件服务,20230228,23.22,63.20990218887595,63.20990218887595,0.0,2.52,8.8873,6913.45,12.70676691729324,sideways,BULL_TREND,66.67118668625959,100.0,69.1345,65.0,56.288375764405544,43.333333333333336,0.0,52.801484054761225,0.0,2,2,A_recovered_proxy_vr1.5,True,,20230301,23.0,20230303,1.4782608695652177,-0.08695652173912327,20230307,2.4347826086956514,-0.08695652173912327,20230310,-1.7391304347825987,-1.8260869565217441
002771,002771.SZ,真视通,软件服务,20230228,13.95,56.38339223884566,56.38339223884566,0.0,2.25,11.4565,4637.08,13.622291021671822,sideways,BULL_TREND,58.49625007211562,100.0,46.3708,80.0,56.288375764405544,66.66666666666666,0.0,24.776096041550485,0.0,3,3,A_recovered_proxy_vr1.5,True,,20230301,13.8,20230303,3.6231884057970953,-0.6521739130434745,20230307,5.14492753623188,-0.6521739130434745,20230310,6.159420289855078,-0.6521739130434745
601696,601696.SH,中银证券,证券,20230228,11.36,68.16576703034728,68.16576703034728,0.0,3.74,3.2218,20031.34,4.937238493723848,sideways,BULL_TREND,95.15191350564561,49.372384937238486,100.0,80.0,59.19142863697891,63.33333333333333,0.0,91.87533675582732,0.0,1,1,B_pure_quant_vr1.5,True,,20230301,11.34,20230303,-0.3527336860670083,-1.6754850088183337,20230307,-3.1746031746031744,-3.527336860670194,20230310,-5.379188712522042,-5.379188712522042
000948,000948.SZ,南天信息,软件服务,20230228,23.22,63.20990218887595,63.20990218887595,0.0,2.52,8.8873,6913.45,12.70676691729324,sideways,BULL_TREND,66.67118668625959,100.0,69.1345,65.0,56.288375764405544,43.333333333333336,0.0,52.801484054761225,0.0,2,2,B_pure_quant_vr1.5,True,,20230301,23.0,20230303,1.4782608695652177,-0.08695652173912327,20230307,2.4347826086956514,-0.08695652173912327,20230310,-1.7391304347825987,-1.8260869565217441
002771,002771.SZ,真视通,软件服务,20230228,13.95,56.38339223884566,56.38339223884566,0.0,2.25,11.4565,4637.08,13.622291021671822,sideways,BULL_TREND,58.49625007211562,100.0,46.3708,80.0,56.288375764405544,66.66666666666666,0.0,24.776096041550485,0.0,3,3,B_pure_quant_vr1.5,True,,20230301,13.8,20230303,3.6231884057970953,-0.6521739130434745,20230307,5.14492753623188,-0.6521739130434745,20230310,6.159420289855078,-0.6521739130434745
601696,601696.SH,中银证券,证券,20230228,11.36,73.38557720296448,67.74616741569886,5.639409787265616,3.74,3.2218,20031.34,4.937238493723848,sideways,BULL_TREND,95.15191350564561,49.372384937238486,100.0,80.0,56.394097872656154,63.33333333333333,0.0,91.87533675582732,0.0,1,1,A_recovered_proxy_vr1.2,True,,20230301,11.34,20230303,-0.3527336860670083,-1.6754850088183337,20230307,-3.1746031746031744,-3.527336860670194,20230310,-5.379188712522042,-5.379188712522042
000948,000948.SZ,南天信息,软件服务,20230228,23.22,62.6904579935418,62.6904579935418,0.0,2.52,8.8873,6913.45,12.70676691729324,sideways,BULL_TREND,66.67118668625959,100.0,69.1345,80.0,48.82541446217786,43.333333333333336,0.0,52.801484054761225,0.0,2,2,A_recovered_proxy_vr1.2,True,,20230301,23.0,20230303,1.4782608695652177,-0.08695652173912327,20230307,2.4347826086956514,-0.08695652173912327,20230310,-1.7391304347825987,-1.8260869565217441
002771,002771.SZ,真视通,软件服务,20230228,13.95,55.263948043511505,55.263948043511505,0.0,2.25,11.4565,4637.08,13.622291021671822,sideways,BULL_TREND,58.49625007211562,100.0,46.3708,80.0,48.82541446217786,66.66666666666666,0.0,24.776096041550485,0.0,3,3,A_recovered_proxy_vr1.2,True,,20230301,13.8,20230303,3.6231884057970953,-0.6521739130434745,20230307,5.14492753623188,-0.6521739130434745,20230310,6.159420289855078,-0.6521739130434745
601696,601696.SH,中银证券,证券,20230228,11.36,67.74616741569886,67.74616741569886,0.0,3.74,3.2218,20031.34,4.937238493723848,sideways,BULL_TREND,95.15191350564561,49.372384937238486,100.0,80.0,56.394097872656154,63.33333333333333,0.0,91.87533675582732,0.0,1,1,D_pure_quant_vr1.2,True,,20230301,11.34,20230303,-0.3527336860670083,-1.6754850088183337,20230307,-3.1746031746031744,-3.527336860670194,20230310,-5.379188712522042,-5.379188712522042
000948,000948.SZ,南天信息,软件服务,20230228,23.22,62.6904579935418,62.6904579935418,0.0,2.52,8.8873,6913.45,12.70676691729324,sideways,BULL_TREND,66.67118668625959,100.0,69.1345,80.0,48.82541446217786,43.333333333333336,0.0,52.801484054761225,0.0,2,2,D_pure_quant_vr1.2,True,,20230301,23.0,20230303,1.4782608695652177,-0.08695652173912327,20230307,2.4347826086956514,-0.08695652173912327,20230310,-1.7391304347825987,-1.8260869565217441
002771,002771.SZ,真视通,软件服务,20230228,13.95,55.263948043511505,55.263948043511505,0.0,2.25,11.4565,4637.08,13.622291021671822,sideways,BULL_TREND,58.49625007211562,100.0,46.3708,80.0,48.82541446217786,66.66666666666666,0.0,24.776096041550485,0.0,3,3,D_pure_quant_vr1.2,True,,20230301,13.8,20230303,3.6231884057970953,-0.6521739130434745,20230307,5.14492753623188,-0.6521739130434745,20230310,6.159420289855078,-0.6521739130434745
601696,601696.SH,中银证券,证券,20230228,11.36,59.28705273480044,59.28705273480044,0.0,3.74,3.2218,20031.34,4.937238493723848,sideways,BULL_TREND,95.15191350564561,49.372384937238486,100.0,80.0,56.394097872656154,63.33333333333333,0.0,91.87533675582732,0.0,1,1,E_ablate_sector_vr1.2,True,,20230301,11.34,20230303,-0.3527336860670083,-1.6754850088183337,20230307,-3.1746031746031744,-3.527336860670194,20230310,-5.379188712522042,-5.379188712522042
000948,000948.SZ,南天信息,软件服务,20230228,23.22,55.36664582421512,55.36664582421512,0.0,2.52,8.8873,6913.45,12.70676691729324,sideways,BULL_TREND,66.67118668625959,100.0,69.1345,80.0,48.82541446217786,43.333333333333336,0.0,52.801484054761225,0.0,2,2,E_ablate_sector_vr1.2,True,,20230301,23.0,20230303,1.4782608695652177,-0.08695652173912327,20230307,2.4347826086956514,-0.08695652173912327,20230310,-1.7391304347825987,-1.8260869565217441
000620,000620.SZ,盈新发展,全国地产,20230228,3.14,48.55235165161253,48.55235165161253,0.0,2.53,4.131,3665.12,7.374631268436578,sideways,BULL_TREND,66.95686924597926,89.57718780727629,36.651199999999996,80.0,31.43923712180854,33.33333333333333,0.0,48.75040361024704,0.0,3,3,E_ablate_sector_vr1.2,True,,20230301,3.13,20230303,-0.31948881789136685,-1.5974440894568676,20230307,-2.875399361022357,-2.875399361022357,20230310,-5.4313099041533475,-5.4313099041533475
601696,601696.SH,中银证券,证券,20230228,11.36,55.78661883866416,55.78661883866416,0.0,3.74,3.2218,20031.34,4.937238493723848,sideways,BULL_TREND,95.15191350564561,49.372384937238486,100.0,80.0,56.66377402575811,63.33333333333333,0.0,91.87533675582732,0.0,1,1,E_ablate_inflow_vr1.2,True,,20230301,11.34,20230303,-0.3527336860670083,-1.6754850088183337,20230307,-3.1746031746031744,-3.527336860670194,20230310,-5.379188712522042,-5.379188712522042
000948,000948.SZ,南天信息,软件服务,20230228,23.22,53.02953246755648,53.02953246755648,0.0,2.52,8.8873,6913.45,12.70676691729324,sideways,BULL_TREND,66.67118668625959,100.0,69.1345,80.0,39.72684428894237,43.333333333333336,0.0,52.801484054761225,0.0,2,2,E_ablate_inflow_vr1.2,True,,20230301,23.0,20230303,1.4782608695652177,-0.08695652173912327,20230307,2.4347826086956514,-0.08695652173912327,20230310,-1.7391304347825987,-1.8260869565217441
000620,000620.SZ,盈新发展,全国地产,20230228,3.14,48.877494587907044,48.877494587907044,0.0,2.53,4.131,3665.12,7.374631268436578,sideways,BULL_TREND,66.95686924597926,89.57718780727629,36.651199999999996,80.0,31.488579575296775,33.33333333333333,0.0,48.75040361024704,0.0,3,3,E_ablate_inflow_vr1.2,True,,20230301,3.13,20230303,-0.31948881789136685,-1.5974440894568676,20230307,-2.875399361022357,-2.875399361022357,20230310,-5.4313099041533475,-5.4313099041533475
601696,601696.SH,中银证券,证券,20230228,11.36,56.72112700499959,56.72112700499959,0.0,3.74,3.2218,20031.34,4.937238493723848,sideways,BULL_TREND,95.15191350564561,49.372384937238486,100.0,80.0,56.394097872656154,63.33333333333333,0.0,91.87533675582732,0.0,1,1,E_ablate_wyckoff_vr1.2,True,,20230301,11.34,20230303,-0.3527336860670083,-1.6754850088183337,20230307,-3.1746031746031744,-3.527336860670194,20230310,-5.379188712522042,-5.379188712522042
000948,000948.SZ,南天信息,软件服务,20230228,23.22,56.354279906970454,56.354279906970454,0.0,2.52,8.8873,6913.45,12.70676691729324,sideways,BULL_TREND,66.67118668625959,100.0,69.1345,80.0,48.82541446217786,43.333333333333336,0.0,52.801484054761225,0.0,2,2,E_ablate_wyckoff_vr1.2,True,,20230301,23.0,20230303,1.4782608695652177,-0.08695652173912327,20230307,2.4347826086956514,-0.08695652173912327,20230310,-1.7391304347825987,-1.8260869565217441
002771,002771.SZ,真视通,软件服务,20230228,13.95,52.29081651852545,52.29081651852545,0.0,2.25,11.4565,4637.08,13.622291021671822,sideways,BULL_TREND,58.49625007211562,100.0,46.3708,80.0,48.82541446217786,66.66666666666666,0.0,24.776096041550485,0.0,3,3,E_ablate_wyckoff_vr1.2,True,,20230301,13.8,20230303,3.6231884057970953,-0.6521739130434745,20230307,5.14492753623188,-0.6521739130434745,20230310,6.159420289855078,-0.6521739130434745
601696,601696.SH,中银证券,证券,20230228,11.36,67.74616741569886,67.74616741569886,0.0,3.74,3.2218,20031.34,4.937238493723848,sideways,BULL_TREND,95.15191350564561,49.372384937238486,100.0,80.0,56.394097872656154,63.33333333333333,0.0,91.87533675582732,0.0,1,1,E_ablate_accel_vr1.2,True,,20230301,11.34,20230303,-0.3527336860670083,-1.6754850088183337,20230307,-3.1746031746031744,-3.527336860670194,20230310,-5.379188712522042,-5.379188712522042
000948,000948.SZ,南天信息,软件服务,20230228,23.22,62.6904579935418,62.6904579935418,0.0,2.52,8.8873,6913.45,12.70676691729324,sideways,BULL_TREND,66.67118668625959,100.0,69.1345,80.0,48.82541446217786,43.333333333333336,0.0,52.801484054761225,0.0,2,2,E_ablate_accel_vr1.2,True,,20230301,23.0,20230303,1.4782608695652177,-0.08695652173912327,20230307,2.4347826086956514,-0.08695652173912327,20230310,-1.7391304347825987,-1.8260869565217441
002771,002771.SZ,真视通,软件服务,20230228,13.95,55.263948043511505,55.263948043511505,0.0,2.25,11.4565,4637.08,13.622291021671822,sideways,BULL_TREND,58.49625007211562,100.0,46.3708,80.0,48.82541446217786,66.66666666666666,0.0,24.776096041550485,0.0,3,3,E_ablate_accel_vr1.2,True,,20230301,13.8,20230303,3.6231884057970953,-0.6521739130434745,20230307,5.14492753623188,-0.6521739130434745,20230310,6.159420289855078,-0.6521739130434745
000070,000070.SZ,特发信息,通信设备,20230301,8.53,71.19341618525466,63.4520691037303,7.741347081524362,2.02,6.2591,9325.24,3.9414414414414574,weak_momentum,BULL_TREND,50.7177646488535,100.0,93.2524,80.0,77.41347081524361,63.33333333333333,0.0,55.20190078299382,0.0,1,1,A_recovered_proxy_vr1.5,True,,20230302,8.63,20230306,0.5793742757821407,-1.8539976825028948,20230308,-2.549246813441486,-4.6349942062572485,20230313,3.1286210892236266,-6.488991888760143
000948,000948.SZ,南天信息,软件服务,20230301,24.08,64.97206392695564,64.97206392695564,0.0,2.6,11.4501,9830.07,9.473684210526327,weak_momentum,BULL_TREND,68.92558116268648,100.0,98.30069999999999,80.0,58.57457549422938,63.33333333333333,0.0,59.90831841167737,0.0,2,2,A_recovered_proxy_vr1.5,True,,20230302,23.88,20230306,-1.8006700167504164,-3.7688442211055273,20230308,0.08375209380233617,-3.7688442211055273,20230313,-3.0988274706867602,-6.574539363484089
002555,002555.SZ,三七互娱,互联网,20230301,23.01,63.59945400263471,56.899823292970105,6.6996307096646035,1.77,3.3941,20715.68,6.081632653061218,weak_momentum,BULL_TREND,41.187468015413636,100.0,100.0,40.0,66.99630709664604,33.33333333333333,0.0,46.70393572996326,0.0,3,3,A_recovered_proxy_vr1.5,True,,20230302,23.0,20230306,2.2608695652173827,-0.6521739130434745,20230308,-0.43478260869566077,-2.9565217391304355,20230313,-2.043478260869558,-5.999999999999995
000948,000948.SZ,南天信息,软件服务,20230301,24.08,64.97206392695564,64.97206392695564,0.0,2.6,11.4501,9830.07,9.473684210526327,weak_momentum,BULL_TREND,68.92558116268648,100.0,98.30069999999999,80.0,58.57457549422938,63.33333333333333,0.0,59.90831841167737,0.0,1,1,B_pure_quant_vr1.5,True,,20230302,23.88,20230306,-1.8006700167504164,-3.7688442211055273,20230308,0.08375209380233617,-3.7688442211055273,20230313,-3.0988274706867602,-6.574539363484089
000070,000070.SZ,特发信息,通信设备,20230301,8.53,63.4520691037303,63.4520691037303,0.0,2.02,6.2591,9325.24,3.9414414414414574,weak_momentum,BULL_TREND,50.7177646488535,100.0,93.2524,80.0,77.41347081524361,63.33333333333333,0.0,55.20190078299382,0.0,2,2,B_pure_quant_vr1.5,True,,20230302,8.63,20230306,0.5793742757821407,-1.8539976825028948,20230308,-2.549246813441486,-4.6349942062572485,20230313,3.1286210892236266,-6.488991888760143
600206,600206.SH,有研新材,半导体,20230301,14.08,61.789138179948864,61.789138179948864,0.0,2.01,3.9696,11752.59,3.4293552812071333,weak_momentum,BULL_TREND,50.35977507021019,100.0,100.0,80.0,57.43431016879999,30.0,0.0,67.46683596064894,0.0,3,3,B_pure_quant_vr1.5,True,,20230302,14.05,20230306,0.782918149466183,-1.992882562277587,20230308,-0.5693950177935947,-1.992882562277587,20230313,1.708185053380773,-1.992882562277587
000948,000948.SZ,南天信息,软件服务,20230301,24.08,76.3196285073075,68.266128145513,8.053500361794502,2.6,11.4501,9830.07,9.473684210526327,weak_momentum,BULL_TREND,68.92558116268648,100.0,98.30069999999999,80.0,80.53500361794501,63.33333333333333,0.0,59.90831841167737,0.0,1,1,A_recovered_proxy_vr1.2,True,,20230302,23.88,20230306,-1.8006700167504164,-3.7688442211055273,20230308,0.08375209380233617,-3.7688442211055273,20230313,-3.0988274706867602,-6.574539363484089
000070,000070.SZ,特发信息,通信设备,20230301,8.53,69.63918616739322,62.51953109301344,7.119655074379785,2.02,6.2591,9325.24,3.9414414414414574,weak_momentum,BULL_TREND,50.7177646488535,100.0,93.2524,80.0,71.19655074379784,63.33333333333333,0.0,55.20190078299382,0.0,2,2,A_recovered_proxy_vr1.2,True,,20230302,8.63,20230306,0.5793742757821407,-1.8539976825028948,20230308,-2.549246813441486,-4.6349942062572485,20230313,3.1286210892236266,-6.488991888760143
002195,002195.SZ,岩山科技,软件服务,20230301,3.07,66.76666287659172,58.71316251479722,8.053500361794502,1.53,4.3146,11996.0,10.233918128654974,weak_momentum,BULL_TREND,30.676582645896357,100.0,100.0,40.0,80.53500361794501,43.333333333333336,0.0,52.43171939036232,0.0,3,3,A_recovered_proxy_vr1.2,True,,20230302,3.06,20230306,-1.3071895424836666,-1.9607843137254943,20230308,-1.9607843137254943,-4.901960784313719,20230313,-1.3071895424836666,-4.901960784313719
000948,000948.SZ,南天信息,软件服务,20230301,24.08,68.266128145513,68.266128145513,0.0,2.6,11.4501,9830.07,9.473684210526327,weak_momentum,BULL_TREND,68.92558116268648,100.0,98.30069999999999,80.0,80.53500361794501,63.33333333333333,0.0,59.90831841167737,0.0,1,1,D_pure_quant_vr1.2,True,,20230302,23.88,20230306,-1.8006700167504164,-3.7688442211055273,20230308,0.08375209380233617,-3.7688442211055273,20230313,-3.0988274706867602,-6.574539363484089
000070,000070.SZ,特发信息,通信设备,20230301,8.53,62.51953109301344,62.51953109301344,0.0,2.02,6.2591,9325.24,3.9414414414414574,weak_momentum,BULL_TREND,50.7177646488535,100.0,93.2524,80.0,71.19655074379784,63.33333333333333,0.0,55.20190078299382,0.0,2,2,D_pure_quant_vr1.2,True,,20230302,8.63,20230306,0.5793742757821407,-1.8539976825028948,20230308,-2.549246813441486,-4.6349942062572485,20230313,3.1286210892236266,-6.488991888760143
600206,600206.SH,有研新材,半导体,20230301,14.08,61.06669466780279,61.06669466780279,0.0,2.01,3.9696,11752.59,3.4293552812071333,weak_momentum,BULL_TREND,50.35977507021019,100.0,100.0,80.0,52.61802008782618,30.0,0.0,67.46683596064894,0.0,3,3,D_pure_quant_vr1.2,True,,20230302,14.05,20230306,0.782918149466183,-1.992882562277587,20230308,-0.5693950177935947,-1.992882562277587,20230313,1.708185053380773,-1.992882562277587
000948,000948.SZ,南天信息,软件服务,20230301,24.08,56.18587760282124,56.18587760282124,0.0,2.6,11.4501,9830.07,9.473684210526327,weak_momentum,BULL_TREND,68.92558116268648,100.0,98.30069999999999,80.0,80.53500361794501,63.33333333333333,0.0,59.90831841167737,0.0,1,1,E_ablate_sector_vr1.2,True,,20230302,23.88,20230306,-1.8006700167504164,-3.7688442211055273,20230308,0.08375209380233617,-3.7688442211055273,20230313,-3.0988274706867602,-6.574539363484089
000066,000066.SZ,中国长城,IT设备,20230301,13.41,55.32951922612797,55.32951922612797,0.0,2.52,4.4064,28423.51,4.893617021276593,weak_momentum,BULL_TREND,66.67118668625959,100.0,100.0,80.0,37.826738050780186,43.333333333333336,0.0,61.08116371014913,0.0,2,2,E_ablate_sector_vr1.2,True,,20230302,13.42,20230306,2.086438152011927,-1.5648286140089396,20230308,2.2354694485842153,-1.5648286140089396,20230313,8.867362146050661,-1.5648286140089396
601456,601456.SH,国联民生,证券,20230301,11.63,54.08261423152621,54.08261423152621,0.0,2.02,3.8395,11066.32,6.959999999999994,weak_momentum,BULL_TREND,50.7177646488535,100.0,100.0,80.0,27.79998739028526,63.33333333333333,0.0,62.05521911687679,0.0,3,3,E_ablate_sector_vr1.2,True,,20230302,11.6,20230306,-3.0172413793103425,-3.4482758620689724,20230308,-5.689655172413799,-6.810344827586201,20230313,-7.844827586206893,-8.62068965517241
000700,000700.SZ,模塑科技,汽车配件,20230301,5.79,51.060537301327464,51.060537301327464,0.0,5.18,6.123,2371.99,3.4999999999999996,weak_momentum,BULL_TREND,100.0,100.0,23.7199,65.0,36.44423787026301,33.33333333333333,0.0,91.181566360809,0.0,1,1,E_ablate_inflow_vr1.2,True,,20230302,5.81,20230306,-5.163511187607572,-5.851979345955249,20230308,-6.712564543889843,-7.5731497418244365,20230313,-9.294320137693635,-10.49913941480206
000948,000948.SZ,南天信息,软件服务,20230301,24.08,50.19832053253873,50.19832053253873,0.0,2.6,11.4501,9830.07,9.473684210526327,weak_momentum,BULL_TREND,68.92558116268648,100.0,98.30069999999999,80.0,78.04379286478324,63.33333333333333,0.0,59.90831841167737,0.0,2,2,E_ablate_inflow_vr1.2,True,,20230302,23.88,20230306,-1.8006700167504164,-3.7688442211055273,20230308,0.08375209380233617,-3.7688442211055273,20230313,-3.0988274706867602,-6.574539363484089
002609,002609.SZ,捷顺科技,软件服务,20230301,9.96,47.15057353938029,47.15057353938029,0.0,1.85,7.3768,1246.94,5.142857142857134,weak_momentum,BULL_TREND,44.376263537079375,100.0,12.4694,65.0,78.04379286478324,20.0,0.0,83.58376719400599,0.0,3,3,E_ablate_inflow_vr1.2,True,,20230302,9.83,20230306,1.4242115971515812,-0.8138351983723258,20230308,0.5086469989827203,-2.8484231943031513,20230313,9.257375381485256,-2.8484231943031513
000948,000948.SZ,南天信息,软件服务,20230301,24.08,59.27988038376139,59.27988038376139,0.0,2.6,11.4501,9830.07,9.473684210526327,weak_momentum,BULL_TREND,68.92558116268648,100.0,98.30069999999999,80.0,80.53500361794501,63.33333333333333,0.0,59.90831841167737,0.0,1,1,E_ablate_wyckoff_vr1.2,True,,20230302,23.88,20230306,-1.8006700167504164,-3.7688442211055273,20230308,0.08375209380233617,-3.7688442211055273,20230313,-3.0988274706867602,-6.574539363484089
000070,000070.SZ,特发信息,通信设备,20230301,8.53,54.239245975564366,54.239245975564366,0.0,2.02,6.2591,9325.24,3.9414414414414574,weak_momentum,BULL_TREND,50.7177646488535,100.0,93.2524,80.0,71.19655074379784,63.33333333333333,0.0,55.20190078299382,0.0,2,2,E_ablate_wyckoff_vr1.2,True,,20230302,8.63,20230306,0.5793742757821407,-1.8539976825028948,20230308,-2.549246813441486,-4.6349942062572485,20230313,3.1286210892236266,-6.488991888760143
601127,601127.SH,赛力斯,汽车整车,20230301,39.0,51.93979911571416,51.93979911571416,0.0,2.02,3.2155,39094.2,10.138248847926265,weak_momentum,BULL_TREND,50.7177646488535,100.0,100.0,80.0,46.658673900352,66.66666666666666,0.0,43.695989610632225,0.0,3,3,E_ablate_wyckoff_vr1.2,True,,20230302,38.91,20230306,-1.0537136982780693,-3.366743767668967,20230308,-2.8013364173734123,-4.883063479825234,20230313,-6.604985864816227,-7.992803906450785
000948,000948.SZ,南天信息,软件服务,20230301,24.08,68.266128145513,68.266128145513,0.0,2.6,11.4501,9830.07,9.473684210526327,weak_momentum,BULL_TREND,68.92558116268648,100.0,98.30069999999999,80.0,80.53500361794501,63.33333333333333,0.0,59.90831841167737,0.0,1,1,E_ablate_accel_vr1.2,True,,20230302,23.88,20230306,-1.8006700167504164,-3.7688442211055273,20230308,0.08375209380233617,-3.7688442211055273,20230313,-3.0988274706867602,-6.574539363484089
000070,000070.SZ,特发信息,通信设备,20230301,8.53,62.51953109301344,62.51953109301344,0.0,2.02,6.2591,9325.24,3.9414414414414574,weak_momentum,BULL_TREND,50.7177646488535,100.0,93.2524,80.0,71.19655074379784,63.33333333333333,0.0,55.20190078299382,0.0,2,2,E_ablate_accel_vr1.2,True,,20230302,8.63,20230306,0.5793742757821407,-1.8539976825028948,20230308,-2.549246813441486,-4.6349942062572485,20230313,3.1286210892236266,-6.488991888760143
600206,600206.SH,有研新材,半导体,20230301,14.08,61.06669466780279,61.06669466780279,0.0,2.01,3.9696,11752.59,3.4293552812071333,weak_momentum,BULL_TREND,50.35977507021019,100.0,100.0,80.0,52.61802008782618,30.0,0.0,67.46683596064894,0.0,3,3,E_ablate_accel_vr1.2,True,,20230302,14.05,20230306,0.782918149466183,-1.992882562277587,20230308,-0.5693950177935947,-1.992882562277587,20230313,1.708185053380773,-1.992882562277587
002761,002761.SZ,浙江建投,建筑工程,20230302,22.32,81.66235102918253,74.77344050598028,6.888910523202262,4.41,6.7853,11913.01,3.9999999999999987,weak_momentum,BULL_TREND,100.0,100.0,100.0,80.0,68.88910523202262,33.33333333333333,0.0,91.8227203634014,0.0,1,1,A_recovered_proxy_vr1.5,True,,20230303,22.09,20230307,-1.5391579900407404,-1.9918515165233242,20230309,-2.4445450430058857,-3.3046627433227727,20230314,-7.107288365776365,-7.424173834314174
002369,002369.SZ,卓翼科技,通信设备,20230302,5.88,74.0001610283151,66.37828198743676,7.621879040878335,2.6,11.7986,8240.79,15.395683453237414,weak_momentum,BULL_TREND,68.92558116268648,71.70263788968822,82.40790000000001,80.0,76.21879040878335,100.0,0.0,81.12591803302466,0.0,2,2,A_recovered_proxy_vr1.5,True,,20230303,5.79,20230307,-4.145077720207258,-4.835924006908465,20230309,-1.7271157167530138,-5.5267702936096725,20230314,-5.872193436960272,-7.081174438687398
600938,600938.SH,中国海油,石油开采,20230302,16.67,66.71395192491232,66.71395192491232,0.0,4.87,6.8742,54228.3,0.8328375966686319,weak_momentum,BULL_TREND,100.0,11.104501288915092,100.0,100.0,68.46053447512944,86.66666666666667,0.0,85.1933217709318,0.0,3,3,A_recovered_proxy_vr1.5,True,,20230303,16.68,20230307,9.172661870503607,-0.7793764988009544,20230309,9.11270983213428,-0.7793764988009544,20230314,7.374100719424459,-0.7793764988009544
002761,002761.SZ,浙江建投,建筑工程,20230302,22.32,74.77344050598028,74.77344050598028,0.0,4.41,6.7853,11913.01,3.9999999999999987,weak_momentum,BULL_TREND,100.0,100.0,100.0,80.0,68.88910523202262,33.33333333333333,0.0,91.8227203634014,0.0,1,1,B_pure_quant_vr1.5,True,,20230303,22.09,20230307,-1.5391579900407404,-1.9918515165233242,20230309,-2.4445450430058857,-3.3046627433227727,20230314,-7.107288365776365,-7.424173834314174
600938,600938.SH,中国海油,石油开采,20230302,16.67,66.71395192491232,66.71395192491232,0.0,4.87,6.8742,54228.3,0.8328375966686319,weak_momentum,BULL_TREND,100.0,11.104501288915092,100.0,100.0,68.46053447512944,86.66666666666667,0.0,85.1933217709318,0.0,2,2,B_pure_quant_vr1.5,True,,20230303,16.68,20230307,9.172661870503607,-0.7793764988009544,20230309,9.11270983213428,-0.7793764988009544,20230314,7.374100719424459,-0.7793764988009544
002369,002369.SZ,卓翼科技,通信设备,20230302,5.88,66.37828198743676,66.37828198743676,0.0,2.6,11.7986,8240.79,15.395683453237414,weak_momentum,BULL_TREND,68.92558116268648,71.70263788968822,82.40790000000001,80.0,76.21879040878335,100.0,0.0,81.12591803302466,0.0,3,3,B_pure_quant_vr1.5,True,,20230303,5.79,20230307,-4.145077720207258,-4.835924006908465,20230309,-1.7271157167530138,-5.5267702936096725,20230314,-5.872193436960272,-7.081174438687398
002761,002761.SZ,浙江建投,建筑工程,20230302,22.32,81.66235102918253,74.77344050598028,6.888910523202262,4.41,6.7853,11913.01,3.9999999999999987,weak_momentum,BULL_TREND,100.0,100.0,100.0,80.0,68.88910523202262,33.33333333333333,0.0,91.8227203634014,0.0,1,1,A_recovered_proxy_vr1.2,True,,20230303,22.09,20230307,-1.5391579900407404,-1.9918515165233242,20230309,-2.4445450430058857,-3.3046627433227727,20230314,-7.107288365776365,-7.424173834314174
002369,002369.SZ,卓翼科技,通信设备,20230302,5.88,72.95589938894992,65.75172500381765,7.204174385132266,2.6,11.7986,8240.79,15.395683453237414,weak_momentum,BULL_TREND,68.92558116268648,71.70263788968822,82.40790000000001,80.0,72.04174385132265,100.0,0.0,81.12591803302466,0.0,2,2,A_recovered_proxy_vr1.2,True,,20230303,5.79,20230307,-4.145077720207258,-4.835924006908465,20230309,-1.7271157167530138,-5.5267702936096725,20230314,-5.872193436960272,-7.081174438687398
600938,600938.SH,中国海油,石油开采,20230302,16.67,66.71395192491232,66.71395192491232,0.0,4.87,6.8742,54228.3,0.8328375966686319,weak_momentum,BULL_TREND,100.0,11.104501288915092,100.0,100.0,68.46053447512944,86.66666666666667,0.0,85.1933217709318,0.0,3,3,A_recovered_proxy_vr1.2,True,,20230303,16.68,20230307,9.172661870503607,-0.7793764988009544,20230309,9.11270983213428,-0.7793764988009544,20230314,7.374100719424459,-0.7793764988009544
002761,002761.SZ,浙江建投,建筑工程,20230302,22.32,74.77344050598028,74.77344050598028,0.0,4.41,6.7853,11913.01,3.9999999999999987,weak_momentum,BULL_TREND,100.0,100.0,100.0,80.0,68.88910523202262,33.33333333333333,0.0,91.8227203634014,0.0,1,1,D_pure_quant_vr1.2,True,,20230303,22.09,20230307,-1.5391579900407404,-1.9918515165233242,20230309,-2.4445450430058857,-3.3046627433227727,20230314,-7.107288365776365,-7.424173834314174
600938,600938.SH,中国海油,石油开采,20230302,16.67,66.71395192491232,66.71395192491232,0.0,4.87,6.8742,54228.3,0.8328375966686319,weak_momentum,BULL_TREND,100.0,11.104501288915092,100.0,100.0,68.46053447512944,86.66666666666667,0.0,85.1933217709318,0.0,2,2,D_pure_quant_vr1.2,True,,20230303,16.68,20230307,9.172661870503607,-0.7793764988009544,20230309,9.11270983213428,-0.7793764988009544,20230314,7.374100719424459,-0.7793764988009544
002369,002369.SZ,卓翼科技,通信设备,20230302,5.88,65.75172500381765,65.75172500381765,0.0,2.6,11.7986,8240.79,15.395683453237414,weak_momentum,BULL_TREND,68.92558116268648,71.70263788968822,82.40790000000001,80.0,72.04174385132265,100.0,0.0,81.12591803302466,0.0,3,3,D_pure_quant_vr1.2,True,,20230303,5.79,20230307,-4.145077720207258,-4.835924006908465,20230309,-1.7271157167530138,-5.5267702936096725,20230314,-5.872193436960272,-7.081174438687398
002761,002761.SZ,浙江建投,建筑工程,20230302,22.32,64.44007472117687,64.44007472117687,0.0,4.41,6.7853,11913.01,3.9999999999999987,weak_momentum,BULL_TREND,100.0,100.0,100.0,80.0,68.88910523202262,33.33333333333333,0.0,91.8227203634014,0.0,1,1,E_ablate_sector_vr1.2,True,,20230303,22.09,20230307,-1.5391579900407404,-1.9918515165233242,20230309,-2.4445450430058857,-3.3046627433227727,20230314,-7.107288365776365,-7.424173834314174
600938,600938.SH,中国海油,石油开采,20230302,16.67,56.444871753642914,56.444871753642914,0.0,4.87,6.8742,54228.3,0.8328375966686319,weak_momentum,BULL_TREND,100.0,11.104501288915092,100.0,100.0,68.46053447512944,86.66666666666667,0.0,85.1933217709318,0.0,2,2,E_ablate_sector_vr1.2,True,,20230303,16.68,20230307,9.172661870503607,-0.7793764988009544,20230309,9.11270983213428,-0.7793764988009544,20230314,7.374100719424459,-0.7793764988009544
002369,002369.SZ,卓翼科技,通信设备,20230302,5.88,54.94546342611926,54.94546342611926,0.0,2.6,11.7986,8240.79,15.395683453237414,weak_momentum,BULL_TREND,68.92558116268648,71.70263788968822,82.40790000000001,80.0,72.04174385132265,100.0,0.0,81.12591803302466,0.0,3,3,E_ablate_sector_vr1.2,True,,20230303,5.79,20230307,-4.145077720207258,-4.835924006908465,20230309,-1.7271157167530138,-5.5267702936096725,20230314,-5.872193436960272,-7.081174438687398
002761,002761.SZ,浙江建投,建筑工程,20230302,22.32,56.77344050598027,56.77344050598027,0.0,4.41,6.7853,11913.01,3.9999999999999987,weak_momentum,BULL_TREND,100.0,100.0,100.0,80.0,68.88910523202262,33.33333333333333,0.0,91.8227203634014,0.0,1,1,E_ablate_inflow_vr1.2,True,,20230303,22.09,20230307,-1.5391579900407404,-1.9918515165233242,20230309,-2.4445450430058857,-3.3046627433227727,20230314,-7.107288365776365,-7.424173834314174
002527,002527.SZ,新时达,电器仪表,20230302,7.39,54.877776290151196,54.877776290151196,0.0,4.98,7.3649,2810.4,6.691919191919195,weak_momentum,BULL_TREND,100.0,100.0,28.104,100.0,50.21062041799664,43.333333333333336,0.0,87.8634437385669,0.0,2,2,E_ablate_inflow_vr1.2,True,,20230303,7.34,20230307,-5.858310626702989,-5.994550408719334,20230309,-4.35967302452317,-6.539509536784738,20230314,-7.220708446866486,-8.038147138964579
002369,002369.SZ,卓翼科技,通信设备,20230302,5.88,50.72296374616255,50.72296374616255,0.0,2.6,11.7986,8240.79,15.395683453237414,weak_momentum,BULL_TREND,68.92558116268648,71.70263788968822,82.40790000000001,80.0,70.73948213362198,100.0,0.0,81.12591803302466,0.0,3,3,E_ablate_inflow_vr1.2,True,,20230303,5.79,20230307,-4.145077720207258,-4.835924006908465,20230309,-1.7271157167530138,-5.5267702936096725,20230314,-5.872193436960272,-7.081174438687398
002761,002761.SZ,浙江建投,建筑工程,20230302,22.32,61.00003245147006,61.00003245147006,0.0,4.41,6.7853,11913.01,3.9999999999999987,weak_momentum,BULL_TREND,100.0,100.0,100.0,80.0,68.88910523202262,33.33333333333333,0.0,91.8227203634014,0.0,1,1,E_ablate_wyckoff_vr1.2,True,,20230303,22.09,20230307,-1.5391579900407404,-1.9918515165233242,20230309,-2.4445450430058857,-3.3046627433227727,20230314,-7.107288365776365,-7.424173834314174
600938,600938.SH,中国海油,石油开采,20230302,16.67,53.93495365927256,53.93495365927256,0.0,4.87,6.8742,54228.3,0.8328375966686319,weak_momentum,BULL_TREND,100.0,11.104501288915092,100.0,100.0,68.46053447512944,86.66666666666667,0.0,85.1933217709318,0.0,2,2,E_ablate_wyckoff_vr1.2,True,,20230303,16.68,20230307,9.172661870503607,-0.7793764988009544,20230309,9.11270983213428,-0.7793764988009544,20230314,7.374100719424459,-0.7793764988009544
002369,002369.SZ,卓翼科技,通信设备,20230302,5.88,53.58283729886396,53.58283729886396,0.0,2.6,11.7986,8240.79,15.395683453237414,weak_momentum,BULL_TREND,68.92558116268648,71.70263788968822,82.40790000000001,80.0,72.04174385132265,100.0,0.0,81.12591803302466,0.0,3,3,E_ablate_wyckoff_vr1.2,True,,20230303,5.79,20230307,-4.145077720207258,-4.835924006908465,20230309,-1.7271157167530138,-5.5267702936096725,20230314,-5.872193436960272,-7.081174438687398
002761,002761.SZ,浙江建投,建筑工程,20230302,22.32,74.77344050598028,74.77344050598028,0.0,4.41,6.7853,11913.01,3.9999999999999987,weak_momentum,BULL_TREND,100.0,100.0,100.0,80.0,68.88910523202262,33.33333333333333,0.0,91.8227203634014,0.0,1,1,E_ablate_accel_vr1.2,True,,20230303,22.09,20230307,-1.5391579900407404,-1.9918515165233242,20230309,-2.4445450430058857,-3.3046627433227727,20230314,-7.107288365776365,-7.424173834314174
600938,600938.SH,中国海油,石油开采,20230302,16.67,66.71395192491232,66.71395192491232,0.0,4.87,6.8742,54228.3,0.8328375966686319,weak_momentum,BULL_TREND,100.0,11.104501288915092,100.0,100.0,68.46053447512944,86.66666666666667,0.0,85.1933217709318,0.0,2,2,E_ablate_accel_vr1.2,True,,20230303,16.68,20230307,9.172661870503607,-0.7793764988009544,20230309,9.11270983213428,-0.7793764988009544,20230314,7.374100719424459,-0.7793764988009544
002369,002369.SZ,卓翼科技,通信设备,20230302,5.88,65.75172500381765,65.75172500381765,0.0,2.6,11.7986,8240.79,15.395683453237414,weak_momentum,BULL_TREND,68.92558116268648,71.70263788968822,82.40790000000001,80.0,72.04174385132265,100.0,0.0,81.12591803302466,0.0,3,3,E_ablate_accel_vr1.2,True,,20230303,5.79,20230307,-4.145077720207258,-4.835924006908465,20230309,-1.7271157167530138,-5.5267702936096725,20230314,-5.872193436960272,-7.081174438687398
000519,000519.SZ,中兵红箭,专用机械,20230303,23.46,77.46864432521689,69.52717831788188,7.941466007335013,2.39,7.8227,57424.02,0.3821656050955408,momentum,BULL_TREND,62.850530910301195,100.0,100.0,100.0,79.41466007335012,33.33333333333333,0.0,75.5,0.0,1,1,A_recovered_proxy_vr1.5,True,,20230306,23.9,20230308,7.112970711297084,-3.849372384937233,20230310,3.5146443514644243,-3.849372384937233,20230315,3.765690376569042,-3.849372384937233
601117,601117.SH,中国化学,建筑工程,20230303,10.19,76.49598883160577,68.64438167836919,7.851607153236589,3.15,3.6678,26339.62,0.8754863813229559,momentum,BULL_TREND,82.7675914306277,100.0,100.0,40.0,78.51607153236588,33.33333333333333,0.0,68.5936199063519,0.0,2,2,A_recovered_proxy_vr1.5,True,,20230306,10.15,20230308,0.5911330049261032,-1.7733990147783207,20230310,-2.5615763546797954,-2.857142857142869,20230315,1.5763546798029493,-3.1527093596059097
601868,601868.SH,中国能建,建筑工程,20230303,2.5,74.05363543327486,66.20202828003828,7.851607153236589,2.34,5.0805,39786.91,0.7936507936507943,momentum,BULL_TREND,61.32542649043399,100.0,100.0,65.0,78.51607153236588,10.0,0.0,75.5,0.0,3,3,A_recovered_proxy_vr1.5,True,,20230306,2.51,20230308,-1.9920318725099584,-3.1872509960159223,20230310,-4.7808764940238895,-4.7808764940238895,20230315,-0.7968127490039723,-4.7808764940238895
000519,000519.SZ,中兵红箭,专用机械,20230303,23.46,69.52717831788188,69.52717831788188,0.0,2.39,7.8227,57424.02,0.3821656050955408,momentum,BULL_TREND,62.850530910301195,100.0,100.0,100.0,79.41466007335012,33.33333333333333,0.0,75.5,0.0,1,1,B_pure_quant_vr1.5,True,,20230306,23.9,20230308,7.112970711297084,-3.849372384937233,20230310,3.5146443514644243,-3.849372384937233,20230315,3.765690376569042,-3.849372384937233
600155,600155.SH,华创云信,证券,20230303,7.49,68.64579443192733,68.64579443192733,0.0,5.98,4.425,11675.7,3.8510911424903695,momentum,BULL_TREND,100.0,94.89345314505778,100.0,80.0,47.819614507052236,33.33333333333333,0.0,89.25859549344436,0.0,2,2,B_pure_quant_vr1.5,True,,20230306,7.5,20230308,-4.133333333333333,-5.333333333333334,20230310,-6.133333333333335,-6.533333333333335,20230315,-7.466666666666666,-8.933333333333337
601117,601117.SH,中国化学,建筑工程,20230303,10.19,68.64438167836919,68.64438167836919,0.0,3.15,3.6678,26339.62,0.8754863813229559,momentum,BULL_TREND,82.7675914306277,100.0,100.0,40.0,78.51607153236588,33.33333333333333,0.0,68.5936199063519,0.0,3,3,B_pure_quant_vr1.5,True,,20230306,10.15,20230308,0.5911330049261032,-1.7733990147783207,20230310,-2.5615763546797954,-2.857142857142869,20230315,1.5763546798029493,-3.1527093596059097
000519,000519.SZ,中兵红箭,专用机械,20230303,23.46,76.93353929360191,69.17044163013855,7.763097663463353,2.39,7.8227,57424.02,0.3821656050955408,momentum,BULL_TREND,62.850530910301195,100.0,100.0,100.0,77.63097663463353,33.33333333333333,0.0,75.5,0.0,1,1,A_recovered_proxy_vr1.2,True,,20230306,23.9,20230308,7.112970711297084,-3.849372384937233,20230310,3.5146443514644243,-3.849372384937233,20230315,3.765690376569042,-3.849372384937233
601117,601117.SH,中国化学,建筑工程,20230303,10.19,76.568383383366,68.692644712876,7.875738670489993,3.15,3.6678,26339.62,0.8754863813229559,momentum,BULL_TREND,82.7675914306277,100.0,100.0,40.0,78.75738670489993,33.33333333333333,0.0,68.5936199063519,0.0,2,2,A_recovered_proxy_vr1.2,True,,20230306,10.15,20230308,0.5911330049261032,-1.7733990147783207,20230310,-2.5615763546797954,-2.857142857142869,20230315,1.5763546798029493,-3.1527093596059097
601868,601868.SH,中国能建,建筑工程,20230303,2.5,74.12602998503507,66.25029131454508,7.875738670489993,2.34,5.0805,39786.91,0.7936507936507943,momentum,BULL_TREND,61.32542649043399,100.0,100.0,65.0,78.75738670489993,10.0,0.0,75.5,0.0,3,3,A_recovered_proxy_vr1.2,True,,20230306,2.51,20230308,-1.9920318725099584,-3.1872509960159223,20230310,-4.7808764940238895,-4.7808764940238895,20230315,-0.7968127490039723,-4.7808764940238895
000519,000519.SZ,中兵红箭,专用机械,20230303,23.46,69.17044163013855,69.17044163013855,0.0,2.39,7.8227,57424.02,0.3821656050955408,momentum,BULL_TREND,62.850530910301195,100.0,100.0,100.0,77.63097663463353,33.33333333333333,0.0,75.5,0.0,1,1,D_pure_quant_vr1.2,True,,20230306,23.9,20230308,7.112970711297084,-3.849372384937233,20230310,3.5146443514644243,-3.849372384937233,20230315,3.765690376569042,-3.849372384937233
601117,601117.SH,中国化学,建筑工程,20230303,10.19,68.692644712876,68.692644712876,0.0,3.15,3.6678,26339.62,0.8754863813229559,momentum,BULL_TREND,82.7675914306277,100.0,100.0,40.0,78.75738670489993,33.33333333333333,0.0,68.5936199063519,0.0,2,2,D_pure_quant_vr1.2,True,,20230306,10.15,20230308,0.5911330049261032,-1.7733990147783207,20230310,-2.5615763546797954,-2.857142857142869,20230315,1.5763546798029493,-3.1527093596059097
600155,600155.SH,华创云信,证券,20230303,7.49,68.57833858119672,68.57833858119672,0.0,5.98,4.425,11675.7,3.8510911424903695,momentum,BULL_TREND,100.0,94.89345314505778,100.0,80.0,47.48233525339917,33.33333333333333,0.0,89.25859549344436,0.0,3,3,D_pure_quant_vr1.2,True,,20230306,7.5,20230308,-4.133333333333333,-5.333333333333334,20230310,-6.133333333333335,-6.533333333333335,20230315,-7.466666666666666,-8.933333333333337
600155,600155.SH,华创云信,证券,20230303,7.49,59.08187153051688,59.08187153051688,0.0,5.98,4.425,11675.7,3.8510911424903695,momentum,BULL_TREND,100.0,94.89345314505778,100.0,80.0,47.48233525339917,33.33333333333333,0.0,89.25859549344436,0.0,1,1,E_ablate_sector_vr1.2,True,,20230306,7.5,20230308,-4.133333333333333,-5.333333333333334,20230310,-6.133333333333335,-6.533333333333335,20230315,-7.466666666666666,-8.933333333333337
600938,600938.SH,中国海油,石油开采,20230303,17.18,56.90271861132519,56.90271861132519,0.0,3.28,7.9747,49090.2,0.9227220299884669,momentum,BULL_TREND,85.68479074216795,100.0,100.0,100.0,53.421056997522754,30.0,0.0,75.5,0.0,2,2,E_ablate_sector_vr1.2,True,,20230306,17.32,20230308,4.618937644341803,-1.616628175519641,20230310,1.3279445727482742,-1.616628175519641,20230315,3.175519630484991,-1.616628175519641
002469,002469.SZ,三维化学,化工原料,20230303,6.86,55.89716646833516,55.89716646833516,0.0,6.17,8.7886,7831.28,1.1527377521613842,momentum,BULL_TREND,100.0,100.0,78.3128,65.0,41.79630251744902,63.33333333333333,0.0,88.1793980166849,0.0,3,3,E_ablate_sector_vr1.2,True,,20230306,6.85,20230308,-3.065693430656935,-4.379562043795615,20230310,-6.86131386861314,-6.86131386861314,20230315,-7.44525547445255,-10.510948905109485
002062,002062.SZ,宏润建设,建筑工程,20230303,5.97,52.64196006828213,52.64196006828213,0.0,3.25,4.6724,3353.03,4.936305732484084,momentum,BULL_TREND,85.02198590705461,88.3821656050955,33.530300000000004,65.0,78.75738670489993,43.333333333333336,0.0,98.82301614067738,0.0,1,1,E_ablate_inflow_vr1.2,True,,20230306,6.0,20230308,-1.3333333333333308,-2.166666666666661,20230310,-6.833333333333336,-6.833333333333336,20230315,-5.500000000000005,-10.166666666666668
000519,000519.SZ,中兵红箭,专用机械,20230303,23.46,49.170441630138555,49.170441630138555,0.0,2.39,7.8227,57424.02,0.3821656050955408,momentum,BULL_TREND,62.850530910301195,100.0,100.0,100.0,77.63097663463353,33.33333333333333,0.0,75.5,0.0,2,2,E_ablate_inflow_vr1.2,True,,20230306,23.9,20230308,7.112970711297084,-3.849372384937233,20230310,3.5146443514644243,-3.849372384937233,20230315,3.765690376569042,-3.849372384937233
601117,601117.SH,中国化学,建筑工程,20230303,10.19,48.692644712875996,48.692644712875996,0.0,3.15,3.6678,26339.62,0.8754863813229559,momentum,BULL_TREND,82.7675914306277,100.0,100.0,40.0,78.75738670489993,33.33333333333333,0.0,68.5936199063519,0.0,3,3,E_ablate_inflow_vr1.2,True,,20230306,10.15,20230308,0.5911330049261032,-1.7733990147783207,20230310,-2.5615763546797954,-2.857142857142869,20230315,1.5763546798029493,-3.1527093596059097
601117,601117.SH,中国化学,建筑工程,20230303,10.19,61.83328272224081,61.83328272224081,0.0,3.15,3.6678,26339.62,0.8754863813229559,momentum,BULL_TREND,82.7675914306277,100.0,100.0,40.0,78.75738670489993,33.33333333333333,0.0,68.5936199063519,0.0,1,1,E_ablate_wyckoff_vr1.2,True,,20230306,10.15,20230308,0.5911330049261032,-1.7733990147783207,20230310,-2.5615763546797954,-2.857142857142869,20230315,1.5763546798029493,-3.1527093596059097
000519,000519.SZ,中兵红箭,专用机械,20230303,23.46,61.62044163013855,61.62044163013855,0.0,2.39,7.8227,57424.02,0.3821656050955408,momentum,BULL_TREND,62.850530910301195,100.0,100.0,100.0,77.63097663463353,33.33333333333333,0.0,75.5,0.0,2,2,E_ablate_wyckoff_vr1.2,True,,20230306,23.9,20230308,7.112970711297084,-3.849372384937233,20230310,3.5146443514644243,-3.849372384937233,20230315,3.765690376569042,-3.849372384937233
600938,600938.SH,中国海油,石油开采,20230303,17.18,60.03693001082974,60.03693001082974,0.0,3.28,7.9747,49090.2,0.9227220299884669,momentum,BULL_TREND,85.68479074216795,100.0,100.0,100.0,53.421056997522754,30.0,0.0,75.5,0.0,3,3,E_ablate_wyckoff_vr1.2,True,,20230306,17.32,20230308,4.618937644341803,-1.616628175519641,20230310,1.3279445727482742,-1.616628175519641,20230315,3.175519630484991,-1.616628175519641
000519,000519.SZ,中兵红箭,专用机械,20230303,23.46,69.17044163013855,69.17044163013855,0.0,2.39,7.8227,57424.02,0.3821656050955408,momentum,BULL_TREND,62.850530910301195,100.0,100.0,100.0,77.63097663463353,33.33333333333333,0.0,75.5,0.0,1,1,E_ablate_accel_vr1.2,True,,20230306,23.9,20230308,7.112970711297084,-3.849372384937233,20230310,3.5146443514644243,-3.849372384937233,20230315,3.765690376569042,-3.849372384937233
601117,601117.SH,中国化学,建筑工程,20230303,10.19,68.692644712876,68.692644712876,0.0,3.15,3.6678,26339.62,0.8754863813229559,momentum,BULL_TREND,82.7675914306277,100.0,100.0,40.0,78.75738670489993,33.33333333333333,0.0,68.5936199063519,0.0,2,2,E_ablate_accel_vr1.2,True,,20230306,10.15,20230308,0.5911330049261032,-1.7733990147783207,20230310,-2.5615763546797954,-2.857142857142869,20230315,1.5763546798029493,-3.1527093596059097
600155,600155.SH,华创云信,证券,20230303,7.49,68.57833858119672,68.57833858119672,0.0,5.98,4.425,11675.7,3.8510911424903695,momentum,BULL_TREND,100.0,94.89345314505778,100.0,80.0,47.48233525339917,33.33333333333333,0.0,89.25859549344436,0.0,3,3,E_ablate_accel_vr1.2,True,,20230306,7.5,20230308,-4.133333333333333,-5.333333333333334,20230310,-6.133333333333335,-6.533333333333335,20230315,-7.466666666666666,-8.933333333333337
603185,603185.SH,弘元绿能,电气设备,20230306,117.89,82.72683330260068,74.93264212563327,7.794191176967413,3.15,3.2949,20930.82,2.562195222745677,weak_momentum,BULL_TREND,82.7675914306277,86.8658566823703,100.0,65.0,77.94191176967412,86.66666666666667,0.0,98.79320340246815,0.0,1,1,A_recovered_proxy_vr1.5,True,,20230307,117.3,20230309,-4.4160272804773975,-4.7911338448422764,20230313,-5.814151747655583,-6.223358908780896,20230316,-14.32225063938619,-14.32225063938619
000837,000837.SZ,秦川机床,机床制造,20230306,10.99,78.20154535779618,72.41239424838716,5.789151109409021,3.17,7.6887,17434.37,4.7660311958405455,weak_momentum,BULL_TREND,83.22414201823413,100.0,100.0,100.0,57.891511094090205,66.66666666666666,0.0,86.07808632136782,0.0,2,2,A_recovered_proxy_vr1.5,True,,20230307,10.92,20230309,-4.212454212454208,-5.128205128205132,20230313,-5.219780219780223,-7.14285714285714,20230316,-3.1135531135531136,-7.14285714285714
601700,601700.SH,风范股份,电气设备,20230306,5.77,72.09969036438086,64.30549918741345,7.794191176967413,4.49,4.0504,2927.32,3.8333333333333406,weak_momentum,BULL_TREND,100.0,100.0,29.273200000000003,65.0,77.94191176967412,66.66666666666666,0.0,91.74468725752666,0.0,3,3,A_recovered_proxy_vr1.5,True,,20230307,5.69,20230309,-0.702987697715296,-1.405975395430581,20230313,-4.0421792618629215,-4.920913884007039,20230316,-5.448154657293502,-6.854130052724083
603185,603185.SH,弘元绿能,电气设备,20230306,117.89,74.93264212563327,74.93264212563327,0.0,3.15,3.2949,20930.82,2.562195222745677,weak_momentum,BULL_TREND,82.7675914306277,86.8658566823703,100.0,65.0,77.94191176967412,86.66666666666667,0.0,98.79320340246815,0.0,1,1,B_pure_quant_vr1.5,True,,20230307,117.3,20230309,-4.4160272804773975,-4.7911338448422764,20230313,-5.814151747655583,-6.223358908780896,20230316,-14.32225063938619,-14.32225063938619
000837,000837.SZ,秦川机床,机床制造,20230306,10.99,72.41239424838716,72.41239424838716,0.0,3.17,7.6887,17434.37,4.7660311958405455,weak_momentum,BULL_TREND,83.22414201823413,100.0,100.0,100.0,57.891511094090205,66.66666666666666,0.0,86.07808632136782,0.0,2,2,B_pure_quant_vr1.5,True,,20230307,10.92,20230309,-4.212454212454208,-5.128205128205132,20230313,-5.219780219780223,-7.14285714285714,20230316,-3.1135531135531136,-7.14285714285714
601700,601700.SH,风范股份,电气设备,20230306,5.77,64.30549918741345,64.30549918741345,0.0,4.49,4.0504,2927.32,3.8333333333333406,weak_momentum,BULL_TREND,100.0,100.0,29.273200000000003,65.0,77.94191176967412,66.66666666666666,0.0,91.74468725752666,0.0,3,3,B_pure_quant_vr1.5,True,,20230307,5.69,20230309,-0.702987697715296,-1.405975395430581,20230313,-4.0421792618629215,-4.920913884007039,20230316,-5.448154657293502,-6.854130052724083
603185,603185.SH,弘元绿能,电气设备,20230306,117.89,82.8425133795896,75.00205017182662,7.840463207762987,3.15,3.2949,20930.82,2.562195222745677,weak_momentum,BULL_TREND,82.7675914306277,86.8658566823703,100.0,65.0,78.40463207762987,86.66666666666667,0.0,98.79320340246815,0.0,1,1,A_recovered_proxy_vr1.2,True,,20230307,117.3,20230309,-4.4160272804773975,-4.7911338448422764,20230313,-5.814151747655583,-6.223358908780896,20230316,-14.32225063938619,-14.32225063938619
000837,000837.SZ,秦川机床,机床制造,20230306,10.99,78.09110536189397,72.34613025084583,5.7449751110481415,3.17,7.6887,17434.37,4.7660311958405455,weak_momentum,BULL_TREND,83.22414201823413,100.0,100.0,100.0,57.44975111048141,66.66666666666666,0.0,86.07808632136782,0.0,2,2,A_recovered_proxy_vr1.2,True,,20230307,10.92,20230309,-4.212454212454208,-5.128205128205132,20230313,-5.219780219780223,-7.14285714285714,20230316,-3.1135531135531136,-7.14285714285714
601700,601700.SH,风范股份,电气设备,20230306,5.77,72.2153704413698,64.37490723360682,7.840463207762987,4.49,4.0504,2927.32,3.8333333333333406,weak_momentum,BULL_TREND,100.0,100.0,29.273200000000003,65.0,78.40463207762987,66.66666666666666,0.0,91.74468725752666,0.0,3,3,A_recovered_proxy_vr1.2,True,,20230307,5.69,20230309,-0.702987697715296,-1.405975395430581,20230313,-4.0421792618629215,-4.920913884007039,20230316,-5.448154657293502,-6.854130052724083
603185,603185.SH,弘元绿能,电气设备,20230306,117.89,75.00205017182662,75.00205017182662,0.0,3.15,3.2949,20930.82,2.562195222745677,weak_momentum,BULL_TREND,82.7675914306277,86.8658566823703,100.0,65.0,78.40463207762987,86.66666666666667,0.0,98.79320340246815,0.0,1,1,D_pure_quant_vr1.2,True,,20230307,117.3,20230309,-4.4160272804773975,-4.7911338448422764,20230313,-5.814151747655583,-6.223358908780896,20230316,-14.32225063938619,-14.32225063938619
000837,000837.SZ,秦川机床,机床制造,20230306,10.99,72.34613025084583,72.34613025084583,0.0,3.17,7.6887,17434.37,4.7660311958405455,weak_momentum,BULL_TREND,83.22414201823413,100.0,100.0,100.0,57.44975111048141,66.66666666666666,0.0,86.07808632136782,0.0,2,2,D_pure_quant_vr1.2,True,,20230307,10.92,20230309,-4.212454212454208,-5.128205128205132,20230313,-5.219780219780223,-7.14285714285714,20230316,-3.1135531135531136,-7.14285714285714
601700,601700.SH,风范股份,电气设备,20230306,5.77,64.37490723360682,64.37490723360682,0.0,4.49,4.0504,2927.32,3.8333333333333406,weak_momentum,BULL_TREND,100.0,100.0,29.273200000000003,65.0,78.40463207762987,66.66666666666666,0.0,91.74468725752666,0.0,3,3,D_pure_quant_vr1.2,True,,20230307,5.69,20230309,-0.702987697715296,-1.405975395430581,20230313,-4.0421792618629215,-4.920913884007039,20230316,-5.448154657293502,-6.854130052724083
000837,000837.SZ,秦川机床,机床制造,20230306,10.99,63.72866758427362,63.72866758427362,0.0,3.17,7.6887,17434.37,4.7660311958405455,weak_momentum,BULL_TREND,83.22414201823413,100.0,100.0,100.0,57.44975111048141,66.66666666666666,0.0,86.07808632136782,0.0,1,1,E_ablate_sector_vr1.2,True,,20230307,10.92,20230309,-4.212454212454208,-5.128205128205132,20230313,-5.219780219780223,-7.14285714285714,20230316,-3.1135531135531136,-7.14285714285714
603185,603185.SH,弘元绿能,电气设备,20230306,117.89,63.24135536018215,63.24135536018215,0.0,3.15,3.2949,20930.82,2.562195222745677,weak_momentum,BULL_TREND,82.7675914306277,86.8658566823703,100.0,65.0,78.40463207762987,86.66666666666667,0.0,98.79320340246815,0.0,2,2,E_ablate_sector_vr1.2,True,,20230307,117.3,20230309,-4.4160272804773975,-4.7911338448422764,20230313,-5.814151747655583,-6.223358908780896,20230316,-14.32225063938619,-14.32225063938619
600354,600354.SH,敦煌种业,种植业,20230306,8.16,58.5517468770853,58.5517468770853,0.0,3.57,11.6005,10361.58,8.520179372197308,weak_momentum,BULL_TREND,91.79620371271875,100.0,100.0,60.0,36.81160546241664,66.66666666666666,0.0,56.3265532456277,0.0,3,3,E_ablate_sector_vr1.2,True,,20230307,8.15,20230309,-8.95705521472393,-9.202453987730063,20230313,-7.6073619631901845,-10.184049079754597,20230316,-6.380368098159517,-10.184049079754597
601700,601700.SH,风范股份,电气设备,20230306,5.77,59.10573123360681,59.10573123360681,0.0,4.49,4.0504,2927.32,3.8333333333333406,weak_momentum,BULL_TREND,100.0,100.0,29.273200000000003,65.0,78.40463207762987,66.66666666666666,0.0,91.74468725752666,0.0,1,1,E_ablate_inflow_vr1.2,True,,20230307,5.69,20230309,-0.702987697715296,-1.405975395430581,20230313,-4.0421792618629215,-4.920913884007039,20230316,-5.448154657293502,-6.854130052724083
603185,603185.SH,弘元绿能,电气设备,20230306,117.89,57.002050171826625,57.002050171826625,0.0,3.15,3.2949,20930.82,2.562195222745677,weak_momentum,BULL_TREND,82.7675914306277,86.8658566823703,100.0,65.0,78.40463207762987,86.66666666666667,0.0,98.79320340246815,0.0,2,2,E_ablate_inflow_vr1.2,True,,20230307,117.3,20230309,-4.4160272804773975,-4.7911338448422764,20230313,-5.814151747655583,-6.223358908780896,20230316,-14.32225063938619,-14.32225063938619
000837,000837.SZ,秦川机床,机床制造,20230306,10.99,54.34613025084584,54.34613025084584,0.0,3.17,7.6887,17434.37,4.7660311958405455,weak_momentum,BULL_TREND,83.22414201823413,100.0,100.0,100.0,57.44975111048141,66.66666666666666,0.0,86.07808632136782,0.0,3,3,E_ablate_inflow_vr1.2,True,,20230307,10.92,20230309,-4.212454212454208,-5.128205128205132,20230313,-5.219780219780223,-7.14285714285714,20230316,-3.1135531135531136,-7.14285714285714
603185,603185.SH,弘元绿能,电气设备,20230306,117.89,60.18306966145641,60.18306966145641,0.0,3.15,3.2949,20930.82,2.562195222745677,weak_momentum,BULL_TREND,82.7675914306277,86.8658566823703,100.0,65.0,78.40463207762987,86.66666666666667,0.0,98.79320340246815,0.0,1,1,E_ablate_wyckoff_vr1.2,True,,20230307,117.3,20230309,-4.4160272804773975,-4.7911338448422764,20230313,-5.814151747655583,-6.223358908780896,20230316,-14.32225063938619,-14.32225063938619
000837,000837.SZ,秦川机床,机床制造,20230306,10.99,59.43441730264066,59.43441730264066,0.0,3.17,7.6887,17434.37,4.7660311958405455,weak_momentum,BULL_TREND,83.22414201823413,100.0,100.0,100.0,57.44975111048141,66.66666666666666,0.0,86.07808632136782,0.0,2,2,E_ablate_wyckoff_vr1.2,True,,20230307,10.92,20230309,-4.212454212454208,-5.128205128205132,20230313,-5.219780219780223,-7.14285714285714,20230316,-3.1135531135531136,-7.14285714285714
600354,600354.SH,敦煌种业,种植业,20230306,8.16,55.62450470960364,55.62450470960364,0.0,3.57,11.6005,10361.58,8.520179372197308,weak_momentum,BULL_TREND,91.79620371271875,100.0,100.0,60.0,36.81160546241664,66.66666666666666,0.0,56.3265532456277,0.0,3,3,E_ablate_wyckoff_vr1.2,True,,20230307,8.15,20230309,-8.95705521472393,-9.202453987730063,20230313,-7.6073619631901845,-10.184049079754597,20230316,-6.380368098159517,-10.184049079754597
603185,603185.SH,弘元绿能,电气设备,20230306,117.89,75.00205017182662,75.00205017182662,0.0,3.15,3.2949,20930.82,2.562195222745677,weak_momentum,BULL_TREND,82.7675914306277,86.8658566823703,100.0,65.0,78.40463207762987,86.66666666666667,0.0,98.79320340246815,0.0,1,1,E_ablate_accel_vr1.2,True,,20230307,117.3,20230309,-4.4160272804773975,-4.7911338448422764,20230313,-5.814151747655583,-6.223358908780896,20230316,-14.32225063938619,-14.32225063938619
000837,000837.SZ,秦川机床,机床制造,20230306,10.99,72.34613025084583,72.34613025084583,0.0,3.17,7.6887,17434.37,4.7660311958405455,weak_momentum,BULL_TREND,83.22414201823413,100.0,100.0,100.0,57.44975111048141,66.66666666666666,0.0,86.07808632136782,0.0,2,2,E_ablate_accel_vr1.2,True,,20230307,10.92,20230309,-4.212454212454208,-5.128205128205132,20230313,-5.219780219780223,-7.14285714285714,20230316,-3.1135531135531136,-7.14285714285714
601700,601700.SH,风范股份,电气设备,20230306,5.77,64.37490723360682,64.37490723360682,0.0,4.49,4.0504,2927.32,3.8333333333333406,weak_momentum,BULL_TREND,100.0,100.0,29.273200000000003,65.0,78.40463207762987,66.66666666666666,0.0,91.74468725752666,0.0,3,3,E_ablate_accel_vr1.2,True,,20230307,5.69,20230309,-0.702987697715296,-1.405975395430581,20230313,-4.0421792618629215,-4.920913884007039,20230316,-5.448154657293502,-6.854130052724083
600777,600777.SH,新潮能源,石油开采,20230307,2.57,73.2549318966575,66.3089560584582,6.945975838199307,2.76,5.2915,22908.31,4.814814814814827,sideways,BULL_TREND,73.23341335017221,48.14814814814827,100.0,100.0,69.45975838199307,66.66666666666666,77.08999999999999,79.50012865162827,0.0,1,1,A_recovered_proxy_vr1.5,True,,20230308,2.55,20230310,-3.137254901960773,-3.529411764705881,20230314,-4.70588235294116,-5.882352941176472,20230317,-4.313725490196074,-6.274509803921557
002640,002640.SZ,跨境通,互联网,20230307,4.82,72.45299147871559,72.45299147871559,0.0,3.24,8.3168,7711.38,9.737827715355797,sideways,BULL_TREND,84.79969065549501,100.0,77.1138,60.0,46.859316598267476,43.333333333333336,89.112,79.78732815083254,0.0,2,2,A_recovered_proxy_vr1.5,True,,20230308,4.76,20230310,-1.6806722689075682,-1.8907563025210017,20230314,-0.6302521008403228,-4.831932773109237,20230317,-2.941176470588225,-4.831932773109237
603619,603619.SH,中曼石油,石油开采,20230307,19.81,64.36188886772365,57.41591302952435,6.945975838199307,3.63,5.0339,3534.39,1.6873449131513643,sideways,BULL_TREND,92.9984774110513,16.87344913151364,35.3439,100.0,69.45975838199307,43.333333333333336,100.0,89.30992305162032,0.0,3,3,A_recovered_proxy_vr1.5,True,,20230308,19.37,20230310,-7.640681466184828,-7.640681466184828,20230314,-12.132163138874553,-12.338668043366031,20230317,-11.615900877645846,-13.474445018069181
002640,002640.SZ,跨境通,互联网,20230307,4.82,72.45299147871559,72.45299147871559,0.0,3.24,8.3168,7711.38,9.737827715355797,sideways,BULL_TREND,84.79969065549501,100.0,77.1138,60.0,46.859316598267476,43.333333333333336,89.112,79.78732815083254,0.0,1,1,B_pure_quant_vr1.5,True,,20230308,4.76,20230310,-1.6806722689075682,-1.8907563025210017,20230314,-0.6302521008403228,-4.831932773109237,20230317,-2.941176470588225,-4.831932773109237
600777,600777.SH,新潮能源,石油开采,20230307,2.57,66.3089560584582,66.3089560584582,0.0,2.76,5.2915,22908.31,4.814814814814827,sideways,BULL_TREND,73.23341335017221,48.14814814814827,100.0,100.0,69.45975838199307,66.66666666666666,77.08999999999999,79.50012865162827,0.0,2,2,B_pure_quant_vr1.5,True,,20230308,2.55,20230310,-3.137254901960773,-3.529411764705881,20230314,-4.70588235294116,-5.882352941176472,20230317,-4.313725490196074,-6.274509803921557
603619,603619.SH,中曼石油,石油开采,20230307,19.81,57.41591302952435,57.41591302952435,0.0,3.63,5.0339,3534.39,1.6873449131513643,sideways,BULL_TREND,92.9984774110513,16.87344913151364,35.3439,100.0,69.45975838199307,43.333333333333336,100.0,89.30992305162032,0.0,3,3,B_pure_quant_vr1.5,True,,20230308,19.37,20230310,-7.640681466184828,-7.640681466184828,20230314,-12.132163138874553,-12.338668043366031,20230317,-11.615900877645846,-13.474445018069181
002640,002640.SZ,跨境通,互联网,20230307,4.82,72.1715282079343,72.1715282079343,0.0,3.24,8.3168,7711.38,9.737827715355797,sideways,BULL_TREND,84.79969065549501,100.0,77.1138,60.0,44.982894793058904,43.333333333333336,89.112,79.78732815083254,0.0,1,1,A_recovered_proxy_vr1.2,True,,20230308,4.76,20230310,-1.6806722689075682,-1.8907563025210017,20230314,-0.6302521008403228,-4.831932773109237,20230317,-2.941176470588225,-4.831932773109237
600777,600777.SH,新潮能源,石油开采,20230307,2.57,65.34380470678205,65.34380470678205,0.0,2.76,5.2915,22908.31,4.814814814814827,sideways,BULL_TREND,73.23341335017221,48.14814814814827,100.0,100.0,63.0254160374855,66.66666666666666,77.08999999999999,79.50012865162827,0.0,2,2,A_recovered_proxy_vr1.2,True,,20230308,2.55,20230310,-3.137254901960773,-3.529411764705881,20230314,-4.70588235294116,-5.882352941176472,20230317,-4.313725490196074,-6.274509803921557
002927,002927.SZ,泰永长征,电气设备,20230307,14.65,64.85286724077261,57.69882094369328,7.154046297079337,1.78,6.8225,2258.09,7.7455919395466015,sideways,BULL_TREND,41.59386205958365,95.75986565911003,22.5809,80.0,71.54046297079337,63.33333333333333,86.866,58.06313944412496,0.0,3,3,A_recovered_proxy_vr1.2,True,,20230308,15.09,20230310,-9.343936381709739,-9.476474486414844,20230314,-13.651424784625588,-15.63949635520212,20230317,-14.645460569913848,-15.63949635520212
002640,002640.SZ,跨境通,互联网,20230307,4.82,72.1715282079343,72.1715282079343,0.0,3.24,8.3168,7711.38,9.737827715355797,sideways,BULL_TREND,84.79969065549501,100.0,77.1138,60.0,44.982894793058904,43.333333333333336,89.112,79.78732815083254,0.0,1,1,D_pure_quant_vr1.2,True,,20230308,4.76,20230310,-1.6806722689075682,-1.8907563025210017,20230314,-0.6302521008403228,-4.831932773109237,20230317,-2.941176470588225,-4.831932773109237
600777,600777.SH,新潮能源,石油开采,20230307,2.57,65.34380470678205,65.34380470678205,0.0,2.76,5.2915,22908.31,4.814814814814827,sideways,BULL_TREND,73.23341335017221,48.14814814814827,100.0,100.0,63.0254160374855,66.66666666666666,77.08999999999999,79.50012865162827,0.0,2,2,D_pure_quant_vr1.2,True,,20230308,2.55,20230310,-3.137254901960773,-3.529411764705881,20230314,-4.70588235294116,-5.882352941176472,20230317,-4.313725490196074,-6.274509803921557
002927,002927.SZ,泰永长征,电气设备,20230307,14.65,57.69882094369328,57.69882094369328,0.0,1.78,6.8225,2258.09,7.7455919395466015,sideways,BULL_TREND,41.59386205958365,95.75986565911003,22.5809,80.0,71.54046297079337,63.33333333333333,86.866,58.06313944412496,0.0,3,3,D_pure_quant_vr1.2,True,,20230308,15.09,20230310,-9.343936381709739,-9.476474486414844,20230314,-13.651424784625588,-15.63949635520212,20230317,-14.645460569913848,-15.63949635520212
002640,002640.SZ,跨境通,互联网,20230307,4.82,65.42409398897547,65.42409398897547,0.0,3.24,8.3168,7711.38,9.737827715355797,sideways,BULL_TREND,84.79969065549501,100.0,77.1138,60.0,44.982894793058904,43.333333333333336,89.112,79.78732815083254,0.0,1,1,E_ablate_sector_vr1.2,True,,20230308,4.76,20230310,-1.6806722689075682,-1.8907563025210017,20230314,-0.6302521008403228,-4.831932773109237,20230317,-2.941176470588225,-4.831932773109237
600777,600777.SH,新潮能源,石油开采,20230307,2.57,55.88999230115923,55.88999230115923,0.0,2.76,5.2915,22908.31,4.814814814814827,sideways,BULL_TREND,73.23341335017221,48.14814814814827,100.0,100.0,63.0254160374855,66.66666666666666,77.08999999999999,79.50012865162827,0.0,2,2,E_ablate_sector_vr1.2,True,,20230308,2.55,20230310,-3.137254901960773,-3.529411764705881,20230314,-4.70588235294116,-5.882352941176472,20230317,-4.313725490196074,-6.274509803921557
000815,000815.SZ,美利云,通信设备,20230307,15.3,48.72384501366808,48.72384501366808,0.0,1.29,8.3184,14951.54,12.018401380103507,sideways,BULL_TREND,18.368553282426472,100.0,100.0,60.0,48.33584082596619,10.0,85.734,45.922860762785504,0.0,3,3,E_ablate_sector_vr1.2,True,,20230308,15.62,20230310,-6.7221510883482605,-6.8501920614596585,20230314,-5.761843790012799,-8.066581306017929,20230317,-6.209987195902677,-8.066581306017929
002640,002640.SZ,跨境通,互联网,20230307,4.82,62.92455121368636,62.92455121368636,0.0,3.24,8.3168,7711.38,9.737827715355797,sideways,BULL_TREND,84.79969065549501,100.0,77.1138,60.0,45.02742149807257,43.333333333333336,89.112,79.78732815083254,0.0,1,1,E_ablate_inflow_vr1.2,True,,20230308,4.76,20230310,-1.6806722689075682,-1.8907563025210017,20230314,-0.6302521008403228,-4.831932773109237,20230317,-2.941176470588225,-4.831932773109237
002927,002927.SZ,泰永长征,电气设备,20230307,14.65,54.45443498811787,54.45443498811787,0.0,1.78,6.8225,2258.09,7.7455919395466015,sideways,BULL_TREND,41.59386205958365,95.75986565911003,22.5809,80.0,67.97594326695733,63.33333333333333,86.866,58.06313944412496,0.0,2,2,E_ablate_inflow_vr1.2,True,,20230308,15.09,20230310,-9.343936381709739,-9.476474486414844,20230314,-13.651424784625588,-15.63949635520212,20230317,-14.645460569913848,-15.63949635520212
600777,600777.SH,新潮能源,石油开采,20230307,2.57,53.36670734488312,53.36670734488312,0.0,2.76,5.2915,22908.31,4.814814814814827,sideways,BULL_TREND,73.23341335017221,48.14814814814827,100.0,100.0,63.178100291492555,66.66666666666666,77.08999999999999,79.50012865162827,0.0,3,3,E_ablate_inflow_vr1.2,True,,20230308,2.55,20230310,-3.137254901960773,-3.529411764705881,20230314,-4.70588235294116,-5.882352941176472,20230317,-4.313725490196074,-6.274509803921557
002640,002640.SZ,跨境通,互联网,20230307,4.82,62.59704882983441,62.59704882983441,0.0,3.24,8.3168,7711.38,9.737827715355797,sideways,BULL_TREND,84.79969065549501,100.0,77.1138,60.0,44.982894793058904,43.333333333333336,89.112,79.78732815083254,0.0,1,1,E_ablate_wyckoff_vr1.2,True,,20230308,4.76,20230310,-1.6806722689075682,-1.8907563025210017,20230314,-0.6302521008403228,-4.831932773109237,20230317,-2.941176470588225,-4.831932773109237
600777,600777.SH,新潮能源,石油开采,20230307,2.57,55.80378926858666,55.80378926858666,0.0,2.76,5.2915,22908.31,4.814814814814827,sideways,BULL_TREND,73.23341335017221,48.14814814814827,100.0,100.0,63.0254160374855,66.66666666666666,77.08999999999999,79.50012865162827,0.0,2,2,E_ablate_wyckoff_vr1.2,True,,20230308,2.55,20230310,-3.137254901960773,-3.529411764705881,20230314,-4.70588235294116,-5.882352941176472,20230317,-4.313725490196074,-6.274509803921557
002927,002927.SZ,泰永长征,电气设备,20230307,14.65,50.73124421039828,50.73124421039828,0.0,1.78,6.8225,2258.09,7.7455919395466015,sideways,BULL_TREND,41.59386205958365,95.75986565911003,22.5809,80.0,71.54046297079337,63.33333333333333,86.866,58.06313944412496,0.0,3,3,E_ablate_wyckoff_vr1.2,True,,20230308,15.09,20230310,-9.343936381709739,-9.476474486414844,20230314,-13.651424784625588,-15.63949635520212,20230317,-14.645460569913848,-15.63949635520212
002640,002640.SZ,跨境通,互联网,20230307,4.82,72.1715282079343,72.1715282079343,0.0,3.24,8.3168,7711.38,9.737827715355797,sideways,BULL_TREND,84.79969065549501,100.0,77.1138,60.0,44.982894793058904,43.333333333333336,89.112,79.78732815083254,0.0,1,1,E_ablate_accel_vr1.2,True,,20230308,4.76,20230310,-1.6806722689075682,-1.8907563025210017,20230314,-0.6302521008403228,-4.831932773109237,20230317,-2.941176470588225,-4.831932773109237
600777,600777.SH,新潮能源,石油开采,20230307,2.57,65.34380470678205,65.34380470678205,0.0,2.76,5.2915,22908.31,4.814814814814827,sideways,BULL_TREND,73.23341335017221,48.14814814814827,100.0,100.0,63.0254160374855,66.66666666666666,77.08999999999999,79.50012865162827,0.0,2,2,E_ablate_accel_vr1.2,True,,20230308,2.55,20230310,-3.137254901960773,-3.529411764705881,20230314,-4.70588235294116,-5.882352941176472,20230317,-4.313725490196074,-6.274509803921557
002927,002927.SZ,泰永长征,电气设备,20230307,14.65,57.69882094369328,57.69882094369328,0.0,1.78,6.8225,2258.09,7.7455919395466015,sideways,BULL_TREND,41.59386205958365,95.75986565911003,22.5809,80.0,71.54046297079337,63.33333333333333,86.866,58.06313944412496,0.0,3,3,E_ablate_accel_vr1.2,True,,20230308,15.09,20230310,-9.343936381709739,-9.476474486414844,20230314,-13.651424784625588,-15.63949635520212,20230317,-14.645460569913848,-15.63949635520212
002640,002640.SZ,跨境通,互联网,20230308,4.97,67.30505212571339,59.67019165548706,7.634860470226325,2.18,8.1354,9945.85,5.3333333333333375,bear,BULL_TREND,56.216406750110096,55.55555555555563,99.4585,65.0,76.34860470226324,33.33333333333333,0.0,70.21985480195372,0.0,1,1,A_recovered_proxy_vr1.5,True,,20230309,4.97,20230313,-7.6458752515090485,-8.249496981891348,20230315,-6.237424547283698,-8.853118712273634,20230320,-5.432595573440635,-8.853118712273634
601929,601929.SH,吉视传媒,影视音像,20230308,2.16,57.57376125116522,51.19809220096704,6.375669050198182,2.44,4.7705,5349.08,3.999999999999994,bear,BULL_TREND,64.34405738940808,39.999999999999936,53.4908,80.0,63.756690501981815,0.0,0.0,75.5,0.0,2,2,A_recovered_proxy_vr1.5,True,,20230309,2.15,20230313,-1.3953488372092981,-4.651162790697683,20230315,-1.3953488372092981,-4.651162790697683,20230320,-1.3953488372092981,-4.651162790697683
600732,600732.SH,爱旭股份,电气设备,20230308,35.82,48.733037325032505,48.733037325032505,0.0,1.51,4.2671,9403.67,5.488126649076513,bear,BULL_TREND,29.727427477517708,58.13544415127521,94.0367,80.0,53.460762025296745,0.0,0.0,57.497393857529595,0.0,3,3,A_recovered_proxy_vr1.5,True,,20230309,36.14,20230313,-3.0713890426120605,-4.122855561704486,20230315,2.158273381294973,-4.122855561704486,20230320,-7.249584947426668,-12.838959601549526
002640,002640.SZ,跨境通,互联网,20230308,4.97,59.67019165548706,59.67019165548706,0.0,2.18,8.1354,9945.85,5.3333333333333375,bear,BULL_TREND,56.216406750110096,55.55555555555563,99.4585,65.0,76.34860470226324,33.33333333333333,0.0,70.21985480195372,0.0,1,1,B_pure_quant_vr1.5,True,,20230309,4.97,20230313,-7.6458752515090485,-8.249496981891348,20230315,-6.237424547283698,-8.853118712273634,20230320,-5.432595573440635,-8.853118712273634
601929,601929.SH,吉视传媒,影视音像,20230308,2.16,51.19809220096704,51.19809220096704,0.0,2.44,4.7705,5349.08,3.999999999999994,bear,BULL_TREND,64.34405738940808,39.999999999999936,53.4908,80.0,63.756690501981815,0.0,0.0,75.5,0.0,2,2,B_pure_quant_vr1.5,True,,20230309,2.15,20230313,-1.3953488372092981,-4.651162790697683,20230315,-1.3953488372092981,-4.651162790697683,20230320,-1.3953488372092981,-4.651162790697683
600732,600732.SH,爱旭股份,电气设备,20230308,35.82,48.733037325032505,48.733037325032505,0.0,1.51,4.2671,9403.67,5.488126649076513,bear,BULL_TREND,29.727427477517708,58.13544415127521,94.0367,80.0,53.460762025296745,0.0,0.0,57.497393857529595,0.0,3,3,B_pure_quant_vr1.5,True,,20230309,36.14,20230313,-3.0713890426120605,-4.122855561704486,20230315,2.158273381294973,-4.122855561704486,20230320,-7.249584947426668,-12.838959601549526
600536,600536.SH,中国软件,软件服务,20230308,76.98,66.70866887248914,56.93464942621359,9.774019446275545,1.26,6.3908,61073.71,6.82643427741467,bear,BULL_TREND,16.67118668625959,80.44057129024449,100.0,100.0,97.74019446275544,33.33333333333333,0.0,35.35305696085591,0.0,1,1,A_recovered_proxy_vr1.2,True,,20230309,76.45,20230313,0.6540222367560578,-4.669718770438203,20230315,-4.512753433616745,-4.669718770438203,20230320,-12.897318508829303,-13.564421190320475
601929,601929.SH,吉视传媒,影视音像,20230308,2.16,55.229388663198186,49.791468648186815,5.437920015011369,2.44,4.7705,5349.08,3.999999999999994,bear,BULL_TREND,64.34405738940808,39.999999999999936,53.4908,80.0,54.37920015011369,0.0,0.0,75.5,0.0,2,2,A_recovered_proxy_vr1.2,True,,20230309,2.15,20230313,-1.3953488372092981,-4.651162790697683,20230315,-1.3953488372092981,-4.651162790697683,20230320,-1.3953488372092981,-4.651162790697683
002640,002640.SZ,跨境通,互联网,20230308,4.97,54.55768457183355,54.55768457183355,0.0,2.18,8.1354,9945.85,5.3333333333333375,bear,BULL_TREND,56.216406750110096,55.55555555555563,99.4585,65.0,42.265224144573196,33.33333333333333,0.0,70.21985480195372,0.0,3,3,A_recovered_proxy_vr1.2,True,,20230309,4.97,20230313,-7.6458752515090485,-8.249496981891348,20230315,-6.237424547283698,-8.853118712273634,20230320,-5.432595573440635,-8.853118712273634
600536,600536.SH,中国软件,软件服务,20230308,76.98,56.93464942621359,56.93464942621359,0.0,1.26,6.3908,61073.71,6.82643427741467,bear,BULL_TREND,16.67118668625959,80.44057129024449,100.0,100.0,97.74019446275544,33.33333333333333,0.0,35.35305696085591,0.0,1,1,D_pure_quant_vr1.2,True,,20230309,76.45,20230313,0.6540222367560578,-4.669718770438203,20230315,-4.512753433616745,-4.669718770438203,20230320,-12.897318508829303,-13.564421190320475
002640,002640.SZ,跨境通,互联网,20230308,4.97,54.55768457183355,54.55768457183355,0.0,2.18,8.1354,9945.85,5.3333333333333375,bear,BULL_TREND,56.216406750110096,55.55555555555563,99.4585,65.0,42.265224144573196,33.33333333333333,0.0,70.21985480195372,0.0,2,2,D_pure_quant_vr1.2,True,,20230309,4.97,20230313,-7.6458752515090485,-8.249496981891348,20230315,-6.237424547283698,-8.853118712273634,20230320,-5.432595573440635,-8.853118712273634
601929,601929.SH,吉视传媒,影视音像,20230308,2.16,49.791468648186815,49.791468648186815,0.0,2.44,4.7705,5349.08,3.999999999999994,bear,BULL_TREND,64.34405738940808,39.999999999999936,53.4908,80.0,54.37920015011369,0.0,0.0,75.5,0.0,3,3,D_pure_quant_vr1.2,True,,20230309,2.15,20230313,-1.3953488372092981,-4.651162790697683,20230315,-1.3953488372092981,-4.651162790697683,20230320,-1.3953488372092981,-4.651162790697683
002640,002640.SZ,跨境通,互联网,20230308,4.97,48.21790095014757,48.21790095014757,0.0,2.18,8.1354,9945.85,5.3333333333333375,bear,BULL_TREND,56.216406750110096,55.55555555555563,99.4585,65.0,42.265224144573196,33.33333333333333,0.0,70.21985480195372,0.0,1,1,E_ablate_sector_vr1.2,True,,20230309,4.97,20230313,-7.6458752515090485,-8.249496981891348,20230315,-6.237424547283698,-8.853118712273634,20230320,-5.432595573440635,-8.853118712273634
600536,600536.SH,中国软件,软件服务,20230308,76.98,52.69228259091088,52.69228259091088,0.0,1.26,6.3908,61073.71,6.82643427741467,bear,BULL_TREND,16.67118668625959,80.44057129024449,100.0,100.0,97.74019446275544,33.33333333333333,0.0,35.35305696085591,0.0,1,1,E_ablate_wyckoff_vr1.2,True,,20230309,76.45,20230313,0.6540222367560578,-4.669718770438203,20230315,-4.512753433616745,-4.669718770438203,20230320,-12.897318508829303,-13.564421190320475
002640,002640.SZ,跨境通,互联网,20230308,4.97,46.1313019955991,46.1313019955991,0.0,2.18,8.1354,9945.85,5.3333333333333375,bear,BULL_TREND,56.216406750110096,55.55555555555563,99.4585,65.0,42.265224144573196,33.33333333333333,0.0,70.21985480195372,0.0,2,2,E_ablate_wyckoff_vr1.2,True,,20230309,4.97,20230313,-7.6458752515090485,-8.249496981891348,20230315,-6.237424547283698,-8.853118712273634,20230320,-5.432595573440635,-8.853118712273634
600536,600536.SH,中国软件,软件服务,20230308,76.98,56.93464942621359,56.93464942621359,0.0,1.26,6.3908,61073.71,6.82643427741467,bear,BULL_TREND,16.67118668625959,80.44057129024449,100.0,100.0,97.74019446275544,33.33333333333333,0.0,35.35305696085591,0.0,1,1,E_ablate_accel_vr1.2,True,,20230309,76.45,20230313,0.6540222367560578,-4.669718770438203,20230315,-4.512753433616745,-4.669718770438203,20230320,-12.897318508829303,-13.564421190320475
002640,002640.SZ,跨境通,互联网,20230308,4.97,54.55768457183355,54.55768457183355,0.0,2.18,8.1354,9945.85,5.3333333333333375,bear,BULL_TREND,56.216406750110096,55.55555555555563,99.4585,65.0,42.265224144573196,33.33333333333333,0.0,70.21985480195372,0.0,2,2,E_ablate_accel_vr1.2,True,,20230309,4.97,20230313,-7.6458752515090485,-8.249496981891348,20230315,-6.237424547283698,-8.853118712273634,20230320,-5.432595573440635,-8.853118712273634
601929,601929.SH,吉视传媒,影视音像,20230308,2.16,49.791468648186815,49.791468648186815,0.0,2.44,4.7705,5349.08,3.999999999999994,bear,BULL_TREND,64.34405738940808,39.999999999999936,53.4908,80.0,54.37920015011369,0.0,0.0,75.5,0.0,3,3,E_ablate_accel_vr1.2,True,,20230309,2.15,20230313,-1.3953488372092981,-4.651162790697683,20230315,-1.3953488372092981,-4.651162790697683,20230320,-1.3953488372092981,-4.651162790697683
601975,601975.SH,招商南油,水运,20230309,4.39,86.47023591916738,76.50601186192587,9.964224057241509,2.74,4.4048,27708.83,7.188160676532784,bear,BULL_TREND,72.7087946592901,86.46934460887974,100.0,80.0,99.64224057241509,53.333333333333336,0.0,85.61515391999643,0.0,1,1,A_recovered_proxy_vr1.5,True,,20230310,4.4,20230314,-5.681818181818176,-6.818181818181834,20230316,-8.40909090909091,-9.090909090909093,20230321,-8.18181818181819,-11.818181818181827
002549,002549.SZ,凯美特气,环境保护,20230309,15.2,54.22872246534991,54.22872246534991,0.0,1.84,4.0168,3300.81,12.13872832369943,bear,BULL_TREND,43.98528831411441,100.0,33.0081,80.0,39.869547846371084,10.0,0.0,76.75462382740899,0.0,2,2,A_recovered_proxy_vr1.5,True,,20230310,14.99,20230314,-3.2688458972648493,-6.470980653769187,20230316,-4.402935290193466,-6.470980653769187,20230321,-2.3348899266177447,-6.470980653769187
601975,601975.SH,招商南油,水运,20230309,4.39,76.50601186192587,76.50601186192587,0.0,2.74,4.4048,27708.83,7.188160676532784,bear,BULL_TREND,72.7087946592901,86.46934460887974,100.0,80.0,99.64224057241509,53.333333333333336,0.0,85.61515391999643,0.0,1,1,B_pure_quant_vr1.5,True,,20230310,4.4,20230314,-5.681818181818176,-6.818181818181834,20230316,-8.40909090909091,-9.090909090909093,20230321,-8.18181818181819,-11.818181818181827
002549,002549.SZ,凯美特气,环境保护,20230309,15.2,54.22872246534991,54.22872246534991,0.0,1.84,4.0168,3300.81,12.13872832369943,bear,BULL_TREND,43.98528831411441,100.0,33.0081,80.0,39.869547846371084,10.0,0.0,76.75462382740899,0.0,2,2,B_pure_quant_vr1.5,True,,20230310,14.99,20230314,-3.2688458972648493,-6.470980653769187,20230316,-4.402935290193466,-6.470980653769187,20230321,-2.3348899266177447,-6.470980653769187
601975,601975.SH,招商南油,水运,20230309,4.39,86.47023591916738,76.50601186192587,9.964224057241509,2.74,4.4048,27708.83,7.188160676532784,bear,BULL_TREND,72.7087946592901,86.46934460887974,100.0,80.0,99.64224057241509,53.333333333333336,0.0,85.61515391999643,0.0,1,1,A_recovered_proxy_vr1.2,True,,20230310,4.4,20230314,-5.681818181818176,-6.818181818181834,20230316,-8.40909090909091,-9.090909090909093,20230321,-8.18181818181819,-11.818181818181827
002549,002549.SZ,凯美特气,环境保护,20230309,15.2,54.22872246534991,54.22872246534991,0.0,1.84,4.0168,3300.81,12.13872832369943,bear,BULL_TREND,43.98528831411441,100.0,33.0081,80.0,39.869547846371084,10.0,0.0,76.75462382740899,0.0,2,2,A_recovered_proxy_vr1.2,True,,20230310,14.99,20230314,-3.2688458972648493,-6.470980653769187,20230316,-4.402935290193466,-6.470980653769187,20230321,-2.3348899266177447,-6.470980653769187
600992,600992.SH,贵绳股份,钢加工,20230309,23.16,47.9142306925978,47.9142306925978,0.0,1.48,3.807,4035.5,7.322929171668662,bear,BULL_TREND,28.279858792711256,88.71548619447769,40.355,80.0,45.938712884348526,66.66666666666666,0.0,49.23762107858846,0.0,3,3,A_recovered_proxy_vr1.2,True,,20230310,22.95,20230314,-8.061002178649224,-8.714596949891062,20230316,-9.542483660130706,-10.806100217864923,20230321,-14.204793028322428,-17.124183006535944
601975,601975.SH,招商南油,水运,20230309,4.39,76.50601186192587,76.50601186192587,0.0,2.74,4.4048,27708.83,7.188160676532784,bear,BULL_TREND,72.7087946592901,86.46934460887974,100.0,80.0,99.64224057241509,53.333333333333336,0.0,85.61515391999643,0.0,1,1,D_pure_quant_vr1.2,True,,20230310,4.4,20230314,-5.681818181818176,-6.818181818181834,20230316,-8.40909090909091,-9.090909090909093,20230321,-8.18181818181819,-11.818181818181827
002549,002549.SZ,凯美特气,环境保护,20230309,15.2,54.22872246534991,54.22872246534991,0.0,1.84,4.0168,3300.81,12.13872832369943,bear,BULL_TREND,43.98528831411441,100.0,33.0081,80.0,39.869547846371084,10.0,0.0,76.75462382740899,0.0,2,2,D_pure_quant_vr1.2,True,,20230310,14.99,20230314,-3.2688458972648493,-6.470980653769187,20230316,-4.402935290193466,-6.470980653769187,20230321,-2.3348899266177447,-6.470980653769187
600992,600992.SH,贵绳股份,钢加工,20230309,23.16,47.9142306925978,47.9142306925978,0.0,1.48,3.807,4035.5,7.322929171668662,bear,BULL_TREND,28.279858792711256,88.71548619447769,40.355,80.0,45.938712884348526,66.66666666666666,0.0,49.23762107858846,0.0,3,3,D_pure_quant_vr1.2,True,,20230310,22.95,20230314,-8.061002178649224,-8.714596949891062,20230316,-9.542483660130706,-10.806100217864923,20230321,-14.204793028322428,-17.124183006535944
601975,601975.SH,招商南油,水运,20230309,4.39,61.55967577606361,61.55967577606361,0.0,2.74,4.4048,27708.83,7.188160676532784,bear,BULL_TREND,72.7087946592901,86.46934460887974,100.0,80.0,99.64224057241509,53.333333333333336,0.0,85.61515391999643,0.0,1,1,E_ablate_sector_vr1.2,True,,20230310,4.4,20230314,-5.681818181818176,-6.818181818181834,20230316,-8.40909090909091,-9.090909090909093,20230321,-8.18181818181819,-11.818181818181827
002549,002549.SZ,凯美特气,环境保护,20230309,15.2,48.24829028839425,48.24829028839425,0.0,1.84,4.0168,3300.81,12.13872832369943,bear,BULL_TREND,43.98528831411441,100.0,33.0081,80.0,39.869547846371084,10.0,0.0,76.75462382740899,0.0,2,2,E_ablate_sector_vr1.2,True,,20230310,14.99,20230314,-3.2688458972648493,-6.470980653769187,20230316,-4.402935290193466,-6.470980653769187,20230321,-2.3348899266177447,-6.470980653769187
601975,601975.SH,招商南油,水运,20230309,4.39,64.50601186192587,64.50601186192587,0.0,2.74,4.4048,27708.83,7.188160676532784,bear,BULL_TREND,72.7087946592901,86.46934460887974,100.0,80.0,99.64224057241509,53.333333333333336,0.0,85.61515391999643,0.0,1,1,E_ablate_inflow_vr1.2,True,,20230310,4.4,20230314,-5.681818181818176,-6.818181818181834,20230316,-8.40909090909091,-9.090909090909093,20230321,-8.18181818181819,-11.818181818181827
002549,002549.SZ,凯美特气,环境保护,20230309,15.2,50.26775046534991,50.26775046534991,0.0,1.84,4.0168,3300.81,12.13872832369943,bear,BULL_TREND,43.98528831411441,100.0,33.0081,80.0,39.869547846371084,10.0,0.0,76.75462382740899,0.0,2,2,E_ablate_inflow_vr1.2,True,,20230310,14.99,20230314,-3.2688458972648493,-6.470980653769187,20230316,-4.402935290193466,-6.470980653769187,20230321,-2.3348899266177447,-6.470980653769187
601975,601975.SH,招商南油,水运,20230309,4.39,66.2321933915263,66.2321933915263,0.0,2.74,4.4048,27708.83,7.188160676532784,bear,BULL_TREND,72.7087946592901,86.46934460887974,100.0,80.0,99.64224057241509,53.333333333333336,0.0,85.61515391999643,0.0,1,1,E_ablate_wyckoff_vr1.2,True,,20230310,4.4,20230314,-5.681818181818176,-6.818181818181834,20230316,-8.40909090909091,-9.090909090909093,20230321,-8.18181818181819,-11.818181818181827
002549,002549.SZ,凯美特气,环境保护,20230309,15.2,45.018167606060835,45.018167606060835,0.0,1.84,4.0168,3300.81,12.13872832369943,bear,BULL_TREND,43.98528831411441,100.0,33.0081,80.0,39.869547846371084,10.0,0.0,76.75462382740899,0.0,2,2,E_ablate_wyckoff_vr1.2,True,,20230310,14.99,20230314,-3.2688458972648493,-6.470980653769187,20230316,-4.402935290193466,-6.470980653769187,20230321,-2.3348899266177447,-6.470980653769187
601975,601975.SH,招商南油,水运,20230309,4.39,76.50601186192587,76.50601186192587,0.0,2.74,4.4048,27708.83,7.188160676532784,bear,BULL_TREND,72.7087946592901,86.46934460887974,100.0,80.0,99.64224057241509,53.333333333333336,0.0,85.61515391999643,0.0,1,1,E_ablate_accel_vr1.2,True,,20230310,4.4,20230314,-5.681818181818176,-6.818181818181834,20230316,-8.40909090909091,-9.090909090909093,20230321,-8.18181818181819,-11.818181818181827
002549,002549.SZ,凯美特气,环境保护,20230309,15.2,54.22872246534991,54.22872246534991,0.0,1.84,4.0168,3300.81,12.13872832369943,bear,BULL_TREND,43.98528831411441,100.0,33.0081,80.0,39.869547846371084,10.0,0.0,76.75462382740899,0.0,2,2,E_ablate_accel_vr1.2,True,,20230310,14.99,20230314,-3.2688458972648493,-6.470980653769187,20230316,-4.402935290193466,-6.470980653769187,20230321,-2.3348899266177447,-6.470980653769187
600992,600992.SH,贵绳股份,钢加工,20230309,23.16,47.9142306925978,47.9142306925978,0.0,1.48,3.807,4035.5,7.322929171668662,bear,BULL_TREND,28.279858792711256,88.71548619447769,40.355,80.0,45.938712884348526,66.66666666666666,0.0,49.23762107858846,0.0,3,3,E_ablate_accel_vr1.2,True,,20230310,22.95,20230314,-8.061002178649224,-8.714596949891062,20230316,-9.542483660130706,-10.806100217864923,20230321,-14.204793028322428,-17.124183006535944
600095,600095.SH,湘财股份,证券,20230310,10.07,65.73440455152034,59.23067875070438,6.503725800815959,1.59,10.2327,14827.0,11.12091791703442,bear,BULL_TREND,33.45133827548153,100.0,100.0,60.0,65.03725800815958,63.33333333333333,100.0,12.076074685065302,0.0,1,1,A_recovered_proxy_vr1.5,True,,20230313,9.93,20230315,0.6042296072507503,-2.920443101711978,20230317,-0.30211480362537513,-2.920443101711978,20230322,-2.5176233635448186,-3.5246727089627394
605358,605358.SH,立昂微,半导体,20230310,46.73,63.9998447272584,63.9998447272584,0.0,2.93,4.6187,9693.1,4.202542025420263,bear,BULL_TREND,77.54503323237616,42.02542025420263,96.931,80.0,57.01460576289435,30.0,100.0,89.25361746480766,0.0,2,2,A_recovered_proxy_vr1.5,True,,20230313,46.35,20230315,4.681769147788573,-0.4746494066882434,20230317,3.9266450916936257,-0.4746494066882434,20230322,6.494066882416383,-0.4746494066882434
600825,600825.SH,新华传媒,出版业,20230310,4.53,58.974299771909244,58.974299771909244,0.0,2.42,4.9364,3547.08,15.642458100558656,bear,BULL_TREND,63.75035237499349,93.57541899441344,35.4708,80.0,36.28506488951518,43.333333333333336,85.31800000000001,66.97639725454812,0.0,3,3,A_recovered_proxy_vr1.5,True,,20230313,4.42,20230315,0.452488687782826,-2.262443438914019,20230317,1.5837104072398356,-2.714932126696834,20230322,2.941176470588225,-2.714932126696834
605358,605358.SH,立昂微,半导体,20230310,46.73,63.9998447272584,63.9998447272584,0.0,2.93,4.6187,9693.1,4.202542025420263,bear,BULL_TREND,77.54503323237616,42.02542025420263,96.931,80.0,57.01460576289435,30.0,100.0,89.25361746480766,0.0,1,1,B_pure_quant_vr1.5,True,,20230313,46.35,20230315,4.681769147788573,-0.4746494066882434,20230317,3.9266450916936257,-0.4746494066882434,20230322,6.494066882416383,-0.4746494066882434
600095,600095.SH,湘财股份,证券,20230310,10.07,59.23067875070438,59.23067875070438,0.0,1.59,10.2327,14827.0,11.12091791703442,bear,BULL_TREND,33.45133827548153,100.0,100.0,60.0,65.03725800815958,63.33333333333333,100.0,12.076074685065302,0.0,2,2,B_pure_quant_vr1.5,True,,20230313,9.93,20230315,0.6042296072507503,-2.920443101711978,20230317,-0.30211480362537513,-2.920443101711978,20230322,-2.5176233635448186,-3.5246727089627394
600825,600825.SH,新华传媒,出版业,20230310,4.53,58.974299771909244,58.974299771909244,0.0,2.42,4.9364,3547.08,15.642458100558656,bear,BULL_TREND,63.75035237499349,93.57541899441344,35.4708,80.0,36.28506488951518,43.333333333333336,85.31800000000001,66.97639725454812,0.0,3,3,B_pure_quant_vr1.5,True,,20230313,4.42,20230315,0.452488687782826,-2.262443438914019,20230317,1.5837104072398356,-2.714932126696834,20230322,2.941176470588225,-2.714932126696834
605358,605358.SH,立昂微,半导体,20230310,46.73,63.592855314793816,63.592855314793816,0.0,2.93,4.6187,9693.1,4.202542025420263,bear,BULL_TREND,77.54503323237616,42.02542025420263,96.931,80.0,54.30134301313045,30.0,100.0,89.25361746480766,0.0,1,1,A_recovered_proxy_vr1.2,True,,20230313,46.35,20230315,4.681769147788573,-0.4746494066882434,20230317,3.9266450916936257,-0.4746494066882434,20230322,6.494066882416383,-0.4746494066882434
600825,600825.SH,新华传媒,出版业,20230310,4.53,58.852318392842534,58.852318392842534,0.0,2.42,4.9364,3547.08,15.642458100558656,bear,BULL_TREND,63.75035237499349,93.57541899441344,35.4708,80.0,35.47185569573713,43.333333333333336,85.31800000000001,66.97639725454812,0.0,2,2,A_recovered_proxy_vr1.2,True,,20230313,4.42,20230315,0.452488687782826,-2.262443438914019,20230317,1.5837104072398356,-2.714932126696834,20230322,2.941176470588225,-2.714932126696834
600095,600095.SH,湘财股份,证券,20230310,10.07,58.720789515778165,58.720789515778165,0.0,1.59,10.2327,14827.0,11.12091791703442,bear,BULL_TREND,33.45133827548153,100.0,100.0,60.0,61.637996441984825,63.33333333333333,100.0,12.076074685065302,0.0,3,3,A_recovered_proxy_vr1.2,True,,20230313,9.93,20230315,0.6042296072507503,-2.920443101711978,20230317,-0.30211480362537513,-2.920443101711978,20230322,-2.5176233635448186,-3.5246727089627394
605358,605358.SH,立昂微,半导体,20230310,46.73,63.592855314793816,63.592855314793816,0.0,2.93,4.6187,9693.1,4.202542025420263,bear,BULL_TREND,77.54503323237616,42.02542025420263,96.931,80.0,54.30134301313045,30.0,100.0,89.25361746480766,0.0,1,1,D_pure_quant_vr1.2,True,,20230313,46.35,20230315,4.681769147788573,-0.4746494066882434,20230317,3.9266450916936257,-0.4746494066882434,20230322,6.494066882416383,-0.4746494066882434
600825,600825.SH,新华传媒,出版业,20230310,4.53,58.852318392842534,58.852318392842534,0.0,2.42,4.9364,3547.08,15.642458100558656,bear,BULL_TREND,63.75035237499349,93.57541899441344,35.4708,80.0,35.47185569573713,43.333333333333336,85.31800000000001,66.97639725454812,0.0,2,2,D_pure_quant_vr1.2,True,,20230313,4.42,20230315,0.452488687782826,-2.262443438914019,20230317,1.5837104072398356,-2.714932126696834,20230322,2.941176470588225,-2.714932126696834
600095,600095.SH,湘财股份,证券,20230310,10.07,58.720789515778165,58.720789515778165,0.0,1.59,10.2327,14827.0,11.12091791703442,bear,BULL_TREND,33.45133827548153,100.0,100.0,60.0,61.637996441984825,63.33333333333333,100.0,12.076074685065302,0.0,3,3,D_pure_quant_vr1.2,True,,20230313,9.93,20230315,0.6042296072507503,-2.920443101711978,20230317,-0.30211480362537513,-2.920443101711978,20230322,-2.5176233635448186,-3.5246727089627394
605358,605358.SH,立昂微,半导体,20230310,46.73,55.44765386282425,55.44765386282425,0.0,2.93,4.6187,9693.1,4.202542025420263,bear,BULL_TREND,77.54503323237616,42.02542025420263,96.931,80.0,54.30134301313045,30.0,100.0,89.25361746480766,0.0,1,1,E_ablate_sector_vr1.2,True,,20230313,46.35,20230315,4.681769147788573,-0.4746494066882434,20230317,3.9266450916936257,-0.4746494066882434,20230322,6.494066882416383,-0.4746494066882434
600825,600825.SH,新华传媒,出版业,20230310,4.53,53.531540038481964,53.531540038481964,0.0,2.42,4.9364,3547.08,15.642458100558656,bear,BULL_TREND,63.75035237499349,93.57541899441344,35.4708,80.0,35.47185569573713,43.333333333333336,85.31800000000001,66.97639725454812,0.0,2,2,E_ablate_sector_vr1.2,True,,20230313,4.42,20230315,0.452488687782826,-2.262443438914019,20230317,1.5837104072398356,-2.714932126696834,20230322,2.941176470588225,-2.714932126696834
600095,600095.SH,湘财股份,证券,20230310,10.07,49.47509004948044,49.47509004948044,0.0,1.59,10.2327,14827.0,11.12091791703442,bear,BULL_TREND,33.45133827548153,100.0,100.0,60.0,61.637996441984825,63.33333333333333,100.0,12.076074685065302,0.0,3,3,E_ablate_sector_vr1.2,True,,20230313,9.93,20230315,0.6042296072507503,-2.920443101711978,20230317,-0.30211480362537513,-2.920443101711978,20230322,-2.5176233635448186,-3.5246727089627394
600825,600825.SH,新华传媒,出版业,20230310,4.53,54.595822392842535,54.595822392842535,0.0,2.42,4.9364,3547.08,15.642458100558656,bear,BULL_TREND,63.75035237499349,93.57541899441344,35.4708,80.0,35.47185569573713,43.333333333333336,85.31800000000001,66.97639725454812,0.0,1,1,E_ablate_inflow_vr1.2,True,,20230313,4.42,20230315,0.452488687782826,-2.262443438914019,20230317,1.5837104072398356,-2.714932126696834,20230322,2.941176470588225,-2.714932126696834
605358,605358.SH,立昂微,半导体,20230310,46.73,48.19893392791356,48.19893392791356,0.0,2.93,4.6187,9693.1,4.202542025420263,bear,BULL_TREND,77.54503323237616,42.02542025420263,96.931,65.0,33.2200004339287,30.0,100.0,89.25361746480766,0.0,2,2,E_ablate_inflow_vr1.2,True,,20230313,46.35,20230315,4.681769147788573,-0.4746494066882434,20230317,3.9266450916936257,-0.4746494066882434,20230322,6.494066882416383,-0.4746494066882434
600095,600095.SH,湘财股份,证券,20230310,10.07,46.720789515778165,46.720789515778165,0.0,1.59,10.2327,14827.0,11.12091791703442,bear,BULL_TREND,33.45133827548153,100.0,100.0,60.0,61.637996441984825,63.33333333333333,100.0,12.076074685065302,0.0,3,3,E_ablate_inflow_vr1.2,True,,20230313,9.93,20230315,0.6042296072507503,-2.920443101711978,20230317,-0.30211480362537513,-2.920443101711978,20230322,-2.5176233635448186,-3.5246727089627394
600095,600095.SH,湘财股份,证券,20230310,10.07,57.27166055357033,57.27166055357033,0.0,1.59,10.2327,14827.0,11.12091791703442,bear,BULL_TREND,33.45133827548153,100.0,100.0,60.0,61.637996441984825,63.33333333333333,100.0,12.076074685065302,0.0,1,1,E_ablate_wyckoff_vr1.2,True,,20230313,9.93,20230315,0.6042296072507503,-2.920443101711978,20230317,-0.30211480362537513,-2.920443101711978,20230322,-2.5176233635448186,-3.5246727089627394
605358,605358.SH,立昂微,半导体,20230310,46.73,52.8824212190169,52.8824212190169,0.0,2.93,4.6187,9693.1,4.202542025420263,bear,BULL_TREND,77.54503323237616,42.02542025420263,96.931,80.0,54.30134301313045,30.0,100.0,89.25361746480766,0.0,2,2,E_ablate_wyckoff_vr1.2,True,,20230313,46.35,20230315,4.681769147788573,-0.4746494066882434,20230317,3.9266450916936257,-0.4746494066882434,20230322,6.494066882416383,-0.4746494066882434
600825,600825.SH,新华传媒,出版业,20230310,4.53,50.815150722296764,50.815150722296764,0.0,2.42,4.9364,3547.08,15.642458100558656,bear,BULL_TREND,63.75035237499349,93.57541899441344,35.4708,80.0,35.47185569573713,43.333333333333336,85.31800000000001,66.97639725454812,0.0,3,3,E_ablate_wyckoff_vr1.2,True,,20230313,4.42,20230315,0.452488687782826,-2.262443438914019,20230317,1.5837104072398356,-2.714932126696834,20230322,2.941176470588225,-2.714932126696834
605358,605358.SH,立昂微,半导体,20230310,46.73,63.592855314793816,63.592855314793816,0.0,2.93,4.6187,9693.1,4.202542025420263,bear,BULL_TREND,77.54503323237616,42.02542025420263,96.931,80.0,54.30134301313045,30.0,100.0,89.25361746480766,0.0,1,1,E_ablate_accel_vr1.2,True,,20230313,46.35,20230315,4.681769147788573,-0.4746494066882434,20230317,3.9266450916936257,-0.4746494066882434,20230322,6.494066882416383,-0.4746494066882434
600825,600825.SH,新华传媒,出版业,20230310,4.53,58.852318392842534,58.852318392842534,0.0,2.42,4.9364,3547.08,15.642458100558656,bear,BULL_TREND,63.75035237499349,93.57541899441344,35.4708,80.0,35.47185569573713,43.333333333333336,85.31800000000001,66.97639725454812,0.0,2,2,E_ablate_accel_vr1.2,True,,20230313,4.42,20230315,0.452488687782826,-2.262443438914019,20230317,1.5837104072398356,-2.714932126696834,20230322,2.941176470588225,-2.714932126696834
600095,600095.SH,湘财股份,证券,20230310,10.07,58.720789515778165,58.720789515778165,0.0,1.59,10.2327,14827.0,11.12091791703442,bear,BULL_TREND,33.45133827548153,100.0,100.0,60.0,61.637996441984825,63.33333333333333,100.0,12.076074685065302,0.0,3,3,E_ablate_accel_vr1.2,True,,20230313,9.93,20230315,0.6042296072507503,-2.920443101711978,20230317,-0.30211480362537513,-2.920443101711978,20230322,-2.5176233635448186,-3.5246727089627394
301236,301236.SZ,软通动力,软件服务,20230313,38.18,54.262141019945545,55.786154846704385,8.475986173241154,1.56,6.6111,1958.84,12.169312169312168,bear,BULL_TREND,32.07730145437618,100.0,19.5884,65.0,84.75986173241154,66.66666666666666,0.0,64.42689944622133,0.0,1,1,A_recovered_proxy_vr1.5,True,,20230314,37.93,20230316,2.5309781175850254,-3.6910097548114917,20230320,13.39309253888743,-3.6910097548114917,20230323,-5.483785921434214,-9.781175850250467
603466,603466.SH,风语筑,文教休闲,20230313,15.0,49.82958778989637,59.82958778989637,0.0,2.03,3.0205,5142.0,9.36555891238671,bear,BULL_TREND,51.073986370522576,100.0,51.42,80.0,57.75640977509218,66.66666666666666,0.0,60.21763323986873,0.0,2,2,A_recovered_proxy_vr1.5,True,,20230314,15.0,20230316,-3.8000000000000034,-5.866666666666676,20230320,3.933333333333322,-5.866666666666676,20230323,18.866666666666653,-5.866666666666676
603466,603466.SH,风语筑,文教休闲,20230313,15.0,49.82958778989637,59.82958778989637,0.0,2.03,3.0205,5142.0,9.36555891238671,bear,BULL_TREND,51.073986370522576,100.0,51.42,80.0,57.75640977509218,66.66666666666666,0.0,60.21763323986873,0.0,1,1,B_pure_quant_vr1.5,True,,20230314,15.0,20230316,-3.8000000000000034,-5.866666666666676,20230320,3.933333333333322,-5.866666666666676,20230323,18.866666666666653,-5.866666666666676
301236,301236.SZ,软通动力,软件服务,20230313,38.18,45.786154846704385,55.786154846704385,0.0,1.56,6.6111,1958.84,12.169312169312168,bear,BULL_TREND,32.07730145437618,100.0,19.5884,65.0,84.75986173241154,66.66666666666666,0.0,64.42689944622133,0.0,2,2,B_pure_quant_vr1.5,True,,20230314,37.93,20230316,2.5309781175850254,-3.6910097548114917,20230320,13.39309253888743,-3.6910097548114917,20230323,-5.483785921434214,-9.781175850250467
002195,002195.SZ,岩山科技,软件服务,20230313,3.02,54.67821812890918,56.1631576733552,8.515060455553973,1.21,3.1521,17603.23,7.361963190184043,bear,BULL_TREND,13.750352374993488,89.36605316973404,100.0,40.0,85.15060455553973,30.0,0.0,54.20798141820154,0.0,1,1,A_recovered_proxy_vr1.2,True,,20230314,3.01,20230316,-2.9900332225913595,-3.6544850498338777,20230320,-0.9966777408637828,-3.6544850498338777,20230323,6.644518272425248,-3.6544850498338777
000681,000681.SZ,视觉中国,互联网,20230313,16.01,54.477016881052705,57.754703217855564,6.7223136631971405,1.36,7.5829,8061.36,10.708310094813152,bear,BULL_TREND,22.180332573780742,100.0,80.61359999999999,80.0,67.2231366319714,66.66666666666666,0.0,54.87161852912298,0.0,2,2,A_recovered_proxy_vr1.2,True,,20230314,15.9,20230316,-7.0440251572327135,-10.503144654088048,20230320,0.2515723270440251,-10.503144654088048,20230323,12.012578616352187,-10.503144654088048
301236,301236.SZ,软通动力,软件服务,20230313,38.18,54.35982672572759,55.844766270173615,8.515060455553973,1.56,6.6111,1958.84,12.169312169312168,bear,BULL_TREND,32.07730145437618,100.0,19.5884,65.0,85.15060455553973,66.66666666666666,0.0,64.42689944622133,0.0,3,3,A_recovered_proxy_vr1.2,True,,20230314,37.93,20230316,2.5309781175850254,-3.6910097548114917,20230320,13.39309253888743,-3.6910097548114917,20230323,-5.483785921434214,-9.781175850250467
603466,603466.SH,风语筑,文教休闲,20230313,15.0,48.94452958635262,58.94452958635262,0.0,2.03,3.0205,5142.0,9.36555891238671,bear,BULL_TREND,51.073986370522576,100.0,51.42,80.0,51.85602175146719,66.66666666666666,0.0,60.21763323986873,0.0,1,1,D_pure_quant_vr1.2,True,,20230314,15.0,20230316,-3.8000000000000034,-5.866666666666676,20230320,3.933333333333322,-5.866666666666676,20230323,18.866666666666653,-5.866666666666676
000681,000681.SZ,视觉中国,互联网,20230313,16.01,47.754703217855564,57.754703217855564,0.0,1.36,7.5829,8061.36,10.708310094813152,bear,BULL_TREND,22.180332573780742,100.0,80.61359999999999,80.0,67.2231366319714,66.66666666666666,0.0,54.87161852912298,0.0,2,2,D_pure_quant_vr1.2,True,,20230314,15.9,20230316,-7.0440251572327135,-10.503144654088048,20230320,0.2515723270440251,-10.503144654088048,20230323,12.012578616352187,-10.503144654088048
002195,002195.SZ,岩山科技,软件服务,20230313,3.02,46.1631576733552,56.1631576733552,0.0,1.21,3.1521,17603.23,7.361963190184043,bear,BULL_TREND,13.750352374993488,89.36605316973404,100.0,40.0,85.15060455553973,30.0,0.0,54.20798141820154,0.0,3,3,D_pure_quant_vr1.2,True,,20230314,3.01,20230316,-2.9900332225913595,-3.6544850498338777,20230320,-0.9966777408637828,-3.6544850498338777,20230323,6.644518272425248,-3.6544850498338777
603466,603466.SH,风语筑,文教休闲,20230313,15.0,48.94452958635262,58.94452958635262,0.0,2.03,3.0205,5142.0,9.36555891238671,bear,BULL_TREND,51.073986370522576,100.0,51.42,80.0,51.85602175146719,66.66666666666666,0.0,60.21763323986873,0.0,1,1,E_ablate_accel_vr1.2,True,,20230314,15.0,20230316,-3.8000000000000034,-5.866666666666676,20230320,3.933333333333322,-5.866666666666676,20230323,18.866666666666653,-5.866666666666676
000681,000681.SZ,视觉中国,互联网,20230313,16.01,47.754703217855564,57.754703217855564,0.0,1.36,7.5829,8061.36,10.708310094813152,bear,BULL_TREND,22.180332573780742,100.0,80.61359999999999,80.0,67.2231366319714,66.66666666666666,0.0,54.87161852912298,0.0,2,2,E_ablate_accel_vr1.2,True,,20230314,15.9,20230316,-7.0440251572327135,-10.503144654088048,20230320,0.2515723270440251,-10.503144654088048,20230323,12.012578616352187,-10.503144654088048
002195,002195.SZ,岩山科技,软件服务,20230313,3.02,46.1631576733552,56.1631576733552,0.0,1.21,3.1521,17603.23,7.361963190184043,bear,BULL_TREND,13.750352374993488,89.36605316973404,100.0,40.0,85.15060455553973,30.0,0.0,54.20798141820154,0.0,3,3,E_ablate_accel_vr1.2,True,,20230314,3.01,20230316,-2.9900332225913595,-3.6544850498338777,20230320,-0.9966777408637828,-3.6544850498338777,20230323,6.644518272425248,-3.6544850498338777
002756,002756.SZ,永兴材料,小金属,20230314,90.15,72.24599110542567,66.46532509397379,5.780666011451881,2.78,4.3383,6322.98,13.217173661917588,bear,BULL_TREND,73.75424414743912,100.0,63.2298,80.0,57.80666011451881,63.33333333333333,0.0,62.61791414743912,0.0,1,1,A_recovered_proxy_vr1.5,True,,20230315,89.71,20230317,-4.570282019841709,-6.08627800691115,20230321,1.4156727232192745,-7.446215583546978,20230324,-4.135547876490908,-7.446215583546978
001270,001270.SZ,铖昌科技,半导体,20230314,141.5,66.9330210050264,58.75301433667134,8.180006668355068,1.7,11.9442,6863.97,13.008729865978111,bear,BULL_TREND,38.276737318148854,100.0,68.6397,80.0,81.80006668355068,66.66666666666666,0.0,27.433539923438833,0.0,2,2,A_recovered_proxy_vr1.5,True,,20230315,139.18,20230317,-7.3717488144848575,-9.103319442448631,20230321,-13.363989078890647,-14.025003592470187,20230324,-12.559275758011212,-16.16611582123868
000670,000670.SZ,盈方微,元器件,20230314,8.49,55.95761009458692,55.95761009458692,0.0,1.95,7.6947,6773.1,6.600660066006597,bear,BULL_TREND,48.1737061987443,76.67766776677662,67.73100000000001,100.0,49.036837904577105,33.33333333333333,0.0,69.5032955818257,0.0,3,3,A_recovered_proxy_vr1.5,True,,20230315,8.42,20230317,9.976247030878849,-0.3562945368170922,20230321,7.600950118764849,-0.3562945368170922,20230324,6.53206650831355,-0.3562945368170922
002756,002756.SZ,永兴材料,小金属,20230314,90.15,66.46532509397379,66.46532509397379,0.0,2.78,4.3383,6322.98,13.217173661917588,bear,BULL_TREND,73.75424414743912,100.0,63.2298,80.0,57.80666011451881,63.33333333333333,0.0,62.61791414743912,0.0,1,1,B_pure_quant_vr1.5,True,,20230315,89.71,20230317,-4.570282019841709,-6.08627800691115,20230321,1.4156727232192745,-7.446215583546978,20230324,-4.135547876490908,-7.446215583546978
001270,001270.SZ,铖昌科技,半导体,20230314,141.5,58.75301433667134,58.75301433667134,0.0,1.7,11.9442,6863.97,13.008729865978111,bear,BULL_TREND,38.276737318148854,100.0,68.6397,80.0,81.80006668355068,66.66666666666666,0.0,27.433539923438833,0.0,2,2,B_pure_quant_vr1.5,True,,20230315,139.18,20230317,-7.3717488144848575,-9.103319442448631,20230321,-13.363989078890647,-14.025003592470187,20230324,-12.559275758011212,-16.16611582123868
000670,000670.SZ,盈方微,元器件,20230314,8.49,55.95761009458692,55.95761009458692,0.0,1.95,7.6947,6773.1,6.600660066006597,bear,BULL_TREND,48.1737061987443,76.67766776677662,67.73100000000001,100.0,49.036837904577105,33.33333333333333,0.0,69.5032955818257,0.0,3,3,B_pure_quant_vr1.5,True,,20230315,8.42,20230317,9.976247030878849,-0.3562945368170922,20230321,7.600950118764849,-0.3562945368170922,20230324,6.53206650831355,-0.3562945368170922
002756,002756.SZ,永兴材料,小金属,20230314,90.15,71.838741836086,66.22097553236999,5.617766303716013,2.78,4.3383,6322.98,13.217173661917588,bear,BULL_TREND,73.75424414743912,100.0,63.2298,80.0,56.17766303716012,63.33333333333333,0.0,62.61791414743912,0.0,1,1,A_recovered_proxy_vr1.2,True,,20230315,89.71,20230317,-4.570282019841709,-6.08627800691115,20230321,1.4156727232192745,-7.446215583546978,20230324,-4.135547876490908,-7.446215583546978
001270,001270.SZ,铖昌科技,半导体,20230314,141.5,68.27699879977332,59.55940101351949,8.717597786253833,1.7,11.9442,6863.97,13.008729865978111,bear,BULL_TREND,38.276737318148854,100.0,68.6397,80.0,87.17597786253833,66.66666666666666,0.0,27.433539923438833,0.0,2,2,A_recovered_proxy_vr1.2,True,,20230315,139.18,20230317,-7.3717488144848575,-9.103319442448631,20230321,-13.363989078890647,-14.025003592470187,20230324,-12.559275758011212,-16.16611582123868
000670,000670.SZ,盈方微,元器件,20230314,8.49,55.811276938911305,55.811276938911305,0.0,1.95,7.6947,6773.1,6.600660066006597,bear,BULL_TREND,48.1737061987443,76.67766776677662,67.73100000000001,100.0,48.06128353340637,33.33333333333333,0.0,69.5032955818257,0.0,3,3,A_recovered_proxy_vr1.2,True,,20230315,8.42,20230317,9.976247030878849,-0.3562945368170922,20230321,7.600950118764849,-0.3562945368170922,20230324,6.53206650831355,-0.3562945368170922
002756,002756.SZ,永兴材料,小金属,20230314,90.15,66.22097553236999,66.22097553236999,0.0,2.78,4.3383,6322.98,13.217173661917588,bear,BULL_TREND,73.75424414743912,100.0,63.2298,80.0,56.17766303716012,63.33333333333333,0.0,62.61791414743912,0.0,1,1,D_pure_quant_vr1.2,True,,20230315,89.71,20230317,-4.570282019841709,-6.08627800691115,20230321,1.4156727232192745,-7.446215583546978,20230324,-4.135547876490908,-7.446215583546978
001270,001270.SZ,铖昌科技,半导体,20230314,141.5,59.55940101351949,59.55940101351949,0.0,1.7,11.9442,6863.97,13.008729865978111,bear,BULL_TREND,38.276737318148854,100.0,68.6397,80.0,87.17597786253833,66.66666666666666,0.0,27.433539923438833,0.0,2,2,D_pure_quant_vr1.2,True,,20230315,139.18,20230317,-7.3717488144848575,-9.103319442448631,20230321,-13.363989078890647,-14.025003592470187,20230324,-12.559275758011212,-16.16611582123868
000670,000670.SZ,盈方微,元器件,20230314,8.49,55.811276938911305,55.811276938911305,0.0,1.95,7.6947,6773.1,6.600660066006597,bear,BULL_TREND,48.1737061987443,76.67766776677662,67.73100000000001,100.0,48.06128353340637,33.33333333333333,0.0,69.5032955818257,0.0,3,3,D_pure_quant_vr1.2,True,,20230315,8.42,20230317,9.976247030878849,-0.3562945368170922,20230321,7.600950118764849,-0.3562945368170922,20230324,6.53206650831355,-0.3562945368170922
002756,002756.SZ,永兴材料,小金属,20230314,90.15,57.79432607679597,57.79432607679597,0.0,2.78,4.3383,6322.98,13.217173661917588,bear,BULL_TREND,73.75424414743912,100.0,63.2298,80.0,56.17766303716012,63.33333333333333,0.0,62.61791414743912,0.0,1,1,E_ablate_sector_vr1.2,True,,20230315,89.71,20230317,-4.570282019841709,-6.08627800691115,20230321,1.4156727232192745,-7.446215583546978,20230324,-4.135547876490908,-7.446215583546978
000670,000670.SZ,盈方微,元器件,20230314,8.49,48.60208440890035,48.60208440890035,0.0,1.95,7.6947,6773.1,6.600660066006597,bear,BULL_TREND,48.1737061987443,76.67766776677662,67.73100000000001,100.0,48.06128353340637,33.33333333333333,0.0,69.5032955818257,0.0,2,2,E_ablate_sector_vr1.2,True,,20230315,8.42,20230317,9.976247030878849,-0.3562945368170922,20230321,7.600950118764849,-0.3562945368170922,20230324,6.53206650831355,-0.3562945368170922
001270,001270.SZ,铖昌科技,半导体,20230314,141.5,46.48300433413874,46.48300433413874,0.0,1.7,11.9442,6863.97,13.008729865978111,bear,BULL_TREND,38.276737318148854,100.0,68.6397,80.0,87.17597786253833,66.66666666666666,0.0,27.433539923438833,0.0,3,3,E_ablate_sector_vr1.2,True,,20230315,139.18,20230317,-7.3717488144848575,-9.103319442448631,20230321,-13.363989078890647,-14.025003592470187,20230324,-12.559275758011212,-16.16611582123868
002756,002756.SZ,永兴材料,小金属,20230314,90.15,58.633718326015966,58.633718326015966,0.0,2.78,4.3383,6322.98,13.217173661917588,bear,BULL_TREND,73.75424414743912,100.0,63.2298,80.0,56.179788328133334,63.33333333333333,0.0,62.61791414743912,0.0,1,1,E_ablate_inflow_vr1.2,True,,20230315,89.71,20230317,-4.570282019841709,-6.08627800691115,20230321,1.4156727232192745,-7.446215583546978,20230324,-4.135547876490908,-7.446215583546978
002819,002819.SZ,东方中科,电器仪表,20230314,31.51,51.73749506377858,51.73749506377858,0.0,2.49,4.6196,-597.86,11.909421302767685,bear,BULL_TREND,65.80728711466783,100.0,0.0,80.0,39.81489791339465,63.33333333333333,0.0,40.174921207298304,0.0,2,2,E_ablate_inflow_vr1.2,True,,20230315,31.15,20230317,-3.4349919743178137,-5.61797752808989,20230321,-4.49438202247191,-8.18619582664526,20230324,0.22471910112360494,-8.18619582664526
001270,001270.SZ,铖昌科技,半导体,20230314,141.5,51.023938337279866,51.023938337279866,0.0,1.7,11.9442,6863.97,13.008729865978111,bear,BULL_TREND,38.276737318148854,100.0,68.6397,80.0,85.18465335427416,66.66666666666666,0.0,27.433539923438833,0.0,3,3,E_ablate_inflow_vr1.2,True,,20230315,139.18,20230317,-7.3717488144848575,-9.103319442448631,20230321,-13.363989078890647,-14.025003592470187,20230324,-12.559275758011212,-16.16611582123868
002756,002756.SZ,永兴材料,小金属,20230314,90.15,58.70682583467729,58.70682583467729,0.0,2.78,4.3383,6322.98,13.217173661917588,bear,BULL_TREND,73.75424414743912,100.0,63.2298,80.0,56.17766303716012,63.33333333333333,0.0,62.61791414743912,0.0,1,1,E_ablate_wyckoff_vr1.2,True,,20230315,89.71,20230317,-4.570282019841709,-6.08627800691115,20230321,1.4156727232192745,-7.446215583546978,20230324,-4.135547876490908,-7.446215583546978
001270,001270.SZ,铖昌科技,半导体,20230314,141.5,56.26737622270683,56.26737622270683,0.0,1.7,11.9442,6863.97,13.008729865978111,bear,BULL_TREND,38.276737318148854,100.0,68.6397,80.0,87.17597786253833,66.66666666666666,0.0,27.433539923438833,0.0,2,2,E_ablate_wyckoff_vr1.2,True,,20230315,139.18,20230317,-7.3717488144848575,-9.103319442448631,20230321,-13.363989078890647,-14.025003592470187,20230324,-12.559275758011212,-16.16611582123868
000670,000670.SZ,盈方微,元器件,20230314,8.49,47.47088146909223,47.47088146909223,0.0,1.95,7.6947,6773.1,6.600660066006597,bear,BULL_TREND,48.1737061987443,76.67766776677662,67.73100000000001,100.0,48.06128353340637,33.33333333333333,0.0,69.5032955818257,0.0,3,3,E_ablate_wyckoff_vr1.2,True,,20230315,8.42,20230317,9.976247030878849,-0.3562945368170922,20230321,7.600950118764849,-0.3562945368170922,20230324,6.53206650831355,-0.3562945368170922
002756,002756.SZ,永兴材料,小金属,20230314,90.15,66.22097553236999,66.22097553236999,0.0,2.78,4.3383,6322.98,13.217173661917588,bear,BULL_TREND,73.75424414743912,100.0,63.2298,80.0,56.17766303716012,63.33333333333333,0.0,62.61791414743912,0.0,1,1,E_ablate_accel_vr1.2,True,,20230315,89.71,20230317,-4.570282019841709,-6.08627800691115,20230321,1.4156727232192745,-7.446215583546978,20230324,-4.135547876490908,-7.446215583546978
001270,001270.SZ,铖昌科技,半导体,20230314,141.5,59.55940101351949,59.55940101351949,0.0,1.7,11.9442,6863.97,13.008729865978111,bear,BULL_TREND,38.276737318148854,100.0,68.6397,80.0,87.17597786253833,66.66666666666666,0.0,27.433539923438833,0.0,2,2,E_ablate_accel_vr1.2,True,,20230315,139.18,20230317,-7.3717488144848575,-9.103319442448631,20230321,-13.363989078890647,-14.025003592470187,20230324,-12.559275758011212,-16.16611582123868
000670,000670.SZ,盈方微,元器件,20230314,8.49,55.811276938911305,55.811276938911305,0.0,1.95,7.6947,6773.1,6.600660066006597,bear,BULL_TREND,48.1737061987443,76.67766776677662,67.73100000000001,100.0,48.06128353340637,33.33333333333333,0.0,69.5032955818257,0.0,3,3,E_ablate_accel_vr1.2,True,,20230315,8.42,20230317,9.976247030878849,-0.3562945368170922,20230321,7.600950118764849,-0.3562945368170922,20230324,6.53206650831355,-0.3562945368170922
002436,002436.SZ,兴森科技,元器件,20230315,11.71,74.44738603854812,67.23953212841832,7.207853910129799,2.66,5.6177,22333.97,6.469648562300309,sideways,BULL_TREND,70.57131228632325,74.49414270500515,100.0,65.0,72.07853910129799,43.333333333333336,0.0,75.38903748720587,0.0,1,1,A_recovered_proxy_vr1.5,True,,20230316,11.63,20230320,6.104901117798778,-0.17196904557180703,20230322,11.2639724849527,-0.17196904557180703,20230327,13.757523645743763,-0.17196904557180703
603936,603936.SH,博敏电子,元器件,20230315,13.98,74.13961572058372,66.93176181045392,7.207853910129799,2.42,5.3059,10896.74,7.3558648111331975,sideways,BULL_TREND,63.75035237499349,89.26441351888663,100.0,65.0,72.07853910129799,63.33333333333333,0.0,54.91721484949106,0.0,2,2,A_recovered_proxy_vr1.5,True,,20230316,13.88,20230320,1.1527377521613813,-1.2968299711815678,20230322,2.089337175792494,-1.2968299711815678,20230327,5.259365994236309,-1.2968299711815678
603186,603186.SH,华正新材,元器件,20230315,31.15,62.03472271864102,54.82686880851122,7.207853910129799,2.07,5.061,2139.11,11.706349206349213,sideways,BULL_TREND,52.48153838623002,100.0,21.3911,65.0,72.07853910129799,33.33333333333333,0.0,38.62959026399378,0.0,3,3,A_recovered_proxy_vr1.5,True,,20230316,31.0,20230320,8.774193548387089,-0.4838709677419284,20230322,9.51612903225807,-0.4838709677419284,20230327,6.645161290322599,-0.4838709677419284
002436,002436.SZ,兴森科技,元器件,20230315,11.71,67.23953212841832,67.23953212841832,0.0,2.66,5.6177,22333.97,6.469648562300309,sideways,BULL_TREND,70.57131228632325,74.49414270500515,100.0,65.0,72.07853910129799,43.333333333333336,0.0,75.38903748720587,0.0,1,1,B_pure_quant_vr1.5,True,,20230316,11.63,20230320,6.104901117798778,-0.17196904557180703,20230322,11.2639724849527,-0.17196904557180703,20230327,13.757523645743763,-0.17196904557180703
603936,603936.SH,博敏电子,元器件,20230315,13.98,66.93176181045392,66.93176181045392,0.0,2.42,5.3059,10896.74,7.3558648111331975,sideways,BULL_TREND,63.75035237499349,89.26441351888663,100.0,65.0,72.07853910129799,63.33333333333333,0.0,54.91721484949106,0.0,2,2,B_pure_quant_vr1.5,True,,20230316,13.88,20230320,1.1527377521613813,-1.2968299711815678,20230322,2.089337175792494,-1.2968299711815678,20230327,5.259365994236309,-1.2968299711815678
600906,600906.SH,财达证券,证券,20230315,8.0,61.00670438286556,61.00670438286556,0.0,4.03,3.1921,2653.56,6.213364595545127,sideways,BULL_TREND,100.0,70.22274325908546,26.5356,80.0,35.38753316378482,33.33333333333333,0.0,93.32193520526974,0.0,3,3,B_pure_quant_vr1.5,True,,20230316,7.87,20230320,1.270648030495547,-1.143583227445999,20230322,1.6518424396442244,-1.143583227445999,20230327,2.287166454891998,-1.143583227445999
002436,002436.SZ,兴森科技,元器件,20230315,11.71,72.80715399264461,66.25539290087622,6.551761091768404,2.66,5.6177,22333.97,6.469648562300309,sideways,BULL_TREND,70.57131228632325,74.49414270500515,100.0,65.0,65.51761091768404,43.333333333333336,0.0,75.38903748720587,0.0,1,1,A_recovered_proxy_vr1.2,True,,20230316,11.63,20230320,6.104901117798778,-0.17196904557180703,20230322,11.2639724849527,-0.17196904557180703,20230327,13.757523645743763,-0.17196904557180703
603936,603936.SH,博敏电子,元器件,20230315,13.98,72.49938367468023,65.94762258291183,6.551761091768404,2.42,5.3059,10896.74,7.3558648111331975,sideways,BULL_TREND,63.75035237499349,89.26441351888663,100.0,65.0,65.51761091768404,63.33333333333333,0.0,54.91721484949106,0.0,2,2,A_recovered_proxy_vr1.2,True,,20230316,13.88,20230320,1.1527377521613813,-1.2968299711815678,20230322,2.089337175792494,-1.2968299711815678,20230327,5.259365994236309,-1.2968299711815678
601789,601789.SH,宁波建工,建筑工程,20230315,5.11,66.33175054232673,57.79747992834597,8.534270613980759,1.34,5.6996,8304.91,10.507880910683006,sideways,BULL_TREND,21.11165003415239,100.0,83.0491,80.0,85.34270613980759,33.33333333333333,0.0,37.657936109955365,0.0,3,3,A_recovered_proxy_vr1.2,True,,20230316,5.07,20230320,-1.3806706114398493,-2.3668639053254448,20230322,-0.7889546351084853,-3.3530571992110403,20230327,16.17357001972386,-3.3530571992110403
002436,002436.SZ,兴森科技,元器件,20230315,11.71,66.25539290087622,66.25539290087622,0.0,2.66,5.6177,22333.97,6.469648562300309,sideways,BULL_TREND,70.57131228632325,74.49414270500515,100.0,65.0,65.51761091768404,43.333333333333336,0.0,75.38903748720587,0.0,1,1,D_pure_quant_vr1.2,True,,20230316,11.63,20230320,6.104901117798778,-0.17196904557180703,20230322,11.2639724849527,-0.17196904557180703,20230327,13.757523645743763,-0.17196904557180703
603936,603936.SH,博敏电子,元器件,20230315,13.98,65.94762258291183,65.94762258291183,0.0,2.42,5.3059,10896.74,7.3558648111331975,sideways,BULL_TREND,63.75035237499349,89.26441351888663,100.0,65.0,65.51761091768404,63.33333333333333,0.0,54.91721484949106,0.0,2,2,D_pure_quant_vr1.2,True,,20230316,13.88,20230320,1.1527377521613813,-1.2968299711815678,20230322,2.089337175792494,-1.2968299711815678,20230327,5.259365994236309,-1.2968299711815678
600906,600906.SH,财达证券,证券,20230315,8.0,60.95065629864775,60.95065629864775,0.0,4.03,3.1921,2653.56,6.213364595545127,sideways,BULL_TREND,100.0,70.22274325908546,26.5356,80.0,35.01387926899943,33.33333333333333,0.0,93.32193520526974,0.0,3,3,D_pure_quant_vr1.2,True,,20230316,7.87,20230320,1.270648030495547,-1.143583227445999,20230322,1.6518424396442244,-1.143583227445999,20230327,2.287166454891998,-1.143583227445999
002436,002436.SZ,兴森科技,元器件,20230315,11.71,56.42775126322362,56.42775126322362,0.0,2.66,5.6177,22333.97,6.469648562300309,sideways,BULL_TREND,70.57131228632325,74.49414270500515,100.0,65.0,65.51761091768404,43.333333333333336,0.0,75.38903748720587,0.0,1,1,E_ablate_sector_vr1.2,True,,20230316,11.63,20230320,6.104901117798778,-0.17196904557180703,20230322,11.2639724849527,-0.17196904557180703,20230327,13.757523645743763,-0.17196904557180703
603936,603936.SH,博敏电子,元器件,20230315,13.98,56.11998094525922,56.11998094525922,0.0,2.42,5.3059,10896.74,7.3558648111331975,sideways,BULL_TREND,63.75035237499349,89.26441351888663,100.0,65.0,65.51761091768404,63.33333333333333,0.0,54.91721484949106,0.0,2,2,E_ablate_sector_vr1.2,True,,20230316,13.88,20230320,1.1527377521613813,-1.2968299711815678,20230322,2.089337175792494,-1.2968299711815678,20230327,5.259365994236309,-1.2968299711815678
600906,600906.SH,财达证券,证券,20230315,8.0,55.69857440829784,55.69857440829784,0.0,4.03,3.1921,2653.56,6.213364595545127,sideways,BULL_TREND,100.0,70.22274325908546,26.5356,80.0,35.01387926899943,33.33333333333333,0.0,93.32193520526974,0.0,3,3,E_ablate_sector_vr1.2,True,,20230316,7.87,20230320,1.270648030495547,-1.143583227445999,20230322,1.6518424396442244,-1.143583227445999,20230327,2.287166454891998,-1.143583227445999
600906,600906.SH,财达证券,证券,20230315,8.0,57.76638429864775,57.76638429864775,0.0,4.03,3.1921,2653.56,6.213364595545127,sideways,BULL_TREND,100.0,70.22274325908546,26.5356,80.0,35.01387926899943,33.33333333333333,0.0,93.32193520526974,0.0,1,1,E_ablate_inflow_vr1.2,True,,20230316,7.87,20230320,1.270648030495547,-1.143583227445999,20230322,1.6518424396442244,-1.143583227445999,20230327,2.287166454891998,-1.143583227445999
002436,002436.SZ,兴森科技,元器件,20230315,11.71,53.89072404038751,53.89072404038751,0.0,2.66,5.6177,22333.97,6.469648562300309,sideways,BULL_TREND,70.57131228632325,74.49414270500515,100.0,65.0,63.08648518109263,43.333333333333336,0.0,75.38903748720587,0.0,2,2,E_ablate_inflow_vr1.2,True,,20230316,11.63,20230320,6.104901117798778,-0.17196904557180703,20230322,11.2639724849527,-0.17196904557180703,20230327,13.757523645743763,-0.17196904557180703
603936,603936.SH,博敏电子,元器件,20230315,13.98,53.58295372242311,53.58295372242311,0.0,2.42,5.3059,10896.74,7.3558648111331975,sideways,BULL_TREND,63.75035237499349,89.26441351888663,100.0,65.0,63.08648518109263,63.33333333333333,0.0,54.91721484949106,0.0,3,3,E_ablate_inflow_vr1.2,True,,20230316,13.88,20230320,1.1527377521613813,-1.2968299711815678,20230322,2.089337175792494,-1.2968299711815678,20230327,5.259365994236309,-1.2968299711815678
603936,603936.SH,博敏电子,元器件,20230315,13.98,59.3575568009729,59.3575568009729,0.0,2.42,5.3059,10896.74,7.3558648111331975,sideways,BULL_TREND,63.75035237499349,89.26441351888663,100.0,65.0,65.51761091768404,63.33333333333333,0.0,54.91721484949106,0.0,1,1,E_ablate_wyckoff_vr1.2,True,,20230316,13.88,20230320,1.1527377521613813,-1.2968299711815678,20230322,2.089337175792494,-1.2968299711815678,20230327,5.259365994236309,-1.2968299711815678
002436,002436.SZ,兴森科技,元器件,20230315,11.71,57.20870840241152,57.20870840241152,0.0,2.66,5.6177,22333.97,6.469648562300309,sideways,BULL_TREND,70.57131228632325,74.49414270500515,100.0,65.0,65.51761091768404,43.333333333333336,0.0,75.38903748720587,0.0,2,2,E_ablate_wyckoff_vr1.2,True,,20230316,11.63,20230320,6.104901117798778,-0.17196904557180703,20230322,11.2639724849527,-0.17196904557180703,20230327,13.757523645743763,-0.17196904557180703
601789,601789.SH,宁波建工,建筑工程,20230315,5.11,53.27852759515133,53.27852759515133,0.0,1.34,5.6996,8304.91,10.507880910683006,sideways,BULL_TREND,21.11165003415239,100.0,83.0491,80.0,85.34270613980759,33.33333333333333,0.0,37.657936109955365,0.0,3,3,E_ablate_wyckoff_vr1.2,True,,20230316,5.07,20230320,-1.3806706114398493,-2.3668639053254448,20230322,-0.7889546351084853,-3.3530571992110403,20230327,16.17357001972386,-3.3530571992110403
002436,002436.SZ,兴森科技,元器件,20230315,11.71,66.25539290087622,66.25539290087622,0.0,2.66,5.6177,22333.97,6.469648562300309,sideways,BULL_TREND,70.57131228632325,74.49414270500515,100.0,65.0,65.51761091768404,43.333333333333336,0.0,75.38903748720587,0.0,1,1,E_ablate_accel_vr1.2,True,,20230316,11.63,20230320,6.104901117798778,-0.17196904557180703,20230322,11.2639724849527,-0.17196904557180703,20230327,13.757523645743763,-0.17196904557180703
603936,603936.SH,博敏电子,元器件,20230315,13.98,65.94762258291183,65.94762258291183,0.0,2.42,5.3059,10896.74,7.3558648111331975,sideways,BULL_TREND,63.75035237499349,89.26441351888663,100.0,65.0,65.51761091768404,63.33333333333333,0.0,54.91721484949106,0.0,2,2,E_ablate_accel_vr1.2,True,,20230316,13.88,20230320,1.1527377521613813,-1.2968299711815678,20230322,2.089337175792494,-1.2968299711815678,20230327,5.259365994236309,-1.2968299711815678
600906,600906.SH,财达证券,证券,20230315,8.0,60.95065629864775,60.95065629864775,0.0,4.03,3.1921,2653.56,6.213364595545127,sideways,BULL_TREND,100.0,70.22274325908546,26.5356,80.0,35.01387926899943,33.33333333333333,0.0,93.32193520526974,0.0,3,3,E_ablate_accel_vr1.2,True,,20230316,7.87,20230320,1.270648030495547,-1.143583227445999,20230322,1.6518424396442244,-1.143583227445999,20230327,2.287166454891998,-1.143583227445999
301236,301236.SZ,软通动力,软件服务,20230316,38.89,53.63089680362854,63.63089680362854,0.0,2.26,11.1644,5280.45,8.494117647058824,bear,BULL_TREND,58.81613863202314,100.0,52.8045,60.0,43.58278376009264,30.0,84.89800000000001,85.58707283807962,0.0,1,1,A_recovered_proxy_vr1.5,True,,20230317,39.2,20230321,5.357142857142838,-0.7397959183673586,20230323,-8.545918367346939,-12.704081632653075,20230328,32.37244897959184,-12.704081632653075
600303,600303.SH,曙光股份,汽车整车,20230316,5.7,47.42199395451907,57.42199395451907,0.0,3.11,7.8666,2304.51,5.629139072847679,bear,BULL_TREND,81.84572901779389,60.48565121412799,23.0451,100.0,52.37421467039131,33.33333333333333,100.0,65.17399530225741,0.0,2,2,A_recovered_proxy_vr1.5,True,,20230317,5.73,20230321,2.7923211169284423,-1.7452006980802848,20230323,13.263525305410106,-1.7452006980802848,20230328,5.933682373472937,-1.7452006980802848
603029,603029.SH,天鹅股份,农用机械,20230316,25.46,47.23097707740654,57.23097707740654,0.0,2.1,8.8621,3644.78,8.25225225225225,bear,BULL_TREND,53.5194663945699,100.0,36.4478,60.0,54.02920303854516,43.333333333333336,100.0,39.26592790127269,0.0,3,3,A_recovered_proxy_vr1.5,True,,20230317,25.0,20230321,0.27999999999999137,-3.599999999999992,20230323,-2.2399999999999975,-3.599999999999992,20230328,-3.4399999999999986,-3.599999999999992
301236,301236.SZ,软通动力,软件服务,20230316,38.89,53.63089680362854,63.63089680362854,0.0,2.26,11.1644,5280.45,8.494117647058824,bear,BULL_TREND,58.81613863202314,100.0,52.8045,60.0,43.58278376009264,30.0,84.89800000000001,85.58707283807962,0.0,1,1,B_pure_quant_vr1.5,True,,20230317,39.2,20230321,5.357142857142838,-0.7397959183673586,20230323,-8.545918367346939,-12.704081632653075,20230328,32.37244897959184,-12.704081632653075
600303,600303.SH,曙光股份,汽车整车,20230316,5.7,47.42199395451907,57.42199395451907,0.0,3.11,7.8666,2304.51,5.629139072847679,bear,BULL_TREND,81.84572901779389,60.48565121412799,23.0451,100.0,52.37421467039131,33.33333333333333,100.0,65.17399530225741,0.0,2,2,B_pure_quant_vr1.5,True,,20230317,5.73,20230321,2.7923211169284423,-1.7452006980802848,20230323,13.263525305410106,-1.7452006980802848,20230328,5.933682373472937,-1.7452006980802848
603029,603029.SH,天鹅股份,农用机械,20230316,25.46,47.23097707740654,57.23097707740654,0.0,2.1,8.8621,3644.78,8.25225225225225,bear,BULL_TREND,53.5194663945699,100.0,36.4478,60.0,54.02920303854516,43.333333333333336,100.0,39.26592790127269,0.0,3,3,B_pure_quant_vr1.5,True,,20230317,25.0,20230321,0.27999999999999137,-3.599999999999992,20230323,-2.2399999999999975,-3.599999999999992,20230328,-3.4399999999999986,-3.599999999999992
301236,301236.SZ,软通动力,软件服务,20230316,38.89,66.87825454340714,69.28434442189014,7.593910121516993,2.26,11.1644,5280.45,8.494117647058824,bear,BULL_TREND,58.81613863202314,100.0,52.8045,80.0,75.93910121516993,30.0,84.89800000000001,85.58707283807962,0.0,1,1,A_recovered_proxy_vr1.2,True,,20230317,39.2,20230321,5.357142857142838,-0.7397959183673586,20230323,-8.545918367346939,-12.704081632653075,20230328,32.37244897959184,-12.704081632653075
002230,002230.SZ,科大讯飞,软件服务,20230316,48.87,54.19224581487049,56.59833569335349,7.593910121516993,1.41,3.319,96368.98,6.949733434881961,bear,BULL_TREND,24.78475813120344,82.49555724803268,100.0,40.0,75.93910121516993,10.0,52.596,51.899342730383836,0.0,2,2,A_recovered_proxy_vr1.2,True,,20230317,49.98,20230321,1.6806722689075793,-0.36014405762304635,20230323,13.4653861544618,-0.8003201280512129,20230328,16.526610644257712,-0.8003201280512129
603029,603029.SH,天鹅股份,农用机械,20230316,25.46,52.05203937726885,56.881862275011216,5.170177102257632,2.1,8.8621,3644.78,8.25225225225225,bear,BULL_TREND,53.5194663945699,100.0,36.4478,60.0,51.701771022576324,43.333333333333336,100.0,39.26592790127269,0.0,3,3,A_recovered_proxy_vr1.2,True,,20230317,25.0,20230321,0.27999999999999137,-3.599999999999992,20230323,-2.2399999999999975,-3.599999999999992,20230328,-3.4399999999999986,-3.599999999999992
301236,301236.SZ,软通动力,软件服务,20230316,38.89,59.28434442189014,69.28434442189014,0.0,2.26,11.1644,5280.45,8.494117647058824,bear,BULL_TREND,58.81613863202314,100.0,52.8045,80.0,75.93910121516993,30.0,84.89800000000001,85.58707283807962,0.0,1,1,D_pure_quant_vr1.2,True,,20230317,39.2,20230321,5.357142857142838,-0.7397959183673586,20230323,-8.545918367346939,-12.704081632653075,20230328,32.37244897959184,-12.704081632653075
600303,600303.SH,曙光股份,汽车整车,20230316,5.7,47.20125674863338,57.20125674863338,0.0,3.11,7.8666,2304.51,5.629139072847679,bear,BULL_TREND,81.84572901779389,60.48565121412799,23.0451,100.0,50.90263329782003,33.33333333333333,100.0,65.17399530225741,0.0,2,2,D_pure_quant_vr1.2,True,,20230317,5.73,20230321,2.7923211169284423,-1.7452006980802848,20230323,13.263525305410106,-1.7452006980802848,20230328,5.933682373472937,-1.7452006980802848
603029,603029.SH,天鹅股份,农用机械,20230316,25.46,46.881862275011216,56.881862275011216,0.0,2.1,8.8621,3644.78,8.25225225225225,bear,BULL_TREND,53.5194663945699,100.0,36.4478,60.0,51.701771022576324,43.333333333333336,100.0,39.26592790127269,0.0,3,3,D_pure_quant_vr1.2,True,,20230317,25.0,20230321,0.27999999999999137,-3.599999999999992,20230323,-2.2399999999999975,-3.599999999999992,20230328,-3.4399999999999986,-3.599999999999992
301236,301236.SZ,软通动力,软件服务,20230316,38.89,47.89347923961464,57.89347923961464,0.0,2.26,11.1644,5280.45,8.494117647058824,bear,BULL_TREND,58.81613863202314,100.0,52.8045,80.0,75.93910121516993,30.0,84.89800000000001,85.58707283807962,0.0,1,1,E_ablate_sector_vr1.2,True,,20230317,39.2,20230321,5.357142857142838,-0.7397959183673586,20230323,-8.545918367346939,-12.704081632653075,20230328,32.37244897959184,-12.704081632653075
301236,301236.SZ,软通动力,软件服务,20230316,38.89,52.94780442189013,62.94780442189013,0.0,2.26,11.1644,5280.45,8.494117647058824,bear,BULL_TREND,58.81613863202314,100.0,52.8045,80.0,75.93910121516993,30.0,84.89800000000001,85.58707283807962,0.0,1,1,E_ablate_inflow_vr1.2,True,,20230317,39.2,20230321,5.357142857142838,-0.7397959183673586,20230323,-8.545918367346939,-12.704081632653075,20230328,32.37244897959184,-12.704081632653075
301236,301236.SZ,软通动力,软件服务,20230316,38.89,49.01389568132058,59.01389568132058,0.0,2.26,11.1644,5280.45,8.494117647058824,bear,BULL_TREND,58.81613863202314,100.0,52.8045,80.0,75.93910121516993,30.0,84.89800000000001,85.58707283807962,0.0,1,1,E_ablate_wyckoff_vr1.2,True,,20230317,39.2,20230321,5.357142857142838,-0.7397959183673586,20230323,-8.545918367346939,-12.704081632653075,20230328,32.37244897959184,-12.704081632653075
301236,301236.SZ,软通动力,软件服务,20230316,38.89,59.28434442189014,69.28434442189014,0.0,2.26,11.1644,5280.45,8.494117647058824,bear,BULL_TREND,58.81613863202314,100.0,52.8045,80.0,75.93910121516993,30.0,84.89800000000001,85.58707283807962,0.0,1,1,E_ablate_accel_vr1.2,True,,20230317,39.2,20230321,5.357142857142838,-0.7397959183673586,20230323,-8.545918367346939,-12.704081632653075,20230328,32.37244897959184,-12.704081632653075
600303,600303.SH,曙光股份,汽车整车,20230316,5.7,47.20125674863338,57.20125674863338,0.0,3.11,7.8666,2304.51,5.629139072847679,bear,BULL_TREND,81.84572901779389,60.48565121412799,23.0451,100.0,50.90263329782003,33.33333333333333,100.0,65.17399530225741,0.0,2,2,E_ablate_accel_vr1.2,True,,20230317,5.73,20230321,2.7923211169284423,-1.7452006980802848,20230323,13.263525305410106,-1.7452006980802848,20230328,5.933682373472937,-1.7452006980802848
603029,603029.SH,天鹅股份,农用机械,20230316,25.46,46.881862275011216,56.881862275011216,0.0,2.1,8.8621,3644.78,8.25225225225225,bear,BULL_TREND,53.5194663945699,100.0,36.4478,60.0,51.701771022576324,43.333333333333336,100.0,39.26592790127269,0.0,3,3,E_ablate_accel_vr1.2,True,,20230317,25.0,20230321,0.27999999999999137,-3.599999999999992,20230323,-2.2399999999999975,-3.599999999999992,20230328,-3.4399999999999986,-3.599999999999992
002174,002174.SZ,游族网络,互联网,20230317,11.4,72.5103526017051,63.25634794322482,9.254004658480273,1.77,3.1058,8863.83,9.379968203497613,sideways,BULL_TREND,41.187468015413636,100.0,88.6383,40.0,92.54004658480272,53.333333333333336,0.0,41.75696104538952,0.0,1,1,A_recovered_proxy_vr1.5,True,,20230320,11.92,20230322,8.221476510067127,-0.1677852348993203,20230324,10.654362416107377,-0.1677852348993203,20230329,3.523489932885915,-0.1677852348993203
002148,002148.SZ,北纬科技,互联网,20230317,6.31,69.96489333715839,60.71088867867811,9.254004658480273,1.93,7.3588,6357.71,7.20588235294118,sideways,BULL_TREND,47.430042374667785,86.76470588235301,63.5771,80.0,92.54004658480272,63.33333333333333,0.0,43.42598673122048,0.0,2,2,A_recovered_proxy_vr1.5,True,,20230320,6.29,20230322,4.610492845786962,-2.384737678855331,20230324,5.882352941176472,-2.384737678855331,20230329,3.974562798092207,-2.384737678855331
002194,002194.SZ,武汉凡谷,通信设备,20230317,10.58,66.69369410036005,58.068847927577615,8.624846172782428,1.51,5.5267,9146.13,7.192982456140354,sideways,BULL_TREND,29.727427477517708,86.54970760233923,91.4613,65.0,86.24846172782428,53.333333333333336,0.0,40.904885701406506,0.0,3,3,A_recovered_proxy_vr1.5,True,,20230320,10.62,20230322,4.331450094161959,-2.730696798493404,20230324,5.932203389830515,-2.730696798493404,20230329,6.779661016949157,-2.730696798493404
002174,002174.SZ,游族网络,互联网,20230317,11.4,63.25634794322482,63.25634794322482,0.0,1.77,3.1058,8863.83,9.379968203497613,sideways,BULL_TREND,41.187468015413636,100.0,88.6383,40.0,92.54004658480272,53.333333333333336,0.0,41.75696104538952,0.0,1,1,B_pure_quant_vr1.5,True,,20230320,11.92,20230322,8.221476510067127,-0.1677852348993203,20230324,10.654362416107377,-0.1677852348993203,20230329,3.523489932885915,-0.1677852348993203
002148,002148.SZ,北纬科技,互联网,20230317,6.31,60.71088867867811,60.71088867867811,0.0,1.93,7.3588,6357.71,7.20588235294118,sideways,BULL_TREND,47.430042374667785,86.76470588235301,63.5771,80.0,92.54004658480272,63.33333333333333,0.0,43.42598673122048,0.0,2,2,B_pure_quant_vr1.5,True,,20230320,6.29,20230322,4.610492845786962,-2.384737678855331,20230324,5.882352941176472,-2.384737678855331,20230329,3.974562798092207,-2.384737678855331
000663,000663.SZ,永安林业,林业,20230317,9.43,58.99752547714668,58.99752547714668,0.0,3.2,7.4892,5077.51,4.361054766734277,sideways,BULL_TREND,83.90359525563188,43.61054766734277,50.7751,100.0,55.75722920609695,66.66666666666666,0.0,92.95403599870322,0.0,3,3,B_pure_quant_vr1.5,True,,20230320,9.43,20230322,6.574761399787921,-0.21208907741251393,20230324,2.75715800636267,-0.21208907741251393,20230329,-3.6055143160127257,-4.135737009544016
002174,002174.SZ,游族网络,互联网,20230317,11.4,71.84137287018066,62.854960104310166,8.986412765870503,1.77,3.1058,8863.83,9.379968203497613,sideways,BULL_TREND,41.187468015413636,100.0,88.6383,40.0,89.86412765870503,53.333333333333336,0.0,41.75696104538952,0.0,1,1,A_recovered_proxy_vr1.2,True,,20230320,11.92,20230322,8.221476510067127,-0.1677852348993203,20230324,10.654362416107377,-0.1677852348993203,20230329,3.523489932885915,-0.1677852348993203
002148,002148.SZ,北纬科技,互联网,20230317,6.31,69.29591360563396,60.30950083976346,8.986412765870503,1.93,7.3588,6357.71,7.20588235294118,sideways,BULL_TREND,47.430042374667785,86.76470588235301,63.5771,80.0,89.86412765870503,63.33333333333333,0.0,43.42598673122048,0.0,2,2,A_recovered_proxy_vr1.2,True,,20230320,6.29,20230322,4.610492845786962,-2.384737678855331,20230324,5.882352941176472,-2.384737678855331,20230329,3.974562798092207,-2.384737678855331
002194,002194.SZ,武汉凡谷,通信设备,20230317,10.58,67.90840774513629,58.79767611444336,9.11073163069293,1.51,5.5267,9146.13,7.192982456140354,sideways,BULL_TREND,29.727427477517708,86.54970760233923,91.4613,65.0,91.10731630692929,53.333333333333336,0.0,40.904885701406506,0.0,3,3,A_recovered_proxy_vr1.2,True,,20230320,10.62,20230322,4.331450094161959,-2.730696798493404,20230324,5.932203389830515,-2.730696798493404,20230329,6.779661016949157,-2.730696798493404
002174,002174.SZ,游族网络,互联网,20230317,11.4,62.854960104310166,62.854960104310166,0.0,1.77,3.1058,8863.83,9.379968203497613,sideways,BULL_TREND,41.187468015413636,100.0,88.6383,40.0,89.86412765870503,53.333333333333336,0.0,41.75696104538952,0.0,1,1,D_pure_quant_vr1.2,True,,20230320,11.92,20230322,8.221476510067127,-0.1677852348993203,20230324,10.654362416107377,-0.1677852348993203,20230329,3.523489932885915,-0.1677852348993203
002148,002148.SZ,北纬科技,互联网,20230317,6.31,60.30950083976346,60.30950083976346,0.0,1.93,7.3588,6357.71,7.20588235294118,sideways,BULL_TREND,47.430042374667785,86.76470588235301,63.5771,80.0,89.86412765870503,63.33333333333333,0.0,43.42598673122048,0.0,2,2,D_pure_quant_vr1.2,True,,20230320,6.29,20230322,4.610492845786962,-2.384737678855331,20230324,5.882352941176472,-2.384737678855331,20230329,3.974562798092207,-2.384737678855331
000663,000663.SZ,永安林业,林业,20230317,9.43,58.89297867087256,58.89297867087256,0.0,3.2,7.4892,5077.51,4.361054766734277,sideways,BULL_TREND,83.90359525563188,43.61054766734277,50.7751,100.0,55.06025049760278,66.66666666666666,0.0,92.95403599870322,0.0,3,3,D_pure_quant_vr1.2,True,,20230320,9.43,20230322,6.574761399787921,-0.21208907741251393,20230324,2.75715800636267,-0.21208907741251393,20230329,-3.6055143160127257,-4.135737009544016
000663,000663.SZ,永安林业,林业,20230317,9.43,50.63394109623214,50.63394109623214,0.0,3.2,7.4892,5077.51,4.361054766734277,sideways,BULL_TREND,83.90359525563188,43.61054766734277,50.7751,100.0,55.06025049760278,66.66666666666666,0.0,92.95403599870322,0.0,1,1,E_ablate_sector_vr1.2,True,,20230320,9.43,20230322,6.574761399787921,-0.21208907741251393,20230324,2.75715800636267,-0.21208907741251393,20230329,-3.6055143160127257,-4.135737009544016
600880,600880.SH,博瑞传播,广告包装,20230317,5.62,49.48154451095926,49.48154451095926,0.0,1.9,3.7335,4549.47,9.061488673139152,sideways,BULL_TREND,46.29997092781115,100.0,45.4947,80.0,39.779763106314775,43.333333333333336,0.0,64.7460020014512,0.0,2,2,E_ablate_sector_vr1.2,True,,20230320,5.67,20230322,4.761904761904767,-1.2345679012345734,20230324,8.112874779541436,-1.2345679012345734,20230329,5.996472663139318,-1.2345679012345734
002174,002174.SZ,游族网络,互联网,20230317,11.4,49.375340955504406,49.375340955504406,0.0,1.77,3.1058,8863.83,9.379968203497613,sideways,BULL_TREND,41.187468015413636,100.0,88.6383,40.0,89.86412765870503,53.333333333333336,0.0,41.75696104538952,0.0,3,3,E_ablate_sector_vr1.2,True,,20230320,11.92,20230322,8.221476510067127,-0.1677852348993203,20230324,10.654362416107377,-0.1677852348993203,20230329,3.523489932885915,-0.1677852348993203
000663,000663.SZ,永安林业,林业,20230317,9.43,52.79996667087256,52.79996667087256,0.0,3.2,7.4892,5077.51,4.361054766734277,sideways,BULL_TREND,83.90359525563188,43.61054766734277,50.7751,100.0,55.06025049760278,66.66666666666666,0.0,92.95403599870322,0.0,1,1,E_ablate_inflow_vr1.2,True,,20230320,9.43,20230322,6.574761399787921,-0.21208907741251393,20230324,2.75715800636267,-0.21208907741251393,20230329,-3.6055143160127257,-4.135737009544016
002148,002148.SZ,北纬科技,互联网,20230317,6.31,52.68024883976346,52.68024883976346,0.0,1.93,7.3588,6357.71,7.20588235294118,sideways,BULL_TREND,47.430042374667785,86.76470588235301,63.5771,80.0,89.86412765870503,63.33333333333333,0.0,43.42598673122048,0.0,2,2,E_ablate_inflow_vr1.2,True,,20230320,6.29,20230322,4.610492845786962,-2.384737678855331,20230324,5.882352941176472,-2.384737678855331,20230329,3.974562798092207,-2.384737678855331
002174,002174.SZ,游族网络,互联网,20230317,11.4,52.21836410431016,52.21836410431016,0.0,1.77,3.1058,8863.83,9.379968203497613,sideways,BULL_TREND,41.187468015413636,100.0,88.6383,40.0,89.86412765870503,53.333333333333336,0.0,41.75696104538952,0.0,3,3,E_ablate_inflow_vr1.2,True,,20230320,11.92,20230322,8.221476510067127,-0.1677852348993203,20230324,10.654362416107377,-0.1677852348993203,20230329,3.523489932885915,-0.1677852348993203
002174,002174.SZ,游族网络,互联网,20230317,11.4,57.844124778863424,57.844124778863424,0.0,1.77,3.1058,8863.83,9.379968203497613,sideways,BULL_TREND,41.187468015413636,100.0,88.6383,40.0,89.86412765870503,53.333333333333336,0.0,41.75696104538952,0.0,1,1,E_ablate_wyckoff_vr1.2,True,,20230320,11.92,20230322,8.221476510067127,-0.1677852348993203,20230324,10.654362416107377,-0.1677852348993203,20230329,3.523489932885915,-0.1677852348993203
002148,002148.SZ,北纬科技,互联网,20230317,6.31,55.098382432017,55.098382432017,0.0,1.93,7.3588,6357.71,7.20588235294118,sideways,BULL_TREND,47.430042374667785,86.76470588235301,63.5771,80.0,89.86412765870503,63.33333333333333,0.0,43.42598673122048,0.0,2,2,E_ablate_wyckoff_vr1.2,True,,20230320,6.29,20230322,4.610492845786962,-2.384737678855331,20230324,5.882352941176472,-2.384737678855331,20230329,3.974562798092207,-2.384737678855331
002194,002194.SZ,武汉凡谷,通信设备,20230317,10.58,53.889089830274585,53.889089830274585,0.0,1.51,5.5267,9146.13,7.192982456140354,sideways,BULL_TREND,29.727427477517708,86.54970760233923,91.4613,65.0,91.10731630692929,53.333333333333336,0.0,40.904885701406506,0.0,3,3,E_ablate_wyckoff_vr1.2,True,,20230320,10.62,20230322,4.331450094161959,-2.730696798493404,20230324,5.932203389830515,-2.730696798493404,20230329,6.779661016949157,-2.730696798493404
002174,002174.SZ,游族网络,互联网,20230317,11.4,62.854960104310166,62.854960104310166,0.0,1.77,3.1058,8863.83,9.379968203497613,sideways,BULL_TREND,41.187468015413636,100.0,88.6383,40.0,89.86412765870503,53.333333333333336,0.0,41.75696104538952,0.0,1,1,E_ablate_accel_vr1.2,True,,20230320,11.92,20230322,8.221476510067127,-0.1677852348993203,20230324,10.654362416107377,-0.1677852348993203,20230329,3.523489932885915,-0.1677852348993203
002148,002148.SZ,北纬科技,互联网,20230317,6.31,60.30950083976346,60.30950083976346,0.0,1.93,7.3588,6357.71,7.20588235294118,sideways,BULL_TREND,47.430042374667785,86.76470588235301,63.5771,80.0,89.86412765870503,63.33333333333333,0.0,43.42598673122048,0.0,2,2,E_ablate_accel_vr1.2,True,,20230320,6.29,20230322,4.610492845786962,-2.384737678855331,20230324,5.882352941176472,-2.384737678855331,20230329,3.974562798092207,-2.384737678855331
000663,000663.SZ,永安林业,林业,20230317,9.43,58.89297867087256,58.89297867087256,0.0,3.2,7.4892,5077.51,4.361054766734277,sideways,BULL_TREND,83.90359525563188,43.61054766734277,50.7751,100.0,55.06025049760278,66.66666666666666,0.0,92.95403599870322,0.0,3,3,E_ablate_accel_vr1.2,True,,20230320,9.43,20230322,6.574761399787921,-0.21208907741251393,20230324,2.75715800636267,-0.21208907741251393,20230329,-3.6055143160127257,-4.135737009544016
002241,002241.SZ,歌尔股份,元器件,20230320,20.53,72.76565942646806,64.261724404775,8.503935021693069,2.1,5.5358,59979.11,6.893424036281178,bear,BULL_TREND,53.5194663945699,81.55706727135296,100.0,65.0,85.03935021693069,33.33333333333333,0.0,54.35264832554749,0.0,1,1,A_recovered_proxy_vr1.5,True,,20230321,20.27,20230323,9.27479033053773,-0.3453379378391741,20230327,9.324124321657635,-0.3453379378391741,20230330,5.081401085347803,-0.3453379378391741
002045,002045.SZ,国光电器,元器件,20230320,15.58,66.25772151281652,57.75378649112345,8.503935021693069,1.66,10.2707,11561.69,6.7065868263473005,bear,BULL_TREND,36.559162078609994,78.443113772455,100.0,80.0,85.03935021693069,66.66666666666666,0.0,26.36708281680176,0.0,2,2,A_recovered_proxy_vr1.5,True,,20230321,15.24,20230323,8.005249343832022,-1.3123359580052618,20230327,28.543307086614167,-1.3123359580052618,20230330,14.82939632545932,-1.3123359580052618
002425,002425.SZ,凯撒文化,互联网,20230320,5.66,51.35877203592808,51.35877203592808,0.0,2.23,6.8874,1144.15,15.898959881129276,bear,BULL_TREND,57.852185507278996,91.01040118870725,11.441500000000001,65.0,37.48161421115467,33.33333333333333,0.0,69.55928470392695,0.0,3,3,A_recovered_proxy_vr1.5,True,,20230321,5.63,20230323,7.104795737122571,-0.8880994671403131,20230327,11.012433392539966,-0.8880994671403131,20230330,5.150976909413862,-0.8880994671403131
002241,002241.SZ,歌尔股份,元器件,20230320,20.53,64.261724404775,64.261724404775,0.0,2.1,5.5358,59979.11,6.893424036281178,bear,BULL_TREND,53.5194663945699,81.55706727135296,100.0,65.0,85.03935021693069,33.33333333333333,0.0,54.35264832554749,0.0,1,1,B_pure_quant_vr1.5,True,,20230321,20.27,20230323,9.27479033053773,-0.3453379378391741,20230327,9.324124321657635,-0.3453379378391741,20230330,5.081401085347803,-0.3453379378391741
002045,002045.SZ,国光电器,元器件,20230320,15.58,57.75378649112345,57.75378649112345,0.0,1.66,10.2707,11561.69,6.7065868263473005,bear,BULL_TREND,36.559162078609994,78.443113772455,100.0,80.0,85.03935021693069,66.66666666666666,0.0,26.36708281680176,0.0,2,2,B_pure_quant_vr1.5,True,,20230321,15.24,20230323,8.005249343832022,-1.3123359580052618,20230327,28.543307086614167,-1.3123359580052618,20230330,14.82939632545932,-1.3123359580052618
002425,002425.SZ,凯撒文化,互联网,20230320,5.66,51.35877203592808,51.35877203592808,0.0,2.23,6.8874,1144.15,15.898959881129276,bear,BULL_TREND,57.852185507278996,91.01040118870725,11.441500000000001,65.0,37.48161421115467,33.33333333333333,0.0,69.55928470392695,0.0,3,3,B_pure_quant_vr1.5,True,,20230321,5.63,20230323,7.104795737122571,-0.8880994671403131,20230327,11.012433392539966,-0.8880994671403131,20230330,5.150976909413862,-0.8880994671403131
002241,002241.SZ,歌尔股份,元器件,20230320,20.53,71.09571357505718,63.25975689392847,7.835956681128713,2.1,5.5358,59979.11,6.893424036281178,bear,BULL_TREND,53.5194663945699,81.55706727135296,100.0,65.0,78.35956681128712,33.33333333333333,0.0,54.35264832554749,0.0,1,1,A_recovered_proxy_vr1.2,True,,20230321,20.27,20230323,9.27479033053773,-0.3453379378391741,20230327,9.324124321657635,-0.3453379378391741,20230330,5.081401085347803,-0.3453379378391741
002045,002045.SZ,国光电器,元器件,20230320,15.58,65.38777566140563,57.55181898027691,7.835956681128713,1.66,10.2707,11561.69,6.7065868263473005,bear,BULL_TREND,36.559162078609994,78.443113772455,100.0,100.0,78.35956681128712,66.66666666666666,0.0,26.36708281680176,0.0,2,2,A_recovered_proxy_vr1.2,True,,20230321,15.24,20230323,8.005249343832022,-1.3123359580052618,20230327,28.543307086614167,-1.3123359580052618,20230330,14.82939632545932,-1.3123359580052618
605111,605111.SH,新洁能,半导体,20230320,79.4,57.22139557278713,50.23802724441244,6.983368328374685,1.64,4.9935,10320.78,4.314292600626655,bear,BULL_TREND,35.68479074216794,43.14292600626655,100.0,40.0,69.83368328374685,33.33333333333333,0.0,67.95175333773469,0.0,3,3,A_recovered_proxy_vr1.2,True,,20230321,80.99,20230323,2.901592789233254,-1.3705395727867664,20230327,0.6790961847141785,-1.3705395727867664,20230330,3.1855784664773346,-2.000246944067152
002241,002241.SZ,歌尔股份,元器件,20230320,20.53,63.25975689392847,63.25975689392847,0.0,2.1,5.5358,59979.11,6.893424036281178,bear,BULL_TREND,53.5194663945699,81.55706727135296,100.0,65.0,78.35956681128712,33.33333333333333,0.0,54.35264832554749,0.0,1,1,D_pure_quant_vr1.2,True,,20230321,20.27,20230323,9.27479033053773,-0.3453379378391741,20230327,9.324124321657635,-0.3453379378391741,20230330,5.081401085347803,-0.3453379378391741
002045,002045.SZ,国光电器,元器件,20230320,15.58,57.55181898027691,57.55181898027691,0.0,1.66,10.2707,11561.69,6.7065868263473005,bear,BULL_TREND,36.559162078609994,78.443113772455,100.0,100.0,78.35956681128712,66.66666666666666,0.0,26.36708281680176,0.0,2,2,D_pure_quant_vr1.2,True,,20230321,15.24,20230323,8.005249343832022,-1.3123359580052618,20230327,28.543307086614167,-1.3123359580052618,20230330,14.82939632545932,-1.3123359580052618
002425,002425.SZ,凯撒文化,互联网,20230320,5.66,51.09926922052036,51.09926922052036,0.0,2.23,6.8874,1144.15,15.898959881129276,bear,BULL_TREND,57.852185507278996,91.01040118870725,11.441500000000001,65.0,35.751595441769915,33.33333333333333,0.0,69.55928470392695,0.0,3,3,D_pure_quant_vr1.2,True,,20230321,5.63,20230323,7.104795737122571,-0.8880994671403131,20230327,11.012433392539966,-0.8880994671403131,20230330,5.150976909413862,-0.8880994671403131
002241,002241.SZ,歌尔股份,元器件,20230320,20.53,51.5058218722354,51.5058218722354,0.0,2.1,5.5358,59979.11,6.893424036281178,bear,BULL_TREND,53.5194663945699,81.55706727135296,100.0,65.0,78.35956681128712,33.33333333333333,0.0,54.35264832554749,0.0,1,1,E_ablate_sector_vr1.2,True,,20230321,20.27,20230323,9.27479033053773,-0.3453379378391741,20230327,9.324124321657635,-0.3453379378391741,20230330,5.081401085347803,-0.3453379378391741
002329,002329.SZ,皇氏集团,乳制品,20230320,7.03,46.706528595964876,46.706528595964876,0.0,2.35,7.0257,1640.89,16.009557945041806,bear,BULL_TREND,61.63303783951375,89.90442054958194,16.408900000000003,100.0,27.400443667324875,66.66666666666666,0.0,50.54905347525407,0.0,2,2,E_ablate_sector_vr1.2,True,,20230321,7.03,20230323,-2.7027027027027084,-2.8449502133712667,20230327,-0.9957325746799417,-2.8449502133712667,20230330,-4.836415362731151,-5.547652916073975
002045,002045.SZ,国光电器,元器件,20230320,15.58,45.797883958583846,45.797883958583846,0.0,1.66,10.2707,11561.69,6.7065868263473005,bear,BULL_TREND,36.559162078609994,78.443113772455,100.0,100.0,78.35956681128712,66.66666666666666,0.0,26.36708281680176,0.0,3,3,E_ablate_sector_vr1.2,True,,20230321,15.24,20230323,8.005249343832022,-1.3123359580052618,20230327,28.543307086614167,-1.3123359580052618,20230330,14.82939632545932,-1.3123359580052618
002241,002241.SZ,歌尔股份,元器件,20230320,20.53,51.59197614526536,51.59197614526536,0.0,2.1,5.5358,59979.11,6.893424036281178,bear,BULL_TREND,53.5194663945699,81.55706727135296,100.0,65.0,80.57436182019978,33.33333333333333,0.0,54.35264832554749,0.0,1,1,E_ablate_inflow_vr1.2,True,,20230321,20.27,20230323,9.27479033053773,-0.3453379378391741,20230327,9.324124321657635,-0.3453379378391741,20230330,5.081401085347803,-0.3453379378391741
002425,002425.SZ,凯撒文化,互联网,20230320,5.66,50.62742525410261,50.62742525410261,0.0,2.23,6.8874,1144.15,15.898959881129276,bear,BULL_TREND,57.852185507278996,91.01040118870725,11.441500000000001,65.0,41.75916899898488,33.33333333333333,0.0,69.55928470392695,0.0,2,2,E_ablate_inflow_vr1.2,True,,20230321,5.63,20230323,7.104795737122571,-0.8880994671403131,20230327,11.012433392539966,-0.8880994671403131,20230330,5.150976909413862,-0.8880994671403131
002329,002329.SZ,皇氏集团,乳制品,20230320,7.03,48.85223791754189,48.85223791754189,0.0,2.35,7.0257,1640.89,16.009557945041806,bear,BULL_TREND,61.63303783951375,89.90442054958194,16.408900000000003,100.0,27.431848810513443,66.66666666666666,0.0,50.54905347525407,0.0,3,3,E_ablate_inflow_vr1.2,True,,20230321,7.03,20230323,-2.7027027027027084,-2.8449502133712667,20230327,-0.9957325746799417,-2.8449502133712667,20230330,-4.836415362731151,-5.547652916073975
002241,002241.SZ,歌尔股份,元器件,20230320,20.53,56.737439094862765,56.737439094862765,0.0,2.1,5.5358,59979.11,6.893424036281178,bear,BULL_TREND,53.5194663945699,81.55706727135296,100.0,65.0,78.35956681128712,33.33333333333333,0.0,54.35264832554749,0.0,1,1,E_ablate_wyckoff_vr1.2,True,,20230321,20.27,20230323,9.27479033053773,-0.3453379378391741,20230327,9.324124321657635,-0.3453379378391741,20230330,5.081401085347803,-0.3453379378391741
002045,002045.SZ,国光电器,元器件,20230320,15.58,54.3877690422607,54.3877690422607,0.0,1.66,10.2707,11561.69,6.7065868263473005,bear,BULL_TREND,36.559162078609994,78.443113772455,100.0,100.0,78.35956681128712,66.66666666666666,0.0,26.36708281680176,0.0,2,2,E_ablate_wyckoff_vr1.2,True,,20230321,15.24,20230323,8.005249343832022,-1.3123359580052618,20230327,28.543307086614167,-1.3123359580052618,20230330,14.82939632545932,-1.3123359580052618
002241,002241.SZ,歌尔股份,元器件,20230320,20.53,63.25975689392847,63.25975689392847,0.0,2.1,5.5358,59979.11,6.893424036281178,bear,BULL_TREND,53.5194663945699,81.55706727135296,100.0,65.0,78.35956681128712,33.33333333333333,0.0,54.35264832554749,0.0,1,1,E_ablate_accel_vr1.2,True,,20230321,20.27,20230323,9.27479033053773,-0.3453379378391741,20230327,9.324124321657635,-0.3453379378391741,20230330,5.081401085347803,-0.3453379378391741
002045,002045.SZ,国光电器,元器件,20230320,15.58,57.55181898027691,57.55181898027691,0.0,1.66,10.2707,11561.69,6.7065868263473005,bear,BULL_TREND,36.559162078609994,78.443113772455,100.0,100.0,78.35956681128712,66.66666666666666,0.0,26.36708281680176,0.0,2,2,E_ablate_accel_vr1.2,True,,20230321,15.24,20230323,8.005249343832022,-1.3123359580052618,20230327,28.543307086614167,-1.3123359580052618,20230330,14.82939632545932,-1.3123359580052618
002425,002425.SZ,凯撒文化,互联网,20230320,5.66,51.09926922052036,51.09926922052036,0.0,2.23,6.8874,1144.15,15.898959881129276,bear,BULL_TREND,57.852185507278996,91.01040118870725,11.441500000000001,65.0,35.751595441769915,33.33333333333333,0.0,69.55928470392695,0.0,3,3,E_ablate_accel_vr1.2,True,,20230321,5.63,20230323,7.104795737122571,-0.8880994671403131,20230327,11.012433392539966,-0.8880994671403131,20230330,5.150976909413862,-0.8880994671403131
002425,002425.SZ,凯撒文化,互联网,20230321,5.78,70.99449807556934,62.483495235381845,8.5110028401875,1.77,6.9118,5405.05,12.951807228915655,sideways,BULL_TREND,41.187468015413636,100.0,54.0505,80.0,85.11002840187498,53.333333333333336,0.0,65.85851120869111,0.0,1,1,A_recovered_proxy_vr1.5,True,,20230322,5.78,20230324,7.26643598615917,-0.34602076124568004,20230328,7.26643598615917,-0.34602076124568004,20230331,6.92041522491349,-0.34602076124568004
600138,600138.SH,中青旅,旅游景点,20230321,14.87,63.760997735347054,57.32844101266594,6.432556722681115,1.64,3.2866,8363.76,7.925696594427241,sideways,BULL_TREND,35.68479074216794,98.76160990712069,83.6376,80.0,64.32556722681115,30.0,0.0,35.54071488167311,0.0,2,2,A_recovered_proxy_vr1.5,True,,20230322,14.87,20230324,-2.151983860121043,-3.0934767989239997,20230328,-1.4122394082044298,-3.0934767989239997,20230331,2.353732347007398,-3.0934767989239997
002033,002033.SZ,丽江股份,旅游景点,20230321,10.83,63.1719560887867,56.73939936610559,6.432556722681115,1.69,4.1426,7058.52,8.838383838383844,sideways,BULL_TREND,37.851162325372975,100.0,70.5852,80.0,64.32556722681115,30.0,0.0,37.442371420848865,0.0,3,3,A_recovered_proxy_vr1.5,True,,20230322,10.86,20230324,-1.3812154696132506,-2.5782688766114115,20230328,-1.1970534069981498,-2.5782688766114115,20230331,1.4732965009208066,-2.5782688766114115
002425,002425.SZ,凯撒文化,互联网,20230321,5.78,62.483495235381845,62.483495235381845,0.0,1.77,6.9118,5405.05,12.951807228915655,sideways,BULL_TREND,41.187468015413636,100.0,54.0505,80.0,85.11002840187498,53.333333333333336,0.0,65.85851120869111,0.0,1,1,B_pure_quant_vr1.5,True,,20230322,5.78,20230324,7.26643598615917,-0.34602076124568004,20230328,7.26643598615917,-0.34602076124568004,20230331,6.92041522491349,-0.34602076124568004
601890,601890.SH,亚星锚链,船舶,20230321,9.79,59.866156791040105,59.866156791040105,0.0,2.36,6.0437,5521.2,12.900355871886129,sideways,BULL_TREND,61.93934297935583,100.0,55.211999999999996,100.0,58.22878406492596,33.33333333333333,0.0,35.108975493135546,0.0,2,2,B_pure_quant_vr1.5,True,,20230322,9.68,20230324,2.169421487603307,-2.169421487603296,20230328,-0.9297520661156966,-2.169421487603296,20230331,-2.5826446280991733,-3.615702479338845
600138,600138.SH,中青旅,旅游景点,20230321,14.87,57.32844101266594,57.32844101266594,0.0,1.64,3.2866,8363.76,7.925696594427241,sideways,BULL_TREND,35.68479074216794,98.76160990712069,83.6376,80.0,64.32556722681115,30.0,0.0,35.54071488167311,0.0,3,3,B_pure_quant_vr1.5,True,,20230322,14.87,20230324,-2.151983860121043,-3.0934767989239997,20230328,-1.4122394082044298,-3.0934767989239997,20230331,2.353732347007398,-3.0934767989239997
002425,002425.SZ,凯撒文化,互联网,20230321,5.78,70.10750097264722,61.951296973628565,8.156203999018645,1.77,6.9118,5405.05,12.951807228915655,sideways,BULL_TREND,41.187468015413636,100.0,54.0505,80.0,81.56203999018645,53.333333333333336,0.0,65.85851120869111,0.0,1,1,A_recovered_proxy_vr1.2,True,,20230322,5.78,20230324,7.26643598615917,-0.34602076124568004,20230328,7.26643598615917,-0.34602076124568004,20230331,6.92041522491349,-0.34602076124568004
601890,601890.SH,亚星锚链,船舶,20230321,9.79,57.78461965950028,57.78461965950028,0.0,2.36,6.0437,5521.2,12.900355871886129,sideways,BULL_TREND,61.93934297935583,100.0,55.211999999999996,100.0,44.351869854660464,33.33333333333333,0.0,35.108975493135546,0.0,2,2,A_recovered_proxy_vr1.2,True,,20230322,9.68,20230324,2.169421487603307,-2.169421487603296,20230328,-0.9297520661156966,-2.169421487603296,20230331,-2.5826446280991733,-3.615702479338845
600138,600138.SH,中青旅,旅游景点,20230321,14.87,54.79889254831629,54.79889254831629,0.0,1.64,3.2866,8363.76,7.925696594427241,sideways,BULL_TREND,35.68479074216794,98.76160990712069,83.6376,80.0,47.46191079781347,30.0,0.0,35.54071488167311,0.0,3,3,A_recovered_proxy_vr1.2,True,,20230322,14.87,20230324,-2.151983860121043,-3.0934767989239997,20230328,-1.4122394082044298,-3.0934767989239997,20230331,2.353732347007398,-3.0934767989239997
002425,002425.SZ,凯撒文化,互联网,20230321,5.78,61.951296973628565,61.951296973628565,0.0,1.77,6.9118,5405.05,12.951807228915655,sideways,BULL_TREND,41.187468015413636,100.0,54.0505,80.0,81.56203999018645,53.333333333333336,0.0,65.85851120869111,0.0,1,1,D_pure_quant_vr1.2,True,,20230322,5.78,20230324,7.26643598615917,-0.34602076124568004,20230328,7.26643598615917,-0.34602076124568004,20230331,6.92041522491349,-0.34602076124568004
601890,601890.SH,亚星锚链,船舶,20230321,9.79,57.78461965950028,57.78461965950028,0.0,2.36,6.0437,5521.2,12.900355871886129,sideways,BULL_TREND,61.93934297935583,100.0,55.211999999999996,100.0,44.351869854660464,33.33333333333333,0.0,35.108975493135546,0.0,2,2,D_pure_quant_vr1.2,True,,20230322,9.68,20230324,2.169421487603307,-2.169421487603296,20230328,-0.9297520661156966,-2.169421487603296,20230331,-2.5826446280991733,-3.615702479338845
600138,600138.SH,中青旅,旅游景点,20230321,14.87,54.79889254831629,54.79889254831629,0.0,1.64,3.2866,8363.76,7.925696594427241,sideways,BULL_TREND,35.68479074216794,98.76160990712069,83.6376,80.0,47.46191079781347,30.0,0.0,35.54071488167311,0.0,3,3,D_pure_quant_vr1.2,True,,20230322,14.87,20230324,-2.151983860121043,-3.0934767989239997,20230328,-1.4122394082044298,-3.0934767989239997,20230331,2.353732347007398,-3.0934767989239997
601890,601890.SH,亚星锚链,船舶,20230321,9.79,51.13183918130121,51.13183918130121,0.0,2.36,6.0437,5521.2,12.900355871886129,sideways,BULL_TREND,61.93934297935583,100.0,55.211999999999996,100.0,44.351869854660464,33.33333333333333,0.0,35.108975493135546,0.0,1,1,E_ablate_sector_vr1.2,True,,20230322,9.68,20230324,2.169421487603307,-2.169421487603296,20230328,-0.9297520661156966,-2.169421487603296,20230331,-2.5826446280991733,-3.615702479338845
002425,002425.SZ,凯撒文化,互联网,20230321,5.78,49.7169909751006,49.7169909751006,0.0,1.77,6.9118,5405.05,12.951807228915655,sideways,BULL_TREND,41.187468015413636,100.0,54.0505,80.0,81.56203999018645,53.333333333333336,0.0,65.85851120869111,0.0,2,2,E_ablate_sector_vr1.2,True,,20230322,5.78,20230324,7.26643598615917,-0.34602076124568004,20230328,7.26643598615917,-0.34602076124568004,20230331,6.92041522491349,-0.34602076124568004
600138,600138.SH,中青旅,旅游景点,20230321,14.87,47.67960592864427,47.67960592864427,0.0,1.64,3.2866,8363.76,7.925696594427241,sideways,BULL_TREND,35.68479074216794,98.76160990712069,83.6376,80.0,47.46191079781347,30.0,0.0,35.54071488167311,0.0,3,3,E_ablate_sector_vr1.2,True,,20230322,14.87,20230324,-2.151983860121043,-3.0934767989239997,20230328,-1.4122394082044298,-3.0934767989239997,20230331,2.353732347007398,-3.0934767989239997
002425,002425.SZ,凯撒文化,互联网,20230321,5.78,56.24397468626409,56.24397468626409,0.0,1.77,6.9118,5405.05,12.951807228915655,sideways,BULL_TREND,41.187468015413636,100.0,54.0505,80.0,86.75362474108992,53.333333333333336,0.0,65.85851120869111,0.0,1,1,E_ablate_inflow_vr1.2,True,,20230322,5.78,20230324,7.26643598615917,-0.34602076124568004,20230328,7.26643598615917,-0.34602076124568004,20230331,6.92041522491349,-0.34602076124568004
601890,601890.SH,亚星锚链,船舶,20230321,9.79,52.07783049920092,52.07783049920092,0.0,2.36,6.0437,5521.2,12.900355871886129,sideways,BULL_TREND,61.93934297935583,100.0,55.211999999999996,100.0,50.47620878599807,33.33333333333333,0.0,35.108975493135546,0.0,2,2,E_ablate_inflow_vr1.2,True,,20230322,9.68,20230324,2.169421487603307,-2.169421487603296,20230328,-0.9297520661156966,-2.169421487603296,20230331,-2.5826446280991733,-3.615702479338845
002246,002246.SZ,北化股份,化工原料,20230321,10.75,51.10251646594269,51.10251646594269,0.0,2.21,3.5845,855.81,8.975444538526677,sideways,BULL_TREND,57.202318480835345,100.0,8.5581,80.0,39.3998928884181,53.333333333333336,0.0,52.84463166857944,0.0,3,3,E_ablate_inflow_vr1.2,True,,20230322,10.62,20230324,0.09416195856875031,-0.5649717514124131,20230328,-3.0131826741996104,-3.4839924670433065,20230331,-3.9548022598870025,-6.685499058380406
002425,002425.SZ,凯撒文化,互联网,20230321,5.78,54.048275628585635,54.048275628585635,0.0,1.77,6.9118,5405.05,12.951807228915655,sideways,BULL_TREND,41.187468015413636,100.0,54.0505,80.0,81.56203999018645,53.333333333333336,0.0,65.85851120869111,0.0,1,1,E_ablate_wyckoff_vr1.2,True,,20230322,5.78,20230324,7.26643598615917,-0.34602076124568004,20230328,7.26643598615917,-0.34602076124568004,20230331,6.92041522491349,-0.34602076124568004
601890,601890.SH,亚星锚链,船舶,20230321,9.79,53.571542600324015,53.571542600324015,0.0,2.36,6.0437,5521.2,12.900355871886129,sideways,BULL_TREND,61.93934297935583,100.0,55.211999999999996,100.0,44.351869854660464,33.33333333333333,0.0,35.108975493135546,0.0,2,2,E_ablate_wyckoff_vr1.2,True,,20230322,9.68,20230324,2.169421487603307,-2.169421487603296,20230328,-0.9297520661156966,-2.169421487603296,20230331,-2.5826446280991733,-3.615702479338845
600138,600138.SH,中青旅,旅游景点,20230321,14.87,50.53400676251552,50.53400676251552,0.0,1.64,3.2866,8363.76,7.925696594427241,sideways,BULL_TREND,35.68479074216794,98.76160990712069,83.6376,80.0,47.46191079781347,30.0,0.0,35.54071488167311,0.0,3,3,E_ablate_wyckoff_vr1.2,True,,20230322,14.87,20230324,-2.151983860121043,-3.0934767989239997,20230328,-1.4122394082044298,-3.0934767989239997,20230331,2.353732347007398,-3.0934767989239997
002425,002425.SZ,凯撒文化,互联网,20230321,5.78,61.951296973628565,61.951296973628565,0.0,1.77,6.9118,5405.05,12.951807228915655,sideways,BULL_TREND,41.187468015413636,100.0,54.0505,80.0,81.56203999018645,53.333333333333336,0.0,65.85851120869111,0.0,1,1,E_ablate_accel_vr1.2,True,,20230322,5.78,20230324,7.26643598615917,-0.34602076124568004,20230328,7.26643598615917,-0.34602076124568004,20230331,6.92041522491349,-0.34602076124568004
601890,601890.SH,亚星锚链,船舶,20230321,9.79,57.78461965950028,57.78461965950028,0.0,2.36,6.0437,5521.2,12.900355871886129,sideways,BULL_TREND,61.93934297935583,100.0,55.211999999999996,100.0,44.351869854660464,33.33333333333333,0.0,35.108975493135546,0.0,2,2,E_ablate_accel_vr1.2,True,,20230322,9.68,20230324,2.169421487603307,-2.169421487603296,20230328,-0.9297520661156966,-2.169421487603296,20230331,-2.5826446280991733,-3.615702479338845
600138,600138.SH,中青旅,旅游景点,20230321,14.87,54.79889254831629,54.79889254831629,0.0,1.64,3.2866,8363.76,7.925696594427241,sideways,BULL_TREND,35.68479074216794,98.76160990712069,83.6376,80.0,47.46191079781347,30.0,0.0,35.54071488167311,0.0,3,3,E_ablate_accel_vr1.2,True,,20230322,14.87,20230324,-2.151983860121043,-3.0934767989239997,20230328,-1.4122394082044298,-3.0934767989239997,20230331,2.353732347007398,-3.0934767989239997
002681,002681.SZ,奋达科技,元器件,20230322,4.54,81.34625041808931,72.45116876080269,8.895081657286623,2.94,6.5867,8452.55,6.967213114754095,weak_momentum,BULL_PULLBACK,77.79080775308198,100.0,84.5255,65.0,88.95081657286622,63.33333333333333,0.0,92.05778963495868,0.0,1,1,A_recovered_proxy_vr1.5,True,,20230323,4.5,20230327,8.444444444444432,-0.8888888888888946,20230329,0.6666666666666821,-2.0000000000000018,20230403,4.666666666666663,-4.666666666666663
002241,002241.SZ,歌尔股份,元器件,20230322,21.19,71.44960455465295,62.554522897366326,8.895081657286623,1.62,5.3153,56475.58,3.374373005015953,weak_momentum,BULL_PULLBACK,34.799690655495006,100.0,100.0,65.0,88.95081657286622,20.0,0.0,64.94631208741427,0.0,2,2,A_recovered_proxy_vr1.5,True,,20230323,21.0,20230327,5.523809523809531,-0.33333333333332993,20230329,1.9523809523809499,-0.33333333333332993,20230403,3.9047619047618998,-0.33333333333332993
002681,002681.SZ,奋达科技,元器件,20230322,4.54,72.45116876080269,72.45116876080269,0.0,2.94,6.5867,8452.55,6.967213114754095,weak_momentum,BULL_PULLBACK,77.79080775308198,100.0,84.5255,65.0,88.95081657286622,63.33333333333333,0.0,92.05778963495868,0.0,1,1,B_pure_quant_vr1.5,True,,20230323,4.5,20230327,8.444444444444432,-0.8888888888888946,20230329,0.6666666666666821,-2.0000000000000018,20230403,4.666666666666663,-4.666666666666663
002241,002241.SZ,歌尔股份,元器件,20230322,21.19,62.554522897366326,62.554522897366326,0.0,1.62,5.3153,56475.58,3.374373005015953,weak_momentum,BULL_PULLBACK,34.799690655495006,100.0,100.0,65.0,88.95081657286622,20.0,0.0,64.94631208741427,0.0,2,2,B_pure_quant_vr1.5,True,,20230323,21.0,20230327,5.523809523809531,-0.33333333333332993,20230329,1.9523809523809499,-0.33333333333332993,20230403,3.9047619047618998,-0.33333333333332993
002681,002681.SZ,奋达科技,元器件,20230322,4.54,81.9624012724004,72.82085927338935,9.141541999011059,2.94,6.5867,8452.55,6.967213114754095,weak_momentum,BULL_PULLBACK,77.79080775308198,100.0,84.5255,65.0,91.41541999011059,63.33333333333333,0.0,92.05778963495868,0.0,1,1,A_recovered_proxy_vr1.2,True,,20230323,4.5,20230327,8.444444444444432,-0.8888888888888946,20230329,0.6666666666666821,-2.0000000000000018,20230403,4.666666666666663,-4.666666666666663
002241,002241.SZ,歌尔股份,元器件,20230322,21.19,72.06575540896404,62.92421340995298,9.141541999011059,1.62,5.3153,56475.58,3.374373005015953,weak_momentum,BULL_PULLBACK,34.799690655495006,100.0,100.0,65.0,91.41541999011059,20.0,0.0,64.94631208741427,0.0,2,2,A_recovered_proxy_vr1.2,True,,20230323,21.0,20230327,5.523809523809531,-0.33333333333332993,20230329,1.9523809523809499,-0.33333333333332993,20230403,3.9047619047618998,-0.33333333333332993
002681,002681.SZ,奋达科技,元器件,20230322,4.54,72.82085927338935,72.82085927338935,0.0,2.94,6.5867,8452.55,6.967213114754095,weak_momentum,BULL_PULLBACK,77.79080775308198,100.0,84.5255,65.0,91.41541999011059,63.33333333333333,0.0,92.05778963495868,0.0,1,1,D_pure_quant_vr1.2,True,,20230323,4.5,20230327,8.444444444444432,-0.8888888888888946,20230329,0.6666666666666821,-2.0000000000000018,20230403,4.666666666666663,-4.666666666666663
002241,002241.SZ,歌尔股份,元器件,20230322,21.19,62.92421340995298,62.92421340995298,0.0,1.62,5.3153,56475.58,3.374373005015953,weak_momentum,BULL_PULLBACK,34.799690655495006,100.0,100.0,65.0,91.41541999011059,20.0,0.0,64.94631208741427,0.0,2,2,D_pure_quant_vr1.2,True,,20230323,21.0,20230327,5.523809523809531,-0.33333333333332993,20230329,1.9523809523809499,-0.33333333333332993,20230403,3.9047619047618998,-0.33333333333332993
002681,002681.SZ,奋达科技,元器件,20230322,4.54,72.82085927338935,72.82085927338935,0.0,2.94,6.5867,8452.55,6.967213114754095,weak_momentum,BULL_PULLBACK,77.79080775308198,100.0,84.5255,65.0,91.41541999011059,63.33333333333333,0.0,92.05778963495868,0.0,1,1,E_ablate_accel_vr1.2,True,,20230323,4.5,20230327,8.444444444444432,-0.8888888888888946,20230329,0.6666666666666821,-2.0000000000000018,20230403,4.666666666666663,-4.666666666666663
002241,002241.SZ,歌尔股份,元器件,20230322,21.19,62.92421340995298,62.92421340995298,0.0,1.62,5.3153,56475.58,3.374373005015953,weak_momentum,BULL_PULLBACK,34.799690655495006,100.0,100.0,65.0,91.41541999011059,20.0,0.0,64.94631208741427,0.0,2,2,E_ablate_accel_vr1.2,True,,20230323,21.0,20230327,5.523809523809531,-0.33333333333332993,20230329,1.9523809523809499,-0.33333333333332993,20230403,3.9047619047618998,-0.33333333333332993
002681,002681.SZ,奋达科技,元器件,20230323,4.72,85.16772399784095,75.5039756815046,9.663748316336347,2.46,8.0939,11807.94,3.2786885245901667,momentum,BULL_PULLBACK,64.93291577822575,98.327868852459,100.0,80.0,96.63748316336347,66.66666666666666,0.0,92.70421463518807,0.0,1,1,A_recovered_proxy_vr1.5,True,,20230324,4.72,20230328,-4.23728813559322,-6.567796610169485,20230330,-6.567796610169485,-7.415254237288127,20230404,9.745762711864403,-9.110169491525422
002241,002241.SZ,歌尔股份,元器件,20230323,22.15,80.78905514203119,71.12530682569484,9.663748316336347,2.1,7.7153,72750.55,1.0277033065236838,momentum,BULL_PULLBACK,53.5194663945699,100.0,100.0,80.0,96.63748316336347,33.33333333333333,0.0,81.03223567169994,0.0,2,2,A_recovered_proxy_vr1.5,True,,20230324,22.15,20230328,-3.747178329571099,-3.882618510158009,20230330,-3.8374717832956984,-5.101580135440176,20230404,1.0383747178329683,-5.372460496613984
002681,002681.SZ,奋达科技,元器件,20230323,4.72,75.5039756815046,75.5039756815046,0.0,2.46,8.0939,11807.94,3.2786885245901667,momentum,BULL_PULLBACK,64.93291577822575,98.327868852459,100.0,80.0,96.63748316336347,66.66666666666666,0.0,92.70421463518807,0.0,1,1,B_pure_quant_vr1.5,True,,20230324,4.72,20230328,-4.23728813559322,-6.567796610169485,20230330,-6.567796610169485,-7.415254237288127,20230404,9.745762711864403,-9.110169491525422
002241,002241.SZ,歌尔股份,元器件,20230323,22.15,71.12530682569484,71.12530682569484,0.0,2.1,7.7153,72750.55,1.0277033065236838,momentum,BULL_PULLBACK,53.5194663945699,100.0,100.0,80.0,96.63748316336347,33.33333333333333,0.0,81.03223567169994,0.0,2,2,B_pure_quant_vr1.5,True,,20230324,22.15,20230328,-3.747178329571099,-3.882618510158009,20230330,-3.8374717832956984,-5.101580135440176,20230404,1.0383747178329683,-5.372460496613984
002681,002681.SZ,奋达科技,元器件,20230323,4.72,85.16772399784095,75.5039756815046,9.663748316336347,2.46,8.0939,11807.94,3.2786885245901667,momentum,BULL_PULLBACK,64.93291577822575,98.327868852459,100.0,80.0,96.63748316336347,66.66666666666666,0.0,92.70421463518807,0.0,1,1,A_recovered_proxy_vr1.2,True,,20230324,4.72,20230328,-4.23728813559322,-6.567796610169485,20230330,-6.567796610169485,-7.415254237288127,20230404,9.745762711864403,-9.110169491525422
002241,002241.SZ,歌尔股份,元器件,20230323,22.15,80.78905514203119,71.12530682569484,9.663748316336347,2.1,7.7153,72750.55,1.0277033065236838,momentum,BULL_PULLBACK,53.5194663945699,100.0,100.0,80.0,96.63748316336347,33.33333333333333,0.0,81.03223567169994,0.0,2,2,A_recovered_proxy_vr1.2,True,,20230324,22.15,20230328,-3.747178329571099,-3.882618510158009,20230330,-3.8374717832956984,-5.101580135440176,20230404,1.0383747178329683,-5.372460496613984
002681,002681.SZ,奋达科技,元器件,20230323,4.72,75.5039756815046,75.5039756815046,0.0,2.46,8.0939,11807.94,3.2786885245901667,momentum,BULL_PULLBACK,64.93291577822575,98.327868852459,100.0,80.0,96.63748316336347,66.66666666666666,0.0,92.70421463518807,0.0,1,1,D_pure_quant_vr1.2,True,,20230324,4.72,20230328,-4.23728813559322,-6.567796610169485,20230330,-6.567796610169485,-7.415254237288127,20230404,9.745762711864403,-9.110169491525422
002241,002241.SZ,歌尔股份,元器件,20230323,22.15,71.12530682569484,71.12530682569484,0.0,2.1,7.7153,72750.55,1.0277033065236838,momentum,BULL_PULLBACK,53.5194663945699,100.0,100.0,80.0,96.63748316336347,33.33333333333333,0.0,81.03223567169994,0.0,2,2,D_pure_quant_vr1.2,True,,20230324,22.15,20230328,-3.747178329571099,-3.882618510158009,20230330,-3.8374717832956984,-5.101580135440176,20230404,1.0383747178329683,-5.372460496613984
002681,002681.SZ,奋达科技,元器件,20230323,4.72,66.2335542179858,66.2335542179858,0.0,2.46,8.0939,11807.94,3.2786885245901667,momentum,BULL_PULLBACK,64.93291577822575,98.327868852459,100.0,80.0,96.63748316336347,66.66666666666666,0.0,92.70421463518807,0.0,1,1,E_ablate_wyckoff_vr1.2,True,,20230324,4.72,20230328,-4.23728813559322,-6.567796610169485,20230330,-6.567796610169485,-7.415254237288127,20230404,9.745762711864403,-9.110169491525422
002241,002241.SZ,歌尔股份,元器件,20230323,22.15,63.022083258524844,63.022083258524844,0.0,2.1,7.7153,72750.55,1.0277033065236838,momentum,BULL_PULLBACK,53.5194663945699,100.0,100.0,80.0,96.63748316336347,33.33333333333333,0.0,81.03223567169994,0.0,2,2,E_ablate_wyckoff_vr1.2,True,,20230324,22.15,20230328,-3.747178329571099,-3.882618510158009,20230330,-3.8374717832956984,-5.101580135440176,20230404,1.0383747178329683,-5.372460496613984
002681,002681.SZ,奋达科技,元器件,20230323,4.72,75.5039756815046,75.5039756815046,0.0,2.46,8.0939,11807.94,3.2786885245901667,momentum,BULL_PULLBACK,64.93291577822575,98.327868852459,100.0,80.0,96.63748316336347,66.66666666666666,0.0,92.70421463518807,0.0,1,1,E_ablate_accel_vr1.2,True,,20230324,4.72,20230328,-4.23728813559322,-6.567796610169485,20230330,-6.567796610169485,-7.415254237288127,20230404,9.745762711864403,-9.110169491525422
002241,002241.SZ,歌尔股份,元器件,20230323,22.15,71.12530682569484,71.12530682569484,0.0,2.1,7.7153,72750.55,1.0277033065236838,momentum,BULL_PULLBACK,53.5194663945699,100.0,100.0,80.0,96.63748316336347,33.33333333333333,0.0,81.03223567169994,0.0,2,2,E_ablate_accel_vr1.2,True,,20230324,22.15,20230328,-3.747178329571099,-3.882618510158009,20230330,-3.8374717832956984,-5.101580135440176,20230404,1.0383747178329683,-5.372460496613984
600410,600410.SH,华胜天成,软件服务,20230324,7.13,80.06482636009913,71.49039592674448,8.574430433354653,2.92,10.5204,9418.36,2.060439560439565,momentum,BULL_PULLBACK,77.29841845526462,100.0,94.18360000000001,80.0,85.74430433354652,33.33333333333333,0.0,82.43385625078814,0.0,1,1,A_recovered_proxy_vr1.5,True,,20230327,7.24,20230329,-3.176795580110503,-4.558011049723754,20230331,-4.8342541436464215,-8.011049723756901,20230406,-4.558011049723754,-8.011049723756901
600718,600718.SH,东软集团,软件服务,20230324,12.3,74.63502652217909,66.06059608882444,8.574430433354653,2.63,5.8887,7705.21,1.2841091492776897,momentum,BULL_PULLBACK,69.75313997587888,100.0,77.0521,65.0,85.74430433354652,20.0,0.0,87.88344225733302,0.0,2,2,A_recovered_proxy_vr1.5,True,,20230327,12.33,20230329,-3.406326034063256,-4.703974047039738,20230331,-1.9464720194647178,-6.812652068126523,20230406,-2.676399026763987,-6.812652068126523
600410,600410.SH,华胜天成,软件服务,20230324,7.13,71.49039592674448,71.49039592674448,0.0,2.92,10.5204,9418.36,2.060439560439565,momentum,BULL_PULLBACK,77.29841845526462,100.0,94.18360000000001,80.0,85.74430433354652,33.33333333333333,0.0,82.43385625078814,0.0,1,1,B_pure_quant_vr1.5,True,,20230327,7.24,20230329,-3.176795580110503,-4.558011049723754,20230331,-4.8342541436464215,-8.011049723756901,20230406,-4.558011049723754,-8.011049723756901
600718,600718.SH,东软集团,软件服务,20230324,12.3,66.06059608882444,66.06059608882444,0.0,2.63,5.8887,7705.21,1.2841091492776897,momentum,BULL_PULLBACK,69.75313997587888,100.0,77.0521,65.0,85.74430433354652,20.0,0.0,87.88344225733302,0.0,2,2,B_pure_quant_vr1.5,True,,20230327,12.33,20230329,-3.406326034063256,-4.703974047039738,20230331,-1.9464720194647178,-6.812652068126523,20230406,-2.676399026763987,-6.812652068126523
600410,600410.SH,华胜天成,软件服务,20230324,7.13,79.67968243536635,71.23363331025595,8.446049125110386,2.92,10.5204,9418.36,2.060439560439565,momentum,BULL_PULLBACK,77.29841845526462,100.0,94.18360000000001,80.0,84.46049125110386,33.33333333333333,0.0,82.43385625078814,0.0,1,1,A_recovered_proxy_vr1.2,True,,20230327,7.24,20230329,-3.176795580110503,-4.558011049723754,20230331,-4.8342541436464215,-8.011049723756901,20230406,-4.558011049723754,-8.011049723756901
600718,600718.SH,东软集团,软件服务,20230324,12.3,74.2498825974463,65.80383347233591,8.446049125110386,2.63,5.8887,7705.21,1.2841091492776897,momentum,BULL_PULLBACK,69.75313997587888,100.0,77.0521,65.0,84.46049125110386,20.0,0.0,87.88344225733302,0.0,2,2,A_recovered_proxy_vr1.2,True,,20230327,12.33,20230329,-3.406326034063256,-4.703974047039738,20230331,-1.9464720194647178,-6.812652068126523,20230406,-2.676399026763987,-6.812652068126523
600410,600410.SH,华胜天成,软件服务,20230324,7.13,71.23363331025595,71.23363331025595,0.0,2.92,10.5204,9418.36,2.060439560439565,momentum,BULL_PULLBACK,77.29841845526462,100.0,94.18360000000001,80.0,84.46049125110386,33.33333333333333,0.0,82.43385625078814,0.0,1,1,D_pure_quant_vr1.2,True,,20230327,7.24,20230329,-3.176795580110503,-4.558011049723754,20230331,-4.8342541436464215,-8.011049723756901,20230406,-4.558011049723754,-8.011049723756901
002428,002428.SZ,云南锗业,小金属,20230324,11.65,66.05200732454013,66.05200732454013,0.0,2.99,5.2184,9584.55,4.11522633744856,momentum,BULL_PULLBACK,79.00727422116903,93.30864197530865,95.84549999999999,100.0,44.13160777108323,63.33333333333333,0.0,87.07963772950599,0.0,2,2,D_pure_quant_vr1.2,True,,20230327,11.65,20230329,-2.403433476394856,-4.892703862660952,20230331,-2.145922746781115,-4.892703862660952,20230406,3.090128755364807,-4.892703862660952
600410,600410.SH,华胜天成,软件服务,20230324,7.13,62.99024768517714,62.99024768517714,0.0,2.92,10.5204,9418.36,2.060439560439565,momentum,BULL_PULLBACK,77.29841845526462,100.0,94.18360000000001,80.0,84.46049125110386,33.33333333333333,0.0,82.43385625078814,0.0,1,1,E_ablate_wyckoff_vr1.2,True,,20230327,7.24,20230329,-3.176795580110503,-4.558011049723754,20230331,-4.8342541436464215,-8.011049723756901,20230406,-4.558011049723754,-8.011049723756901
600410,600410.SH,华胜天成,软件服务,20230324,7.13,71.23363331025595,71.23363331025595,0.0,2.92,10.5204,9418.36,2.060439560439565,momentum,BULL_PULLBACK,77.29841845526462,100.0,94.18360000000001,80.0,84.46049125110386,33.33333333333333,0.0,82.43385625078814,0.0,1,1,E_ablate_accel_vr1.2,True,,20230327,7.24,20230329,-3.176795580110503,-4.558011049723754,20230331,-4.8342541436464215,-8.011049723756901,20230406,-4.558011049723754,-8.011049723756901
002428,002428.SZ,云南锗业,小金属,20230324,11.65,66.05200732454013,66.05200732454013,0.0,2.99,5.2184,9584.55,4.11522633744856,momentum,BULL_PULLBACK,79.00727422116903,93.30864197530865,95.84549999999999,100.0,44.13160777108323,63.33333333333333,0.0,87.07963772950599,0.0,2,2,E_ablate_accel_vr1.2,True,,20230327,11.65,20230329,-2.403433476394856,-4.892703862660952,20230331,-2.145922746781115,-4.892703862660952,20230406,3.090128755364807,-4.892703862660952
002065,002065.SZ,东华软件,软件服务,20230327,7.59,74.87075119969472,66.99728901588888,7.873462183805838,2.4,7.2621,12399.16,1.4285714285714326,momentum,BULL_PULLBACK,63.151720291689685,100.0,100.0,65.0,78.73462183805837,33.33333333333333,0.0,68.60939937857083,0.0,1,1,A_recovered_proxy_vr1.5,True,t1_limit_up,,,,,,,,,,,
600446,600446.SH,金证股份,软件服务,20230327,14.7,70.2614963850365,62.38803420123066,7.873462183805838,1.88,5.2829,10627.73,0.8097165991902902,momentum,BULL_PULLBACK,45.53663309514563,100.0,100.0,40.0,78.73462183805837,33.33333333333333,0.0,61.43948202680475,0.0,2,2,A_recovered_proxy_vr1.5,True,,20230328,14.5,20230330,-5.1724137931034475,-6.3448275862068915,20230403,6.7586206896551815,-6.827586206896552,20230407,10.896551724137925,-6.827586206896552
002065,002065.SZ,东华软件,软件服务,20230327,7.59,66.99728901588888,66.99728901588888,0.0,2.4,7.2621,12399.16,1.4285714285714326,momentum,BULL_PULLBACK,63.151720291689685,100.0,100.0,65.0,78.73462183805837,33.33333333333333,0.0,68.60939937857083,0.0,1,1,B_pure_quant_vr1.5,True,t1_limit_up,,,,,,,,,,,
600446,600446.SH,金证股份,软件服务,20230327,14.7,62.38803420123066,62.38803420123066,0.0,1.88,5.2829,10627.73,0.8097165991902902,momentum,BULL_PULLBACK,45.53663309514563,100.0,100.0,40.0,78.73462183805837,33.33333333333333,0.0,61.43948202680475,0.0,2,2,B_pure_quant_vr1.5,True,,20230328,14.5,20230330,-5.1724137931034475,-6.3448275862068915,20230403,6.7586206896551815,-6.827586206896552,20230407,10.896551724137925,-6.827586206896552
002065,002065.SZ,东华软件,软件服务,20230327,7.59,75.79014405085755,67.61021758333077,8.179926467526778,2.4,7.2621,12399.16,1.4285714285714326,momentum,BULL_PULLBACK,63.151720291689685,100.0,100.0,65.0,81.79926467526778,33.33333333333333,0.0,68.60939937857083,0.0,1,1,A_recovered_proxy_vr1.2,True,t1_limit_up,,,,,,,,,,,
600446,600446.SH,金证股份,软件服务,20230327,14.7,71.18088923619932,63.000962768672544,8.179926467526778,1.88,5.2829,10627.73,0.8097165991902902,momentum,BULL_PULLBACK,45.53663309514563,100.0,100.0,40.0,81.79926467526778,33.33333333333333,0.0,61.43948202680475,0.0,2,2,A_recovered_proxy_vr1.2,True,,20230328,14.5,20230330,-5.1724137931034475,-6.3448275862068915,20230403,6.7586206896551815,-6.827586206896552,20230407,10.896551724137925,-6.827586206896552
002065,002065.SZ,东华软件,软件服务,20230327,7.59,67.61021758333077,67.61021758333077,0.0,2.4,7.2621,12399.16,1.4285714285714326,momentum,BULL_PULLBACK,63.151720291689685,100.0,100.0,65.0,81.79926467526778,33.33333333333333,0.0,68.60939937857083,0.0,1,1,D_pure_quant_vr1.2,True,t1_limit_up,,,,,,,,,,,
600446,600446.SH,金证股份,软件服务,20230327,14.7,63.000962768672544,63.000962768672544,0.0,1.88,5.2829,10627.73,0.8097165991902902,momentum,BULL_PULLBACK,45.53663309514563,100.0,100.0,40.0,81.79926467526778,33.33333333333333,0.0,61.43948202680475,0.0,2,2,D_pure_quant_vr1.2,True,,20230328,14.5,20230330,-5.1724137931034475,-6.3448275862068915,20230403,6.7586206896551815,-6.827586206896552,20230407,10.896551724137925,-6.827586206896552
002065,002065.SZ,东华软件,软件服务,20230327,7.59,60.749277645473676,60.749277645473676,0.0,2.4,7.2621,12399.16,1.4285714285714326,momentum,BULL_PULLBACK,63.151720291689685,100.0,100.0,65.0,81.79926467526778,33.33333333333333,0.0,68.60939937857083,0.0,1,1,E_ablate_wyckoff_vr1.2,True,t1_limit_up,,,,,,,,,,,
002065,002065.SZ,东华软件,软件服务,20230327,7.59,67.61021758333077,67.61021758333077,0.0,2.4,7.2621,12399.16,1.4285714285714326,momentum,BULL_PULLBACK,63.151720291689685,100.0,100.0,65.0,81.79926467526778,33.33333333333333,0.0,68.60939937857083,0.0,1,1,E_ablate_accel_vr1.2,True,t1_limit_up,,,,,,,,,,,
600446,600446.SH,金证股份,软件服务,20230327,14.7,63.000962768672544,63.000962768672544,0.0,1.88,5.2829,10627.73,0.8097165991902902,momentum,BULL_PULLBACK,45.53663309514563,100.0,100.0,40.0,81.79926467526778,33.33333333333333,0.0,61.43948202680475,0.0,2,2,E_ablate_accel_vr1.2,True,,20230328,14.5,20230330,-5.1724137931034475,-6.3448275862068915,20230403,6.7586206896551815,-6.827586206896552,20230407,10.896551724137925,-6.827586206896552
000713,000713.SZ,国投丰乐,种植业,20230328,10.11,61.106816767765785,54.61577942400562,6.491037343760159,2.19,11.2525,9235.59,5.514018691588784,weak_momentum,BULL_PULLBACK,56.54654349132243,100.0,92.3559,60.0,64.91037343760159,0.0,0.0,31.821199231113486,0.0,1,1,A_recovered_proxy_vr1.5,True,,20230329,9.96,20230331,-3.614457831325313,-5.020080321285136,20230404,-1.907630522088366,-5.020080321285136,20230410,-3.413654618473916,-5.020080321285136
000032,000032.SZ,深桑达A,建筑工程,20230328,35.43,63.215559054811045,53.22776686356245,9.987792191248595,1.28,8.8151,30092.22,4.424062584299975,weak_momentum,BULL_PULLBACK,17.80719051126377,100.0,100.0,60.0,99.87792191248593,20.0,0.0,10.5,0.0,1,1,A_recovered_proxy_vr1.2,True,,20230329,34.86,20230331,-5.163511187607561,-8.634538152610439,20230404,2.4383247274813558,-8.634538152610439,20230410,10.183591508892697,-8.634538152610439
603035,603035.SH,常熟汽饰,汽车配件,20230329,18.88,72.0264639545801,62.776441516956694,9.250022437623405,2.3,3.888,2242.77,12.308406874129131,sideways,BULL_PULLBACK,60.08169305848252,100.0,22.4277,65.0,92.50022437623406,43.333333333333336,0.0,62.712039341573,0.0,1,1,A_recovered_proxy_vr1.5,True,,20230330,18.88,20230403,0.05296610169491789,-2.9131355932203395,20230406,-3.7076271186440635,-4.449152542372881,20230411,-3.972457627118642,-5.455508474576254
002965,002965.SZ,祥鑫科技,汽车配件,20230329,52.55,71.30951607153827,62.05949363391487,9.250022437623405,1.88,8.6185,5518.05,9.970875449717322,sideways,BULL_PULLBACK,45.53663309514563,100.0,55.1805,100.0,92.50022437623406,0.0,0.0,46.206172471230985,0.0,2,2,A_recovered_proxy_vr1.5,True,,20230330,51.67,20230403,1.1225082252757757,-2.8643313334623666,20230406,-2.4191987613702337,-4.76098316237662,20230411,-4.877104702922397,-6.115734468743961
603035,603035.SH,常熟汽饰,汽车配件,20230329,18.88,62.776441516956694,62.776441516956694,0.0,2.3,3.888,2242.77,12.308406874129131,sideways,BULL_PULLBACK,60.08169305848252,100.0,22.4277,65.0,92.50022437623406,43.333333333333336,0.0,62.712039341573,0.0,1,1,B_pure_quant_vr1.5,True,,20230330,18.88,20230403,0.05296610169491789,-2.9131355932203395,20230406,-3.7076271186440635,-4.449152542372881,20230411,-3.972457627118642,-5.455508474576254
002965,002965.SZ,祥鑫科技,汽车配件,20230329,52.55,62.05949363391487,62.05949363391487,0.0,1.88,8.6185,5518.05,9.970875449717322,sideways,BULL_PULLBACK,45.53663309514563,100.0,55.1805,100.0,92.50022437623406,0.0,0.0,46.206172471230985,0.0,2,2,B_pure_quant_vr1.5,True,,20230330,51.67,20230403,1.1225082252757757,-2.8643313334623666,20230406,-2.4191987613702337,-4.76098316237662,20230411,-4.877104702922397,-6.115734468743961
603035,603035.SH,常熟汽饰,汽车配件,20230329,18.88,71.66767676061052,62.561169200574945,9.106507560035578,2.3,3.888,2242.77,12.308406874129131,sideways,BULL_PULLBACK,60.08169305848252,100.0,22.4277,65.0,91.06507560035577,43.333333333333336,0.0,62.712039341573,0.0,1,1,A_recovered_proxy_vr1.2,True,,20230330,18.88,20230403,0.05296610169491789,-2.9131355932203395,20230406,-3.7076271186440635,-4.449152542372881,20230411,-3.972457627118642,-5.455508474576254
002965,002965.SZ,祥鑫科技,汽车配件,20230329,52.55,70.95072887756871,61.844221317533126,9.106507560035578,1.88,8.6185,5518.05,9.970875449717322,sideways,BULL_PULLBACK,45.53663309514563,100.0,55.1805,100.0,91.06507560035577,0.0,0.0,46.206172471230985,0.0,2,2,A_recovered_proxy_vr1.2,True,,20230330,51.67,20230403,1.1225082252757757,-2.8643313334623666,20230406,-2.4191987613702337,-4.76098316237662,20230411,-4.877104702922397,-6.115734468743961
603035,603035.SH,常熟汽饰,汽车配件,20230329,18.88,62.561169200574945,62.561169200574945,0.0,2.3,3.888,2242.77,12.308406874129131,sideways,BULL_PULLBACK,60.08169305848252,100.0,22.4277,65.0,91.06507560035577,43.333333333333336,0.0,62.712039341573,0.0,1,1,D_pure_quant_vr1.2,True,,20230330,18.88,20230403,0.05296610169491789,-2.9131355932203395,20230406,-3.7076271186440635,-4.449152542372881,20230411,-3.972457627118642,-5.455508474576254
002965,002965.SZ,祥鑫科技,汽车配件,20230329,52.55,61.844221317533126,61.844221317533126,0.0,1.88,8.6185,5518.05,9.970875449717322,sideways,BULL_PULLBACK,45.53663309514563,100.0,55.1805,100.0,91.06507560035577,0.0,0.0,46.206172471230985,0.0,2,2,D_pure_quant_vr1.2,True,,20230330,51.67,20230403,1.1225082252757757,-2.8643313334623666,20230406,-2.4191987613702337,-4.76098316237662,20230411,-4.877104702922397,-6.115734468743961
603035,603035.SH,常熟汽饰,汽车配件,20230329,18.88,62.561169200574945,62.561169200574945,0.0,2.3,3.888,2242.77,12.308406874129131,sideways,BULL_PULLBACK,60.08169305848252,100.0,22.4277,65.0,91.06507560035577,43.333333333333336,0.0,62.712039341573,0.0,1,1,E_ablate_accel_vr1.2,True,,20230330,18.88,20230403,0.05296610169491789,-2.9131355932203395,20230406,-3.7076271186440635,-4.449152542372881,20230411,-3.972457627118642,-5.455508474576254
002965,002965.SZ,祥鑫科技,汽车配件,20230329,52.55,61.844221317533126,61.844221317533126,0.0,1.88,8.6185,5518.05,9.970875449717322,sideways,BULL_PULLBACK,45.53663309514563,100.0,55.1805,100.0,91.06507560035577,0.0,0.0,46.206172471230985,0.0,2,2,E_ablate_accel_vr1.2,True,,20230330,51.67,20230403,1.1225082252757757,-2.8643313334623666,20230406,-2.4191987613702337,-4.76098316237662,20230411,-4.877104702922397,-6.115734468743961
000428,000428.SZ,华天酒店,酒店餐饮,20230330,5.45,73.41501956933627,66.74823760163969,6.666781967696585,3.38,5.9047,9412.47,4.049295774647879,sideways,BULL_PULLBACK,87.85116232537298,40.492957746478794,94.12469999999999,100.0,66.66781967696585,63.33333333333333,0.0,99.58939639683959,0.0,1,1,A_recovered_proxy_vr1.5,True,,20230331,5.4,20230404,1.1111111111111072,-1.666666666666683,20230407,0.92592592592593,-1.666666666666683,20230412,2.4074074074074137,-1.666666666666683
600938,600938.SH,中国海油,石油开采,20230330,17.15,71.49127940468156,64.50044858728248,6.990830817399083,1.73,5.759,21533.79,9.35517970401693,sideways,BULL_PULLBACK,39.538601893099994,100.0,100.0,100.0,69.90830817399083,53.333333333333336,0.0,52.07536065029321,0.0,2,2,A_recovered_proxy_vr1.5,True,,20230331,17.14,20230404,5.36756126021003,-1.2835472578763052,20230407,2.5087514585764303,-1.2835472578763052,20230412,5.834305717619603,-1.2835472578763052
000428,000428.SZ,华天酒店,酒店餐饮,20230330,5.45,66.74823760163969,66.74823760163969,0.0,3.38,5.9047,9412.47,4.049295774647879,sideways,BULL_PULLBACK,87.85116232537298,40.492957746478794,94.12469999999999,100.0,66.66781967696585,63.33333333333333,0.0,99.58939639683959,0.0,1,1,B_pure_quant_vr1.5,True,,20230331,5.4,20230404,1.1111111111111072,-1.666666666666683,20230407,0.92592592592593,-1.666666666666683,20230412,2.4074074074074137,-1.666666666666683
600938,600938.SH,中国海油,石油开采,20230330,17.15,64.50044858728248,64.50044858728248,0.0,1.73,5.759,21533.79,9.35517970401693,sideways,BULL_PULLBACK,39.538601893099994,100.0,100.0,100.0,69.90830817399083,53.333333333333336,0.0,52.07536065029321,0.0,2,2,B_pure_quant_vr1.5,True,,20230331,17.14,20230404,5.36756126021003,-1.2835472578763052,20230407,2.5087514585764303,-1.2835472578763052,20230412,5.834305717619603,-1.2835472578763052
000428,000428.SZ,华天酒店,酒店餐饮,20230330,5.45,64.46210857638772,64.46210857638772,0.0,3.38,5.9047,9412.47,4.049295774647879,sideways,BULL_PULLBACK,87.85116232537298,40.492957746478794,94.12469999999999,100.0,51.42695950861946,63.33333333333333,0.0,99.58939639683959,0.0,1,1,A_recovered_proxy_vr1.2,True,,20230331,5.4,20230404,1.1111111111111072,-1.666666666666683,20230407,0.92592592592593,-1.666666666666683,20230412,2.4074074074074137,-1.666666666666683
002251,002251.SZ,步步高,超市连锁,20230330,6.16,61.627518198836924,61.627518198836924,0.0,3.0,7.5898,6586.18,5.230769230769228,sideways,BULL_PULLBACK,79.2481250360578,53.846153846153804,65.8618,100.0,51.87910699486317,53.333333333333336,0.0,96.62356774045193,0.0,2,2,A_recovered_proxy_vr1.2,True,,20230331,6.24,20230404,-3.685897435897445,-4.1666666666666625,20230407,-5.128205128205132,-5.608974358974372,20230412,-6.891025641025649,-8.173076923076916
000428,000428.SZ,华天酒店,酒店餐饮,20230330,5.45,64.46210857638772,64.46210857638772,0.0,3.38,5.9047,9412.47,4.049295774647879,sideways,BULL_PULLBACK,87.85116232537298,40.492957746478794,94.12469999999999,100.0,51.42695950861946,63.33333333333333,0.0,99.58939639683959,0.0,1,1,D_pure_quant_vr1.2,True,,20230331,5.4,20230404,1.1111111111111072,-1.666666666666683,20230407,0.92592592592593,-1.666666666666683,20230412,2.4074074074074137,-1.666666666666683
002251,002251.SZ,步步高,超市连锁,20230330,6.16,61.627518198836924,61.627518198836924,0.0,3.0,7.5898,6586.18,5.230769230769228,sideways,BULL_PULLBACK,79.2481250360578,53.846153846153804,65.8618,100.0,51.87910699486317,53.333333333333336,0.0,96.62356774045193,0.0,2,2,D_pure_quant_vr1.2,True,,20230331,6.24,20230404,-3.685897435897445,-4.1666666666666625,20230407,-5.128205128205132,-5.608974358974372,20230412,-6.891025641025649,-8.173076923076916
000428,000428.SZ,华天酒店,酒店餐饮,20230330,5.45,64.46210857638772,64.46210857638772,0.0,3.38,5.9047,9412.47,4.049295774647879,sideways,BULL_PULLBACK,87.85116232537298,40.492957746478794,94.12469999999999,100.0,51.42695950861946,63.33333333333333,0.0,99.58939639683959,0.0,1,1,E_ablate_accel_vr1.2,True,,20230331,5.4,20230404,1.1111111111111072,-1.666666666666683,20230407,0.92592592592593,-1.666666666666683,20230412,2.4074074074074137,-1.666666666666683
002251,002251.SZ,步步高,超市连锁,20230330,6.16,61.627518198836924,61.627518198836924,0.0,3.0,7.5898,6586.18,5.230769230769228,sideways,BULL_PULLBACK,79.2481250360578,53.846153846153804,65.8618,100.0,51.87910699486317,53.333333333333336,0.0,96.62356774045193,0.0,2,2,E_ablate_accel_vr1.2,True,,20230331,6.24,20230404,-3.685897435897445,-4.1666666666666625,20230407,-5.128205128205132,-5.608974358974372,20230412,-6.891025641025649,-8.173076923076916
600737,600737.SH,中粮糖业,食品,20230331,8.08,71.15281533116305,63.25482518248483,7.897990148678222,3.12,3.4925,6991.21,1.1015911872705002,weak_momentum,BULL_PULLBACK,82.07730145437618,43.047735618115006,69.9121,65.0,78.97990148678221,66.66666666666666,0.0,98.42003422535961,0.0,1,1,A_recovered_proxy_vr1.5,True,,20230403,8.18,20230406,0.24449877750609694,-2.4449877750611138,20230410,0.6112469437652868,-2.4449877750611138,20230413,0.8557457212714059,-2.4449877750611138
002603,002603.SZ,以岭药业,中成药,20230331,29.11,70.96660961872553,61.77241432154854,9.194195297176984,1.75,3.306,36813.64,5.271721444842177,weak_momentum,BULL_PULLBACK,40.367746102880204,100.0,100.0,40.0,91.94195297176984,66.66666666666666,0.0,43.950840846784686,0.0,2,2,A_recovered_proxy_vr1.5,True,,20230403,29.09,20230406,8.422138191818496,-0.44688896528015665,20230410,5.94706084565142,-0.44688896528015665,20230413,5.740804400137511,-0.44688896528015665
600737,600737.SH,中粮糖业,食品,20230331,8.08,63.25482518248483,63.25482518248483,0.0,3.12,3.4925,6991.21,1.1015911872705002,weak_momentum,BULL_PULLBACK,82.07730145437618,43.047735618115006,69.9121,65.0,78.97990148678221,66.66666666666666,0.0,98.42003422535961,0.0,1,1,B_pure_quant_vr1.5,True,,20230403,8.18,20230406,0.24449877750609694,-2.4449877750611138,20230410,0.6112469437652868,-2.4449877750611138,20230413,0.8557457212714059,-2.4449877750611138
002603,002603.SZ,以岭药业,中成药,20230331,29.11,61.77241432154854,61.77241432154854,0.0,1.75,3.306,36813.64,5.271721444842177,weak_momentum,BULL_PULLBACK,40.367746102880204,100.0,100.0,40.0,91.94195297176984,66.66666666666666,0.0,43.950840846784686,0.0,2,2,B_pure_quant_vr1.5,True,,20230403,29.09,20230406,8.422138191818496,-0.44688896528015665,20230410,5.94706084565142,-0.44688896528015665,20230413,5.740804400137511,-0.44688896528015665
600737,600737.SH,中粮糖业,食品,20230331,8.08,69.68804840318542,62.37596502569825,7.312083377487167,3.12,3.4925,6991.21,1.1015911872705002,weak_momentum,BULL_PULLBACK,82.07730145437618,43.047735618115006,69.9121,65.0,73.12083377487167,66.66666666666666,0.0,98.42003422535961,0.0,1,1,A_recovered_proxy_vr1.2,True,,20230403,8.18,20230406,0.24449877750609694,-2.4449877750611138,20230410,0.6112469437652868,-2.4449877750611138,20230413,0.8557457212714059,-2.4449877750611138
002603,002603.SZ,以岭药业,中成药,20230331,29.11,69.11863917021701,60.66363205244343,8.455007117773578,1.75,3.306,36813.64,5.271721444842177,weak_momentum,BULL_PULLBACK,40.367746102880204,100.0,100.0,40.0,84.55007117773577,66.66666666666666,0.0,43.950840846784686,0.0,2,2,A_recovered_proxy_vr1.2,True,,20230403,29.09,20230406,8.422138191818496,-0.44688896528015665,20230410,5.94706084565142,-0.44688896528015665,20230413,5.740804400137511,-0.44688896528015665
600737,600737.SH,中粮糖业,食品,20230331,8.08,62.37596502569825,62.37596502569825,0.0,3.12,3.4925,6991.21,1.1015911872705002,weak_momentum,BULL_PULLBACK,82.07730145437618,43.047735618115006,69.9121,65.0,73.12083377487167,66.66666666666666,0.0,98.42003422535961,0.0,1,1,D_pure_quant_vr1.2,True,,20230403,8.18,20230406,0.24449877750609694,-2.4449877750611138,20230410,0.6112469437652868,-2.4449877750611138,20230413,0.8557457212714059,-2.4449877750611138
002603,002603.SZ,以岭药业,中成药,20230331,29.11,60.66363205244343,60.66363205244343,0.0,1.75,3.306,36813.64,5.271721444842177,weak_momentum,BULL_PULLBACK,40.367746102880204,100.0,100.0,40.0,84.55007117773577,66.66666666666666,0.0,43.950840846784686,0.0,2,2,D_pure_quant_vr1.2,True,,20230403,29.09,20230406,8.422138191818496,-0.44688896528015665,20230410,5.94706084565142,-0.44688896528015665,20230413,5.740804400137511,-0.44688896528015665
600737,600737.SH,中粮糖业,食品,20230331,8.08,62.37596502569825,62.37596502569825,0.0,3.12,3.4925,6991.21,1.1015911872705002,weak_momentum,BULL_PULLBACK,82.07730145437618,43.047735618115006,69.9121,65.0,73.12083377487167,66.66666666666666,0.0,98.42003422535961,0.0,1,1,E_ablate_accel_vr1.2,True,,20230403,8.18,20230406,0.24449877750609694,-2.4449877750611138,20230410,0.6112469437652868,-2.4449877750611138,20230413,0.8557457212714059,-2.4449877750611138
002603,002603.SZ,以岭药业,中成药,20230331,29.11,60.66363205244343,60.66363205244343,0.0,1.75,3.306,36813.64,5.271721444842177,weak_momentum,BULL_PULLBACK,40.367746102880204,100.0,100.0,40.0,84.55007117773577,66.66666666666666,0.0,43.950840846784686,0.0,2,2,E_ablate_accel_vr1.2,True,,20230403,29.09,20230406,8.422138191818496,-0.44688896528015665,20230410,5.94706084565142,-0.44688896528015665,20230413,5.740804400137511,-0.44688896528015665
600703,600703.SH,三安光电,半导体,20230403,21.86,69.5220398321718,61.41819124781439,8.103848584357404,1.64,3.6055,10847.36,0.36463081130356356,momentum,BULL_PULLBACK,35.68479074216794,100.0,100.0,40.0,81.03848584357404,33.33333333333333,0.0,61.91108801107723,0.0,1,1,A_recovered_proxy_vr1.5,True,,20230404,22.08,20230407,-0.7246376811594013,-2.1739130434782483,20230411,-3.75905797101449,-5.570652173913027,20230414,-3.351449275362317,-7.20108695652174
600171,600171.SH,上海贝岭,半导体,20230403,22.06,68.01453054981904,59.910681965461634,8.103848584357404,1.66,5.6597,9863.69,3.2031592803861364,momentum,BULL_PULLBACK,36.559162078609994,98.78104431768318,98.63690000000001,65.0,81.03848584357404,63.33333333333333,0.0,21.969593865203347,0.0,2,2,A_recovered_proxy_vr1.5,True,,20230404,22.06,20230407,5.122393472348152,-1.0879419764279197,20230411,3.853127833182235,-1.0879419764279197,20230414,4.351767905711701,-1.0879419764279197
600703,600703.SH,三安光电,半导体,20230403,21.86,61.41819124781439,61.41819124781439,0.0,1.64,3.6055,10847.36,0.36463081130356356,momentum,BULL_PULLBACK,35.68479074216794,100.0,100.0,40.0,81.03848584357404,33.33333333333333,0.0,61.91108801107723,0.0,1,1,B_pure_quant_vr1.5,True,,20230404,22.08,20230407,-0.7246376811594013,-2.1739130434782483,20230411,-3.75905797101449,-5.570652173913027,20230414,-3.351449275362317,-7.20108695652174
600703,600703.SH,三安光电,半导体,20230403,21.86,69.40292416500948,61.33878080303951,8.064143361969965,1.64,3.6055,10847.36,0.36463081130356356,momentum,BULL_PULLBACK,35.68479074216794,100.0,100.0,40.0,80.64143361969964,33.33333333333333,0.0,61.91108801107723,0.0,1,1,A_recovered_proxy_vr1.2,True,,20230404,22.08,20230407,-0.7246376811594013,-2.1739130434782483,20230411,-3.75905797101449,-5.570652173913027,20230414,-3.351449275362317,-7.20108695652174
600171,600171.SH,上海贝岭,半导体,20230403,22.06,67.89541488265672,59.831271520686755,8.064143361969965,1.66,5.6597,9863.69,3.2031592803861364,momentum,BULL_PULLBACK,36.559162078609994,98.78104431768318,98.63690000000001,65.0,80.64143361969964,63.33333333333333,0.0,21.969593865203347,0.0,2,2,A_recovered_proxy_vr1.2,True,,20230404,22.06,20230407,5.122393472348152,-1.0879419764279197,20230411,3.853127833182235,-1.0879419764279197,20230414,4.351767905711701,-1.0879419764279197
600703,600703.SH,三安光电,半导体,20230403,21.86,61.33878080303951,61.33878080303951,0.0,1.64,3.6055,10847.36,0.36463081130356356,momentum,BULL_PULLBACK,35.68479074216794,100.0,100.0,40.0,80.64143361969964,33.33333333333333,0.0,61.91108801107723,0.0,1,1,D_pure_quant_vr1.2,True,,20230404,22.08,20230407,-0.7246376811594013,-2.1739130434782483,20230411,-3.75905797101449,-5.570652173913027,20230414,-3.351449275362317,-7.20108695652174
600703,600703.SH,三安光电,半导体,20230403,21.86,61.33878080303951,61.33878080303951,0.0,1.64,3.6055,10847.36,0.36463081130356356,momentum,BULL_PULLBACK,35.68479074216794,100.0,100.0,40.0,80.64143361969964,33.33333333333333,0.0,61.91108801107723,0.0,1,1,E_ablate_accel_vr1.2,True,,20230404,22.08,20230407,-0.7246376811594013,-2.1739130434782483,20230411,-3.75905797101449,-5.570652173913027,20230414,-3.351449275362317,-7.20108695652174
600703,600703.SH,三安光电,半导体,20230404,22.64,66.67199056582572,59.89630770384845,6.775682861977278,1.94,5.206,67612.91,3.454157782515986,momentum,BULL_PULLBACK,47.802832620620144,97.27505330490408,100.0,65.0,67.75682861977278,0.0,0.0,61.97011756310467,0.0,1,1,A_recovered_proxy_vr1.5,True,,20230406,22.0,20230410,-4.181818181818187,-4.86363636363637,20230412,-1.3636363636363669,-5.227272727272725,20230417,-4.3181818181818095,-6.863636363636372
002237,002237.SZ,恒邦股份,黄金,20230404,12.19,61.82090624277755,61.82090624277755,0.0,2.4,4.0269,12319.82,2.009646302250804,momentum,BULL_PULLBACK,63.151720291689685,100.0,100.0,80.0,51.32309110545443,63.33333333333333,0.0,49.168633112665496,0.0,2,2,A_recovered_proxy_vr1.5,True,,20230406,12.33,20230410,2.7575020275750095,-0.8110300081102917,20230412,5.028386050283862,-0.8110300081102917,20230417,6.001622060016221,-0.8110300081102917
002237,002237.SZ,恒邦股份,黄金,20230404,12.19,61.82090624277755,61.82090624277755,0.0,2.4,4.0269,12319.82,2.009646302250804,momentum,BULL_PULLBACK,63.151720291689685,100.0,100.0,80.0,51.32309110545443,63.33333333333333,0.0,49.168633112665496,0.0,1,1,B_pure_quant_vr1.5,True,,20230406,12.33,20230410,2.7575020275750095,-0.8110300081102917,20230412,5.028386050283862,-0.8110300081102917,20230417,6.001622060016221,-0.8110300081102917
000032,000032.SZ,深桑达A,建筑工程,20230404,35.71,69.41150106778959,60.644347937501934,8.767153130287648,1.45,8.7245,25696.11,3.668734826004854,momentum,BULL_PULLBACK,26.802645012010483,95.98759104397088,100.0,65.0,87.67153130287647,53.333333333333336,0.0,35.742191540613135,0.0,1,1,A_recovered_proxy_vr1.2,True,t1_limit_up,,,,,,,,,,,
002237,002237.SZ,恒邦股份,黄金,20230404,12.19,61.513502169988335,61.513502169988335,0.0,2.4,4.0269,12319.82,2.009646302250804,momentum,BULL_PULLBACK,63.151720291689685,100.0,100.0,80.0,49.78607074150833,63.33333333333333,0.0,49.168633112665496,0.0,2,2,A_recovered_proxy_vr1.2,True,,20230406,12.33,20230410,2.7575020275750095,-0.8110300081102917,20230412,5.028386050283862,-0.8110300081102917,20230417,6.001622060016221,-0.8110300081102917
002237,002237.SZ,恒邦股份,黄金,20230404,12.19,61.513502169988335,61.513502169988335,0.0,2.4,4.0269,12319.82,2.009646302250804,momentum,BULL_PULLBACK,63.151720291689685,100.0,100.0,80.0,49.78607074150833,63.33333333333333,0.0,49.168633112665496,0.0,1,1,D_pure_quant_vr1.2,True,,20230406,12.33,20230410,2.7575020275750095,-0.8110300081102917,20230412,5.028386050283862,-0.8110300081102917,20230417,6.001622060016221,-0.8110300081102917
000032,000032.SZ,深桑达A,建筑工程,20230404,35.71,60.644347937501934,60.644347937501934,0.0,1.45,8.7245,25696.11,3.668734826004854,momentum,BULL_PULLBACK,26.802645012010483,95.98759104397088,100.0,65.0,87.67153130287647,53.333333333333336,0.0,35.742191540613135,0.0,2,2,D_pure_quant_vr1.2,True,t1_limit_up,,,,,,,,,,,
002237,002237.SZ,恒邦股份,黄金,20230404,12.19,61.513502169988335,61.513502169988335,0.0,2.4,4.0269,12319.82,2.009646302250804,momentum,BULL_PULLBACK,63.151720291689685,100.0,100.0,80.0,49.78607074150833,63.33333333333333,0.0,49.168633112665496,0.0,1,1,E_ablate_accel_vr1.2,True,,20230406,12.33,20230410,2.7575020275750095,-0.8110300081102917,20230412,5.028386050283862,-0.8110300081102917,20230417,6.001622060016221,-0.8110300081102917
000032,000032.SZ,深桑达A,建筑工程,20230404,35.71,60.644347937501934,60.644347937501934,0.0,1.45,8.7245,25696.11,3.668734826004854,momentum,BULL_PULLBACK,26.802645012010483,95.98759104397088,100.0,65.0,87.67153130287647,53.333333333333336,0.0,35.742191540613135,0.0,2,2,E_ablate_accel_vr1.2,True,t1_limit_up,,,,,,,,,,,
600171,600171.SH,上海贝岭,半导体,20230406,23.62,76.0289045578023,67.62952439611777,8.399380161684538,2.37,10.1586,27901.24,1.4190317195325537,momentum,BULL_PULLBACK,62.24435295617672,100.0,100.0,80.0,83.99380161684539,33.33333333333333,0.0,58.27444462655527,0.0,1,1,A_recovered_proxy_vr1.5,True,,20230407,23.4,20230411,-2.0940170940170866,-4.5299145299145245,20230413,-4.658119658119652,-4.957264957264962,20230418,-4.444444444444439,-6.58119658119658
002185,002185.SZ,华天科技,半导体,20230406,10.88,74.21552386573174,65.8161437040472,8.399380161684538,2.27,4.4069,16722.8,1.359927470534892,momentum,BULL_PULLBACK,59.13461487580951,100.0,100.0,40.0,83.99380161684539,30.0,0.0,66.47191149306707,0.0,2,2,A_recovered_proxy_vr1.5,True,,20230407,10.95,20230411,-3.5616438356164237,-4.74885844748858,20230413,-6.21004566210045,-6.301369863013695,20230418,-5.936073059360714,-7.214611872146115
600171,600171.SH,上海贝岭,半导体,20230406,23.62,67.62952439611777,67.62952439611777,0.0,2.37,10.1586,27901.24,1.4190317195325537,momentum,BULL_PULLBACK,62.24435295617672,100.0,100.0,80.0,83.99380161684539,33.33333333333333,0.0,58.27444462655527,0.0,1,1,B_pure_quant_vr1.5,True,,20230407,23.4,20230411,-2.0940170940170866,-4.5299145299145245,20230413,-4.658119658119652,-4.957264957264962,20230418,-4.444444444444439,-6.58119658119658
002185,002185.SZ,华天科技,半导体,20230406,10.88,65.8161437040472,65.8161437040472,0.0,2.27,4.4069,16722.8,1.359927470534892,momentum,BULL_PULLBACK,59.13461487580951,100.0,100.0,40.0,83.99380161684539,30.0,0.0,66.47191149306707,0.0,2,2,B_pure_quant_vr1.5,True,,20230407,10.95,20230411,-3.5616438356164237,-4.74885844748858,20230413,-6.21004566210045,-6.301369863013695,20230418,-5.936073059360714,-7.214611872146115
600171,600171.SH,上海贝岭,半导体,20230406,23.62,75.81456344416432,67.48663032035911,8.327933123805204,2.37,10.1586,27901.24,1.4190317195325537,momentum,BULL_PULLBACK,62.24435295617672,100.0,100.0,80.0,83.27933123805204,33.33333333333333,0.0,58.27444462655527,0.0,1,1,A_recovered_proxy_vr1.2,True,,20230407,23.4,20230411,-2.0940170940170866,-4.5299145299145245,20230413,-4.658119658119652,-4.957264957264962,20230418,-4.444444444444439,-6.58119658119658
002185,002185.SZ,华天科技,半导体,20230406,10.88,74.00118275209375,65.67324962828854,8.327933123805204,2.27,4.4069,16722.8,1.359927470534892,momentum,BULL_PULLBACK,59.13461487580951,100.0,100.0,40.0,83.27933123805204,30.0,0.0,66.47191149306707,0.0,2,2,A_recovered_proxy_vr1.2,True,,20230407,10.95,20230411,-3.5616438356164237,-4.74885844748858,20230413,-6.21004566210045,-6.301369863013695,20230418,-5.936073059360714,-7.214611872146115
600171,600171.SH,上海贝岭,半导体,20230406,23.62,67.48663032035911,67.48663032035911,0.0,2.37,10.1586,27901.24,1.4190317195325537,momentum,BULL_PULLBACK,62.24435295617672,100.0,100.0,80.0,83.27933123805204,33.33333333333333,0.0,58.27444462655527,0.0,1,1,D_pure_quant_vr1.2,True,,20230407,23.4,20230411,-2.0940170940170866,-4.5299145299145245,20230413,-4.658119658119652,-4.957264957264962,20230418,-4.444444444444439,-6.58119658119658
002185,002185.SZ,华天科技,半导体,20230406,10.88,65.67324962828854,65.67324962828854,0.0,2.27,4.4069,16722.8,1.359927470534892,momentum,BULL_PULLBACK,59.13461487580951,100.0,100.0,40.0,83.27933123805204,30.0,0.0,66.47191149306707,0.0,2,2,D_pure_quant_vr1.2,True,,20230407,10.95,20230411,-3.5616438356164237,-4.74885844748858,20230413,-6.21004566210045,-6.301369863013695,20230418,-5.936073059360714,-7.214611872146115
600171,600171.SH,上海贝岭,半导体,20230406,23.62,61.659185857703584,61.659185857703584,0.0,2.37,10.1586,27901.24,1.4190317195325537,momentum,BULL_PULLBACK,62.24435295617672,100.0,100.0,80.0,83.27933123805204,33.33333333333333,0.0,58.27444462655527,0.0,1,1,E_ablate_wyckoff_vr1.2,True,,20230407,23.4,20230411,-2.0940170940170866,-4.5299145299145245,20230413,-4.658119658119652,-4.957264957264962,20230418,-4.444444444444439,-6.58119658119658
600171,600171.SH,上海贝岭,半导体,20230406,23.62,67.48663032035911,67.48663032035911,0.0,2.37,10.1586,27901.24,1.4190317195325537,momentum,BULL_PULLBACK,62.24435295617672,100.0,100.0,80.0,83.27933123805204,33.33333333333333,0.0,58.27444462655527,0.0,1,1,E_ablate_accel_vr1.2,True,,20230407,23.4,20230411,-2.0940170940170866,-4.5299145299145245,20230413,-4.658119658119652,-4.957264957264962,20230418,-4.444444444444439,-6.58119658119658
002185,002185.SZ,华天科技,半导体,20230406,10.88,65.67324962828854,65.67324962828854,0.0,2.27,4.4069,16722.8,1.359927470534892,momentum,BULL_PULLBACK,59.13461487580951,100.0,100.0,40.0,83.27933123805204,30.0,0.0,66.47191149306707,0.0,2,2,E_ablate_accel_vr1.2,True,,20230407,10.95,20230411,-3.5616438356164237,-4.74885844748858,20230413,-6.21004566210045,-6.301369863013695,20230418,-5.936073059360714,-7.214611872146115
002104,002104.SZ,恒宝股份,通信设备,20230407,9.72,64.72140433686447,58.00192115633149,6.71948318053297,2.05,8.691,8065.35,0.20533880903490323,momentum,BULL_PULLBACK,51.781195486536056,100.0,80.65350000000001,60.0,67.1948318053297,33.33333333333333,0.0,59.98408805618478,0.0,1,1,A_recovered_proxy_vr1.5,True,,20230410,9.7,20230412,-1.134020618556697,-4.948453608247405,20230414,-5.051546391752559,-6.288659793814433,20230419,-9.896907216494832,-10.412371134020615
002421,002421.SZ,达实智能,软件服务,20230407,4.38,64.21669783553855,57.34919878152802,6.867499054010541,1.64,5.6135,9027.76,0.680272108843543,momentum,BULL_PULLBACK,35.68479074216794,100.0,90.2776,65.0,68.67499054010541,33.33333333333333,0.0,52.89295395515074,0.0,2,2,A_recovered_proxy_vr1.5,True,,20230410,4.35,20230412,-0.22988505747125743,-4.597701149425271,20230414,-2.7586206896551557,-4.597701149425271,20230419,-3.9080459770114984,-6.666666666666665
002421,002421.SZ,达实智能,软件服务,20230407,4.38,67.63709126424274,59.21279440066414,8.424296863578602,1.64,5.6135,9027.76,0.680272108843543,momentum,BULL_PULLBACK,35.68479074216794,100.0,90.2776,40.0,84.24296863578601,33.33333333333333,0.0,52.89295395515074,0.0,1,1,A_recovered_proxy_vr1.2,True,,20230410,4.35,20230412,-0.22988505747125743,-4.597701149425271,20230414,-2.7586206896551557,-4.597701149425271,20230419,-3.9080459770114984,-6.666666666666665
601519,601519.SH,大智慧,软件服务,20230407,8.62,67.16838669254633,58.74408982896774,8.424296863578602,1.49,7.2374,20240.07,1.5981735159817416,momentum,BULL_PULLBACK,28.76561653437184,100.0,100.0,65.0,84.24296863578601,33.33333333333333,0.0,26.639869549880927,0.0,2,2,A_recovered_proxy_vr1.2,True,,20230410,8.75,20230412,1.0285714285714231,-9.714285714285708,20230414,-4.571428571428571,-9.714285714285708,20230419,-9.599999999999998,-10.514285714285709
002240,002240.SZ,盛新锂能,小金属,20230411,35.36,74.78896807991883,65.72906218232926,9.059905897589573,2.25,3.6654,19952.46,4.638619201725995,weak_momentum,BULL_PULLBACK,58.49625007211562,100.0,100.0,40.0,90.59905897589573,33.33333333333333,0.0,64.6539943897393,0.0,1,1,A_recovered_proxy_vr1.5,True,,20230412,34.98,20230414,1.2578616352201477,-3.8593481989708245,20230418,2.287021154945701,-3.8593481989708245,20230421,-3.373356203544886,-3.8593481989708245
600732,600732.SH,爱旭股份,电气设备,20230411,33.71,70.49012685327943,64.89093945172645,5.599187401552989,2.27,3.1117,13665.08,11.266122663858912,weak_momentum,BULL_PULLBACK,59.13461487580951,100.0,100.0,80.0,55.99187401552989,33.33333333333333,0.0,79.70199634239253,0.0,2,2,A_recovered_proxy_vr1.5,True,,20230412,33.6,20230414,-4.1666666666666625,-5.952380952380953,20230418,-4.880952380952386,-8.303571428571432,20230421,-12.55952380952382,-12.589285714285714
002240,002240.SZ,盛新锂能,小金属,20230411,35.36,65.72906218232926,65.72906218232926,0.0,2.25,3.6654,19952.46,4.638619201725995,weak_momentum,BULL_PULLBACK,58.49625007211562,100.0,100.0,40.0,90.59905897589573,33.33333333333333,0.0,64.6539943897393,0.0,1,1,B_pure_quant_vr1.5,True,,20230412,34.98,20230414,1.2578616352201477,-3.8593481989708245,20230418,2.287021154945701,-3.8593481989708245,20230421,-3.373356203544886,-3.8593481989708245
600732,600732.SH,爱旭股份,电气设备,20230411,33.71,64.89093945172645,64.89093945172645,0.0,2.27,3.1117,13665.08,11.266122663858912,weak_momentum,BULL_PULLBACK,59.13461487580951,100.0,100.0,80.0,55.99187401552989,33.33333333333333,0.0,79.70199634239253,0.0,2,2,B_pure_quant_vr1.5,True,,20230412,33.6,20230414,-4.1666666666666625,-5.952380952380953,20230418,-4.880952380952386,-8.303571428571432,20230421,-12.55952380952382,-12.589285714285714
002240,002240.SZ,盛新锂能,小金属,20230411,35.36,74.02114412211068,65.26836780764437,8.752776314466312,2.25,3.6654,19952.46,4.638619201725995,weak_momentum,BULL_PULLBACK,58.49625007211562,100.0,100.0,40.0,87.52776314466311,33.33333333333333,0.0,64.6539943897393,0.0,1,1,A_recovered_proxy_vr1.2,True,,20230412,34.98,20230414,1.2578616352201477,-3.8593481989708245,20230418,2.287021154945701,-3.8593481989708245,20230421,-3.373356203544886,-3.8593481989708245
600732,600732.SH,爱旭股份,电气设备,20230411,33.71,67.60914125935929,67.60914125935929,0.0,2.27,3.1117,13665.08,11.266122663858912,weak_momentum,BULL_PULLBACK,59.13461487580951,100.0,100.0,80.0,74.1132193997488,33.33333333333333,0.0,79.70199634239253,0.0,2,2,A_recovered_proxy_vr1.2,True,,20230412,33.6,20230414,-4.1666666666666625,-5.952380952380953,20230418,-4.880952380952386,-8.303571428571432,20230421,-12.55952380952382,-12.589285714285714
600732,600732.SH,爱旭股份,电气设备,20230411,33.71,67.60914125935929,67.60914125935929,0.0,2.27,3.1117,13665.08,11.266122663858912,weak_momentum,BULL_PULLBACK,59.13461487580951,100.0,100.0,80.0,74.1132193997488,33.33333333333333,0.0,79.70199634239253,0.0,1,1,D_pure_quant_vr1.2,True,,20230412,33.6,20230414,-4.1666666666666625,-5.952380952380953,20230418,-4.880952380952386,-8.303571428571432,20230421,-12.55952380952382,-12.589285714285714
002240,002240.SZ,盛新锂能,小金属,20230411,35.36,65.26836780764437,65.26836780764437,0.0,2.25,3.6654,19952.46,4.638619201725995,weak_momentum,BULL_PULLBACK,58.49625007211562,100.0,100.0,40.0,87.52776314466311,33.33333333333333,0.0,64.6539943897393,0.0,2,2,D_pure_quant_vr1.2,True,,20230412,34.98,20230414,1.2578616352201477,-3.8593481989708245,20230418,2.287021154945701,-3.8593481989708245,20230421,-3.373356203544886,-3.8593481989708245
600732,600732.SH,爱旭股份,电气设备,20230411,33.71,67.60914125935929,67.60914125935929,0.0,2.27,3.1117,13665.08,11.266122663858912,weak_momentum,BULL_PULLBACK,59.13461487580951,100.0,100.0,80.0,74.1132193997488,33.33333333333333,0.0,79.70199634239253,0.0,1,1,E_ablate_accel_vr1.2,True,,20230412,33.6,20230414,-4.1666666666666625,-5.952380952380953,20230418,-4.880952380952386,-8.303571428571432,20230421,-12.55952380952382,-12.589285714285714
002240,002240.SZ,盛新锂能,小金属,20230411,35.36,65.26836780764437,65.26836780764437,0.0,2.25,3.6654,19952.46,4.638619201725995,weak_momentum,BULL_PULLBACK,58.49625007211562,100.0,100.0,40.0,87.52776314466311,33.33333333333333,0.0,64.6539943897393,0.0,2,2,E_ablate_accel_vr1.2,True,,20230412,34.98,20230414,1.2578616352201477,-3.8593481989708245,20230418,2.287021154945701,-3.8593481989708245,20230421,-3.373356203544886,-3.8593481989708245
002583,002583.SZ,海能达,通信设备,20230412,6.59,67.23442288428646,58.230602470141875,9.00382041414459,1.53,3.7917,8626.13,3.513909224011716,weak_momentum,BULL_PULLBACK,30.676582645896357,100.0,86.26129999999999,80.0,90.0382041414459,20.0,0.0,50.642336346936894,0.0,1,1,A_recovered_proxy_vr1.5,True,,20230413,6.61,20230417,-5.295007564296528,-5.597579425113464,20230419,-4.538577912254171,-7.110438729198199,20230424,-9.98487140695915,-10.741301059001508
600771,600771.SH,广誉远,中成药,20230412,37.9,62.82207280888218,62.82207280888218,0.0,2.21,3.9743,12777.84,3.5868735690664044,weak_momentum,BULL_PULLBACK,57.202318480835345,100.0,100.0,80.0,61.20758763112747,0.0,0.0,73.73724594725176,0.0,2,2,A_recovered_proxy_vr1.5,True,,20230413,37.95,20230417,-2.1607378129117283,-2.7140974967061915,20230419,-3.21475625823453,-4.347826086956541,20230424,-8.036890645586304,-8.827404479578394
600771,600771.SH,广誉远,中成药,20230412,37.9,62.82207280888218,62.82207280888218,0.0,2.21,3.9743,12777.84,3.5868735690664044,weak_momentum,BULL_PULLBACK,57.202318480835345,100.0,100.0,80.0,61.20758763112747,0.0,0.0,73.73724594725176,0.0,1,1,B_pure_quant_vr1.5,True,,20230413,37.95,20230417,-2.1607378129117283,-2.7140974967061915,20230419,-3.21475625823453,-4.347826086956541,20230424,-8.036890645586304,-8.827404479578394
603019,603019.SH,中科曙光,IT设备,20230412,42.85,65.671212530735,55.671212530735005,10.0,1.46,10.3316,79815.8,3.3385968869839773,weak_momentum,BULL_PULLBACK,27.298418455264624,100.0,100.0,60.0,100.0,0.0,0.0,23.842998416302088,0.0,1,1,A_recovered_proxy_vr1.2,True,,20230413,42.37,20230417,2.7849893792777802,-8.449374557469902,20230419,17.39438281803163,-8.449374557469902,20230424,27.42506490441352,-8.449374557469902
601868,601868.SH,中国能建,建筑工程,20230413,2.6,81.30672236748458,73.0467624488558,8.259959918628773,3.27,6.6502,72382.88,5.797101449275352,sideways,BULL_PULLBACK,85.4645317861679,63.285024154589195,100.0,80.0,82.59959918628773,63.33333333333333,0.0,95.54377997732847,0.0,1,1,A_recovered_proxy_vr1.5,True,,20230414,2.6,20230418,3.8461538461538547,-0.38461538461539435,20230420,3.8461538461538547,-0.38461538461539435,20230425,2.6923076923076827,-0.38461538461539435
002761,002761.SZ,浙江建投,建筑工程,20230413,19.05,68.07817693742174,59.81821701879298,8.259959918628773,2.11,4.512,1282.77,8.720651653090561,sideways,BULL_PULLBACK,53.86214994662302,100.0,12.8277,65.0,82.59959918628773,33.33333333333333,0.0,73.10511238271738,0.0,2,2,A_recovered_proxy_vr1.5,True,,20230414,18.82,20230418,-3.347502656748136,-3.4537725823591825,20230420,-7.8108395324123165,-9.139213602550466,20230425,-13.230605738575996,-14.612114771519657
601868,601868.SH,中国能建,建筑工程,20230413,2.6,73.0467624488558,73.0467624488558,0.0,3.27,6.6502,72382.88,5.797101449275352,sideways,BULL_PULLBACK,85.4645317861679,63.285024154589195,100.0,80.0,82.59959918628773,63.33333333333333,0.0,95.54377997732847,0.0,1,1,B_pure_quant_vr1.5,True,,20230414,2.6,20230418,3.8461538461538547,-0.38461538461539435,20230420,3.8461538461538547,-0.38461538461539435,20230425,2.6923076923076827,-0.38461538461539435
601868,601868.SH,中国能建,建筑工程,20230413,2.6,79.62275508381992,72.03638207865701,7.586373005162911,3.27,6.6502,72382.88,5.797101449275352,sideways,BULL_PULLBACK,85.4645317861679,63.285024154589195,100.0,80.0,75.8637300516291,63.33333333333333,0.0,95.54377997732847,0.0,1,1,A_recovered_proxy_vr1.2,True,,20230414,2.6,20230418,3.8461538461538547,-0.38461538461539435,20230420,3.8461538461538547,-0.38461538461539435,20230425,2.6923076923076827,-0.38461538461539435
002761,002761.SZ,浙江建投,建筑工程,20230413,19.05,66.39420965375709,58.80783664859418,7.586373005162911,2.11,4.512,1282.77,8.720651653090561,sideways,BULL_PULLBACK,53.86214994662302,100.0,12.8277,65.0,75.8637300516291,33.33333333333333,0.0,73.10511238271738,0.0,2,2,A_recovered_proxy_vr1.2,True,,20230414,18.82,20230418,-3.347502656748136,-3.4537725823591825,20230420,-7.8108395324123165,-9.139213602550466,20230425,-13.230605738575996,-14.612114771519657
601868,601868.SH,中国能建,建筑工程,20230413,2.6,72.03638207865701,72.03638207865701,0.0,3.27,6.6502,72382.88,5.797101449275352,sideways,BULL_PULLBACK,85.4645317861679,63.285024154589195,100.0,80.0,75.8637300516291,63.33333333333333,0.0,95.54377997732847,0.0,1,1,D_pure_quant_vr1.2,True,,20230414,2.6,20230418,3.8461538461538547,-0.38461538461539435,20230420,3.8461538461538547,-0.38461538461539435,20230425,2.6923076923076827,-0.38461538461539435
601868,601868.SH,中国能建,建筑工程,20230413,2.6,60.65682257091264,60.65682257091264,0.0,3.27,6.6502,72382.88,5.797101449275352,sideways,BULL_PULLBACK,85.4645317861679,63.285024154589195,100.0,80.0,75.8637300516291,63.33333333333333,0.0,95.54377997732847,0.0,1,1,E_ablate_sector_vr1.2,True,,20230414,2.6,20230418,3.8461538461538547,-0.38461538461539435,20230420,3.8461538461538547,-0.38461538461539435,20230425,2.6923076923076827,-0.38461538461539435
601868,601868.SH,中国能建,建筑工程,20230413,2.6,60.08848859120208,60.08848859120208,0.0,3.27,6.6502,72382.88,5.797101449275352,sideways,BULL_PULLBACK,85.4645317861679,63.285024154589195,100.0,80.0,76.2111068019296,63.33333333333333,0.0,95.54377997732847,0.0,1,1,E_ablate_inflow_vr1.2,True,,20230414,2.6,20230418,3.8461538461538547,-0.38461538461539435,20230420,3.8461538461538547,-0.38461538461539435,20230425,2.6923076923076827,-0.38461538461539435
601868,601868.SH,中国能建,建筑工程,20230413,2.6,60.57112848137759,60.57112848137759,0.0,3.27,6.6502,72382.88,5.797101449275352,sideways,BULL_PULLBACK,85.4645317861679,63.285024154589195,100.0,80.0,75.8637300516291,63.33333333333333,0.0,95.54377997732847,0.0,1,1,E_ablate_wyckoff_vr1.2,True,,20230414,2.6,20230418,3.8461538461538547,-0.38461538461539435,20230420,3.8461538461538547,-0.38461538461539435,20230425,2.6923076923076827,-0.38461538461539435
601868,601868.SH,中国能建,建筑工程,20230413,2.6,72.03638207865701,72.03638207865701,0.0,3.27,6.6502,72382.88,5.797101449275352,sideways,BULL_PULLBACK,85.4645317861679,63.285024154589195,100.0,80.0,75.8637300516291,63.33333333333333,0.0,95.54377997732847,0.0,1,1,E_ablate_accel_vr1.2,True,,20230414,2.6,20230418,3.8461538461538547,-0.38461538461539435,20230420,3.8461538461538547,-0.38461538461539435,20230425,2.6923076923076827,-0.38461538461539435
002497,002497.SZ,雅化集团,小金属,20230414,21.1,74.66269111953955,65.57609296735434,9.086598152185198,2.75,3.6497,19689.8,4.869251577998189,sideways,BULL_PULLBACK,72.97158093186486,48.692515779981896,100.0,65.0,90.86598152185198,30.0,0.0,83.16745385391881,0.0,1,1,A_recovered_proxy_vr1.5,True,,20230417,21.08,20230419,-0.14231499051232666,-0.5692599620493288,20230421,-3.984819734345346,-4.174573055028463,20230426,-6.831119544592024,-13.757115749525607
002192,002192.SZ,融捷股份,小金属,20230414,77.71,73.03990346162287,63.953305309437674,9.086598152185198,2.01,6.0742,9650.23,15.880060619181643,sideways,BULL_PULLBACK,50.35977507021019,91.19939380818357,96.50229999999999,80.0,90.86598152185198,30.0,0.0,31.667624399277095,0.0,2,2,A_recovered_proxy_vr1.5,True,,20230417,77.71,20230419,1.4541243083258326,-1.068073607000386,20230421,-5.005790760519879,-5.031527473941577,20230426,-3.950585510230331,-12.765409857161226
002497,002497.SZ,雅化集团,小金属,20230414,21.1,65.57609296735434,65.57609296735434,0.0,2.75,3.6497,19689.8,4.869251577998189,sideways,BULL_PULLBACK,72.97158093186486,48.692515779981896,100.0,65.0,90.86598152185198,30.0,0.0,83.16745385391881,0.0,1,1,B_pure_quant_vr1.5,True,,20230417,21.08,20230419,-0.14231499051232666,-0.5692599620493288,20230421,-3.984819734345346,-4.174573055028463,20230426,-6.831119544592024,-13.757115749525607
002192,002192.SZ,融捷股份,小金属,20230414,77.71,63.953305309437674,63.953305309437674,0.0,2.01,6.0742,9650.23,15.880060619181643,sideways,BULL_PULLBACK,50.35977507021019,91.19939380818357,96.50229999999999,80.0,90.86598152185198,30.0,0.0,31.667624399277095,0.0,2,2,B_pure_quant_vr1.5,True,,20230417,77.71,20230419,1.4541243083258326,-1.068073607000386,20230421,-5.005790760519879,-5.031527473941577,20230426,-3.950585510230331,-12.765409857161226
002497,002497.SZ,雅化集团,小金属,20230414,21.1,73.88025920148009,65.10663381651867,8.773625384961418,2.75,3.6497,19689.8,4.869251577998189,sideways,BULL_PULLBACK,72.97158093186486,48.692515779981896,100.0,65.0,87.73625384961417,30.0,0.0,83.16745385391881,0.0,1,1,A_recovered_proxy_vr1.2,True,,20230417,21.08,20230419,-0.14231499051232666,-0.5692599620493288,20230421,-3.984819734345346,-4.174573055028463,20230426,-6.831119544592024,-13.757115749525607
002192,002192.SZ,融捷股份,小金属,20230414,77.71,72.25747154356343,63.483846158602006,8.773625384961418,2.01,6.0742,9650.23,15.880060619181643,sideways,BULL_PULLBACK,50.35977507021019,91.19939380818357,96.50229999999999,80.0,87.73625384961417,30.0,0.0,31.667624399277095,0.0,2,2,A_recovered_proxy_vr1.2,True,,20230417,77.71,20230419,1.4541243083258326,-1.068073607000386,20230421,-5.005790760519879,-5.031527473941577,20230426,-3.950585510230331,-12.765409857161226
002497,002497.SZ,雅化集团,小金属,20230414,21.1,65.10663381651867,65.10663381651867,0.0,2.75,3.6497,19689.8,4.869251577998189,sideways,BULL_PULLBACK,72.97158093186486,48.692515779981896,100.0,65.0,87.73625384961417,30.0,0.0,83.16745385391881,0.0,1,1,D_pure_quant_vr1.2,True,,20230417,21.08,20230419,-0.14231499051232666,-0.5692599620493288,20230421,-3.984819734345346,-4.174573055028463,20230426,-6.831119544592024,-13.757115749525607
002192,002192.SZ,融捷股份,小金属,20230414,77.71,63.483846158602006,63.483846158602006,0.0,2.01,6.0742,9650.23,15.880060619181643,sideways,BULL_PULLBACK,50.35977507021019,91.19939380818357,96.50229999999999,80.0,87.73625384961417,30.0,0.0,31.667624399277095,0.0,2,2,D_pure_quant_vr1.2,True,,20230417,77.71,20230419,1.4541243083258326,-1.068073607000386,20230421,-5.005790760519879,-5.031527473941577,20230426,-3.950585510230331,-12.765409857161226
002497,002497.SZ,雅化集团,小金属,20230414,21.1,65.10663381651867,65.10663381651867,0.0,2.75,3.6497,19689.8,4.869251577998189,sideways,BULL_PULLBACK,72.97158093186486,48.692515779981896,100.0,65.0,87.73625384961417,30.0,0.0,83.16745385391881,0.0,1,1,E_ablate_accel_vr1.2,True,,20230417,21.08,20230419,-0.14231499051232666,-0.5692599620493288,20230421,-3.984819734345346,-4.174573055028463,20230426,-6.831119544592024,-13.757115749525607
002192,002192.SZ,融捷股份,小金属,20230414,77.71,63.483846158602006,63.483846158602006,0.0,2.01,6.0742,9650.23,15.880060619181643,sideways,BULL_PULLBACK,50.35977507021019,91.19939380818357,96.50229999999999,80.0,87.73625384961417,30.0,0.0,31.667624399277095,0.0,2,2,E_ablate_accel_vr1.2,True,,20230417,77.71,20230419,1.4541243083258326,-1.068073607000386,20230421,-5.005790760519879,-5.031527473941577,20230426,-3.950585510230331,-12.765409857161226
000151,000151.SZ,中成股份,商贸代理,20230417,14.64,63.06365653569277,63.06365653569277,0.0,2.27,10.2025,9338.96,12.440191387559798,weak_momentum,BULL_PULLBACK,59.13461487580951,96.33173843700169,93.38959999999999,60.0,60.51810440472219,66.66666666666666,0.0,69.41652465226322,0.0,1,1,A_recovered_proxy_vr1.5,True,,20230418,14.4,20230420,-1.388888888888895,-5.138888888888893,20230424,-14.513888888888893,-14.513888888888893,20230427,-17.499999999999993,-21.73611111111111
601975,601975.SH,招商南油,水运,20230417,3.78,61.581688807777226,61.581688807777226,0.0,2.22,3.6003,17283.09,8.029197080291983,weak_momentum,BULL_PULLBACK,57.52798382876907,100.0,100.0,80.0,62.05230656123329,30.0,0.0,54.29763499517914,0.0,2,2,A_recovered_proxy_vr1.5,True,,20230418,3.8,20230420,-3.421052631578947,-3.9473684210526327,20230424,-7.36842105263158,-7.894736842105255,20230427,-8.947368421052627,-11.315789473684202
000151,000151.SZ,中成股份,商贸代理,20230417,14.64,63.06365653569277,63.06365653569277,0.0,2.27,10.2025,9338.96,12.440191387559798,weak_momentum,BULL_PULLBACK,59.13461487580951,96.33173843700169,93.38959999999999,60.0,60.51810440472219,66.66666666666666,0.0,69.41652465226322,0.0,1,1,B_pure_quant_vr1.5,True,,20230418,14.4,20230420,-1.388888888888895,-5.138888888888893,20230424,-14.513888888888893,-14.513888888888893,20230427,-17.499999999999993,-21.73611111111111
601975,601975.SH,招商南油,水运,20230417,3.78,61.581688807777226,61.581688807777226,0.0,2.22,3.6003,17283.09,8.029197080291983,weak_momentum,BULL_PULLBACK,57.52798382876907,100.0,100.0,80.0,62.05230656123329,30.0,0.0,54.29763499517914,0.0,2,2,B_pure_quant_vr1.5,True,,20230418,3.8,20230420,-3.421052631578947,-3.9473684210526327,20230424,-7.36842105263158,-7.894736842105255,20230427,-8.947368421052627,-11.315789473684202
000151,000151.SZ,中成股份,商贸代理,20230417,14.64,62.60632573446802,62.60632573446802,0.0,2.27,10.2025,9338.96,12.440191387559798,weak_momentum,BULL_PULLBACK,59.13461487580951,96.33173843700169,93.38959999999999,60.0,57.469232396557196,66.66666666666666,0.0,69.41652465226322,0.0,1,1,A_recovered_proxy_vr1.2,True,,20230418,14.4,20230420,-1.388888888888895,-5.138888888888893,20230424,-14.513888888888893,-14.513888888888893,20230427,-17.499999999999993,-21.73611111111111
601975,601975.SH,招商南油,水运,20230417,3.78,60.73533231868856,60.73533231868856,0.0,2.22,3.6003,17283.09,8.029197080291983,weak_momentum,BULL_PULLBACK,57.52798382876907,100.0,100.0,80.0,56.40992996730888,30.0,0.0,54.29763499517914,0.0,2,2,A_recovered_proxy_vr1.2,True,,20230418,3.8,20230420,-3.421052631578947,-3.9473684210526327,20230424,-7.36842105263158,-7.894736842105255,20230427,-8.947368421052627,-11.315789473684202
000151,000151.SZ,中成股份,商贸代理,20230417,14.64,62.60632573446802,62.60632573446802,0.0,2.27,10.2025,9338.96,12.440191387559798,weak_momentum,BULL_PULLBACK,59.13461487580951,96.33173843700169,93.38959999999999,60.0,57.469232396557196,66.66666666666666,0.0,69.41652465226322,0.0,1,1,D_pure_quant_vr1.2,True,,20230418,14.4,20230420,-1.388888888888895,-5.138888888888893,20230424,-14.513888888888893,-14.513888888888893,20230427,-17.499999999999993,-21.73611111111111
601975,601975.SH,招商南油,水运,20230417,3.78,60.73533231868856,60.73533231868856,0.0,2.22,3.6003,17283.09,8.029197080291983,weak_momentum,BULL_PULLBACK,57.52798382876907,100.0,100.0,80.0,56.40992996730888,30.0,0.0,54.29763499517914,0.0,2,2,D_pure_quant_vr1.2,True,,20230418,3.8,20230420,-3.421052631578947,-3.9473684210526327,20230424,-7.36842105263158,-7.894736842105255,20230427,-8.947368421052627,-11.315789473684202
000151,000151.SZ,中成股份,商贸代理,20230417,14.64,62.60632573446802,62.60632573446802,0.0,2.27,10.2025,9338.96,12.440191387559798,weak_momentum,BULL_PULLBACK,59.13461487580951,96.33173843700169,93.38959999999999,60.0,57.469232396557196,66.66666666666666,0.0,69.41652465226322,0.0,1,1,E_ablate_accel_vr1.2,True,,20230418,14.4,20230420,-1.388888888888895,-5.138888888888893,20230424,-14.513888888888893,-14.513888888888893,20230427,-17.499999999999993,-21.73611111111111
601975,601975.SH,招商南油,水运,20230417,3.78,60.73533231868856,60.73533231868856,0.0,2.22,3.6003,17283.09,8.029197080291983,weak_momentum,BULL_PULLBACK,57.52798382876907,100.0,100.0,80.0,56.40992996730888,30.0,0.0,54.29763499517914,0.0,2,2,E_ablate_accel_vr1.2,True,,20230418,3.8,20230420,-3.421052631578947,-3.9473684210526327,20230424,-7.36842105263158,-7.894736842105255,20230427,-8.947368421052627,-11.315789473684202
601658,601658.SH,邮储银行,银行,20230418,5.31,79.01750304408279,71.89636950764364,7.121133536439148,1.8,3.5847,50245.28,0.3752345215759937,momentum,BULL_PULLBACK,42.39984532774751,100.0,100.0,80.0,71.21133536439147,30.0,0.0,57.94125635603213,100.0,1,1,A_recovered_proxy_vr1.5,True,,20230419,5.31,20230421,0.37664783427495685,-1.506591337099794,20230425,5.084745762711873,-1.506591337099794,20230428,3.766478342749524,-1.506591337099794
601658,601658.SH,邮储银行,银行,20230418,5.31,71.89636950764364,71.89636950764364,0.0,1.8,3.5847,50245.28,0.3752345215759937,momentum,BULL_PULLBACK,42.39984532774751,100.0,100.0,80.0,71.21133536439147,30.0,0.0,57.94125635603213,100.0,1,1,B_pure_quant_vr1.5,True,,20230419,5.31,20230421,0.37664783427495685,-1.506591337099794,20230425,5.084745762711873,-1.506591337099794,20230428,3.766478342749524,-1.506591337099794
601658,601658.SH,邮储银行,银行,20230418,5.31,72.52688675249999,72.52688675249999,0.0,1.8,3.5847,50245.28,0.3752345215759937,momentum,BULL_PULLBACK,42.39984532774751,100.0,100.0,80.0,74.36392158867324,30.0,0.0,57.94125635603213,100.0,1,1,A_recovered_proxy_vr1.2,True,,20230419,5.31,20230421,0.37664783427495685,-1.506591337099794,20230425,5.084745762711873,-1.506591337099794,20230428,3.766478342749524,-1.506591337099794
601658,601658.SH,邮储银行,银行,20230418,5.31,72.52688675249999,72.52688675249999,0.0,1.8,3.5847,50245.28,0.3752345215759937,momentum,BULL_PULLBACK,42.39984532774751,100.0,100.0,80.0,74.36392158867324,30.0,0.0,57.94125635603213,100.0,1,1,D_pure_quant_vr1.2,True,,20230419,5.31,20230421,0.37664783427495685,-1.506591337099794,20230425,5.084745762711873,-1.506591337099794,20230428,3.766478342749524,-1.506591337099794
601658,601658.SH,邮储银行,银行,20230418,5.31,66.73276111689677,66.73276111689677,0.0,1.8,3.5847,50245.28,0.3752345215759937,momentum,BULL_PULLBACK,42.39984532774751,100.0,100.0,80.0,74.36392158867324,30.0,0.0,57.94125635603213,100.0,1,1,E_ablate_wyckoff_vr1.2,True,,20230419,5.31,20230421,0.37664783427495685,-1.506591337099794,20230425,5.084745762711873,-1.506591337099794,20230428,3.766478342749524,-1.506591337099794
601658,601658.SH,邮储银行,银行,20230418,5.31,62.52688675249999,62.52688675249999,0.0,1.8,3.5847,50245.28,0.3752345215759937,momentum,BULL_PULLBACK,42.39984532774751,100.0,100.0,80.0,74.36392158867324,30.0,0.0,57.94125635603213,100.0,1,1,E_ablate_accel_vr1.2,True,,20230419,5.31,20230421,0.37664783427495685,-1.506591337099794,20230425,5.084745762711873,-1.506591337099794,20230428,3.766478342749524,-1.506591337099794
000034,000034.SZ,神州数码,软件服务,20230419,30.34,73.87249626118975,64.4164310555508,9.456065205638957,1.77,9.9957,20172.14,11.467756054858485,sideways,BULL_PULLBACK,41.187468015413636,100.0,100.0,65.0,94.56065205638957,43.333333333333336,0.0,30.87019680862252,0.0,1,1,A_recovered_proxy_vr1.5,True,,20230420,30.94,20230424,-5.753070458952814,-8.14479638009049,20230426,-15.449256625727214,-16.451195862960567,20230504,-11.764705882352944,-18.93988364576601
600536,600536.SH,中国软件,软件服务,20230419,69.7,66.2027571263691,56.746691920730136,9.456065205638957,2.04,8.6462,91377.27,3.8488067319630184,sideways,BULL_PULLBACK,51.42845760983854,38.48806731963018,100.0,65.0,94.56065205638957,20.0,0.0,64.84132189823819,0.0,2,2,A_recovered_proxy_vr1.5,True,,20230420,70.02,20230424,-13.110539845758339,-14.167380748357605,20230426,-18.023421879463008,-18.737503570408453,20230504,-18.180519851471,-21.451013996001134
000034,000034.SZ,神州数码,软件服务,20230419,30.34,64.4164310555508,64.4164310555508,0.0,1.77,9.9957,20172.14,11.467756054858485,sideways,BULL_PULLBACK,41.187468015413636,100.0,100.0,65.0,94.56065205638957,43.333333333333336,0.0,30.87019680862252,0.0,1,1,B_pure_quant_vr1.5,True,,20230420,30.94,20230424,-5.753070458952814,-8.14479638009049,20230426,-15.449256625727214,-16.451195862960567,20230504,-11.764705882352944,-18.93988364576601
000034,000034.SZ,神州数码,软件服务,20230419,30.34,70.4131992891885,62.34085287235005,8.072346416838453,1.77,9.9957,20172.14,11.467756054858485,sideways,BULL_PULLBACK,41.187468015413636,100.0,100.0,65.0,80.72346416838452,43.333333333333336,0.0,30.87019680862252,0.0,1,1,A_recovered_proxy_vr1.2,True,,20230420,30.94,20230424,-5.753070458952814,-8.14479638009049,20230426,-15.449256625727214,-16.451195862960567,20230504,-11.764705882352944,-18.93988364576601
002065,002065.SZ,东华软件,软件服务,20230419,8.13,64.37138905908888,56.299042642250434,8.072346416838453,1.31,5.6003,17088.23,8.23927765237019,sideways,BULL_PULLBACK,19.47834058813628,100.0,100.0,40.0,80.72346416838452,0.0,0.0,35.8774007300231,0.0,2,2,A_recovered_proxy_vr1.2,True,,20230420,8.08,20230424,-4.455445544554459,-5.569306930693074,20230426,-11.386138613861386,-12.995049504950495,20230504,-3.960396039603964,-12.995049504950495
000034,000034.SZ,神州数码,软件服务,20230419,30.34,62.34085287235005,62.34085287235005,0.0,1.77,9.9957,20172.14,11.467756054858485,sideways,BULL_PULLBACK,41.187468015413636,100.0,100.0,65.0,80.72346416838452,43.333333333333336,0.0,30.87019680862252,0.0,1,1,D_pure_quant_vr1.2,True,,20230420,30.94,20230424,-5.753070458952814,-8.14479638009049,20230426,-15.449256625727214,-16.451195862960567,20230504,-11.764705882352944,-18.93988364576601
000034,000034.SZ,神州数码,软件服务,20230419,30.34,62.34085287235005,62.34085287235005,0.0,1.77,9.9957,20172.14,11.467756054858485,sideways,BULL_PULLBACK,41.187468015413636,100.0,100.0,65.0,80.72346416838452,43.333333333333336,0.0,30.87019680862252,0.0,1,1,E_ablate_accel_vr1.2,True,,20230420,30.94,20230424,-5.753070458952814,-8.14479638009049,20230426,-15.449256625727214,-16.451195862960567,20230504,-11.764705882352944,-18.93988364576601
002045,002045.SZ,国光电器,元器件,20230420,16.85,69.86164780951697,60.073341317813465,9.788306491703498,1.84,9.3665,12164.38,16.749011857707497,sideways,BULL_PULLBACK,43.98528831411441,82.50988142292502,100.0,60.0,97.88306491703497,66.66666666666666,0.0,15.238424206468405,0.0,1,1,A_recovered_proxy_vr1.5,True,,20230421,16.7,20230425,-3.5329341317365315,-8.44311377245509,20230427,-11.976047904191622,-14.970059880239518,20230505,-7.904191616766454,-14.970059880239518
002045,002045.SZ,国光电器,元器件,20230420,16.85,60.073341317813465,60.073341317813465,0.0,1.84,9.3665,12164.38,16.749011857707497,sideways,BULL_PULLBACK,43.98528831411441,82.50988142292502,100.0,60.0,97.88306491703497,66.66666666666666,0.0,15.238424206468405,0.0,1,1,B_pure_quant_vr1.5,True,,20230421,16.7,20230425,-3.5329341317365315,-8.44311377245509,20230427,-11.976047904191622,-14.970059880239518,20230505,-7.904191616766454,-14.970059880239518
002045,002045.SZ,国光电器,元器件,20230420,16.85,68.5204611055053,59.58862929540647,8.931831810098839,1.84,9.3665,12164.38,16.749011857707497,sideways,BULL_PULLBACK,43.98528831411441,82.50988142292502,100.0,80.0,89.31831810098838,66.66666666666666,0.0,15.238424206468405,0.0,1,1,A_recovered_proxy_vr1.2,True,,20230421,16.7,20230425,-3.5329341317365315,-8.44311377245509,20230427,-11.976047904191622,-14.970059880239518,20230505,-7.904191616766454,-14.970059880239518
600118,600118.SH,中国卫星,航空,20230421,29.2,68.62085542303325,68.62085542303325,0.0,3.22,6.9959,10450.52,5.958132045088571,sideways,BULL_TREND,84.35303441699462,65.96886741814285,100.0,65.0,42.24029999688505,53.333333333333336,100.0,87.89437794252983,0.0,1,1,A_recovered_proxy_vr1.5,True,,20230424,28.32,20230426,-8.192090395480223,-8.439265536723163,20230428,-6.638418079096042,-8.862994350282493,20230508,-2.153954802259883,-8.862994350282493
003009,003009.SZ,中天火箭,航空,20230421,48.8,67.15131268829111,67.15131268829111,0.0,3.52,11.7571,6156.94,6.135795345258713,sideways,BULL_TREND,90.77877144312862,68.92992242097856,61.569399999999995,80.0,42.24029999688505,66.66666666666666,100.0,89.64744754434538,0.0,2,2,A_recovered_proxy_vr1.5,True,,20230424,48.35,20230426,3.743536711478801,-4.860392967942095,20230428,1.571871768355737,-4.860392967942095,20230508,-6.308169596690805,-8.62461220268873
002603,002603.SZ,以岭药业,中成药,20230421,30.84,62.04259767562333,57.17854283607947,4.864054839543851,2.63,4.817,33386.8,4.164077066500932,sideways,BULL_TREND,69.75313997587888,41.64077066500932,100.0,80.0,48.6405483954385,33.33333333333333,95.806,55.29127974251355,0.0,3,3,A_recovered_proxy_vr1.5,True,,20230424,31.49,20230426,-1.8418545570022204,-8.35185773261352,20230428,-0.0635122261035237,-8.35185773261352,20230508,-3.239123531279775,-8.35185773261352
600118,600118.SH,中国卫星,航空,20230421,29.2,68.62085542303325,68.62085542303325,0.0,3.22,6.9959,10450.52,5.958132045088571,sideways,BULL_TREND,84.35303441699462,65.96886741814285,100.0,65.0,42.24029999688505,53.333333333333336,100.0,87.89437794252983,0.0,1,1,B_pure_quant_vr1.5,True,,20230424,28.32,20230426,-8.192090395480223,-8.439265536723163,20230428,-6.638418079096042,-8.862994350282493,20230508,-2.153954802259883,-8.862994350282493
003009,003009.SZ,中天火箭,航空,20230421,48.8,67.15131268829111,67.15131268829111,0.0,3.52,11.7571,6156.94,6.135795345258713,sideways,BULL_TREND,90.77877144312862,68.92992242097856,61.569399999999995,80.0,42.24029999688505,66.66666666666666,100.0,89.64744754434538,0.0,2,2,B_pure_quant_vr1.5,True,,20230424,48.35,20230426,3.743536711478801,-4.860392967942095,20230428,1.571871768355737,-4.860392967942095,20230508,-6.308169596690805,-8.62461220268873
600354,600354.SH,敦煌种业,种植业,20230421,6.87,58.78614516420764,58.78614516420764,0.0,3.02,6.0935,3968.87,5.761316872427982,sideways,BULL_TREND,79.72742747751771,62.68861454046637,39.6887,100.0,32.09186420459366,53.333333333333336,96.006,82.76121352412854,0.0,3,3,B_pure_quant_vr1.5,True,,20230424,6.88,20230426,-5.813953488372081,-9.011627906976749,20230428,-2.761627906976738,-9.011627906976749,20230508,2.76162790697676,-9.011627906976749
600118,600118.SH,中国卫星,航空,20230421,29.2,68.62085542303325,68.62085542303325,0.0,3.22,6.9959,10450.52,5.958132045088571,sideways,BULL_TREND,84.35303441699462,65.96886741814285,100.0,65.0,42.24029999688505,53.333333333333336,100.0,87.89437794252983,0.0,1,1,A_recovered_proxy_vr1.2,True,,20230424,28.32,20230426,-8.192090395480223,-8.439265536723163,20230428,-6.638418079096042,-8.862994350282493,20230508,-2.153954802259883,-8.862994350282493
003009,003009.SZ,中天火箭,航空,20230421,48.8,67.15131268829111,67.15131268829111,0.0,3.52,11.7571,6156.94,6.135795345258713,sideways,BULL_TREND,90.77877144312862,68.92992242097856,61.569399999999995,80.0,42.24029999688505,66.66666666666666,100.0,89.64744754434538,0.0,2,2,A_recovered_proxy_vr1.2,True,,20230424,48.35,20230426,3.743536711478801,-4.860392967942095,20230428,1.571871768355737,-4.860392967942095,20230508,-6.308169596690805,-8.62461220268873
002603,002603.SZ,以岭药业,中成药,20230421,30.84,62.04687559223355,56.941109586045606,5.10576600618794,2.63,4.817,33386.8,4.164077066500932,sideways,BULL_TREND,69.75313997587888,41.64077066500932,100.0,65.0,51.057660061879396,33.33333333333333,95.806,55.29127974251355,0.0,3,3,A_recovered_proxy_vr1.2,True,,20230424,31.49,20230426,-1.8418545570022204,-8.35185773261352,20230428,-0.0635122261035237,-8.35185773261352,20230508,-3.239123531279775,-8.35185773261352
600118,600118.SH,中国卫星,航空,20230421,29.2,68.62085542303325,68.62085542303325,0.0,3.22,6.9959,10450.52,5.958132045088571,sideways,BULL_TREND,84.35303441699462,65.96886741814285,100.0,65.0,42.24029999688505,53.333333333333336,100.0,87.89437794252983,0.0,1,1,D_pure_quant_vr1.2,True,,20230424,28.32,20230426,-8.192090395480223,-8.439265536723163,20230428,-6.638418079096042,-8.862994350282493,20230508,-2.153954802259883,-8.862994350282493
003009,003009.SZ,中天火箭,航空,20230421,48.8,67.15131268829111,67.15131268829111,0.0,3.52,11.7571,6156.94,6.135795345258713,sideways,BULL_TREND,90.77877144312862,68.92992242097856,61.569399999999995,80.0,42.24029999688505,66.66666666666666,100.0,89.64744754434538,0.0,2,2,D_pure_quant_vr1.2,True,,20230424,48.35,20230426,3.743536711478801,-4.860392967942095,20230428,1.571871768355737,-4.860392967942095,20230508,-6.308169596690805,-8.62461220268873
600354,600354.SH,敦煌种业,种植业,20230421,6.87,58.78614516420764,58.78614516420764,0.0,3.02,6.0935,3968.87,5.761316872427982,sideways,BULL_TREND,79.72742747751771,62.68861454046637,39.6887,100.0,32.09186420459366,53.333333333333336,96.006,82.76121352412854,0.0,3,3,D_pure_quant_vr1.2,True,,20230424,6.88,20230426,-5.813953488372081,-9.011627906976749,20230428,-2.761627906976738,-9.011627906976749,20230508,2.76162790697676,-9.011627906976749
600118,600118.SH,中国卫星,航空,20230421,29.2,62.28481042350049,62.28481042350049,0.0,3.22,6.9959,10450.52,5.958132045088571,sideways,BULL_TREND,84.35303441699462,65.96886741814285,100.0,65.0,42.24029999688505,53.333333333333336,100.0,87.89437794252983,0.0,1,1,E_ablate_sector_vr1.2,True,,20230424,28.32,20230426,-8.192090395480223,-8.439265536723163,20230428,-6.638418079096042,-8.862994350282493,20230508,-2.153954802259883,-8.862994350282493
003009,003009.SZ,中天火箭,航空,20230421,48.8,60.815267688758354,60.815267688758354,0.0,3.52,11.7571,6156.94,6.135795345258713,sideways,BULL_TREND,90.77877144312862,68.92992242097856,61.569399999999995,80.0,42.24029999688505,66.66666666666666,100.0,89.64744754434538,0.0,2,2,E_ablate_sector_vr1.2,True,,20230424,48.35,20230426,3.743536711478801,-4.860392967942095,20230428,1.571871768355737,-4.860392967942095,20230508,-6.308169596690805,-8.62461220268873
600354,600354.SH,敦煌种业,种植业,20230421,6.87,53.97236553351859,53.97236553351859,0.0,3.02,6.0935,3968.87,5.761316872427982,sideways,BULL_TREND,79.72742747751771,62.68861454046637,39.6887,100.0,32.09186420459366,53.333333333333336,96.006,82.76121352412854,0.0,3,3,E_ablate_sector_vr1.2,True,,20230424,6.88,20230426,-5.813953488372081,-9.011627906976749,20230428,-2.761627906976738,-9.011627906976749,20230508,2.76162790697676,-9.011627906976749
003009,003009.SZ,中天火箭,航空,20230421,48.8,59.76298468829111,59.76298468829111,0.0,3.52,11.7571,6156.94,6.135795345258713,sideways,BULL_TREND,90.77877144312862,68.92992242097856,61.569399999999995,80.0,42.24029999688505,66.66666666666666,100.0,89.64744754434538,0.0,1,1,E_ablate_inflow_vr1.2,True,,20230424,48.35,20230426,3.743536711478801,-4.860392967942095,20230428,1.571871768355737,-4.860392967942095,20230508,-6.308169596690805,-8.62461220268873
600118,600118.SH,中国卫星,航空,20230421,29.2,56.62085542303324,56.62085542303324,0.0,3.22,6.9959,10450.52,5.958132045088571,sideways,BULL_TREND,84.35303441699462,65.96886741814285,100.0,65.0,42.24029999688505,53.333333333333336,100.0,87.89437794252983,0.0,2,2,E_ablate_inflow_vr1.2,True,,20230424,28.32,20230426,-8.192090395480223,-8.439265536723163,20230428,-6.638418079096042,-8.862994350282493,20230508,-2.153954802259883,-8.862994350282493
600354,600354.SH,敦煌种业,种植业,20230421,6.87,54.02350116420764,54.02350116420764,0.0,3.02,6.0935,3968.87,5.761316872427982,sideways,BULL_TREND,79.72742747751771,62.68861454046637,39.6887,100.0,32.09186420459366,53.333333333333336,96.006,82.76121352412854,0.0,3,3,E_ablate_inflow_vr1.2,True,,20230424,6.88,20230426,-5.813953488372081,-9.011627906976749,20230428,-2.761627906976738,-9.011627906976749,20230508,2.76162790697676,-9.011627906976749
600118,600118.SH,中国卫星,航空,20230421,29.2,58.07353006992967,58.07353006992967,0.0,3.22,6.9959,10450.52,5.958132045088571,sideways,BULL_TREND,84.35303441699462,65.96886741814285,100.0,65.0,42.24029999688505,53.333333333333336,100.0,87.89437794252983,0.0,1,1,E_ablate_wyckoff_vr1.2,True,,20230424,28.32,20230426,-8.192090395480223,-8.439265536723163,20230428,-6.638418079096042,-8.862994350282493,20230508,-2.153954802259883,-8.862994350282493
003009,003009.SZ,中天火箭,航空,20230421,48.8,56.39361898296967,56.39361898296967,0.0,3.52,11.7571,6156.94,6.135795345258713,sideways,BULL_TREND,90.77877144312862,68.92992242097856,61.569399999999995,80.0,42.24029999688505,66.66666666666666,100.0,89.64744754434538,0.0,2,2,E_ablate_wyckoff_vr1.2,True,,20230424,48.35,20230426,3.743536711478801,-4.860392967942095,20230428,1.571871768355737,-4.860392967942095,20230508,-6.308169596690805,-8.62461220268873
002603,002603.SZ,以岭药业,中成药,20230421,30.84,50.30615601694398,50.30615601694398,0.0,2.63,4.817,33386.8,4.164077066500932,sideways,BULL_TREND,69.75313997587888,41.64077066500932,100.0,65.0,51.057660061879396,33.33333333333333,95.806,55.29127974251355,0.0,3,3,E_ablate_wyckoff_vr1.2,True,,20230424,31.49,20230426,-1.8418545570022204,-8.35185773261352,20230428,-0.0635122261035237,-8.35185773261352,20230508,-3.239123531279775,-8.35185773261352
600118,600118.SH,中国卫星,航空,20230421,29.2,68.62085542303325,68.62085542303325,0.0,3.22,6.9959,10450.52,5.958132045088571,sideways,BULL_TREND,84.35303441699462,65.96886741814285,100.0,65.0,42.24029999688505,53.333333333333336,100.0,87.89437794252983,0.0,1,1,E_ablate_accel_vr1.2,True,,20230424,28.32,20230426,-8.192090395480223,-8.439265536723163,20230428,-6.638418079096042,-8.862994350282493,20230508,-2.153954802259883,-8.862994350282493
003009,003009.SZ,中天火箭,航空,20230421,48.8,67.15131268829111,67.15131268829111,0.0,3.52,11.7571,6156.94,6.135795345258713,sideways,BULL_TREND,90.77877144312862,68.92992242097856,61.569399999999995,80.0,42.24029999688505,66.66666666666666,100.0,89.64744754434538,0.0,2,2,E_ablate_accel_vr1.2,True,,20230424,48.35,20230426,3.743536711478801,-4.860392967942095,20230428,1.571871768355737,-4.860392967942095,20230508,-6.308169596690805,-8.62461220268873
600354,600354.SH,敦煌种业,种植业,20230421,6.87,58.78614516420764,58.78614516420764,0.0,3.02,6.0935,3968.87,5.761316872427982,sideways,BULL_TREND,79.72742747751771,62.68861454046637,39.6887,100.0,32.09186420459366,53.333333333333336,96.006,82.76121352412854,0.0,3,3,E_ablate_accel_vr1.2,True,,20230424,6.88,20230426,-5.813953488372081,-9.011627906976749,20230428,-2.761627906976738,-9.011627906976749,20230508,2.76162790697676,-9.011627906976749
600267,600267.SH,海正药业,化学制药,20230424,11.56,70.06990790963047,63.30620013321649,6.763707776413975,3.71,4.4186,14673.83,1.1965811965811863,bear,BULL_TREND,94.57095934230392,11.965811965811863,100.0,80.0,67.63707776413975,66.66666666666666,100.0,84.91012872897272,0.0,1,1,A_recovered_proxy_vr1.5,True,,20230425,11.69,20230427,10.436270316509844,-0.5132591958939114,20230504,11.719418306244656,-0.5132591958939114,20230509,9.49529512403764,-0.5132591958939114
000948,000948.SZ,南天信息,软件服务,20230424,20.16,57.87213613240079,52.371826263212654,5.500309869188135,1.85,5.1259,5630.32,18.644067796610173,bear,BULL_TREND,44.376263537079375,63.55932203389827,56.3032,100.0,55.00309869188135,43.333333333333336,100.0,47.93734972623922,0.0,2,2,A_recovered_proxy_vr1.5,True,,20230425,19.99,20230427,-7.203601800900438,-8.054027013506747,20230504,-3.951975987993994,-8.054027013506747,20230509,-4.8024012006002925,-8.054027013506747
600267,600267.SH,海正药业,化学制药,20230424,11.56,63.30620013321649,63.30620013321649,0.0,3.71,4.4186,14673.83,1.1965811965811863,bear,BULL_TREND,94.57095934230392,11.965811965811863,100.0,80.0,67.63707776413975,66.66666666666666,100.0,84.91012872897272,0.0,1,1,B_pure_quant_vr1.5,True,,20230425,11.69,20230427,10.436270316509844,-0.5132591958939114,20230504,11.719418306244656,-0.5132591958939114,20230509,9.49529512403764,-0.5132591958939114
000948,000948.SZ,南天信息,软件服务,20230424,20.16,52.371826263212654,52.371826263212654,0.0,1.85,5.1259,5630.32,18.644067796610173,bear,BULL_TREND,44.376263537079375,63.55932203389827,56.3032,100.0,55.00309869188135,43.333333333333336,100.0,47.93734972623922,0.0,2,2,B_pure_quant_vr1.5,True,,20230425,19.99,20230427,-7.203601800900438,-8.054027013506747,20230504,-3.951975987993994,-8.054027013506747,20230509,-4.8024012006002925,-8.054027013506747
600267,600267.SH,海正药业,化学制药,20230424,11.56,67.1058320874475,61.52775463990671,5.578077447540785,3.71,4.4186,14673.83,1.1965811965811863,bear,BULL_TREND,94.57095934230392,11.965811965811863,100.0,80.0,55.78077447540785,66.66666666666666,100.0,84.91012872897272,0.0,1,1,A_recovered_proxy_vr1.2,True,,20230425,11.69,20230427,10.436270316509844,-0.5132591958939114,20230504,11.719418306244656,-0.5132591958939114,20230509,9.49529512403764,-0.5132591958939114
002491,002491.SZ,通鼎互联,通信设备,20230424,6.0,62.457540852892485,53.3452245689466,9.112316283945887,1.3,4.7943,3622.31,14.285714285714285,bear,BULL_TREND,18.925581162686495,100.0,36.2231,80.0,91.12316283945887,20.0,100.0,21.386252393639506,0.0,2,2,A_recovered_proxy_vr1.2,True,,20230425,5.91,20230427,-8.46023688663282,-9.306260575296111,20230504,3.891708967851093,-9.306260575296111,20230509,-1.3536379018612488,-9.306260575296111
002558,002558.SZ,巨人网络,互联网,20230424,15.2,53.794083131800726,53.794083131800726,0.0,1.33,4.6071,12557.91,9.685086155674385,bear,BULL_TREND,20.57131228632325,100.0,100.0,80.0,40.27802896111823,10.0,100.0,23.555750705348956,0.0,3,3,A_recovered_proxy_vr1.2,True,,20230425,15.03,20230427,-4.191616766467055,-6.187624750498999,20230504,15.901530272787777,-6.187624750498999,20230509,25.016633399866926,-6.187624750498999
600267,600267.SH,海正药业,化学制药,20230424,11.56,61.52775463990671,61.52775463990671,0.0,3.71,4.4186,14673.83,1.1965811965811863,bear,BULL_TREND,94.57095934230392,11.965811965811863,100.0,80.0,55.78077447540785,66.66666666666666,100.0,84.91012872897272,0.0,1,1,D_pure_quant_vr1.2,True,,20230425,11.69,20230427,10.436270316509844,-0.5132591958939114,20230504,11.719418306244656,-0.5132591958939114,20230509,9.49529512403764,-0.5132591958939114
002558,002558.SZ,巨人网络,互联网,20230424,15.2,53.794083131800726,53.794083131800726,0.0,1.33,4.6071,12557.91,9.685086155674385,bear,BULL_TREND,20.57131228632325,100.0,100.0,80.0,40.27802896111823,10.0,100.0,23.555750705348956,0.0,2,2,D_pure_quant_vr1.2,True,,20230425,15.03,20230427,-4.191616766467055,-6.187624750498999,20230504,15.901530272787777,-6.187624750498999,20230509,25.016633399866926,-6.187624750498999
002491,002491.SZ,通鼎互联,通信设备,20230424,6.0,53.3452245689466,53.3452245689466,0.0,1.3,4.7943,3622.31,14.285714285714285,bear,BULL_TREND,18.925581162686495,100.0,36.2231,80.0,91.12316283945887,20.0,100.0,21.386252393639506,0.0,3,3,D_pure_quant_vr1.2,True,,20230425,5.91,20230427,-8.46023688663282,-9.306260575296111,20230504,3.891708967851093,-9.306260575296111,20230509,-1.3536379018612488,-9.306260575296111
600267,600267.SH,海正药业,化学制药,20230424,11.56,53.16063846859553,53.16063846859553,0.0,3.71,4.4186,14673.83,1.1965811965811863,bear,BULL_TREND,94.57095934230392,11.965811965811863,100.0,80.0,55.78077447540785,66.66666666666666,100.0,84.91012872897272,0.0,1,1,E_ablate_sector_vr1.2,True,,20230425,11.69,20230427,10.436270316509844,-0.5132591958939114,20230504,11.719418306244656,-0.5132591958939114,20230509,9.49529512403764,-0.5132591958939114
002558,002558.SZ,巨人网络,互联网,20230424,15.2,47.75237878763299,47.75237878763299,0.0,1.33,4.6071,12557.91,9.685086155674385,bear,BULL_TREND,20.57131228632325,100.0,100.0,80.0,40.27802896111823,10.0,100.0,23.555750705348956,0.0,2,2,E_ablate_sector_vr1.2,True,,20230425,15.03,20230427,-4.191616766467055,-6.187624750498999,20230504,15.901530272787777,-6.187624750498999,20230509,25.016633399866926,-6.187624750498999
002491,002491.SZ,通鼎互联,通信设备,20230424,6.0,47.5567860702873,47.5567860702873,0.0,1.3,4.7943,3622.31,14.285714285714285,bear,BULL_TREND,18.925581162686495,100.0,36.2231,65.0,85.51205284839688,20.0,100.0,21.386252393639506,0.0,1,1,E_ablate_inflow_vr1.2,True,,20230425,5.91,20230427,-8.46023688663282,-9.306260575296111,20230504,3.891708967851093,-9.306260575296111,20230509,-1.3536379018612488,-9.306260575296111
600267,600267.SH,海正药业,化学制药,20230424,11.56,47.181399334498785,47.181399334498785,0.0,3.71,4.4186,14673.83,1.1965811965811863,bear,BULL_TREND,94.57095934230392,11.965811965811863,100.0,80.0,40.13840577268834,66.66666666666666,100.0,84.91012872897272,0.0,2,2,E_ablate_inflow_vr1.2,True,,20230425,11.69,20230427,10.436270316509844,-0.5132591958939114,20230504,11.719418306244656,-0.5132591958939114,20230509,9.49529512403764,-0.5132591958939114
003021,003021.SZ,兆威机电,元器件,20230424,77.5,45.07521444120398,45.07521444120398,0.0,1.51,6.4626,-568.61,11.701036800729174,bear,BULL_TREND,29.727427477517708,100.0,0.0,100.0,30.07399044374105,33.33333333333333,100.0,36.31179302435221,0.0,3,3,E_ablate_inflow_vr1.2,True,,20230425,77.5,20230427,-9.393548387096773,-10.451612903225804,20230504,-8.258064516129037,-11.354838709677416,20230509,2.761290322580656,-11.354838709677416
600267,600267.SH,海正药业,化学制药,20230424,11.56,51.338539192429984,51.338539192429984,0.0,3.71,4.4186,14673.83,1.1965811965811863,bear,BULL_TREND,94.57095934230392,11.965811965811863,100.0,80.0,55.78077447540785,66.66666666666666,100.0,84.91012872897272,0.0,1,1,E_ablate_wyckoff_vr1.2,True,,20230425,11.69,20230427,10.436270316509844,-0.5132591958939114,20230504,11.719418306244656,-0.5132591958939114,20230509,9.49529512403764,-0.5132591958939114
002558,002558.SZ,巨人网络,互联网,20230424,15.2,50.96739304715885,50.96739304715885,0.0,1.33,4.6071,12557.91,9.685086155674385,bear,BULL_TREND,20.57131228632325,100.0,100.0,80.0,40.27802896111823,10.0,100.0,23.555750705348956,0.0,2,2,E_ablate_wyckoff_vr1.2,True,,20230425,15.03,20230427,-4.191616766467055,-6.187624750498999,20230504,15.901530272787777,-6.187624750498999,20230509,25.016633399866926,-6.187624750498999
002491,002491.SZ,通鼎互联,通信设备,20230424,6.0,50.77887428170986,50.77887428170986,0.0,1.3,4.7943,3622.31,14.285714285714285,bear,BULL_TREND,18.925581162686495,100.0,36.2231,80.0,91.12316283945887,20.0,100.0,21.386252393639506,0.0,3,3,E_ablate_wyckoff_vr1.2,True,,20230425,5.91,20230427,-8.46023688663282,-9.306260575296111,20230504,3.891708967851093,-9.306260575296111,20230509,-1.3536379018612488,-9.306260575296111
600267,600267.SH,海正药业,化学制药,20230424,11.56,61.52775463990671,61.52775463990671,0.0,3.71,4.4186,14673.83,1.1965811965811863,bear,BULL_TREND,94.57095934230392,11.965811965811863,100.0,80.0,55.78077447540785,66.66666666666666,100.0,84.91012872897272,0.0,1,1,E_ablate_accel_vr1.2,True,,20230425,11.69,20230427,10.436270316509844,-0.5132591958939114,20230504,11.719418306244656,-0.5132591958939114,20230509,9.49529512403764,-0.5132591958939114
002558,002558.SZ,巨人网络,互联网,20230424,15.2,53.794083131800726,53.794083131800726,0.0,1.33,4.6071,12557.91,9.685086155674385,bear,BULL_TREND,20.57131228632325,100.0,100.0,80.0,40.27802896111823,10.0,100.0,23.555750705348956,0.0,2,2,E_ablate_accel_vr1.2,True,,20230425,15.03,20230427,-4.191616766467055,-6.187624750498999,20230504,15.901530272787777,-6.187624750498999,20230509,25.016633399866926,-6.187624750498999
002491,002491.SZ,通鼎互联,通信设备,20230424,6.0,53.3452245689466,53.3452245689466,0.0,1.3,4.7943,3622.31,14.285714285714285,bear,BULL_TREND,18.925581162686495,100.0,36.2231,80.0,91.12316283945887,20.0,100.0,21.386252393639506,0.0,3,3,E_ablate_accel_vr1.2,True,,20230425,5.91,20230427,-8.46023688663282,-9.306260575296111,20230504,3.891708967851093,-9.306260575296111,20230509,-1.3536379018612488,-9.306260575296111
601890,601890.SH,亚星锚链,船舶,20230425,9.84,66.97053325997861,57.87401002562196,9.096523234356651,2.27,5.818,9581.79,3.0541871921182313,bear,BULL_TREND,59.13461487580951,30.541871921182313,95.81790000000001,100.0,90.96523234356651,20.0,0.0,71.68541732290656,0.0,1,1,A_recovered_proxy_vr1.5,True,,20230426,9.83,20230428,4.476093591047814,-2.0345879959308144,20230505,2.746693794506605,-2.0345879959308144,20230510,3.4587995930823956,-2.0345879959308144
002919,002919.SZ,名臣健康,互联网,20230425,47.86,51.419850393872,51.419850393872,0.0,1.8,7.0687,1945.99,8.803353658536581,bear,BULL_TREND,42.39984532774751,100.0,19.4599,100.0,58.510607180920324,66.66666666666666,0.0,30.389766760801336,0.0,2,2,A_recovered_proxy_vr1.5,True,,20230426,47.14,20230428,-24.819686041578283,-24.819686041578283,20230505,-21.319473907509547,-27.70470937632584,20230510,-26.834959694526937,-33.92023759015699
601890,601890.SH,亚星锚链,船舶,20230425,9.84,57.87401002562196,57.87401002562196,0.0,2.27,5.818,9581.79,3.0541871921182313,bear,BULL_TREND,59.13461487580951,30.541871921182313,95.81790000000001,100.0,90.96523234356651,20.0,0.0,71.68541732290656,0.0,1,1,B_pure_quant_vr1.5,True,,20230426,9.83,20230428,4.476093591047814,-2.0345879959308144,20230505,2.746693794506605,-2.0345879959308144,20230510,3.4587995930823956,-2.0345879959308144
002919,002919.SZ,名臣健康,互联网,20230425,47.86,51.419850393872,51.419850393872,0.0,1.8,7.0687,1945.99,8.803353658536581,bear,BULL_TREND,42.39984532774751,100.0,19.4599,100.0,58.510607180920324,66.66666666666666,0.0,30.389766760801336,0.0,2,2,B_pure_quant_vr1.5,True,,20230426,47.14,20230428,-24.819686041578283,-24.819686041578283,20230505,-21.319473907509547,-27.70470937632584,20230510,-26.834959694526937,-33.92023759015699
002354,002354.SZ,天娱数科,互联网,20230425,5.79,63.12088795231806,54.035828118956765,9.085059833361294,1.27,9.2973,7752.24,14.475627769571634,bear,BULL_TREND,17.241424849872057,100.0,77.5224,65.0,90.85059833361294,10.0,0.0,20.936974182858094,0.0,1,1,A_recovered_proxy_vr1.2,True,,20230426,5.71,20230428,3.8528896672504365,-2.977232924693518,20230505,10.332749562171628,-2.977232924693518,20230510,26.970227670753054,-2.977232924693518
002919,002919.SZ,名臣健康,互联网,20230425,47.86,62.955908900137175,53.87084906677588,9.085059833361294,1.8,7.0687,1945.99,8.803353658536581,bear,BULL_TREND,42.39984532774751,100.0,19.4599,40.0,90.85059833361294,66.66666666666666,0.0,30.389766760801336,0.0,2,2,A_recovered_proxy_vr1.2,True,,20230426,47.14,20230428,-24.819686041578283,-24.819686041578283,20230505,-21.319473907509547,-27.70470937632584,20230510,-26.834959694526937,-33.92023759015699
601890,601890.SH,亚星锚链,船舶,20230425,9.84,57.880310332109474,52.41987626890048,5.460434063208995,2.27,5.818,9581.79,3.0541871921182313,bear,BULL_TREND,59.13461487580951,30.541871921182313,95.81790000000001,100.0,54.604340632089944,20.0,0.0,71.68541732290656,0.0,3,3,A_recovered_proxy_vr1.2,True,,20230426,9.83,20230428,4.476093591047814,-2.0345879959308144,20230505,2.746693794506605,-2.0345879959308144,20230510,3.4587995930823956,-2.0345879959308144
002354,002354.SZ,天娱数科,互联网,20230425,5.79,54.035828118956765,54.035828118956765,0.0,1.27,9.2973,7752.24,14.475627769571634,bear,BULL_TREND,17.241424849872057,100.0,77.5224,65.0,90.85059833361294,10.0,0.0,20.936974182858094,0.0,1,1,D_pure_quant_vr1.2,True,,20230426,5.71,20230428,3.8528896672504365,-2.977232924693518,20230505,10.332749562171628,-2.977232924693518,20230510,26.970227670753054,-2.977232924693518
002919,002919.SZ,名臣健康,互联网,20230425,47.86,53.87084906677588,53.87084906677588,0.0,1.8,7.0687,1945.99,8.803353658536581,bear,BULL_TREND,42.39984532774751,100.0,19.4599,40.0,90.85059833361294,66.66666666666666,0.0,30.389766760801336,0.0,2,2,D_pure_quant_vr1.2,True,,20230426,47.14,20230428,-24.819686041578283,-24.819686041578283,20230505,-21.319473907509547,-27.70470937632584,20230510,-26.834959694526937,-33.92023759015699
601890,601890.SH,亚星锚链,船舶,20230425,9.84,52.41987626890048,52.41987626890048,0.0,2.27,5.818,9581.79,3.0541871921182313,bear,BULL_TREND,59.13461487580951,30.541871921182313,95.81790000000001,100.0,54.604340632089944,20.0,0.0,71.68541732290656,0.0,3,3,D_pure_quant_vr1.2,True,,20230426,9.83,20230428,4.476093591047814,-2.0345879959308144,20230505,2.746693794506605,-2.0345879959308144,20230510,3.4587995930823956,-2.0345879959308144
002919,002919.SZ,名臣健康,互联网,20230425,47.86,52.17300431874703,52.17300431874703,0.0,1.8,7.0687,1945.99,8.803353658536581,bear,BULL_TREND,42.39984532774751,100.0,19.4599,65.0,88.43288668008724,66.66666666666666,0.0,30.389766760801336,0.0,1,1,E_ablate_inflow_vr1.2,True,,20230426,47.14,20230428,-24.819686041578283,-24.819686041578283,20230505,-21.319473907509547,-27.70470937632584,20230510,-26.834959694526937,-33.92023759015699
002354,002354.SZ,天娱数科,互联网,20230425,5.79,51.523391217013796,51.523391217013796,0.0,1.27,9.2973,7752.24,14.475627769571634,bear,BULL_TREND,17.241424849872057,100.0,77.5224,65.0,90.85059833361294,10.0,0.0,20.936974182858094,0.0,1,1,E_ablate_wyckoff_vr1.2,True,,20230426,5.71,20230428,3.8528896672504365,-2.977232924693518,20230505,10.332749562171628,-2.977232924693518,20230510,26.970227670753054,-2.977232924693518
002919,002919.SZ,名臣健康,互联网,20230425,47.86,50.224077055479725,50.224077055479725,0.0,1.8,7.0687,1945.99,8.803353658536581,bear,BULL_TREND,42.39984532774751,100.0,19.4599,40.0,90.85059833361294,66.66666666666666,0.0,30.389766760801336,0.0,2,2,E_ablate_wyckoff_vr1.2,True,,20230426,47.14,20230428,-24.819686041578283,-24.819686041578283,20230505,-21.319473907509547,-27.70470937632584,20230510,-26.834959694526937,-33.92023759015699
002354,002354.SZ,天娱数科,互联网,20230425,5.79,54.035828118956765,54.035828118956765,0.0,1.27,9.2973,7752.24,14.475627769571634,bear,BULL_TREND,17.241424849872057,100.0,77.5224,65.0,90.85059833361294,10.0,0.0,20.936974182858094,0.0,1,1,E_ablate_accel_vr1.2,True,,20230426,5.71,20230428,3.8528896672504365,-2.977232924693518,20230505,10.332749562171628,-2.977232924693518,20230510,26.970227670753054,-2.977232924693518
002919,002919.SZ,名臣健康,互联网,20230425,47.86,53.87084906677588,53.87084906677588,0.0,1.8,7.0687,1945.99,8.803353658536581,bear,BULL_TREND,42.39984532774751,100.0,19.4599,40.0,90.85059833361294,66.66666666666666,0.0,30.389766760801336,0.0,2,2,E_ablate_accel_vr1.2,True,,20230426,47.14,20230428,-24.819686041578283,-24.819686041578283,20230505,-21.319473907509547,-27.70470937632584,20230510,-26.834959694526937,-33.92023759015699
601890,601890.SH,亚星锚链,船舶,20230425,9.84,52.41987626890048,52.41987626890048,0.0,2.27,5.818,9581.79,3.0541871921182313,bear,BULL_TREND,59.13461487580951,30.541871921182313,95.81790000000001,100.0,54.604340632089944,20.0,0.0,71.68541732290656,0.0,3,3,E_ablate_accel_vr1.2,True,,20230426,9.83,20230428,4.476093591047814,-2.0345879959308144,20230505,2.746693794506605,-2.0345879959308144,20230510,3.4587995930823956,-2.0345879959308144
601878,601878.SH,浙商证券,证券,20230803,11.43,76.06078941414845,67.10900383114594,8.951785583002499,2.11,3.7565,31251.82,0.6086956521739155,momentum,BEAR_BOUNCE,53.86214994662302,100.0,100.0,65.0,89.51785583002498,33.33333333333333,0.0,62.09443506480817,0.0,1,1,A_recovered_proxy_vr1.5,True,,20230804,11.6,20230808,-1.982758620689662,-5.000000000000004,20230810,-0.08620689655172153,-5.000000000000004,20230815,-4.827586206896561,-6.465517241379315
601878,601878.SH,浙商证券,证券,20230803,11.43,75.83341302288248,66.95741957030197,8.875993452580511,2.11,3.7565,31251.82,0.6086956521739155,momentum,BEAR_BOUNCE,53.86214994662302,100.0,100.0,65.0,88.75993452580511,33.33333333333333,0.0,62.09443506480817,0.0,1,1,A_recovered_proxy_vr1.2,True,,20230804,11.6,20230808,-1.982758620689662,-5.000000000000004,20230810,-0.08620689655172153,-5.000000000000004,20230815,-4.827586206896561,-6.465517241379315
002195,002195.SZ,岩山科技,软件服务,20230804,3.16,75.73340485297278,67.37623022916343,8.357174623809362,2.28,3.982,25462.35,0.940438871473348,momentum,BEAR_BOUNCE,59.451691219500844,100.0,100.0,40.0,83.57174623809362,20.0,0.0,87.44127298619574,0.0,1,1,A_recovered_proxy_vr1.5,True,,20230807,3.26,20230809,-4.907975460122693,-5.214723926380371,20230811,-7.36196319018404,-7.36196319018404,20230816,-8.588957055214719,-9.815950920245397
000831,000831.SZ,中国稀土,小金属,20230807,31.84,74.93316904283967,66.90634476767364,8.02682427516602,3.22,4.0921,15642.87,4.154124021673688,sideways,BULL_TREND,84.35303441699462,41.54124021673688,100.0,80.0,80.26824275166018,33.33333333333333,0.0,94.18917724030854,0.0,1,1,A_recovered_proxy_vr1.5,True,,20230808,31.53,20230810,1.4906438312717984,-0.15857913098636933,20230814,-2.6324135743736155,-3.7107516650808803,20230817,-4.186489058039966,-7.072629241991757
002605,002605.SZ,姚记科技,互联网,20230807,35.04,70.46888388454451,61.59961407073289,8.869269813811627,1.82,9.1579,3208.14,13.267326732673265,sideways,BULL_TREND,43.19692252119858,100.0,32.0814,80.0,88.69269813811627,0.0,0.0,81.18848662793137,0.0,2,2,A_recovered_proxy_vr1.5,True,,20230808,34.61,20230810,-3.669459693730126,-6.269864201097953,20230814,0.8379081190407422,-6.616584802080316,20230817,-4.88298179716844,-8.84137532505056
000713,000713.SZ,国投丰乐,种植业,20230807,9.49,68.25704751544535,59.82992241658262,8.427125098862728,2.35,5.7948,6272.41,5.946481665014862,sideways,BULL_TREND,61.63303783951375,65.77469441691437,62.7241,100.0,84.27125098862727,43.333333333333336,0.0,56.3831250433973,0.0,3,3,A_recovered_proxy_vr1.5,True,,20230808,9.43,20230810,-1.0604453870625585,-1.8027571580063628,20230814,-3.3934252386002117,-5.726405090137854,20230817,-3.3934252386002117,-5.726405090137854
000831,000831.SZ,中国稀土,小金属,20230807,31.84,66.90634476767364,66.90634476767364,0.0,3.22,4.0921,15642.87,4.154124021673688,sideways,BULL_TREND,84.35303441699462,41.54124021673688,100.0,80.0,80.26824275166018,33.33333333333333,0.0,94.18917724030854,0.0,1,1,B_pure_quant_vr1.5,True,,20230808,31.53,20230810,1.4906438312717984,-0.15857913098636933,20230814,-2.6324135743736155,-3.7107516650808803,20230817,-4.186489058039966,-7.072629241991757
002605,002605.SZ,姚记科技,互联网,20230807,35.04,61.59961407073289,61.59961407073289,0.0,1.82,9.1579,3208.14,13.267326732673265,sideways,BULL_TREND,43.19692252119858,100.0,32.0814,80.0,88.69269813811627,0.0,0.0,81.18848662793137,0.0,2,2,B_pure_quant_vr1.5,True,,20230808,34.61,20230810,-3.669459693730126,-6.269864201097953,20230814,0.8379081190407422,-6.616584802080316,20230817,-4.88298179716844,-8.84137532505056
002026,002026.SZ,山东威达,机械基件,20230807,9.74,60.59283729105168,60.59283729105168,0.0,3.17,5.746,3977.7,18.629908103592317,sideways,BULL_TREND,83.22414201823413,63.70091896407683,39.777,100.0,51.37582387849778,100.0,0.0,81.58091910973832,0.0,3,3,B_pure_quant_vr1.5,True,,20230808,9.62,20230810,-3.3264033264033155,-4.0540540540540455,20230814,-5.82120582120581,-7.276507276507271,20230817,-6.44490644490644,-10.08316008316007
000831,000831.SZ,中国稀土,小金属,20230807,31.84,72.48170017263053,65.43546344554817,7.046236727082364,3.22,4.0921,15642.87,4.154124021673688,sideways,BULL_TREND,84.35303441699462,41.54124021673688,100.0,80.0,70.46236727082363,33.33333333333333,0.0,94.18917724030854,0.0,1,1,A_recovered_proxy_vr1.2,True,,20230808,31.53,20230810,1.4906438312717984,-0.15857913098636933,20230814,-2.6324135743736155,-3.7107516650808803,20230817,-4.186489058039966,-7.072629241991757
002605,002605.SZ,姚记科技,互联网,20230807,35.04,67.50183184544692,59.819382847274326,7.682448998172584,1.82,9.1579,3208.14,13.267326732673265,sideways,BULL_TREND,43.19692252119858,100.0,32.0814,80.0,76.82448998172583,0.0,0.0,81.18848662793137,0.0,2,2,A_recovered_proxy_vr1.2,True,,20230808,34.61,20230810,-3.669459693730126,-6.269864201097953,20230814,0.8379081190407422,-6.616584802080316,20230817,-4.88298179716844,-8.84137532505056
000713,000713.SZ,国投丰乐,种植业,20230807,9.49,64.53340570409249,57.595737329770905,6.937668374321582,2.35,5.7948,6272.41,5.946481665014862,sideways,BULL_TREND,61.63303783951375,65.77469441691437,62.7241,100.0,69.37668374321582,43.333333333333336,0.0,56.3831250433973,0.0,3,3,A_recovered_proxy_vr1.2,True,,20230808,9.43,20230810,-1.0604453870625585,-1.8027571580063628,20230814,-3.3934252386002117,-5.726405090137854,20230817,-3.3934252386002117,-5.726405090137854
000831,000831.SZ,中国稀土,小金属,20230807,31.84,65.43546344554817,65.43546344554817,0.0,3.22,4.0921,15642.87,4.154124021673688,sideways,BULL_TREND,84.35303441699462,41.54124021673688,100.0,80.0,70.46236727082363,33.33333333333333,0.0,94.18917724030854,0.0,1,1,D_pure_quant_vr1.2,True,,20230808,31.53,20230810,1.4906438312717984,-0.15857913098636933,20230814,-2.6324135743736155,-3.7107516650808803,20230817,-4.186489058039966,-7.072629241991757
002026,002026.SZ,山东威达,机械基件,20230807,9.74,60.218818672024696,60.218818672024696,0.0,3.17,5.746,3977.7,18.629908103592317,sideways,BULL_TREND,83.22414201823413,63.70091896407683,39.777,100.0,48.88236641831793,100.0,0.0,81.58091910973832,0.0,2,2,D_pure_quant_vr1.2,True,,20230808,9.62,20230810,-3.3264033264033155,-4.0540540540540455,20230814,-5.82120582120581,-7.276507276507271,20230817,-6.44490644490644,-10.08316008316007
002605,002605.SZ,姚记科技,互联网,20230807,35.04,59.819382847274326,59.819382847274326,0.0,1.82,9.1579,3208.14,13.267326732673265,sideways,BULL_TREND,43.19692252119858,100.0,32.0814,80.0,76.82448998172583,0.0,0.0,81.18848662793137,0.0,3,3,D_pure_quant_vr1.2,True,,20230808,34.61,20230810,-3.669459693730126,-6.269864201097953,20230814,0.8379081190407422,-6.616584802080316,20230817,-4.88298179716844,-8.84137532505056
000831,000831.SZ,中国稀土,小金属,20230807,31.84,54.86610835492462,54.86610835492462,0.0,3.22,4.0921,15642.87,4.154124021673688,sideways,BULL_TREND,84.35303441699462,41.54124021673688,100.0,80.0,70.46236727082363,33.33333333333333,0.0,94.18917724030854,0.0,1,1,E_ablate_sector_vr1.2,True,,20230808,31.53,20230810,1.4906438312717984,-0.15857913098636933,20230814,-2.6324135743736155,-3.7107516650808803,20230817,-4.186489058039966,-7.072629241991757
002026,002026.SZ,山东威达,机械基件,20230807,9.74,52.88646370927701,52.88646370927701,0.0,3.17,5.746,3977.7,18.629908103592317,sideways,BULL_TREND,83.22414201823413,63.70091896407683,39.777,100.0,48.88236641831793,100.0,0.0,81.58091910973832,0.0,2,2,E_ablate_sector_vr1.2,True,,20230808,9.62,20230810,-3.3264033264033155,-4.0540540540540455,20230814,-5.82120582120581,-7.276507276507271,20230817,-6.44490644490644,-10.08316008316007
002605,002605.SZ,姚记科技,互联网,20230807,35.04,48.29570935001545,48.29570935001545,0.0,1.82,9.1579,3208.14,13.267326732673265,sideways,BULL_TREND,43.19692252119858,100.0,32.0814,80.0,76.82448998172583,0.0,0.0,81.18848662793137,0.0,3,3,E_ablate_sector_vr1.2,True,,20230808,34.61,20230810,-3.669459693730126,-6.269864201097953,20230814,0.8379081190407422,-6.616584802080316,20230817,-4.88298179716844,-8.84137532505056
002605,002605.SZ,姚记科技,互联网,20230807,35.04,56.75966161712953,56.75966161712953,0.0,1.82,9.1579,3208.14,13.267326732673265,sideways,BULL_TREND,43.19692252119858,100.0,32.0814,100.0,76.75813511409388,0.0,0.0,81.18848662793137,0.0,1,1,E_ablate_inflow_vr1.2,True,,20230808,34.61,20230810,-3.669459693730126,-6.269864201097953,20230814,0.8379081190407422,-6.616584802080316,20230817,-4.88298179716844,-8.84137532505056
002026,002026.SZ,山东威达,机械基件,20230807,9.74,56.395679209047906,56.395679209047906,0.0,3.17,5.746,3977.7,18.629908103592317,sideways,BULL_TREND,83.22414201823413,63.70091896407683,39.777,100.0,55.216369998472636,100.0,0.0,81.58091910973832,0.0,2,2,E_ablate_inflow_vr1.2,True,,20230808,9.62,20230810,-3.3264033264033155,-4.0540540540540455,20230814,-5.82120582120581,-7.276507276507271,20230817,-6.44490644490644,-10.08316008316007
000713,000713.SZ,国投丰乐,种植业,20230807,9.49,53.32314859779736,53.32314859779736,0.0,2.35,5.7948,6272.41,5.946481665014862,sideways,BULL_TREND,61.63303783951375,65.77469441691437,62.7241,100.0,91.07203886339224,43.333333333333336,0.0,56.3831250433973,0.0,3,3,E_ablate_inflow_vr1.2,True,,20230808,9.43,20230810,-1.0604453870625585,-1.8027571580063628,20230814,-3.3934252386002117,-5.726405090137854,20230817,-3.3934252386002117,-5.726405090137854
000831,000831.SZ,中国稀土,小金属,20230807,31.84,54.13276217671114,54.13276217671114,0.0,3.22,4.0921,15642.87,4.154124021673688,sideways,BULL_TREND,84.35303441699462,41.54124021673688,100.0,80.0,70.46236727082363,33.33333333333333,0.0,94.18917724030854,0.0,1,1,E_ablate_wyckoff_vr1.2,True,,20230808,31.53,20230810,1.4906438312717984,-0.15857913098636933,20230814,-2.6324135743736155,-3.7107516650808803,20230817,-4.186489058039966,-7.072629241991757
000713,000713.SZ,国投丰乐,种植业,20230807,9.49,50.82976232456323,50.82976232456323,0.0,2.35,5.7948,6272.41,5.946481665014862,sideways,BULL_TREND,61.63303783951375,65.77469441691437,62.7241,100.0,69.37668374321582,43.333333333333336,0.0,56.3831250433973,0.0,2,2,E_ablate_wyckoff_vr1.2,True,,20230808,9.43,20230810,-1.0604453870625585,-1.8027571580063628,20230814,-3.3934252386002117,-5.726405090137854,20230817,-3.3934252386002117,-5.726405090137854
002026,002026.SZ,山东威达,机械基件,20230807,9.74,50.4291083788561,50.4291083788561,0.0,3.17,5.746,3977.7,18.629908103592317,sideways,BULL_TREND,83.22414201823413,63.70091896407683,39.777,100.0,48.88236641831793,100.0,0.0,81.58091910973832,0.0,3,3,E_ablate_wyckoff_vr1.2,True,,20230808,9.62,20230810,-3.3264033264033155,-4.0540540540540455,20230814,-5.82120582120581,-7.276507276507271,20230817,-6.44490644490644,-10.08316008316007
000831,000831.SZ,中国稀土,小金属,20230807,31.84,65.43546344554817,65.43546344554817,0.0,3.22,4.0921,15642.87,4.154124021673688,sideways,BULL_TREND,84.35303441699462,41.54124021673688,100.0,80.0,70.46236727082363,33.33333333333333,0.0,94.18917724030854,0.0,1,1,E_ablate_accel_vr1.2,True,,20230808,31.53,20230810,1.4906438312717984,-0.15857913098636933,20230814,-2.6324135743736155,-3.7107516650808803,20230817,-4.186489058039966,-7.072629241991757
002026,002026.SZ,山东威达,机械基件,20230807,9.74,60.218818672024696,60.218818672024696,0.0,3.17,5.746,3977.7,18.629908103592317,sideways,BULL_TREND,83.22414201823413,63.70091896407683,39.777,100.0,48.88236641831793,100.0,0.0,81.58091910973832,0.0,2,2,E_ablate_accel_vr1.2,True,,20230808,9.62,20230810,-3.3264033264033155,-4.0540540540540455,20230814,-5.82120582120581,-7.276507276507271,20230817,-6.44490644490644,-10.08316008316007
002605,002605.SZ,姚记科技,互联网,20230807,35.04,59.819382847274326,59.819382847274326,0.0,1.82,9.1579,3208.14,13.267326732673265,sideways,BULL_TREND,43.19692252119858,100.0,32.0814,80.0,76.82448998172583,0.0,0.0,81.18848662793137,0.0,3,3,E_ablate_accel_vr1.2,True,,20230808,34.61,20230810,-3.669459693730126,-6.269864201097953,20230814,0.8379081190407422,-6.616584802080316,20230817,-4.88298179716844,-8.84137532505056
002020,002020.SZ,京新药业,化学制药,20230808,11.55,67.75423175146244,60.916517623416574,6.837714128045874,2.11,4.325,5381.54,11.290322580645153,sideways,BULL_TREND,53.86214994662302,100.0,53.8154,80.0,68.37714128045874,20.0,0.0,56.27021202575581,0.0,1,1,A_recovered_proxy_vr1.5,True,,20230809,11.51,20230811,-0.17376194613378804,-1.390095569070371,20230815,-1.1294526498696666,-2.867072111207647,20230818,-5.386620330147696,-5.386620330147696
603108,603108.SH,润达医疗,医药商业,20230808,13.82,66.02402292421762,66.02402292421762,0.0,2.48,7.3176,6175.74,15.266707541385644,sideways,BULL_TREND,65.51700603060753,97.33292458614356,61.7574,100.0,58.428005374682684,53.333333333333336,0.0,74.62735596386092,0.0,2,2,A_recovered_proxy_vr1.5,True,,20230809,13.66,20230811,10.907759882869694,-2.708638360175708,20230815,4.172767203513916,-2.708638360175708,20230818,-4.392386530014636,-4.904831625183014
601858,601858.SH,中国科传,出版业,20230808,31.01,61.885608414478504,61.885608414478504,0.0,2.43,3.2414,3946.42,13.039820527201334,sideways,BULL_TREND,64.04781569155281,100.0,39.4642,65.0,59.02565717611136,53.333333333333336,0.0,71.15724766044595,0.0,3,3,A_recovered_proxy_vr1.5,True,,20230809,30.4,20230811,-9.473684210526311,-9.769736842105258,20230815,-9.506578947368416,-10.526315789473683,20230818,-12.894736842105258,-12.894736842105258
603108,603108.SH,润达医疗,医药商业,20230808,13.82,66.02402292421762,66.02402292421762,0.0,2.48,7.3176,6175.74,15.266707541385644,sideways,BULL_TREND,65.51700603060753,97.33292458614356,61.7574,100.0,58.428005374682684,53.333333333333336,0.0,74.62735596386092,0.0,1,1,B_pure_quant_vr1.5,True,,20230809,13.66,20230811,10.907759882869694,-2.708638360175708,20230815,4.172767203513916,-2.708638360175708,20230818,-4.392386530014636,-4.904831625183014
601858,601858.SH,中国科传,出版业,20230808,31.01,61.885608414478504,61.885608414478504,0.0,2.43,3.2414,3946.42,13.039820527201334,sideways,BULL_TREND,64.04781569155281,100.0,39.4642,65.0,59.02565717611136,53.333333333333336,0.0,71.15724766044595,0.0,2,2,B_pure_quant_vr1.5,True,,20230809,30.4,20230811,-9.473684210526311,-9.769736842105258,20230815,-9.506578947368416,-10.526315789473683,20230818,-12.894736842105258,-12.894736842105258
002020,002020.SZ,京新药业,化学制药,20230808,11.55,60.916517623416574,60.916517623416574,0.0,2.11,4.325,5381.54,11.290322580645153,sideways,BULL_TREND,53.86214994662302,100.0,53.8154,80.0,68.37714128045874,20.0,0.0,56.27021202575581,0.0,3,3,B_pure_quant_vr1.5,True,,20230809,11.51,20230811,-0.17376194613378804,-1.390095569070371,20230815,-1.1294526498696666,-2.867072111207647,20230818,-5.386620330147696,-5.386620330147696
002020,002020.SZ,京新药业,化学制药,20230808,11.55,65.49130731041959,59.55876295879086,5.932544351628731,2.11,4.325,5381.54,11.290322580645153,sideways,BULL_TREND,53.86214994662302,100.0,53.8154,80.0,59.3254435162873,20.0,0.0,56.27021202575581,0.0,1,1,A_recovered_proxy_vr1.2,True,,20230809,11.51,20230811,-0.17376194613378804,-1.390095569070371,20230815,-1.1294526498696666,-2.867072111207647,20230818,-5.386620330147696,-5.386620330147696
603108,603108.SH,润达医疗,医药商业,20230808,13.82,64.46589276212357,64.46589276212357,0.0,2.48,7.3176,6175.74,15.266707541385644,sideways,BULL_TREND,65.51700603060753,97.33292458614356,61.7574,100.0,48.04047096072235,53.333333333333336,0.0,74.62735596386092,0.0,2,2,A_recovered_proxy_vr1.2,True,,20230809,13.66,20230811,10.907759882869694,-2.708638360175708,20230815,4.172767203513916,-2.708638360175708,20230818,-4.392386530014636,-4.904831625183014
601858,601858.SH,中国科传,出版业,20230808,31.01,59.29898074648589,59.29898074648589,0.0,2.43,3.2414,3946.42,13.039820527201334,sideways,BULL_TREND,64.04781569155281,100.0,39.4642,65.0,41.781472722827246,53.333333333333336,0.0,71.15724766044595,0.0,3,3,A_recovered_proxy_vr1.2,True,,20230809,30.4,20230811,-9.473684210526311,-9.769736842105258,20230815,-9.506578947368416,-10.526315789473683,20230818,-12.894736842105258,-12.894736842105258
603108,603108.SH,润达医疗,医药商业,20230808,13.82,64.46589276212357,64.46589276212357,0.0,2.48,7.3176,6175.74,15.266707541385644,sideways,BULL_TREND,65.51700603060753,97.33292458614356,61.7574,100.0,48.04047096072235,53.333333333333336,0.0,74.62735596386092,0.0,1,1,D_pure_quant_vr1.2,True,,20230809,13.66,20230811,10.907759882869694,-2.708638360175708,20230815,4.172767203513916,-2.708638360175708,20230818,-4.392386530014636,-4.904831625183014
002020,002020.SZ,京新药业,化学制药,20230808,11.55,59.55876295879086,59.55876295879086,0.0,2.11,4.325,5381.54,11.290322580645153,sideways,BULL_TREND,53.86214994662302,100.0,53.8154,80.0,59.3254435162873,20.0,0.0,56.27021202575581,0.0,2,2,D_pure_quant_vr1.2,True,,20230809,11.51,20230811,-0.17376194613378804,-1.390095569070371,20230815,-1.1294526498696666,-2.867072111207647,20230818,-5.386620330147696,-5.386620330147696
601858,601858.SH,中国科传,出版业,20230808,31.01,59.29898074648589,59.29898074648589,0.0,2.43,3.2414,3946.42,13.039820527201334,sideways,BULL_TREND,64.04781569155281,100.0,39.4642,65.0,41.781472722827246,53.333333333333336,0.0,71.15724766044595,0.0,3,3,D_pure_quant_vr1.2,True,,20230809,30.4,20230811,-9.473684210526311,-9.769736842105258,20230815,-9.506578947368416,-10.526315789473683,20230818,-12.894736842105258,-12.894736842105258
603108,603108.SH,润达医疗,医药商业,20230808,13.82,57.259822118015215,57.259822118015215,0.0,2.48,7.3176,6175.74,15.266707541385644,sideways,BULL_TREND,65.51700603060753,97.33292458614356,61.7574,100.0,48.04047096072235,53.333333333333336,0.0,74.62735596386092,0.0,1,1,E_ablate_sector_vr1.2,True,,20230809,13.66,20230811,10.907759882869694,-2.708638360175708,20230815,4.172767203513916,-2.708638360175708,20230818,-4.392386530014636,-4.904831625183014
601858,601858.SH,中国科传,出版业,20230808,31.01,53.031759838061795,53.031759838061795,0.0,2.43,3.2414,3946.42,13.039820527201334,sideways,BULL_TREND,64.04781569155281,100.0,39.4642,65.0,41.781472722827246,53.333333333333336,0.0,71.15724766044595,0.0,2,2,E_ablate_sector_vr1.2,True,,20230809,30.4,20230811,-9.473684210526311,-9.769736842105258,20230815,-9.506578947368416,-10.526315789473683,20230818,-12.894736842105258,-12.894736842105258
002020,002020.SZ,京新药业,化学制药,20230808,11.55,50.65994643134776,50.65994643134776,0.0,2.11,4.325,5381.54,11.290322580645153,sideways,BULL_TREND,53.86214994662302,100.0,53.8154,80.0,59.3254435162873,20.0,0.0,56.27021202575581,0.0,3,3,E_ablate_sector_vr1.2,True,,20230809,11.51,20230811,-0.17376194613378804,-1.390095569070371,20230815,-1.1294526498696666,-2.867072111207647,20230818,-5.386620330147696,-5.386620330147696
603108,603108.SH,润达医疗,医药商业,20230808,13.82,58.954185994093706,58.954185994093706,0.0,2.48,7.3176,6175.74,15.266707541385644,sideways,BULL_TREND,65.51700603060753,97.33292458614356,61.7574,100.0,60.70167917385658,53.333333333333336,0.0,74.62735596386092,0.0,1,1,E_ablate_inflow_vr1.2,True,,20230809,13.66,20230811,10.907759882869694,-2.708638360175708,20230815,4.172767203513916,-2.708638360175708,20230818,-4.392386530014636,-4.904831625183014
601858,601858.SH,中国科传,出版业,20230808,31.01,53.04839533843518,53.04839533843518,0.0,2.43,3.2414,3946.42,13.039820527201334,sideways,BULL_TREND,64.04781569155281,100.0,39.4642,40.0,38.34893000248919,53.333333333333336,0.0,71.15724766044595,0.0,2,2,E_ablate_inflow_vr1.2,True,,20230809,30.4,20230811,-9.473684210526311,-9.769736842105258,20230815,-9.506578947368416,-10.526315789473683,20230818,-12.894736842105258,-12.894736842105258
600609,600609.SH,金杯汽车,汽车配件,20230808,5.34,52.941878119433255,52.941878119433255,0.0,2.1,3.087,1537.84,7.93103448275862,sideways,BULL_TREND,53.5194663945699,98.85057471264366,15.3784,65.0,45.53584348909929,0.0,0.0,83.25077127067811,0.0,3,3,E_ablate_inflow_vr1.2,True,,20230809,5.26,20230811,-9.125475285171092,-9.695817490494296,20230815,-5.893536121672993,-9.695817490494296,20230818,-6.273764258555136,-9.695817490494296
603108,603108.SH,润达医疗,医药商业,20230808,13.82,55.51061004646026,55.51061004646026,0.0,2.48,7.3176,6175.74,15.266707541385644,sideways,BULL_TREND,65.51700603060753,97.33292458614356,61.7574,100.0,48.04047096072235,53.333333333333336,0.0,74.62735596386092,0.0,1,1,E_ablate_wyckoff_vr1.2,True,,20230809,13.66,20230811,10.907759882869694,-2.708638360175708,20230815,4.172767203513916,-2.708638360175708,20230818,-4.392386530014636,-4.904831625183014
002020,002020.SZ,京新药业,化学制药,20230808,11.55,52.80633751570016,52.80633751570016,0.0,2.11,4.325,5381.54,11.290322580645153,sideways,BULL_TREND,53.86214994662302,100.0,53.8154,80.0,59.3254435162873,20.0,0.0,56.27021202575581,0.0,2,2,E_ablate_wyckoff_vr1.2,True,,20230809,11.51,20230811,-0.17376194613378804,-1.390095569070371,20230815,-1.1294526498696666,-2.867072111207647,20230818,-5.386620330147696,-5.386620330147696
000681,000681.SZ,视觉中国,互联网,20230808,17.99,50.93341524868726,50.93341524868726,0.0,1.36,5.8878,10458.7,12.796897721764426,sideways,BULL_TREND,22.180332573780742,100.0,100.0,100.0,49.691613883036666,30.0,0.0,27.12922482163424,0.0,3,3,E_ablate_wyckoff_vr1.2,True,,20230809,17.75,20230811,-5.633802816901412,-5.6901408450704345,20230815,-2.704225352112677,-7.661971830985914,20230818,-14.873239436619723,-16.056338028169016
603108,603108.SH,润达医疗,医药商业,20230808,13.82,64.46589276212357,64.46589276212357,0.0,2.48,7.3176,6175.74,15.266707541385644,sideways,BULL_TREND,65.51700603060753,97.33292458614356,61.7574,100.0,48.04047096072235,53.333333333333336,0.0,74.62735596386092,0.0,1,1,E_ablate_accel_vr1.2,True,,20230809,13.66,20230811,10.907759882869694,-2.708638360175708,20230815,4.172767203513916,-2.708638360175708,20230818,-4.392386530014636,-4.904831625183014
002020,002020.SZ,京新药业,化学制药,20230808,11.55,59.55876295879086,59.55876295879086,0.0,2.11,4.325,5381.54,11.290322580645153,sideways,BULL_TREND,53.86214994662302,100.0,53.8154,80.0,59.3254435162873,20.0,0.0,56.27021202575581,0.0,2,2,E_ablate_accel_vr1.2,True,,20230809,11.51,20230811,-0.17376194613378804,-1.390095569070371,20230815,-1.1294526498696666,-2.867072111207647,20230818,-5.386620330147696,-5.386620330147696
601858,601858.SH,中国科传,出版业,20230808,31.01,59.29898074648589,59.29898074648589,0.0,2.43,3.2414,3946.42,13.039820527201334,sideways,BULL_TREND,64.04781569155281,100.0,39.4642,65.0,41.781472722827246,53.333333333333336,0.0,71.15724766044595,0.0,3,3,E_ablate_accel_vr1.2,True,,20230809,30.4,20230811,-9.473684210526311,-9.769736842105258,20230815,-9.506578947368416,-10.526315789473683,20230818,-12.894736842105258,-12.894736842105258
002474,002474.SZ,榕基软件,软件服务,20230809,7.87,66.5455548363175,58.32201195369753,8.223542882619975,2.23,9.1501,2699.07,11.173814898419858,sideways,BULL_TREND,57.852185507278996,100.0,26.9907,65.0,82.23542882619975,43.333333333333336,0.0,37.947217929162676,0.0,1,1,A_recovered_proxy_vr1.5,True,,20230810,7.86,20230814,3.0534351145037997,-3.435114503816805,20230816,-4.452926208651409,-4.707379134860057,20230821,-4.834605597964369,-9.160305343511455
603108,603108.SH,润达医疗,医药商业,20230809,13.96,61.637317667694425,61.637317667694425,0.0,2.89,11.1864,2536.6,14.408338442673193,sideways,BULL_TREND,76.55347463629771,100.0,25.366,80.0,42.53211727631238,20.0,0.0,81.43179713551727,0.0,2,2,A_recovered_proxy_vr1.5,True,,20230810,14.25,20230814,4.0000000000000036,-1.7543859649122862,20230816,-3.9298245614035165,-4.140350877192978,20230821,-9.754385964912283,-11.087719298245613
600056,600056.SH,中国医药,医药商业,20230809,13.44,46.36012318886925,46.36012318886925,0.0,2.52,3.1066,12211.38,0.8118081180811898,sideways,BULL_TREND,66.67118668625959,8.118081180811899,100.0,40.0,42.53211727631238,43.333333333333336,0.0,75.5,0.0,3,3,A_recovered_proxy_vr1.5,True,,20230810,13.31,20230814,1.8031555221637907,-0.7513148009015702,20230816,2.1788129226145703,-0.7513148009015702,20230821,-3.9068369646882095,-4.207362885048838
603108,603108.SH,润达医疗,医药商业,20230809,13.96,61.637317667694425,61.637317667694425,0.0,2.89,11.1864,2536.6,14.408338442673193,sideways,BULL_TREND,76.55347463629771,100.0,25.366,80.0,42.53211727631238,20.0,0.0,81.43179713551727,0.0,1,1,B_pure_quant_vr1.5,True,,20230810,14.25,20230814,4.0000000000000036,-1.7543859649122862,20230816,-3.9298245614035165,-4.140350877192978,20230821,-9.754385964912283,-11.087719298245613
002474,002474.SZ,榕基软件,软件服务,20230809,7.87,58.32201195369753,58.32201195369753,0.0,2.23,9.1501,2699.07,11.173814898419858,sideways,BULL_TREND,57.852185507278996,100.0,26.9907,65.0,82.23542882619975,43.333333333333336,0.0,37.947217929162676,0.0,2,2,B_pure_quant_vr1.5,True,,20230810,7.86,20230814,3.0534351145037997,-3.435114503816805,20230816,-4.452926208651409,-4.707379134860057,20230821,-4.834605597964369,-9.160305343511455
600056,600056.SH,中国医药,医药商业,20230809,13.44,46.36012318886925,46.36012318886925,0.0,2.52,3.1066,12211.38,0.8118081180811898,sideways,BULL_TREND,66.67118668625959,8.118081180811899,100.0,40.0,42.53211727631238,43.333333333333336,0.0,75.5,0.0,3,3,B_pure_quant_vr1.5,True,,20230810,13.31,20230814,1.8031555221637907,-0.7513148009015702,20230816,2.1788129226145703,-0.7513148009015702,20230821,-3.9068369646882095,-4.207362885048838
002474,002474.SZ,榕基软件,软件服务,20230809,7.87,65.7228050254658,58.068362067186506,7.654442958279292,2.23,9.1501,2699.07,11.173814898419858,sideways,BULL_TREND,57.852185507278996,100.0,26.9907,80.0,76.54442958279292,43.333333333333336,0.0,37.947217929162676,0.0,1,1,A_recovered_proxy_vr1.2,True,,20230810,7.86,20230814,3.0534351145037997,-3.435114503816805,20230816,-4.452926208651409,-4.707379134860057,20230821,-4.834605597964369,-9.160305343511455
603108,603108.SH,润达医疗,医药商业,20230809,13.96,61.507970141009956,61.507970141009956,0.0,2.89,11.1864,2536.6,14.408338442673193,sideways,BULL_TREND,76.55347463629771,100.0,25.366,80.0,41.66980043174925,20.0,0.0,81.43179713551727,0.0,2,2,A_recovered_proxy_vr1.2,True,,20230810,14.25,20230814,4.0000000000000036,-1.7543859649122862,20230816,-3.9298245614035165,-4.140350877192978,20230821,-9.754385964912283,-11.087719298245613
600056,600056.SH,中国医药,医药商业,20230809,13.44,46.23077566218478,46.23077566218478,0.0,2.52,3.1066,12211.38,0.8118081180811898,sideways,BULL_TREND,66.67118668625959,8.118081180811899,100.0,40.0,41.66980043174925,43.333333333333336,0.0,75.5,0.0,3,3,A_recovered_proxy_vr1.2,True,,20230810,13.31,20230814,1.8031555221637907,-0.7513148009015702,20230816,2.1788129226145703,-0.7513148009015702,20230821,-3.9068369646882095,-4.207362885048838
603108,603108.SH,润达医疗,医药商业,20230809,13.96,61.507970141009956,61.507970141009956,0.0,2.89,11.1864,2536.6,14.408338442673193,sideways,BULL_TREND,76.55347463629771,100.0,25.366,80.0,41.66980043174925,20.0,0.0,81.43179713551727,0.0,1,1,D_pure_quant_vr1.2,True,,20230810,14.25,20230814,4.0000000000000036,-1.7543859649122862,20230816,-3.9298245614035165,-4.140350877192978,20230821,-9.754385964912283,-11.087719298245613
002474,002474.SZ,榕基软件,软件服务,20230809,7.87,58.068362067186506,58.068362067186506,0.0,2.23,9.1501,2699.07,11.173814898419858,sideways,BULL_TREND,57.852185507278996,100.0,26.9907,80.0,76.54442958279292,43.333333333333336,0.0,37.947217929162676,0.0,2,2,D_pure_quant_vr1.2,True,,20230810,7.86,20230814,3.0534351145037997,-3.435114503816805,20230816,-4.452926208651409,-4.707379134860057,20230821,-4.834605597964369,-9.160305343511455
600056,600056.SH,中国医药,医药商业,20230809,13.44,46.23077566218478,46.23077566218478,0.0,2.52,3.1066,12211.38,0.8118081180811898,sideways,BULL_TREND,66.67118668625959,8.118081180811899,100.0,40.0,41.66980043174925,43.333333333333336,0.0,75.5,0.0,3,3,D_pure_quant_vr1.2,True,,20230810,13.31,20230814,1.8031555221637907,-0.7513148009015702,20230816,2.1788129226145703,-0.7513148009015702,20230821,-3.9068369646882095,-4.207362885048838
603108,603108.SH,润达医疗,医药商业,20230809,13.96,55.25750007624757,55.25750007624757,0.0,2.89,11.1864,2536.6,14.408338442673193,sideways,BULL_TREND,76.55347463629771,100.0,25.366,80.0,41.66980043174925,20.0,0.0,81.43179713551727,0.0,1,1,E_ablate_sector_vr1.2,True,,20230810,14.25,20230814,4.0000000000000036,-1.7543859649122862,20230816,-3.9298245614035165,-4.140350877192978,20230821,-9.754385964912283,-11.087719298245613
002474,002474.SZ,榕基软件,软件服务,20230809,7.87,46.58669762976757,46.58669762976757,0.0,2.23,9.1501,2699.07,11.173814898419858,sideways,BULL_TREND,57.852185507278996,100.0,26.9907,80.0,76.54442958279292,43.333333333333336,0.0,37.947217929162676,0.0,2,2,E_ablate_sector_vr1.2,True,,20230810,7.86,20230814,3.0534351145037997,-3.435114503816805,20230816,-4.452926208651409,-4.707379134860057,20230821,-4.834605597964369,-9.160305343511455
603108,603108.SH,润达医疗,医药商业,20230809,13.96,58.46862840854409,58.46862840854409,0.0,2.89,11.1864,2536.6,14.408338442673193,sideways,BULL_TREND,76.55347463629771,100.0,25.366,80.0,41.70032221531018,20.0,0.0,81.43179713551727,0.0,1,1,E_ablate_inflow_vr1.2,True,,20230810,14.25,20230814,4.0000000000000036,-1.7543859649122862,20230816,-3.9298245614035165,-4.140350877192978,20230821,-9.754385964912283,-11.087719298245613
002474,002474.SZ,榕基软件,软件服务,20230809,7.87,54.45867382987874,54.45867382987874,0.0,2.23,9.1501,2699.07,11.173814898419858,sideways,BULL_TREND,57.852185507278996,100.0,26.9907,80.0,74.07240133407448,43.333333333333336,0.0,37.947217929162676,0.0,2,2,E_ablate_inflow_vr1.2,True,,20230810,7.86,20230814,3.0534351145037997,-3.435114503816805,20230816,-4.452926208651409,-4.707379134860057,20230821,-4.834605597964369,-9.160305343511455
002474,002474.SZ,榕基软件,软件服务,20230809,7.87,53.514695915686985,53.514695915686985,0.0,2.23,9.1501,2699.07,11.173814898419858,sideways,BULL_TREND,57.852185507278996,100.0,26.9907,80.0,76.54442958279292,43.333333333333336,0.0,37.947217929162676,0.0,1,1,E_ablate_wyckoff_vr1.2,True,,20230810,7.86,20230814,3.0534351145037997,-3.435114503816805,20230816,-4.452926208651409,-4.707379134860057,20230821,-4.834605597964369,-9.160305343511455
603108,603108.SH,润达医疗,医药商业,20230809,13.96,51.736154484747885,51.736154484747885,0.0,2.89,11.1864,2536.6,14.408338442673193,sideways,BULL_TREND,76.55347463629771,100.0,25.366,80.0,41.66980043174925,20.0,0.0,81.43179713551727,0.0,2,2,E_ablate_wyckoff_vr1.2,True,,20230810,14.25,20230814,4.0000000000000036,-1.7543859649122862,20230816,-3.9298245614035165,-4.140350877192978,20230821,-9.754385964912283,-11.087719298245613
603108,603108.SH,润达医疗,医药商业,20230809,13.96,61.507970141009956,61.507970141009956,0.0,2.89,11.1864,2536.6,14.408338442673193,sideways,BULL_TREND,76.55347463629771,100.0,25.366,80.0,41.66980043174925,20.0,0.0,81.43179713551727,0.0,1,1,E_ablate_accel_vr1.2,True,,20230810,14.25,20230814,4.0000000000000036,-1.7543859649122862,20230816,-3.9298245614035165,-4.140350877192978,20230821,-9.754385964912283,-11.087719298245613
002474,002474.SZ,榕基软件,软件服务,20230809,7.87,58.068362067186506,58.068362067186506,0.0,2.23,9.1501,2699.07,11.173814898419858,sideways,BULL_TREND,57.852185507278996,100.0,26.9907,80.0,76.54442958279292,43.333333333333336,0.0,37.947217929162676,0.0,2,2,E_ablate_accel_vr1.2,True,,20230810,7.86,20230814,3.0534351145037997,-3.435114503816805,20230816,-4.452926208651409,-4.707379134860057,20230821,-4.834605597964369,-9.160305343511455
600056,600056.SH,中国医药,医药商业,20230809,13.44,46.23077566218478,46.23077566218478,0.0,2.52,3.1066,12211.38,0.8118081180811898,sideways,BULL_TREND,66.67118668625959,8.118081180811899,100.0,40.0,41.66980043174925,43.333333333333336,0.0,75.5,0.0,3,3,E_ablate_accel_vr1.2,True,,20230810,13.31,20230814,1.8031555221637907,-0.7513148009015702,20230816,2.1788129226145703,-0.7513148009015702,20230821,-3.9068369646882095,-4.207362885048838
001270,001270.SZ,铖昌科技,半导体,20230810,89.96,62.2201278555762,56.71173022614894,5.508397629427266,1.75,3.1892,3926.09,8.660777743933396,sideways,BULL_TREND,40.367746102880204,100.0,39.2609,80.0,55.08397629427266,63.33333333333333,0.0,69.91879143923106,0.0,1,1,A_recovered_proxy_vr1.5,True,,20230811,89.9,20230815,-10.200222469410459,-12.124582869855406,20230817,-6.395995550611788,-12.124582869855406,20230822,-10.22246941045607,-13.014460511679648
001309,001309.SZ,德明利,半导体,20230810,74.4,60.0667013026032,54.558303673175935,5.508397629427266,2.28,5.5989,2436.91,17.149220489977722,sideways,BULL_TREND,59.451691219500844,78.50779510022278,24.3691,100.0,55.08397629427266,66.66666666666666,0.0,64.05829087802088,0.0,2,2,A_recovered_proxy_vr1.5,True,,20230811,74.29,20230815,-6.0304213218468234,-7.430340557275549,20230817,-9.409072553506537,-11.832009691748556,20230822,-11.34742226410016,-15.197200161529146
002474,002474.SZ,榕基软件,软件服务,20230810,8.13,59.3134893052196,59.3134893052196,0.0,2.21,11.8278,5167.68,8.23927765237019,sideways,BULL_TREND,57.202318480835345,100.0,51.6768,60.0,44.171348689547905,66.66666666666666,0.0,68.07273002225253,0.0,3,3,A_recovered_proxy_vr1.5,True,,20230811,8.01,20230815,-1.9975031210986316,-5.243445692883897,20230817,-6.367041198501866,-9.488139825218479,20230822,-1.4981273408239737,-10.861423220973787
002474,002474.SZ,榕基软件,软件服务,20230810,8.13,59.3134893052196,59.3134893052196,0.0,2.21,11.8278,5167.68,8.23927765237019,sideways,BULL_TREND,57.202318480835345,100.0,51.6768,60.0,44.171348689547905,66.66666666666666,0.0,68.07273002225253,0.0,1,1,B_pure_quant_vr1.5,True,,20230811,8.01,20230815,-1.9975031210986316,-5.243445692883897,20230817,-6.367041198501866,-9.488139825218479,20230822,-1.4981273408239737,-10.861423220973787
001270,001270.SZ,铖昌科技,半导体,20230810,89.96,56.71173022614894,56.71173022614894,0.0,1.75,3.1892,3926.09,8.660777743933396,sideways,BULL_TREND,40.367746102880204,100.0,39.2609,80.0,55.08397629427266,63.33333333333333,0.0,69.91879143923106,0.0,2,2,B_pure_quant_vr1.5,True,,20230811,89.9,20230815,-10.200222469410459,-12.124582869855406,20230817,-6.395995550611788,-12.124582869855406,20230822,-10.22246941045607,-13.014460511679648
001309,001309.SZ,德明利,半导体,20230810,74.4,54.558303673175935,54.558303673175935,0.0,2.28,5.5989,2436.91,17.149220489977722,sideways,BULL_TREND,59.451691219500844,78.50779510022278,24.3691,100.0,55.08397629427266,66.66666666666666,0.0,64.05829087802088,0.0,3,3,B_pure_quant_vr1.5,True,,20230811,74.29,20230815,-6.0304213218468234,-7.430340557275549,20230817,-9.409072553506537,-11.832009691748556,20230822,-11.34742226410016,-15.197200161529146
001270,001270.SZ,铖昌科技,半导体,20230810,89.96,62.2201278555762,56.71173022614894,5.508397629427266,1.75,3.1892,3926.09,8.660777743933396,sideways,BULL_TREND,40.367746102880204,100.0,39.2609,80.0,55.08397629427266,63.33333333333333,0.0,69.91879143923106,0.0,1,1,A_recovered_proxy_vr1.2,True,,20230811,89.9,20230815,-10.200222469410459,-12.124582869855406,20230817,-6.395995550611788,-12.124582869855406,20230822,-10.22246941045607,-13.014460511679648
001309,001309.SZ,德明利,半导体,20230810,74.4,60.0667013026032,54.558303673175935,5.508397629427266,2.28,5.5989,2436.91,17.149220489977722,sideways,BULL_TREND,59.451691219500844,78.50779510022278,24.3691,100.0,55.08397629427266,66.66666666666666,0.0,64.05829087802088,0.0,2,2,A_recovered_proxy_vr1.2,True,,20230811,74.29,20230815,-6.0304213218468234,-7.430340557275549,20230817,-9.409072553506537,-11.832009691748556,20230822,-11.34742226410016,-15.197200161529146
002474,002474.SZ,榕基软件,软件服务,20230810,8.13,59.28736783292756,59.28736783292756,0.0,2.21,11.8278,5167.68,8.23927765237019,sideways,BULL_TREND,57.202318480835345,100.0,51.6768,60.0,43.99720554093431,66.66666666666666,0.0,68.07273002225253,0.0,3,3,A_recovered_proxy_vr1.2,True,,20230811,8.01,20230815,-1.9975031210986316,-5.243445692883897,20230817,-6.367041198501866,-9.488139825218479,20230822,-1.4981273408239737,-10.861423220973787
002474,002474.SZ,榕基软件,软件服务,20230810,8.13,59.28736783292756,59.28736783292756,0.0,2.21,11.8278,5167.68,8.23927765237019,sideways,BULL_TREND,57.202318480835345,100.0,51.6768,60.0,43.99720554093431,66.66666666666666,0.0,68.07273002225253,0.0,1,1,D_pure_quant_vr1.2,True,,20230811,8.01,20230815,-1.9975031210986316,-5.243445692883897,20230817,-6.367041198501866,-9.488139825218479,20230822,-1.4981273408239737,-10.861423220973787
001270,001270.SZ,铖昌科技,半导体,20230810,89.96,56.71173022614894,56.71173022614894,0.0,1.75,3.1892,3926.09,8.660777743933396,sideways,BULL_TREND,40.367746102880204,100.0,39.2609,80.0,55.08397629427266,63.33333333333333,0.0,69.91879143923106,0.0,2,2,D_pure_quant_vr1.2,True,,20230811,89.9,20230815,-10.200222469410459,-12.124582869855406,20230817,-6.395995550611788,-12.124582869855406,20230822,-10.22246941045607,-13.014460511679648
001309,001309.SZ,德明利,半导体,20230810,74.4,54.558303673175935,54.558303673175935,0.0,2.28,5.5989,2436.91,17.149220489977722,sideways,BULL_TREND,59.451691219500844,78.50779510022278,24.3691,100.0,55.08397629427266,66.66666666666666,0.0,64.05829087802088,0.0,3,3,D_pure_quant_vr1.2,True,,20230811,74.29,20230815,-6.0304213218468234,-7.430340557275549,20230817,-9.409072553506537,-11.832009691748556,20230822,-11.34742226410016,-15.197200161529146
002474,002474.SZ,榕基软件,软件服务,20230810,8.13,52.68778700178741,52.68778700178741,0.0,2.21,11.8278,5167.68,8.23927765237019,sideways,BULL_TREND,57.202318480835345,100.0,51.6768,60.0,43.99720554093431,66.66666666666666,0.0,68.07273002225253,0.0,1,1,E_ablate_sector_vr1.2,True,,20230811,8.01,20230815,-1.9975031210986316,-5.243445692883897,20230817,-6.367041198501866,-9.488139825218479,20230822,-1.4981273408239737,-10.861423220973787
001270,001270.SZ,铖昌科技,半导体,20230810,89.96,48.44913378200804,48.44913378200804,0.0,1.75,3.1892,3926.09,8.660777743933396,sideways,BULL_TREND,40.367746102880204,100.0,39.2609,80.0,55.08397629427266,63.33333333333333,0.0,69.91879143923106,0.0,2,2,E_ablate_sector_vr1.2,True,,20230811,89.9,20230815,-10.200222469410459,-12.124582869855406,20230817,-6.395995550611788,-12.124582869855406,20230822,-10.22246941045607,-13.014460511679648
001309,001309.SZ,德明利,半导体,20230810,74.4,46.29570722903504,46.29570722903504,0.0,2.28,5.5989,2436.91,17.149220489977722,sideways,BULL_TREND,59.451691219500844,78.50779510022278,24.3691,100.0,55.08397629427266,66.66666666666666,0.0,64.05829087802088,0.0,3,3,E_ablate_sector_vr1.2,True,,20230811,74.29,20230815,-6.0304213218468234,-7.430340557275549,20230817,-9.409072553506537,-11.832009691748556,20230822,-11.34742226410016,-15.197200161529146
002474,002474.SZ,榕基软件,软件服务,20230810,8.13,53.08615183292756,53.08615183292756,0.0,2.21,11.8278,5167.68,8.23927765237019,sideways,BULL_TREND,57.202318480835345,100.0,51.6768,60.0,43.99720554093431,66.66666666666666,0.0,68.07273002225253,0.0,1,1,E_ablate_inflow_vr1.2,True,,20230811,8.01,20230815,-1.9975031210986316,-5.243445692883897,20230817,-6.367041198501866,-9.488139825218479,20230822,-1.4981273408239737,-10.861423220973787
001270,001270.SZ,铖昌科技,半导体,20230810,89.96,52.000422226148935,52.000422226148935,0.0,1.75,3.1892,3926.09,8.660777743933396,sideways,BULL_TREND,40.367746102880204,100.0,39.2609,80.0,55.08397629427266,63.33333333333333,0.0,69.91879143923106,0.0,2,2,E_ablate_inflow_vr1.2,True,,20230811,89.9,20230815,-10.200222469410459,-12.124582869855406,20230817,-6.395995550611788,-12.124582869855406,20230822,-10.22246941045607,-13.014460511679648
001309,001309.SZ,德明利,半导体,20230810,74.4,51.634011673175934,51.634011673175934,0.0,2.28,5.5989,2436.91,17.149220489977722,sideways,BULL_TREND,59.451691219500844,78.50779510022278,24.3691,100.0,55.08397629427266,66.66666666666666,0.0,64.05829087802088,0.0,3,3,E_ablate_inflow_vr1.2,True,,20230811,74.29,20230815,-6.0304213218468234,-7.430340557275549,20230817,-9.409072553506537,-11.832009691748556,20230822,-11.34742226410016,-15.197200161529146
002474,002474.SZ,榕基软件,软件服务,20230810,8.13,51.118640230257256,51.118640230257256,0.0,2.21,11.8278,5167.68,8.23927765237019,sideways,BULL_TREND,57.202318480835345,100.0,51.6768,60.0,43.99720554093431,66.66666666666666,0.0,68.07273002225253,0.0,1,1,E_ablate_wyckoff_vr1.2,True,,20230811,8.01,20230815,-1.9975031210986316,-5.243445692883897,20230817,-6.367041198501866,-9.488139825218479,20230822,-1.4981273408239737,-10.861423220973787
001270,001270.SZ,铖昌科技,半导体,20230810,89.96,48.32147525344121,48.32147525344121,0.0,1.75,3.1892,3926.09,8.660777743933396,sideways,BULL_TREND,40.367746102880204,100.0,39.2609,80.0,55.08397629427266,63.33333333333333,0.0,69.91879143923106,0.0,2,2,E_ablate_wyckoff_vr1.2,True,,20230811,89.9,20230815,-10.200222469410459,-12.124582869855406,20230817,-6.395995550611788,-12.124582869855406,20230822,-10.22246941045607,-13.014460511679648
001309,001309.SZ,德明利,半导体,20230810,74.4,46.871308767813424,46.871308767813424,0.0,2.28,5.5989,2436.91,17.149220489977722,sideways,BULL_TREND,59.451691219500844,78.50779510022278,24.3691,100.0,55.08397629427266,66.66666666666666,0.0,64.05829087802088,0.0,3,3,E_ablate_wyckoff_vr1.2,True,,20230811,74.29,20230815,-6.0304213218468234,-7.430340557275549,20230817,-9.409072553506537,-11.832009691748556,20230822,-11.34742226410016,-15.197200161529146
002474,002474.SZ,榕基软件,软件服务,20230810,8.13,59.28736783292756,59.28736783292756,0.0,2.21,11.8278,5167.68,8.23927765237019,sideways,BULL_TREND,57.202318480835345,100.0,51.6768,60.0,43.99720554093431,66.66666666666666,0.0,68.07273002225253,0.0,1,1,E_ablate_accel_vr1.2,True,,20230811,8.01,20230815,-1.9975031210986316,-5.243445692883897,20230817,-6.367041198501866,-9.488139825218479,20230822,-1.4981273408239737,-10.861423220973787
001270,001270.SZ,铖昌科技,半导体,20230810,89.96,56.71173022614894,56.71173022614894,0.0,1.75,3.1892,3926.09,8.660777743933396,sideways,BULL_TREND,40.367746102880204,100.0,39.2609,80.0,55.08397629427266,63.33333333333333,0.0,69.91879143923106,0.0,2,2,E_ablate_accel_vr1.2,True,,20230811,89.9,20230815,-10.200222469410459,-12.124582869855406,20230817,-6.395995550611788,-12.124582869855406,20230822,-10.22246941045607,-13.014460511679648
001309,001309.SZ,德明利,半导体,20230810,74.4,54.558303673175935,54.558303673175935,0.0,2.28,5.5989,2436.91,17.149220489977722,sideways,BULL_TREND,59.451691219500844,78.50779510022278,24.3691,100.0,55.08397629427266,66.66666666666666,0.0,64.05829087802088,0.0,3,3,E_ablate_accel_vr1.2,True,,20230811,74.29,20230815,-6.0304213218468234,-7.430340557275549,20230817,-9.409072553506537,-11.832009691748556,20230822,-11.34742226410016,-15.197200161529146
002589,002589.SZ,瑞康医药,医药商业,20230811,3.71,70.50686197210446,60.50686197210446,10.0,3.6,6.2971,1599.08,3.63636363636364,bear,BULL_TREND,92.3998453277475,36.363636363636395,15.9908,80.0,100.0,0.0,100.0,75.5,0.0,1,1,A_recovered_proxy_vr1.5,True,,20230814,3.66,20230816,1.6393442622950838,-0.5464480874316946,20230818,-3.551912568306015,-3.551912568306015,20230823,-7.377049180327866,-7.650273224043724
000950,000950.SZ,重药控股,医药商业,20230811,6.1,67.9197471750424,57.919747175042396,10.0,2.2,3.2078,5085.28,4.388714733542324,bear,BULL_TREND,56.875176187496756,43.887147335423236,50.852799999999995,65.0,100.0,10.0,92.99,75.5,0.0,2,2,A_recovered_proxy_vr1.5,True,,20230814,6.17,20230816,2.1069692058346856,-4.213938411669361,20230818,-9.400324149108597,-9.400324149108597,20230823,-11.669367909238249,-12.479740680713125
002589,002589.SZ,瑞康医药,医药商业,20230811,3.71,60.50686197210446,60.50686197210446,0.0,3.6,6.2971,1599.08,3.63636363636364,bear,BULL_TREND,92.3998453277475,36.363636363636395,15.9908,80.0,100.0,0.0,100.0,75.5,0.0,1,1,B_pure_quant_vr1.5,True,,20230814,3.66,20230816,1.6393442622950838,-0.5464480874316946,20230818,-3.551912568306015,-3.551912568306015,20230823,-7.377049180327866,-7.650273224043724
000950,000950.SZ,重药控股,医药商业,20230811,6.1,57.919747175042396,57.919747175042396,0.0,2.2,3.2078,5085.28,4.388714733542324,bear,BULL_TREND,56.875176187496756,43.887147335423236,50.852799999999995,65.0,100.0,10.0,92.99,75.5,0.0,2,2,B_pure_quant_vr1.5,True,,20230814,6.17,20230816,2.1069692058346856,-4.213938411669361,20230818,-9.400324149108597,-9.400324149108597,20230823,-11.669367909238249,-12.479740680713125
002589,002589.SZ,瑞康医药,医药商业,20230811,3.71,70.50686197210446,60.50686197210446,10.0,3.6,6.2971,1599.08,3.63636363636364,bear,BULL_TREND,92.3998453277475,36.363636363636395,15.9908,80.0,100.0,0.0,100.0,75.5,0.0,1,1,A_recovered_proxy_vr1.2,True,,20230814,3.66,20230816,1.6393442622950838,-0.5464480874316946,20230818,-3.551912568306015,-3.551912568306015,20230823,-7.377049180327866,-7.650273224043724
000950,000950.SZ,重药控股,医药商业,20230811,6.1,67.9197471750424,57.919747175042396,10.0,2.2,3.2078,5085.28,4.388714733542324,bear,BULL_TREND,56.875176187496756,43.887147335423236,50.852799999999995,65.0,100.0,10.0,92.99,75.5,0.0,2,2,A_recovered_proxy_vr1.2,True,,20230814,6.17,20230816,2.1069692058346856,-4.213938411669361,20230818,-9.400324149108597,-9.400324149108597,20230823,-11.669367909238249,-12.479740680713125
000736,000736.SZ,中交发展,全国地产,20230811,15.25,59.013000075032004,52.462029281579596,6.550970793452405,1.24,6.512,6245.98,10.029498525073741,bear,BULL_TREND,15.517006030607524,100.0,62.459799999999994,100.0,65.50970793452404,43.333333333333336,98.5,15.874909150005573,0.0,3,3,A_recovered_proxy_vr1.2,True,,20230814,14.55,20230816,2.4742268041237025,-4.329896907216502,20230818,-1.718213058419249,-4.329896907216502,20230823,-8.659793814433003,-8.93470790378007
002589,002589.SZ,瑞康医药,医药商业,20230811,3.71,60.50686197210446,60.50686197210446,0.0,3.6,6.2971,1599.08,3.63636363636364,bear,BULL_TREND,92.3998453277475,36.363636363636395,15.9908,80.0,100.0,0.0,100.0,75.5,0.0,1,1,D_pure_quant_vr1.2,True,,20230814,3.66,20230816,1.6393442622950838,-0.5464480874316946,20230818,-3.551912568306015,-3.551912568306015,20230823,-7.377049180327866,-7.650273224043724
000950,000950.SZ,重药控股,医药商业,20230811,6.1,57.919747175042396,57.919747175042396,0.0,2.2,3.2078,5085.28,4.388714733542324,bear,BULL_TREND,56.875176187496756,43.887147335423236,50.852799999999995,65.0,100.0,10.0,92.99,75.5,0.0,2,2,D_pure_quant_vr1.2,True,,20230814,6.17,20230816,2.1069692058346856,-4.213938411669361,20230818,-9.400324149108597,-9.400324149108597,20230823,-11.669367909238249,-12.479740680713125
000736,000736.SZ,中交发展,全国地产,20230811,15.25,52.462029281579596,52.462029281579596,0.0,1.24,6.512,6245.98,10.029498525073741,bear,BULL_TREND,15.517006030607524,100.0,62.459799999999994,100.0,65.50970793452404,43.333333333333336,98.5,15.874909150005573,0.0,3,3,D_pure_quant_vr1.2,True,,20230814,14.55,20230816,2.4742268041237025,-4.329896907216502,20230818,-1.718213058419249,-4.329896907216502,20230823,-8.659793814433003,-8.93470790378007
002589,002589.SZ,瑞康医药,医药商业,20230811,3.71,45.50686197210446,45.50686197210446,0.0,3.6,6.2971,1599.08,3.63636363636364,bear,BULL_TREND,92.3998453277475,36.363636363636395,15.9908,80.0,100.0,0.0,100.0,75.5,0.0,1,1,E_ablate_sector_vr1.2,True,,20230814,3.66,20230816,1.6393442622950838,-0.5464480874316946,20230818,-3.551912568306015,-3.551912568306015,20230823,-7.377049180327866,-7.650273224043724
002589,002589.SZ,瑞康医药,医药商业,20230811,3.71,58.587965972104456,58.587965972104456,0.0,3.6,6.2971,1599.08,3.63636363636364,bear,BULL_TREND,92.3998453277475,36.363636363636395,15.9908,80.0,100.0,0.0,100.0,75.5,0.0,1,1,E_ablate_inflow_vr1.2,True,,20230814,3.66,20230816,1.6393442622950838,-0.5464480874316946,20230818,-3.551912568306015,-3.551912568306015,20230823,-7.377049180327866,-7.650273224043724
000950,000950.SZ,重药控股,医药商业,20230811,6.1,51.8174111750424,51.8174111750424,0.0,2.2,3.2078,5085.28,4.388714733542324,bear,BULL_TREND,56.875176187496756,43.887147335423236,50.852799999999995,65.0,100.0,10.0,92.99,75.5,0.0,2,2,E_ablate_inflow_vr1.2,True,,20230814,6.17,20230816,2.1069692058346856,-4.213938411669361,20230818,-9.400324149108597,-9.400324149108597,20230823,-11.669367909238249,-12.479740680713125
002589,002589.SZ,瑞康医药,医药商业,20230811,3.71,51.44686197210446,51.44686197210446,0.0,3.6,6.2971,1599.08,3.63636363636364,bear,BULL_TREND,92.3998453277475,36.363636363636395,15.9908,80.0,100.0,0.0,100.0,75.5,0.0,1,1,E_ablate_wyckoff_vr1.2,True,,20230814,3.66,20230816,1.6393442622950838,-0.5464480874316946,20230818,-3.551912568306015,-3.551912568306015,20230823,-7.377049180327866,-7.650273224043724
000736,000736.SZ,中交发展,全国地产,20230811,15.25,50.55704018357893,50.55704018357893,0.0,1.24,6.512,6245.98,10.029498525073741,bear,BULL_TREND,15.517006030607524,100.0,62.459799999999994,100.0,65.50970793452404,43.333333333333336,98.5,15.874909150005573,0.0,2,2,E_ablate_wyckoff_vr1.2,True,,20230814,14.55,20230816,2.4742268041237025,-4.329896907216502,20230818,-1.718213058419249,-4.329896907216502,20230823,-8.659793814433003,-8.93470790378007
000950,000950.SZ,重药控股,医药商业,20230811,6.1,48.8597471750424,48.8597471750424,0.0,2.2,3.2078,5085.28,4.388714733542324,bear,BULL_TREND,56.875176187496756,43.887147335423236,50.852799999999995,65.0,100.0,10.0,92.99,75.5,0.0,3,3,E_ablate_wyckoff_vr1.2,True,,20230814,6.17,20230816,2.1069692058346856,-4.213938411669361,20230818,-9.400324149108597,-9.400324149108597,20230823,-11.669367909238249,-12.479740680713125
002589,002589.SZ,瑞康医药,医药商业,20230811,3.71,60.50686197210446,60.50686197210446,0.0,3.6,6.2971,1599.08,3.63636363636364,bear,BULL_TREND,92.3998453277475,36.363636363636395,15.9908,80.0,100.0,0.0,100.0,75.5,0.0,1,1,E_ablate_accel_vr1.2,True,,20230814,3.66,20230816,1.6393442622950838,-0.5464480874316946,20230818,-3.551912568306015,-3.551912568306015,20230823,-7.377049180327866,-7.650273224043724
000950,000950.SZ,重药控股,医药商业,20230811,6.1,57.919747175042396,57.919747175042396,0.0,2.2,3.2078,5085.28,4.388714733542324,bear,BULL_TREND,56.875176187496756,43.887147335423236,50.852799999999995,65.0,100.0,10.0,92.99,75.5,0.0,2,2,E_ablate_accel_vr1.2,True,,20230814,6.17,20230816,2.1069692058346856,-4.213938411669361,20230818,-9.400324149108597,-9.400324149108597,20230823,-11.669367909238249,-12.479740680713125
000736,000736.SZ,中交发展,全国地产,20230811,15.25,52.462029281579596,52.462029281579596,0.0,1.24,6.512,6245.98,10.029498525073741,bear,BULL_TREND,15.517006030607524,100.0,62.459799999999994,100.0,65.50970793452404,43.333333333333336,98.5,15.874909150005573,0.0,3,3,E_ablate_accel_vr1.2,True,,20230814,14.55,20230816,2.4742268041237025,-4.329896907216502,20230818,-1.718213058419249,-4.329896907216502,20230823,-8.659793814433003,-8.93470790378007
002307,002307.SZ,北新路桥,建筑工程,20230814,5.61,67.2375493682949,58.26979469253286,8.967754675762052,3.21,5.9989,9604.22,0.17793594306049443,bear,BULL_TREND,84.12866486737892,1.7793594306049443,96.0422,100.0,89.67754675762052,66.66666666666666,0.0,75.5,0.0,1,1,A_recovered_proxy_vr1.5,True,,20230815,5.49,20230817,0.0,-2.732240437158473,20230821,-4.371584699453557,-5.646630236794181,20230824,-8.925318761384338,-9.653916211293268
301073,301073.SZ,君亭酒店,酒店餐饮,20230814,37.37,58.41879847482979,58.41879847482979,0.0,3.33,9.4638,2710.7,6.55163790947738,bear,BULL_TREND,86.77610886482687,75.860631824623,27.107,60.0,59.02568230793263,66.66666666666666,0.0,56.65574869689663,0.0,2,2,A_recovered_proxy_vr1.5,True,,20230815,36.8,20230817,-4.15760869565216,-7.336956521739124,20230821,-8.940217391304351,-9.239130434782606,20230824,-6.059782608695641,-9.646739130434778
601700,601700.SH,风范股份,电气设备,20230814,5.51,55.2200380171528,55.2200380171528,0.0,7.18,4.0345,4482.72,1.2544802867383564,bear,BULL_TREND,100.0,12.544802867383565,44.827200000000005,80.0,57.270884403211085,86.66666666666667,0.0,96.30792827094523,0.0,3,3,A_recovered_proxy_vr1.5,True,,20230815,5.49,20230817,-7.10382513661203,-9.836065573770492,20230821,-9.289617486338797,-9.836065573770492,20230824,-12.932604735883423,-13.11475409836067
301073,301073.SZ,君亭酒店,酒店餐饮,20230814,37.37,58.41879847482979,58.41879847482979,0.0,3.33,9.4638,2710.7,6.55163790947738,bear,BULL_TREND,86.77610886482687,75.860631824623,27.107,60.0,59.02568230793263,66.66666666666666,0.0,56.65574869689663,0.0,1,1,B_pure_quant_vr1.5,True,,20230815,36.8,20230817,-4.15760869565216,-7.336956521739124,20230821,-8.940217391304351,-9.239130434782606,20230824,-6.059782608695641,-9.646739130434778
002307,002307.SZ,北新路桥,建筑工程,20230814,5.61,58.26979469253286,58.26979469253286,0.0,3.21,5.9989,9604.22,0.17793594306049443,bear,BULL_TREND,84.12866486737892,1.7793594306049443,96.0422,100.0,89.67754675762052,66.66666666666666,0.0,75.5,0.0,2,2,B_pure_quant_vr1.5,True,,20230815,5.49,20230817,0.0,-2.732240437158473,20230821,-4.371584699453557,-5.646630236794181,20230824,-8.925318761384338,-9.653916211293268
601700,601700.SH,风范股份,电气设备,20230814,5.51,55.2200380171528,55.2200380171528,0.0,7.18,4.0345,4482.72,1.2544802867383564,bear,BULL_TREND,100.0,12.544802867383565,44.827200000000005,80.0,57.270884403211085,86.66666666666667,0.0,96.30792827094523,0.0,3,3,B_pure_quant_vr1.5,True,,20230815,5.49,20230817,-7.10382513661203,-9.836065573770492,20230821,-9.289617486338797,-9.836065573770492,20230824,-12.932604735883423,-13.11475409836067
002174,002174.SZ,游族网络,互联网,20230814,13.52,69.2376821673424,60.12283675240547,9.114845414936932,1.24,5.0201,11302.09,7.713310580204784,bear,BULL_TREND,15.517006030607524,95.22184300341306,100.0,100.0,91.14845414936931,33.33333333333333,0.0,45.177959798740645,0.0,1,1,A_recovered_proxy_vr1.2,True,,20230815,13.51,20230817,-4.071058475203548,-6.291635825314579,20230821,-7.401924500370094,-8.364174685418202,20230824,-6.069578090303485,-8.364174685418202
002307,002307.SZ,北新路桥,建筑工程,20230814,5.61,67.2375493682949,58.26979469253286,8.967754675762052,3.21,5.9989,9604.22,0.17793594306049443,bear,BULL_TREND,84.12866486737892,1.7793594306049443,96.0422,100.0,89.67754675762052,66.66666666666666,0.0,75.5,0.0,2,2,A_recovered_proxy_vr1.2,True,,20230815,5.49,20230817,0.0,-2.732240437158473,20230821,-4.371584699453557,-5.646630236794181,20230824,-8.925318761384338,-9.653916211293268
301073,301073.SZ,君亭酒店,酒店餐饮,20230814,37.37,58.95053068341961,58.95053068341961,0.0,3.33,9.4638,2710.7,6.55163790947738,bear,BULL_TREND,86.77610886482687,75.860631824623,27.107,60.0,62.5705636985314,66.66666666666666,0.0,56.65574869689663,0.0,3,3,A_recovered_proxy_vr1.2,True,,20230815,36.8,20230817,-4.15760869565216,-7.336956521739124,20230821,-8.940217391304351,-9.239130434782606,20230824,-6.059782608695641,-9.646739130434778
002174,002174.SZ,游族网络,互联网,20230814,13.52,60.12283675240547,60.12283675240547,0.0,1.24,5.0201,11302.09,7.713310580204784,bear,BULL_TREND,15.517006030607524,95.22184300341306,100.0,100.0,91.14845414936931,33.33333333333333,0.0,45.177959798740645,0.0,1,1,D_pure_quant_vr1.2,True,,20230815,13.51,20230817,-4.071058475203548,-6.291635825314579,20230821,-7.401924500370094,-8.364174685418202,20230824,-6.069578090303485,-8.364174685418202
301073,301073.SZ,君亭酒店,酒店餐饮,20230814,37.37,58.95053068341961,58.95053068341961,0.0,3.33,9.4638,2710.7,6.55163790947738,bear,BULL_TREND,86.77610886482687,75.860631824623,27.107,60.0,62.5705636985314,66.66666666666666,0.0,56.65574869689663,0.0,2,2,D_pure_quant_vr1.2,True,,20230815,36.8,20230817,-4.15760869565216,-7.336956521739124,20230821,-8.940217391304351,-9.239130434782606,20230824,-6.059782608695641,-9.646739130434778
002307,002307.SZ,北新路桥,建筑工程,20230814,5.61,58.26979469253286,58.26979469253286,0.0,3.21,5.9989,9604.22,0.17793594306049443,bear,BULL_TREND,84.12866486737892,1.7793594306049443,96.0422,100.0,89.67754675762052,66.66666666666666,0.0,75.5,0.0,3,3,D_pure_quant_vr1.2,True,,20230815,5.49,20230817,0.0,-2.732240437158473,20230821,-4.371584699453557,-5.646630236794181,20230824,-8.925318761384338,-9.653916211293268
301073,301073.SZ,君亭酒店,酒店餐饮,20230814,37.37,49.564946128639896,49.564946128639896,0.0,3.33,9.4638,2710.7,6.55163790947738,bear,BULL_TREND,86.77610886482687,75.860631824623,27.107,60.0,62.5705636985314,66.66666666666666,0.0,56.65574869689663,0.0,1,1,E_ablate_sector_vr1.2,True,,20230815,36.8,20230817,-4.15760869565216,-7.336956521739124,20230821,-8.940217391304351,-9.239130434782606,20230824,-6.059782608695641,-9.646739130434778
601700,601700.SH,风范股份,电气设备,20230814,5.51,46.62940535667114,46.62940535667114,0.0,7.18,4.0345,4482.72,1.2544802867383564,bear,BULL_TREND,100.0,12.544802867383565,44.827200000000005,80.0,57.270884403211085,86.66666666666667,0.0,96.30792827094523,0.0,2,2,E_ablate_sector_vr1.2,True,,20230815,5.49,20230817,-7.10382513661203,-9.836065573770492,20230821,-9.289617486338797,-9.836065573770492,20230824,-12.932604735883423,-13.11475409836067
002174,002174.SZ,游族网络,互联网,20230814,13.52,46.45056863000007,46.45056863000007,0.0,1.24,5.0201,11302.09,7.713310580204784,bear,BULL_TREND,15.517006030607524,95.22184300341306,100.0,100.0,91.14845414936931,33.33333333333333,0.0,45.177959798740645,0.0,3,3,E_ablate_sector_vr1.2,True,,20230815,13.51,20230817,-4.071058475203548,-6.291635825314579,20230821,-7.401924500370094,-8.364174685418202,20230824,-6.069578090303485,-8.364174685418202
301073,301073.SZ,君亭酒店,酒店餐饮,20230814,37.37,55.69769068341961,55.69769068341961,0.0,3.33,9.4638,2710.7,6.55163790947738,bear,BULL_TREND,86.77610886482687,75.860631824623,27.107,60.0,62.5705636985314,66.66666666666666,0.0,56.65574869689663,0.0,1,1,E_ablate_inflow_vr1.2,True,,20230815,36.8,20230817,-4.15760869565216,-7.336956521739124,20230821,-8.940217391304351,-9.239130434782606,20230824,-6.059782608695641,-9.646739130434778
601700,601700.SH,风范股份,电气设备,20230814,5.51,49.5045129456129,49.5045129456129,0.0,7.18,4.0345,4482.72,1.2544802867383564,bear,BULL_TREND,100.0,12.544802867383565,44.827200000000005,80.0,55.029143926278394,86.66666666666667,0.0,96.30792827094523,0.0,2,2,E_ablate_inflow_vr1.2,True,,20230815,5.49,20230817,-7.10382513661203,-9.836065573770492,20230821,-9.289617486338797,-9.836065573770492,20230824,-12.932604735883423,-13.11475409836067
002174,002174.SZ,游族网络,互联网,20230814,13.52,48.12283675240547,48.12283675240547,0.0,1.24,5.0201,11302.09,7.713310580204784,bear,BULL_TREND,15.517006030607524,95.22184300341306,100.0,100.0,91.14845414936931,33.33333333333333,0.0,45.177959798740645,0.0,3,3,E_ablate_inflow_vr1.2,True,,20230815,13.51,20230817,-4.071058475203548,-6.291635825314579,20230821,-7.401924500370094,-8.364174685418202,20230824,-6.069578090303485,-8.364174685418202
002174,002174.SZ,游族网络,互联网,20230814,13.52,54.70148157655659,54.70148157655659,0.0,1.24,5.0201,11302.09,7.713310580204784,bear,BULL_TREND,15.517006030607524,95.22184300341306,100.0,100.0,91.14845414936931,33.33333333333333,0.0,45.177959798740645,0.0,1,1,E_ablate_wyckoff_vr1.2,True,,20230815,13.51,20230817,-4.071058475203548,-6.291635825314579,20230821,-7.401924500370094,-8.364174685418202,20230824,-6.069578090303485,-8.364174685418202
301073,301073.SZ,君亭酒店,酒店餐饮,20230814,37.37,52.151840839792015,52.151840839792015,0.0,3.33,9.4638,2710.7,6.55163790947738,bear,BULL_TREND,86.77610886482687,75.860631824623,27.107,60.0,62.5705636985314,66.66666666666666,0.0,56.65574869689663,0.0,2,2,E_ablate_wyckoff_vr1.2,True,,20230815,36.8,20230817,-4.15760869565216,-7.336956521739124,20230821,-8.940217391304351,-9.239130434782606,20230824,-6.059782608695641,-9.646739130434778
002307,002307.SZ,北新路桥,建筑工程,20230814,5.61,49.20979469253286,49.20979469253286,0.0,3.21,5.9989,9604.22,0.17793594306049443,bear,BULL_TREND,84.12866486737892,1.7793594306049443,96.0422,100.0,89.67754675762052,66.66666666666666,0.0,75.5,0.0,3,3,E_ablate_wyckoff_vr1.2,True,,20230815,5.49,20230817,0.0,-2.732240437158473,20230821,-4.371584699453557,-5.646630236794181,20230824,-8.925318761384338,-9.653916211293268
002174,002174.SZ,游族网络,互联网,20230814,13.52,60.12283675240547,60.12283675240547,0.0,1.24,5.0201,11302.09,7.713310580204784,bear,BULL_TREND,15.517006030607524,95.22184300341306,100.0,100.0,91.14845414936931,33.33333333333333,0.0,45.177959798740645,0.0,1,1,E_ablate_accel_vr1.2,True,,20230815,13.51,20230817,-4.071058475203548,-6.291635825314579,20230821,-7.401924500370094,-8.364174685418202,20230824,-6.069578090303485,-8.364174685418202
301073,301073.SZ,君亭酒店,酒店餐饮,20230814,37.37,58.95053068341961,58.95053068341961,0.0,3.33,9.4638,2710.7,6.55163790947738,bear,BULL_TREND,86.77610886482687,75.860631824623,27.107,60.0,62.5705636985314,66.66666666666666,0.0,56.65574869689663,0.0,2,2,E_ablate_accel_vr1.2,True,,20230815,36.8,20230817,-4.15760869565216,-7.336956521739124,20230821,-8.940217391304351,-9.239130434782606,20230824,-6.059782608695641,-9.646739130434778
002307,002307.SZ,北新路桥,建筑工程,20230814,5.61,58.26979469253286,58.26979469253286,0.0,3.21,5.9989,9604.22,0.17793594306049443,bear,BULL_TREND,84.12866486737892,1.7793594306049443,96.0422,100.0,89.67754675762052,66.66666666666666,0.0,75.5,0.0,3,3,E_ablate_accel_vr1.2,True,,20230815,5.49,20230817,0.0,-2.732240437158473,20230821,-4.371584699453557,-5.646630236794181,20230824,-8.925318761384338,-9.653916211293268
603667,603667.SH,五洲新春,机械基件,20230815,14.29,68.17224988628453,62.94696794489785,5.22528194138668,3.28,6.1371,922.17,8.514724711907812,bear,BULL_TREND,85.68479074216795,100.0,9.2217,100.0,52.252819413866796,43.333333333333336,0.0,69.04267002395181,0.0,1,1,A_recovered_proxy_vr1.5,True,,20230816,14.34,20230818,4.3933054393305415,-4.881450488145045,20230822,1.4644351464435212,-4.881450488145045,20230825,-4.323570432357037,-4.881450488145045
002471,002471.SZ,中超控股,电气设备,20230815,2.94,61.97595771948041,56.778661139614165,5.197296579866247,2.4,9.9301,5352.2,13.782991202346045,bear,BULL_TREND,63.151720291689685,100.0,53.522,60.0,51.97296579866247,33.33333333333333,0.0,30.000259491469972,0.0,2,2,A_recovered_proxy_vr1.5,True,,20230816,2.92,20230818,1.0273972602739878,-1.0273972602739656,20230822,1.0273972602739878,-2.0547945205479423,20230825,-3.082191780821908,-3.424657534246578
000419,000419.SZ,通程控股,百货,20230815,6.0,60.38611385814005,60.38611385814005,0.0,3.25,7.3091,2740.34,10.714285714285712,bear,BULL_TREND,85.02198590705461,100.0,27.4034,100.0,46.88277245953601,33.33333333333333,0.0,39.114886858258096,0.0,3,3,A_recovered_proxy_vr1.5,True,,20230816,6.0,20230818,-3.833333333333344,-4.0000000000000036,20230822,-4.999999999999993,-6.000000000000005,20230825,-6.333333333333336,-6.499999999999995
603667,603667.SH,五洲新春,机械基件,20230815,14.29,62.94696794489785,62.94696794489785,0.0,3.28,6.1371,922.17,8.514724711907812,bear,BULL_TREND,85.68479074216795,100.0,9.2217,100.0,52.252819413866796,43.333333333333336,0.0,69.04267002395181,0.0,1,1,B_pure_quant_vr1.5,True,,20230816,14.34,20230818,4.3933054393305415,-4.881450488145045,20230822,1.4644351464435212,-4.881450488145045,20230825,-4.323570432357037,-4.881450488145045
000419,000419.SZ,通程控股,百货,20230815,6.0,60.38611385814005,60.38611385814005,0.0,3.25,7.3091,2740.34,10.714285714285712,bear,BULL_TREND,85.02198590705461,100.0,27.4034,100.0,46.88277245953601,33.33333333333333,0.0,39.114886858258096,0.0,2,2,B_pure_quant_vr1.5,True,,20230816,6.0,20230818,-3.833333333333344,-4.0000000000000036,20230822,-4.999999999999993,-6.000000000000005,20230825,-6.333333333333336,-6.499999999999995
002471,002471.SZ,中超控股,电气设备,20230815,2.94,56.778661139614165,56.778661139614165,0.0,2.4,9.9301,5352.2,13.782991202346045,bear,BULL_TREND,63.151720291689685,100.0,53.522,60.0,51.97296579866247,33.33333333333333,0.0,30.000259491469972,0.0,3,3,B_pure_quant_vr1.5,True,,20230816,2.92,20230818,1.0273972602739878,-1.0273972602739656,20230822,1.0273972602739878,-2.0547945205479423,20230825,-3.082191780821908,-3.424657534246578
002471,002471.SZ,中超控股,电气设备,20230815,2.94,63.171342631060156,57.49589208656201,5.675450544498144,2.4,9.9301,5352.2,13.782991202346045,bear,BULL_TREND,63.151720291689685,100.0,53.522,60.0,56.75450544498143,33.33333333333333,0.0,30.000259491469972,0.0,1,1,A_recovered_proxy_vr1.2,True,,20230816,2.92,20230818,1.0273972602739878,-1.0273972602739656,20230822,1.0273972602739878,-2.0547945205479423,20230825,-3.082191780821908,-3.424657534246578
603667,603667.SH,五洲新春,机械基件,20230815,14.29,62.94696794489785,62.94696794489785,0.0,3.28,6.1371,922.17,8.514724711907812,bear,BULL_TREND,85.68479074216795,100.0,9.2217,100.0,52.252819413866796,43.333333333333336,0.0,69.04267002395181,0.0,2,2,A_recovered_proxy_vr1.2,True,,20230816,14.34,20230818,4.3933054393305415,-4.881450488145045,20230822,1.4644351464435212,-4.881450488145045,20230825,-4.323570432357037,-4.881450488145045
000419,000419.SZ,通程控股,百货,20230815,6.0,60.38611385814005,60.38611385814005,0.0,3.25,7.3091,2740.34,10.714285714285712,bear,BULL_TREND,85.02198590705461,100.0,27.4034,100.0,46.88277245953601,33.33333333333333,0.0,39.114886858258096,0.0,3,3,A_recovered_proxy_vr1.2,True,,20230816,6.0,20230818,-3.833333333333344,-4.0000000000000036,20230822,-4.999999999999993,-6.000000000000005,20230825,-6.333333333333336,-6.499999999999995
603667,603667.SH,五洲新春,机械基件,20230815,14.29,62.94696794489785,62.94696794489785,0.0,3.28,6.1371,922.17,8.514724711907812,bear,BULL_TREND,85.68479074216795,100.0,9.2217,100.0,52.252819413866796,43.333333333333336,0.0,69.04267002395181,0.0,1,1,D_pure_quant_vr1.2,True,,20230816,14.34,20230818,4.3933054393305415,-4.881450488145045,20230822,1.4644351464435212,-4.881450488145045,20230825,-4.323570432357037,-4.881450488145045
000419,000419.SZ,通程控股,百货,20230815,6.0,60.38611385814005,60.38611385814005,0.0,3.25,7.3091,2740.34,10.714285714285712,bear,BULL_TREND,85.02198590705461,100.0,27.4034,100.0,46.88277245953601,33.33333333333333,0.0,39.114886858258096,0.0,2,2,D_pure_quant_vr1.2,True,,20230816,6.0,20230818,-3.833333333333344,-4.0000000000000036,20230822,-4.999999999999993,-6.000000000000005,20230825,-6.333333333333336,-6.499999999999995
002471,002471.SZ,中超控股,电气设备,20230815,2.94,57.49589208656201,57.49589208656201,0.0,2.4,9.9301,5352.2,13.782991202346045,bear,BULL_TREND,63.151720291689685,100.0,53.522,60.0,56.75450544498143,33.33333333333333,0.0,30.000259491469972,0.0,3,3,D_pure_quant_vr1.2,True,,20230816,2.92,20230818,1.0273972602739878,-1.0273972602739656,20230822,1.0273972602739878,-2.0547945205479423,20230825,-3.082191780821908,-3.424657534246578
603667,603667.SH,五洲新春,机械基件,20230815,14.29,55.10904503281783,55.10904503281783,0.0,3.28,6.1371,922.17,8.514724711907812,bear,BULL_TREND,85.68479074216795,100.0,9.2217,100.0,52.252819413866796,43.333333333333336,0.0,69.04267002395181,0.0,1,1,E_ablate_sector_vr1.2,True,,20230816,14.34,20230818,4.3933054393305415,-4.881450488145045,20230822,1.4644351464435212,-4.881450488145045,20230825,-4.323570432357037,-4.881450488145045
000419,000419.SZ,通程控股,百货,20230815,6.0,53.35369798920965,53.35369798920965,0.0,3.25,7.3091,2740.34,10.714285714285712,bear,BULL_TREND,85.02198590705461,100.0,27.4034,100.0,46.88277245953601,33.33333333333333,0.0,39.114886858258096,0.0,2,2,E_ablate_sector_vr1.2,True,,20230816,6.0,20230818,-3.833333333333344,-4.0000000000000036,20230822,-4.999999999999993,-6.000000000000005,20230825,-6.333333333333336,-6.499999999999995
002471,002471.SZ,中超控股,电气设备,20230815,2.94,48.982716269814794,48.982716269814794,0.0,2.4,9.9301,5352.2,13.782991202346045,bear,BULL_TREND,63.151720291689685,100.0,53.522,60.0,56.75450544498143,33.33333333333333,0.0,30.000259491469972,0.0,3,3,E_ablate_sector_vr1.2,True,,20230816,2.92,20230818,1.0273972602739878,-1.0273972602739656,20230822,1.0273972602739878,-2.0547945205479423,20230825,-3.082191780821908,-3.424657534246578
603667,603667.SH,五洲新春,机械基件,20230815,14.29,61.84036394489785,61.84036394489785,0.0,3.28,6.1371,922.17,8.514724711907812,bear,BULL_TREND,85.68479074216795,100.0,9.2217,100.0,52.252819413866796,43.333333333333336,0.0,69.04267002395181,0.0,1,1,E_ablate_inflow_vr1.2,True,,20230816,14.34,20230818,4.3933054393305415,-4.881450488145045,20230822,1.4644351464435212,-4.881450488145045,20230825,-4.323570432357037,-4.881450488145045
000419,000419.SZ,通程控股,百货,20230815,6.0,57.09770585814005,57.09770585814005,0.0,3.25,7.3091,2740.34,10.714285714285712,bear,BULL_TREND,85.02198590705461,100.0,27.4034,100.0,46.88277245953601,33.33333333333333,0.0,39.114886858258096,0.0,2,2,E_ablate_inflow_vr1.2,True,,20230816,6.0,20230818,-3.833333333333344,-4.0000000000000036,20230822,-4.999999999999993,-6.000000000000005,20230825,-6.333333333333336,-6.499999999999995
603496,603496.SH,恒为科技,IT设备,20230815,19.92,51.25692957860678,51.25692957860678,0.0,2.24,7.4425,1610.68,8.075680664513152,bear,BULL_TREND,58.17493661414398,100.0,16.1068,100.0,49.089232329958776,43.333333333333336,0.0,35.236600061121834,0.0,3,3,E_ablate_inflow_vr1.2,True,,20230816,20.03,20230818,-6.5401897154268696,-6.640039940089871,20230822,0.8986520219670391,-7.4887668497254145,20230825,-2.0968547179231245,-7.4887668497254145
000419,000419.SZ,通程控股,百货,20230815,6.0,55.69232743514908,55.69232743514908,0.0,3.25,7.3091,2740.34,10.714285714285712,bear,BULL_TREND,85.02198590705461,100.0,27.4034,100.0,46.88277245953601,33.33333333333333,0.0,39.114886858258096,0.0,1,1,E_ablate_wyckoff_vr1.2,True,,20230816,6.0,20230818,-3.833333333333344,-4.0000000000000036,20230822,-4.999999999999993,-6.000000000000005,20230825,-6.333333333333336,-6.499999999999995
603667,603667.SH,五洲新春,机械基件,20230815,14.29,54.66184754202364,54.66184754202364,0.0,3.28,6.1371,922.17,8.514724711907812,bear,BULL_TREND,85.68479074216795,100.0,9.2217,100.0,52.252819413866796,43.333333333333336,0.0,69.04267002395181,0.0,2,2,E_ablate_wyckoff_vr1.2,True,,20230816,14.34,20230818,4.3933054393305415,-4.881450488145045,20230822,1.4644351464435212,-4.881450488145045,20230825,-4.323570432357037,-4.881450488145045
002471,002471.SZ,中超控股,电气设备,20230815,2.94,53.89586094758561,53.89586094758561,0.0,2.4,9.9301,5352.2,13.782991202346045,bear,BULL_TREND,63.151720291689685,100.0,53.522,60.0,56.75450544498143,33.33333333333333,0.0,30.000259491469972,0.0,3,3,E_ablate_wyckoff_vr1.2,True,,20230816,2.92,20230818,1.0273972602739878,-1.0273972602739656,20230822,1.0273972602739878,-2.0547945205479423,20230825,-3.082191780821908,-3.424657534246578
603667,603667.SH,五洲新春,机械基件,20230815,14.29,62.94696794489785,62.94696794489785,0.0,3.28,6.1371,922.17,8.514724711907812,bear,BULL_TREND,85.68479074216795,100.0,9.2217,100.0,52.252819413866796,43.333333333333336,0.0,69.04267002395181,0.0,1,1,E_ablate_accel_vr1.2,True,,20230816,14.34,20230818,4.3933054393305415,-4.881450488145045,20230822,1.4644351464435212,-4.881450488145045,20230825,-4.323570432357037,-4.881450488145045
000419,000419.SZ,通程控股,百货,20230815,6.0,60.38611385814005,60.38611385814005,0.0,3.25,7.3091,2740.34,10.714285714285712,bear,BULL_TREND,85.02198590705461,100.0,27.4034,100.0,46.88277245953601,33.33333333333333,0.0,39.114886858258096,0.0,2,2,E_ablate_accel_vr1.2,True,,20230816,6.0,20230818,-3.833333333333344,-4.0000000000000036,20230822,-4.999999999999993,-6.000000000000005,20230825,-6.333333333333336,-6.499999999999995
002471,002471.SZ,中超控股,电气设备,20230815,2.94,57.49589208656201,57.49589208656201,0.0,2.4,9.9301,5352.2,13.782991202346045,bear,BULL_TREND,63.151720291689685,100.0,53.522,60.0,56.75450544498143,33.33333333333333,0.0,30.000259491469972,0.0,3,3,E_ablate_accel_vr1.2,True,,20230816,2.92,20230818,1.0273972602739878,-1.0273972602739656,20230822,1.0273972602739878,-2.0547945205479423,20230825,-3.082191780821908,-3.424657534246578
600909,600909.SH,华安证券,证券,20230816,5.64,79.87376271266159,71.24680686813795,8.626955844523636,3.92,6.7189,27017.12,6.467661691542298,bear,BULL_TREND,98.54268271702418,74.46102819237163,100.0,65.0,86.26955844523636,43.333333333333336,0.0,39.82408362182298,0.0,1,1,A_recovered_proxy_vr1.5,True,,20230817,5.61,20230821,-6.595365418894827,-7.13012477718361,20230823,-8.377896613190739,-8.734402852049916,20230828,-4.278074866310167,-8.734402852049916
002043,002043.SZ,兔宝宝,其他建材,20230816,11.07,67.40830382121456,61.7882047063283,5.620099114886262,2.06,6.4637,10337.02,13.583138173302109,bear,BULL_TREND,52.132216870424685,100.0,100.0,100.0,56.20099114886261,66.66666666666666,0.0,21.296958243101237,0.0,2,2,A_recovered_proxy_vr1.5,True,,20230817,10.9,20230821,-4.31192660550459,-4.587155963302747,20230823,-11.743119266055057,-12.110091743119266,20230828,-6.972477064220184,-13.394495412844043
601108,601108.SH,财通证券,证券,20230816,8.75,65.37405059082636,56.74709474630272,8.626955844523636,2.21,3.5594,13810.84,5.812701829924642,bear,BULL_TREND,57.202318480835345,63.545030498744026,100.0,40.0,86.26955844523636,53.333333333333336,0.0,21.463146144526156,0.0,3,3,A_recovered_proxy_vr1.5,True,,20230817,8.66,20230821,-4.965357967667439,-5.0808314087759765,20230823,-5.773672055427248,-5.773672055427248,20230828,-2.5404157043879994,-6.120092378752884
600909,600909.SH,华安证券,证券,20230816,5.64,71.24680686813795,71.24680686813795,0.0,3.92,6.7189,27017.12,6.467661691542298,bear,BULL_TREND,98.54268271702418,74.46102819237163,100.0,65.0,86.26955844523636,43.333333333333336,0.0,39.82408362182298,0.0,1,1,B_pure_quant_vr1.5,True,,20230817,5.61,20230821,-6.595365418894827,-7.13012477718361,20230823,-8.377896613190739,-8.734402852049916,20230828,-4.278074866310167,-8.734402852049916
002125,002125.SZ,湘潭电化,化工原料,20230816,12.2,62.17506881540888,62.17506881540888,0.0,3.59,3.5497,3964.52,6.298003072196623,bear,BULL_TREND,92.19919220241633,71.6333845366104,39.6452,80.0,42.36125032422942,33.33333333333333,0.0,92.94686431268269,0.0,2,2,B_pure_quant_vr1.5,True,,20230817,12.17,20230821,-7.723911257189808,-7.806080525883319,20230823,-12.900575184880857,-13.147082990961378,20230828,-12.900575184880857,-15.529991783073138
002043,002043.SZ,兔宝宝,其他建材,20230816,11.07,61.7882047063283,61.7882047063283,0.0,2.06,6.4637,10337.02,13.583138173302109,bear,BULL_TREND,52.132216870424685,100.0,100.0,100.0,56.20099114886261,66.66666666666666,0.0,21.296958243101237,0.0,3,3,B_pure_quant_vr1.5,True,,20230817,10.9,20230821,-4.31192660550459,-4.587155963302747,20230823,-11.743119266055057,-12.110091743119266,20230828,-6.972477064220184,-13.394495412844043
600909,600909.SH,华安证券,证券,20230816,5.64,78.13887257035398,70.20587278275339,7.932999787600595,3.92,6.7189,27017.12,6.467661691542298,bear,BULL_TREND,98.54268271702418,74.46102819237163,100.0,65.0,79.32999787600595,43.333333333333336,0.0,39.82408362182298,0.0,1,1,A_recovered_proxy_vr1.2,True,,20230817,5.61,20230821,-6.595365418894827,-7.13012477718361,20230823,-8.377896613190739,-8.734402852049916,20230828,-4.278074866310167,-8.734402852049916
002043,002043.SZ,兔宝宝,其他建材,20230816,11.07,66.72516974359965,61.37832425975935,5.346845483840294,2.06,6.4637,10337.02,13.583138173302109,bear,BULL_TREND,52.132216870424685,100.0,100.0,100.0,53.468454838402934,66.66666666666666,0.0,21.296958243101237,0.0,2,2,A_recovered_proxy_vr1.2,True,,20230817,10.9,20230821,-4.31192660550459,-4.587155963302747,20230823,-11.743119266055057,-12.110091743119266,20230828,-6.972477064220184,-13.394495412844043
601162,601162.SH,天风证券,证券,20230816,3.83,63.78618979111192,55.85319000351133,7.932999787600595,1.41,8.5036,42407.64,10.514018691588788,bear,BULL_TREND,24.78475813120344,100.0,100.0,80.0,79.32999787600595,20.0,0.0,7.508696110380692,0.0,3,3,A_recovered_proxy_vr1.2,True,,20230817,3.78,20230821,-3.9682539682539653,-4.232804232804222,20230823,-7.671957671957664,-8.201058201058187,20230828,0.0,-8.201058201058187
600909,600909.SH,华安证券,证券,20230816,5.64,70.20587278275339,70.20587278275339,0.0,3.92,6.7189,27017.12,6.467661691542298,bear,BULL_TREND,98.54268271702418,74.46102819237163,100.0,65.0,79.32999787600595,43.333333333333336,0.0,39.82408362182298,0.0,1,1,D_pure_quant_vr1.2,True,,20230817,5.61,20230821,-6.595365418894827,-7.13012477718361,20230823,-8.377896613190739,-8.734402852049916,20230828,-4.278074866310167,-8.734402852049916
002125,002125.SZ,湘潭电化,化工原料,20230816,12.2,61.93562130110329,61.93562130110329,0.0,3.59,3.5497,3964.52,6.298003072196623,bear,BULL_TREND,92.19919220241633,71.6333845366104,39.6452,80.0,40.76493356219214,33.33333333333333,0.0,92.94686431268269,0.0,2,2,D_pure_quant_vr1.2,True,,20230817,12.17,20230821,-7.723911257189808,-7.806080525883319,20230823,-12.900575184880857,-13.147082990961378,20230828,-12.900575184880857,-15.529991783073138
002043,002043.SZ,兔宝宝,其他建材,20230816,11.07,61.37832425975935,61.37832425975935,0.0,2.06,6.4637,10337.02,13.583138173302109,bear,BULL_TREND,52.132216870424685,100.0,100.0,100.0,53.468454838402934,66.66666666666666,0.0,21.296958243101237,0.0,3,3,D_pure_quant_vr1.2,True,,20230817,10.9,20230821,-4.31192660550459,-4.587155963302747,20230823,-11.743119266055057,-12.110091743119266,20230828,-6.972477064220184,-13.394495412844043
600909,600909.SH,华安证券,证券,20230816,5.64,58.306373101352506,58.306373101352506,0.0,3.92,6.7189,27017.12,6.467661691542298,bear,BULL_TREND,98.54268271702418,74.46102819237163,100.0,65.0,79.32999787600595,43.333333333333336,0.0,39.82408362182298,0.0,1,1,E_ablate_sector_vr1.2,True,,20230817,5.61,20230821,-6.595365418894827,-7.13012477718361,20230823,-8.377896613190739,-8.734402852049916,20230828,-4.278074866310167,-8.734402852049916
002125,002125.SZ,湘潭电化,化工原料,20230816,12.2,55.820881266774464,55.820881266774464,0.0,3.59,3.5497,3964.52,6.298003072196623,bear,BULL_TREND,92.19919220241633,71.6333845366104,39.6452,80.0,40.76493356219214,33.33333333333333,0.0,92.94686431268269,0.0,2,2,E_ablate_sector_vr1.2,True,,20230817,12.17,20230821,-7.723911257189808,-7.806080525883319,20230823,-12.900575184880857,-13.147082990961378,20230828,-12.900575184880857,-15.529991783073138
002043,002043.SZ,兔宝宝,其他建材,20230816,11.07,53.35805603399891,53.35805603399891,0.0,2.06,6.4637,10337.02,13.583138173302109,bear,BULL_TREND,52.132216870424685,100.0,100.0,100.0,53.468454838402934,66.66666666666666,0.0,21.296958243101237,0.0,3,3,E_ablate_sector_vr1.2,True,,20230817,10.9,20230821,-4.31192660550459,-4.587155963302747,20230823,-11.743119266055057,-12.110091743119266,20230828,-6.972477064220184,-13.394495412844043
600909,600909.SH,华安证券,证券,20230816,5.64,58.205872782753396,58.205872782753396,0.0,3.92,6.7189,27017.12,6.467661691542298,bear,BULL_TREND,98.54268271702418,74.46102819237163,100.0,65.0,79.32999787600595,43.333333333333336,0.0,39.82408362182298,0.0,1,1,E_ablate_inflow_vr1.2,True,,20230817,5.61,20230821,-6.595365418894827,-7.13012477718361,20230823,-8.377896613190739,-8.734402852049916,20230828,-4.278074866310167,-8.734402852049916
002125,002125.SZ,湘潭电化,化工原料,20230816,12.2,57.17819730110329,57.17819730110329,0.0,3.59,3.5497,3964.52,6.298003072196623,bear,BULL_TREND,92.19919220241633,71.6333845366104,39.6452,80.0,40.76493356219214,33.33333333333333,0.0,92.94686431268269,0.0,2,2,E_ablate_inflow_vr1.2,True,,20230817,12.17,20230821,-7.723911257189808,-7.806080525883319,20230823,-12.900575184880857,-13.147082990961378,20230828,-12.900575184880857,-15.529991783073138
002043,002043.SZ,兔宝宝,其他建材,20230816,11.07,49.37832425975935,49.37832425975935,0.0,2.06,6.4637,10337.02,13.583138173302109,bear,BULL_TREND,52.132216870424685,100.0,100.0,100.0,53.468454838402934,66.66666666666666,0.0,21.296958243101237,0.0,3,3,E_ablate_inflow_vr1.2,True,,20230817,10.9,20230821,-4.31192660550459,-4.587155963302747,20230823,-11.743119266055057,-12.110091743119266,20230828,-6.972477064220184,-13.394495412844043
600909,600909.SH,华安证券,证券,20230816,5.64,65.42698274813463,65.42698274813463,0.0,3.92,6.7189,27017.12,6.467661691542298,bear,BULL_TREND,98.54268271702418,74.46102819237163,100.0,65.0,79.32999787600595,43.333333333333336,0.0,39.82408362182298,0.0,1,1,E_ablate_wyckoff_vr1.2,True,,20230817,5.61,20230821,-6.595365418894827,-7.13012477718361,20230823,-8.377896613190739,-8.734402852049916,20230828,-4.278074866310167,-8.734402852049916
002043,002043.SZ,兔宝宝,其他建材,20230816,11.07,58.822689270587205,58.822689270587205,0.0,2.06,6.4637,10337.02,13.583138173302109,bear,BULL_TREND,52.132216870424685,100.0,100.0,100.0,53.468454838402934,66.66666666666666,0.0,21.296958243101237,0.0,2,2,E_ablate_wyckoff_vr1.2,True,,20230817,10.9,20230821,-4.31192660550459,-4.587155963302747,20230823,-11.743119266055057,-12.110091743119266,20230828,-6.972477064220184,-13.394495412844043
601162,601162.SH,天风证券,证券,20230816,3.83,54.952146470265646,54.952146470265646,0.0,1.41,8.5036,42407.64,10.514018691588788,bear,BULL_TREND,24.78475813120344,100.0,100.0,80.0,79.32999787600595,20.0,0.0,7.508696110380692,0.0,3,3,E_ablate_wyckoff_vr1.2,True,,20230817,3.78,20230821,-3.9682539682539653,-4.232804232804222,20230823,-7.671957671957664,-8.201058201058187,20230828,0.0,-8.201058201058187
600909,600909.SH,华安证券,证券,20230816,5.64,70.20587278275339,70.20587278275339,0.0,3.92,6.7189,27017.12,6.467661691542298,bear,BULL_TREND,98.54268271702418,74.46102819237163,100.0,65.0,79.32999787600595,43.333333333333336,0.0,39.82408362182298,0.0,1,1,E_ablate_accel_vr1.2,True,,20230817,5.61,20230821,-6.595365418894827,-7.13012477718361,20230823,-8.377896613190739,-8.734402852049916,20230828,-4.278074866310167,-8.734402852049916
002125,002125.SZ,湘潭电化,化工原料,20230816,12.2,61.93562130110329,61.93562130110329,0.0,3.59,3.5497,3964.52,6.298003072196623,bear,BULL_TREND,92.19919220241633,71.6333845366104,39.6452,80.0,40.76493356219214,33.33333333333333,0.0,92.94686431268269,0.0,2,2,E_ablate_accel_vr1.2,True,,20230817,12.17,20230821,-7.723911257189808,-7.806080525883319,20230823,-12.900575184880857,-13.147082990961378,20230828,-12.900575184880857,-15.529991783073138
002043,002043.SZ,兔宝宝,其他建材,20230816,11.07,61.37832425975935,61.37832425975935,0.0,2.06,6.4637,10337.02,13.583138173302109,bear,BULL_TREND,52.132216870424685,100.0,100.0,100.0,53.468454838402934,66.66666666666666,0.0,21.296958243101237,0.0,3,3,E_ablate_accel_vr1.2,True,,20230817,10.9,20230821,-4.31192660550459,-4.587155963302747,20230823,-11.743119266055057,-12.110091743119266,20230828,-6.972477064220184,-13.394495412844043
002560,002560.SZ,通达股份,电气设备,20230817,8.21,75.20527623807276,66.09317623807276,9.1121,2.25,7.0067,7579.22,6.916099773242623,bear,BEAR_BOUNCE,58.49625007211562,81.93499622071039,75.79220000000001,100.0,91.121,66.66666666666666,0.0,59.18128933598089,0.0,1,1,A_recovered_proxy_vr1.5,True,,20230818,8.22,20230822,-1.9464720194647178,-4.379562043795627,20230824,-4.1362530413625365,-5.3527980535279855,20230829,-0.7299270072992803,-8.272506082725073
000008,000008.SZ,神州高铁,运输设备,20230818,2.53,86.83743400225474,78.02245834243318,8.814975659821554,8.6,5.9223,10764.61,5.2434456928839,bear,BEAR_BOUNCE,100.0,54.057428214731665,100.0,100.0,88.14975659821553,66.66666666666666,100.0,88.11689426772132,0.0,1,1,A_recovered_proxy_vr1.5,True,,20230821,2.53,20230823,-6.324110671936745,-6.719367588932801,20230825,-8.300395256916993,-9.881422924901184,20230830,-6.719367588932801,-9.881422924901184
000008,000008.SZ,神州高铁,运输设备,20230818,2.53,78.02245834243318,78.02245834243318,0.0,8.6,5.9223,10764.61,5.2434456928839,bear,BEAR_BOUNCE,100.0,54.057428214731665,100.0,100.0,88.14975659821553,66.66666666666666,100.0,88.11689426772132,0.0,1,1,B_pure_quant_vr1.5,True,,20230821,2.53,20230823,-6.324110671936745,-6.719367588932801,20230825,-8.300395256916993,-9.881422924901184,20230830,-6.719367588932801,-9.881422924901184
000008,000008.SZ,神州高铁,运输设备,20230818,2.53,86.83743400225474,78.02245834243318,8.814975659821554,8.6,5.9223,10764.61,5.2434456928839,bear,BEAR_BOUNCE,100.0,54.057428214731665,100.0,100.0,88.14975659821553,66.66666666666666,100.0,88.11689426772132,0.0,1,1,A_recovered_proxy_vr1.2,True,,20230821,2.53,20230823,-6.324110671936745,-6.719367588932801,20230825,-8.300395256916993,-9.881422924901184,20230830,-6.719367588932801,-9.881422924901184
000008,000008.SZ,神州高铁,运输设备,20230818,2.53,78.02245834243318,78.02245834243318,0.0,8.6,5.9223,10764.61,5.2434456928839,bear,BEAR_BOUNCE,100.0,54.057428214731665,100.0,100.0,88.14975659821553,66.66666666666666,100.0,88.11689426772132,0.0,1,1,D_pure_quant_vr1.2,True,,20230821,2.53,20230823,-6.324110671936745,-6.719367588932801,20230825,-8.300395256916993,-9.881422924901184,20230830,-6.719367588932801,-9.881422924901184
000008,000008.SZ,神州高铁,运输设备,20230818,2.53,78.02245834243318,78.02245834243318,0.0,8.6,5.9223,10764.61,5.2434456928839,bear,BEAR_BOUNCE,100.0,54.057428214731665,100.0,100.0,88.14975659821553,66.66666666666666,100.0,88.11689426772132,0.0,1,1,E_ablate_accel_vr1.2,True,,20230821,2.53,20230823,-6.324110671936745,-6.719367588932801,20230825,-8.300395256916993,-9.881422924901184,20230830,-6.719367588932801,-9.881422924901184
002119,002119.SZ,康强电子,半导体,20230906,13.1,62.57761914675692,55.44148333823388,7.1361358085230435,1.47,6.4271,6683.38,6.562054208273895,weak_momentum,BULL_PULLBACK,27.790807753081985,100.0,66.8338,80.0,71.36135808523044,33.33333333333333,0.0,72.47938530546902,0.0,1,1,A_recovered_proxy_vr1.2,True,,20230907,12.95,20230911,-0.46332046332044907,-1.698841698841691,20230913,-2.5482625482625476,-3.552123552123543,20230918,-3.7837837837837673,-4.633204633204635
000048,000048.SZ,京基智农,农业综合,20230907,20.38,72.61121455212513,64.59934722277784,8.011867329347295,6.05,3.6799,4041.16,3.9585296889726664,sideways,BULL_PULLBACK,100.0,39.58529688972666,40.4116,80.0,80.11867329347294,33.33333333333333,100.0,84.63935205291973,0.0,1,1,A_recovered_proxy_vr1.5,True,,20230908,20.38,20230912,5.888125613346418,-1.9627085377821318,20230914,4.317958783120712,-1.9627085377821318,20230919,8.29244357212955,-1.9627085377821318
002670,002670.SZ,国盛证券,证券,20230907,10.27,68.63595790303617,59.286350112936084,9.34960779010008,1.59,5.3505,11122.23,17.971246006389777,sideways,BULL_PULLBACK,33.45133827548153,70.28753993610223,100.0,100.0,93.4960779010008,53.333333333333336,92.42000000000002,21.66765462142393,0.0,2,2,A_recovered_proxy_vr1.5,True,,20230908,10.12,20230912,-2.2727272727272596,-2.371541501976271,20230914,-6.818181818181812,-7.114624505928846,20230919,-4.841897233201564,-7.608695652173914
000048,000048.SZ,京基智农,农业综合,20230907,20.38,64.59934722277784,64.59934722277784,0.0,6.05,3.6799,4041.16,3.9585296889726664,sideways,BULL_PULLBACK,100.0,39.58529688972666,40.4116,80.0,80.11867329347294,33.33333333333333,100.0,84.63935205291973,0.0,1,1,B_pure_quant_vr1.5,True,,20230908,20.38,20230912,5.888125613346418,-1.9627085377821318,20230914,4.317958783120712,-1.9627085377821318,20230919,8.29244357212955,-1.9627085377821318
000048,000048.SZ,京基智农,农业综合,20230907,20.38,71.26063733692013,63.78900089365484,7.4716364432652895,6.05,3.6799,4041.16,3.9585296889726664,sideways,BULL_PULLBACK,100.0,39.58529688972666,40.4116,80.0,74.7163644326529,33.33333333333333,100.0,84.63935205291973,0.0,1,1,A_recovered_proxy_vr1.2,True,,20230908,20.38,20230912,5.888125613346418,-1.9627085377821318,20230914,4.317958783120712,-1.9627085377821318,20230919,8.29244357212955,-1.9627085377821318
002670,002670.SZ,国盛证券,证券,20230907,10.27,63.38719853286842,56.13709449083544,7.250104042032982,1.59,5.3505,11122.23,17.971246006389777,sideways,BULL_PULLBACK,33.45133827548153,70.28753993610223,100.0,100.0,72.50104042032982,53.333333333333336,92.42000000000002,21.66765462142393,0.0,2,2,A_recovered_proxy_vr1.2,True,,20230908,10.12,20230912,-2.2727272727272596,-2.371541501976271,20230914,-6.818181818181812,-7.114624505928846,20230919,-4.841897233201564,-7.608695652173914
000048,000048.SZ,京基智农,农业综合,20230907,20.38,63.78900089365484,63.78900089365484,0.0,6.05,3.6799,4041.16,3.9585296889726664,sideways,BULL_PULLBACK,100.0,39.58529688972666,40.4116,80.0,74.7163644326529,33.33333333333333,100.0,84.63935205291973,0.0,1,1,D_pure_quant_vr1.2,True,,20230908,20.38,20230912,5.888125613346418,-1.9627085377821318,20230914,4.317958783120712,-1.9627085377821318,20230919,8.29244357212955,-1.9627085377821318
000048,000048.SZ,京基智农,农业综合,20230907,20.38,63.78900089365484,63.78900089365484,0.0,6.05,3.6799,4041.16,3.9585296889726664,sideways,BULL_PULLBACK,100.0,39.58529688972666,40.4116,80.0,74.7163644326529,33.33333333333333,100.0,84.63935205291973,0.0,1,1,E_ablate_accel_vr1.2,True,,20230908,20.38,20230912,5.888125613346418,-1.9627085377821318,20230914,4.317958783120712,-1.9627085377821318,20230919,8.29244357212955,-1.9627085377821318
