code,ts_code,name,industry,select_date,close,score,score_base,news_proxy_boost,volume_ratio,turnover,main_net_inflow,drawdown_from_high,market_style,regime,factor_volume_ratio,factor_drawdown,factor_inflow,factor_turnover,factor_sector,factor_pattern,factor_counter_trend,factor_wyckoff,factor_accel,pre_threshold_rank,candidate_rank,variant,selected,failure_reason,buy_date,buy_price,exit_date_3d,return_3d,mae_3d,exit_date_5d,return_5d,mae_5d,exit_date_8d,return_8d,mae_8d
000977,000977.SZ,浪潮信息,IT设备,20260407,59.47,80.15401199621833,70.48059283680901,9.673419159409315,1.93,4.0623,66743.25,8.28192473781617,sideways,BEAR_BOUNCE_OVERRIDE,47.430042374667785,100.0,100.0,80.0,96.73419159409315,63.33333333333333,0.0,58.90990090501215,0.0,1,1,A_recovered_proxy_vr1.5,True,,20260408,60.66,20260410,11.275964391691407,-1.3188262446422683,20260414,12.08374546653479,-1.3188262446422683,20260417,12.47939333992747,-1.3188262446422683
301511,301511.SZ,德福科技,电气设备,20260408,41.19,72.26138246800451,63.166468993876876,9.094913474127637,1.41,9.7095,15155.82,3.082352941176476,momentum,BULL_PULLBACK_OVERRIDE,24.78475813120344,99.50588235294114,100.0,100.0,90.94913474127637,33.33333333333333,0.0,46.416734239803084,0.0,1,1,A_recovered_proxy_vr1.2,True,,20260409,40.85,20260413,11.138310893512848,-0.6119951040391647,20260415,15.201958384332936,-0.6119951040391647,20260420,29.40024479804162,-0.6119951040391647
000938,000938.SZ,紫光股份,IT设备,20260408,26.46,69.44043305587412,59.90006745497711,9.540365600897013,1.32,4.37,34163.37,4.648648648648646,momentum,BULL_PULLBACK_OVERRIDE,20.02689647918644,90.10810810810813,100.0,80.0,95.40365600897013,20.0,0.0,38.044909704943024,0.0,2,2,A_recovered_proxy_vr1.2,True,,20260409,26.16,20260413,7.9510703363914415,-0.4969418960244609,20260415,5.045871559633031,-0.4969418960244609,20260420,8.600917431192666,-0.4969418960244609
603202,603202.SH,天有为,汽车配件,20260408,96.59,67.2633114020171,67.2633114020171,0.0,3.25,7.8291,8023.95,0.08275576704251401,momentum,BULL_PULLBACK_OVERRIDE,85.02198590705461,100.0,80.23949999999999,80.0,74.09097983348136,43.333333333333336,0.0,74.7725088259596,0.0,1,1,D_pure_quant_vr1.2,True,,20260409,96.08,20260413,6.036636136552875,-1.1240632805994966,20260415,3.0391340549541956,-1.1240632805994966,20260420,-0.7493755203996644,-1.1240632805994966
603202,603202.SH,天有为,汽车配件,20260408,96.59,67.2633114020171,67.2633114020171,0.0,3.25,7.8291,8023.95,0.08275576704251401,momentum,BULL_PULLBACK_OVERRIDE,85.02198590705461,100.0,80.23949999999999,80.0,74.09097983348136,43.333333333333336,0.0,74.7725088259596,0.0,1,1,E_ablate_accel_vr1.2,True,,20260409,96.08,20260413,6.036636136552875,-1.1240632805994966,20260415,3.0391340549541956,-1.1240632805994966,20260420,-0.7493755203996644,-1.1240632805994966
603936,603936.SH,博敏电子,元器件,20260422,16.51,65.91707729628799,57.7340387044561,8.183038591831888,1.65,10.8718,8557.29,1.13772455089819,momentum,BULL_PULLBACK,36.12330122355455,100.0,85.5729,80.0,81.83038591831888,33.33333333333333,0.0,31.682196705924714,0.0,1,1,A_recovered_proxy_vr1.5,True,,20260423,16.48,20260427,-3.398058252427183,-5.64320388349514,20260429,-4.126213592233007,-9.40533980582524,20260507,9.1626213592233,-9.40533980582524
603936,603936.SH,博敏电子,元器件,20260422,16.51,65.69584010312232,57.58654724234566,8.109292860776668,1.65,10.8718,8557.29,1.13772455089819,momentum,BULL_PULLBACK,36.12330122355455,100.0,85.5729,80.0,81.09292860776667,33.33333333333333,0.0,31.682196705924714,0.0,1,1,A_recovered_proxy_vr1.2,True,,20260423,16.48,20260427,-3.398058252427183,-5.64320388349514,20260429,-4.126213592233007,-9.40533980582524,20260507,9.1626213592233,-9.40533980582524
002222,002222.SZ,福晶科技,元器件,20260422,98.34,62.88316157469398,54.77386871391731,8.109292860776668,1.29,7.7503,37901.47,2.246520874751482,momentum,BULL_PULLBACK,18.368553282426472,100.0,100.0,65.0,81.09292860776667,30.0,0.0,10.5,0.0,2,2,A_recovered_proxy_vr1.2,True,,20260423,97.89,20260427,-10.195116968025342,-10.716109919297168,20260429,-11.134947389927474,-13.16784145469404,20260507,0.520992951271837,-13.16784145469404
301042,301042.SZ,安联锐视,IT设备,20260423,98.3,72.4551388085229,65.23180199337536,7.223336815147554,2.64,6.0546,11083.2,2.663630062382412,momentum,BULL_PULLBACK,70.02689647918643,100.0,100.0,40.0,72.23336815147553,0.0,0.0,82.81093891202278,0.0,1,1,A_recovered_proxy_vr1.5,True,,20260424,98.22,20260428,7.483200977397675,-1.9547953573610277,20260430,10.242313174506211,-1.9547953573610277,20260508,6.780696395846064,-1.9547953573610277
000938,000938.SZ,紫光股份,IT设备,20260423,31.2,68.06210836021131,60.838771545063764,7.223336815147554,1.98,11.177,118927.13,1.917635963533478,momentum,BULL_PULLBACK,49.27502151524424,100.0,100.0,80.0,72.23336815147553,10.0,0.0,45.00844687482022,0.0,2,2,A_recovered_proxy_vr1.5,True,,20260424,30.88,20260428,2.26683937823835,-1.5220207253885953,20260430,3.5945595854922185,-1.5220207253885953,20260508,7.415803108808294,-1.5220207253885953
301042,301042.SZ,安联锐视,IT设备,20260423,98.3,65.23180199337536,65.23180199337536,0.0,2.64,6.0546,11083.2,2.663630062382412,momentum,BULL_PULLBACK,70.02689647918643,100.0,100.0,40.0,72.23336815147553,0.0,0.0,82.81093891202278,0.0,1,1,B_pure_quant_vr1.5,True,,20260424,98.22,20260428,7.483200977397675,-1.9547953573610277,20260430,10.242313174506211,-1.9547953573610277,20260508,6.780696395846064,-1.9547953573610277
000938,000938.SZ,紫光股份,IT设备,20260423,31.2,60.838771545063764,60.838771545063764,0.0,1.98,11.177,118927.13,1.917635963533478,momentum,BULL_PULLBACK,49.27502151524424,100.0,100.0,80.0,72.23336815147553,10.0,0.0,45.00844687482022,0.0,2,2,B_pure_quant_vr1.5,True,,20260424,30.88,20260428,2.26683937823835,-1.5220207253885953,20260430,3.5945595854922185,-1.5220207253885953,20260508,7.415803108808294,-1.5220207253885953
301042,301042.SZ,安联锐视,IT设备,20260423,98.3,71.45233257892504,64.56326450697678,6.889068071948265,2.64,6.0546,11083.2,2.663630062382412,momentum,BULL_PULLBACK,70.02689647918643,100.0,100.0,40.0,68.89068071948265,0.0,0.0,82.81093891202278,0.0,1,1,A_recovered_proxy_vr1.2,True,,20260424,98.22,20260428,7.483200977397675,-1.9547953573610277,20260430,10.242313174506211,-1.9547953573610277,20260508,6.780696395846064,-1.9547953573610277
000938,000938.SZ,紫光股份,IT设备,20260423,31.2,67.05930213061345,60.17023405866519,6.889068071948265,1.98,11.177,118927.13,1.917635963533478,momentum,BULL_PULLBACK,49.27502151524424,100.0,100.0,80.0,68.89068071948265,10.0,0.0,45.00844687482022,0.0,2,2,A_recovered_proxy_vr1.2,True,,20260424,30.88,20260428,2.26683937823835,-1.5220207253885953,20260430,3.5945595854922185,-1.5220207253885953,20260508,7.415803108808294,-1.5220207253885953
301042,301042.SZ,安联锐视,IT设备,20260423,98.3,64.56326450697678,64.56326450697678,0.0,2.64,6.0546,11083.2,2.663630062382412,momentum,BULL_PULLBACK,70.02689647918643,100.0,100.0,40.0,68.89068071948265,0.0,0.0,82.81093891202278,0.0,1,1,D_pure_quant_vr1.2,True,,20260424,98.22,20260428,7.483200977397675,-1.9547953573610277,20260430,10.242313174506211,-1.9547953573610277,20260508,6.780696395846064,-1.9547953573610277
000938,000938.SZ,紫光股份,IT设备,20260423,31.2,60.17023405866519,60.17023405866519,0.0,1.98,11.177,118927.13,1.917635963533478,momentum,BULL_PULLBACK,49.27502151524424,100.0,100.0,80.0,68.89068071948265,10.0,0.0,45.00844687482022,0.0,2,2,D_pure_quant_vr1.2,True,,20260424,30.88,20260428,2.26683937823835,-1.5220207253885953,20260430,3.5945595854922185,-1.5220207253885953,20260508,7.415803108808294,-1.5220207253885953
301042,301042.SZ,安联锐视,IT设备,20260423,98.3,64.56326450697678,64.56326450697678,0.0,2.64,6.0546,11083.2,2.663630062382412,momentum,BULL_PULLBACK,70.02689647918643,100.0,100.0,40.0,68.89068071948265,0.0,0.0,82.81093891202278,0.0,1,1,E_ablate_accel_vr1.2,True,,20260424,98.22,20260428,7.483200977397675,-1.9547953573610277,20260430,10.242313174506211,-1.9547953573610277,20260508,6.780696395846064,-1.9547953573610277
000938,000938.SZ,紫光股份,IT设备,20260423,31.2,60.17023405866519,60.17023405866519,0.0,1.98,11.177,118927.13,1.917635963533478,momentum,BULL_PULLBACK,49.27502151524424,100.0,100.0,80.0,68.89068071948265,10.0,0.0,45.00844687482022,0.0,2,2,E_ablate_accel_vr1.2,True,,20260424,30.88,20260428,2.26683937823835,-1.5220207253885953,20260430,3.5945595854922185,-1.5220207253885953,20260508,7.415803108808294,-1.5220207253885953
600120,600120.SH,浙江东方,多元金融,20260424,5.88,60.892556307219095,60.892556307219095,0.0,2.57,3.9209,10522.39,2.325581395348832,weak_momentum,BULL_PULLBACK,68.08841797095766,79.76744186046497,100.0,80.0,34.10355947768655,53.333333333333336,0.0,75.5,0.0,1,1,A_recovered_proxy_vr1.5,True,,20260427,5.83,20260429,-2.401372212692965,-3.6020583190394473,20260506,-3.2590051457976,-4.631217838765012,20260511,-0.857632933104624,-4.631217838765012
600120,600120.SH,浙江东方,多元金融,20260424,5.88,60.892556307219095,60.892556307219095,0.0,2.57,3.9209,10522.39,2.325581395348832,weak_momentum,BULL_PULLBACK,68.08841797095766,79.76744186046497,100.0,80.0,34.10355947768655,53.333333333333336,0.0,75.5,0.0,1,1,B_pure_quant_vr1.5,True,,20260427,5.83,20260429,-2.401372212692965,-3.6020583190394473,20260506,-3.2590051457976,-4.631217838765012,20260511,-0.857632933104624,-4.631217838765012
600691,600691.SH,潞化科技,农药化肥,20260424,3.38,60.19980404739393,54.66167941050622,5.538124636887713,2.41,6.2277,3907.94,11.052631578947366,weak_momentum,BULL_PULLBACK,63.45165732276185,100.0,39.0794,80.0,55.38124636887713,33.33333333333333,0.0,80.90523460062472,0.0,1,1,A_recovered_proxy_vr1.2,True,,20260427,3.28,20260429,3.0487804878048808,-3.3536585365853577,20260506,1.8292682926829285,-3.3536585365853577,20260511,-4.57317073170731,-4.8780487804877986
601890,601890.SH,亚星锚链,船舶,20260428,10.85,58.83164184278708,53.52380503108431,5.3078368117027726,1.72,8.869,7589.6,4.405286343612335,weak_momentum,BULL_TREND,39.12042824636866,100.0,75.896,60.0,53.07836811702772,0.0,0.0,73.551370510499,0.0,1,1,A_recovered_proxy_vr1.5,True,,20260429,10.8,20260506,1.7592592592592604,-1.1111111111111183,20260508,1.4814814814814836,-1.1111111111111183,20260513,-0.18518518518519933,-3.055555555555556
600830,600830.SH,香溢融通,多元金融,20260428,10.01,56.05780644207158,56.05780644207158,0.0,5.91,9.7862,2253.44,4.302103250478021,weak_momentum,BULL_TREND,100.0,100.0,22.5344,60.0,51.811680541446016,10.0,0.0,91.53241573903117,0.0,2,2,A_recovered_proxy_vr1.5,True,,20260429,9.73,20260506,4.624871531346342,-0.20554984583761593,20260508,7.399794450154151,-0.20554984583761593,20260513,5.755395683453224,-0.20554984583761593
301031,301031.SZ,中熔电气,电气设备,20260428,165.41,51.412247229909234,45.54500734777909,5.867239882130142,1.94,9.4743,1927.82,3.4834869879799273,weak_momentum,BULL_TREND,47.802832620620144,100.0,19.2782,80.0,58.672398821301414,20.0,0.0,60.69097754327241,0.0,3,3,A_recovered_proxy_vr1.5,True,,20260429,164.58,20260506,-2.9468951269899235,-4.721108275610653,20260508,-5.930246688540541,-6.622918945193835,20260513,2.8618301130149293,-7.07862437720258
600830,600830.SH,香溢融通,多元金融,20260428,10.01,56.05780644207158,56.05780644207158,0.0,5.91,9.7862,2253.44,4.302103250478021,weak_momentum,BULL_TREND,100.0,100.0,22.5344,60.0,51.811680541446016,10.0,0.0,91.53241573903117,0.0,1,1,B_pure_quant_vr1.5,True,,20260429,9.73,20260506,4.624871531346342,-0.20554984583761593,20260508,7.399794450154151,-0.20554984583761593,20260513,5.755395683453224,-0.20554984583761593
601890,601890.SH,亚星锚链,船舶,20260428,10.85,53.52380503108431,53.52380503108431,0.0,1.72,8.869,7589.6,4.405286343612335,weak_momentum,BULL_TREND,39.12042824636866,100.0,75.896,60.0,53.07836811702772,0.0,0.0,73.551370510499,0.0,2,2,B_pure_quant_vr1.5,True,,20260429,10.8,20260506,1.7592592592592604,-1.1111111111111183,20260508,1.4814814814814836,-1.1111111111111183,20260513,-0.18518518518519933,-3.055555555555556
000652,000652.SZ,泰达股份,批发业,20260428,4.33,50.85791594466928,50.85791594466928,0.0,3.02,3.2667,4871.9,1.1415525114155212,weak_momentum,BULL_TREND,79.72742747751771,44.24657534246563,48.718999999999994,80.0,37.82763405998815,86.66666666666667,0.0,72.08209559742798,0.0,3,3,B_pure_quant_vr1.5,True,,20260429,4.3,20260506,1.1627906976744207,-1.1627906976744096,20260508,2.55813953488373,-1.1627906976744096,20260513,0.6976744186046657,-1.1627906976744096
002685,002685.SZ,华东重机,机床制造,20260428,8.44,57.27559603278434,51.7743277597654,5.501268273018946,1.42,7.6064,9795.92,5.803571428571443,weak_momentum,BULL_TREND,25.294546486497865,100.0,97.9592,100.0,55.012682730189454,33.33333333333333,0.0,22.859471403970893,0.0,1,1,A_recovered_proxy_vr1.2,True,,20260429,8.2,20260506,12.195121951219523,-4.390243902439018,20260508,15.975609756097576,-4.390243902439018,20260513,11.463414634146352,-4.390243902439018
600830,600830.SH,香溢融通,多元金融,20260428,10.01,56.033263118475915,56.033263118475915,0.0,5.91,9.7862,2253.44,4.302103250478021,weak_momentum,BULL_TREND,100.0,100.0,22.5344,60.0,51.64805838414159,10.0,0.0,91.53241573903117,0.0,2,2,A_recovered_proxy_vr1.2,True,,20260429,9.73,20260506,4.624871531346342,-0.20554984583761593,20260508,7.399794450154151,-0.20554984583761593,20260513,5.755395683453224,-0.20554984583761593
301031,301031.SZ,中熔电气,电气设备,20260428,165.41,54.0706393268866,47.14004260596551,6.930596720921088,1.94,9.4743,1927.82,3.4834869879799273,weak_momentum,BULL_TREND,47.802832620620144,100.0,19.2782,80.0,69.30596720921088,20.0,0.0,60.69097754327241,0.0,3,3,A_recovered_proxy_vr1.2,True,,20260429,164.58,20260506,-2.9468951269899235,-4.721108275610653,20260508,-5.930246688540541,-6.622918945193835,20260513,2.8618301130149293,-7.07862437720258
600830,600830.SH,香溢融通,多元金融,20260428,10.01,56.033263118475915,56.033263118475915,0.0,5.91,9.7862,2253.44,4.302103250478021,weak_momentum,BULL_TREND,100.0,100.0,22.5344,60.0,51.64805838414159,10.0,0.0,91.53241573903117,0.0,1,1,D_pure_quant_vr1.2,True,,20260429,9.73,20260506,4.624871531346342,-0.20554984583761593,20260508,7.399794450154151,-0.20554984583761593,20260513,5.755395683453224,-0.20554984583761593
601890,601890.SH,亚星锚链,船舶,20260428,10.85,53.44114296386191,53.44114296386191,0.0,1.72,8.869,7589.6,4.405286343612335,weak_momentum,BULL_TREND,39.12042824636866,100.0,75.896,60.0,52.527287668878365,0.0,0.0,73.551370510499,0.0,2,2,D_pure_quant_vr1.2,True,,20260429,10.8,20260506,1.7592592592592604,-1.1111111111111183,20260508,1.4814814814814836,-1.1111111111111183,20260513,-0.18518518518519933,-3.055555555555556
002685,002685.SZ,华东重机,机床制造,20260428,8.44,51.7743277597654,51.7743277597654,0.0,1.42,7.6064,9795.92,5.803571428571443,weak_momentum,BULL_TREND,25.294546486497865,100.0,97.9592,100.0,55.012682730189454,33.33333333333333,0.0,22.859471403970893,0.0,3,3,D_pure_quant_vr1.2,True,,20260429,8.2,20260506,12.195121951219523,-4.390243902439018,20260508,15.975609756097576,-4.390243902439018,20260513,11.463414634146352,-4.390243902439018
600830,600830.SH,香溢融通,多元金融,20260428,10.01,48.28605436085468,48.28605436085468,0.0,5.91,9.7862,2253.44,4.302103250478021,weak_momentum,BULL_TREND,100.0,100.0,22.5344,60.0,51.64805838414159,10.0,0.0,91.53241573903117,0.0,1,1,E_ablate_sector_vr1.2,True,,20260429,9.73,20260506,4.624871531346342,-0.20554984583761593,20260508,7.399794450154151,-0.20554984583761593,20260513,5.755395683453224,-0.20554984583761593
601890,601890.SH,亚星锚链,船舶,20260428,10.85,45.56204981353015,45.56204981353015,0.0,1.72,8.869,7589.6,4.405286343612335,weak_momentum,BULL_TREND,39.12042824636866,100.0,75.896,60.0,52.527287668878365,0.0,0.0,73.551370510499,0.0,2,2,E_ablate_sector_vr1.2,True,,20260429,10.8,20260506,1.7592592592592604,-1.1111111111111183,20260508,1.4814814814814836,-1.1111111111111183,20260513,-0.18518518518519933,-3.055555555555556
000652,000652.SZ,泰达股份,批发业,20260428,4.33,45.18377083567106,45.18377083567106,0.0,3.02,3.2667,4871.9,1.1415525114155212,weak_momentum,BULL_TREND,79.72742747751771,44.24657534246563,48.718999999999994,80.0,37.47388566279477,86.66666666666667,0.0,72.08209559742798,0.0,3,3,E_ablate_sector_vr1.2,True,,20260429,4.3,20260506,1.1627906976744207,-1.1627906976744096,20260508,2.55813953488373,-1.1627906976744096,20260513,0.6976744186046657,-1.1627906976744096
600830,600830.SH,香溢融通,多元金融,20260428,10.01,52.02359611719094,52.02359611719094,0.0,5.91,9.7862,2253.44,4.302103250478021,weak_momentum,BULL_TREND,100.0,100.0,22.5344,60.0,51.95822504224178,10.0,0.0,91.53241573903117,0.0,1,1,E_ablate_inflow_vr1.2,True,,20260429,9.73,20260506,4.624871531346342,-0.20554984583761593,20260508,7.399794450154151,-0.20554984583761593,20260513,5.755395683453224,-0.20554984583761593
605138,605138.SH,盛泰集团,服饰,20260428,7.69,49.78117986009553,49.78117986009553,0.0,8.25,6.2989,-290.35,3.270440251572324,weak_momentum,BULL_TREND,100.0,100.0,0.0,100.0,22.733064842156082,0.0,0.0,95.80813422514744,0.0,2,2,E_ablate_inflow_vr1.2,True,,20260429,7.5,20260506,3.8666666666666627,-0.6666666666666599,20260508,5.200000000000005,-0.6666666666666599,20260513,5.3333333333333455,-0.6666666666666599
002685,002685.SZ,华东重机,机床制造,20260428,8.44,48.34540704916976,48.34540704916976,0.0,1.42,7.6064,9795.92,5.803571428571443,weak_momentum,BULL_TREND,25.294546486497865,100.0,97.9592,100.0,55.012682730189454,33.33333333333333,0.0,22.859471403970893,0.0,1,1,E_ablate_wyckoff_vr1.2,True,,20260429,8.2,20260506,12.195121951219523,-4.390243902439018,20260508,15.975609756097576,-4.390243902439018,20260513,11.463414634146352,-4.390243902439018
600830,600830.SH,香溢融通,多元金融,20260428,10.01,56.033263118475915,56.033263118475915,0.0,5.91,9.7862,2253.44,4.302103250478021,weak_momentum,BULL_TREND,100.0,100.0,22.5344,60.0,51.64805838414159,10.0,0.0,91.53241573903117,0.0,1,1,E_ablate_accel_vr1.2,True,,20260429,9.73,20260506,4.624871531346342,-0.20554984583761593,20260508,7.399794450154151,-0.20554984583761593,20260513,5.755395683453224,-0.20554984583761593
601890,601890.SH,亚星锚链,船舶,20260428,10.85,53.44114296386191,53.44114296386191,0.0,1.72,8.869,7589.6,4.405286343612335,weak_momentum,BULL_TREND,39.12042824636866,100.0,75.896,60.0,52.527287668878365,0.0,0.0,73.551370510499,0.0,2,2,E_ablate_accel_vr1.2,True,,20260429,10.8,20260506,1.7592592592592604,-1.1111111111111183,20260508,1.4814814814814836,-1.1111111111111183,20260513,-0.18518518518519933,-3.055555555555556
002685,002685.SZ,华东重机,机床制造,20260428,8.44,51.7743277597654,51.7743277597654,0.0,1.42,7.6064,9795.92,5.803571428571443,weak_momentum,BULL_TREND,25.294546486497865,100.0,97.9592,100.0,55.012682730189454,33.33333333333333,0.0,22.859471403970893,0.0,3,3,E_ablate_accel_vr1.2,True,,20260429,8.2,20260506,12.195121951219523,-4.390243902439018,20260508,15.975609756097576,-4.390243902439018,20260513,11.463414634146352,-4.390243902439018
002594,002594.SZ,比亚迪,汽车整车,20260429,105.4,77.2248875066317,68.97561511888587,8.249272387745833,2.47,3.0303,330126.72,1.0328638497652527,momentum,BULL_TREND,65.22555209049766,100.0,100.0,80.0,82.49272387745833,33.33333333333333,0.0,70.2657086315289,0.0,1,1,A_recovered_proxy_vr1.5,True,,20260430,104.54,20260507,-3.9028123206428234,-4.3332695618901855,20260511,-3.9219437535871537,-5.299406925578731,20260514,-5.557681270327153,-6.437727185766217
002132,002132.SZ,恒星科技,钢加工,20260429,4.85,51.77104851589724,51.77104851589724,0.0,2.0,10.213,9351.0,0.8179959100204507,momentum,BULL_TREND,50.0,100.0,93.51,60.0,41.385319267788525,66.66666666666666,0.0,9.58651329006199,0.0,2,2,A_recovered_proxy_vr1.5,True,,20260430,4.81,20260507,8.108108108108114,-2.7027027027026973,20260511,16.839916839916857,-2.7027027027026973,20260514,29.93762993762994,-2.7027027027026973
603978,603978.SH,深圳新星,小金属,20260429,27.41,50.69144415373629,50.69144415373629,0.0,1.79,8.6635,8659.91,2.0721686316541565,momentum,BULL_TREND,41.99797937447659,100.0,86.59909999999999,60.0,35.48246241819525,20.0,0.0,59.754347639257524,0.0,3,3,A_recovered_proxy_vr1.5,True,,20260430,27.61,20260507,6.954002173125695,-3.078594712060845,20260511,11.481347337921054,-3.078594712060845,20260514,14.81347337921044,-3.078594712060845
002594,002594.SZ,比亚迪,汽车整车,20260429,105.4,68.97561511888587,68.97561511888587,0.0,2.47,3.0303,330126.72,1.0328638497652527,momentum,BULL_TREND,65.22555209049766,100.0,100.0,80.0,82.49272387745833,33.33333333333333,0.0,70.2657086315289,0.0,1,1,B_pure_quant_vr1.5,True,,20260430,104.54,20260507,-3.9028123206428234,-4.3332695618901855,20260511,-3.9219437535871537,-5.299406925578731,20260514,-5.557681270327153,-6.437727185766217
002132,002132.SZ,恒星科技,钢加工,20260429,4.85,51.77104851589724,51.77104851589724,0.0,2.0,10.213,9351.0,0.8179959100204507,momentum,BULL_TREND,50.0,100.0,93.51,60.0,41.385319267788525,66.66666666666666,0.0,9.58651329006199,0.0,2,2,B_pure_quant_vr1.5,True,,20260430,4.81,20260507,8.108108108108114,-2.7027027027026973,20260511,16.839916839916857,-2.7027027027026973,20260514,29.93762993762994,-2.7027027027026973
603978,603978.SH,深圳新星,小金属,20260429,27.41,50.69144415373629,50.69144415373629,0.0,1.79,8.6635,8659.91,2.0721686316541565,momentum,BULL_TREND,41.99797937447659,100.0,86.59909999999999,60.0,35.48246241819525,20.0,0.0,59.754347639257524,0.0,3,3,B_pure_quant_vr1.5,True,,20260430,27.61,20260507,6.954002173125695,-3.078594712060845,20260511,11.481347337921054,-3.078594712060845,20260514,14.81347337921044,-3.078594712060845
002594,002594.SZ,比亚迪,汽车整车,20260429,105.4,78.02406053215587,69.50839713590199,8.51566339625389,2.47,3.0303,330126.72,1.0328638497652527,momentum,BULL_TREND,65.22555209049766,100.0,100.0,80.0,85.1566339625389,33.33333333333333,0.0,70.2657086315289,0.0,1,1,A_recovered_proxy_vr1.2,True,,20260430,104.54,20260507,-3.9028123206428234,-4.3332695618901855,20260511,-3.9219437535871537,-5.299406925578731,20260514,-5.557681270327153,-6.437727185766217
603978,603978.SH,深圳新星,小金属,20260429,27.41,71.30012542680376,62.14840084123492,9.151724585568838,1.79,8.6635,8659.91,2.0721686316541565,momentum,BULL_TREND,41.99797937447659,100.0,86.59909999999999,65.0,91.51724585568837,20.0,0.0,59.754347639257524,0.0,2,2,A_recovered_proxy_vr1.2,True,,20260430,27.61,20260507,6.954002173125695,-3.078594712060845,20260511,11.481347337921054,-3.078594712060845,20260514,14.81347337921044,-3.078594712060845
002460,002460.SZ,赣锋锂业,小金属,20260429,86.9,68.94094997776862,59.78922539219979,9.151724585568838,1.25,7.0094,155567.28,1.7857142857142836,momentum,BULL_TREND,16.09640474436812,100.0,100.0,65.0,91.51724585568837,33.33333333333333,0.0,41.54648842740232,0.0,3,3,A_recovered_proxy_vr1.2,True,,20260430,87.0,20260507,1.1494252873563315,-0.4827586206896606,20260511,-2.091954022988496,-3.298850574712653,20260514,-8.068965517241377,-8.425287356321842
002594,002594.SZ,比亚迪,汽车整车,20260429,105.4,69.50839713590199,69.50839713590199,0.0,2.47,3.0303,330126.72,1.0328638497652527,momentum,BULL_TREND,65.22555209049766,100.0,100.0,80.0,85.1566339625389,33.33333333333333,0.0,70.2657086315289,0.0,1,1,D_pure_quant_vr1.2,True,,20260430,104.54,20260507,-3.9028123206428234,-4.3332695618901855,20260511,-3.9219437535871537,-5.299406925578731,20260514,-5.557681270327153,-6.437727185766217
603978,603978.SH,深圳新星,小金属,20260429,27.41,62.14840084123492,62.14840084123492,0.0,1.79,8.6635,8659.91,2.0721686316541565,momentum,BULL_TREND,41.99797937447659,100.0,86.59909999999999,65.0,91.51724585568837,20.0,0.0,59.754347639257524,0.0,2,2,D_pure_quant_vr1.2,True,,20260430,27.61,20260507,6.954002173125695,-3.078594712060845,20260511,11.481347337921054,-3.078594712060845,20260514,14.81347337921044,-3.078594712060845
002460,002460.SZ,赣锋锂业,小金属,20260429,86.9,59.78922539219979,59.78922539219979,0.0,1.25,7.0094,155567.28,1.7857142857142836,momentum,BULL_TREND,16.09640474436812,100.0,100.0,65.0,91.51724585568837,33.33333333333333,0.0,41.54648842740232,0.0,3,3,D_pure_quant_vr1.2,True,,20260430,87.0,20260507,1.1494252873563315,-0.4827586206896606,20260511,-2.091954022988496,-3.298850574712653,20260514,-8.068965517241377,-8.425287356321842
002594,002594.SZ,比亚迪,汽车整车,20260429,105.4,52.4770703433942,52.4770703433942,0.0,2.47,3.0303,330126.72,1.0328638497652527,momentum,BULL_TREND,65.22555209049766,100.0,100.0,80.0,85.1566339625389,33.33333333333333,0.0,70.2657086315289,0.0,1,1,E_ablate_sector_vr1.2,True,,20260430,104.54,20260507,-3.9028123206428234,-4.3332695618901855,20260511,-3.9219437535871537,-5.299406925578731,20260514,-5.557681270327153,-6.437727185766217
002594,002594.SZ,比亚迪,汽车整车,20260429,105.4,49.50839713590199,49.50839713590199,0.0,2.47,3.0303,330126.72,1.0328638497652527,momentum,BULL_TREND,65.22555209049766,100.0,100.0,80.0,85.1566339625389,33.33333333333333,0.0,70.2657086315289,0.0,1,1,E_ablate_inflow_vr1.2,True,,20260430,104.54,20260507,-3.9028123206428234,-4.3332695618901855,20260511,-3.9219437535871537,-5.299406925578731,20260514,-5.557681270327153,-6.437727185766217
002594,002594.SZ,比亚迪,汽车整车,20260429,105.4,62.481826272749096,62.481826272749096,0.0,2.47,3.0303,330126.72,1.0328638497652527,momentum,BULL_TREND,65.22555209049766,100.0,100.0,80.0,85.1566339625389,33.33333333333333,0.0,70.2657086315289,0.0,1,1,E_ablate_wyckoff_vr1.2,True,,20260430,104.54,20260507,-3.9028123206428234,-4.3332695618901855,20260511,-3.9219437535871537,-5.299406925578731,20260514,-5.557681270327153,-6.437727185766217
603978,603978.SH,深圳新星,小金属,20260429,27.41,56.17296607730916,56.17296607730916,0.0,1.79,8.6635,8659.91,2.0721686316541565,momentum,BULL_TREND,41.99797937447659,100.0,86.59909999999999,65.0,91.51724585568837,20.0,0.0,59.754347639257524,0.0,2,2,E_ablate_wyckoff_vr1.2,True,,20260430,27.61,20260507,6.954002173125695,-3.078594712060845,20260511,11.481347337921054,-3.078594712060845,20260514,14.81347337921044,-3.078594712060845
002460,002460.SZ,赣锋锂业,小金属,20260429,86.9,55.63457654945956,55.63457654945956,0.0,1.25,7.0094,155567.28,1.7857142857142836,momentum,BULL_TREND,16.09640474436812,100.0,100.0,65.0,91.51724585568837,33.33333333333333,0.0,41.54648842740232,0.0,3,3,E_ablate_wyckoff_vr1.2,True,,20260430,87.0,20260507,1.1494252873563315,-0.4827586206896606,20260511,-2.091954022988496,-3.298850574712653,20260514,-8.068965517241377,-8.425287356321842
002594,002594.SZ,比亚迪,汽车整车,20260429,105.4,69.50839713590199,69.50839713590199,0.0,2.47,3.0303,330126.72,1.0328638497652527,momentum,BULL_TREND,65.22555209049766,100.0,100.0,80.0,85.1566339625389,33.33333333333333,0.0,70.2657086315289,0.0,1,1,E_ablate_accel_vr1.2,True,,20260430,104.54,20260507,-3.9028123206428234,-4.3332695618901855,20260511,-3.9219437535871537,-5.299406925578731,20260514,-5.557681270327153,-6.437727185766217
603978,603978.SH,深圳新星,小金属,20260429,27.41,62.14840084123492,62.14840084123492,0.0,1.79,8.6635,8659.91,2.0721686316541565,momentum,BULL_TREND,41.99797937447659,100.0,86.59909999999999,65.0,91.51724585568837,20.0,0.0,59.754347639257524,0.0,2,2,E_ablate_accel_vr1.2,True,,20260430,27.61,20260507,6.954002173125695,-3.078594712060845,20260511,11.481347337921054,-3.078594712060845,20260514,14.81347337921044,-3.078594712060845
002460,002460.SZ,赣锋锂业,小金属,20260429,86.9,59.78922539219979,59.78922539219979,0.0,1.25,7.0094,155567.28,1.7857142857142836,momentum,BULL_TREND,16.09640474436812,100.0,100.0,65.0,91.51724585568837,33.33333333333333,0.0,41.54648842740232,0.0,3,3,E_ablate_accel_vr1.2,True,,20260430,87.0,20260507,1.1494252873563315,-0.4827586206896606,20260511,-2.091954022988496,-3.298850574712653,20260514,-8.068965517241377,-8.425287356321842
002157,002157.SZ,正邦科技,农业综合,20260430,3.47,55.45752832312065,55.45752832312065,0.0,2.08,7.4333,24329.56,3.611111111111108,momentum,BULL_TREND,52.82917641831838,96.33333333333336,100.0,100.0,34.061552168045104,33.33333333333333,0.0,44.20841426763871,0.0,1,1,A_recovered_proxy_vr1.5,True,,20260506,3.49,20260508,-1.7191977077363862,-2.2922636103151928,20260512,-3.151862464183386,-4.011461318051579,20260515,-3.151862464183386,-5.157593123209169
603990,603990.SH,麦迪科技,软件服务,20260430,15.82,54.04807273050848,54.04807273050848,0.0,1.93,8.3157,8781.48,1.0012515644555704,momentum,BULL_TREND,47.430042374667785,100.0,87.81479999999999,65.0,37.68697796747577,33.33333333333333,0.0,69.16544114146492,0.0,2,2,A_recovered_proxy_vr1.5,True,,20260506,16.13,20260508,-1.1779293242405453,-5.45567265964042,20260512,-0.6819590824550525,-5.45567265964042,20260515,2.6658400495970236,-5.45567265964042
600135,600135.SH,乐凯胶片,塑料,20260430,11.43,48.34377985843611,48.34377985843611,0.0,2.45,8.569,5189.4,1.2953367875647699,momentum,BULL_TREND,64.6390874613923,100.0,51.894,80.0,32.91781706131541,63.33333333333333,0.0,45.18886660297517,0.0,3,3,A_recovered_proxy_vr1.5,True,,20260506,11.38,20260508,3.866432337434089,-0.2636203866432485,20260512,4.042179261862899,-0.2636203866432485,20260515,0.5272407732864526,-2.2847100175747093
002157,002157.SZ,正邦科技,农业综合,20260430,3.47,55.45752832312065,55.45752832312065,0.0,2.08,7.4333,24329.56,3.611111111111108,momentum,BULL_TREND,52.82917641831838,96.33333333333336,100.0,100.0,34.061552168045104,33.33333333333333,0.0,44.20841426763871,0.0,1,1,B_pure_quant_vr1.5,True,,20260506,3.49,20260508,-1.7191977077363862,-2.2922636103151928,20260512,-3.151862464183386,-4.011461318051579,20260515,-3.151862464183386,-5.157593123209169
603990,603990.SH,麦迪科技,软件服务,20260430,15.82,54.04807273050848,54.04807273050848,0.0,1.93,8.3157,8781.48,1.0012515644555704,momentum,BULL_TREND,47.430042374667785,100.0,87.81479999999999,65.0,37.68697796747577,33.33333333333333,0.0,69.16544114146492,0.0,2,2,B_pure_quant_vr1.5,True,,20260506,16.13,20260508,-1.1779293242405453,-5.45567265964042,20260512,-0.6819590824550525,-5.45567265964042,20260515,2.6658400495970236,-5.45567265964042
600135,600135.SH,乐凯胶片,塑料,20260430,11.43,48.34377985843611,48.34377985843611,0.0,2.45,8.569,5189.4,1.2953367875647699,momentum,BULL_TREND,64.6390874613923,100.0,51.894,80.0,32.91781706131541,63.33333333333333,0.0,45.18886660297517,0.0,3,3,B_pure_quant_vr1.5,True,,20260506,11.38,20260508,3.866432337434089,-0.2636203866432485,20260512,4.042179261862899,-0.2636203866432485,20260515,0.5272407732864526,-2.2847100175747093
002460,002460.SZ,赣锋锂业,小金属,20260430,88.68,67.36385268520576,58.98316518520576,8.380687499999999,1.49,8.8788,11758.41,2.7524947910955047,momentum,BULL_TREND,28.76561653437184,100.0,100.0,65.0,83.80687499999999,0.0,0.0,46.56947705049993,0.0,1,1,A_recovered_proxy_vr1.2,True,,20260506,90.35,20260508,-6.1759822910901985,-6.27559490868842,20260512,-7.415605976757044,-8.267847260653017,20260515,-13.602656336469277,-13.669064748201432
002466,002466.SZ,天齐锂业,小金属,20260430,80.03,64.72819810613751,56.34751060613752,8.380687499999999,1.27,8.856,87982.04,1.4287473826825923,momentum,BULL_TREND,17.241424849872057,100.0,100.0,65.0,83.80687499999999,33.33333333333333,0.0,20.832552119900495,0.0,2,2,A_recovered_proxy_vr1.2,True,,20260506,80.03,20260508,-4.973135074347123,-5.035611645632887,20260512,-6.597525927777081,-8.03448706734975,20260515,-13.644883168811695,-13.957266025240534
002157,002157.SZ,正邦科技,农业综合,20260430,3.47,55.18780836708266,55.18780836708266,0.0,2.08,7.4333,24329.56,3.611111111111108,momentum,BULL_TREND,52.82917641831838,96.33333333333336,100.0,100.0,32.71295238785516,33.33333333333333,0.0,44.20841426763871,0.0,3,3,A_recovered_proxy_vr1.2,True,,20260506,3.49,20260508,-1.7191977077363862,-2.2922636103151928,20260512,-3.151862464183386,-4.011461318051579,20260515,-3.151862464183386,-5.157593123209169
002460,002460.SZ,赣锋锂业,小金属,20260430,88.68,58.98316518520576,58.98316518520576,0.0,1.49,8.8788,11758.41,2.7524947910955047,momentum,BULL_TREND,28.76561653437184,100.0,100.0,65.0,83.80687499999999,0.0,0.0,46.56947705049993,0.0,1,1,D_pure_quant_vr1.2,True,,20260506,90.35,20260508,-6.1759822910901985,-6.27559490868842,20260512,-7.415605976757044,-8.267847260653017,20260515,-13.602656336469277,-13.669064748201432
002466,002466.SZ,天齐锂业,小金属,20260430,80.03,56.34751060613752,56.34751060613752,0.0,1.27,8.856,87982.04,1.4287473826825923,momentum,BULL_TREND,17.241424849872057,100.0,100.0,65.0,83.80687499999999,33.33333333333333,0.0,20.832552119900495,0.0,2,2,D_pure_quant_vr1.2,True,,20260506,80.03,20260508,-4.973135074347123,-5.035611645632887,20260512,-6.597525927777081,-8.03448706734975,20260515,-13.644883168811695,-13.957266025240534
002157,002157.SZ,正邦科技,农业综合,20260430,3.47,55.18780836708266,55.18780836708266,0.0,2.08,7.4333,24329.56,3.611111111111108,momentum,BULL_TREND,52.82917641831838,96.33333333333336,100.0,100.0,32.71295238785516,33.33333333333333,0.0,44.20841426763871,0.0,3,3,D_pure_quant_vr1.2,True,,20260506,3.49,20260508,-1.7191977077363862,-2.2922636103151928,20260512,-3.151862464183386,-4.011461318051579,20260515,-3.151862464183386,-5.157593123209169
002157,002157.SZ,正邦科技,农业综合,20260430,3.47,48.64521788951163,48.64521788951163,0.0,2.08,7.4333,24329.56,3.611111111111108,momentum,BULL_TREND,52.82917641831838,96.33333333333336,100.0,100.0,32.71295238785516,33.33333333333333,0.0,44.20841426763871,0.0,1,1,E_ablate_sector_vr1.2,True,,20260506,3.49,20260508,-1.7191977077363862,-2.2922636103151928,20260512,-3.151862464183386,-4.011461318051579,20260515,-3.151862464183386,-5.157593123209169
603990,603990.SH,麦迪科技,软件服务,20260430,15.82,46.510677137013325,46.510677137013325,0.0,1.93,8.3157,8781.48,1.0012515644555704,momentum,BULL_TREND,47.430042374667785,100.0,87.81479999999999,65.0,34.722589935180594,33.33333333333333,0.0,69.16544114146492,0.0,2,2,E_ablate_sector_vr1.2,True,,20260506,16.13,20260508,-1.1779293242405453,-5.45567265964042,20260512,-0.6819590824550525,-5.45567265964042,20260515,2.6658400495970236,-5.45567265964042
002460,002460.SZ,赣锋锂业,小金属,20260430,88.68,54.326217480155776,54.326217480155776,0.0,1.49,8.8788,11758.41,2.7524947910955047,momentum,BULL_TREND,28.76561653437184,100.0,100.0,65.0,83.80687499999999,0.0,0.0,46.56947705049993,0.0,1,1,E_ablate_wyckoff_vr1.2,True,,20260506,90.35,20260508,-6.1759822910901985,-6.27559490868842,20260512,-7.415605976757044,-8.267847260653017,20260515,-13.602656336469277,-13.669064748201432
002466,002466.SZ,天齐锂业,小金属,20260430,80.03,54.26425539414747,54.26425539414747,0.0,1.27,8.856,87982.04,1.4287473826825923,momentum,BULL_TREND,17.241424849872057,100.0,100.0,65.0,83.80687499999999,33.33333333333333,0.0,20.832552119900495,0.0,2,2,E_ablate_wyckoff_vr1.2,True,,20260506,80.03,20260508,-4.973135074347123,-5.035611645632887,20260512,-6.597525927777081,-8.03448706734975,20260515,-13.644883168811695,-13.957266025240534
002157,002157.SZ,正邦科技,农业综合,20260430,3.47,50.766966940318795,50.766966940318795,0.0,2.08,7.4333,24329.56,3.611111111111108,momentum,BULL_TREND,52.82917641831838,96.33333333333336,100.0,100.0,32.71295238785516,33.33333333333333,0.0,44.20841426763871,0.0,3,3,E_ablate_wyckoff_vr1.2,True,,20260506,3.49,20260508,-1.7191977077363862,-2.2922636103151928,20260512,-3.151862464183386,-4.011461318051579,20260515,-3.151862464183386,-5.157593123209169
002460,002460.SZ,赣锋锂业,小金属,20260430,88.68,58.98316518520576,58.98316518520576,0.0,1.49,8.8788,11758.41,2.7524947910955047,momentum,BULL_TREND,28.76561653437184,100.0,100.0,65.0,83.80687499999999,0.0,0.0,46.56947705049993,0.0,1,1,E_ablate_accel_vr1.2,True,,20260506,90.35,20260508,-6.1759822910901985,-6.27559490868842,20260512,-7.415605976757044,-8.267847260653017,20260515,-13.602656336469277,-13.669064748201432
002466,002466.SZ,天齐锂业,小金属,20260430,80.03,56.34751060613752,56.34751060613752,0.0,1.27,8.856,87982.04,1.4287473826825923,momentum,BULL_TREND,17.241424849872057,100.0,100.0,65.0,83.80687499999999,33.33333333333333,0.0,20.832552119900495,0.0,2,2,E_ablate_accel_vr1.2,True,,20260506,80.03,20260508,-4.973135074347123,-5.035611645632887,20260512,-6.597525927777081,-8.03448706734975,20260515,-13.644883168811695,-13.957266025240534
002157,002157.SZ,正邦科技,农业综合,20260430,3.47,55.18780836708266,55.18780836708266,0.0,2.08,7.4333,24329.56,3.611111111111108,momentum,BULL_TREND,52.82917641831838,96.33333333333336,100.0,100.0,32.71295238785516,33.33333333333333,0.0,44.20841426763871,0.0,3,3,E_ablate_accel_vr1.2,True,,20260506,3.49,20260508,-1.7191977077363862,-2.2922636103151928,20260512,-3.151862464183386,-4.011461318051579,20260515,-3.151862464183386,-5.157593123209169
002439,002439.SZ,启明星辰,软件服务,20260506,16.36,68.53229854986607,61.2848597001958,7.247438849670264,1.92,10.7735,19971.84,0.0,momentum,BULL_TREND,47.05531554732157,100.0,100.0,100.0,72.47438849670263,33.33333333333333,0.0,30.650180020903754,0.0,1,1,A_recovered_proxy_vr1.5,True,,20260507,16.25,20260511,1.0461538461538522,-2.338461538461545,20260513,2.215384615384619,-2.400000000000002,20260518,-2.1538461538461506,-2.9538461538461513
000697,000697.SZ,炼石航空,航空,20260506,10.69,57.16361539397822,57.16361539397822,0.0,5.85,5.5599,4226.29,3.2579185520362097,momentum,BULL_TREND,100.0,98.45248868778275,42.2629,100.0,40.707546217275,43.333333333333336,0.0,85.57610615078272,0.0,2,2,A_recovered_proxy_vr1.5,True,t1_limit_up,,,,,,,,,,,
600563,600563.SH,法拉电子,元器件,20260506,122.65,52.73968232284422,52.73968232284422,0.0,1.57,4.2307,10857.57,4.09727109234498,momentum,BULL_TREND,32.538227955845116,93.41637344593012,100.0,40.0,56.820079348638856,20.0,0.0,41.53294915146661,0.0,3,3,A_recovered_proxy_vr1.5,True,,20260507,122.66,20260511,4.924180661992494,-0.6359041252241959,20260513,8.185227458014023,-0.6359041252241959,20260518,9.391814772541984,-0.6359041252241959
002439,002439.SZ,启明星辰,软件服务,20260506,16.36,61.2848597001958,61.2848597001958,0.0,1.92,10.7735,19971.84,0.0,momentum,BULL_TREND,47.05531554732157,100.0,100.0,100.0,72.47438849670263,33.33333333333333,0.0,30.650180020903754,0.0,1,1,B_pure_quant_vr1.5,True,,20260507,16.25,20260511,1.0461538461538522,-2.338461538461545,20260513,2.215384615384619,-2.400000000000002,20260518,-2.1538461538461506,-2.9538461538461513
000697,000697.SZ,炼石航空,航空,20260506,10.69,57.16361539397822,57.16361539397822,0.0,5.85,5.5599,4226.29,3.2579185520362097,momentum,BULL_TREND,100.0,98.45248868778275,42.2629,100.0,40.707546217275,43.333333333333336,0.0,85.57610615078272,0.0,2,2,B_pure_quant_vr1.5,True,t1_limit_up,,,,,,,,,,,
600563,600563.SH,法拉电子,元器件,20260506,122.65,52.73968232284422,52.73968232284422,0.0,1.57,4.2307,10857.57,4.09727109234498,momentum,BULL_TREND,32.538227955845116,93.41637344593012,100.0,40.0,56.820079348638856,20.0,0.0,41.53294915146661,0.0,3,3,B_pure_quant_vr1.5,True,,20260507,122.66,20260511,4.924180661992494,-0.6359041252241959,20260513,8.185227458014023,-0.6359041252241959,20260518,9.391814772541984,-0.6359041252241959
002439,002439.SZ,启明星辰,软件服务,20260506,16.36,69.60449062377965,61.99965441613819,7.604836207641458,1.92,10.7735,19971.84,0.0,momentum,BULL_TREND,47.05531554732157,100.0,100.0,100.0,76.04836207641458,33.33333333333333,0.0,30.650180020903754,0.0,1,1,A_recovered_proxy_vr1.2,True,,20260507,16.25,20260511,1.0461538461538522,-2.338461538461545,20260513,2.215384615384619,-2.400000000000002,20260518,-2.1538461538461506,-2.9538461538461513
600268,600268.SH,国电南自,电气设备,20260506,15.6,64.40239902878574,56.5188079857077,7.883591043078036,1.45,3.3881,9287.75,4.059040590405916,momentum,BULL_TREND,26.802645012010483,93.6457564575645,92.8775,40.0,78.83591043078036,66.66666666666666,0.0,34.578201686602696,0.0,2,2,A_recovered_proxy_vr1.2,True,,20260507,15.65,20260511,1.3418530351437585,-1.9169329073482455,20260513,6.325878594249201,-1.9169329073482455,20260518,-2.4281150159744413,-4.728434504792334
000697,000697.SZ,炼石航空,航空,20260506,10.69,56.800763966069134,56.800763966069134,0.0,5.85,5.5599,4226.29,3.2579185520362097,momentum,BULL_TREND,100.0,98.45248868778275,42.2629,65.0,47.64328907772959,43.333333333333336,0.0,85.57610615078272,0.0,3,3,A_recovered_proxy_vr1.2,True,t1_limit_up,,,,,,,,,,,
002439,002439.SZ,启明星辰,软件服务,20260506,16.36,61.99965441613819,61.99965441613819,0.0,1.92,10.7735,19971.84,0.0,momentum,BULL_TREND,47.05531554732157,100.0,100.0,100.0,76.04836207641458,33.33333333333333,0.0,30.650180020903754,0.0,1,1,D_pure_quant_vr1.2,True,,20260507,16.25,20260511,1.0461538461538522,-2.338461538461545,20260513,2.215384615384619,-2.400000000000002,20260518,-2.1538461538461506,-2.9538461538461513
000697,000697.SZ,炼石航空,航空,20260506,10.69,56.800763966069134,56.800763966069134,0.0,5.85,5.5599,4226.29,3.2579185520362097,momentum,BULL_TREND,100.0,98.45248868778275,42.2629,65.0,47.64328907772959,43.333333333333336,0.0,85.57610615078272,0.0,2,2,D_pure_quant_vr1.2,True,t1_limit_up,,,,,,,,,,,
600268,600268.SH,国电南自,电气设备,20260506,15.6,56.5188079857077,56.5188079857077,0.0,1.45,3.3881,9287.75,4.059040590405916,momentum,BULL_TREND,26.802645012010483,93.6457564575645,92.8775,40.0,78.83591043078036,66.66666666666666,0.0,34.578201686602696,0.0,3,3,D_pure_quant_vr1.2,True,,20260507,15.65,20260511,1.3418530351437585,-1.9169329073482455,20260513,6.325878594249201,-1.9169329073482455,20260518,-2.4281150159744413,-4.728434504792334
000697,000697.SZ,炼石航空,航空,20260506,10.69,47.272106150523214,47.272106150523214,0.0,5.85,5.5599,4226.29,3.2579185520362097,momentum,BULL_TREND,100.0,98.45248868778275,42.2629,65.0,47.64328907772959,43.333333333333336,0.0,85.57610615078272,0.0,1,1,E_ablate_sector_vr1.2,True,t1_limit_up,,,,,,,,,,,
002439,002439.SZ,启明星辰,软件服务,20260506,16.36,46.789982000855275,46.789982000855275,0.0,1.92,10.7735,19971.84,0.0,momentum,BULL_TREND,47.05531554732157,100.0,100.0,100.0,76.04836207641458,33.33333333333333,0.0,30.650180020903754,0.0,2,2,E_ablate_sector_vr1.2,True,,20260507,16.25,20260511,1.0461538461538522,-2.338461538461545,20260513,2.215384615384619,-2.400000000000002,20260518,-2.1538461538461506,-2.9538461538461513
000697,000697.SZ,炼石航空,航空,20260506,10.69,48.336189628252164,48.336189628252164,0.0,5.85,5.5599,4226.29,3.2579185520362097,momentum,BULL_TREND,100.0,98.45248868778275,42.2629,65.0,47.58331738864475,43.333333333333336,0.0,85.57610615078272,0.0,1,1,E_ablate_inflow_vr1.2,True,t1_limit_up,,,,,,,,,,,
002439,002439.SZ,启明星辰,软件服务,20260506,16.36,58.934636414047816,58.934636414047816,0.0,1.92,10.7735,19971.84,0.0,momentum,BULL_TREND,47.05531554732157,100.0,100.0,100.0,76.04836207641458,33.33333333333333,0.0,30.650180020903754,0.0,1,1,E_ablate_wyckoff_vr1.2,True,,20260507,16.25,20260511,1.0461538461538522,-2.338461538461545,20260513,2.215384615384619,-2.400000000000002,20260518,-2.1538461538461506,-2.9538461538461513
600268,600268.SH,国电南自,电气设备,20260506,15.6,53.06098781704743,53.06098781704743,0.0,1.45,3.3881,9287.75,4.059040590405916,momentum,BULL_TREND,26.802645012010483,93.6457564575645,92.8775,40.0,78.83591043078036,66.66666666666666,0.0,34.578201686602696,0.0,2,2,E_ablate_wyckoff_vr1.2,True,,20260507,15.65,20260511,1.3418530351437585,-1.9169329073482455,20260513,6.325878594249201,-1.9169329073482455,20260518,-2.4281150159744413,-4.728434504792334
002134,002134.SZ,天津普林,元器件,20260506,26.76,51.58862029737669,51.58862029737669,0.0,1.34,8.3007,10208.27,0.48345109706210115,momentum,BULL_TREND,21.11165003415239,100.0,100.0,80.0,63.77603062793584,33.33333333333333,0.0,32.447865004392796,0.0,3,3,E_ablate_wyckoff_vr1.2,True,,20260507,26.96,20260511,9.64391691394657,-0.667655786350152,20260513,12.5,-0.667655786350152,20260518,12.908011869436198,-0.667655786350152
002439,002439.SZ,启明星辰,软件服务,20260506,16.36,61.99965441613819,61.99965441613819,0.0,1.92,10.7735,19971.84,0.0,momentum,BULL_TREND,47.05531554732157,100.0,100.0,100.0,76.04836207641458,33.33333333333333,0.0,30.650180020903754,0.0,1,1,E_ablate_accel_vr1.2,True,,20260507,16.25,20260511,1.0461538461538522,-2.338461538461545,20260513,2.215384615384619,-2.400000000000002,20260518,-2.1538461538461506,-2.9538461538461513
000697,000697.SZ,炼石航空,航空,20260506,10.69,56.800763966069134,56.800763966069134,0.0,5.85,5.5599,4226.29,3.2579185520362097,momentum,BULL_TREND,100.0,98.45248868778275,42.2629,65.0,47.64328907772959,43.333333333333336,0.0,85.57610615078272,0.0,2,2,E_ablate_accel_vr1.2,True,t1_limit_up,,,,,,,,,,,
600268,600268.SH,国电南自,电气设备,20260506,15.6,56.5188079857077,56.5188079857077,0.0,1.45,3.3881,9287.75,4.059040590405916,momentum,BULL_TREND,26.802645012010483,93.6457564575645,92.8775,40.0,78.83591043078036,66.66666666666666,0.0,34.578201686602696,0.0,3,3,E_ablate_accel_vr1.2,True,,20260507,15.65,20260511,1.3418530351437585,-1.9169329073482455,20260513,6.325878594249201,-1.9169329073482455,20260518,-2.4281150159744413,-4.728434504792334
000727,000727.SZ,冠捷科技,元器件,20260507,2.9,81.53552260358296,74.41319152334391,7.122331080239057,3.99,8.5709,22842.97,3.654485049833883,momentum,BULL_TREND,99.81943732238105,96.0730897009967,100.0,80.0,71.22331080239057,43.333333333333336,0.0,94.21638127742305,0.0,1,1,A_recovered_proxy_vr1.5,True,,20260508,2.89,20260512,-0.692041522491349,-3.460207612456745,20260514,-3.114186851211087,-3.806228373702436,20260519,-0.692041522491349,-7.61245674740485
601133,601133.SH,柏诚股份,建筑工程,20260507,24.98,66.9966358398115,59.71827185853801,7.278363981273492,1.63,7.8669,13009.95,4.801829268292676,momentum,BULL_TREND,35.24359822281764,89.18902439024394,100.0,80.0,72.78363981273492,33.33333333333333,0.0,52.89435056877319,0.0,2,2,A_recovered_proxy_vr1.5,True,,20260508,24.52,20260512,5.016313213703105,-0.7748776508972322,20260514,4.486133768352363,-0.7748776508972322,20260519,23.45024469820556,-0.7748776508972322
600629,600629.SH,华建集团,建筑工程,20260507,22.01,60.91283230765947,53.63446832638598,7.278363981273492,1.7,3.9417,7203.43,2.7826855123674865,momentum,BULL_TREND,38.276737318148854,100.0,72.0343,65.0,72.78363981273492,0.0,0.0,56.793697661166604,0.0,3,3,A_recovered_proxy_vr1.5,True,,20260508,22.02,20260512,-7.266121707538586,-7.720254314259756,20260514,-10.036330608537703,-10.081743869209802,20260519,-8.038147138964579,-11.21707538601271
000727,000727.SZ,冠捷科技,元器件,20260507,2.9,74.41319152334391,74.41319152334391,0.0,3.99,8.5709,22842.97,3.654485049833883,momentum,BULL_TREND,99.81943732238105,96.0730897009967,100.0,80.0,71.22331080239057,43.333333333333336,0.0,94.21638127742305,0.0,1,1,B_pure_quant_vr1.5,True,,20260508,2.89,20260512,-0.692041522491349,-3.460207612456745,20260514,-3.114186851211087,-3.806228373702436,20260519,-0.692041522491349,-7.61245674740485
601133,601133.SH,柏诚股份,建筑工程,20260507,24.98,59.71827185853801,59.71827185853801,0.0,1.63,7.8669,13009.95,4.801829268292676,momentum,BULL_TREND,35.24359822281764,89.18902439024394,100.0,80.0,72.78363981273492,33.33333333333333,0.0,52.89435056877319,0.0,2,2,B_pure_quant_vr1.5,True,,20260508,24.52,20260512,5.016313213703105,-0.7748776508972322,20260514,4.486133768352363,-0.7748776508972322,20260519,23.45024469820556,-0.7748776508972322
002158,002158.SZ,汉钟精机,工程机械,20260507,31.97,59.40419499557645,59.40419499557645,0.0,2.7,6.7472,9275.75,4.080408040804079,momentum,BULL_TREND,71.64797036380531,93.51755175517553,92.7575,100.0,48.8661901796768,10.0,0.0,54.80506229552737,0.0,3,3,B_pure_quant_vr1.5,True,,20260508,31.66,20260512,3.2533164876816123,-3.0953885028426997,20260514,1.3265950726468745,-3.0953885028426997,20260519,0.6001263423878855,-3.0953885028426997
000727,000727.SZ,冠捷科技,元器件,20260507,2.9,87.11373093218522,78.13199707574542,8.981733856439808,3.99,8.5709,22842.97,3.654485049833883,momentum,BULL_TREND,99.81943732238105,96.0730897009967,100.0,80.0,89.81733856439809,43.333333333333336,0.0,94.21638127742305,0.0,1,1,A_recovered_proxy_vr1.2,True,,20260508,2.89,20260512,-0.692041522491349,-3.460207612456745,20260514,-3.114186851211087,-3.806228373702436,20260519,-0.692041522491349,-7.61245674740485
002579,002579.SZ,中京电子,元器件,20260507,13.25,69.81303786904358,60.83130401260377,8.981733856439808,1.42,11.0427,11310.05,1.9970414201183402,momentum,BULL_TREND,25.294546486497865,100.0,100.0,80.0,89.81733856439809,33.33333333333333,0.0,34.06987660082809,0.0,2,2,A_recovered_proxy_vr1.2,True,,20260508,13.03,20260512,2.9930928626247244,-0.5372217958557024,20260514,2.3023791250959436,-0.5372217958557024,20260519,1.9186492709132752,-0.9976976208748933
002273,002273.SZ,水晶光电,元器件,20260507,35.06,66.19925931137433,57.21752545493453,8.981733856439808,1.23,5.7874,29229.63,1.654978962131827,momentum,BULL_TREND,14.932915778225759,100.0,100.0,65.0,89.81733856439809,33.33333333333333,0.0,20.97453708654387,0.0,3,3,A_recovered_proxy_vr1.2,True,,20260508,34.41,20260512,10.403952339436229,-1.5402499273466819,20260514,12.786980528916025,-1.5402499273466819,20260519,12.00232490555071,-1.5402499273466819
000727,000727.SZ,冠捷科技,元器件,20260507,2.9,78.13199707574542,78.13199707574542,0.0,3.99,8.5709,22842.97,3.654485049833883,momentum,BULL_TREND,99.81943732238105,96.0730897009967,100.0,80.0,89.81733856439809,43.333333333333336,0.0,94.21638127742305,0.0,1,1,D_pure_quant_vr1.2,True,,20260508,2.89,20260512,-0.692041522491349,-3.460207612456745,20260514,-3.114186851211087,-3.806228373702436,20260519,-0.692041522491349,-7.61245674740485
002579,002579.SZ,中京电子,元器件,20260507,13.25,60.83130401260377,60.83130401260377,0.0,1.42,11.0427,11310.05,1.9970414201183402,momentum,BULL_TREND,25.294546486497865,100.0,100.0,80.0,89.81733856439809,33.33333333333333,0.0,34.06987660082809,0.0,2,2,D_pure_quant_vr1.2,True,,20260508,13.03,20260512,2.9930928626247244,-0.5372217958557024,20260514,2.3023791250959436,-0.5372217958557024,20260519,1.9186492709132752,-0.9976976208748933
002158,002158.SZ,汉钟精机,工程机械,20260507,31.97,57.739141487515006,57.739141487515006,0.0,2.7,6.7472,9275.75,4.080408040804079,momentum,BULL_TREND,71.64797036380531,93.51755175517553,92.7575,100.0,40.54092263936959,10.0,0.0,54.80506229552737,0.0,3,3,D_pure_quant_vr1.2,True,,20260508,31.66,20260512,3.2533164876816123,-3.0953885028426997,20260514,1.3265950726468745,-3.0953885028426997,20260519,0.6001263423878855,-3.0953885028426997
000727,000727.SZ,冠捷科技,元器件,20260507,2.9,60.1685293628658,60.1685293628658,0.0,3.99,8.5709,22842.97,3.654485049833883,momentum,BULL_TREND,99.81943732238105,96.0730897009967,100.0,80.0,89.81733856439809,43.333333333333336,0.0,94.21638127742305,0.0,1,1,E_ablate_sector_vr1.2,True,,20260508,2.89,20260512,-0.692041522491349,-3.460207612456745,20260514,-3.114186851211087,-3.806228373702436,20260519,-0.692041522491349,-7.61245674740485
002158,002158.SZ,汉钟精机,工程机械,20260507,31.97,49.63095695964109,49.63095695964109,0.0,2.7,6.7472,9275.75,4.080408040804079,momentum,BULL_TREND,71.64797036380531,93.51755175517553,92.7575,100.0,40.54092263936959,10.0,0.0,54.80506229552737,0.0,2,2,E_ablate_sector_vr1.2,True,,20260508,31.66,20260512,3.2533164876816123,-3.0953885028426997,20260514,1.3265950726468745,-3.0953885028426997,20260519,0.6001263423878855,-3.0953885028426997
002611,002611.SZ,东方精工,轻工机械,20260507,18.19,48.70101554312591,48.70101554312591,0.0,1.74,5.8255,33820.64,1.033732317736658,momentum,BULL_TREND,39.95436530370018,100.0,100.0,100.0,39.27576693661734,33.33333333333333,0.0,60.41194080904219,0.0,3,3,E_ablate_sector_vr1.2,True,,20260508,18.04,20260512,4.157427937915736,-0.3325942350332567,20260514,-0.7206208425720617,-0.77605321507761,20260519,12.804878048780498,-1.8847006651884657
000727,000727.SZ,冠捷科技,元器件,20260507,2.9,57.67769361029021,57.67769361029021,0.0,3.99,8.5709,22842.97,3.654485049833883,momentum,BULL_TREND,99.81943732238105,96.0730897009967,100.0,80.0,87.54582123712206,43.333333333333336,0.0,94.21638127742305,0.0,1,1,E_ablate_inflow_vr1.2,True,,20260508,2.89,20260512,-0.692041522491349,-3.460207612456745,20260514,-3.114186851211087,-3.806228373702436,20260519,-0.692041522491349,-7.61245674740485
000727,000727.SZ,冠捷科技,元器件,20260507,2.9,68.7103589480031,68.7103589480031,0.0,3.99,8.5709,22842.97,3.654485049833883,momentum,BULL_TREND,99.81943732238105,96.0730897009967,100.0,80.0,89.81733856439809,43.333333333333336,0.0,94.21638127742305,0.0,1,1,E_ablate_wyckoff_vr1.2,True,,20260508,2.89,20260512,-0.692041522491349,-3.460207612456745,20260514,-3.114186851211087,-3.806228373702436,20260519,-0.692041522491349,-7.61245674740485
002579,002579.SZ,中京电子,元器件,20260507,13.25,57.42431635252096,57.42431635252096,0.0,1.42,11.0427,11310.05,1.9970414201183402,momentum,BULL_TREND,25.294546486497865,100.0,100.0,80.0,89.81733856439809,33.33333333333333,0.0,34.06987660082809,0.0,2,2,E_ablate_wyckoff_vr1.2,True,,20260508,13.03,20260512,2.9930928626247244,-0.5372217958557024,20260514,2.3023791250959436,-0.5372217958557024,20260519,1.9186492709132752,-0.9976976208748933
603228,603228.SH,景旺电子,元器件,20260507,74.23,55.29968144036042,55.29968144036042,0.0,1.27,5.6069,67148.71,2.7512118433119275,momentum,BULL_TREND,17.241424849872057,100.0,100.0,65.0,89.81733856439809,30.0,0.0,11.474621768773266,0.0,3,3,E_ablate_wyckoff_vr1.2,True,,20260508,73.0,20260512,4.342465753424651,-0.5479452054794609,20260514,1.3698630136986356,-0.5479452054794609,20260519,-2.356164383561643,-6.767123287671229
000727,000727.SZ,冠捷科技,元器件,20260507,2.9,78.13199707574542,78.13199707574542,0.0,3.99,8.5709,22842.97,3.654485049833883,momentum,BULL_TREND,99.81943732238105,96.0730897009967,100.0,80.0,89.81733856439809,43.333333333333336,0.0,94.21638127742305,0.0,1,1,E_ablate_accel_vr1.2,True,,20260508,2.89,20260512,-0.692041522491349,-3.460207612456745,20260514,-3.114186851211087,-3.806228373702436,20260519,-0.692041522491349,-7.61245674740485
002579,002579.SZ,中京电子,元器件,20260507,13.25,60.83130401260377,60.83130401260377,0.0,1.42,11.0427,11310.05,1.9970414201183402,momentum,BULL_TREND,25.294546486497865,100.0,100.0,80.0,89.81733856439809,33.33333333333333,0.0,34.06987660082809,0.0,2,2,E_ablate_accel_vr1.2,True,,20260508,13.03,20260512,2.9930928626247244,-0.5372217958557024,20260514,2.3023791250959436,-0.5372217958557024,20260519,1.9186492709132752,-0.9976976208748933
002158,002158.SZ,汉钟精机,工程机械,20260507,31.97,57.739141487515006,57.739141487515006,0.0,2.7,6.7472,9275.75,4.080408040804079,momentum,BULL_TREND,71.64797036380531,93.51755175517553,92.7575,100.0,40.54092263936959,10.0,0.0,54.80506229552737,0.0,3,3,E_ablate_accel_vr1.2,True,,20260508,31.66,20260512,3.2533164876816123,-3.0953885028426997,20260514,1.3265950726468745,-3.0953885028426997,20260519,0.6001263423878855,-3.0953885028426997
000977,000977.SZ,浪潮信息,IT设备,20260508,76.48,69.77505911864702,60.97570980473312,8.799349313913893,1.58,8.5343,152552.66,3.7866398289092857,momentum,BULL_TREND,32.99622792011891,95.28016102654429,100.0,60.0,87.99349313913893,30.0,0.0,43.99560886233065,0.0,1,1,A_recovered_proxy_vr1.5,True,,20260511,77.1,20260513,0.36316472114137355,-6.4721141374837865,20260515,-8.936446173800261,-9.41634241245135,20260520,-7.613488975356663,-12.710765239948119
301550,301550.SZ,斯菱智驱,汽车配件,20260508,193.9,68.55738638751006,61.4282926012873,7.129093786222754,2.05,7.5664,30469.45,1.5736040609137025,momentum,BULL_TREND,51.781195486536056,100.0,100.0,80.0,71.29093786222754,30.0,0.0,39.02925705861391,0.0,2,2,A_recovered_proxy_vr1.5,True,,20260511,189.0,20260513,-3.6084656084656053,-4.6031746031745975,20260515,-3.0211640211640245,-10.3015873015873,20260520,-1.3227513227513255,-10.3015873015873
002289,002289.SZ,宇顺电子,元器件,20260508,42.33,65.47648120412816,65.47648120412816,0.0,8.18,3.6001,9051.02,0.0,momentum,BULL_TREND,100.0,100.0,90.5102,40.0,64.95553935397415,66.66666666666666,0.0,40.5,0.0,3,3,A_recovered_proxy_vr1.5,True,,20260511,44.0,20260513,1.3636363636363669,-2.2727272727272707,20260515,2.022727272727276,-2.2727272727272707,20260520,-8.340909090909099,-9.090909090909093
002289,002289.SZ,宇顺电子,元器件,20260508,42.33,65.47648120412816,65.47648120412816,0.0,8.18,3.6001,9051.02,0.0,momentum,BULL_TREND,100.0,100.0,90.5102,40.0,64.95553935397415,66.66666666666666,0.0,40.5,0.0,1,1,B_pure_quant_vr1.5,True,,20260511,44.0,20260513,1.3636363636363669,-2.2727272727272707,20260515,2.022727272727276,-2.2727272727272707,20260520,-8.340909090909099,-9.090909090909093
301550,301550.SZ,斯菱智驱,汽车配件,20260508,193.9,61.4282926012873,61.4282926012873,0.0,2.05,7.5664,30469.45,1.5736040609137025,momentum,BULL_TREND,51.781195486536056,100.0,100.0,80.0,71.29093786222754,30.0,0.0,39.02925705861391,0.0,2,2,B_pure_quant_vr1.5,True,,20260511,189.0,20260513,-3.6084656084656053,-4.6031746031745975,20260515,-3.0211640211640245,-10.3015873015873,20260520,-1.3227513227513255,-10.3015873015873
601698,601698.SH,中国卫通,电信运营,20260508,39.8,61.24475558772041,61.24475558772041,0.0,2.24,3.2867,66498.12,2.6418786692759424,momentum,BULL_TREND,58.17493661414398,100.0,100.0,80.0,65.54467502600468,30.0,0.0,39.095800903978756,0.0,3,3,B_pure_quant_vr1.5,True,,20260511,40.1,20260513,-4.2643391521197005,-5.835411471321706,20260515,-12.493765586034911,-13.940149625935172,20260520,-15.261845386533679,-16.08478802992519
301550,301550.SZ,斯菱智驱,汽车配件,20260508,193.9,70.62741067791441,62.80830879489021,7.8191018830242065,2.05,7.5664,30469.45,1.5736040609137025,momentum,BULL_TREND,51.781195486536056,100.0,100.0,80.0,78.19101883024206,30.0,0.0,39.02925705861391,0.0,1,1,A_recovered_proxy_vr1.2,True,,20260511,189.0,20260513,-3.6084656084656053,-4.6031746031745975,20260515,-3.0211640211640245,-10.3015873015873,20260520,-1.3227513227513255,-10.3015873015873
000977,000977.SZ,浪潮信息,IT设备,20260508,76.48,67.33563611845183,59.68276113793633,7.6528749805155005,1.58,8.5343,152552.66,3.7866398289092857,momentum,BULL_TREND,32.99622792011891,95.28016102654429,100.0,80.0,76.528749805155,30.0,0.0,43.99560886233065,0.0,2,2,A_recovered_proxy_vr1.2,True,,20260511,77.1,20260513,0.36316472114137355,-6.4721141374837865,20260515,-8.936446173800261,-9.41634241245135,20260520,-7.613488975356663,-12.710765239948119
603960,603960.SH,克来机电,汽车配件,20260508,23.99,66.65642233214732,58.83732044912311,7.8191018830242065,2.28,8.4582,6811.1,4.040000000000006,momentum,BULL_TREND,59.451691219500844,93.75999999999996,68.111,80.0,78.19101883024206,63.33333333333333,0.0,41.16496333482911,0.0,3,3,A_recovered_proxy_vr1.2,True,,20260511,24.22,20260513,-1.1147811725846446,-7.060280759702719,20260515,-4.211395540875307,-7.060280759702719,20260520,-7.844756399669695,-10.652353426919891
002289,002289.SZ,宇顺电子,元器件,20260508,42.33,66.19936764032208,66.19936764032208,0.0,8.18,3.6001,9051.02,0.0,momentum,BULL_TREND,100.0,100.0,90.5102,40.0,68.56997153494375,66.66666666666666,0.0,40.5,0.0,1,1,D_pure_quant_vr1.2,True,,20260511,44.0,20260513,1.3636363636363669,-2.2727272727272707,20260515,2.022727272727276,-2.2727272727272707,20260520,-8.340909090909099,-9.090909090909093
301550,301550.SZ,斯菱智驱,汽车配件,20260508,193.9,62.80830879489021,62.80830879489021,0.0,2.05,7.5664,30469.45,1.5736040609137025,momentum,BULL_TREND,51.781195486536056,100.0,100.0,80.0,78.19101883024206,30.0,0.0,39.02925705861391,0.0,2,2,D_pure_quant_vr1.2,True,,20260511,189.0,20260513,-3.6084656084656053,-4.6031746031745975,20260515,-3.0211640211640245,-10.3015873015873,20260520,-1.3227513227513255,-10.3015873015873
601698,601698.SH,中国卫通,电信运营,20260508,39.8,60.80687646403649,60.80687646403649,0.0,2.24,3.2867,66498.12,2.6418786692759424,momentum,BULL_TREND,58.17493661414398,100.0,100.0,80.0,63.35527940758508,30.0,0.0,39.095800903978756,0.0,3,3,D_pure_quant_vr1.2,True,,20260511,40.1,20260513,-4.2643391521197005,-5.835411471321706,20260515,-12.493765586034911,-13.940149625935172,20260520,-15.261845386533679,-16.08478802992519
002289,002289.SZ,宇顺电子,元器件,20260508,42.33,52.48537333333333,52.48537333333333,0.0,8.18,3.6001,9051.02,0.0,momentum,BULL_TREND,100.0,100.0,90.5102,40.0,68.56997153494375,66.66666666666666,0.0,40.5,0.0,1,1,E_ablate_sector_vr1.2,True,,20260511,44.0,20260513,1.3636363636363669,-2.2727272727272707,20260515,2.022727272727276,-2.2727272727272707,20260520,-8.340909090909099,-9.090909090909093
002611,002611.SZ,东方精工,轻工机械,20260508,18.88,50.07281022420611,50.07281022420611,0.0,2.35,8.5656,27402.71,2.4289405684754644,momentum,BULL_TREND,61.63303783951375,100.0,100.0,60.0,37.10686841889925,20.0,0.0,68.27854548279049,0.0,2,2,E_ablate_sector_vr1.2,True,,20260511,18.88,20260513,-2.0656779661016977,-2.5423728813559365,20260515,-2.5953389830508433,-6.25,20260520,-0.052966101694906786,-6.25
601698,601698.SH,中国卫通,电信运营,20260508,39.8,48.13582058251947,48.13582058251947,0.0,2.24,3.2867,66498.12,2.6418786692759424,momentum,BULL_TREND,58.17493661414398,100.0,100.0,80.0,63.35527940758508,30.0,0.0,39.095800903978756,0.0,3,3,E_ablate_sector_vr1.2,True,,20260511,40.1,20260513,-4.2643391521197005,-5.835411471321706,20260515,-12.493765586034911,-13.940149625935172,20260520,-15.261845386533679,-16.08478802992519
600207,600207.SH,安彩高科,电气设备,20260508,6.55,51.20501918070101,51.20501918070101,0.0,4.41,9.345,3633.38,1.355421686746986,momentum,BULL_TREND,100.0,100.0,36.333800000000004,80.0,56.69386733955392,63.33333333333333,0.0,76.99579046123554,0.0,1,1,E_ablate_inflow_vr1.2,True,,20260511,6.4,20260513,2.499999999999991,-1.8750000000000044,20260515,4.999999999999982,-1.8750000000000044,20260520,-0.9375000000000022,-3.749999999999998
002289,002289.SZ,宇顺电子,元器件,20260508,42.33,48.041864852593044,48.041864852593044,0.0,8.18,3.6001,9051.02,0.0,momentum,BULL_TREND,100.0,100.0,90.5102,40.0,68.29265759629854,66.66666666666666,0.0,40.5,0.0,2,2,E_ablate_inflow_vr1.2,True,,20260511,44.0,20260513,1.3636363636363669,-2.2727272727272707,20260515,2.022727272727276,-2.2727272727272707,20260520,-8.340909090909099,-9.090909090909093
603960,603960.SH,克来机电,汽车配件,20260508,23.99,45.50712698239856,45.50712698239856,0.0,2.28,8.4582,6811.1,4.040000000000006,momentum,BULL_TREND,59.451691219500844,93.75999999999996,68.111,80.0,79.65105149661929,63.33333333333333,0.0,41.16496333482911,0.0,3,3,E_ablate_inflow_vr1.2,True,,20260511,24.22,20260513,-1.1147811725846446,-7.060280759702719,20260515,-4.211395540875307,-7.060280759702719,20260520,-7.844756399669695,-10.652353426919891
002289,002289.SZ,宇顺电子,元器件,20260508,42.33,62.14936764032208,62.14936764032208,0.0,8.18,3.6001,9051.02,0.0,momentum,BULL_TREND,100.0,100.0,90.5102,40.0,68.56997153494375,66.66666666666666,0.0,40.5,0.0,1,1,E_ablate_wyckoff_vr1.2,True,,20260511,44.0,20260513,1.3636363636363669,-2.2727272727272707,20260515,2.022727272727276,-2.2727272727272707,20260520,-8.340909090909099,-9.090909090909093
301550,301550.SZ,斯菱智驱,汽车配件,20260508,193.9,58.905383089028824,58.905383089028824,0.0,2.05,7.5664,30469.45,1.5736040609137025,momentum,BULL_TREND,51.781195486536056,100.0,100.0,80.0,78.19101883024206,30.0,0.0,39.02925705861391,0.0,2,2,E_ablate_wyckoff_vr1.2,True,,20260511,189.0,20260513,-3.6084656084656053,-4.6031746031745975,20260515,-3.0211640211640245,-10.3015873015873,20260520,-1.3227513227513255,-10.3015873015873
601698,601698.SH,中国卫通,电信运营,20260508,39.8,56.89729637363861,56.89729637363861,0.0,2.24,3.2867,66498.12,2.6418786692759424,momentum,BULL_TREND,58.17493661414398,100.0,100.0,80.0,63.35527940758508,30.0,0.0,39.095800903978756,0.0,3,3,E_ablate_wyckoff_vr1.2,True,,20260511,40.1,20260513,-4.2643391521197005,-5.835411471321706,20260515,-12.493765586034911,-13.940149625935172,20260520,-15.261845386533679,-16.08478802992519
002289,002289.SZ,宇顺电子,元器件,20260508,42.33,66.19936764032208,66.19936764032208,0.0,8.18,3.6001,9051.02,0.0,momentum,BULL_TREND,100.0,100.0,90.5102,40.0,68.56997153494375,66.66666666666666,0.0,40.5,0.0,1,1,E_ablate_accel_vr1.2,True,,20260511,44.0,20260513,1.3636363636363669,-2.2727272727272707,20260515,2.022727272727276,-2.2727272727272707,20260520,-8.340909090909099,-9.090909090909093
301550,301550.SZ,斯菱智驱,汽车配件,20260508,193.9,62.80830879489021,62.80830879489021,0.0,2.05,7.5664,30469.45,1.5736040609137025,momentum,BULL_TREND,51.781195486536056,100.0,100.0,80.0,78.19101883024206,30.0,0.0,39.02925705861391,0.0,2,2,E_ablate_accel_vr1.2,True,,20260511,189.0,20260513,-3.6084656084656053,-4.6031746031745975,20260515,-3.0211640211640245,-10.3015873015873,20260520,-1.3227513227513255,-10.3015873015873
601698,601698.SH,中国卫通,电信运营,20260508,39.8,60.80687646403649,60.80687646403649,0.0,2.24,3.2867,66498.12,2.6418786692759424,momentum,BULL_TREND,58.17493661414398,100.0,100.0,80.0,63.35527940758508,30.0,0.0,39.095800903978756,0.0,3,3,E_ablate_accel_vr1.2,True,,20260511,40.1,20260513,-4.2643391521197005,-5.835411471321706,20260515,-12.493765586034911,-13.940149625935172,20260520,-15.261845386533679,-16.08478802992519
600563,600563.SH,法拉电子,元器件,20260511,128.7,70.6584282945022,62.33892852084897,8.319499773653238,1.79,5.2358,35090.84,1.7557251908397034,momentum,BULL_TREND,41.99797937447659,100.0,100.0,65.0,83.19499773653237,20.0,0.0,51.502320673710045,0.0,1,1,A_recovered_proxy_vr1.5,True,,20260512,129.0,20260514,1.449612403100775,-3.8139534883720905,20260518,4.0155038759690065,-3.8139534883720905,20260521,22.759689922480632,-3.8139534883720905
603005,603005.SH,晶方科技,半导体,20260511,32.92,67.52624291115607,59.58854331346579,7.937699597690281,1.52,9.8004,12094.79,0.8433734939759069,momentum,BULL_TREND,30.203566183443044,100.0,100.0,80.0,79.3769959769028,0.0,0.0,51.8260919056877,0.0,2,2,A_recovered_proxy_vr1.5,True,,20260512,32.92,20260514,-0.486026731470246,-3.7059538274605175,20260518,0.3341433778857761,-3.7059538274605175,20260521,9.599027946537042,-3.7059538274605175
601179,601179.SH,中国西电,电气设备,20260511,18.1,67.31163744191517,60.98237301812585,6.329264423789321,1.85,6.2207,72388.93,2.215018908698002,momentum,BULL_TREND,44.376263537079375,100.0,100.0,65.0,63.29264423789321,66.66666666666666,0.0,50.84071306651964,0.0,3,3,A_recovered_proxy_vr1.5,True,,20260512,18.1,20260514,-2.707182320442003,-2.7624309392265234,20260518,-5.414364640883984,-7.016574585635372,20260521,-10.93922651933702,-11.049723756906072
600563,600563.SH,法拉电子,元器件,20260511,128.7,62.33892852084897,62.33892852084897,0.0,1.79,5.2358,35090.84,1.7557251908397034,momentum,BULL_TREND,41.99797937447659,100.0,100.0,65.0,83.19499773653237,20.0,0.0,51.502320673710045,0.0,1,1,B_pure_quant_vr1.5,True,,20260512,129.0,20260514,1.449612403100775,-3.8139534883720905,20260518,4.0155038759690065,-3.8139534883720905,20260521,22.759689922480632,-3.8139534883720905
601179,601179.SH,中国西电,电气设备,20260511,18.1,60.98237301812585,60.98237301812585,0.0,1.85,6.2207,72388.93,2.215018908698002,momentum,BULL_TREND,44.376263537079375,100.0,100.0,65.0,63.29264423789321,66.66666666666666,0.0,50.84071306651964,0.0,2,2,B_pure_quant_vr1.5,True,,20260512,18.1,20260514,-2.707182320442003,-2.7624309392265234,20260518,-5.414364640883984,-7.016574585635372,20260521,-10.93922651933702,-11.049723756906072
603005,603005.SH,晶方科技,半导体,20260511,32.92,59.58854331346579,59.58854331346579,0.0,1.52,9.8004,12094.79,0.8433734939759069,momentum,BULL_TREND,30.203566183443044,100.0,100.0,80.0,79.3769959769028,0.0,0.0,51.8260919056877,0.0,3,3,B_pure_quant_vr1.5,True,,20260512,32.92,20260514,-0.486026731470246,-3.7059538274605175,20260518,0.3341433778857761,-3.7059538274605175,20260521,9.599027946537042,-3.7059538274605175
600563,600563.SH,法拉电子,元器件,20260511,128.7,68.84743649212439,61.13160065259709,7.715835839527301,1.79,5.2358,35090.84,1.7557251908397034,momentum,BULL_TREND,41.99797937447659,100.0,100.0,65.0,77.15835839527301,20.0,0.0,51.502320673710045,0.0,1,1,A_recovered_proxy_vr1.2,True,,20260512,129.0,20260514,1.449612403100775,-3.8139534883720905,20260518,4.0155038759690065,-3.8139534883720905,20260521,22.759689922480632,-3.8139534883720905
603005,603005.SH,晶方科技,半导体,20260511,32.92,68.4590961611664,60.21044548013934,8.248650681027058,1.52,9.8004,12094.79,0.8433734939759069,momentum,BULL_TREND,30.203566183443044,100.0,100.0,80.0,82.48650681027058,0.0,0.0,51.8260919056877,0.0,2,2,A_recovered_proxy_vr1.2,True,,20260512,32.92,20260514,-0.486026731470246,-3.7059538274605175,20260518,0.3341433778857761,-3.7059538274605175,20260521,9.599027946537042,-3.7059538274605175
301606,301606.SZ,绿联科技,元器件,20260511,76.31,67.06066078978375,59.34482495025646,7.715835839527301,1.31,4.7455,13172.8,3.2826362484157205,momentum,BULL_TREND,19.47834058813628,98.30418250950568,100.0,65.0,77.15835839527301,33.33333333333333,0.0,62.44317265364177,0.0,3,3,A_recovered_proxy_vr1.2,True,,20260512,76.31,20260514,7.7578299043375765,-2.673306250819041,20260518,5.844581313065111,-2.673306250819041,20260521,0.7993709867645027,-2.673306250819041
600563,600563.SH,法拉电子,元器件,20260511,128.7,61.13160065259709,61.13160065259709,0.0,1.79,5.2358,35090.84,1.7557251908397034,momentum,BULL_TREND,41.99797937447659,100.0,100.0,65.0,77.15835839527301,20.0,0.0,51.502320673710045,0.0,1,1,D_pure_quant_vr1.2,True,,20260512,129.0,20260514,1.449612403100775,-3.8139534883720905,20260518,4.0155038759690065,-3.8139534883720905,20260521,22.759689922480632,-3.8139534883720905
603005,603005.SH,晶方科技,半导体,20260511,32.92,60.21044548013934,60.21044548013934,0.0,1.52,9.8004,12094.79,0.8433734939759069,momentum,BULL_TREND,30.203566183443044,100.0,100.0,80.0,82.48650681027058,0.0,0.0,51.8260919056877,0.0,2,2,D_pure_quant_vr1.2,True,,20260512,32.92,20260514,-0.486026731470246,-3.7059538274605175,20260518,0.3341433778857761,-3.7059538274605175,20260521,9.599027946537042,-3.7059538274605175
301606,301606.SZ,绿联科技,元器件,20260511,76.31,59.34482495025646,59.34482495025646,0.0,1.31,4.7455,13172.8,3.2826362484157205,momentum,BULL_TREND,19.47834058813628,98.30418250950568,100.0,65.0,77.15835839527301,33.33333333333333,0.0,62.44317265364177,0.0,3,3,D_pure_quant_vr1.2,True,,20260512,76.31,20260514,7.7578299043375765,-2.673306250819041,20260518,5.844581313065111,-2.673306250819041,20260521,0.7993709867645027,-2.673306250819041
603010,603010.SH,万盛股份,化工原料,20260511,15.89,48.73559819533221,48.73559819533221,0.0,2.01,7.1066,11810.25,0.5632040050062569,momentum,BULL_TREND,50.35977507021019,100.0,100.0,65.0,38.878667998720346,33.33333333333333,0.0,62.64965268134017,0.0,1,1,E_ablate_sector_vr1.2,True,,20260512,15.92,20260514,-6.092964824120606,-7.788944723618096,20260518,-9.547738693467334,-10.175879396984921,20260521,-16.52010050251257,-16.7713567839196
601179,601179.SH,中国西电,电气设备,20260511,18.1,48.323844170547204,48.323844170547204,0.0,1.85,6.2207,72388.93,2.215018908698002,momentum,BULL_TREND,44.376263537079375,100.0,100.0,65.0,54.15101573629177,66.66666666666666,0.0,50.84071306651964,0.0,2,2,E_ablate_sector_vr1.2,True,,20260512,18.1,20260514,-2.707182320442003,-2.7624309392265234,20260518,-5.414364640883984,-7.016574585635372,20260521,-10.93922651933702,-11.049723756906072
002611,002611.SZ,东方精工,轻工机械,20260511,19.33,46.596616633588155,46.596616633588155,0.0,1.67,7.5969,18176.34,1.7285205897305713,momentum,BULL_TREND,36.99240513496637,100.0,100.0,100.0,24.94079888273243,10.0,0.0,55.47755863343197,0.0,3,3,E_ablate_sector_vr1.2,True,,20260512,19.33,20260514,-7.346094154164506,-7.397827211588204,20260518,0.2586652871184647,-8.432488360062074,20260521,-3.310915675116388,-8.432488360062074
600563,600563.SH,法拉电子,元器件,20260511,128.7,55.98136858522609,55.98136858522609,0.0,1.79,5.2358,35090.84,1.7557251908397034,momentum,BULL_TREND,41.99797937447659,100.0,100.0,65.0,77.15835839527301,20.0,0.0,51.502320673710045,0.0,1,1,E_ablate_wyckoff_vr1.2,True,,20260512,129.0,20260514,1.449612403100775,-3.8139534883720905,20260518,4.0155038759690065,-3.8139534883720905,20260521,22.759689922480632,-3.8139534883720905
603005,603005.SH,晶方科技,半导体,20260511,32.92,55.02783628957057,55.02783628957057,0.0,1.52,9.8004,12094.79,0.8433734939759069,momentum,BULL_TREND,30.203566183443044,100.0,100.0,80.0,82.48650681027058,0.0,0.0,51.8260919056877,0.0,2,2,E_ablate_wyckoff_vr1.2,True,,20260512,32.92,20260514,-0.486026731470246,-3.7059538274605175,20260518,0.3341433778857761,-3.7059538274605175,20260521,9.599027946537042,-3.7059538274605175
002815,002815.SZ,崇达技术,元器件,20260511,16.18,54.14938539873512,54.14938539873512,0.0,1.41,8.9793,18492.14,2.0581113801452777,momentum,BULL_TREND,24.78475813120344,100.0,100.0,80.0,77.15835839527301,20.0,0.0,48.26962662210848,0.0,3,3,E_ablate_wyckoff_vr1.2,True,,20260512,16.18,20260514,-0.30902348578492056,-1.6687268232385644,20260518,-2.595797280593326,-5.933250927070455,20260521,-7.231149567367123,-7.354758961681085
600563,600563.SH,法拉电子,元器件,20260511,128.7,61.13160065259709,61.13160065259709,0.0,1.79,5.2358,35090.84,1.7557251908397034,momentum,BULL_TREND,41.99797937447659,100.0,100.0,65.0,77.15835839527301,20.0,0.0,51.502320673710045,0.0,1,1,E_ablate_accel_vr1.2,True,,20260512,129.0,20260514,1.449612403100775,-3.8139534883720905,20260518,4.0155038759690065,-3.8139534883720905,20260521,22.759689922480632,-3.8139534883720905
603005,603005.SH,晶方科技,半导体,20260511,32.92,60.21044548013934,60.21044548013934,0.0,1.52,9.8004,12094.79,0.8433734939759069,momentum,BULL_TREND,30.203566183443044,100.0,100.0,80.0,82.48650681027058,0.0,0.0,51.8260919056877,0.0,2,2,E_ablate_accel_vr1.2,True,,20260512,32.92,20260514,-0.486026731470246,-3.7059538274605175,20260518,0.3341433778857761,-3.7059538274605175,20260521,9.599027946537042,-3.7059538274605175
301606,301606.SZ,绿联科技,元器件,20260511,76.31,59.34482495025646,59.34482495025646,0.0,1.31,4.7455,13172.8,3.2826362484157205,momentum,BULL_TREND,19.47834058813628,98.30418250950568,100.0,65.0,77.15835839527301,33.33333333333333,0.0,62.44317265364177,0.0,3,3,E_ablate_accel_vr1.2,True,,20260512,76.31,20260514,7.7578299043375765,-2.673306250819041,20260518,5.844581313065111,-2.673306250819041,20260521,0.7993709867645027,-2.673306250819041
603227,603227.SH,雪峰科技,化工原料,20260515,8.84,72.84696360462239,72.84696360462239,0.0,2.98,3.7013,5696.95,12.648221343873512,sideways,BULL_TREND,78.76561653437184,100.0,56.9695,65.0,53.32939658345165,76.66666666666667,85.394,99.89687621841254,0.0,1,1,A_recovered_proxy_vr1.5,True,,20260518,8.99,20260520,-3.2258064516129115,-4.783092324805338,20260522,-6.451612903225811,-6.785317018909898,20260527,-0.11123470522802492,-7.119021134593995
000887,000887.SZ,中鼎股份,汽车配件,20260515,18.36,64.14413635195702,56.32600009392,7.818136258037011,2.04,4.1266,11882.9,3.622047244094495,sideways,BULL_TREND,51.42845760983854,36.22047244094495,100.0,40.0,78.1813625803701,20.0,100.0,69.30025913076769,0.0,2,2,A_recovered_proxy_vr1.5,True,,20260518,18.26,20260520,1.3691128148959564,-0.21905805038336945,20260522,12.10295728368016,-0.21905805038336945,20260527,7.776560788608977,-0.21905805038336945
002150,002150.SZ,正泰电源,机械基件,20260515,29.72,64.10934215672745,64.10934215672745,0.0,2.13,9.1112,6809.19,9.417860408412078,sideways,BULL_TREND,54.54267152255567,100.0,68.0919,80.0,54.556174458252734,30.0,100.0,57.962502108560756,0.0,3,3,A_recovered_proxy_vr1.5,True,,20260518,28.8,20260520,19.340277777777757,-0.3472222222222321,20260522,18.055555555555557,-0.3472222222222321,20260527,23.15972222222222,-0.3472222222222321
603227,603227.SH,雪峰科技,化工原料,20260515,8.84,72.84696360462239,72.84696360462239,0.0,2.98,3.7013,5696.95,12.648221343873512,sideways,BULL_TREND,78.76561653437184,100.0,56.9695,65.0,53.32939658345165,76.66666666666667,85.394,99.89687621841254,0.0,1,1,B_pure_quant_vr1.5,True,,20260518,8.99,20260520,-3.2258064516129115,-4.783092324805338,20260522,-6.451612903225811,-6.785317018909898,20260527,-0.11123470522802492,-7.119021134593995
002150,002150.SZ,正泰电源,机械基件,20260515,29.72,64.10934215672745,64.10934215672745,0.0,2.13,9.1112,6809.19,9.417860408412078,sideways,BULL_TREND,54.54267152255567,100.0,68.0919,80.0,54.556174458252734,30.0,100.0,57.962502108560756,0.0,2,2,B_pure_quant_vr1.5,True,,20260518,28.8,20260520,19.340277777777757,-0.3472222222222321,20260522,18.055555555555557,-0.3472222222222321,20260527,23.15972222222222,-0.3472222222222321
600382,600382.SH,广东明珠,普钢,20260515,9.06,59.875398375835964,59.875398375835964,0.0,1.79,6.0485,7518.71,12.294288480154885,sideways,BULL_TREND,41.99797937447659,100.0,75.1871,100.0,35.59146196685326,33.33333333333333,83.818,59.1122079313038,0.0,3,3,B_pure_quant_vr1.5,True,,20260518,8.18,20260520,-1.589242053789719,-1.7114914425427896,20260522,16.870415647921778,-1.7114914425427896,20260527,1.5892420537897411,-1.7114914425427896
603227,603227.SH,雪峰科技,化工原料,20260515,8.84,72.81809748341885,72.81809748341885,0.0,2.98,3.7013,5696.95,12.648221343873512,sideways,BULL_TREND,78.76561653437184,100.0,56.9695,65.0,53.136955775428035,76.66666666666667,85.394,99.89687621841254,0.0,1,1,A_recovered_proxy_vr1.2,True,,20260518,8.99,20260520,-3.2258064516129115,-4.783092324805338,20260522,-6.451612903225811,-6.785317018909898,20260527,-0.11123470522802492,-7.119021134593995
000887,000887.SZ,中鼎股份,汽车配件,20260515,18.36,65.05349343550556,56.871614344049135,8.181879091456429,2.04,4.1266,11882.9,3.622047244094495,sideways,BULL_TREND,51.42845760983854,36.22047244094495,100.0,40.0,81.81879091456429,20.0,100.0,69.30025913076769,0.0,2,2,A_recovered_proxy_vr1.2,True,,20260518,18.26,20260520,1.3691128148959564,-0.21905805038336945,20260522,12.10295728368016,-0.21905805038336945,20260527,7.776560788608977,-0.21905805038336945
002150,002150.SZ,正泰电源,机械基件,20260515,29.72,62.234324474268035,62.234324474268035,0.0,2.13,9.1112,6809.19,9.417860408412078,sideways,BULL_TREND,54.54267152255567,100.0,68.0919,65.0,46.05605657518998,30.0,100.0,57.962502108560756,0.0,3,3,A_recovered_proxy_vr1.2,True,,20260518,28.8,20260520,19.340277777777757,-0.3472222222222321,20260522,18.055555555555557,-0.3472222222222321,20260527,23.15972222222222,-0.3472222222222321
603227,603227.SH,雪峰科技,化工原料,20260515,8.84,72.81809748341885,72.81809748341885,0.0,2.98,3.7013,5696.95,12.648221343873512,sideways,BULL_TREND,78.76561653437184,100.0,56.9695,65.0,53.136955775428035,76.66666666666667,85.394,99.89687621841254,0.0,1,1,D_pure_quant_vr1.2,True,,20260518,8.99,20260520,-3.2258064516129115,-4.783092324805338,20260522,-6.451612903225811,-6.785317018909898,20260527,-0.11123470522802492,-7.119021134593995
002150,002150.SZ,正泰电源,机械基件,20260515,29.72,62.234324474268035,62.234324474268035,0.0,2.13,9.1112,6809.19,9.417860408412078,sideways,BULL_TREND,54.54267152255567,100.0,68.0919,65.0,46.05605657518998,30.0,100.0,57.962502108560756,0.0,2,2,D_pure_quant_vr1.2,True,,20260518,28.8,20260520,19.340277777777757,-0.3472222222222321,20260522,18.055555555555557,-0.3472222222222321,20260527,23.15972222222222,-0.3472222222222321
600382,600382.SH,广东明珠,普钢,20260515,9.06,59.87525172001463,59.87525172001463,0.0,1.79,6.0485,7518.71,12.294288480154885,sideways,BULL_TREND,41.99797937447659,100.0,75.1871,100.0,35.59048426137774,33.33333333333333,83.818,59.1122079313038,0.0,3,3,D_pure_quant_vr1.2,True,,20260518,8.18,20260520,-1.589242053789719,-1.7114914425427896,20260522,16.870415647921778,-1.7114914425427896,20260527,1.5892420537897411,-1.7114914425427896
603227,603227.SH,雪峰科技,化工原料,20260515,8.84,64.84755411710465,64.84755411710465,0.0,2.98,3.7013,5696.95,12.648221343873512,sideways,BULL_TREND,78.76561653437184,100.0,56.9695,65.0,53.136955775428035,76.66666666666667,85.394,99.89687621841254,0.0,1,1,E_ablate_sector_vr1.2,True,,20260518,8.99,20260520,-3.2258064516129115,-4.783092324805338,20260522,-6.451612903225811,-6.785317018909898,20260527,-0.11123470522802492,-7.119021134593995
002150,002150.SZ,正泰电源,机械基件,20260515,29.72,55.32591598798954,55.32591598798954,0.0,2.13,9.1112,6809.19,9.417860408412078,sideways,BULL_TREND,54.54267152255567,100.0,68.0919,65.0,46.05605657518998,30.0,100.0,57.962502108560756,0.0,2,2,E_ablate_sector_vr1.2,True,,20260518,28.8,20260520,19.340277777777757,-0.3472222222222321,20260522,18.055555555555557,-0.3472222222222321,20260527,23.15972222222222,-0.3472222222222321
600382,600382.SH,广东明珠,普钢,20260515,9.06,54.53667908080797,54.53667908080797,0.0,1.79,6.0485,7518.71,12.294288480154885,sideways,BULL_TREND,41.99797937447659,100.0,75.1871,100.0,35.59048426137774,33.33333333333333,83.818,59.1122079313038,0.0,3,3,E_ablate_sector_vr1.2,True,,20260518,8.18,20260520,-1.589242053789719,-1.7114914425427896,20260522,16.870415647921778,-1.7114914425427896,20260527,1.5892420537897411,-1.7114914425427896
603227,603227.SH,雪峰科技,化工原料,20260515,8.84,63.148287759969655,63.148287759969655,0.0,2.98,3.7013,5696.95,12.648221343873512,sideways,BULL_TREND,78.76561653437184,100.0,56.9695,40.0,40.91382428576674,76.66666666666667,85.394,99.89687621841254,0.0,1,1,E_ablate_inflow_vr1.2,True,,20260518,8.99,20260520,-3.2258064516129115,-4.783092324805338,20260522,-6.451612903225811,-6.785317018909898,20260527,-0.11123470522802492,-7.119021134593995
002150,002150.SZ,正泰电源,机械基件,20260515,29.72,54.09005988715586,54.09005988715586,0.0,2.13,9.1112,6809.19,9.417860408412078,sideways,BULL_TREND,54.54267152255567,100.0,68.0919,65.0,46.23447932777547,30.0,100.0,57.962502108560756,0.0,2,2,E_ablate_inflow_vr1.2,True,,20260518,28.8,20260520,19.340277777777757,-0.3472222222222321,20260522,18.055555555555557,-0.3472222222222321,20260527,23.15972222222222,-0.3472222222222321
600382,600382.SH,广东明珠,普钢,20260515,9.06,50.85981713012416,50.85981713012416,0.0,1.79,6.0485,7518.71,12.294288480154885,sideways,BULL_TREND,41.99797937447659,100.0,75.1871,100.0,35.63726699544127,33.33333333333333,83.818,59.1122079313038,0.0,3,3,E_ablate_inflow_vr1.2,True,,20260518,8.18,20260520,-1.589242053789719,-1.7114914425427896,20260522,16.870415647921778,-1.7114914425427896,20260527,1.5892420537897411,-1.7114914425427896
603227,603227.SH,雪峰科技,化工原料,20260515,8.84,60.83047233720934,60.83047233720934,0.0,2.98,3.7013,5696.95,12.648221343873512,sideways,BULL_TREND,78.76561653437184,100.0,56.9695,65.0,53.136955775428035,76.66666666666667,85.394,99.89687621841254,0.0,1,1,E_ablate_wyckoff_vr1.2,True,,20260518,8.99,20260520,-3.2258064516129115,-4.783092324805338,20260522,-6.451612903225811,-6.785317018909898,20260527,-0.11123470522802492,-7.119021134593995
002150,002150.SZ,正泰电源,机械基件,20260515,29.72,55.27882422124075,55.27882422124075,0.0,2.13,9.1112,6809.19,9.417860408412078,sideways,BULL_TREND,54.54267152255567,100.0,68.0919,65.0,46.05605657518998,30.0,100.0,57.962502108560756,0.0,2,2,E_ablate_wyckoff_vr1.2,True,,20260518,28.8,20260520,19.340277777777757,-0.3472222222222321,20260522,18.055555555555557,-0.3472222222222321,20260527,23.15972222222222,-0.3472222222222321
600382,600382.SH,广东明珠,普钢,20260515,9.06,52.78178676825818,52.78178676825818,0.0,1.79,6.0485,7518.71,12.294288480154885,sideways,BULL_TREND,41.99797937447659,100.0,75.1871,100.0,35.59048426137774,33.33333333333333,83.818,59.1122079313038,0.0,3,3,E_ablate_wyckoff_vr1.2,True,,20260518,8.18,20260520,-1.589242053789719,-1.7114914425427896,20260522,16.870415647921778,-1.7114914425427896,20260527,1.5892420537897411,-1.7114914425427896
603227,603227.SH,雪峰科技,化工原料,20260515,8.84,72.81809748341885,72.81809748341885,0.0,2.98,3.7013,5696.95,12.648221343873512,sideways,BULL_TREND,78.76561653437184,100.0,56.9695,65.0,53.136955775428035,76.66666666666667,85.394,99.89687621841254,0.0,1,1,E_ablate_accel_vr1.2,True,,20260518,8.99,20260520,-3.2258064516129115,-4.783092324805338,20260522,-6.451612903225811,-6.785317018909898,20260527,-0.11123470522802492,-7.119021134593995
002150,002150.SZ,正泰电源,机械基件,20260515,29.72,62.234324474268035,62.234324474268035,0.0,2.13,9.1112,6809.19,9.417860408412078,sideways,BULL_TREND,54.54267152255567,100.0,68.0919,65.0,46.05605657518998,30.0,100.0,57.962502108560756,0.0,2,2,E_ablate_accel_vr1.2,True,,20260518,28.8,20260520,19.340277777777757,-0.3472222222222321,20260522,18.055555555555557,-0.3472222222222321,20260527,23.15972222222222,-0.3472222222222321
600382,600382.SH,广东明珠,普钢,20260515,9.06,59.87525172001463,59.87525172001463,0.0,1.79,6.0485,7518.71,12.294288480154885,sideways,BULL_TREND,41.99797937447659,100.0,75.1871,100.0,35.59048426137774,33.33333333333333,83.818,59.1122079313038,0.0,3,3,E_ablate_accel_vr1.2,True,,20260518,8.18,20260520,-1.589242053789719,-1.7114914425427896,20260522,16.870415647921778,-1.7114914425427896,20260527,1.5892420537897411,-1.7114914425427896
600157,600157.SH,永泰能源,火力发电,20260519,1.82,58.64707905766642,49.53513655087874,9.111942506787674,1.33,4.9682,54324.0,4.712041884816746,bear,BULL_TREND,20.57131228632325,47.12041884816746,100.0,80.0,91.11942506787673,33.33333333333333,0.0,42.56979395368836,0.0,1,1,A_recovered_proxy_vr1.2,True,,20260520,1.82,20260522,-4.94505494505495,-6.593406593406604,20260526,-3.8461538461538547,-6.593406593406604,20260529,0.0,-6.593406593406604
603918,603918.SH,金桥信息,软件服务,20260519,13.31,57.29553784926269,48.18905079327232,9.10648705599037,1.44,4.1739,3564.2,5.803255484784149,bear,BULL_TREND,26.303440583379377,63.387591413069146,35.641999999999996,65.0,91.06487055990368,33.33333333333333,0.0,60.44655419501194,0.0,2,2,A_recovered_proxy_vr1.2,True,,20260520,13.24,20260522,-5.362537764350462,-8.006042296072513,20260526,-9.29003021148036,-10.7250755287009,20260529,-15.030211480362542,-15.407854984894264
002212,002212.SZ,天融信,软件服务,20260519,7.63,50.392233745851506,41.285746689861135,9.10648705599037,1.21,3.0029,6761.26,4.385964912280708,bear,BULL_TREND,13.750352374993488,43.859649122807085,67.6126,40.0,91.06487055990368,33.33333333333333,0.0,38.09697591410657,0.0,3,3,A_recovered_proxy_vr1.2,True,,20260520,7.61,20260522,-4.5992115637319415,-6.044678055190533,20260526,-5.650459921156381,-6.701708278580821,20260529,-13.009198423127465,-13.272010512483579
600157,600157.SH,永泰能源,火力发电,20260519,1.82,49.53513655087874,49.53513655087874,0.0,1.33,4.9682,54324.0,4.712041884816746,bear,BULL_TREND,20.57131228632325,47.12041884816746,100.0,80.0,91.11942506787673,33.33333333333333,0.0,42.56979395368836,0.0,1,1,D_pure_quant_vr1.2,True,,20260520,1.82,20260522,-4.94505494505495,-6.593406593406604,20260526,-3.8461538461538547,-6.593406593406604,20260529,0.0,-6.593406593406604
603918,603918.SH,金桥信息,软件服务,20260519,13.31,48.18905079327232,48.18905079327232,0.0,1.44,4.1739,3564.2,5.803255484784149,bear,BULL_TREND,26.303440583379377,63.387591413069146,35.641999999999996,65.0,91.06487055990368,33.33333333333333,0.0,60.44655419501194,0.0,2,2,D_pure_quant_vr1.2,True,,20260520,13.24,20260522,-5.362537764350462,-8.006042296072513,20260526,-9.29003021148036,-10.7250755287009,20260529,-15.030211480362542,-15.407854984894264
600157,600157.SH,永泰能源,火力发电,20260519,1.82,49.53513655087874,49.53513655087874,0.0,1.33,4.9682,54324.0,4.712041884816746,bear,BULL_TREND,20.57131228632325,47.12041884816746,100.0,80.0,91.11942506787673,33.33333333333333,0.0,42.56979395368836,0.0,1,1,E_ablate_accel_vr1.2,True,,20260520,1.82,20260522,-4.94505494505495,-6.593406593406604,20260526,-3.8461538461538547,-6.593406593406604,20260529,0.0,-6.593406593406604
603918,603918.SH,金桥信息,软件服务,20260519,13.31,48.18905079327232,48.18905079327232,0.0,1.44,4.1739,3564.2,5.803255484784149,bear,BULL_TREND,26.303440583379377,63.387591413069146,35.641999999999996,65.0,91.06487055990368,33.33333333333333,0.0,60.44655419501194,0.0,2,2,E_ablate_accel_vr1.2,True,,20260520,13.24,20260522,-5.362537764350462,-8.006042296072513,20260526,-9.29003021148036,-10.7250755287009,20260529,-15.030211480362542,-15.407854984894264
000407,000407.SZ,胜利股份,供气供热,20260520,4.83,64.43813927719023,57.387032336418734,7.051106940771501,2.65,6.0944,7098.55,4.733727810650891,bear,BULL_TREND,70.29961798379183,47.33727810650891,70.9855,100.0,70.511069407715,33.33333333333333,0.0,64.54440098940545,0.0,1,1,A_recovered_proxy_vr1.5,True,,20260521,4.78,20260525,-6.485355648535574,-6.903765690376574,20260527,-12.552301255230136,-13.389121338912148,20260601,-10.041841004184104,-13.598326359832647
600635,600635.SH,大众公用,供气供热,20260520,5.53,62.390805585666556,55.33969864489505,7.051106940771501,2.62,5.6261,6667.01,3.826086956521735,bear,BULL_TREND,69.47834058813628,38.26086956521735,66.6701,100.0,70.511069407715,0.0,0.0,75.5,0.0,2,2,A_recovered_proxy_vr1.5,True,,20260521,5.4,20260525,1.4814814814814836,-1.1111111111111183,20260527,7.592592592592573,-1.1111111111111183,20260601,-0.7407407407407418,-3.888888888888886
002584,002584.SZ,西陇科学,化工原料,20260520,8.46,54.12581896410722,46.267762425498084,7.858056538609134,2.42,10.9704,4690.83,0.47058823529410765,bear,BULL_TREND,63.75035237499349,4.705882352941076,46.9083,65.0,78.58056538609134,63.33333333333333,0.0,82.70536092310095,0.0,3,3,A_recovered_proxy_vr1.5,True,,20260521,8.46,20260525,-0.11820330969268822,-7.801418439716324,20260527,-5.910165484633579,-7.801418439716324,20260601,-10.165484633569754,-12.529550827423176
000407,000407.SZ,胜利股份,供气供热,20260520,4.83,57.387032336418734,57.387032336418734,0.0,2.65,6.0944,7098.55,4.733727810650891,bear,BULL_TREND,70.29961798379183,47.33727810650891,70.9855,100.0,70.511069407715,33.33333333333333,0.0,64.54440098940545,0.0,1,1,B_pure_quant_vr1.5,True,,20260521,4.78,20260525,-6.485355648535574,-6.903765690376574,20260527,-12.552301255230136,-13.389121338912148,20260601,-10.041841004184104,-13.598326359832647
600635,600635.SH,大众公用,供气供热,20260520,5.53,55.33969864489505,55.33969864489505,0.0,2.62,5.6261,6667.01,3.826086956521735,bear,BULL_TREND,69.47834058813628,38.26086956521735,66.6701,100.0,70.511069407715,0.0,0.0,75.5,0.0,2,2,B_pure_quant_vr1.5,True,,20260521,5.4,20260525,1.4814814814814836,-1.1111111111111183,20260527,7.592592592592573,-1.1111111111111183,20260601,-0.7407407407407418,-3.888888888888886
002042,002042.SZ,华孚时尚,纺织,20260520,5.13,51.30972164765696,51.30972164765696,0.0,1.53,6.3643,5175.25,8.392857142857139,bear,BULL_TREND,30.676582645896357,100.0,51.7525,100.0,47.709164094114676,0.0,0.0,43.28499042868802,0.0,3,3,B_pure_quant_vr1.5,True,,20260521,5.12,20260525,-3.710937500000011,-9.765625,20260527,-15.03906250000001,-15.4296875,20260601,-18.35937500000001,-18.75
000407,000407.SZ,胜利股份,供气供热,20260520,4.83,55.165023769841355,55.165023769841355,0.0,2.65,6.0944,7098.55,4.733727810650891,bear,BULL_TREND,70.29961798379183,47.33727810650891,70.9855,100.0,55.6976789638658,33.33333333333333,0.0,64.54440098940545,0.0,1,1,A_recovered_proxy_vr1.2,True,,20260521,4.78,20260525,-6.485355648535574,-6.903765690376574,20260527,-12.552301255230136,-13.389121338912148,20260601,-10.041841004184104,-13.598326359832647
002584,002584.SZ,西陇科学,化工原料,20260520,8.46,54.410848352918094,46.99878005878461,7.412068294133483,2.42,10.9704,4690.83,0.47058823529410765,bear,BULL_TREND,63.75035237499349,4.705882352941076,46.9083,100.0,74.12068294133482,63.33333333333333,0.0,82.70536092310095,0.0,2,2,A_recovered_proxy_vr1.2,True,,20260521,8.46,20260525,-0.11820330969268822,-7.801418439716324,20260527,-5.910165484633579,-7.801418439716324,20260601,-10.165484633569754,-12.529550827423176
600635,600635.SH,大众公用,供气供热,20260520,5.53,53.117690078317665,53.117690078317665,0.0,2.62,5.6261,6667.01,3.826086956521735,bear,BULL_TREND,69.47834058813628,38.26086956521735,66.6701,100.0,55.6976789638658,0.0,0.0,75.5,0.0,3,3,A_recovered_proxy_vr1.2,True,,20260521,5.4,20260525,1.4814814814814836,-1.1111111111111183,20260527,7.592592592592573,-1.1111111111111183,20260601,-0.7407407407407418,-3.888888888888886
000407,000407.SZ,胜利股份,供气供热,20260520,4.83,55.165023769841355,55.165023769841355,0.0,2.65,6.0944,7098.55,4.733727810650891,bear,BULL_TREND,70.29961798379183,47.33727810650891,70.9855,100.0,55.6976789638658,33.33333333333333,0.0,64.54440098940545,0.0,1,1,D_pure_quant_vr1.2,True,,20260521,4.78,20260525,-6.485355648535574,-6.903765690376574,20260527,-12.552301255230136,-13.389121338912148,20260601,-10.041841004184104,-13.598326359832647
600635,600635.SH,大众公用,供气供热,20260520,5.53,53.117690078317665,53.117690078317665,0.0,2.62,5.6261,6667.01,3.826086956521735,bear,BULL_TREND,69.47834058813628,38.26086956521735,66.6701,100.0,55.6976789638658,0.0,0.0,75.5,0.0,2,2,D_pure_quant_vr1.2,True,,20260521,5.4,20260525,1.4814814814814836,-1.1111111111111183,20260527,7.592592592592573,-1.1111111111111183,20260601,-0.7407407407407418,-3.888888888888886
002042,002042.SZ,华孚时尚,纺织,20260520,5.13,50.47434336779188,50.47434336779188,0.0,1.53,6.3643,5175.25,8.392857142857139,bear,BULL_TREND,30.676582645896357,100.0,51.7525,100.0,42.1399755616808,0.0,0.0,43.28499042868802,0.0,3,3,D_pure_quant_vr1.2,True,,20260521,5.12,20260525,-3.710937500000011,-9.765625,20260527,-15.03906250000001,-15.4296875,20260601,-18.35937500000001,-18.75
000407,000407.SZ,胜利股份,供气供热,20260520,4.83,46.810371925261485,46.810371925261485,0.0,2.65,6.0944,7098.55,4.733727810650891,bear,BULL_TREND,70.29961798379183,47.33727810650891,70.9855,100.0,55.6976789638658,33.33333333333333,0.0,64.54440098940545,0.0,1,1,E_ablate_sector_vr1.2,True,,20260521,4.78,20260525,-6.485355648535574,-6.903765690376574,20260527,-12.552301255230136,-13.389121338912148,20260601,-10.041841004184104,-13.598326359832647
000407,000407.SZ,胜利股份,供气供热,20260520,4.83,47.419695651112704,47.419695651112704,0.0,2.65,6.0944,7098.55,4.733727810650891,bear,BULL_TREND,70.29961798379183,47.33727810650891,70.9855,100.0,55.6976789638658,33.33333333333333,0.0,64.54440098940545,0.0,1,1,E_ablate_wyckoff_vr1.2,True,,20260521,4.78,20260525,-6.485355648535574,-6.903765690376574,20260527,-12.552301255230136,-13.389121338912148,20260601,-10.041841004184104,-13.598326359832647
002042,002042.SZ,华孚时尚,纺织,20260520,5.13,45.28014451634932,45.28014451634932,0.0,1.53,6.3643,5175.25,8.392857142857139,bear,BULL_TREND,30.676582645896357,100.0,51.7525,100.0,42.1399755616808,0.0,0.0,43.28499042868802,0.0,2,2,E_ablate_wyckoff_vr1.2,True,,20260521,5.12,20260525,-3.710937500000011,-9.765625,20260527,-15.03906250000001,-15.4296875,20260601,-18.35937500000001,-18.75
000407,000407.SZ,胜利股份,供气供热,20260520,4.83,55.165023769841355,55.165023769841355,0.0,2.65,6.0944,7098.55,4.733727810650891,bear,BULL_TREND,70.29961798379183,47.33727810650891,70.9855,100.0,55.6976789638658,33.33333333333333,0.0,64.54440098940545,0.0,1,1,E_ablate_accel_vr1.2,True,,20260521,4.78,20260525,-6.485355648535574,-6.903765690376574,20260527,-12.552301255230136,-13.389121338912148,20260601,-10.041841004184104,-13.598326359832647
600635,600635.SH,大众公用,供气供热,20260520,5.53,53.117690078317665,53.117690078317665,0.0,2.62,5.6261,6667.01,3.826086956521735,bear,BULL_TREND,69.47834058813628,38.26086956521735,66.6701,100.0,55.6976789638658,0.0,0.0,75.5,0.0,2,2,E_ablate_accel_vr1.2,True,,20260521,5.4,20260525,1.4814814814814836,-1.1111111111111183,20260527,7.592592592592573,-1.1111111111111183,20260601,-0.7407407407407418,-3.888888888888886
002042,002042.SZ,华孚时尚,纺织,20260520,5.13,50.47434336779188,50.47434336779188,0.0,1.53,6.3643,5175.25,8.392857142857139,bear,BULL_TREND,30.676582645896357,100.0,51.7525,100.0,42.1399755616808,0.0,0.0,43.28499042868802,0.0,3,3,E_ablate_accel_vr1.2,True,,20260521,5.12,20260525,-3.710937500000011,-9.765625,20260527,-15.03906250000001,-15.4296875,20260601,-18.35937500000001,-18.75
000100,000100.SZ,TCL科技,元器件,20260522,4.38,68.59370531883562,61.503489583206296,7.090215735629328,2.21,10.2429,12494.65,5.806451612903235,sideways,BULL_TREND,57.202318480835345,63.44086021505392,100.0,65.0,70.90215735629327,33.33333333333333,0.0,75.5,0.0,1,1,A_recovered_proxy_vr1.5,True,,20260525,4.38,20260527,6.849315068493156,-1.1415525114155223,20260529,-2.2831050228310446,-2.73972602739726,20260603,8.219178082191792,-2.73972602739726
002125,002125.SZ,湘潭电化,化工原料,20260522,14.73,67.8293374398393,60.22305946128339,7.606277978555922,1.89,7.0889,5887.1,8.622828784119111,sideways,BULL_TREND,45.919311722317396,100.0,58.871,100.0,76.06277978555921,30.0,0.0,42.05728262116403,0.0,2,2,A_recovered_proxy_vr1.5,True,,20260525,14.7,20260527,-3.741496598639449,-4.965986394557809,20260529,0.7482993197279075,-7.14285714285714,20260603,13.265306122448983,-7.14285714285714
000050,000050.SZ,深天马A,元器件,20260522,7.95,64.3242861787645,57.23407044313517,7.090215735629328,2.35,3.859,3709.4,7.017543859649128,sideways,BULL_TREND,61.63303783951375,83.62573099415212,37.094,40.0,70.90215735629327,33.33333333333333,0.0,66.03225858015016,0.0,3,3,A_recovered_proxy_vr1.5,True,,20260525,7.94,20260527,3.5264483627204024,-0.6297229219143663,20260529,-4.030226700251893,-4.659949622166248,20260603,0.7556675062972307,-4.659949622166248
000100,000100.SZ,TCL科技,元器件,20260522,4.38,61.503489583206296,61.503489583206296,0.0,2.21,10.2429,12494.65,5.806451612903235,sideways,BULL_TREND,57.202318480835345,63.44086021505392,100.0,65.0,70.90215735629327,33.33333333333333,0.0,75.5,0.0,1,1,B_pure_quant_vr1.5,True,,20260525,4.38,20260527,6.849315068493156,-1.1415525114155223,20260529,-2.2831050228310446,-2.73972602739726,20260603,8.219178082191792,-2.73972602739726
002125,002125.SZ,湘潭电化,化工原料,20260522,14.73,60.22305946128339,60.22305946128339,0.0,1.89,7.0889,5887.1,8.622828784119111,sideways,BULL_TREND,45.919311722317396,100.0,58.871,100.0,76.06277978555921,30.0,0.0,42.05728262116403,0.0,2,2,B_pure_quant_vr1.5,True,,20260525,14.7,20260527,-3.741496598639449,-4.965986394557809,20260529,0.7482993197279075,-7.14285714285714,20260603,13.265306122448983,-7.14285714285714
000050,000050.SZ,深天马A,元器件,20260522,7.95,57.23407044313517,57.23407044313517,0.0,2.35,3.859,3709.4,7.017543859649128,sideways,BULL_TREND,61.63303783951375,83.62573099415212,37.094,40.0,70.90215735629327,33.33333333333333,0.0,66.03225858015016,0.0,3,3,B_pure_quant_vr1.5,True,,20260525,7.94,20260527,3.5264483627204024,-0.6297229219143663,20260529,-4.030226700251893,-4.659949622166248,20260603,0.7556675062972307,-4.659949622166248
000100,000100.SZ,TCL科技,元器件,20260522,4.38,70.73997244244757,63.03124985737346,7.7087225850741055,2.21,10.2429,12494.65,5.806451612903235,sideways,BULL_TREND,57.202318480835345,63.44086021505392,100.0,80.0,77.08722585074105,33.33333333333333,0.0,75.5,0.0,1,1,A_recovered_proxy_vr1.2,True,,20260525,4.38,20260527,6.849315068493156,-1.1415525114155223,20260529,-2.2831050228310446,-2.73972602739726,20260603,8.219178082191792,-2.73972602739726
000050,000050.SZ,深天马A,元器件,20260522,7.95,65.87055330237644,58.16183071730233,7.7087225850741055,2.35,3.859,3709.4,7.017543859649128,sideways,BULL_TREND,61.63303783951375,83.62573099415212,37.094,40.0,77.08722585074105,33.33333333333333,0.0,66.03225858015016,0.0,2,2,A_recovered_proxy_vr1.2,True,,20260525,7.94,20260527,3.5264483627204024,-0.6297229219143663,20260529,-4.030226700251893,-4.659949622166248,20260603,0.7556675062972307,-4.659949622166248
605196,605196.SH,华通线缆,电气设备,20260522,41.45,62.79145809451814,55.60850140992893,7.1829566845892145,1.21,3.0666,10885.45,15.009226983801515,sideways,BULL_TREND,13.750352374993488,99.90773016198486,100.0,80.0,71.82956684589215,30.0,0.0,33.57740187424889,0.0,3,3,A_recovered_proxy_vr1.2,True,,20260525,42.2,20260527,-0.7819905213270251,-7.9383886255924185,20260529,-6.374407582938401,-7.9383886255924185,20260603,0.5213270142180093,-8.293838862559245
000100,000100.SZ,TCL科技,元器件,20260522,4.38,63.03124985737346,63.03124985737346,0.0,2.21,10.2429,12494.65,5.806451612903235,sideways,BULL_TREND,57.202318480835345,63.44086021505392,100.0,80.0,77.08722585074105,33.33333333333333,0.0,75.5,0.0,1,1,D_pure_quant_vr1.2,True,,20260525,4.38,20260527,6.849315068493156,-1.1415525114155223,20260529,-2.2831050228310446,-2.73972602739726,20260603,8.219178082191792,-2.73972602739726
000050,000050.SZ,深天马A,元器件,20260522,7.95,58.16183071730233,58.16183071730233,0.0,2.35,3.859,3709.4,7.017543859649128,sideways,BULL_TREND,61.63303783951375,83.62573099415212,37.094,40.0,77.08722585074105,33.33333333333333,0.0,66.03225858015016,0.0,2,2,D_pure_quant_vr1.2,True,,20260525,7.94,20260527,3.5264483627204024,-0.6297229219143663,20260529,-4.030226700251893,-4.659949622166248,20260603,0.7556675062972307,-4.659949622166248
002125,002125.SZ,湘潭电化,化工原料,20260522,14.73,57.72241238122207,57.72241238122207,0.0,1.89,7.0889,5887.1,8.622828784119111,sideways,BULL_TREND,45.919311722317396,100.0,58.871,65.0,68.72513258515042,30.0,0.0,42.05728262116403,0.0,3,3,D_pure_quant_vr1.2,True,,20260525,14.7,20260527,-3.741496598639449,-4.965986394557809,20260529,0.7482993197279075,-7.14285714285714,20260603,13.265306122448983,-7.14285714285714
000100,000100.SZ,TCL科技,元器件,20260522,4.38,51.468165979762304,51.468165979762304,0.0,2.21,10.2429,12494.65,5.806451612903235,sideways,BULL_TREND,57.202318480835345,63.44086021505392,100.0,80.0,77.08722585074105,33.33333333333333,0.0,75.5,0.0,1,1,E_ablate_sector_vr1.2,True,,20260525,4.38,20260527,6.849315068493156,-1.1415525114155223,20260529,-2.2831050228310446,-2.73972602739726,20260603,8.219178082191792,-2.73972602739726
002125,002125.SZ,湘潭电化,化工原料,20260522,14.73,47.41364249344951,47.41364249344951,0.0,1.89,7.0889,5887.1,8.622828784119111,sideways,BULL_TREND,45.919311722317396,100.0,58.871,65.0,68.72513258515042,30.0,0.0,42.05728262116403,0.0,2,2,E_ablate_sector_vr1.2,True,,20260525,14.7,20260527,-3.741496598639449,-4.965986394557809,20260529,0.7482993197279075,-7.14285714285714,20260603,13.265306122448983,-7.14285714285714
000050,000050.SZ,深天马A,元器件,20260522,7.95,46.598746839691174,46.598746839691174,0.0,2.35,3.859,3709.4,7.017543859649128,sideways,BULL_TREND,61.63303783951375,83.62573099415212,37.094,40.0,77.08722585074105,33.33333333333333,0.0,66.03225858015016,0.0,3,3,E_ablate_sector_vr1.2,True,,20260525,7.94,20260527,3.5264483627204024,-0.6297229219143663,20260529,-4.030226700251893,-4.659949622166248,20260603,0.7556675062972307,-4.659949622166248
000050,000050.SZ,深天马A,元器件,20260522,7.95,53.35805420668667,53.35805420668667,0.0,2.35,3.859,3709.4,7.017543859649128,sideways,BULL_TREND,61.63303783951375,83.62573099415212,37.094,40.0,74.7372491133033,33.33333333333333,0.0,66.03225858015016,0.0,1,1,E_ablate_inflow_vr1.2,True,,20260525,7.94,20260527,3.5264483627204024,-0.6297229219143663,20260529,-4.030226700251893,-4.659949622166248,20260603,0.7556675062972307,-4.659949622166248
003027,003027.SZ,同兴科技,环境保护,20260522,23.88,51.85734094473,51.85734094473,0.0,2.27,10.6898,-1805.09,14.254937163375233,sideways,BULL_TREND,59.13461487580951,100.0,0.0,60.0,50.0,33.33333333333333,0.0,52.34215837821033,0.0,2,2,E_ablate_inflow_vr1.2,True,,20260525,24.81,20260527,-11.124546553808944,-11.446997178557039,20260529,-10.640870616686804,-13.583232567513093,20260603,-11.930673115679147,-13.583232567513093
002125,002125.SZ,湘潭电化,化工原料,20260522,14.73,50.61551012675217,50.61551012675217,0.0,1.89,7.0889,5887.1,8.622828784119111,sideways,BULL_TREND,45.919311722317396,100.0,58.871,65.0,68.44258422201773,30.0,0.0,42.05728262116403,0.0,3,3,E_ablate_inflow_vr1.2,True,,20260525,14.7,20260527,-3.741496598639449,-4.965986394557809,20260529,0.7482993197279075,-7.14285714285714,20260603,13.265306122448983,-7.14285714285714
000100,000100.SZ,TCL科技,元器件,20260522,4.38,53.971249857373465,53.971249857373465,0.0,2.21,10.2429,12494.65,5.806451612903235,sideways,BULL_TREND,57.202318480835345,63.44086021505392,100.0,80.0,77.08722585074105,33.33333333333333,0.0,75.5,0.0,1,1,E_ablate_wyckoff_vr1.2,True,,20260525,4.38,20260527,6.849315068493156,-1.1415525114155223,20260529,-2.2831050228310446,-2.73972602739726,20260603,8.219178082191792,-2.73972602739726
002125,002125.SZ,湘潭电化,化工原料,20260522,14.73,52.67553846668239,52.67553846668239,0.0,1.89,7.0889,5887.1,8.622828784119111,sideways,BULL_TREND,45.919311722317396,100.0,58.871,65.0,68.72513258515042,30.0,0.0,42.05728262116403,0.0,2,2,E_ablate_wyckoff_vr1.2,True,,20260525,14.7,20260527,-3.741496598639449,-4.965986394557809,20260529,0.7482993197279075,-7.14285714285714,20260603,13.265306122448983,-7.14285714285714
605196,605196.SH,华通线缆,电气设备,20260522,41.45,51.57921318501906,51.57921318501906,0.0,1.21,3.0666,10885.45,15.009226983801515,sideways,BULL_TREND,13.750352374993488,99.90773016198486,100.0,80.0,71.82956684589215,30.0,0.0,33.57740187424889,0.0,3,3,E_ablate_wyckoff_vr1.2,True,,20260525,42.2,20260527,-0.7819905213270251,-7.9383886255924185,20260529,-6.374407582938401,-7.9383886255924185,20260603,0.5213270142180093,-8.293838862559245
000100,000100.SZ,TCL科技,元器件,20260522,4.38,63.03124985737346,63.03124985737346,0.0,2.21,10.2429,12494.65,5.806451612903235,sideways,BULL_TREND,57.202318480835345,63.44086021505392,100.0,80.0,77.08722585074105,33.33333333333333,0.0,75.5,0.0,1,1,E_ablate_accel_vr1.2,True,,20260525,4.38,20260527,6.849315068493156,-1.1415525114155223,20260529,-2.2831050228310446,-2.73972602739726,20260603,8.219178082191792,-2.73972602739726
000050,000050.SZ,深天马A,元器件,20260522,7.95,58.16183071730233,58.16183071730233,0.0,2.35,3.859,3709.4,7.017543859649128,sideways,BULL_TREND,61.63303783951375,83.62573099415212,37.094,40.0,77.08722585074105,33.33333333333333,0.0,66.03225858015016,0.0,2,2,E_ablate_accel_vr1.2,True,,20260525,7.94,20260527,3.5264483627204024,-0.6297229219143663,20260529,-4.030226700251893,-4.659949622166248,20260603,0.7556675062972307,-4.659949622166248
002125,002125.SZ,湘潭电化,化工原料,20260522,14.73,57.72241238122207,57.72241238122207,0.0,1.89,7.0889,5887.1,8.622828784119111,sideways,BULL_TREND,45.919311722317396,100.0,58.871,65.0,68.72513258515042,30.0,0.0,42.05728262116403,0.0,3,3,E_ablate_accel_vr1.2,True,,20260525,14.7,20260527,-3.741496598639449,-4.965986394557809,20260529,0.7482993197279075,-7.14285714285714,20260603,13.265306122448983,-7.14285714285714
000012,000012.SZ,南玻A,玻璃,20260525,4.6,66.27527966050236,61.01226440714021,5.263015253362162,4.26,10.2541,7002.43,4.761904761904771,weak_momentum,BULL_TREND,100.0,100.0,70.0243,60.0,52.63015253362161,10.0,0.0,66.7557835139798,0.0,1,1,A_recovered_proxy_vr1.5,True,,20260526,4.37,20260528,0.22883295194506825,-1.3729977116704872,20260601,-4.8054919908466776,-8.23798627002289,20260604,-3.89016018306636,-8.23798627002289
000062,000062.SZ,深圳华强,元器件,20260525,36.18,66.01040202440194,57.23971853420424,8.77068349019769,1.62,9.1941,45017.32,9.84301021679542,weak_momentum,BULL_TREND,34.799690655495006,100.0,100.0,65.0,87.7068349019769,66.66666666666666,0.0,15.202709115000804,0.0,2,2,A_recovered_proxy_vr1.5,True,,20260526,34.82,20260528,-10.137851809304998,-12.492820218265365,20260601,-12.492820218265365,-17.059161401493395,20260604,-5.887421022400908,-17.059161401493395
600063,600063.SH,皖维高新,化纤,20260525,6.67,56.989672377503496,56.989672377503496,0.0,1.92,4.0752,11060.75,7.6177285318559536,weak_momentum,BULL_TREND,47.05531554732157,100.0,100.0,80.0,52.38972184782099,33.33333333333333,0.0,42.70833401043632,0.0,3,3,A_recovered_proxy_vr1.5,True,,20260526,6.61,20260528,5.143721633888054,-4.6898638426626444,20260601,8.16944024205748,-4.6898638426626444,20260604,13.010590015128587,-4.6898638426626444
000012,000012.SZ,南玻A,玻璃,20260525,4.6,61.01226440714021,61.01226440714021,0.0,4.26,10.2541,7002.43,4.761904761904771,weak_momentum,BULL_TREND,100.0,100.0,70.0243,60.0,52.63015253362161,10.0,0.0,66.7557835139798,0.0,1,1,B_pure_quant_vr1.5,True,,20260526,4.37,20260528,0.22883295194506825,-1.3729977116704872,20260601,-4.8054919908466776,-8.23798627002289,20260604,-3.89016018306636,-8.23798627002289
000062,000062.SZ,深圳华强,元器件,20260525,36.18,57.23971853420424,57.23971853420424,0.0,1.62,9.1941,45017.32,9.84301021679542,weak_momentum,BULL_TREND,34.799690655495006,100.0,100.0,65.0,87.7068349019769,66.66666666666666,0.0,15.202709115000804,0.0,2,2,B_pure_quant_vr1.5,True,,20260526,34.82,20260528,-10.137851809304998,-12.492820218265365,20260601,-12.492820218265365,-17.059161401493395,20260604,-5.887421022400908,-17.059161401493395
600063,600063.SH,皖维高新,化纤,20260525,6.67,56.989672377503496,56.989672377503496,0.0,1.92,4.0752,11060.75,7.6177285318559536,weak_momentum,BULL_TREND,47.05531554732157,100.0,100.0,80.0,52.38972184782099,33.33333333333333,0.0,42.70833401043632,0.0,3,3,B_pure_quant_vr1.5,True,,20260526,6.61,20260528,5.143721633888054,-4.6898638426626444,20260601,8.16944024205748,-4.6898638426626444,20260604,13.010590015128587,-4.6898638426626444
000062,000062.SZ,深圳华强,元器件,20260525,36.18,65.33410429722261,56.83393989789665,8.500164399325962,1.62,9.1941,45017.32,9.84301021679542,weak_momentum,BULL_TREND,34.799690655495006,100.0,100.0,65.0,85.00164399325962,66.66666666666666,0.0,15.202709115000804,0.0,1,1,A_recovered_proxy_vr1.2,True,,20260526,34.82,20260528,-10.137851809304998,-12.492820218265365,20260601,-12.492820218265365,-17.059161401493395,20260604,-5.887421022400908,-17.059161401493395
000012,000012.SZ,南玻A,玻璃,20260525,4.6,60.83217414595531,60.83217414595531,0.0,4.26,10.2541,7002.43,4.761904761904771,weak_momentum,BULL_TREND,100.0,100.0,70.0243,60.0,51.42955079238893,10.0,0.0,66.7557835139798,0.0,2,2,A_recovered_proxy_vr1.2,True,,20260526,4.37,20260528,0.22883295194506825,-1.3729977116704872,20260601,-4.8054919908466776,-8.23798627002289,20260604,-3.89016018306636,-8.23798627002289
000960,000960.SZ,锡业股份,小金属,20260525,39.84,58.140872724725924,50.73713596667128,7.403736758054645,1.38,5.3858,28779.32,5.993393109957525,weak_momentum,BULL_TREND,23.233413350172214,100.0,100.0,40.0,74.03736758054644,20.0,0.0,20.976792180423217,0.0,3,3,A_recovered_proxy_vr1.2,True,,20260526,38.98,20260528,-0.5387378142637123,-4.3355566957414045,20260601,0.7183170856849719,-5.438686505900458,20260604,7.337095946639316,-5.438686505900458
000012,000012.SZ,南玻A,玻璃,20260525,4.6,60.83217414595531,60.83217414595531,0.0,4.26,10.2541,7002.43,4.761904761904771,weak_momentum,BULL_TREND,100.0,100.0,70.0243,60.0,51.42955079238893,10.0,0.0,66.7557835139798,0.0,1,1,D_pure_quant_vr1.2,True,,20260526,4.37,20260528,0.22883295194506825,-1.3729977116704872,20260601,-4.8054919908466776,-8.23798627002289,20260604,-3.89016018306636,-8.23798627002289
000062,000062.SZ,深圳华强,元器件,20260525,36.18,56.83393989789665,56.83393989789665,0.0,1.62,9.1941,45017.32,9.84301021679542,weak_momentum,BULL_TREND,34.799690655495006,100.0,100.0,65.0,85.00164399325962,66.66666666666666,0.0,15.202709115000804,0.0,2,2,D_pure_quant_vr1.2,True,,20260526,34.82,20260528,-10.137851809304998,-12.492820218265365,20260601,-12.492820218265365,-17.059161401493395,20260604,-5.887421022400908,-17.059161401493395
600063,600063.SH,皖维高新,化纤,20260525,6.67,56.798140876498124,56.798140876498124,0.0,1.92,4.0752,11060.75,7.6177285318559536,weak_momentum,BULL_TREND,47.05531554732157,100.0,100.0,80.0,51.112845174451834,33.33333333333333,0.0,42.70833401043632,0.0,3,3,D_pure_quant_vr1.2,True,,20260526,6.61,20260528,5.143721633888054,-4.6898638426626444,20260601,8.16944024205748,-4.6898638426626444,20260604,13.010590015128587,-4.6898638426626444
000012,000012.SZ,南玻A,玻璃,20260525,4.6,53.11774152709697,53.11774152709697,0.0,4.26,10.2541,7002.43,4.761904761904771,weak_momentum,BULL_TREND,100.0,100.0,70.0243,60.0,51.42955079238893,10.0,0.0,66.7557835139798,0.0,1,1,E_ablate_sector_vr1.2,True,,20260526,4.37,20260528,0.22883295194506825,-1.3729977116704872,20260601,-4.8054919908466776,-8.23798627002289,20260604,-3.89016018306636,-8.23798627002289
600063,600063.SH,皖维高新,化纤,20260525,6.67,49.13121410033035,49.13121410033035,0.0,1.92,4.0752,11060.75,7.6177285318559536,weak_momentum,BULL_TREND,47.05531554732157,100.0,100.0,80.0,51.112845174451834,33.33333333333333,0.0,42.70833401043632,0.0,2,2,E_ablate_sector_vr1.2,True,,20260526,6.61,20260528,5.143721633888054,-4.6898638426626444,20260601,8.16944024205748,-4.6898638426626444,20260604,13.010590015128587,-4.6898638426626444
000012,000012.SZ,南玻A,玻璃,20260525,4.6,47.623839002764974,47.623839002764974,0.0,4.26,10.2541,7002.43,4.761904761904771,weak_momentum,BULL_TREND,100.0,100.0,70.0243,80.0,40.73647650445336,10.0,0.0,66.7557835139798,0.0,1,1,E_ablate_inflow_vr1.2,True,,20260526,4.37,20260528,0.22883295194506825,-1.3729977116704872,20260601,-4.8054919908466776,-8.23798627002289,20260604,-3.89016018306636,-8.23798627002289
000062,000062.SZ,深圳华强,元器件,20260525,36.18,54.553533530646526,54.553533530646526,0.0,1.62,9.1941,45017.32,9.84301021679542,weak_momentum,BULL_TREND,34.799690655495006,100.0,100.0,65.0,85.00164399325962,66.66666666666666,0.0,15.202709115000804,0.0,1,1,E_ablate_wyckoff_vr1.2,True,,20260526,34.82,20260528,-10.137851809304998,-12.492820218265365,20260601,-12.492820218265365,-17.059161401493395,20260604,-5.887421022400908,-17.059161401493395
000012,000012.SZ,南玻A,玻璃,20260525,4.6,50.81880661885834,50.81880661885834,0.0,4.26,10.2541,7002.43,4.761904761904771,weak_momentum,BULL_TREND,100.0,100.0,70.0243,60.0,51.42955079238893,10.0,0.0,66.7557835139798,0.0,2,2,E_ablate_wyckoff_vr1.2,True,,20260526,4.37,20260528,0.22883295194506825,-1.3729977116704872,20260601,-4.8054919908466776,-8.23798627002289,20260604,-3.89016018306636,-8.23798627002289
600063,600063.SH,皖维高新,化纤,20260525,6.67,50.391890774932676,50.391890774932676,0.0,1.92,4.0752,11060.75,7.6177285318559536,weak_momentum,BULL_TREND,47.05531554732157,100.0,100.0,80.0,51.112845174451834,33.33333333333333,0.0,42.70833401043632,0.0,3,3,E_ablate_wyckoff_vr1.2,True,,20260526,6.61,20260528,5.143721633888054,-4.6898638426626444,20260601,8.16944024205748,-4.6898638426626444,20260604,13.010590015128587,-4.6898638426626444
000012,000012.SZ,南玻A,玻璃,20260525,4.6,60.83217414595531,60.83217414595531,0.0,4.26,10.2541,7002.43,4.761904761904771,weak_momentum,BULL_TREND,100.0,100.0,70.0243,60.0,51.42955079238893,10.0,0.0,66.7557835139798,0.0,1,1,E_ablate_accel_vr1.2,True,,20260526,4.37,20260528,0.22883295194506825,-1.3729977116704872,20260601,-4.8054919908466776,-8.23798627002289,20260604,-3.89016018306636,-8.23798627002289
000062,000062.SZ,深圳华强,元器件,20260525,36.18,56.83393989789665,56.83393989789665,0.0,1.62,9.1941,45017.32,9.84301021679542,weak_momentum,BULL_TREND,34.799690655495006,100.0,100.0,65.0,85.00164399325962,66.66666666666666,0.0,15.202709115000804,0.0,2,2,E_ablate_accel_vr1.2,True,,20260526,34.82,20260528,-10.137851809304998,-12.492820218265365,20260601,-12.492820218265365,-17.059161401493395,20260604,-5.887421022400908,-17.059161401493395
600063,600063.SH,皖维高新,化纤,20260525,6.67,56.798140876498124,56.798140876498124,0.0,1.92,4.0752,11060.75,7.6177285318559536,weak_momentum,BULL_TREND,47.05531554732157,100.0,100.0,80.0,51.112845174451834,33.33333333333333,0.0,42.70833401043632,0.0,3,3,E_ablate_accel_vr1.2,True,,20260526,6.61,20260528,5.143721633888054,-4.6898638426626444,20260601,8.16944024205748,-4.6898638426626444,20260604,13.010590015128587,-4.6898638426626444
603663,603663.SH,三祥新材,小金属,20260526,58.3,70.93138629488882,60.980647128205206,9.950739166683613,1.82,8.4766,22230.38,3.25257218718885,weak_momentum,BULL_TREND,43.19692252119858,100.0,100.0,60.0,99.50739166683613,10.0,0.0,40.5,0.0,1,1,A_recovered_proxy_vr1.5,True,t1_limit_up,,,,,,,,,,,
002938,002938.SZ,鹏鼎控股,元器件,20260526,116.0,67.60805711822599,61.344321451991206,6.263735666234778,3.09,4.3448,66093.58,5.668049117670976,weak_momentum,BULL_TREND,81.38034190648249,100.0,100.0,40.0,62.63735666234778,33.33333333333333,0.0,40.5,0.0,2,2,A_recovered_proxy_vr1.5,True,,20260527,110.2,20260529,-4.7096188747731365,-7.8947368421052655,20260602,1.5335753176043632,-9.13793103448276,20260605,-3.6751361161524443,-9.13793103448276
002851,002851.SZ,麦格米特,电气设备,20260526,137.99,63.35972281370666,56.283161632786005,7.076561180920656,1.71,8.1927,43229.12,4.7030386740331505,weak_momentum,BULL_TREND,38.69981625555866,100.0,100.0,60.0,70.76561180920656,30.0,0.0,35.7556494871415,0.0,3,3,A_recovered_proxy_vr1.5,True,,20260527,137.89,20260529,-8.586554499963729,-10.435854666763355,20260602,7.295670461962445,-10.435854666763355,20260605,6.2441076220175695,-10.435854666763355
002938,002938.SZ,鹏鼎控股,元器件,20260526,116.0,61.344321451991206,61.344321451991206,0.0,3.09,4.3448,66093.58,5.668049117670976,weak_momentum,BULL_TREND,81.38034190648249,100.0,100.0,40.0,62.63735666234778,33.33333333333333,0.0,40.5,0.0,1,1,B_pure_quant_vr1.5,True,,20260527,110.2,20260529,-4.7096188747731365,-7.8947368421052655,20260602,1.5335753176043632,-9.13793103448276,20260605,-3.6751361161524443,-9.13793103448276
603663,603663.SH,三祥新材,小金属,20260526,58.3,60.980647128205206,60.980647128205206,0.0,1.82,8.4766,22230.38,3.25257218718885,weak_momentum,BULL_TREND,43.19692252119858,100.0,100.0,60.0,99.50739166683613,10.0,0.0,40.5,0.0,2,2,B_pure_quant_vr1.5,True,t1_limit_up,,,,,,,,,,,
002851,002851.SZ,麦格米特,电气设备,20260526,137.99,56.283161632786005,56.283161632786005,0.0,1.71,8.1927,43229.12,4.7030386740331505,weak_momentum,BULL_TREND,38.69981625555866,100.0,100.0,60.0,70.76561180920656,30.0,0.0,35.7556494871415,0.0,3,3,B_pure_quant_vr1.5,True,,20260527,137.89,20260529,-8.586554499963729,-10.435854666763355,20260602,7.295670461962445,-10.435854666763355,20260605,6.2441076220175695,-10.435854666763355
002938,002938.SZ,鹏鼎控股,元器件,20260526,116.0,71.05368572212478,63.41169861433048,7.641987107794295,3.09,4.3448,66093.58,5.668049117670976,weak_momentum,BULL_TREND,81.38034190648249,100.0,100.0,40.0,76.41987107794294,33.33333333333333,0.0,40.5,0.0,1,1,A_recovered_proxy_vr1.2,True,,20260527,110.2,20260529,-4.7096188747731365,-7.8947368421052655,20260602,1.5335753176043632,-9.13793103448276,20260605,-3.6751361161524443,-9.13793103448276
603663,603663.SH,三祥新材,小金属,20260526,58.3,63.231029240536536,56.76043289559384,6.470596344942699,1.82,8.4766,22230.38,3.25257218718885,weak_momentum,BULL_TREND,43.19692252119858,100.0,100.0,80.0,64.70596344942699,10.0,0.0,40.5,0.0,2,2,A_recovered_proxy_vr1.2,True,t1_limit_up,,,,,,,,,,,
002636,002636.SZ,金安国纪,元器件,20260526,47.55,62.85713481936948,55.215147711575185,7.641987107794295,1.43,7.4615,38184.99,5.316606929510159,weak_momentum,BULL_TREND,25.800757350183233,100.0,100.0,65.0,76.41987107794294,33.33333333333333,0.0,33.102578537930604,0.0,3,3,A_recovered_proxy_vr1.2,True,,20260527,47.08,20260529,13.65760407816483,-2.1240441801189447,20260602,7.540356839422269,-2.1240441801189447,20260605,23.534409515717925,-2.1240441801189447
002938,002938.SZ,鹏鼎控股,元器件,20260526,116.0,63.41169861433048,63.41169861433048,0.0,3.09,4.3448,66093.58,5.668049117670976,weak_momentum,BULL_TREND,81.38034190648249,100.0,100.0,40.0,76.41987107794294,33.33333333333333,0.0,40.5,0.0,1,1,D_pure_quant_vr1.2,True,,20260527,110.2,20260529,-4.7096188747731365,-7.8947368421052655,20260602,1.5335753176043632,-9.13793103448276,20260605,-3.6751361161524443,-9.13793103448276
603663,603663.SH,三祥新材,小金属,20260526,58.3,56.76043289559384,56.76043289559384,0.0,1.82,8.4766,22230.38,3.25257218718885,weak_momentum,BULL_TREND,43.19692252119858,100.0,100.0,80.0,64.70596344942699,10.0,0.0,40.5,0.0,2,2,D_pure_quant_vr1.2,True,t1_limit_up,,,,,,,,,,,
002636,002636.SZ,金安国纪,元器件,20260526,47.55,55.215147711575185,55.215147711575185,0.0,1.43,7.4615,38184.99,5.316606929510159,weak_momentum,BULL_TREND,25.800757350183233,100.0,100.0,65.0,76.41987107794294,33.33333333333333,0.0,33.102578537930604,0.0,3,3,D_pure_quant_vr1.2,True,,20260527,47.08,20260529,13.65760407816483,-2.1240441801189447,20260602,7.540356839422269,-2.1240441801189447,20260605,23.534409515717925,-2.1240441801189447
002938,002938.SZ,鹏鼎控股,元器件,20260526,116.0,51.948717952639036,51.948717952639036,0.0,3.09,4.3448,66093.58,5.668049117670976,weak_momentum,BULL_TREND,81.38034190648249,100.0,100.0,40.0,76.41987107794294,33.33333333333333,0.0,40.5,0.0,1,1,E_ablate_sector_vr1.2,True,,20260527,110.2,20260529,-4.7096188747731365,-7.8947368421052655,20260602,1.5335753176043632,-9.13793103448276,20260605,-3.6751361161524443,-9.13793103448276
603663,603663.SH,三祥新材,小金属,20260526,58.3,47.054538378179785,47.054538378179785,0.0,1.82,8.4766,22230.38,3.25257218718885,weak_momentum,BULL_TREND,43.19692252119858,100.0,100.0,80.0,64.70596344942699,10.0,0.0,40.5,0.0,2,2,E_ablate_sector_vr1.2,True,t1_limit_up,,,,,,,,,,,
600593,600593.SH,大连圣亚,旅游景点,20260526,36.01,46.64094748109816,46.64094748109816,0.0,2.47,5.1516,4675.82,3.9733333333333385,weak_momentum,BULL_TREND,65.22555209049766,100.0,46.758199999999995,100.0,27.05436840971357,43.333333333333336,0.0,61.82648000571231,0.0,3,3,E_ablate_sector_vr1.2,True,,20260527,35.89,20260529,4.764558372805805,-1.0030649205906905,20260602,6.798551128448027,-1.0030649205906905,20260605,3.3714126497631725,-1.0030649205906905
002938,002938.SZ,鹏鼎控股,元器件,20260526,116.0,45.462080398497875,45.462080398497875,0.0,3.09,4.3448,66093.58,5.668049117670976,weak_momentum,BULL_TREND,81.38034190648249,100.0,100.0,40.0,76.7557496390589,33.33333333333333,0.0,40.5,0.0,1,1,E_ablate_inflow_vr1.2,True,,20260527,110.2,20260529,-4.7096188747731365,-7.8947368421052655,20260602,1.5335753176043632,-9.13793103448276,20260605,-3.6751361161524443,-9.13793103448276
002587,002587.SZ,奥拓电子,元器件,20260526,7.17,45.10116811469429,45.10116811469429,0.0,1.63,5.5595,1187.05,3.3692722371967654,weak_momentum,BULL_TREND,35.24359822281764,100.0,11.8705,65.0,76.7557496390589,63.33333333333333,0.0,65.8973284583076,0.0,2,2,E_ablate_inflow_vr1.2,True,,20260527,7.12,20260529,-5.33707865168539,-6.4606741573033695,20260602,-5.33707865168539,-7.86516853932585,20260605,-0.98314606741573,-7.86516853932585
002938,002938.SZ,鹏鼎控股,元器件,20260526,116.0,57.33669861433048,57.33669861433048,0.0,3.09,4.3448,66093.58,5.668049117670976,weak_momentum,BULL_TREND,81.38034190648249,100.0,100.0,40.0,76.41987107794294,33.33333333333333,0.0,40.5,0.0,1,1,E_ablate_wyckoff_vr1.2,True,,20260527,110.2,20260529,-4.7096188747731365,-7.8947368421052655,20260602,1.5335753176043632,-9.13793103448276,20260605,-3.6751361161524443,-9.13793103448276
603663,603663.SH,三祥新材,小金属,20260526,58.3,50.685432895593834,50.685432895593834,0.0,1.82,8.4766,22230.38,3.25257218718885,weak_momentum,BULL_TREND,43.19692252119858,100.0,100.0,80.0,64.70596344942699,10.0,0.0,40.5,0.0,2,2,E_ablate_wyckoff_vr1.2,True,t1_limit_up,,,,,,,,,,,
002636,002636.SZ,金安国纪,元器件,20260526,47.55,50.24976093088559,50.24976093088559,0.0,1.43,7.4615,38184.99,5.316606929510159,weak_momentum,BULL_TREND,25.800757350183233,100.0,100.0,65.0,76.41987107794294,33.33333333333333,0.0,33.102578537930604,0.0,3,3,E_ablate_wyckoff_vr1.2,True,,20260527,47.08,20260529,13.65760407816483,-2.1240441801189447,20260602,7.540356839422269,-2.1240441801189447,20260605,23.534409515717925,-2.1240441801189447
002938,002938.SZ,鹏鼎控股,元器件,20260526,116.0,63.41169861433048,63.41169861433048,0.0,3.09,4.3448,66093.58,5.668049117670976,weak_momentum,BULL_TREND,81.38034190648249,100.0,100.0,40.0,76.41987107794294,33.33333333333333,0.0,40.5,0.0,1,1,E_ablate_accel_vr1.2,True,,20260527,110.2,20260529,-4.7096188747731365,-7.8947368421052655,20260602,1.5335753176043632,-9.13793103448276,20260605,-3.6751361161524443,-9.13793103448276
603663,603663.SH,三祥新材,小金属,20260526,58.3,56.76043289559384,56.76043289559384,0.0,1.82,8.4766,22230.38,3.25257218718885,weak_momentum,BULL_TREND,43.19692252119858,100.0,100.0,80.0,64.70596344942699,10.0,0.0,40.5,0.0,2,2,E_ablate_accel_vr1.2,True,t1_limit_up,,,,,,,,,,,
002636,002636.SZ,金安国纪,元器件,20260526,47.55,55.215147711575185,55.215147711575185,0.0,1.43,7.4615,38184.99,5.316606929510159,weak_momentum,BULL_TREND,25.800757350183233,100.0,100.0,65.0,76.41987107794294,33.33333333333333,0.0,33.102578537930604,0.0,3,3,E_ablate_accel_vr1.2,True,,20260527,47.08,20260529,13.65760407816483,-2.1240441801189447,20260602,7.540356839422269,-2.1240441801189447,20260605,23.534409515717925,-2.1240441801189447
002625,002625.SZ,光启技术,航空,20260527,41.34,57.355214714401114,51.34509500602691,6.010119708374204,2.02,3.4887,65022.14,4.0389972144846675,sideways,BULL_TREND,50.7177646488535,40.38997214484667,100.0,80.0,60.101197083742036,10.0,0.0,57.385111240429694,0.0,1,1,A_recovered_proxy_vr1.5,True,,20260528,41.8,20260601,-8.110047846889955,-8.110047846889955,20260603,-7.344497607655509,-10.095693779904302,20260608,-16.076555023923444,-16.267942583732054
002239,002239.SZ,奥特佳,汽车配件,20260527,2.74,55.347105304858225,55.347105304858225,0.0,2.0,4.1667,5134.92,8.361204013377927,sideways,BULL_TREND,50.0,100.0,51.3492,80.0,41.552854003074465,10.0,0.0,54.60227670330879,0.0,2,2,A_recovered_proxy_vr1.5,True,,20260528,2.72,20260601,-1.1029411764705954,-3.676470588235292,20260603,-3.308823529411775,-3.676470588235292,20260608,-7.352941176470596,-8.823529411764708
601933,601933.SH,永辉超市,超市连锁,20260527,3.75,55.03808730724013,55.03808730724013,0.0,2.79,3.9933,17108.8,3.5989717223650417,sideways,BULL_TREND,74.01325610272315,35.989717223650416,100.0,80.0,47.857373967058045,33.33333333333333,0.0,64.93467011427144,0.0,3,3,A_recovered_proxy_vr1.5,True,,20260528,3.65,20260601,0.5479452054794498,-3.835616438356171,20260603,-3.28767123287671,-3.835616438356171,20260608,-6.57534246575342,-6.849315068493156
002239,002239.SZ,奥特佳,汽车配件,20260527,2.74,55.347105304858225,55.347105304858225,0.0,2.0,4.1667,5134.92,8.361204013377927,sideways,BULL_TREND,50.0,100.0,51.3492,80.0,41.552854003074465,10.0,0.0,54.60227670330879,0.0,1,1,B_pure_quant_vr1.5,True,,20260528,2.72,20260601,-1.1029411764705954,-3.676470588235292,20260603,-3.308823529411775,-3.676470588235292,20260608,-7.352941176470596,-8.823529411764708
601933,601933.SH,永辉超市,超市连锁,20260527,3.75,55.03808730724013,55.03808730724013,0.0,2.79,3.9933,17108.8,3.5989717223650417,sideways,BULL_TREND,74.01325610272315,35.989717223650416,100.0,80.0,47.857373967058045,33.33333333333333,0.0,64.93467011427144,0.0,2,2,B_pure_quant_vr1.5,True,,20260528,3.65,20260601,0.5479452054794498,-3.835616438356171,20260603,-3.28767123287671,-3.835616438356171,20260608,-6.57534246575342,-6.849315068493156
002130,002130.SZ,沃尔核材,电气设备,20260527,22.0,52.14492303006611,52.14492303006611,0.0,1.92,6.4042,4752.63,8.713692946058096,sideways,BULL_TREND,47.05531554732157,100.0,47.5263,100.0,36.48420120338409,33.33333333333333,0.0,32.91917302067572,0.0,3,3,B_pure_quant_vr1.5,True,,20260528,21.81,20260601,2.5217790004585128,-1.0087116001833984,20260603,-0.7794589637780791,-3.7138927097661534,20260608,-12.654745529573585,-13.021549747822103
002625,002625.SZ,光启技术,航空,20260527,41.34,57.19851780829643,51.2510768623641,5.947440945932331,2.02,3.4887,65022.14,4.0389972144846675,sideways,BULL_TREND,50.7177646488535,40.38997214484667,100.0,80.0,59.474409459323304,10.0,0.0,57.385111240429694,0.0,1,1,A_recovered_proxy_vr1.2,True,,20260528,41.8,20260601,-8.110047846889955,-8.110047846889955,20260603,-7.344497607655509,-10.095693779904302,20260608,-16.076555023923444,-16.267942583732054
601933,601933.SH,永辉超市,超市连锁,20260527,3.75,55.013349000929416,55.013349000929416,0.0,2.79,3.9933,17108.8,3.5989717223650417,sideways,BULL_TREND,74.01325610272315,35.989717223650416,100.0,80.0,47.69245192498661,33.33333333333333,0.0,64.93467011427144,0.0,2,2,A_recovered_proxy_vr1.2,True,,20260528,3.65,20260601,0.5479452054794498,-3.835616438356171,20260603,-3.28767123287671,-3.835616438356171,20260608,-6.57534246575342,-6.849315068493156
002239,002239.SZ,奥特佳,汽车配件,20260527,2.74,54.065066948172095,54.065066948172095,0.0,2.0,4.1667,5134.92,8.361204013377927,sideways,BULL_TREND,50.0,100.0,51.3492,40.0,43.67259829183359,10.0,0.0,54.60227670330879,0.0,3,3,A_recovered_proxy_vr1.2,True,,20260528,2.72,20260601,-1.1029411764705954,-3.676470588235292,20260603,-3.308823529411775,-3.676470588235292,20260608,-7.352941176470596,-8.823529411764708
601933,601933.SH,永辉超市,超市连锁,20260527,3.75,55.013349000929416,55.013349000929416,0.0,2.79,3.9933,17108.8,3.5989717223650417,sideways,BULL_TREND,74.01325610272315,35.989717223650416,100.0,80.0,47.69245192498661,33.33333333333333,0.0,64.93467011427144,0.0,1,1,D_pure_quant_vr1.2,True,,20260528,3.65,20260601,0.5479452054794498,-3.835616438356171,20260603,-3.28767123287671,-3.835616438356171,20260608,-6.57534246575342,-6.849315068493156
002239,002239.SZ,奥特佳,汽车配件,20260527,2.74,54.065066948172095,54.065066948172095,0.0,2.0,4.1667,5134.92,8.361204013377927,sideways,BULL_TREND,50.0,100.0,51.3492,40.0,43.67259829183359,10.0,0.0,54.60227670330879,0.0,2,2,D_pure_quant_vr1.2,True,,20260528,2.72,20260601,-1.1029411764705954,-3.676470588235292,20260603,-3.308823529411775,-3.676470588235292,20260608,-7.352941176470596,-8.823529411764708
600559,600559.SH,老白干酒,白酒,20260527,13.06,51.96750843607301,51.96750843607301,0.0,2.51,3.2433,734.25,7.244318181818178,sideways,BULL_TREND,66.38436820880236,87.40530303030297,7.3425,40.0,42.19169443949253,20.0,0.0,74.36605497954966,0.0,3,3,D_pure_quant_vr1.2,True,,20260528,12.8,20260601,2.6562500000000044,-3.281250000000002,20260603,-1.0156250000000089,-3.281250000000002,20260608,-6.015625000000013,-6.406250000000002
601933,601933.SH,永辉超市,超市连锁,20260527,3.75,47.85948121218143,47.85948121218143,0.0,2.79,3.9933,17108.8,3.5989717223650417,sideways,BULL_TREND,74.01325610272315,35.989717223650416,100.0,80.0,47.69245192498661,33.33333333333333,0.0,64.93467011427144,0.0,1,1,E_ablate_sector_vr1.2,True,,20260528,3.65,20260601,0.5479452054794498,-3.835616438356171,20260603,-3.28767123287671,-3.835616438356171,20260608,-6.57534246575342,-6.849315068493156
002239,002239.SZ,奥特佳,汽车配件,20260527,2.74,47.51417720439706,47.51417720439706,0.0,2.0,4.1667,5134.92,8.361204013377927,sideways,BULL_TREND,50.0,100.0,51.3492,40.0,43.67259829183359,10.0,0.0,54.60227670330879,0.0,2,2,E_ablate_sector_vr1.2,True,,20260528,2.72,20260601,-1.1029411764705954,-3.676470588235292,20260603,-3.308823529411775,-3.676470588235292,20260608,-7.352941176470596,-8.823529411764708
600559,600559.SH,老白干酒,白酒,20260527,13.06,45.638754270149136,45.638754270149136,0.0,2.51,3.2433,734.25,7.244318181818178,sideways,BULL_TREND,66.38436820880236,87.40530303030297,7.3425,40.0,42.19169443949253,20.0,0.0,74.36605497954966,0.0,3,3,E_ablate_sector_vr1.2,True,,20260528,12.8,20260601,2.6562500000000044,-3.281250000000002,20260603,-1.0156250000000089,-3.281250000000002,20260608,-6.015625000000013,-6.406250000000002
605162,605162.SH,新中港,供气供热,20260527,11.0,52.836488515669124,52.836488515669124,0.0,2.91,9.0934,-4662.23,11.646586345381522,sideways,BULL_TREND,77.05095765667797,100.0,0.0,60.0,32.266059686393525,0.0,0.0,55.3780739853412,0.0,1,1,E_ablate_inflow_vr1.2,True,,20260528,10.75,20260601,-5.116279069767449,-11.162790697674406,20260603,7.441860465116279,-11.162790697674406,20260608,2.9767441860465205,-11.162790697674406
600559,600559.SH,老白干酒,白酒,20260527,13.06,50.276206671125514,50.276206671125514,0.0,2.51,3.2433,734.25,7.244318181818178,sideways,BULL_TREND,66.38436820880236,87.40530303030297,7.3425,40.0,36.79034933984255,20.0,0.0,74.36605497954966,0.0,2,2,E_ablate_inflow_vr1.2,True,,20260528,12.8,20260601,2.6562500000000044,-3.281250000000002,20260603,-1.0156250000000089,-3.281250000000002,20260608,-6.015625000000013,-6.406250000000002
301551,301551.SZ,无线传媒,影视音像,20260527,25.76,49.67221789062683,49.67221789062683,0.0,2.04,6.4748,-1118.94,12.021857923497265,sideways,BULL_TREND,51.42845760983854,100.0,0.0,100.0,42.56467706795577,30.0,0.0,44.777130468908254,0.0,3,3,E_ablate_inflow_vr1.2,True,,20260528,25.39,20260601,-0.5120126033871575,-4.371799921228825,20260603,-6.498621504529356,-7.207562032296188,20260608,-12.367073651043725,-13.509255612445848
002130,002130.SZ,沃尔核材,电气设备,20260527,22.0,47.80950052961858,47.80950052961858,0.0,1.92,6.4042,4752.63,8.713692946058096,sideways,BULL_TREND,47.05531554732157,100.0,47.5263,65.0,43.2500562836078,33.33333333333333,0.0,32.91917302067572,0.0,1,1,E_ablate_wyckoff_vr1.2,True,,20260528,21.81,20260601,2.5217790004585128,-1.0087116001833984,20260603,-0.7794589637780791,-3.7138927097661534,20260608,-12.654745529573585,-13.021549747822103
002239,002239.SZ,奥特佳,汽车配件,20260527,2.74,47.512793743775035,47.512793743775035,0.0,2.0,4.1667,5134.92,8.361204013377927,sideways,BULL_TREND,50.0,100.0,51.3492,40.0,43.67259829183359,10.0,0.0,54.60227670330879,0.0,2,2,E_ablate_wyckoff_vr1.2,True,,20260528,2.72,20260601,-1.1029411764705954,-3.676470588235292,20260603,-3.308823529411775,-3.676470588235292,20260608,-7.352941176470596,-8.823529411764708
601933,601933.SH,永辉超市,超市连锁,20260527,3.75,47.221188587216844,47.221188587216844,0.0,2.79,3.9933,17108.8,3.5989717223650417,sideways,BULL_TREND,74.01325610272315,35.989717223650416,100.0,80.0,47.69245192498661,33.33333333333333,0.0,64.93467011427144,0.0,3,3,E_ablate_wyckoff_vr1.2,True,,20260528,3.65,20260601,0.5479452054794498,-3.835616438356171,20260603,-3.28767123287671,-3.835616438356171,20260608,-6.57534246575342,-6.849315068493156
601933,601933.SH,永辉超市,超市连锁,20260527,3.75,55.013349000929416,55.013349000929416,0.0,2.79,3.9933,17108.8,3.5989717223650417,sideways,BULL_TREND,74.01325610272315,35.989717223650416,100.0,80.0,47.69245192498661,33.33333333333333,0.0,64.93467011427144,0.0,1,1,E_ablate_accel_vr1.2,True,,20260528,3.65,20260601,0.5479452054794498,-3.835616438356171,20260603,-3.28767123287671,-3.835616438356171,20260608,-6.57534246575342,-6.849315068493156
002239,002239.SZ,奥特佳,汽车配件,20260527,2.74,54.065066948172095,54.065066948172095,0.0,2.0,4.1667,5134.92,8.361204013377927,sideways,BULL_TREND,50.0,100.0,51.3492,40.0,43.67259829183359,10.0,0.0,54.60227670330879,0.0,2,2,E_ablate_accel_vr1.2,True,,20260528,2.72,20260601,-1.1029411764705954,-3.676470588235292,20260603,-3.308823529411775,-3.676470588235292,20260608,-7.352941176470596,-8.823529411764708
600559,600559.SH,老白干酒,白酒,20260527,13.06,51.96750843607301,51.96750843607301,0.0,2.51,3.2433,734.25,7.244318181818178,sideways,BULL_TREND,66.38436820880236,87.40530303030297,7.3425,40.0,42.19169443949253,20.0,0.0,74.36605497954966,0.0,3,3,E_ablate_accel_vr1.2,True,,20260528,12.8,20260601,2.6562500000000044,-3.281250000000002,20260603,-1.0156250000000089,-3.281250000000002,20260608,-6.015625000000013,-6.406250000000002
600868,600868.SH,梅雁吉祥,水力发电,20260529,3.5,67.3679581406966,67.3679581406966,0.0,2.89,9.0359,12175.37,8.376963350785337,sideways,BULL_TREND,76.55347463629771,100.0,100.0,65.0,45.344685918678934,43.333333333333336,0.0,52.14853471868831,0.0,1,1,A_recovered_proxy_vr1.5,True,,20260601,3.51,20260603,-1.9943019943019946,-5.698005698005693,20260605,0.8547008547008517,-5.698005698005693,20260610,-13.96011396011395,-14.814814814814802
600383,600383.SH,金地集团,全国地产,20260529,2.75,66.5368882755343,66.5368882755343,0.0,3.13,3.7794,8966.15,15.6441717791411,sideways,BULL_TREND,82.30813285789468,93.55828220858899,89.66149999999999,80.0,49.76454614090081,33.33333333333333,0.0,47.962903109217464,0.0,2,2,A_recovered_proxy_vr1.5,True,,20260601,2.72,20260603,-2.941176470588236,-4.044117647058831,20260605,-3.308823529411775,-4.779411764705898,20260610,-8.088235294117652,-9.558823529411775
600522,600522.SH,中天科技,通信设备,20260529,42.19,66.02124454618814,58.36995977993805,7.6512847662501,1.53,11.2873,97666.84,10.991561181434601,sideways,BULL_TREND,30.676582645896357,100.0,100.0,60.0,76.512847662501,33.33333333333333,0.0,25.645981514991973,0.0,3,3,A_recovered_proxy_vr1.5,True,,20260601,42.0,20260603,7.095238095238088,-7.071428571428573,20260605,9.690476190476183,-7.071428571428573,20260610,19.523809523809522,-7.071428571428573
600868,600868.SH,梅雁吉祥,水力发电,20260529,3.5,67.3679581406966,67.3679581406966,0.0,2.89,9.0359,12175.37,8.376963350785337,sideways,BULL_TREND,76.55347463629771,100.0,100.0,65.0,45.344685918678934,43.333333333333336,0.0,52.14853471868831,0.0,1,1,B_pure_quant_vr1.5,True,,20260601,3.51,20260603,-1.9943019943019946,-5.698005698005693,20260605,0.8547008547008517,-5.698005698005693,20260610,-13.96011396011395,-14.814814814814802
600383,600383.SH,金地集团,全国地产,20260529,2.75,66.5368882755343,66.5368882755343,0.0,3.13,3.7794,8966.15,15.6441717791411,sideways,BULL_TREND,82.30813285789468,93.55828220858899,89.66149999999999,80.0,49.76454614090081,33.33333333333333,0.0,47.962903109217464,0.0,2,2,B_pure_quant_vr1.5,True,,20260601,2.72,20260603,-2.941176470588236,-4.044117647058831,20260605,-3.308823529411775,-4.779411764705898,20260610,-8.088235294117652,-9.558823529411775
000681,000681.SZ,视觉中国,互联网,20260529,20.59,64.73507152364948,64.73507152364948,0.0,2.4,8.3277,10309.56,12.196162046908315,sideways,BULL_TREND,63.151720291689685,100.0,100.0,60.0,50.17730517851539,33.33333333333333,0.0,52.07025513361483,0.0,3,3,B_pure_quant_vr1.5,True,t1_limit_up,,,,,,,,,,,
600868,600868.SH,梅雁吉祥,水力发电,20260529,3.5,68.08619032738487,68.08619032738487,0.0,2.89,9.0359,12175.37,8.376963350785337,sideways,BULL_TREND,76.55347463629771,100.0,100.0,65.0,50.132900496600726,43.333333333333336,0.0,52.14853471868831,0.0,1,1,A_recovered_proxy_vr1.2,True,,20260601,3.51,20260603,-1.9943019943019946,-5.698005698005693,20260605,0.8547008547008517,-5.698005698005693,20260610,-13.96011396011395,-14.814814814814802
600383,600383.SH,金地集团,全国地产,20260529,2.75,66.50344617982235,66.50344617982235,0.0,3.13,3.7794,8966.15,15.6441717791411,sideways,BULL_TREND,82.30813285789468,93.55828220858899,89.66149999999999,80.0,49.54159883615455,33.33333333333333,0.0,47.962903109217464,0.0,2,2,A_recovered_proxy_vr1.2,True,,20260601,2.72,20260603,-2.941176470588236,-4.044117647058831,20260605,-3.308823529411775,-4.779411764705898,20260610,-8.088235294117652,-9.558823529411775
000681,000681.SZ,视觉中国,互联网,20260529,20.59,61.9621858924786,61.9621858924786,0.0,2.4,8.3277,10309.56,12.196162046908315,sideways,BULL_TREND,63.151720291689685,100.0,100.0,60.0,31.691400970709495,33.33333333333333,0.0,52.07025513361483,0.0,3,3,A_recovered_proxy_vr1.2,True,t1_limit_up,,,,,,,,,,,
600868,600868.SH,梅雁吉祥,水力发电,20260529,3.5,68.08619032738487,68.08619032738487,0.0,2.89,9.0359,12175.37,8.376963350785337,sideways,BULL_TREND,76.55347463629771,100.0,100.0,65.0,50.132900496600726,43.333333333333336,0.0,52.14853471868831,0.0,1,1,D_pure_quant_vr1.2,True,,20260601,3.51,20260603,-1.9943019943019946,-5.698005698005693,20260605,0.8547008547008517,-5.698005698005693,20260610,-13.96011396011395,-14.814814814814802
600383,600383.SH,金地集团,全国地产,20260529,2.75,66.50344617982235,66.50344617982235,0.0,3.13,3.7794,8966.15,15.6441717791411,sideways,BULL_TREND,82.30813285789468,93.55828220858899,89.66149999999999,80.0,49.54159883615455,33.33333333333333,0.0,47.962903109217464,0.0,2,2,D_pure_quant_vr1.2,True,,20260601,2.72,20260603,-2.941176470588236,-4.044117647058831,20260605,-3.308823529411775,-4.779411764705898,20260610,-8.088235294117652,-9.558823529411775
000681,000681.SZ,视觉中国,互联网,20260529,20.59,61.9621858924786,61.9621858924786,0.0,2.4,8.3277,10309.56,12.196162046908315,sideways,BULL_TREND,63.151720291689685,100.0,100.0,60.0,31.691400970709495,33.33333333333333,0.0,52.07025513361483,0.0,3,3,D_pure_quant_vr1.2,True,t1_limit_up,,,,,,,,,,,
600868,600868.SH,梅雁吉祥,水力发电,20260529,3.5,60.566255252894756,60.566255252894756,0.0,2.89,9.0359,12175.37,8.376963350785337,sideways,BULL_TREND,76.55347463629771,100.0,100.0,65.0,50.132900496600726,43.333333333333336,0.0,52.14853471868831,0.0,1,1,E_ablate_sector_vr1.2,True,,20260601,3.51,20260603,-1.9943019943019946,-5.698005698005693,20260605,0.8547008547008517,-5.698005698005693,20260610,-13.96011396011395,-14.814814814814802
600383,600383.SH,金地集团,全国地产,20260529,2.75,59.07220635439917,59.07220635439917,0.0,3.13,3.7794,8966.15,15.6441717791411,sideways,BULL_TREND,82.30813285789468,93.55828220858899,89.66149999999999,80.0,49.54159883615455,33.33333333333333,0.0,47.962903109217464,0.0,2,2,E_ablate_sector_vr1.2,True,,20260601,2.72,20260603,-2.941176470588236,-4.044117647058831,20260605,-3.308823529411775,-4.779411764705898,20260610,-8.088235294117652,-9.558823529411775
000681,000681.SZ,视觉中国,互联网,20260529,20.59,57.208475746872175,57.208475746872175,0.0,2.4,8.3277,10309.56,12.196162046908315,sideways,BULL_TREND,63.151720291689685,100.0,100.0,60.0,31.691400970709495,33.33333333333333,0.0,52.07025513361483,0.0,3,3,E_ablate_sector_vr1.2,True,t1_limit_up,,,,,,,,,,,
600868,600868.SH,梅雁吉祥,水力发电,20260529,3.5,55.96364127391266,55.96364127391266,0.0,2.89,9.0359,12175.37,8.376963350785337,sideways,BULL_TREND,76.55347463629771,100.0,100.0,65.0,49.315906806786,43.333333333333336,0.0,52.14853471868831,0.0,1,1,E_ablate_inflow_vr1.2,True,,20260601,3.51,20260603,-1.9943019943019946,-5.698005698005693,20260605,0.8547008547008517,-5.698005698005693,20260610,-13.96011396011395,-14.814814814814802
600383,600383.SH,金地集团,全国地产,20260529,2.75,55.86135816160012,55.86135816160012,0.0,3.13,3.7794,8966.15,15.6441717791411,sideways,BULL_TREND,82.30813285789468,93.55828220858899,89.66149999999999,80.0,50.3235453813397,33.33333333333333,0.0,47.962903109217464,0.0,2,2,E_ablate_inflow_vr1.2,True,,20260601,2.72,20260603,-2.941176470588236,-4.044117647058831,20260605,-3.308823529411775,-4.779411764705898,20260610,-8.088235294117652,-9.558823529411775
600859,600859.SH,王府井,百货,20260529,11.18,54.66033036298823,54.66033036298823,0.0,2.49,3.4414,5868.95,10.200803212851403,sideways,BULL_TREND,65.80728711466783,100.0,58.689499999999995,80.0,53.507404118477076,20.0,0.0,54.63847149991457,0.0,3,3,E_ablate_inflow_vr1.2,True,,20260601,11.12,20260603,-3.1474820143884807,-3.9568345323740983,20260605,-4.226618705035956,-6.924460431654678,20260610,-6.474820143884886,-8.812949640287759
600868,600868.SH,梅雁吉祥,水力发电,20260529,3.5,61.82836616114227,61.82836616114227,0.0,2.89,9.0359,12175.37,8.376963350785337,sideways,BULL_TREND,76.55347463629771,100.0,100.0,65.0,50.132900496600726,43.333333333333336,0.0,52.14853471868831,0.0,1,1,E_ablate_wyckoff_vr1.2,True,,20260601,3.51,20260603,-1.9943019943019946,-5.698005698005693,20260605,0.8547008547008517,-5.698005698005693,20260610,-13.96011396011395,-14.814814814814802
600383,600383.SH,金地集团,全国地产,20260529,2.75,60.74789780671625,60.74789780671625,0.0,3.13,3.7794,8966.15,15.6441717791411,sideways,BULL_TREND,82.30813285789468,93.55828220858899,89.66149999999999,80.0,49.54159883615455,33.33333333333333,0.0,47.962903109217464,0.0,2,2,E_ablate_wyckoff_vr1.2,True,,20260601,2.72,20260603,-2.941176470588236,-4.044117647058831,20260605,-3.308823529411775,-4.779411764705898,20260610,-8.088235294117652,-9.558823529411775
000681,000681.SZ,视觉中国,互联网,20260529,20.59,55.71375527644482,55.71375527644482,0.0,2.4,8.3277,10309.56,12.196162046908315,sideways,BULL_TREND,63.151720291689685,100.0,100.0,60.0,31.691400970709495,33.33333333333333,0.0,52.07025513361483,0.0,3,3,E_ablate_wyckoff_vr1.2,True,t1_limit_up,,,,,,,,,,,
600868,600868.SH,梅雁吉祥,水力发电,20260529,3.5,68.08619032738487,68.08619032738487,0.0,2.89,9.0359,12175.37,8.376963350785337,sideways,BULL_TREND,76.55347463629771,100.0,100.0,65.0,50.132900496600726,43.333333333333336,0.0,52.14853471868831,0.0,1,1,E_ablate_accel_vr1.2,True,,20260601,3.51,20260603,-1.9943019943019946,-5.698005698005693,20260605,0.8547008547008517,-5.698005698005693,20260610,-13.96011396011395,-14.814814814814802
600383,600383.SH,金地集团,全国地产,20260529,2.75,66.50344617982235,66.50344617982235,0.0,3.13,3.7794,8966.15,15.6441717791411,sideways,BULL_TREND,82.30813285789468,93.55828220858899,89.66149999999999,80.0,49.54159883615455,33.33333333333333,0.0,47.962903109217464,0.0,2,2,E_ablate_accel_vr1.2,True,,20260601,2.72,20260603,-2.941176470588236,-4.044117647058831,20260605,-3.308823529411775,-4.779411764705898,20260610,-8.088235294117652,-9.558823529411775
000681,000681.SZ,视觉中国,互联网,20260529,20.59,61.9621858924786,61.9621858924786,0.0,2.4,8.3277,10309.56,12.196162046908315,sideways,BULL_TREND,63.151720291689685,100.0,100.0,60.0,31.691400970709495,33.33333333333333,0.0,52.07025513361483,0.0,3,3,E_ablate_accel_vr1.2,True,t1_limit_up,,,,,,,,,,,
603039,603039.SH,泛微网络,软件服务,20260602,42.08,73.79961802693767,67.94940007312586,5.850217953811811,2.81,7.879,9091.89,15.823164632926593,sideways,BULL_TREND,74.52850652231007,91.76835367073407,90.9189,100.0,58.50217953811811,66.66666666666666,0.0,52.8763547217092,0.0,1,1,A_recovered_proxy_vr1.5,True,,20260603,41.2,20260605,-3.0582524271844824,-10.19417475728156,20260609,9.878640776699022,-10.19417475728156,20260612,15.55825242718445,-10.19417475728156
002066,002066.SZ,瑞泰科技,其他建材,20260602,24.5,47.264749810287604,47.264749810287604,0.0,1.68,4.3626,2405.12,13.212894084307475,sideways,BULL_TREND,37.42306165020178,100.0,24.051199999999998,80.0,53.50455088033423,66.66666666666666,0.0,13.220969015497879,0.0,2,2,A_recovered_proxy_vr1.5,True,,20260603,24.43,20260605,-0.8595988538681931,-4.584527220630374,20260609,-4.093327875562835,-5.85345886205485,20260612,-7.613589848546864,-9.291854277527634
603039,603039.SH,泛微网络,软件服务,20260602,42.08,67.94940007312586,67.94940007312586,0.0,2.81,7.879,9091.89,15.823164632926593,sideways,BULL_TREND,74.52850652231007,91.76835367073407,90.9189,100.0,58.50217953811811,66.66666666666666,0.0,52.8763547217092,0.0,1,1,B_pure_quant_vr1.5,True,,20260603,41.2,20260605,-3.0582524271844824,-10.19417475728156,20260609,9.878640776699022,-10.19417475728156,20260612,15.55825242718445,-10.19417475728156
002066,002066.SZ,瑞泰科技,其他建材,20260602,24.5,47.264749810287604,47.264749810287604,0.0,1.68,4.3626,2405.12,13.212894084307475,sideways,BULL_TREND,37.42306165020178,100.0,24.051199999999998,80.0,53.50455088033423,66.66666666666666,0.0,13.220969015497879,0.0,2,2,B_pure_quant_vr1.5,True,,20260603,24.43,20260605,-0.8595988538681931,-4.584527220630374,20260609,-4.093327875562835,-5.85345886205485,20260612,-7.613589848546864,-9.291854277527634
603039,603039.SH,泛微网络,软件服务,20260602,42.08,74.86681042200075,68.58971551016371,6.277094911837044,2.81,7.879,9091.89,15.823164632926593,sideways,BULL_TREND,74.52850652231007,91.76835367073407,90.9189,100.0,62.77094911837044,66.66666666666666,0.0,52.8763547217092,0.0,1,1,A_recovered_proxy_vr1.2,True,,20260603,41.2,20260605,-3.0582524271844824,-10.19417475728156,20260609,9.878640776699022,-10.19417475728156,20260612,15.55825242718445,-10.19417475728156
002536,002536.SZ,飞龙股份,汽车配件,20260602,40.45,53.18318678642247,46.472479764663646,6.710707021758819,1.21,7.6509,13878.59,18.05105348460291,sideways,BULL_TREND,13.750352374993488,69.4894651539709,100.0,100.0,67.10707021758819,33.33333333333333,0.0,11.891605908221587,0.0,2,2,A_recovered_proxy_vr1.2,True,,20260603,42.75,20260605,-7.485380116959073,-10.432748538011694,20260609,-3.157894736842104,-12.39766081871344,20260612,-3.157894736842104,-12.39766081871344
600711,600711.SH,盛屯矿业,小金属,20260602,12.61,49.339301388358834,49.339301388358834,0.0,1.22,3.481,15106.65,15.764863059452244,sideways,BULL_TREND,14.344057389408077,92.35136940547756,100.0,80.0,56.444913136695384,20.0,0.0,14.996421024830735,0.0,3,3,A_recovered_proxy_vr1.2,True,,20260603,12.5,20260605,-4.799999999999994,-5.120000000000003,20260609,-8.879999999999999,-12.400000000000011,20260612,4.0000000000000036,-12.400000000000011
603039,603039.SH,泛微网络,软件服务,20260602,42.08,68.58971551016371,68.58971551016371,0.0,2.81,7.879,9091.89,15.823164632926593,sideways,BULL_TREND,74.52850652231007,91.76835367073407,90.9189,100.0,62.77094911837044,66.66666666666666,0.0,52.8763547217092,0.0,1,1,D_pure_quant_vr1.2,True,,20260603,41.2,20260605,-3.0582524271844824,-10.19417475728156,20260609,9.878640776699022,-10.19417475728156,20260612,15.55825242718445,-10.19417475728156
600711,600711.SH,盛屯矿业,小金属,20260602,12.61,49.339301388358834,49.339301388358834,0.0,1.22,3.481,15106.65,15.764863059452244,sideways,BULL_TREND,14.344057389408077,92.35136940547756,100.0,80.0,56.444913136695384,20.0,0.0,14.996421024830735,0.0,2,2,D_pure_quant_vr1.2,True,,20260603,12.5,20260605,-4.799999999999994,-5.120000000000003,20260609,-8.879999999999999,-12.400000000000011,20260612,4.0000000000000036,-12.400000000000011
002066,002066.SZ,瑞泰科技,其他建材,20260602,24.5,47.264749810287604,47.264749810287604,0.0,1.68,4.3626,2405.12,13.212894084307475,sideways,BULL_TREND,37.42306165020178,100.0,24.051199999999998,80.0,53.50455088033423,66.66666666666666,0.0,13.220969015497879,0.0,3,3,D_pure_quant_vr1.2,True,,20260603,24.43,20260605,-0.8595988538681931,-4.584527220630374,20260609,-4.093327875562835,-5.85345886205485,20260612,-7.613589848546864,-9.291854277527634
603039,603039.SH,泛微网络,软件服务,20260602,42.08,59.17407314240815,59.17407314240815,0.0,2.81,7.879,9091.89,15.823164632926593,sideways,BULL_TREND,74.52850652231007,91.76835367073407,90.9189,100.0,62.77094911837044,66.66666666666666,0.0,52.8763547217092,0.0,1,1,E_ablate_sector_vr1.2,True,,20260603,41.2,20260605,-3.0582524271844824,-10.19417475728156,20260609,9.878640776699022,-10.19417475728156,20260612,15.55825242718445,-10.19417475728156
603039,603039.SH,泛微网络,软件服务,20260602,42.08,56.79402766186262,56.79402766186262,0.0,2.81,7.879,9091.89,15.823164632926593,sideways,BULL_TREND,74.52850652231007,91.76835367073407,90.9189,65.0,66.2014834630298,66.66666666666666,0.0,52.8763547217092,0.0,1,1,E_ablate_inflow_vr1.2,True,,20260603,41.2,20260605,-3.0582524271844824,-10.19417475728156,20260609,9.878640776699022,-10.19417475728156,20260612,15.55825242718445,-10.19417475728156
603161,603161.SH,科华控股,汽车配件,20260602,14.45,53.4648051912176,53.4648051912176,0.0,4.69,8.195,-478.89,4.494382022471919,sideways,BULL_TREND,100.0,44.9438202247192,0.0,60.0,65.94583226005805,10.0,0.0,75.7107491897556,0.0,2,2,E_ablate_inflow_vr1.2,True,,20260603,14.38,20260605,3.546592489568834,-5.354659248956894,20260609,4.728789986091786,-5.354659248956894,20260612,0.9735744089012455,-5.354659248956894
002194,002194.SZ,武汉凡谷,通信设备,20260602,11.51,46.96409218487023,46.96409218487023,0.0,2.02,11.7789,-15830.33,14.104477611940302,sideways,BULL_TREND,50.7177646488535,100.0,0.0,60.0,48.022581504477365,33.33333333333333,0.0,29.46775058153492,0.0,3,3,E_ablate_inflow_vr1.2,True,,20260603,11.43,20260605,6.211723534558189,-3.7620297462817143,20260609,5.249343832021003,-3.7620297462817143,20260612,-0.5249343832021025,-3.7620297462817143
603039,603039.SH,泛微网络,软件服务,20260602,42.08,62.24455294355861,62.24455294355861,0.0,2.81,7.879,9091.89,15.823164632926593,sideways,BULL_TREND,74.52850652231007,91.76835367073407,90.9189,100.0,62.77094911837044,66.66666666666666,0.0,52.8763547217092,0.0,1,1,E_ablate_wyckoff_vr1.2,True,,20260603,41.2,20260605,-3.0582524271844824,-10.19417475728156,20260609,9.878640776699022,-10.19417475728156,20260612,15.55825242718445,-10.19417475728156
600711,600711.SH,盛屯矿业,小金属,20260602,12.61,47.53973086537915,47.53973086537915,0.0,1.22,3.481,15106.65,15.764863059452244,sideways,BULL_TREND,14.344057389408077,92.35136940547756,100.0,80.0,56.444913136695384,20.0,0.0,14.996421024830735,0.0,2,2,E_ablate_wyckoff_vr1.2,True,,20260603,12.5,20260605,-4.799999999999994,-5.120000000000003,20260609,-8.879999999999999,-12.400000000000011,20260612,4.0000000000000036,-12.400000000000011
002066,002066.SZ,瑞泰科技,其他建材,20260602,24.5,45.67823352842786,45.67823352842786,0.0,1.68,4.3626,2405.12,13.212894084307475,sideways,BULL_TREND,37.42306165020178,100.0,24.051199999999998,80.0,53.50455088033423,66.66666666666666,0.0,13.220969015497879,0.0,3,3,E_ablate_wyckoff_vr1.2,True,,20260603,24.43,20260605,-0.8595988538681931,-4.584527220630374,20260609,-4.093327875562835,-5.85345886205485,20260612,-7.613589848546864,-9.291854277527634
603039,603039.SH,泛微网络,软件服务,20260602,42.08,68.58971551016371,68.58971551016371,0.0,2.81,7.879,9091.89,15.823164632926593,sideways,BULL_TREND,74.52850652231007,91.76835367073407,90.9189,100.0,62.77094911837044,66.66666666666666,0.0,52.8763547217092,0.0,1,1,E_ablate_accel_vr1.2,True,,20260603,41.2,20260605,-3.0582524271844824,-10.19417475728156,20260609,9.878640776699022,-10.19417475728156,20260612,15.55825242718445,-10.19417475728156
600711,600711.SH,盛屯矿业,小金属,20260602,12.61,49.339301388358834,49.339301388358834,0.0,1.22,3.481,15106.65,15.764863059452244,sideways,BULL_TREND,14.344057389408077,92.35136940547756,100.0,80.0,56.444913136695384,20.0,0.0,14.996421024830735,0.0,2,2,E_ablate_accel_vr1.2,True,,20260603,12.5,20260605,-4.799999999999994,-5.120000000000003,20260609,-8.879999999999999,-12.400000000000011,20260612,4.0000000000000036,-12.400000000000011
002066,002066.SZ,瑞泰科技,其他建材,20260602,24.5,47.264749810287604,47.264749810287604,0.0,1.68,4.3626,2405.12,13.212894084307475,sideways,BULL_TREND,37.42306165020178,100.0,24.051199999999998,80.0,53.50455088033423,66.66666666666666,0.0,13.220969015497879,0.0,3,3,E_ablate_accel_vr1.2,True,,20260603,24.43,20260605,-0.8595988538681931,-4.584527220630374,20260609,-4.093327875562835,-5.85345886205485,20260612,-7.613589848546864,-9.291854277527634
002326,002326.SZ,永太科技,化工原料,20260603,21.95,72.21466422620277,63.651308488089754,8.563355738113021,1.87,6.0735,28927.36,12.549800796812757,sideways,BULL_TREND,45.1519135056456,100.0,100.0,65.0,85.6335573811302,63.33333333333333,0.0,25.051560358429377,0.0,1,1,A_recovered_proxy_vr1.5,True,,20260604,21.91,20260608,5.568233683249657,-3.788224554997721,20260610,-0.045641259698769865,-3.788224554997721,20260615,-0.09128251939752863,-4.016430853491548
002378,002378.SZ,章源钨业,小金属,20260603,30.84,71.87844345518418,64.29555503911665,7.582888416067535,1.89,8.3225,29300.49,14.046822742474923,sideways,BULL_TREND,45.919311722317396,100.0,100.0,60.0,75.82888416067534,33.33333333333333,0.0,47.93589307865706,0.0,2,2,A_recovered_proxy_vr1.5,True,,20260604,30.45,20260608,-1.1494252873563093,-6.371100164203602,20260610,0.3940886699507429,-6.371100164203602,20260615,22.824302134646967,-6.371100164203602
000751,000751.SZ,锌业股份,铅锌,20260603,5.53,59.46950135152436,51.35548788615219,8.114013465372164,1.54,5.7424,6190.19,16.842105263157894,sideways,BULL_TREND,31.146517546008834,81.57894736842107,61.9019,65.0,81.14013465372163,53.333333333333336,0.0,27.4164228354392,0.0,3,3,A_recovered_proxy_vr1.5,True,,20260604,5.45,20260608,-16.14678899082569,-16.51376146788991,20260610,-16.330275229357806,-18.532110091743114,20260615,-1.1009174311926717,-18.532110091743114
002378,002378.SZ,章源钨业,小金属,20260603,30.84,64.29555503911665,64.29555503911665,0.0,1.89,8.3225,29300.49,14.046822742474923,sideways,BULL_TREND,45.919311722317396,100.0,100.0,60.0,75.82888416067534,33.33333333333333,0.0,47.93589307865706,0.0,1,1,B_pure_quant_vr1.5,True,,20260604,30.45,20260608,-1.1494252873563093,-6.371100164203602,20260610,0.3940886699507429,-6.371100164203602,20260615,22.824302134646967,-6.371100164203602
002326,002326.SZ,永太科技,化工原料,20260603,21.95,63.651308488089754,63.651308488089754,0.0,1.87,6.0735,28927.36,12.549800796812757,sideways,BULL_TREND,45.1519135056456,100.0,100.0,65.0,85.6335573811302,63.33333333333333,0.0,25.051560358429377,0.0,2,2,B_pure_quant_vr1.5,True,,20260604,21.91,20260608,5.568233683249657,-3.788224554997721,20260610,-0.045641259698769865,-3.788224554997721,20260615,-0.09128251939752863,-4.016430853491548
002445,002445.SZ,中南文化,钢加工,20260603,3.72,57.66114106127631,57.66114106127631,0.0,1.64,7.8226,13670.45,12.880562060889917,sideways,BULL_TREND,35.68479074216794,100.0,100.0,100.0,59.13978018272542,63.33333333333333,0.0,13.940445032699053,0.0,3,3,B_pure_quant_vr1.5,True,,20260604,3.66,20260608,-7.650273224043724,-8.469945355191255,20260610,-12.02185792349727,-12.841530054644812,20260615,-12.295081967213118,-14.480874316939897
002378,002378.SZ,章源钨业,小金属,20260603,30.84,74.40872732314863,65.89372535989531,8.515001963253315,1.89,8.3225,29300.49,14.046822742474923,sideways,BULL_TREND,45.919311722317396,100.0,100.0,65.0,85.15001963253314,33.33333333333333,0.0,47.93589307865706,0.0,1,1,A_recovered_proxy_vr1.2,True,,20260604,30.45,20260608,-1.1494252873563093,-6.371100164203602,20260610,0.3940886699507429,-6.371100164203602,20260615,22.824302134646967,-6.371100164203602
600111,600111.SH,北方稀土,小金属,20260603,49.82,64.30934787796974,55.79434591471643,8.515001963253315,1.2,3.3659,56171.41,14.04416839199448,sideways,BULL_TREND,13.151720291689688,100.0,100.0,40.0,85.15001963253314,20.0,0.0,34.403870880539415,0.0,2,2,A_recovered_proxy_vr1.2,True,,20260604,49.0,20260608,-4.122448979591842,-4.959183673469392,20260610,-3.857142857142859,-5.08163265306123,20260615,3.0000000000000027,-5.591836734693878
600497,600497.SH,驰宏锌锗,铅锌,20260603,10.0,61.64577415606946,54.62010906896296,7.025665087106498,1.3,4.4093,22990.92,12.126537785588758,sideways,BULL_TREND,18.925581162686495,100.0,100.0,65.0,70.25665087106498,10.0,0.0,25.983196520934904,0.0,3,3,A_recovered_proxy_vr1.2,True,,20260604,9.87,20260608,-16.51469098277608,-17.831813576494426,20260610,-16.818642350557234,-18.23708206686929,20260615,2.532928064842954,-18.23708206686929
002378,002378.SZ,章源钨业,小金属,20260603,30.84,65.89372535989531,65.89372535989531,0.0,1.89,8.3225,29300.49,14.046822742474923,sideways,BULL_TREND,45.919311722317396,100.0,100.0,65.0,85.15001963253314,33.33333333333333,0.0,47.93589307865706,0.0,1,1,D_pure_quant_vr1.2,True,,20260604,30.45,20260608,-1.1494252873563093,-6.371100164203602,20260610,0.3940886699507429,-6.371100164203602,20260615,22.824302134646967,-6.371100164203602
002326,002326.SZ,永太科技,化工原料,20260603,21.95,59.83528682849035,59.83528682849035,0.0,1.87,6.0735,28927.36,12.549800796812757,sideways,BULL_TREND,45.1519135056456,100.0,100.0,65.0,60.19341298380081,63.33333333333333,0.0,25.051560358429377,0.0,2,2,D_pure_quant_vr1.2,True,,20260604,21.91,20260608,5.568233683249657,-3.788224554997721,20260610,-0.045641259698769865,-3.788224554997721,20260615,-0.09128251939752863,-4.016430853491548
002445,002445.SZ,中南文化,钢加工,20260603,3.72,56.34482429729422,56.34482429729422,0.0,1.64,7.8226,13670.45,12.880562060889917,sideways,BULL_TREND,35.68479074216794,100.0,100.0,100.0,50.364335089511464,63.33333333333333,0.0,13.940445032699053,0.0,3,3,D_pure_quant_vr1.2,True,,20260604,3.66,20260608,-7.650273224043724,-8.469945355191255,20260610,-12.02185792349727,-12.841530054644812,20260615,-12.295081967213118,-14.480874316939897
002378,002378.SZ,章源钨业,小金属,20260603,30.84,53.12122241501534,53.12122241501534,0.0,1.89,8.3225,29300.49,14.046822742474923,sideways,BULL_TREND,45.919311722317396,100.0,100.0,65.0,85.15001963253314,33.33333333333333,0.0,47.93589307865706,0.0,1,1,E_ablate_sector_vr1.2,True,,20260604,30.45,20260608,-1.1494252873563093,-6.371100164203602,20260610,0.3940886699507429,-6.371100164203602,20260615,22.824302134646967,-6.371100164203602
002326,002326.SZ,永太科技,化工原料,20260603,21.95,50.80627488092023,50.80627488092023,0.0,1.87,6.0735,28927.36,12.549800796812757,sideways,BULL_TREND,45.1519135056456,100.0,100.0,65.0,60.19341298380081,63.33333333333333,0.0,25.051560358429377,0.0,2,2,E_ablate_sector_vr1.2,True,,20260604,21.91,20260608,5.568233683249657,-3.788224554997721,20260610,-0.045641259698769865,-3.788224554997721,20260615,-0.09128251939752863,-4.016430853491548
002445,002445.SZ,中南文化,钢加工,20260603,3.72,48.7901740338675,48.7901740338675,0.0,1.64,7.8226,13670.45,12.880562060889917,sideways,BULL_TREND,35.68479074216794,100.0,100.0,100.0,50.364335089511464,63.33333333333333,0.0,13.940445032699053,0.0,3,3,E_ablate_sector_vr1.2,True,,20260604,3.66,20260608,-7.650273224043724,-8.469945355191255,20260610,-12.02185792349727,-12.841530054644812,20260615,-12.295081967213118,-14.480874316939897
002378,002378.SZ,章源钨业,小金属,20260603,30.84,53.06934936980635,53.06934936980635,0.0,1.89,8.3225,29300.49,14.046822742474923,sideways,BULL_TREND,45.919311722317396,100.0,100.0,65.0,79.65417969860677,33.33333333333333,0.0,47.93589307865706,0.0,1,1,E_ablate_inflow_vr1.2,True,,20260604,30.45,20260608,-1.1494252873563093,-6.371100164203602,20260610,0.3940886699507429,-6.371100164203602,20260615,22.824302134646967,-6.371100164203602
002326,002326.SZ,永太科技,化工原料,20260603,21.95,47.94488954764061,47.94488954764061,0.0,1.87,6.0735,28927.36,12.549800796812757,sideways,BULL_TREND,45.1519135056456,100.0,100.0,65.0,60.924097778135874,63.33333333333333,0.0,25.051560358429377,0.0,2,2,E_ablate_inflow_vr1.2,True,,20260604,21.91,20260608,5.568233683249657,-3.788224554997721,20260610,-0.045641259698769865,-3.788224554997721,20260615,-0.09128251939752863,-4.016430853491548
000758,000758.SZ,中色股份,铅锌,20260603,7.05,47.37574300981887,47.37574300981887,0.0,1.56,3.346,1838.53,9.499358151476255,sideways,BULL_TREND,32.07730145437618,100.0,18.3853,40.0,71.12353867167741,0.0,0.0,50.41838240920412,0.0,3,3,E_ablate_inflow_vr1.2,True,,20260604,6.95,20260608,-9.784172661870516,-11.51079136690647,20260610,-8.489208633093526,-11.51079136690647,20260615,3.8848920863309377,-11.51079136690647
002378,002378.SZ,章源钨业,小金属,20260603,30.84,60.14141819045646,60.14141819045646,0.0,1.89,8.3225,29300.49,14.046822742474923,sideways,BULL_TREND,45.919311722317396,100.0,100.0,65.0,85.15001963253314,33.33333333333333,0.0,47.93589307865706,0.0,1,1,E_ablate_wyckoff_vr1.2,True,,20260604,30.45,20260608,-1.1494252873563093,-6.371100164203602,20260610,0.3940886699507429,-6.371100164203602,20260615,22.824302134646967,-6.371100164203602
002326,002326.SZ,永太科技,化工原料,20260603,21.95,56.82909958547882,56.82909958547882,0.0,1.87,6.0735,28927.36,12.549800796812757,sideways,BULL_TREND,45.1519135056456,100.0,100.0,65.0,60.19341298380081,63.33333333333333,0.0,25.051560358429377,0.0,2,2,E_ablate_wyckoff_vr1.2,True,,20260604,21.91,20260608,5.568233683249657,-3.788224554997721,20260610,-0.045641259698769865,-3.788224554997721,20260615,-0.09128251939752863,-4.016430853491548
002445,002445.SZ,中南文化,钢加工,20260603,3.72,54.671970893370336,54.671970893370336,0.0,1.64,7.8226,13670.45,12.880562060889917,sideways,BULL_TREND,35.68479074216794,100.0,100.0,100.0,50.364335089511464,63.33333333333333,0.0,13.940445032699053,0.0,3,3,E_ablate_wyckoff_vr1.2,True,,20260604,3.66,20260608,-7.650273224043724,-8.469945355191255,20260610,-12.02185792349727,-12.841530054644812,20260615,-12.295081967213118,-14.480874316939897
002378,002378.SZ,章源钨业,小金属,20260603,30.84,65.89372535989531,65.89372535989531,0.0,1.89,8.3225,29300.49,14.046822742474923,sideways,BULL_TREND,45.919311722317396,100.0,100.0,65.0,85.15001963253314,33.33333333333333,0.0,47.93589307865706,0.0,1,1,E_ablate_accel_vr1.2,True,,20260604,30.45,20260608,-1.1494252873563093,-6.371100164203602,20260610,0.3940886699507429,-6.371100164203602,20260615,22.824302134646967,-6.371100164203602
002326,002326.SZ,永太科技,化工原料,20260603,21.95,59.83528682849035,59.83528682849035,0.0,1.87,6.0735,28927.36,12.549800796812757,sideways,BULL_TREND,45.1519135056456,100.0,100.0,65.0,60.19341298380081,63.33333333333333,0.0,25.051560358429377,0.0,2,2,E_ablate_accel_vr1.2,True,,20260604,21.91,20260608,5.568233683249657,-3.788224554997721,20260610,-0.045641259698769865,-3.788224554997721,20260615,-0.09128251939752863,-4.016430853491548
002445,002445.SZ,中南文化,钢加工,20260603,3.72,56.34482429729422,56.34482429729422,0.0,1.64,7.8226,13670.45,12.880562060889917,sideways,BULL_TREND,35.68479074216794,100.0,100.0,100.0,50.364335089511464,63.33333333333333,0.0,13.940445032699053,0.0,3,3,E_ablate_accel_vr1.2,True,,20260604,3.66,20260608,-7.650273224043724,-8.469945355191255,20260610,-12.02185792349727,-12.841530054644812,20260615,-12.295081967213118,-14.480874316939897
600198,600198.SH,大唐电信,通信设备,20260604,9.25,69.21762843740412,64.55118237806833,4.666446059335788,3.81,8.6752,1958.8,13.47053320860617,sideways,BULL_TREND,96.48954988592988,100.0,19.588,60.0,46.66446059335788,66.66666666666666,0.0,68.66599150688951,0.0,1,1,A_recovered_proxy_vr1.5,True,,20260605,8.94,20260609,4.4742729306487705,-6.487695749440714,20260611,5.257270693512317,-6.487695749440714,20260616,7.718120805369133,-6.487695749440714
002549,002549.SZ,凯美特气,环境保护,20260604,16.5,48.076924400461905,42.93750828721592,5.139416113245988,1.95,5.4891,6129.73,20.289855072463766,sideways,BULL_TREND,48.1737061987443,48.55072463768117,61.29729999999999,100.0,51.39416113245988,66.66666666666666,0.0,10.5,0.0,2,2,A_recovered_proxy_vr1.5,True,,20260605,16.44,20260609,-4.1362530413625365,-7.725060827250618,20260611,10.401459854014572,-7.725060827250618,20260616,8.454987834549854,-7.725060827250618
002008,002008.SZ,大族激光,专用机械,20260604,134.65,46.70353230768788,46.70353230768788,0.0,1.54,7.0344,4708.37,13.961661341853032,sideways,BULL_TREND,31.146517546008834,100.0,47.0837,80.0,35.19948936075693,63.33333333333333,0.0,20.455536473214416,0.0,3,3,A_recovered_proxy_vr1.5,True,,20260605,133.99,20260609,-7.082618105828797,-11.26203448018509,20260611,-9.358907381147851,-13.20247779685052,20260616,1.9628330472423183,-13.20247779685052
600198,600198.SH,大唐电信,通信设备,20260604,9.25,64.55118237806833,64.55118237806833,0.0,3.81,8.6752,1958.8,13.47053320860617,sideways,BULL_TREND,96.48954988592988,100.0,19.588,60.0,46.66446059335788,66.66666666666666,0.0,68.66599150688951,0.0,1,1,B_pure_quant_vr1.5,True,,20260605,8.94,20260609,4.4742729306487705,-6.487695749440714,20260611,5.257270693512317,-6.487695749440714,20260616,7.718120805369133,-6.487695749440714
002008,002008.SZ,大族激光,专用机械,20260604,134.65,46.70353230768788,46.70353230768788,0.0,1.54,7.0344,4708.37,13.961661341853032,sideways,BULL_TREND,31.146517546008834,100.0,47.0837,80.0,35.19948936075693,63.33333333333333,0.0,20.455536473214416,0.0,2,2,B_pure_quant_vr1.5,True,,20260605,133.99,20260609,-7.082618105828797,-11.26203448018509,20260611,-9.358907381147851,-13.20247779685052,20260616,1.9628330472423183,-13.20247779685052
002965,002965.SZ,祥鑫科技,汽车配件,20260604,36.67,45.180836230100404,45.180836230100404,0.0,2.52,9.3736,3406.7,4.975382223373935,sideways,BULL_TREND,66.67118668625959,49.753822233739356,34.067,60.0,46.24243835719101,43.333333333333336,0.0,43.96884872879432,0.0,3,3,B_pure_quant_vr1.5,True,,20260605,36.67,20260609,0.9817289337332946,-1.6362148895554984,20260611,5.099536405781291,-4.826833924188723,20260616,17.043905099536417,-4.826833924188723
600198,600198.SH,大唐电信,通信设备,20260604,9.25,69.20291108898991,64.5423519690198,4.6605591199701015,3.81,8.6752,1958.8,13.47053320860617,sideways,BULL_TREND,96.48954988592988,100.0,19.588,60.0,46.60559119970102,66.66666666666666,0.0,68.66599150688951,0.0,1,1,A_recovered_proxy_vr1.2,True,,20260605,8.94,20260609,4.4742729306487705,-6.487695749440714,20260611,5.257270693512317,-6.487695749440714,20260616,7.718120805369133,-6.487695749440714
002426,002426.SZ,胜利精密,元器件,20260604,3.63,54.85130160436772,46.58755709062321,8.263744513744513,1.2,7.2698,886.88,12.74038461538462,sideways,BULL_TREND,13.151720291689688,100.0,8.8688,65.0,82.63744513744513,33.33333333333333,0.0,41.396993243066994,0.0,2,2,A_recovered_proxy_vr1.2,True,,20260605,3.55,20260609,5.352112676056353,-0.8450704225352101,20260611,-3.9436619718309807,-4.788732394366191,20260616,15.492957746478876,-4.788732394366191
002472,002472.SZ,双环传动,汽车配件,20260604,41.39,51.122204490585915,51.122204490585915,0.0,1.37,5.6603,12142.73,10.255854293148303,sideways,BULL_TREND,22.708794659290106,100.0,100.0,65.0,43.645466342727815,10.0,0.0,23.162080951107665,0.0,3,3,A_recovered_proxy_vr1.2,True,,20260605,41.4,20260609,8.381642512077292,-5.676328502415462,20260611,-0.7729468599033784,-5.676328502415462,20260616,2.1980676328502424,-5.676328502415462
600198,600198.SH,大唐电信,通信设备,20260604,9.25,64.5423519690198,64.5423519690198,0.0,3.81,8.6752,1958.8,13.47053320860617,sideways,BULL_TREND,96.48954988592988,100.0,19.588,60.0,46.60559119970102,66.66666666666666,0.0,68.66599150688951,0.0,1,1,D_pure_quant_vr1.2,True,,20260605,8.94,20260609,4.4742729306487705,-6.487695749440714,20260611,5.257270693512317,-6.487695749440714,20260616,7.718120805369133,-6.487695749440714
002472,002472.SZ,双环传动,汽车配件,20260604,41.39,51.122204490585915,51.122204490585915,0.0,1.37,5.6603,12142.73,10.255854293148303,sideways,BULL_TREND,22.708794659290106,100.0,100.0,65.0,43.645466342727815,10.0,0.0,23.162080951107665,0.0,2,2,D_pure_quant_vr1.2,True,,20260605,41.4,20260609,8.381642512077292,-5.676328502415462,20260611,-0.7729468599033784,-5.676328502415462,20260616,2.1980676328502424,-5.676328502415462
000065,000065.SZ,北方国际,建筑工程,20260604,12.63,46.77044790133889,46.77044790133889,0.0,1.47,3.4798,2598.09,8.07860262008733,sideways,BULL_TREND,27.790807753081985,100.0,25.980900000000002,80.0,39.30617239454833,20.0,0.0,50.35696947065505,0.0,3,3,D_pure_quant_vr1.2,True,,20260605,12.71,20260609,-4.248623131392614,-7.317073170731714,20260611,-14.004720692368222,-14.39811172305271,20260616,-1.730920535011804,-14.39811172305271
600198,600198.SH,大唐电信,通信设备,20260604,9.25,57.551513289064644,57.551513289064644,0.0,3.81,8.6752,1958.8,13.47053320860617,sideways,BULL_TREND,96.48954988592988,100.0,19.588,60.0,46.60559119970102,66.66666666666666,0.0,68.66599150688951,0.0,1,1,E_ablate_sector_vr1.2,True,,20260605,8.94,20260609,4.4742729306487705,-6.487695749440714,20260611,5.257270693512317,-6.487695749440714,20260616,7.718120805369133,-6.487695749440714
600198,600198.SH,大唐电信,通信设备,20260604,9.25,58.97256331404981,58.97256331404981,0.0,3.81,8.6752,1958.8,13.47053320860617,sideways,BULL_TREND,96.48954988592988,100.0,19.588,60.0,25.144066833234398,66.66666666666666,0.0,68.66599150688951,0.0,1,1,E_ablate_inflow_vr1.2,True,,20260605,8.94,20260609,4.4742729306487705,-6.487695749440714,20260611,5.257270693512317,-6.487695749440714,20260616,7.718120805369133,-6.487695749440714
600981,600981.SH,苏豪汇鸿,商贸代理,20260604,2.7,50.3719625063653,50.3719625063653,0.0,2.73,3.9067,-2926.15,6.24999999999999,sideways,BULL_TREND,72.44504755725639,70.83333333333317,0.0,80.0,48.83764883764884,0.0,0.0,69.37559487323558,0.0,2,2,E_ablate_inflow_vr1.2,True,,20260605,2.68,20260609,-8.208955223880599,-10.820895522388064,20260611,3.731343283582067,-11.567164179104484,20260616,1.4925373134328401,-11.567164179104484
002426,002426.SZ,胜利精密,元器件,20260604,3.63,45.6955493878715,45.6955493878715,0.0,1.2,7.2698,886.88,12.74038461538462,sideways,BULL_TREND,13.151720291689688,100.0,8.8688,65.0,83.78576711910046,33.33333333333333,0.0,41.396993243066994,0.0,3,3,E_ablate_inflow_vr1.2,True,,20260605,3.55,20260609,5.352112676056353,-0.8450704225352101,20260611,-3.9436619718309807,-4.788732394366191,20260616,15.492957746478876,-4.788732394366191
600198,600198.SH,大唐电信,通信设备,20260604,9.25,56.30243298819306,56.30243298819306,0.0,3.81,8.6752,1958.8,13.47053320860617,sideways,BULL_TREND,96.48954988592988,100.0,19.588,60.0,46.60559119970102,66.66666666666666,0.0,68.66599150688951,0.0,1,1,E_ablate_wyckoff_vr1.2,True,,20260605,8.94,20260609,4.4742729306487705,-6.487695749440714,20260611,5.257270693512317,-6.487695749440714,20260616,7.718120805369133,-6.487695749440714
002472,002472.SZ,双环传动,汽车配件,20260604,41.39,48.342754776453,48.342754776453,0.0,1.37,5.6603,12142.73,10.255854293148303,sideways,BULL_TREND,22.708794659290106,100.0,100.0,65.0,43.645466342727815,10.0,0.0,23.162080951107665,0.0,2,2,E_ablate_wyckoff_vr1.2,True,,20260605,41.4,20260609,8.381642512077292,-5.676328502415462,20260611,-0.7729468599033784,-5.676328502415462,20260616,2.1980676328502424,-5.676328502415462
600198,600198.SH,大唐电信,通信设备,20260604,9.25,64.5423519690198,64.5423519690198,0.0,3.81,8.6752,1958.8,13.47053320860617,sideways,BULL_TREND,96.48954988592988,100.0,19.588,60.0,46.60559119970102,66.66666666666666,0.0,68.66599150688951,0.0,1,1,E_ablate_accel_vr1.2,True,,20260605,8.94,20260609,4.4742729306487705,-6.487695749440714,20260611,5.257270693512317,-6.487695749440714,20260616,7.718120805369133,-6.487695749440714
002472,002472.SZ,双环传动,汽车配件,20260604,41.39,51.122204490585915,51.122204490585915,0.0,1.37,5.6603,12142.73,10.255854293148303,sideways,BULL_TREND,22.708794659290106,100.0,100.0,65.0,43.645466342727815,10.0,0.0,23.162080951107665,0.0,2,2,E_ablate_accel_vr1.2,True,,20260605,41.4,20260609,8.381642512077292,-5.676328502415462,20260611,-0.7729468599033784,-5.676328502415462,20260616,2.1980676328502424,-5.676328502415462
000065,000065.SZ,北方国际,建筑工程,20260604,12.63,46.77044790133889,46.77044790133889,0.0,1.47,3.4798,2598.09,8.07860262008733,sideways,BULL_TREND,27.790807753081985,100.0,25.980900000000002,80.0,39.30617239454833,20.0,0.0,50.35696947065505,0.0,3,3,E_ablate_accel_vr1.2,True,,20260605,12.71,20260609,-4.248623131392614,-7.317073170731714,20260611,-14.004720692368222,-14.39811172305271,20260616,-1.730920535011804,-14.39811172305271
600111,600111.SH,北方稀土,小金属,20260612,49.43,67.19499131715611,59.05604673654102,8.138944580615085,1.69,4.2168,107763.09,7.173708920187794,sideways,BULL_TREND,37.851162325372975,86.2284820031299,100.0,40.0,81.38944580615085,0.0,0.0,49.584234277897984,0.0,1,1,A_recovered_proxy_vr1.5,True,,20260615,50.45,20260617,-0.25768087215064517,-2.239841427155609,20260622,7.3339940535183334,-2.239841427155609,20260625,-2.4777006937561907,-4.796828543111998
002805,002805.SZ,丰元股份,电气设备,20260612,21.24,64.71577668441624,59.96892079234299,4.746855892073246,2.33,9.854,5331.6,15.175718849840258,sideways,BULL_TREND,61.01649774397778,98.24281150159742,53.316,80.0,47.46855892073246,33.33333333333333,0.0,62.89168544616592,0.0,2,2,A_recovered_proxy_vr1.5,True,,20260615,21.21,20260617,15.22866572371524,-0.990099009900991,20260622,39.415370108439404,-0.990099009900991,20260625,37.57661480433756,-0.990099009900991
000762,000762.SZ,西藏矿业,小金属,20260612,30.7,64.50043458467859,56.3614900040635,8.138944580615085,1.6,8.4342,5155.77,9.063981042654024,sideways,BULL_TREND,33.903595255631885,100.0,51.557700000000004,65.0,81.38944580615085,33.33333333333333,0.0,43.672429251959905,0.0,3,3,A_recovered_proxy_vr1.5,True,,20260615,30.5,20260617,-1.0491803278688483,-3.770491803278686,20260622,-0.03278688524590567,-6.2950819672131235,20260625,-7.081967213114759,-8.196721311475407
002805,002805.SZ,丰元股份,电气设备,20260612,21.24,59.96892079234299,59.96892079234299,0.0,2.33,9.854,5331.6,15.175718849840258,sideways,BULL_TREND,61.01649774397778,98.24281150159742,53.316,80.0,47.46855892073246,33.33333333333333,0.0,62.89168544616592,0.0,1,1,B_pure_quant_vr1.5,True,,20260615,21.21,20260617,15.22866572371524,-0.990099009900991,20260622,39.415370108439404,-0.990099009900991,20260625,37.57661480433756,-0.990099009900991
600111,600111.SH,北方稀土,小金属,20260612,49.43,59.05604673654102,59.05604673654102,0.0,1.69,4.2168,107763.09,7.173708920187794,sideways,BULL_TREND,37.851162325372975,86.2284820031299,100.0,40.0,81.38944580615085,0.0,0.0,49.584234277897984,0.0,2,2,B_pure_quant_vr1.5,True,,20260615,50.45,20260617,-0.25768087215064517,-2.239841427155609,20260622,7.3339940535183334,-2.239841427155609,20260625,-2.4777006937561907,-4.796828543111998
603444,603444.SH,吉比特,互联网,20260612,338.6,58.59461635702535,58.59461635702535,0.0,1.79,3.3259,10079.31,12.370600414078664,sideways,BULL_TREND,41.99797937447659,100.0,100.0,65.0,38.28696625883057,20.0,0.0,55.100132965132616,0.0,3,3,B_pure_quant_vr1.5,True,,20260615,338.2,20260617,-3.9384979302187983,-4.642223536369006,20260622,-1.596688350088693,-5.363690124186871,20260625,2.294500295683033,-5.363690124186871
600111,600111.SH,北方稀土,小金属,20260612,49.43,66.54071681430605,58.663482034830984,7.877234779475065,1.69,4.2168,107763.09,7.173708920187794,sideways,BULL_TREND,37.851162325372975,86.2284820031299,100.0,40.0,78.77234779475064,0.0,0.0,49.584234277897984,0.0,1,1,A_recovered_proxy_vr1.2,True,,20260615,50.45,20260617,-0.25768087215064517,-2.239841427155609,20260622,7.3339940535183334,-2.239841427155609,20260625,-2.4777006937561907,-4.796828543111998
002340,002340.SZ,格林美,小金属,20260612,7.36,64.04767362450688,56.170438845031825,7.877234779475065,1.46,3.742,13171.41,14.018691588785048,sideways,BULL_TREND,27.298418455264624,100.0,100.0,40.0,78.77234779475064,10.0,0.0,21.241121797175108,0.0,2,2,A_recovered_proxy_vr1.2,True,,20260615,7.48,20260617,-0.8021390374331583,-1.4705882352941235,20260622,5.3475935828877,-3.609625668449201,20260625,-4.679144385026746,-5.74866310160429
000762,000762.SZ,西藏矿业,小金属,20260612,30.7,63.846160081828536,55.96892530235347,7.877234779475065,1.6,8.4342,5155.77,9.063981042654024,sideways,BULL_TREND,33.903595255631885,100.0,51.557700000000004,65.0,78.77234779475064,33.33333333333333,0.0,43.672429251959905,0.0,3,3,A_recovered_proxy_vr1.2,True,,20260615,30.5,20260617,-1.0491803278688483,-3.770491803278686,20260622,-0.03278688524590567,-6.2950819672131235,20260625,-7.081967213114759,-8.196721311475407
002805,002805.SZ,丰元股份,电气设备,20260612,21.24,60.58750171738075,60.58750171738075,0.0,2.33,9.854,5331.6,15.175718849840258,sideways,BULL_TREND,61.01649774397778,98.24281150159742,53.316,100.0,46.259098420984216,33.33333333333333,0.0,62.89168544616592,0.0,1,1,D_pure_quant_vr1.2,True,,20260615,21.21,20260617,15.22866572371524,-0.990099009900991,20260622,39.415370108439404,-0.990099009900991,20260625,37.57661480433756,-0.990099009900991
600111,600111.SH,北方稀土,小金属,20260612,49.43,58.663482034830984,58.663482034830984,0.0,1.69,4.2168,107763.09,7.173708920187794,sideways,BULL_TREND,37.851162325372975,86.2284820031299,100.0,40.0,78.77234779475064,0.0,0.0,49.584234277897984,0.0,2,2,D_pure_quant_vr1.2,True,,20260615,50.45,20260617,-0.25768087215064517,-2.239841427155609,20260622,7.3339940535183334,-2.239841427155609,20260625,-2.4777006937561907,-4.796828543111998
603444,603444.SH,吉比特,互联网,20260612,338.6,58.52793890190907,58.52793890190907,0.0,1.79,3.3259,10079.31,12.370600414078664,sideways,BULL_TREND,41.99797937447659,100.0,100.0,65.0,37.84244989138867,20.0,0.0,55.100132965132616,0.0,3,3,D_pure_quant_vr1.2,True,,20260615,338.2,20260617,-3.9384979302187983,-4.642223536369006,20260622,-1.596688350088693,-5.363690124186871,20260625,2.294500295683033,-5.363690124186871
002805,002805.SZ,丰元股份,电气设备,20260612,21.24,53.64863695423312,53.64863695423312,0.0,2.33,9.854,5331.6,15.175718849840258,sideways,BULL_TREND,61.01649774397778,98.24281150159742,53.316,100.0,46.259098420984216,33.33333333333333,0.0,62.89168544616592,0.0,1,1,E_ablate_sector_vr1.2,True,,20260615,21.21,20260617,15.22866572371524,-0.990099009900991,20260622,39.415370108439404,-0.990099009900991,20260625,37.57661480433756,-0.990099009900991
603444,603444.SH,吉比特,互联网,20260612,338.6,52.85157141820076,52.85157141820076,0.0,1.79,3.3259,10079.31,12.370600414078664,sideways,BULL_TREND,41.99797937447659,100.0,100.0,65.0,37.84244989138867,20.0,0.0,55.100132965132616,0.0,2,2,E_ablate_sector_vr1.2,True,,20260615,338.2,20260617,-3.9384979302187983,-4.642223536369006,20260622,-1.596688350088693,-5.363690124186871,20260625,2.294500295683033,-5.363690124186871
002017,002017.SZ,东信和平,通信设备,20260612,16.23,50.48540078218536,50.48540078218536,0.0,2.49,4.4064,3887.95,14.308342133051747,sideways,BULL_TREND,65.80728711466783,100.0,38.8795,65.0,37.21294725922546,10.0,0.0,54.518813474653655,0.0,3,3,E_ablate_sector_vr1.2,True,,20260615,16.3,20260617,-1.0429447852760787,-2.331288343558291,20260622,-0.12269938650306678,-5.153374233128838,20260625,-5.460122699386504,-6.380368098159517
002805,002805.SZ,丰元股份,电气设备,20260612,21.24,54.38405313485791,54.38405313485791,0.0,2.33,9.854,5331.6,15.175718849840258,sideways,BULL_TREND,61.01649774397778,98.24281150159742,53.316,100.0,47.555574537498565,33.33333333333333,0.0,62.89168544616592,0.0,1,1,E_ablate_inflow_vr1.2,True,,20260615,21.21,20260617,15.22866572371524,-0.990099009900991,20260622,39.415370108439404,-0.990099009900991,20260625,37.57661480433756,-0.990099009900991
600058,600058.SH,五矿发展,商贸代理,20260612,10.3,51.733031415859216,51.733031415859216,0.0,2.09,3.3546,2862.71,8.281389136242206,sideways,BULL_TREND,53.175147115307894,100.0,28.6271,80.0,50.519188544528454,10.0,0.0,58.8051730734351,0.0,2,2,E_ablate_inflow_vr1.2,True,,20260615,10.34,20260617,-0.09671179883945502,-1.5473887814313358,20260622,9.38104448742747,-1.5473887814313358,20260625,13.829787234042556,-1.5473887814313358
002017,002017.SZ,东信和平,通信设备,20260612,16.23,51.47730559766604,51.47730559766604,0.0,2.49,4.4064,3887.95,14.308342133051747,sideways,BULL_TREND,65.80728711466783,100.0,38.8795,65.0,37.71629876987119,10.0,0.0,54.518813474653655,0.0,3,3,E_ablate_inflow_vr1.2,True,,20260615,16.3,20260617,-1.0429447852760787,-2.331288343558291,20260622,-0.12269938650306678,-5.153374233128838,20260625,-5.460122699386504,-6.380368098159517
002340,002340.SZ,格林美,小金属,20260612,7.36,53.621504229370814,53.621504229370814,0.0,1.46,3.742,13171.41,14.018691588785048,sideways,BULL_TREND,27.298418455264624,100.0,100.0,40.0,78.77234779475064,10.0,0.0,21.241121797175108,0.0,1,1,E_ablate_wyckoff_vr1.2,True,,20260615,7.48,20260617,-0.8021390374331583,-1.4705882352941235,20260622,5.3475935828877,-3.609625668449201,20260625,-4.679144385026746,-5.74866310160429
002805,002805.SZ,丰元股份,电气设备,20260612,21.24,53.040499463840845,53.040499463840845,0.0,2.33,9.854,5331.6,15.175718849840258,sideways,BULL_TREND,61.01649774397778,98.24281150159742,53.316,100.0,46.259098420984216,33.33333333333333,0.0,62.89168544616592,0.0,2,2,E_ablate_wyckoff_vr1.2,True,,20260615,21.21,20260617,15.22866572371524,-0.990099009900991,20260622,39.415370108439404,-0.990099009900991,20260625,37.57661480433756,-0.990099009900991
600111,600111.SH,北方稀土,小金属,20260612,49.43,52.71337392148323,52.71337392148323,0.0,1.69,4.2168,107763.09,7.173708920187794,sideways,BULL_TREND,37.851162325372975,86.2284820031299,100.0,40.0,78.77234779475064,0.0,0.0,49.584234277897984,0.0,3,3,E_ablate_wyckoff_vr1.2,True,,20260615,50.45,20260617,-0.25768087215064517,-2.239841427155609,20260622,7.3339940535183334,-2.239841427155609,20260625,-2.4777006937561907,-4.796828543111998
002805,002805.SZ,丰元股份,电气设备,20260612,21.24,60.58750171738075,60.58750171738075,0.0,2.33,9.854,5331.6,15.175718849840258,sideways,BULL_TREND,61.01649774397778,98.24281150159742,53.316,100.0,46.259098420984216,33.33333333333333,0.0,62.89168544616592,0.0,1,1,E_ablate_accel_vr1.2,True,,20260615,21.21,20260617,15.22866572371524,-0.990099009900991,20260622,39.415370108439404,-0.990099009900991,20260625,37.57661480433756,-0.990099009900991
600111,600111.SH,北方稀土,小金属,20260612,49.43,58.663482034830984,58.663482034830984,0.0,1.69,4.2168,107763.09,7.173708920187794,sideways,BULL_TREND,37.851162325372975,86.2284820031299,100.0,40.0,78.77234779475064,0.0,0.0,49.584234277897984,0.0,2,2,E_ablate_accel_vr1.2,True,,20260615,50.45,20260617,-0.25768087215064517,-2.239841427155609,20260622,7.3339940535183334,-2.239841427155609,20260625,-2.4777006937561907,-4.796828543111998
603444,603444.SH,吉比特,互联网,20260612,338.6,58.52793890190907,58.52793890190907,0.0,1.79,3.3259,10079.31,12.370600414078664,sideways,BULL_TREND,41.99797937447659,100.0,100.0,65.0,37.84244989138867,20.0,0.0,55.100132965132616,0.0,3,3,E_ablate_accel_vr1.2,True,,20260615,338.2,20260617,-3.9384979302187983,-4.642223536369006,20260622,-1.596688350088693,-5.363690124186871,20260625,2.294500295683033,-5.363690124186871
002203,002203.SZ,海亮股份,铜,20260615,24.79,81.27877556184879,72.02885464179334,9.24992092005545,3.56,8.1434,46330.64,2.7843137254901995,momentum,BULL_TREND,91.59386205958366,100.0,100.0,60.0,92.4992092005545,33.33333333333333,0.0,51.23266826078233,0.0,1,1,A_recovered_proxy_vr1.5,True,,20260616,24.0,20260618,6.333333333333324,-5.250000000000011,20260623,1.6666666666666607,-5.250000000000011,20260626,-5.91666666666667,-7.708333333333339
002203,002203.SZ,海亮股份,铜,20260615,24.79,72.02885464179334,72.02885464179334,0.0,3.56,8.1434,46330.64,2.7843137254901995,momentum,BULL_TREND,91.59386205958366,100.0,100.0,60.0,92.4992092005545,33.33333333333333,0.0,51.23266826078233,0.0,1,1,B_pure_quant_vr1.5,True,,20260616,24.0,20260618,6.333333333333324,-5.250000000000011,20260623,1.6666666666666607,-5.250000000000011,20260626,-5.91666666666667,-7.708333333333339
002203,002203.SZ,海亮股份,铜,20260615,24.79,75.72239382626701,68.32460015140549,7.397793674861524,3.56,8.1434,46330.64,2.7843137254901995,momentum,BULL_TREND,91.59386205958366,100.0,100.0,60.0,73.97793674861524,33.33333333333333,0.0,51.23266826078233,0.0,1,1,A_recovered_proxy_vr1.2,True,,20260616,24.0,20260618,6.333333333333324,-5.250000000000011,20260623,1.6666666666666607,-5.250000000000011,20260626,-5.91666666666667,-7.708333333333339
301041,301041.SZ,金百泽,元器件,20260615,34.7,50.63650475085957,41.431449994243955,9.205054756615613,1.2,9.7496,1649.9,4.905453548917509,momentum,BULL_TREND,13.151720291689688,88.56727870649495,16.499000000000002,65.0,92.05054756615613,30.0,0.0,41.42054566609778,0.0,2,2,A_recovered_proxy_vr1.2,True,,20260616,34.79,20260618,6.668582926128197,-1.753377407300949,20260623,1.1210117849956847,-1.753377407300949,20260626,-2.127048002299514,-2.385743029606202
301067,301067.SZ,显盈科技,元器件,20260615,36.21,49.612942990014716,40.407888233399106,9.205054756615613,1.36,9.6881,1393.63,4.257006874669486,momentum,BULL_TREND,22.180332573780742,92.45795875198309,13.936300000000001,65.0,92.05054756615613,33.33333333333333,0.0,17.210062922357913,0.0,3,3,A_recovered_proxy_vr1.2,True,,20260616,36.12,20260618,-1.8272425249169388,-2.131782945736427,20260623,0.3875968992248069,-4.014396456256907,20260626,-4.263565891472865,-8.887043189368772
002203,002203.SZ,海亮股份,铜,20260615,24.79,68.32460015140549,68.32460015140549,0.0,3.56,8.1434,46330.64,2.7843137254901995,momentum,BULL_TREND,91.59386205958366,100.0,100.0,60.0,73.97793674861524,33.33333333333333,0.0,51.23266826078233,0.0,1,1,D_pure_quant_vr1.2,True,,20260616,24.0,20260618,6.333333333333324,-5.250000000000011,20260623,1.6666666666666607,-5.250000000000011,20260626,-5.91666666666667,-7.708333333333339
002203,002203.SZ,海亮股份,铜,20260615,24.79,53.52901280168245,53.52901280168245,0.0,3.56,8.1434,46330.64,2.7843137254901995,momentum,BULL_TREND,91.59386205958366,100.0,100.0,60.0,73.97793674861524,33.33333333333333,0.0,51.23266826078233,0.0,1,1,E_ablate_sector_vr1.2,True,,20260616,24.0,20260618,6.333333333333324,-5.250000000000011,20260623,1.6666666666666607,-5.250000000000011,20260626,-5.91666666666667,-7.708333333333339
002203,002203.SZ,海亮股份,铜,20260615,24.79,45.37957568461167,45.37957568461167,0.0,3.56,8.1434,46330.64,2.7843137254901995,momentum,BULL_TREND,91.59386205958366,100.0,100.0,65.0,58.00281441464612,33.33333333333333,0.0,51.23266826078233,0.0,1,1,E_ablate_inflow_vr1.2,True,,20260616,24.0,20260618,6.333333333333324,-5.250000000000011,20260623,1.6666666666666607,-5.250000000000011,20260626,-5.91666666666667,-7.708333333333339
002203,002203.SZ,海亮股份,铜,20260615,24.79,63.20133332532726,63.20133332532726,0.0,3.56,8.1434,46330.64,2.7843137254901995,momentum,BULL_TREND,91.59386205958366,100.0,100.0,60.0,73.97793674861524,33.33333333333333,0.0,51.23266826078233,0.0,1,1,E_ablate_wyckoff_vr1.2,True,,20260616,24.0,20260618,6.333333333333324,-5.250000000000011,20260623,1.6666666666666607,-5.250000000000011,20260626,-5.91666666666667,-7.708333333333339
002203,002203.SZ,海亮股份,铜,20260615,24.79,68.32460015140549,68.32460015140549,0.0,3.56,8.1434,46330.64,2.7843137254901995,momentum,BULL_TREND,91.59386205958366,100.0,100.0,60.0,73.97793674861524,33.33333333333333,0.0,51.23266826078233,0.0,1,1,E_ablate_accel_vr1.2,True,,20260616,24.0,20260618,6.333333333333324,-5.250000000000011,20260623,1.6666666666666607,-5.250000000000011,20260626,-5.91666666666667,-7.708333333333339
000831,000831.SZ,中国稀土,小金属,20260616,60.97,68.76457749392091,60.057172513580156,8.70740498034076,1.6348,9.6296,53670.49,3.1607369758576906,weak_momentum,BULL_TREND,35.45570742356047,100.0,100.0,65.0,87.0740498034076,33.33333333333333,0.0,45.07361508578853,0.0,1,1,A_recovered_proxy_vr1.5,True,,20260617,59.9,20260622,10.684474123539234,-3.28881469115192,20260624,-2.7045075125208595,-5.175292153589317,20260629,-9.315525876460761,-11.702838063439058
000969,000969.SZ,安泰科技,小金属,20260616,25.35,58.15789681066962,49.45049183032886,8.70740498034076,1.9973,11.4382,3680.34,3.133358807795186,weak_momentum,BULL_TREND,49.90255229272772,100.0,36.8034,80.0,87.0740498034076,20.0,0.0,35.19593010605704,0.0,2,2,A_recovered_proxy_vr1.5,True,,20260617,24.7,20260622,7.004048582995948,-1.4170040485829927,20260624,4.8178137651821995,-1.4170040485829927,20260629,-2.9554655870445368,-6.275303643724694
600010,600010.SH,包钢股份,普钢,20260616,2.47,56.20178112444886,56.20178112444886,0.0,1.5421,3.056,48033.43,6.439393939393937,weak_momentum,BULL_TREND,31.24481611045189,100.0,100.0,80.0,51.4583299759818,20.0,0.0,58.64206140989205,0.0,3,3,A_recovered_proxy_vr1.5,True,,20260617,2.44,20260622,3.2786885245901676,-2.4590163934426257,20260624,-4.508196721311474,-5.737704918032794,20260629,-10.245901639344257,-11.88524590163934
000831,000831.SZ,中国稀土,小金属,20260616,60.97,60.057172513580156,60.057172513580156,0.0,1.6348,9.6296,53670.49,3.1607369758576906,weak_momentum,BULL_TREND,35.45570742356047,100.0,100.0,65.0,87.0740498034076,33.33333333333333,0.0,45.07361508578853,0.0,1,1,B_pure_quant_vr1.5,True,,20260617,59.9,20260622,10.684474123539234,-3.28881469115192,20260624,-2.7045075125208595,-5.175292153589317,20260629,-9.315525876460761,-11.702838063439058
600010,600010.SH,包钢股份,普钢,20260616,2.47,56.20178112444886,56.20178112444886,0.0,1.5421,3.056,48033.43,6.439393939393937,weak_momentum,BULL_TREND,31.24481611045189,100.0,100.0,80.0,51.4583299759818,20.0,0.0,58.64206140989205,0.0,2,2,B_pure_quant_vr1.5,True,,20260617,2.44,20260622,3.2786885245901676,-2.4590163934426257,20260624,-4.508196721311474,-5.737704918032794,20260629,-10.245901639344257,-11.88524590163934
002456,002456.SZ,欧菲光,元器件,20260616,9.36,53.366943481058115,53.366943481058115,0.0,1.5786,5.1349,15660.3,8.414872798434454,weak_momentum,BULL_TREND,32.932282716879804,100.0,100.0,65.0,54.0973977542147,66.66666666666666,0.0,24.861053847070732,0.0,3,3,B_pure_quant_vr1.5,True,,20260617,9.28,20260622,-0.969827586206895,-3.124999999999989,20260624,-1.0775862068965525,-4.310344827586188,20260629,-3.7715517241379226,-7.866379310344818
000831,000831.SZ,中国稀土,小金属,20260616,60.97,68.42843091177669,59.85548456429362,8.572946347483066,1.6348,9.6296,53670.49,3.1607369758576906,weak_momentum,BULL_TREND,35.45570742356047,100.0,100.0,65.0,85.72946347483067,33.33333333333333,0.0,45.07361508578853,0.0,1,1,A_recovered_proxy_vr1.2,True,,20260617,59.9,20260622,10.684474123539234,-3.28881469115192,20260624,-2.7045075125208595,-5.175292153589317,20260629,-9.315525876460761,-11.702838063439058
002176,002176.SZ,江特电机,小金属,20260616,11.76,63.134628284640726,54.56168193715766,8.572946347483066,1.2847,10.6585,20539.71,14.596949891067537,weak_momentum,BULL_TREND,18.071575206657048,78.35875090777053,100.0,65.0,85.72946347483067,33.33333333333333,0.0,44.478729062235786,0.0,2,2,A_recovered_proxy_vr1.2,True,,20260617,11.74,20260622,-4.088586030664398,-10.136286201022138,20260624,-4.7700170357751315,-11.839863713798982,20260629,-17.46166950596253,-19.42078364565587
002456,002456.SZ,欧菲光,元器件,20260616,9.36,62.84089307502032,55.80546937218256,7.035423702837765,1.5786,5.1349,15660.3,8.414872798434454,weak_momentum,BULL_TREND,32.932282716879804,100.0,100.0,65.0,70.35423702837764,66.66666666666666,0.0,24.861053847070732,0.0,3,3,A_recovered_proxy_vr1.2,True,,20260617,9.28,20260622,-0.969827586206895,-3.124999999999989,20260624,-1.0775862068965525,-4.310344827586188,20260629,-3.7715517241379226,-7.866379310344818
000831,000831.SZ,中国稀土,小金属,20260616,60.97,59.85548456429362,59.85548456429362,0.0,1.6348,9.6296,53670.49,3.1607369758576906,weak_momentum,BULL_TREND,35.45570742356047,100.0,100.0,65.0,85.72946347483067,33.33333333333333,0.0,45.07361508578853,0.0,1,1,D_pure_quant_vr1.2,True,,20260617,59.9,20260622,10.684474123539234,-3.28881469115192,20260624,-2.7045075125208595,-5.175292153589317,20260629,-9.315525876460761,-11.702838063439058
002456,002456.SZ,欧菲光,元器件,20260616,9.36,55.80546937218256,55.80546937218256,0.0,1.5786,5.1349,15660.3,8.414872798434454,weak_momentum,BULL_TREND,32.932282716879804,100.0,100.0,65.0,70.35423702837764,66.66666666666666,0.0,24.861053847070732,0.0,2,2,D_pure_quant_vr1.2,True,,20260617,9.28,20260622,-0.969827586206895,-3.124999999999989,20260624,-1.0775862068965525,-4.310344827586188,20260629,-3.7715517241379226,-7.866379310344818
600010,600010.SH,包钢股份,普钢,20260616,2.47,55.43783837377111,55.43783837377111,0.0,1.5421,3.056,48033.43,6.439393939393937,weak_momentum,BULL_TREND,31.24481611045189,100.0,100.0,80.0,46.365378304796764,20.0,0.0,58.64206140989205,0.0,3,3,D_pure_quant_vr1.2,True,,20260617,2.44,20260622,3.2786885245901676,-2.4590163934426257,20260624,-4.508196721311474,-5.737704918032794,20260629,-10.245901639344257,-11.88524590163934
600010,600010.SH,包钢股份,普钢,20260616,2.47,48.48303162805159,48.48303162805159,0.0,1.5421,3.056,48033.43,6.439393939393937,weak_momentum,BULL_TREND,31.24481611045189,100.0,100.0,80.0,46.365378304796764,20.0,0.0,58.64206140989205,0.0,1,1,E_ablate_sector_vr1.2,True,,20260617,2.44,20260622,3.2786885245901676,-2.4590163934426257,20260624,-4.508196721311474,-5.737704918032794,20260629,-10.245901639344257,-11.88524590163934
000831,000831.SZ,中国稀土,小金属,20260616,60.97,46.99606504306902,46.99606504306902,0.0,1.6348,9.6296,53670.49,3.1607369758576906,weak_momentum,BULL_TREND,35.45570742356047,100.0,100.0,65.0,85.72946347483067,33.33333333333333,0.0,45.07361508578853,0.0,2,2,E_ablate_sector_vr1.2,True,,20260617,59.9,20260622,10.684474123539234,-3.28881469115192,20260624,-2.7045075125208595,-5.175292153589317,20260629,-9.315525876460761,-11.702838063439058
002456,002456.SZ,欧菲光,元器件,20260616,9.36,45.252333817925916,45.252333817925916,0.0,1.5786,5.1349,15660.3,8.414872798434454,weak_momentum,BULL_TREND,32.932282716879804,100.0,100.0,65.0,70.35423702837764,66.66666666666666,0.0,24.861053847070732,0.0,3,3,E_ablate_sector_vr1.2,True,,20260617,9.28,20260622,-0.969827586206895,-3.124999999999989,20260624,-1.0775862068965525,-4.310344827586188,20260629,-3.7715517241379226,-7.866379310344818
000831,000831.SZ,中国稀土,小金属,20260616,60.97,53.09444230142534,53.09444230142534,0.0,1.6348,9.6296,53670.49,3.1607369758576906,weak_momentum,BULL_TREND,35.45570742356047,100.0,100.0,65.0,85.72946347483067,33.33333333333333,0.0,45.07361508578853,0.0,1,1,E_ablate_wyckoff_vr1.2,True,,20260617,59.9,20260622,10.684474123539234,-3.28881469115192,20260624,-2.7045075125208595,-5.175292153589317,20260629,-9.315525876460761,-11.702838063439058
002456,002456.SZ,欧菲光,元器件,20260616,9.36,52.07631129512195,52.07631129512195,0.0,1.5786,5.1349,15660.3,8.414872798434454,weak_momentum,BULL_TREND,32.932282716879804,100.0,100.0,65.0,70.35423702837764,66.66666666666666,0.0,24.861053847070732,0.0,2,2,E_ablate_wyckoff_vr1.2,True,,20260617,9.28,20260622,-0.969827586206895,-3.124999999999989,20260624,-1.0775862068965525,-4.310344827586188,20260629,-3.7715517241379226,-7.866379310344818
002176,002176.SZ,江特电机,小金属,20260616,11.76,47.88987257782229,47.88987257782229,0.0,1.2847,10.6585,20539.71,14.596949891067537,weak_momentum,BULL_TREND,18.071575206657048,78.35875090777053,100.0,65.0,85.72946347483067,33.33333333333333,0.0,44.478729062235786,0.0,3,3,E_ablate_wyckoff_vr1.2,True,,20260617,11.74,20260622,-4.088586030664398,-10.136286201022138,20260624,-4.7700170357751315,-11.839863713798982,20260629,-17.46166950596253,-19.42078364565587
000831,000831.SZ,中国稀土,小金属,20260616,60.97,59.85548456429362,59.85548456429362,0.0,1.6348,9.6296,53670.49,3.1607369758576906,weak_momentum,BULL_TREND,35.45570742356047,100.0,100.0,65.0,85.72946347483067,33.33333333333333,0.0,45.07361508578853,0.0,1,1,E_ablate_accel_vr1.2,True,,20260617,59.9,20260622,10.684474123539234,-3.28881469115192,20260624,-2.7045075125208595,-5.175292153589317,20260629,-9.315525876460761,-11.702838063439058
002456,002456.SZ,欧菲光,元器件,20260616,9.36,55.80546937218256,55.80546937218256,0.0,1.5786,5.1349,15660.3,8.414872798434454,weak_momentum,BULL_TREND,32.932282716879804,100.0,100.0,65.0,70.35423702837764,66.66666666666666,0.0,24.861053847070732,0.0,2,2,E_ablate_accel_vr1.2,True,,20260617,9.28,20260622,-0.969827586206895,-3.124999999999989,20260624,-1.0775862068965525,-4.310344827586188,20260629,-3.7715517241379226,-7.866379310344818
600010,600010.SH,包钢股份,普钢,20260616,2.47,55.43783837377111,55.43783837377111,0.0,1.5421,3.056,48033.43,6.439393939393937,weak_momentum,BULL_TREND,31.24481611045189,100.0,100.0,80.0,46.365378304796764,20.0,0.0,58.64206140989205,0.0,3,3,E_ablate_accel_vr1.2,True,,20260617,2.44,20260622,3.2786885245901676,-2.4590163934426257,20260624,-4.508196721311474,-5.737704918032794,20260629,-10.245901639344257,-11.88524590163934
601991,601991.SH,大唐发电,火力发电,20260617,9.13,66.91579811524443,57.908685245733295,9.007112869511136,1.5,7.8322,32240.02,7.963709677419346,weak_momentum,BULL_TREND,29.24812503605781,100.0,100.0,100.0,90.07112869511136,66.66666666666666,0.0,11.18309235149724,0.0,1,1,A_recovered_proxy_vr1.5,True,,20260618,8.94,20260623,-6.711409395973156,-15.212527964205814,20260625,-16.442953020134222,-16.55480984340044,20260630,-20.80536912751677,-26.73378076062639
601991,601991.SH,大唐发电,火力发电,20260617,9.13,57.908685245733295,57.908685245733295,0.0,1.5,7.8322,32240.02,7.963709677419346,weak_momentum,BULL_TREND,29.24812503605781,100.0,100.0,100.0,90.07112869511136,66.66666666666666,0.0,11.18309235149724,0.0,1,1,B_pure_quant_vr1.5,True,,20260618,8.94,20260623,-6.711409395973156,-15.212527964205814,20260625,-16.442953020134222,-16.55480984340044,20260630,-20.80536912751677,-26.73378076062639
000988,000988.SZ,华工科技,专用机械,20260617,170.51,63.03238968659183,54.255498825752554,8.776890860839277,1.21,7.6807,96139.27,3.009101251422082,weak_momentum,BULL_TREND,13.750352374993488,100.0,100.0,65.0,87.76890860839276,33.33333333333333,0.0,27.406286743853013,0.0,1,1,A_recovered_proxy_vr1.2,True,,20260618,169.11,20260623,-3.2227544201998803,-3.9027851694163673,20260625,2.643249955650173,-4.618295783809357,20260630,9.165631837265686,-5.387026195967126
002049,002049.SZ,紫光国微,半导体,20260617,80.0,62.56546400988166,54.36939427744615,8.196069732435511,1.49,4.6661,36695.09,10.644476711716743,weak_momentum,BULL_TREND,28.76561653437184,100.0,100.0,40.0,81.96069732435511,66.66666666666666,0.0,16.180759102025153,0.0,2,2,A_recovered_proxy_vr1.2,True,,20260618,79.9,20260623,2.515644555694596,-0.42553191489361764,20260625,9.511889862327894,-0.42553191489361764,20260630,11.076345431789726,-0.42553191489361764
600360,600360.SH,华微电子,半导体,20260617,12.18,59.54131592793125,51.34524619549574,8.196069732435511,1.39,8.8759,9708.19,13.371266002844957,weak_momentum,BULL_TREND,23.75424414743913,88.57278330962536,97.0819,80.0,81.96069732435511,33.33333333333333,0.0,11.452415406032628,0.0,3,3,A_recovered_proxy_vr1.2,True,,20260618,12.07,20260623,12.178956089478032,-0.9113504556752194,20260625,15.410107705053843,-0.9113504556752194,20260630,21.458160729080355,-0.9113504556752194
002049,002049.SZ,紫光国微,半导体,20260617,80.0,54.36939427744615,54.36939427744615,0.0,1.49,4.6661,36695.09,10.644476711716743,weak_momentum,BULL_TREND,28.76561653437184,100.0,100.0,40.0,81.96069732435511,66.66666666666666,0.0,16.180759102025153,0.0,1,1,D_pure_quant_vr1.2,True,,20260618,79.9,20260623,2.515644555694596,-0.42553191489361764,20260625,9.511889862327894,-0.42553191489361764,20260630,11.076345431789726,-0.42553191489361764
000988,000988.SZ,华工科技,专用机械,20260617,170.51,54.255498825752554,54.255498825752554,0.0,1.21,7.6807,96139.27,3.009101251422082,weak_momentum,BULL_TREND,13.750352374993488,100.0,100.0,65.0,87.76890860839276,33.33333333333333,0.0,27.406286743853013,0.0,2,2,D_pure_quant_vr1.2,True,,20260618,169.11,20260623,-3.2227544201998803,-3.9027851694163673,20260625,2.643249955650173,-4.618295783809357,20260630,9.165631837265686,-5.387026195967126
601991,601991.SH,大唐发电,火力发电,20260617,9.13,51.6437843185731,51.6437843185731,0.0,1.5,7.8322,32240.02,7.963709677419346,weak_momentum,BULL_TREND,29.24812503605781,100.0,100.0,100.0,48.305122514043376,66.66666666666666,0.0,11.18309235149724,0.0,3,3,D_pure_quant_vr1.2,True,,20260618,8.94,20260623,-6.711409395973156,-15.212527964205814,20260625,-16.442953020134222,-16.55480984340044,20260630,-20.80536912751677,-26.73378076062639
002049,002049.SZ,紫光国微,半导体,20260617,80.0,51.942280412142374,51.942280412142374,0.0,1.49,4.6661,36695.09,10.644476711716743,weak_momentum,BULL_TREND,28.76561653437184,100.0,100.0,40.0,81.96069732435511,66.66666666666666,0.0,16.180759102025153,0.0,1,1,E_ablate_wyckoff_vr1.2,True,,20260618,79.9,20260623,2.515644555694596,-0.42553191489361764,20260625,9.511889862327894,-0.42553191489361764,20260630,11.076345431789726,-0.42553191489361764
000988,000988.SZ,华工科技,专用机械,20260617,170.51,50.1445558141746,50.1445558141746,0.0,1.21,7.6807,96139.27,3.009101251422082,weak_momentum,BULL_TREND,13.750352374993488,100.0,100.0,65.0,87.76890860839276,33.33333333333333,0.0,27.406286743853013,0.0,2,2,E_ablate_wyckoff_vr1.2,True,,20260618,169.11,20260623,-3.2227544201998803,-3.9027851694163673,20260625,2.643249955650173,-4.618295783809357,20260630,9.165631837265686,-5.387026195967126
601991,601991.SH,大唐发电,火力发电,20260617,9.13,49.96632046584851,49.96632046584851,0.0,1.5,7.8322,32240.02,7.963709677419346,weak_momentum,BULL_TREND,29.24812503605781,100.0,100.0,100.0,48.305122514043376,66.66666666666666,0.0,11.18309235149724,0.0,3,3,E_ablate_wyckoff_vr1.2,True,,20260618,8.94,20260623,-6.711409395973156,-15.212527964205814,20260625,-16.442953020134222,-16.55480984340044,20260630,-20.80536912751677,-26.73378076062639
002049,002049.SZ,紫光国微,半导体,20260617,80.0,54.36939427744615,54.36939427744615,0.0,1.49,4.6661,36695.09,10.644476711716743,weak_momentum,BULL_TREND,28.76561653437184,100.0,100.0,40.0,81.96069732435511,66.66666666666666,0.0,16.180759102025153,0.0,1,1,E_ablate_accel_vr1.2,True,,20260618,79.9,20260623,2.515644555694596,-0.42553191489361764,20260625,9.511889862327894,-0.42553191489361764,20260630,11.076345431789726,-0.42553191489361764
000988,000988.SZ,华工科技,专用机械,20260617,170.51,54.255498825752554,54.255498825752554,0.0,1.21,7.6807,96139.27,3.009101251422082,weak_momentum,BULL_TREND,13.750352374993488,100.0,100.0,65.0,87.76890860839276,33.33333333333333,0.0,27.406286743853013,0.0,2,2,E_ablate_accel_vr1.2,True,,20260618,169.11,20260623,-3.2227544201998803,-3.9027851694163673,20260625,2.643249955650173,-4.618295783809357,20260630,9.165631837265686,-5.387026195967126
601991,601991.SH,大唐发电,火力发电,20260617,9.13,51.6437843185731,51.6437843185731,0.0,1.5,7.8322,32240.02,7.963709677419346,weak_momentum,BULL_TREND,29.24812503605781,100.0,100.0,100.0,48.305122514043376,66.66666666666666,0.0,11.18309235149724,0.0,3,3,E_ablate_accel_vr1.2,True,,20260618,8.94,20260623,-6.711409395973156,-15.212527964205814,20260625,-16.442953020134222,-16.55480984340044,20260630,-20.80536912751677,-26.73378076062639
002475,002475.SZ,立讯精密,元器件,20260618,69.93,66.10230351265261,57.733627122831415,8.368676389821202,1.57,3.1471,123671.52,10.346153846153836,weak_momentum,BULL_TREND,32.538227955845116,100.0,100.0,80.0,83.686763898212,66.66666666666666,0.0,19.776966742596784,0.0,1,1,A_recovered_proxy_vr1.5,True,,20260622,70.7,20260624,6.152758132956149,-6.110325318246124,20260626,-3.8189533239038176,-6.110325318246124,,,
002861,002861.SZ,瀛通通讯,元器件,20260618,18.7,62.998839169639055,54.63016277981785,8.368676389821202,2.12,7.5039,3649.39,4.591836734693889,weak_momentum,BULL_TREND,54.20321323942373,100.0,36.4939,100.0,83.686763898212,10.0,0.0,65.85176139448328,0.0,2,2,A_recovered_proxy_vr1.5,True,,20260622,18.68,20260624,13.758029978586727,-2.676659528907921,20260626,18.576017130620983,-2.676659528907921,,,
002472,002472.SZ,双环传动,汽车配件,20260618,43.78,59.649457280930996,53.57884190829186,6.0706153726391365,1.56,7.1444,11304.29,5.0737207285342505,weak_momentum,BULL_TREND,32.07730145437618,100.0,100.0,65.0,60.70615372639136,30.0,0.0,32.74215754117816,0.0,3,3,A_recovered_proxy_vr1.5,True,,20260622,43.5,20260624,-7.931034482758625,-8.32183908045977,20260626,-14.59770114942529,-14.59770114942529,,,
002326,002326.SZ,永太科技,化工原料,20260618,23.21,58.3608911921448,58.3608911921448,0.0,1.91,7.8642,11726.1,6.56199677938808,weak_momentum,BULL_TREND,46.67863191305119,100.0,100.0,65.0,48.12281571759783,33.33333333333333,0.0,61.49338253920517,0.0,1,1,B_pure_quant_vr1.5,True,,20260622,23.55,20260624,4.798301486199574,-2.0382165605095537,20260626,3.9490445859872603,-2.0382165605095537,,,
002475,002475.SZ,立讯精密,元器件,20260618,69.93,57.733627122831415,57.733627122831415,0.0,1.57,3.1471,123671.52,10.346153846153836,weak_momentum,BULL_TREND,32.538227955845116,100.0,100.0,80.0,83.686763898212,66.66666666666666,0.0,19.776966742596784,0.0,2,2,B_pure_quant_vr1.5,True,,20260622,70.7,20260624,6.152758132956149,-6.110325318246124,20260626,-3.8189533239038176,-6.110325318246124,,,
002861,002861.SZ,瀛通通讯,元器件,20260618,18.7,54.63016277981785,54.63016277981785,0.0,2.12,7.5039,3649.39,4.591836734693889,weak_momentum,BULL_TREND,54.20321323942373,100.0,36.4939,100.0,83.686763898212,10.0,0.0,65.85176139448328,0.0,3,3,B_pure_quant_vr1.5,True,,20260622,18.68,20260624,13.758029978586727,-2.676659528907921,20260626,18.576017130620983,-2.676659528907921,,,
002475,002475.SZ,立讯精密,元器件,20260618,69.93,64.07588521359442,55.7177761433965,8.358109070197921,1.57,3.1471,123671.52,10.346153846153836,weak_momentum,BULL_TREND,32.538227955845116,100.0,100.0,40.0,83.5810907019792,66.66666666666666,0.0,19.776966742596784,0.0,1,1,A_recovered_proxy_vr1.2,True,,20260622,70.7,20260624,6.152758132956149,-6.110325318246124,20260626,-3.8189533239038176,-6.110325318246124,,,
002861,002861.SZ,瀛通通讯,元器件,20260618,18.7,61.22242087058085,52.86431180038293,8.358109070197921,2.12,7.5039,3649.39,4.591836734693889,weak_momentum,BULL_TREND,54.20321323942373,100.0,36.4939,65.0,83.5810907019792,10.0,0.0,65.85176139448328,0.0,2,2,A_recovered_proxy_vr1.2,True,,20260622,18.68,20260624,13.758029978586727,-2.676659528907921,20260626,18.576017130620983,-2.676659528907921,,,
002472,002472.SZ,双环传动,汽车配件,20260618,43.78,60.1030948497256,53.85102444956862,6.25207040015698,1.56,7.1444,11304.29,5.0737207285342505,weak_momentum,BULL_TREND,32.07730145437618,100.0,100.0,65.0,62.5207040015698,30.0,0.0,32.74215754117816,0.0,3,3,A_recovered_proxy_vr1.2,True,,20260622,43.5,20260624,-7.931034482758625,-8.32183908045977,20260626,-14.59770114942529,-14.59770114942529,,,
002326,002326.SZ,永太科技,化工原料,20260618,23.21,58.14274606947614,58.14274606947614,0.0,1.91,7.8642,11726.1,6.56199677938808,weak_momentum,BULL_TREND,46.67863191305119,100.0,100.0,65.0,46.668514899806794,33.33333333333333,0.0,61.49338253920517,0.0,1,1,D_pure_quant_vr1.2,True,,20260622,23.55,20260624,4.798301486199574,-2.0382165605095537,20260626,3.9490445859872603,-2.0382165605095537,,,
002475,002475.SZ,立讯精密,元器件,20260618,69.93,55.7177761433965,55.7177761433965,0.0,1.57,3.1471,123671.52,10.346153846153836,weak_momentum,BULL_TREND,32.538227955845116,100.0,100.0,40.0,83.5810907019792,66.66666666666666,0.0,19.776966742596784,0.0,2,2,D_pure_quant_vr1.2,True,,20260622,70.7,20260624,6.152758132956149,-6.110325318246124,20260626,-3.8189533239038176,-6.110325318246124,,,
002472,002472.SZ,双环传动,汽车配件,20260618,43.78,53.85102444956862,53.85102444956862,0.0,1.56,7.1444,11304.29,5.0737207285342505,weak_momentum,BULL_TREND,32.07730145437618,100.0,100.0,65.0,62.5207040015698,30.0,0.0,32.74215754117816,0.0,3,3,D_pure_quant_vr1.2,True,,20260622,43.5,20260624,-7.931034482758625,-8.32183908045977,20260626,-14.59770114942529,-14.59770114942529,,,
002860,002860.SZ,星帅尔,家用电器,20260618,14.56,64.3405345336382,64.3405345336382,0.0,2.51,10.791,13421.66,4.587155963302748,weak_momentum,BULL_TREND,66.38436820880236,100.0,100.0,65.0,53.0619167405332,10.0,0.0,70.88586201545235,100.0,1,1,E_ablate_sector_vr1.2,True,,20260622,14.55,20260624,-5.360824742268044,-6.597938144329907,20260626,-4.329896907216502,-8.797250859106532,,,
002326,002326.SZ,永太科技,化工原料,20260618,23.21,51.142468834505124,51.142468834505124,0.0,1.91,7.8642,11726.1,6.56199677938808,weak_momentum,BULL_TREND,46.67863191305119,100.0,100.0,65.0,46.668514899806794,33.33333333333333,0.0,61.49338253920517,0.0,2,2,E_ablate_sector_vr1.2,True,,20260622,23.55,20260624,4.798301486199574,-2.0382165605095537,20260626,3.9490445859872603,-2.0382165605095537,,,
603019,603019.SH,中科曙光,IT设备,20260618,88.68,46.032354836857714,46.032354836857714,0.0,1.5,3.8496,49159.9,8.055987558320368,weak_momentum,BULL_TREND,29.24812503605781,100.0,100.0,80.0,41.32977783476408,20.0,0.0,44.30090720966028,0.0,3,3,E_ablate_sector_vr1.2,True,,20260622,88.75,20260624,0.20281690140846464,-4.225352112676061,20260626,11.278873239436615,-4.225352112676061,,,
002861,002861.SZ,瀛通通讯,元器件,20260618,18.7,45.98348571421707,45.98348571421707,0.0,2.12,7.5039,3649.39,4.591836734693889,weak_momentum,BULL_TREND,54.20321323942373,100.0,36.4939,80.0,76.50159679420679,10.0,0.0,65.85176139448328,0.0,1,1,E_ablate_inflow_vr1.2,True,,20260622,18.68,20260624,13.758029978586727,-2.676659528907921,20260626,18.576017130620983,-2.676659528907921,,,
002475,002475.SZ,立讯精密,元器件,20260618,69.93,52.75123113200698,52.75123113200698,0.0,1.57,3.1471,123671.52,10.346153846153836,weak_momentum,BULL_TREND,32.538227955845116,100.0,100.0,40.0,83.5810907019792,66.66666666666666,0.0,19.776966742596784,0.0,1,1,E_ablate_wyckoff_vr1.2,True,,20260622,70.7,20260624,6.152758132956149,-6.110325318246124,20260626,-3.8189533239038176,-6.110325318246124,,,
002472,002472.SZ,双环传动,汽车配件,20260618,43.78,48.9397008183919,48.9397008183919,0.0,1.56,7.1444,11304.29,5.0737207285342505,weak_momentum,BULL_TREND,32.07730145437618,100.0,100.0,65.0,62.5207040015698,30.0,0.0,32.74215754117816,0.0,2,2,E_ablate_wyckoff_vr1.2,True,,20260622,43.5,20260624,-7.931034482758625,-8.32183908045977,20260626,-14.59770114942529,-14.59770114942529,,,
002326,002326.SZ,永太科技,化工原料,20260618,23.21,48.91873868859536,48.91873868859536,0.0,1.91,7.8642,11726.1,6.56199677938808,weak_momentum,BULL_TREND,46.67863191305119,100.0,100.0,65.0,46.668514899806794,33.33333333333333,0.0,61.49338253920517,0.0,3,3,E_ablate_wyckoff_vr1.2,True,,20260622,23.55,20260624,4.798301486199574,-2.0382165605095537,20260626,3.9490445859872603,-2.0382165605095537,,,
002326,002326.SZ,永太科技,化工原料,20260618,23.21,58.14274606947614,58.14274606947614,0.0,1.91,7.8642,11726.1,6.56199677938808,weak_momentum,BULL_TREND,46.67863191305119,100.0,100.0,65.0,46.668514899806794,33.33333333333333,0.0,61.49338253920517,0.0,1,1,E_ablate_accel_vr1.2,True,,20260622,23.55,20260624,4.798301486199574,-2.0382165605095537,20260626,3.9490445859872603,-2.0382165605095537,,,
002475,002475.SZ,立讯精密,元器件,20260618,69.93,55.7177761433965,55.7177761433965,0.0,1.57,3.1471,123671.52,10.346153846153836,weak_momentum,BULL_TREND,32.538227955845116,100.0,100.0,40.0,83.5810907019792,66.66666666666666,0.0,19.776966742596784,0.0,2,2,E_ablate_accel_vr1.2,True,,20260622,70.7,20260624,6.152758132956149,-6.110325318246124,20260626,-3.8189533239038176,-6.110325318246124,,,
002472,002472.SZ,双环传动,汽车配件,20260618,43.78,53.85102444956862,53.85102444956862,0.0,1.56,7.1444,11304.29,5.0737207285342505,weak_momentum,BULL_TREND,32.07730145437618,100.0,100.0,65.0,62.5207040015698,30.0,0.0,32.74215754117816,0.0,3,3,E_ablate_accel_vr1.2,True,,20260622,43.5,20260624,-7.931034482758625,-8.32183908045977,20260626,-14.59770114942529,-14.59770114942529,,,
002179,002179.SZ,中航光电,元器件,20260622,42.73,59.24241750696742,53.83579237567983,5.406625131287591,1.5,3.8242,43354.17,0.6279069767441933,momentum,BULL_TREND,29.24812503605781,100.0,100.0,65.0,54.0662513128759,20.0,0.0,43.8532335769598,0.0,1,1,A_recovered_proxy_vr1.5,True,,20260623,42.74,20260625,-0.9358914365933502,-5.21759475900796,20260629,3.1820308844173972,-5.21759475900796,,,
002925,002925.SZ,盈趣科技,元器件,20260622,22.86,50.207302299215364,44.80067716792777,5.406625131287591,1.59,3.9927,5096.56,0.8673026886383318,momentum,BULL_TREND,33.45133827548153,100.0,50.9656,65.0,54.0662513128759,33.33333333333333,0.0,38.599394973636976,0.0,2,2,A_recovered_proxy_vr1.5,True,,20260623,22.32,20260625,10.215053763440874,-0.08960573476702871,20260629,4.659498207885293,-0.08960573476702871,,,
002179,002179.SZ,中航光电,元器件,20260622,42.73,53.83579237567983,53.83579237567983,0.0,1.5,3.8242,43354.17,0.6279069767441933,momentum,BULL_TREND,29.24812503605781,100.0,100.0,65.0,54.0662513128759,20.0,0.0,43.8532335769598,0.0,1,1,B_pure_quant_vr1.5,True,,20260623,42.74,20260625,-0.9358914365933502,-5.21759475900796,20260629,3.1820308844173972,-5.21759475900796,,,
000969,000969.SZ,安泰科技,小金属,20260622,26.43,68.93370609187913,59.38411475657351,9.549591335305621,1.23,9.6385,34599.35,1.0853293413173621,momentum,BULL_TREND,14.932915778225759,100.0,100.0,80.0,95.49591335305621,30.0,0.0,25.449947192284018,0.0,1,1,A_recovered_proxy_vr1.2,True,,20260623,27.0,20260625,-1.7407407407407316,-6.37037037037037,20260629,-11.222222222222221,-14.25925925925926,,,
002179,002179.SZ,中航光电,元器件,20260622,42.73,60.1000674247483,54.407558987533754,5.692508437214551,1.5,3.8242,43354.17,0.6279069767441933,momentum,BULL_TREND,29.24812503605781,100.0,100.0,65.0,56.925084372145506,20.0,0.0,43.8532335769598,0.0,2,2,A_recovered_proxy_vr1.2,True,,20260623,42.74,20260625,-0.9358914365933502,-5.21759475900796,20260629,3.1820308844173972,-5.21759475900796,,,
000063,000063.SZ,中兴通讯,通信设备,20260622,39.43,51.705635970188276,51.705635970188276,0.0,1.44,7.2897,104778.79,4.527845036319607,momentum,BULL_TREND,26.303440583379377,90.83292978208236,100.0,65.0,51.168444663207914,30.0,0.0,36.9313797183155,0.0,3,3,A_recovered_proxy_vr1.2,True,,20260623,39.1,20260625,-1.6879795396419484,-5.882352941176483,20260629,-9.974424552429662,-11.17647058823531,,,
000969,000969.SZ,安泰科技,小金属,20260622,26.43,59.38411475657351,59.38411475657351,0.0,1.23,9.6385,34599.35,1.0853293413173621,momentum,BULL_TREND,14.932915778225759,100.0,100.0,80.0,95.49591335305621,30.0,0.0,25.449947192284018,0.0,1,1,D_pure_quant_vr1.2,True,,20260623,27.0,20260625,-1.7407407407407316,-6.37037037037037,20260629,-11.222222222222221,-14.25925925925926,,,
002179,002179.SZ,中航光电,元器件,20260622,42.73,54.407558987533754,54.407558987533754,0.0,1.5,3.8242,43354.17,0.6279069767441933,momentum,BULL_TREND,29.24812503605781,100.0,100.0,65.0,56.925084372145506,20.0,0.0,43.8532335769598,0.0,2,2,D_pure_quant_vr1.2,True,,20260623,42.74,20260625,-0.9358914365933502,-5.21759475900796,20260629,3.1820308844173972,-5.21759475900796,,,
000063,000063.SZ,中兴通讯,通信设备,20260622,39.43,51.705635970188276,51.705635970188276,0.0,1.44,7.2897,104778.79,4.527845036319607,momentum,BULL_TREND,26.303440583379377,90.83292978208236,100.0,65.0,51.168444663207914,30.0,0.0,36.9313797183155,0.0,3,3,D_pure_quant_vr1.2,True,,20260623,39.1,20260625,-1.6879795396419484,-5.882352941176483,20260629,-9.974424552429662,-11.17647058823531,,,
000969,000969.SZ,安泰科技,小金属,20260622,26.43,56.839120037345104,56.839120037345104,0.0,1.23,9.6385,34599.35,1.0853293413173621,momentum,BULL_TREND,14.932915778225759,100.0,100.0,80.0,95.49591335305621,30.0,0.0,25.449947192284018,0.0,1,1,E_ablate_wyckoff_vr1.2,True,,20260623,27.0,20260625,-1.7407407407407316,-6.37037037037037,20260629,-11.222222222222221,-14.25925925925926,,,
002179,002179.SZ,中航光电,元器件,20260622,42.73,50.02223562983777,50.02223562983777,0.0,1.5,3.8242,43354.17,0.6279069767441933,momentum,BULL_TREND,29.24812503605781,100.0,100.0,65.0,56.925084372145506,20.0,0.0,43.8532335769598,0.0,2,2,E_ablate_wyckoff_vr1.2,True,,20260623,42.74,20260625,-0.9358914365933502,-5.21759475900796,20260629,3.1820308844173972,-5.21759475900796,,,
000063,000063.SZ,中兴通讯,通信设备,20260622,39.43,48.01249799835673,48.01249799835673,0.0,1.44,7.2897,104778.79,4.527845036319607,momentum,BULL_TREND,26.303440583379377,90.83292978208236,100.0,65.0,51.168444663207914,30.0,0.0,36.9313797183155,0.0,3,3,E_ablate_wyckoff_vr1.2,True,,20260623,39.1,20260625,-1.6879795396419484,-5.882352941176483,20260629,-9.974424552429662,-11.17647058823531,,,
000969,000969.SZ,安泰科技,小金属,20260622,26.43,59.38411475657351,59.38411475657351,0.0,1.23,9.6385,34599.35,1.0853293413173621,momentum,BULL_TREND,14.932915778225759,100.0,100.0,80.0,95.49591335305621,30.0,0.0,25.449947192284018,0.0,1,1,E_ablate_accel_vr1.2,True,,20260623,27.0,20260625,-1.7407407407407316,-6.37037037037037,20260629,-11.222222222222221,-14.25925925925926,,,
002179,002179.SZ,中航光电,元器件,20260622,42.73,54.407558987533754,54.407558987533754,0.0,1.5,3.8242,43354.17,0.6279069767441933,momentum,BULL_TREND,29.24812503605781,100.0,100.0,65.0,56.925084372145506,20.0,0.0,43.8532335769598,0.0,2,2,E_ablate_accel_vr1.2,True,,20260623,42.74,20260625,-0.9358914365933502,-5.21759475900796,20260629,3.1820308844173972,-5.21759475900796,,,
000063,000063.SZ,中兴通讯,通信设备,20260622,39.43,51.705635970188276,51.705635970188276,0.0,1.44,7.2897,104778.79,4.527845036319607,momentum,BULL_TREND,26.303440583379377,90.83292978208236,100.0,65.0,51.168444663207914,30.0,0.0,36.9313797183155,0.0,3,3,E_ablate_accel_vr1.2,True,,20260623,39.1,20260625,-1.6879795396419484,-5.882352941176483,20260629,-9.974424552429662,-11.17647058823531,,,
002681,002681.SZ,奋达科技,元器件,20260624,5.05,68.25801893284631,61.102712040941675,7.155306891904636,1.65,5.8525,10064.29,14.26146010186757,sideways,BULL_TREND,36.12330122355455,100.0,100.0,100.0,71.55306891904635,30.0,0.0,31.855211949189354,0.0,1,1,A_recovered_proxy_vr1.5,True,,20260625,5.03,20260629,-11.530815109343939,-12.326043737574555,,,,,,
002370,002370.SZ,亚太药业,化学制药,20260624,5.63,65.62138473232014,65.62138473232014,0.0,4.54,10.7988,1704.2,9.193548387096778,sideways,BULL_TREND,100.0,100.0,17.042,60.0,54.432165181022974,30.0,0.0,70.0959996263891,0.0,2,2,A_recovered_proxy_vr1.5,True,,20260625,5.55,20260629,-3.2432432432432434,-14.054054054054054,,,,,,
600867,600867.SH,通化东宝,生物制药,20260624,8.03,50.267505523397816,50.267505523397816,0.0,2.15,3.0135,1133.36,7.488479262672815,sideways,BULL_TREND,55.216832990736776,91.47465437788026,11.333599999999999,80.0,46.907168290301925,0.0,0.0,53.32725882297317,0.0,3,3,A_recovered_proxy_vr1.5,True,,20260625,7.92,20260629,3.1565656565656575,-8.333333333333337,,,,,,
002370,002370.SZ,亚太药业,化学制药,20260624,5.63,65.62138473232014,65.62138473232014,0.0,4.54,10.7988,1704.2,9.193548387096778,sideways,BULL_TREND,100.0,100.0,17.042,60.0,54.432165181022974,30.0,0.0,70.0959996263891,0.0,1,1,B_pure_quant_vr1.5,True,,20260625,5.55,20260629,-3.2432432432432434,-14.054054054054054,,,,,,
002681,002681.SZ,奋达科技,元器件,20260624,5.05,61.102712040941675,61.102712040941675,0.0,1.65,5.8525,10064.29,14.26146010186757,sideways,BULL_TREND,36.12330122355455,100.0,100.0,100.0,71.55306891904635,30.0,0.0,31.855211949189354,0.0,2,2,B_pure_quant_vr1.5,True,,20260625,5.03,20260629,-11.530815109343939,-12.326043737574555,,,,,,
600867,600867.SH,通化东宝,生物制药,20260624,8.03,50.267505523397816,50.267505523397816,0.0,2.15,3.0135,1133.36,7.488479262672815,sideways,BULL_TREND,55.216832990736776,91.47465437788026,11.333599999999999,80.0,46.907168290301925,0.0,0.0,53.32725882297317,0.0,3,3,B_pure_quant_vr1.5,True,,20260625,7.92,20260629,3.1565656565656575,-8.333333333333337,,,,,,
002681,002681.SZ,奋达科技,元器件,20260624,5.05,70.90429548460416,62.130477971996385,8.773817512607776,1.65,5.8525,10064.29,14.26146010186757,sideways,BULL_TREND,36.12330122355455,100.0,100.0,65.0,87.73817512607775,30.0,0.0,31.855211949189354,0.0,1,1,A_recovered_proxy_vr1.2,True,,20260625,5.03,20260629,-11.530815109343939,-12.326043737574555,,,,,,
002370,002370.SZ,亚太药业,化学制药,20260624,5.63,63.87304803353694,63.87304803353694,0.0,4.54,10.7988,1704.2,9.193548387096778,sideways,BULL_TREND,100.0,100.0,17.042,60.0,42.776587189135,30.0,0.0,70.0959996263891,0.0,2,2,A_recovered_proxy_vr1.2,True,,20260625,5.55,20260629,-3.2432432432432434,-14.054054054054054,,,,,,
603893,603893.SH,瑞芯微,半导体,20260624,185.39,62.4806459677024,55.86044382412474,6.6202021435776635,1.27,3.292,23335.12,13.324606105942308,sideways,BULL_TREND,17.241424849872057,100.0,100.0,40.0,66.20202143577663,33.33333333333333,0.0,48.91967062599771,0.0,3,3,A_recovered_proxy_vr1.2,True,,20260625,186.8,20260629,-3.2119914346895095,-5.995717344753759,,,,,,
002370,002370.SZ,亚太药业,化学制药,20260624,5.63,63.87304803353694,63.87304803353694,0.0,4.54,10.7988,1704.2,9.193548387096778,sideways,BULL_TREND,100.0,100.0,17.042,60.0,42.776587189135,30.0,0.0,70.0959996263891,0.0,1,1,D_pure_quant_vr1.2,True,,20260625,5.55,20260629,-3.2432432432432434,-14.054054054054054,,,,,,
002681,002681.SZ,奋达科技,元器件,20260624,5.05,62.130477971996385,62.130477971996385,0.0,1.65,5.8525,10064.29,14.26146010186757,sideways,BULL_TREND,36.12330122355455,100.0,100.0,65.0,87.73817512607775,30.0,0.0,31.855211949189354,0.0,2,2,D_pure_quant_vr1.2,True,,20260625,5.03,20260629,-11.530815109343939,-12.326043737574555,,,,,,
603893,603893.SH,瑞芯微,半导体,20260624,185.39,55.86044382412474,55.86044382412474,0.0,1.27,3.292,23335.12,13.324606105942308,sideways,BULL_TREND,17.241424849872057,100.0,100.0,40.0,66.20202143577663,33.33333333333333,0.0,48.91967062599771,0.0,3,3,D_pure_quant_vr1.2,True,,20260625,186.8,20260629,-3.2119914346895095,-5.995717344753759,,,,,,
002370,002370.SZ,亚太药业,化学制药,20260624,5.63,57.45655995516669,57.45655995516669,0.0,4.54,10.7988,1704.2,9.193548387096778,sideways,BULL_TREND,100.0,100.0,17.042,60.0,42.776587189135,30.0,0.0,70.0959996263891,0.0,1,1,E_ablate_sector_vr1.2,True,,20260625,5.55,20260629,-3.2432432432432434,-14.054054054054054,,,,,,
002681,002681.SZ,奋达科技,元器件,20260624,5.05,48.969751703084725,48.969751703084725,0.0,1.65,5.8525,10064.29,14.26146010186757,sideways,BULL_TREND,36.12330122355455,100.0,100.0,65.0,87.73817512607775,30.0,0.0,31.855211949189354,0.0,2,2,E_ablate_sector_vr1.2,True,,20260625,5.03,20260629,-11.530815109343939,-12.326043737574555,,,,,,
603893,603893.SH,瑞芯微,半导体,20260624,185.39,45.930140608758244,45.930140608758244,0.0,1.27,3.292,23335.12,13.324606105942308,sideways,BULL_TREND,17.241424849872057,100.0,100.0,40.0,66.20202143577663,33.33333333333333,0.0,48.91967062599771,0.0,3,3,E_ablate_sector_vr1.2,True,,20260625,186.8,20260629,-3.2119914346895095,-5.995717344753759,,,,,,
002370,002370.SZ,亚太药业,化学制药,20260624,5.63,60.30794807954276,60.30794807954276,0.0,4.54,10.7988,1704.2,9.193548387096778,sideways,BULL_TREND,100.0,100.0,17.042,65.0,31.309520829173785,30.0,0.0,70.0959996263891,0.0,1,1,E_ablate_inflow_vr1.2,True,,20260625,5.55,20260629,-3.2432432432432434,-14.054054054054054,,,,,,
002833,002833.SZ,弘亚数控,专用机械,20260624,18.67,50.71541373030527,50.71541373030527,0.0,2.87,5.3279,-4687.8,6.322127446061204,sideways,BULL_TREND,76.05253684504815,72.0354574343534,0.0,65.0,31.679199649788465,43.333333333333336,0.0,82.64590312251664,0.0,2,2,E_ablate_inflow_vr1.2,True,,20260625,18.69,20260629,-6.153023006955605,-9.577314071696108,,,,,,
002681,002681.SZ,奋达科技,元器件,20260624,5.05,50.089338972949065,50.089338972949065,0.0,1.65,5.8525,10064.29,14.26146010186757,sideways,BULL_TREND,36.12330122355455,100.0,100.0,65.0,87.46391513242894,30.0,0.0,31.855211949189354,0.0,3,3,E_ablate_inflow_vr1.2,True,,20260625,5.03,20260629,-11.530815109343939,-12.326043737574555,,,,,,
002681,002681.SZ,奋达科技,元器件,20260624,5.05,58.30785253809366,58.30785253809366,0.0,1.65,5.8525,10064.29,14.26146010186757,sideways,BULL_TREND,36.12330122355455,100.0,100.0,65.0,87.73817512607775,30.0,0.0,31.855211949189354,0.0,1,1,E_ablate_wyckoff_vr1.2,True,,20260625,5.03,20260629,-11.530815109343939,-12.326043737574555,,,,,,
002370,002370.SZ,亚太药业,化学制药,20260624,5.63,55.46152807837025,55.46152807837025,0.0,4.54,10.7988,1704.2,9.193548387096778,sideways,BULL_TREND,100.0,100.0,17.042,60.0,42.776587189135,30.0,0.0,70.0959996263891,0.0,2,2,E_ablate_wyckoff_vr1.2,True,,20260625,5.55,20260629,-3.2432432432432434,-14.054054054054054,,,,,,
603893,603893.SH,瑞芯微,半导体,20260624,185.39,49.99008334900501,49.99008334900501,0.0,1.27,3.292,23335.12,13.324606105942308,sideways,BULL_TREND,17.241424849872057,100.0,100.0,40.0,66.20202143577663,33.33333333333333,0.0,48.91967062599771,0.0,3,3,E_ablate_wyckoff_vr1.2,True,,20260625,186.8,20260629,-3.2119914346895095,-5.995717344753759,,,,,,
002370,002370.SZ,亚太药业,化学制药,20260624,5.63,63.87304803353694,63.87304803353694,0.0,4.54,10.7988,1704.2,9.193548387096778,sideways,BULL_TREND,100.0,100.0,17.042,60.0,42.776587189135,30.0,0.0,70.0959996263891,0.0,1,1,E_ablate_accel_vr1.2,True,,20260625,5.55,20260629,-3.2432432432432434,-14.054054054054054,,,,,,
002681,002681.SZ,奋达科技,元器件,20260624,5.05,62.130477971996385,62.130477971996385,0.0,1.65,5.8525,10064.29,14.26146010186757,sideways,BULL_TREND,36.12330122355455,100.0,100.0,65.0,87.73817512607775,30.0,0.0,31.855211949189354,0.0,2,2,E_ablate_accel_vr1.2,True,,20260625,5.03,20260629,-11.530815109343939,-12.326043737574555,,,,,,
603893,603893.SH,瑞芯微,半导体,20260624,185.39,55.86044382412474,55.86044382412474,0.0,1.27,3.292,23335.12,13.324606105942308,sideways,BULL_TREND,17.241424849872057,100.0,100.0,40.0,66.20202143577663,33.33333333333333,0.0,48.91967062599771,0.0,3,3,E_ablate_accel_vr1.2,True,,20260625,186.8,20260629,-3.2119914346895095,-5.995717344753759,,,,,,
002605,002605.SZ,姚记科技,互联网,20260625,18.98,63.715753159277924,54.516003654059894,9.199749505218032,2.05,3.4605,4269.03,3.4096692111959195,weak_momentum,BULL_TREND,51.781195486536056,100.0,42.6903,40.0,91.99749505218031,30.0,0.0,65.09964048834959,0.0,1,1,A_recovered_proxy_vr1.5,True,,20260626,18.88,20260630,-3.2309322033898247,-6.991525423728817,,,,,,
002555,002555.SZ,三七互娱,互联网,20260625,18.96,60.79357163851096,51.59382213329293,9.199749505218032,1.93,4.8154,3636.45,5.294705294705288,weak_momentum,BULL_TREND,47.430042374667785,100.0,36.3645,65.0,91.99749505218031,20.0,0.0,52.560543461771466,0.0,2,2,A_recovered_proxy_vr1.5,True,,20260626,18.76,20260630,0.5863539445629007,-3.997867803837951,,,,,,
002312,002312.SZ,川发龙蟒,化工原料,20260625,10.28,56.98438561776746,56.98438561776746,0.0,2.15,6.4927,9019.58,5.16605166051661,weak_momentum,BULL_TREND,55.216832990736776,100.0,90.1958,100.0,49.38288461474697,10.0,0.0,50.39455984629929,0.0,3,3,A_recovered_proxy_vr1.5,True,,20260626,10.02,20260630,-8.483033932135731,-9.68063872255488,,,,,,
002312,002312.SZ,川发龙蟒,化工原料,20260625,10.28,56.98438561776746,56.98438561776746,0.0,2.15,6.4927,9019.58,5.16605166051661,weak_momentum,BULL_TREND,55.216832990736776,100.0,90.1958,100.0,49.38288461474697,10.0,0.0,50.39455984629929,0.0,1,1,B_pure_quant_vr1.5,True,,20260626,10.02,20260630,-8.483033932135731,-9.68063872255488,,,,,,
002605,002605.SZ,姚记科技,互联网,20260625,18.98,54.516003654059894,54.516003654059894,0.0,2.05,3.4605,4269.03,3.4096692111959195,weak_momentum,BULL_TREND,51.781195486536056,100.0,42.6903,40.0,91.99749505218031,30.0,0.0,65.09964048834959,0.0,2,2,B_pure_quant_vr1.5,True,,20260626,18.88,20260630,-3.2309322033898247,-6.991525423728817,,,,,,
002555,002555.SZ,三七互娱,互联网,20260625,18.96,51.59382213329293,51.59382213329293,0.0,1.93,4.8154,3636.45,5.294705294705288,weak_momentum,BULL_TREND,47.430042374667785,100.0,36.3645,65.0,91.99749505218031,20.0,0.0,52.560543461771466,0.0,3,3,B_pure_quant_vr1.5,True,,20260626,18.76,20260630,0.5863539445629007,-3.997867803837951,,,,,,
601162,601162.SH,天风证券,证券,20260625,3.59,68.43323802800316,59.77113662095962,8.662101407043542,1.38,5.4273,20107.72,3.4946236559139874,weak_momentum,BULL_TREND,23.233413350172214,100.0,100.0,80.0,86.62101407043542,30.0,0.0,51.95315005245653,0.0,1,1,A_recovered_proxy_vr1.2,True,,20260626,3.55,20260630,-5.070422535211261,-6.478873239436622,,,,,,
601099,601099.SH,太平洋,证券,20260625,3.53,68.13917043520532,59.47706902816177,8.662101407043542,1.29,4.0777,12965.49,4.076086956521749,weak_momentum,BULL_TREND,18.368553282426472,100.0,100.0,80.0,86.62101407043542,33.33333333333333,0.0,53.74644839043883,0.0,2,2,A_recovered_proxy_vr1.2,True,,20260626,3.49,20260630,-3.4383954154727836,-6.017191977077374,,,,,,
002605,002605.SZ,姚记科技,互联网,20260625,18.98,59.474736567125795,51.971393698768615,7.50334286835718,2.05,3.4605,4269.03,3.4096692111959195,weak_momentum,BULL_TREND,51.781195486536056,100.0,42.6903,40.0,75.0334286835718,30.0,0.0,65.09964048834959,0.0,3,3,A_recovered_proxy_vr1.2,True,,20260626,18.88,20260630,-3.2309322033898247,-6.991525423728817,,,,,,
601162,601162.SH,天风证券,证券,20260625,3.59,59.77113662095962,59.77113662095962,0.0,1.38,5.4273,20107.72,3.4946236559139874,weak_momentum,BULL_TREND,23.233413350172214,100.0,100.0,80.0,86.62101407043542,30.0,0.0,51.95315005245653,0.0,1,1,D_pure_quant_vr1.2,True,,20260626,3.55,20260630,-5.070422535211261,-6.478873239436622,,,,,,
601099,601099.SH,太平洋,证券,20260625,3.53,59.47706902816177,59.47706902816177,0.0,1.29,4.0777,12965.49,4.076086956521749,weak_momentum,BULL_TREND,18.368553282426472,100.0,100.0,80.0,86.62101407043542,33.33333333333333,0.0,53.74644839043883,0.0,2,2,D_pure_quant_vr1.2,True,,20260626,3.49,20260630,-3.4383954154727836,-6.017191977077374,,,,,,
002312,002312.SZ,川发龙蟒,化工原料,20260625,10.28,56.4275084383117,56.4275084383117,0.0,2.15,6.4927,9019.58,5.16605166051661,weak_momentum,BULL_TREND,55.216832990736776,100.0,90.1958,100.0,45.670370085041924,10.0,0.0,50.39455984629929,0.0,3,3,D_pure_quant_vr1.2,True,,20260626,10.02,20260630,-8.483033932135731,-9.68063872255488,,,,,,
002312,002312.SZ,川发龙蟒,化工原料,20260625,10.28,49.57695292555541,49.57695292555541,0.0,2.15,6.4927,9019.58,5.16605166051661,weak_momentum,BULL_TREND,55.216832990736776,100.0,90.1958,100.0,45.670370085041924,10.0,0.0,50.39455984629929,0.0,1,1,E_ablate_sector_vr1.2,True,,20260626,10.02,20260630,-8.483033932135731,-9.68063872255488,,,,,,
601162,601162.SH,天风证券,证券,20260625,3.59,46.77798451039431,46.77798451039431,0.0,1.38,5.4273,20107.72,3.4946236559139874,weak_momentum,BULL_TREND,23.233413350172214,100.0,100.0,80.0,86.62101407043542,30.0,0.0,51.95315005245653,0.0,2,2,E_ablate_sector_vr1.2,True,,20260626,3.55,20260630,-5.070422535211261,-6.478873239436622,,,,,,
601099,601099.SH,太平洋,证券,20260625,3.53,46.48391691759646,46.48391691759646,0.0,1.29,4.0777,12965.49,4.076086956521749,weak_momentum,BULL_TREND,18.368553282426472,100.0,100.0,80.0,86.62101407043542,33.33333333333333,0.0,53.74644839043883,0.0,3,3,E_ablate_sector_vr1.2,True,,20260626,3.49,20260630,-3.4383954154727836,-6.017191977077374,,,,,,
002605,002605.SZ,姚记科技,互联网,20260625,18.98,45.64475234677518,45.64475234677518,0.0,2.05,3.4605,4269.03,3.4096692111959195,weak_momentum,BULL_TREND,51.781195486536056,100.0,42.6903,40.0,84.0841796702822,30.0,0.0,65.09964048834959,0.0,1,1,E_ablate_inflow_vr1.2,True,,20260626,18.88,20260630,-3.2309322033898247,-6.991525423728817,,,,,,
601162,601162.SH,天风证券,证券,20260625,3.59,51.97816411309115,51.97816411309115,0.0,1.38,5.4273,20107.72,3.4946236559139874,weak_momentum,BULL_TREND,23.233413350172214,100.0,100.0,80.0,86.62101407043542,30.0,0.0,51.95315005245653,0.0,1,1,E_ablate_wyckoff_vr1.2,True,,20260626,3.55,20260630,-5.070422535211261,-6.478873239436622,,,,,,
601099,601099.SH,太平洋,证券,20260625,3.53,51.41510176959595,51.41510176959595,0.0,1.29,4.0777,12965.49,4.076086956521749,weak_momentum,BULL_TREND,18.368553282426472,100.0,100.0,80.0,86.62101407043542,33.33333333333333,0.0,53.74644839043883,0.0,2,2,E_ablate_wyckoff_vr1.2,True,,20260626,3.49,20260630,-3.4383954154727836,-6.017191977077374,,,,,,
002312,002312.SZ,川发龙蟒,化工原料,20260625,10.28,48.868324461366804,48.868324461366804,0.0,2.15,6.4927,9019.58,5.16605166051661,weak_momentum,BULL_TREND,55.216832990736776,100.0,90.1958,100.0,45.670370085041924,10.0,0.0,50.39455984629929,0.0,3,3,E_ablate_wyckoff_vr1.2,True,,20260626,10.02,20260630,-8.483033932135731,-9.68063872255488,,,,,,
601162,601162.SH,天风证券,证券,20260625,3.59,59.77113662095962,59.77113662095962,0.0,1.38,5.4273,20107.72,3.4946236559139874,weak_momentum,BULL_TREND,23.233413350172214,100.0,100.0,80.0,86.62101407043542,30.0,0.0,51.95315005245653,0.0,1,1,E_ablate_accel_vr1.2,True,,20260626,3.55,20260630,-5.070422535211261,-6.478873239436622,,,,,,
601099,601099.SH,太平洋,证券,20260625,3.53,59.47706902816177,59.47706902816177,0.0,1.29,4.0777,12965.49,4.076086956521749,weak_momentum,BULL_TREND,18.368553282426472,100.0,100.0,80.0,86.62101407043542,33.33333333333333,0.0,53.74644839043883,0.0,2,2,E_ablate_accel_vr1.2,True,,20260626,3.49,20260630,-3.4383954154727836,-6.017191977077374,,,,,,
002312,002312.SZ,川发龙蟒,化工原料,20260625,10.28,56.4275084383117,56.4275084383117,0.0,2.15,6.4927,9019.58,5.16605166051661,weak_momentum,BULL_TREND,55.216832990736776,100.0,90.1958,100.0,45.670370085041924,10.0,0.0,50.39455984629929,0.0,3,3,E_ablate_accel_vr1.2,True,,20260626,10.02,20260630,-8.483033932135731,-9.68063872255488,,,,,,
600895,600895.SH,张江高科,园区开发,20260626,33.96,78.33877878472936,70.55491627079195,7.7838625139374145,2.14,4.5077,27253.35,10.631578947368418,sideways,BULL_TREND,54.880539831321116,100.0,100.0,80.0,77.83862513937414,0.0,100.0,55.045031141626524,0.0,1,1,A_recovered_proxy_vr1.5,True,,20260629,34.1,,,,,,,,,
002183,002183.SZ,怡亚通,仓储物流,20260626,5.65,46.14773082885975,46.14773082885975,0.0,1.71,6.489,8539.31,19.400855920114115,sideways,BULL_TREND,38.69981625555866,55.991440798858854,85.39309999999999,100.0,31.705487343621925,63.33333333333333,100.0,17.0499375723162,0.0,2,2,A_recovered_proxy_vr1.5,True,,20260629,5.57,,,,,,,,,
600895,600895.SH,张江高科,园区开发,20260626,33.96,70.55491627079195,70.55491627079195,0.0,2.14,4.5077,27253.35,10.631578947368418,sideways,BULL_TREND,54.880539831321116,100.0,100.0,80.0,77.83862513937414,0.0,100.0,55.045031141626524,0.0,1,1,B_pure_quant_vr1.5,True,,20260629,34.1,,,,,,,,,
002183,002183.SZ,怡亚通,仓储物流,20260626,5.65,46.14773082885975,46.14773082885975,0.0,1.71,6.489,8539.31,19.400855920114115,sideways,BULL_TREND,38.69981625555866,55.991440798858854,85.39309999999999,100.0,31.705487343621925,63.33333333333333,100.0,17.0499375723162,0.0,2,2,B_pure_quant_vr1.5,True,,20260629,5.57,,,,,,,,,
600895,600895.SH,张江高科,园区开发,20260626,33.96,76.65683334932902,69.54574900955174,7.111084339777277,2.14,4.5077,27253.35,10.631578947368418,sideways,BULL_TREND,54.880539831321116,100.0,100.0,80.0,71.11084339777277,0.0,100.0,55.045031141626524,0.0,1,1,A_recovered_proxy_vr1.2,True,,20260629,34.1,,,,,,,,,
002183,002183.SZ,怡亚通,仓储物流,20260626,5.65,45.69997151310701,45.69997151310701,0.0,1.71,6.489,8539.31,19.400855920114115,sideways,BULL_TREND,38.69981625555866,55.991440798858854,85.39309999999999,100.0,28.72042523860362,63.33333333333333,100.0,17.0499375723162,0.0,2,2,A_recovered_proxy_vr1.2,True,,20260629,5.57,,,,,,,,,
600895,600895.SH,张江高科,园区开发,20260626,33.96,69.54574900955174,69.54574900955174,0.0,2.14,4.5077,27253.35,10.631578947368418,sideways,BULL_TREND,54.880539831321116,100.0,100.0,80.0,71.11084339777277,0.0,100.0,55.045031141626524,0.0,1,1,D_pure_quant_vr1.2,True,,20260629,34.1,,,,,,,,,
002183,002183.SZ,怡亚通,仓储物流,20260626,5.65,45.69997151310701,45.69997151310701,0.0,1.71,6.489,8539.31,19.400855920114115,sideways,BULL_TREND,38.69981625555866,55.991440798858854,85.39309999999999,100.0,28.72042523860362,63.33333333333333,100.0,17.0499375723162,0.0,2,2,D_pure_quant_vr1.2,True,,20260629,5.57,,,,,,,,,
600895,600895.SH,张江高科,园区开发,20260626,33.96,58.87912249988583,58.87912249988583,0.0,2.14,4.5077,27253.35,10.631578947368418,sideways,BULL_TREND,54.880539831321116,100.0,100.0,80.0,71.11084339777277,0.0,100.0,55.045031141626524,0.0,1,1,E_ablate_sector_vr1.2,True,,20260629,34.1,,,,,,,,,
600895,600895.SH,张江高科,园区开发,20260626,33.96,57.54574900955174,57.54574900955174,0.0,2.14,4.5077,27253.35,10.631578947368418,sideways,BULL_TREND,54.880539831321116,100.0,100.0,80.0,71.11084339777277,0.0,100.0,55.045031141626524,0.0,1,1,E_ablate_inflow_vr1.2,True,,20260629,34.1,,,,,,,,,
002833,002833.SZ,弘亚数控,专用机械,20260626,17.99,52.49946391728962,52.49946391728962,0.0,1.62,5.4036,-2696.4,9.734069242348225,sideways,BULL_TREND,34.799690655495006,100.0,0.0,100.0,39.55197614956212,30.0,100.0,77.5894629220533,0.0,2,2,E_ablate_inflow_vr1.2,True,,20260629,17.91,,,,,,,,,
600895,600895.SH,张江高科,园区开发,20260626,33.96,62.94034527255656,62.94034527255656,0.0,2.14,4.5077,27253.35,10.631578947368418,sideways,BULL_TREND,54.880539831321116,100.0,100.0,80.0,71.11084339777277,0.0,100.0,55.045031141626524,0.0,1,1,E_ablate_wyckoff_vr1.2,True,,20260629,34.1,,,,,,,,,
600895,600895.SH,张江高科,园区开发,20260626,33.96,69.54574900955174,69.54574900955174,0.0,2.14,4.5077,27253.35,10.631578947368418,sideways,BULL_TREND,54.880539831321116,100.0,100.0,80.0,71.11084339777277,0.0,100.0,55.045031141626524,0.0,1,1,E_ablate_accel_vr1.2,True,,20260629,34.1,,,,,,,,,
002183,002183.SZ,怡亚通,仓储物流,20260626,5.65,45.69997151310701,45.69997151310701,0.0,1.71,6.489,8539.31,19.400855920114115,sideways,BULL_TREND,38.69981625555866,55.991440798858854,85.39309999999999,100.0,28.72042523860362,63.33333333333333,100.0,17.0499375723162,0.0,2,2,E_ablate_accel_vr1.2,True,,20260629,5.57,,,,,,,,,
600118,600118.SH,中国卫星,航空,20260629,81.02,71.09895960557154,61.432657697289656,9.666301908281877,1.76,7.4958,55441.01,6.508192937918303,bear,BULL_TREND,40.77877144312863,75.13654896530505,100.0,100.0,96.66301908281876,33.33333333333333,0.0,39.70973065287301,0.0,1,1,A_recovered_proxy_vr1.5,True,,20260630,82.0,,,,,,,,,
002891,002891.SZ,中宠股份,饲料,20260629,27.0,62.08506703880016,55.93131009966792,6.153756939132242,1.66,3.2706,5601.09,14.285714285714285,bear,BULL_TREND,36.559162078609994,100.0,56.0109,80.0,61.537569391322414,33.33333333333333,0.0,50.58070305840575,0.0,2,2,A_recovered_proxy_vr1.5,True,,20260630,26.82,,,,,,,,,
600118,600118.SH,中国卫星,航空,20260629,81.02,61.432657697289656,61.432657697289656,0.0,1.76,7.4958,55441.01,6.508192937918303,bear,BULL_TREND,40.77877144312863,75.13654896530505,100.0,100.0,96.66301908281876,33.33333333333333,0.0,39.70973065287301,0.0,1,1,B_pure_quant_vr1.5,True,,20260630,82.0,,,,,,,,,
002891,002891.SZ,中宠股份,饲料,20260629,27.0,55.93131009966792,55.93131009966792,0.0,1.66,3.2706,5601.09,14.285714285714285,bear,BULL_TREND,36.559162078609994,100.0,56.0109,80.0,61.537569391322414,33.33333333333333,0.0,50.58070305840575,0.0,2,2,B_pure_quant_vr1.5,True,,20260630,26.82,,,,,,,,,
600118,600118.SH,中国卫星,航空,20260629,81.02,71.09895960557154,61.432657697289656,9.666301908281877,1.76,7.4958,55441.01,6.508192937918303,bear,BULL_TREND,40.77877144312863,75.13654896530505,100.0,100.0,96.66301908281876,33.33333333333333,0.0,39.70973065287301,0.0,1,1,A_recovered_proxy_vr1.2,True,,20260630,82.0,,,,,,,,,
002891,002891.SZ,中宠股份,饲料,20260629,27.0,62.08506703880016,55.93131009966792,6.153756939132242,1.66,3.2706,5601.09,14.285714285714285,bear,BULL_TREND,36.559162078609994,100.0,56.0109,80.0,61.537569391322414,33.33333333333333,0.0,50.58070305840575,0.0,2,2,A_recovered_proxy_vr1.2,True,,20260630,26.82,,,,,,,,,
600118,600118.SH,中国卫星,航空,20260629,81.02,61.432657697289656,61.432657697289656,0.0,1.76,7.4958,55441.01,6.508192937918303,bear,BULL_TREND,40.77877144312863,75.13654896530505,100.0,100.0,96.66301908281876,33.33333333333333,0.0,39.70973065287301,0.0,1,1,D_pure_quant_vr1.2,True,,20260630,82.0,,,,,,,,,
002891,002891.SZ,中宠股份,饲料,20260629,27.0,55.93131009966792,55.93131009966792,0.0,1.66,3.2706,5601.09,14.285714285714285,bear,BULL_TREND,36.559162078609994,100.0,56.0109,80.0,61.537569391322414,33.33333333333333,0.0,50.58070305840575,0.0,2,2,D_pure_quant_vr1.2,True,,20260630,26.82,,,,,,,,,
600118,600118.SH,中国卫星,航空,20260629,81.02,46.93320483486684,46.93320483486684,0.0,1.76,7.4958,55441.01,6.508192937918303,bear,BULL_TREND,40.77877144312863,75.13654896530505,100.0,100.0,96.66301908281876,33.33333333333333,0.0,39.70973065287301,0.0,1,1,E_ablate_sector_vr1.2,True,,20260630,82.0,,,,,,,,,
002891,002891.SZ,中宠股份,饲料,20260629,27.0,46.70067469096956,46.70067469096956,0.0,1.66,3.2706,5601.09,14.285714285714285,bear,BULL_TREND,36.559162078609994,100.0,56.0109,80.0,61.537569391322414,33.33333333333333,0.0,50.58070305840575,0.0,2,2,E_ablate_sector_vr1.2,True,,20260630,26.82,,,,,,,,,
600118,600118.SH,中国卫星,航空,20260629,81.02,48.974475835597296,48.974475835597296,0.0,1.76,7.4958,55441.01,6.508192937918303,bear,BULL_TREND,40.77877144312863,75.13654896530505,100.0,100.0,93.60847333820307,33.33333333333333,0.0,39.70973065287301,0.0,1,1,E_ablate_inflow_vr1.2,True,,20260630,82.0,,,,,,,,,
002891,002891.SZ,中宠股份,饲料,20260629,27.0,48.719054588450135,48.719054588450135,0.0,1.66,3.2706,5601.09,14.285714285714285,bear,BULL_TREND,36.559162078609994,100.0,56.0109,80.0,58.26458598320387,33.33333333333333,0.0,50.58070305840575,0.0,2,2,E_ablate_inflow_vr1.2,True,,20260630,26.82,,,,,,,,,
600118,600118.SH,中国卫星,航空,20260629,81.02,56.66749001894489,56.66749001894489,0.0,1.76,7.4958,55441.01,6.508192937918303,bear,BULL_TREND,40.77877144312863,75.13654896530505,100.0,100.0,96.66301908281876,33.33333333333333,0.0,39.70973065287301,0.0,1,1,E_ablate_wyckoff_vr1.2,True,,20260630,82.0,,,,,,,,,
002891,002891.SZ,中宠股份,饲料,20260629,27.0,49.86162573265923,49.86162573265923,0.0,1.66,3.2706,5601.09,14.285714285714285,bear,BULL_TREND,36.559162078609994,100.0,56.0109,80.0,61.537569391322414,33.33333333333333,0.0,50.58070305840575,0.0,2,2,E_ablate_wyckoff_vr1.2,True,,20260630,26.82,,,,,,,,,
600118,600118.SH,中国卫星,航空,20260629,81.02,61.432657697289656,61.432657697289656,0.0,1.76,7.4958,55441.01,6.508192937918303,bear,BULL_TREND,40.77877144312863,75.13654896530505,100.0,100.0,96.66301908281876,33.33333333333333,0.0,39.70973065287301,0.0,1,1,E_ablate_accel_vr1.2,True,,20260630,82.0,,,,,,,,,
002891,002891.SZ,中宠股份,饲料,20260629,27.0,55.93131009966792,55.93131009966792,0.0,1.66,3.2706,5601.09,14.285714285714285,bear,BULL_TREND,36.559162078609994,100.0,56.0109,80.0,61.537569391322414,33.33333333333333,0.0,50.58070305840575,0.0,2,2,E_ablate_accel_vr1.2,True,,20260630,26.82,,,,,,,,,
600129,600129.SH,太极集团,中成药,20260630,13.57,56.83383329541522,56.83383329541522,0.0,2.61,4.9739,95.9,8.619528619528616,sideways,BULL_TREND,69.20249033975799,100.0,0.9590000000000001,80.0,54.02347333412137,33.33333333333333,0.0,62.700147949029926,0.0,1,1,A_recovered_proxy_vr1.5,True,missing_t1,,,,,,,,,,,
600129,600129.SH,太极集团,中成药,20260630,13.57,56.83383329541522,56.83383329541522,0.0,2.61,4.9739,95.9,8.619528619528616,sideways,BULL_TREND,69.20249033975799,100.0,0.9590000000000001,80.0,54.02347333412137,33.33333333333333,0.0,62.700147949029926,0.0,1,1,B_pure_quant_vr1.5,True,missing_t1,,,,,,,,,,,
002506,002506.SZ,协鑫集成,电气设备,20260630,3.18,64.67777003889289,58.25451980459431,6.423250234298584,1.47,8.2665,22985.74,9.915014164305939,sideways,BULL_TREND,27.790807753081985,100.0,100.0,65.0,64.23250234298584,20.0,0.0,45.88055622890329,0.0,1,1,A_recovered_proxy_vr1.2,True,missing_t1,,,,,,,,,,,
600129,600129.SH,太极集团,中成药,20260630,13.57,55.338598815143996,55.338598815143996,0.0,2.61,4.9739,95.9,8.619528619528616,sideways,BULL_TREND,69.20249033975799,100.0,0.9590000000000001,80.0,44.05524346564657,33.33333333333333,0.0,62.700147949029926,0.0,2,2,A_recovered_proxy_vr1.2,True,missing_t1,,,,,,,,,,,
000901,000901.SZ,航天科技,汽车配件,20260630,17.79,46.44780702085155,46.44780702085155,0.0,1.24,3.2033,5976.41,7.728215767634865,sideways,BULL_TREND,15.517006030607524,95.47026279391442,59.7641,80.0,38.409532314098946,33.33333333333333,0.0,43.59016138062678,0.0,3,3,A_recovered_proxy_vr1.2,True,missing_t1,,,,,,,,,,,
002506,002506.SZ,协鑫集成,电气设备,20260630,3.18,58.25451980459431,58.25451980459431,0.0,1.47,8.2665,22985.74,9.915014164305939,sideways,BULL_TREND,27.790807753081985,100.0,100.0,65.0,64.23250234298584,20.0,0.0,45.88055622890329,0.0,1,1,D_pure_quant_vr1.2,True,missing_t1,,,,,,,,,,,
600129,600129.SH,太极集团,中成药,20260630,13.57,55.338598815143996,55.338598815143996,0.0,2.61,4.9739,95.9,8.619528619528616,sideways,BULL_TREND,69.20249033975799,100.0,0.9590000000000001,80.0,44.05524346564657,33.33333333333333,0.0,62.700147949029926,0.0,2,2,D_pure_quant_vr1.2,True,missing_t1,,,,,,,,,,,
000901,000901.SZ,航天科技,汽车配件,20260630,17.79,46.44780702085155,46.44780702085155,0.0,1.24,3.2033,5976.41,7.728215767634865,sideways,BULL_TREND,15.517006030607524,95.47026279391442,59.7641,80.0,38.409532314098946,33.33333333333333,0.0,43.59016138062678,0.0,3,3,D_pure_quant_vr1.2,True,missing_t1,,,,,,,,,,,
600129,600129.SH,太极集团,中成药,20260630,13.57,48.73031229529701,48.73031229529701,0.0,2.61,4.9739,95.9,8.619528619528616,sideways,BULL_TREND,69.20249033975799,100.0,0.9590000000000001,80.0,44.05524346564657,33.33333333333333,0.0,62.700147949029926,0.0,1,1,E_ablate_sector_vr1.2,True,missing_t1,,,,,,,,,,,
002506,002506.SZ,协鑫集成,电气设备,20260630,3.18,48.619644453146435,48.619644453146435,0.0,1.47,8.2665,22985.74,9.915014164305939,sideways,BULL_TREND,27.790807753081985,100.0,100.0,65.0,64.23250234298584,20.0,0.0,45.88055622890329,0.0,2,2,E_ablate_sector_vr1.2,True,missing_t1,,,,,,,,,,,
600129,600129.SH,太极集团,中成药,20260630,13.57,51.453481172627924,51.453481172627924,0.0,2.61,4.9739,95.9,8.619528619528616,sideways,BULL_TREND,69.20249033975799,100.0,0.9590000000000001,40.0,29.588325848872717,33.33333333333333,0.0,62.700147949029926,0.0,1,1,E_ablate_inflow_vr1.2,True,missing_t1,,,,,,,,,,,
002506,002506.SZ,协鑫集成,电气设备,20260630,3.18,46.280969709512355,46.280969709512355,0.0,1.47,8.2665,22985.74,9.915014164305939,sideways,BULL_TREND,27.790807753081985,100.0,100.0,65.0,64.4088350424395,20.0,0.0,45.88055622890329,0.0,2,2,E_ablate_inflow_vr1.2,True,missing_t1,,,,,,,,,,,
002506,002506.SZ,协鑫集成,电气设备,20260630,3.18,52.74885305712591,52.74885305712591,0.0,1.47,8.2665,22985.74,9.915014164305939,sideways,BULL_TREND,27.790807753081985,100.0,100.0,65.0,64.23250234298584,20.0,0.0,45.88055622890329,0.0,1,1,E_ablate_wyckoff_vr1.2,True,missing_t1,,,,,,,,,,,
600129,600129.SH,太极集团,中成药,20260630,13.57,47.814581061260405,47.814581061260405,0.0,2.61,4.9739,95.9,8.619528619528616,sideways,BULL_TREND,69.20249033975799,100.0,0.9590000000000001,80.0,44.05524346564657,33.33333333333333,0.0,62.700147949029926,0.0,2,2,E_ablate_wyckoff_vr1.2,True,missing_t1,,,,,,,,,,,
002506,002506.SZ,协鑫集成,电气设备,20260630,3.18,58.25451980459431,58.25451980459431,0.0,1.47,8.2665,22985.74,9.915014164305939,sideways,BULL_TREND,27.790807753081985,100.0,100.0,65.0,64.23250234298584,20.0,0.0,45.88055622890329,0.0,1,1,E_ablate_accel_vr1.2,True,missing_t1,,,,,,,,,,,
600129,600129.SH,太极集团,中成药,20260630,13.57,55.338598815143996,55.338598815143996,0.0,2.61,4.9739,95.9,8.619528619528616,sideways,BULL_TREND,69.20249033975799,100.0,0.9590000000000001,80.0,44.05524346564657,33.33333333333333,0.0,62.700147949029926,0.0,2,2,E_ablate_accel_vr1.2,True,missing_t1,,,,,,,,,,,
000901,000901.SZ,航天科技,汽车配件,20260630,17.79,46.44780702085155,46.44780702085155,0.0,1.24,3.2033,5976.41,7.728215767634865,sideways,BULL_TREND,15.517006030607524,95.47026279391442,59.7641,80.0,38.409532314098946,33.33333333333333,0.0,43.59016138062678,0.0,3,3,E_ablate_accel_vr1.2,True,missing_t1,,,,,,,,,,,
