code,ts_code,name,industry,select_date,close,score,score_base,news_proxy_boost,volume_ratio,turnover,main_net_inflow,drawdown_from_high,market_style,regime,factor_volume_ratio,factor_drawdown,factor_inflow,factor_turnover,factor_sector,factor_pattern,factor_counter_trend,factor_wyckoff,factor_accel,pre_threshold_rank,candidate_rank,variant,selected
002153,002153.SZ,石基信息,软件服务,20260105,11.32,68.29254982804036,61.60358062639065,6.688969201649709,2.07,4.6339,8837.99,0.17636684303350594,momentum,BULL_TREND,52.48153838623002,100.0,88.37989999999999,65.0,66.88969201649708,33.33333333333333,0.0,77.60764798490067,0.0,1,1,A_recovered_proxy_vr1.5,True
600685,600685.SH,中船防务,船舶,20260105,29.99,59.18671227069939,59.18671227069939,0.0,1.95,4.7045,12725.24,3.8782051282051313,momentum,BULL_TREND,48.1737061987443,94.73076923076921,100.0,80.0,39.871339040281455,63.33333333333333,0.0,73.46644943087867,0.0,2,2,A_recovered_proxy_vr1.5,True
603236,603236.SH,移远通信,通信设备,20260105,100.12,58.168574725441296,58.168574725441296,0.0,2.06,5.6418,27751.69,0.47713717693835966,momentum,BULL_TREND,52.132216870424685,100.0,100.0,65.0,44.92697312632956,33.33333333333333,0.0,64.46680902945018,0.0,3,3,A_recovered_proxy_vr1.5,True
002153,002153.SZ,石基信息,软件服务,20260105,11.32,61.60358062639065,61.60358062639065,0.0,2.07,4.6339,8837.99,0.17636684303350594,momentum,BULL_TREND,52.48153838623002,100.0,88.37989999999999,65.0,66.88969201649708,33.33333333333333,0.0,77.60764798490067,0.0,1,1,B_pure_quant_vr1.5,True
600685,600685.SH,中船防务,船舶,20260105,29.99,59.18671227069939,59.18671227069939,0.0,1.95,4.7045,12725.24,3.8782051282051313,momentum,BULL_TREND,48.1737061987443,94.73076923076921,100.0,80.0,39.871339040281455,63.33333333333333,0.0,73.46644943087867,0.0,2,2,B_pure_quant_vr1.5,True
603236,603236.SH,移远通信,通信设备,20260105,100.12,58.168574725441296,58.168574725441296,0.0,2.06,5.6418,27751.69,0.47713717693835966,momentum,BULL_TREND,52.132216870424685,100.0,100.0,65.0,44.92697312632956,33.33333333333333,0.0,64.46680902945018,0.0,3,3,B_pure_quant_vr1.5,True
002153,002153.SZ,石基信息,软件服务,20260105,11.32,66.8347828629055,60.631735982967406,6.2030468799380865,2.07,4.6339,8837.99,0.17636684303350594,momentum,BULL_TREND,52.48153838623002,100.0,88.37989999999999,65.0,62.03046879938086,33.33333333333333,0.0,77.60764798490067,0.0,1,1,A_recovered_proxy_vr1.2,True
001389,001389.SZ,广合科技,元器件,20260105,82.64,65.32087704772903,57.51016061958608,7.810716428142943,1.44,3.9629,9991.34,1.2428298279158774,momentum,BULL_TREND,26.303440583379377,100.0,99.9134,65.0,78.10716428142942,20.0,0.0,37.1053167579329,0.0,2,2,A_recovered_proxy_vr1.2,True
002436,002436.SZ,兴森科技,元器件,20260105,22.27,64.97130312221624,57.160586694073295,7.810716428142943,1.26,7.3531,49261.02,0.8459483526268978,momentum,BULL_TREND,16.67118668625959,100.0,100.0,80.0,78.10716428142942,33.33333333333333,0.0,33.71809168181804,0.0,3,3,A_recovered_proxy_vr1.2,True
002153,002153.SZ,石基信息,软件服务,20260105,11.32,60.631735982967406,60.631735982967406,0.0,2.07,4.6339,8837.99,0.17636684303350594,momentum,BULL_TREND,52.48153838623002,100.0,88.37989999999999,65.0,62.03046879938086,33.33333333333333,0.0,77.60764798490067,0.0,1,1,D_pure_quant_vr1.2,True
002050,002050.SZ,三花智控,家用电器,20260105,56.28,59.61740918973821,59.61740918973821,0.0,1.32,9.2652,68240.23,2.9487842731505447,momentum,BULL_TREND,20.02689647918644,100.0,100.0,65.0,47.682611992219165,10.0,0.0,33.26852319416412,100.0,2,2,D_pure_quant_vr1.2,True
600685,600685.SH,中船防务,船舶,20260105,29.99,58.87908196721664,58.87908196721664,0.0,1.95,4.7045,12725.24,3.8782051282051313,momentum,BULL_TREND,48.1737061987443,94.73076923076921,100.0,80.0,38.33318752286771,63.33333333333333,0.0,73.46644943087867,0.0,3,3,D_pure_quant_vr1.2,True
600685,600685.SH,中船防务,船舶,20260105,29.99,51.2124444626431,51.2124444626431,0.0,1.95,4.7045,12725.24,3.8782051282051313,momentum,BULL_TREND,48.1737061987443,94.73076923076921,100.0,80.0,38.33318752286771,63.33333333333333,0.0,73.46644943087867,0.0,1,1,E_ablate_sector_vr1.2,True
002050,002050.SZ,三花智控,家用电器,20260105,56.28,50.080886791294375,50.080886791294375,0.0,1.32,9.2652,68240.23,2.9487842731505447,momentum,BULL_TREND,20.02689647918644,100.0,100.0,65.0,47.682611992219165,10.0,0.0,33.26852319416412,100.0,2,2,E_ablate_sector_vr1.2,True
603236,603236.SH,移远通信,通信设备,20260105,100.12,49.183180100175385,49.183180100175385,0.0,2.06,5.6418,27751.69,0.47713717693835966,momentum,BULL_TREND,52.132216870424685,100.0,100.0,65.0,41.96722640283882,33.33333333333333,0.0,64.46680902945018,0.0,3,3,E_ablate_sector_vr1.2,True
603215,603215.SH,比依股份,家用电器,20260105,22.56,50.73778086440544,50.73778086440544,0.0,2.27,8.6827,1926.0,1.3986013986014,momentum,BULL_TREND,59.13461487580951,100.0,19.26,65.0,51.27281105662415,20.0,0.0,73.63026421709182,100.0,1,1,E_ablate_inflow_vr1.2,True
002050,002050.SZ,三花智控,家用电器,20260105,56.28,56.2905568703218,56.2905568703218,0.0,1.32,9.2652,68240.23,2.9487842731505447,momentum,BULL_TREND,20.02689647918644,100.0,100.0,65.0,47.682611992219165,10.0,0.0,33.26852319416412,100.0,1,1,E_ablate_wyckoff_vr1.2,True
001389,001389.SZ,广合科技,元器件,20260105,82.64,53.7996289437928,53.7996289437928,0.0,1.44,3.9629,9991.34,1.2428298279158774,momentum,BULL_TREND,26.303440583379377,100.0,99.9134,65.0,78.10716428142942,20.0,0.0,37.1053167579329,0.0,2,2,E_ablate_wyckoff_vr1.2,True
002436,002436.SZ,兴森科技,元器件,20260105,22.27,53.78877752589149,53.78877752589149,0.0,1.26,7.3531,49261.02,0.8459483526268978,momentum,BULL_TREND,16.67118668625959,100.0,100.0,80.0,78.10716428142942,33.33333333333333,0.0,33.71809168181804,0.0,3,3,E_ablate_wyckoff_vr1.2,True
002153,002153.SZ,石基信息,软件服务,20260105,11.32,60.631735982967406,60.631735982967406,0.0,2.07,4.6339,8837.99,0.17636684303350594,momentum,BULL_TREND,52.48153838623002,100.0,88.37989999999999,65.0,62.03046879938086,33.33333333333333,0.0,77.60764798490067,0.0,1,1,E_ablate_accel_vr1.2,True
600685,600685.SH,中船防务,船舶,20260105,29.99,58.87908196721664,58.87908196721664,0.0,1.95,4.7045,12725.24,3.8782051282051313,momentum,BULL_TREND,48.1737061987443,94.73076923076921,100.0,80.0,38.33318752286771,63.33333333333333,0.0,73.46644943087867,0.0,2,2,E_ablate_accel_vr1.2,True
002970,002970.SZ,锐明技术,IT设备,20260105,50.69,58.02338908622176,58.02338908622176,0.0,2.09,7.969,11672.33,1.5919238982721808,momentum,BULL_TREND,53.175147115307894,100.0,100.0,80.0,48.364271227520845,20.0,0.0,53.74262773421412,0.0,3,3,E_ablate_accel_vr1.2,True
601377,601377.SH,兴业证券,证券,20260106,7.77,74.88660494188314,66.47183330075006,8.414771641133076,1.61,3.7823,47253.87,1.8939393939393985,momentum,BULL_TREND,34.35303441699462,100.0,100.0,65.0,84.14771641133075,66.66666666666666,0.0,79.06001522601389,0.0,1,1,A_recovered_proxy_vr1.5,True
002273,002273.SZ,水晶光电,元器件,20260106,26.15,68.7336847491626,61.05336323924983,7.680321509912779,1.76,4.3914,16225.9,0.7590132827324586,momentum,BULL_TREND,40.77877144312863,100.0,100.0,40.0,76.80321509912778,10.0,0.0,70.75904502954978,0.0,2,2,A_recovered_proxy_vr1.5,True
600601,600601.SH,方正科技,元器件,20260106,12.6,67.74585936042553,60.06553785051275,7.680321509912779,1.53,6.9694,55096.26,4.109589041095897,momentum,BULL_TREND,30.676582645896357,93.34246575342462,100.0,65.0,76.80321509912778,20.0,0.0,65.19160858460273,0.0,3,3,A_recovered_proxy_vr1.5,True
601377,601377.SH,兴业证券,证券,20260106,7.77,66.47183330075006,66.47183330075006,0.0,1.61,3.7823,47253.87,1.8939393939393985,momentum,BULL_TREND,34.35303441699462,100.0,100.0,65.0,84.14771641133075,66.66666666666666,0.0,79.06001522601389,0.0,1,1,B_pure_quant_vr1.5,True
002258,002258.SZ,利尔化学,农药化肥,20260106,13.57,65.33690504071281,65.33690504071281,0.0,2.52,3.6221,10971.57,1.093294460641402,momentum,BULL_TREND,66.67118668625959,100.0,100.0,65.0,56.847801855536005,63.33333333333333,0.0,75.5,0.0,2,2,B_pure_quant_vr1.5,True
002906,002906.SZ,华阳集团,汽车配件,20260106,32.63,62.993193178479544,62.993193178479544,0.0,2.94,4.1273,19231.16,1.3901480809912385,momentum,BULL_TREND,77.79080775308198,100.0,100.0,65.0,46.15194313278233,30.0,0.0,73.44183388960784,0.0,3,3,B_pure_quant_vr1.5,True
601377,601377.SH,兴业证券,证券,20260106,7.77,70.55660478817646,63.58516653161228,6.9714382565641815,1.61,3.7823,47253.87,1.8939393939393985,momentum,BULL_TREND,34.35303441699462,100.0,100.0,65.0,69.71438256564181,66.66666666666666,0.0,79.06001522601389,0.0,1,1,A_recovered_proxy_vr1.2,True
002273,002273.SZ,水晶光电,元器件,20260106,26.15,67.8189864075499,60.443564344841356,7.375422062708541,1.76,4.3914,16225.9,0.7590132827324586,momentum,BULL_TREND,40.77877144312863,100.0,100.0,40.0,73.7542206270854,10.0,0.0,70.75904502954978,0.0,2,2,A_recovered_proxy_vr1.2,True
600601,600601.SH,方正科技,元器件,20260106,12.6,67.58116101881281,60.20573895610427,7.375422062708541,1.53,6.9694,55096.26,4.109589041095897,momentum,BULL_TREND,30.676582645896357,93.34246575342462,100.0,80.0,73.7542206270854,20.0,0.0,65.19160858460273,0.0,3,3,A_recovered_proxy_vr1.2,True
002258,002258.SZ,利尔化学,农药化肥,20260106,13.57,65.08704538205515,65.08704538205515,0.0,2.52,3.6221,10971.57,1.093294460641402,momentum,BULL_TREND,66.67118668625959,100.0,100.0,65.0,55.59850356224774,63.33333333333333,0.0,75.5,0.0,1,1,D_pure_quant_vr1.2,True
601377,601377.SH,兴业证券,证券,20260106,7.77,63.58516653161228,63.58516653161228,0.0,1.61,3.7823,47253.87,1.8939393939393985,momentum,BULL_TREND,34.35303441699462,100.0,100.0,65.0,69.71438256564181,66.66666666666666,0.0,79.06001522601389,0.0,2,2,D_pure_quant_vr1.2,True
002906,002906.SZ,华阳集团,汽车配件,20260106,32.63,62.71557763711977,62.71557763711977,0.0,2.94,4.1273,19231.16,1.3901480809912385,momentum,BULL_TREND,77.79080775308198,100.0,100.0,65.0,44.763865425983454,30.0,0.0,73.44183388960784,0.0,3,3,D_pure_quant_vr1.2,True
002258,002258.SZ,利尔化学,农药化肥,20260106,13.57,53.96734466960561,53.96734466960561,0.0,2.52,3.6221,10971.57,1.093294460641402,momentum,BULL_TREND,66.67118668625959,100.0,100.0,65.0,55.59850356224774,63.33333333333333,0.0,75.5,0.0,1,1,E_ablate_sector_vr1.2,True
002906,002906.SZ,华阳集团,汽车配件,20260106,32.63,53.76280455192308,53.76280455192308,0.0,2.94,4.1273,19231.16,1.3901480809912385,momentum,BULL_TREND,77.79080775308198,100.0,100.0,65.0,44.763865425983454,30.0,0.0,73.44183388960784,0.0,2,2,E_ablate_sector_vr1.2,True
601377,601377.SH,兴业证券,证券,20260106,7.77,49.64229001848391,49.64229001848391,0.0,1.61,3.7823,47253.87,1.8939393939393985,momentum,BULL_TREND,34.35303441699462,100.0,100.0,65.0,69.71438256564181,66.66666666666666,0.0,79.06001522601389,0.0,3,3,E_ablate_sector_vr1.2,True
002258,002258.SZ,利尔化学,农药化肥,20260106,13.57,45.08704538205516,45.08704538205516,0.0,2.52,3.6221,10971.57,1.093294460641402,momentum,BULL_TREND,66.67118668625959,100.0,100.0,65.0,55.59850356224774,63.33333333333333,0.0,75.5,0.0,1,1,E_ablate_inflow_vr1.2,True
002258,002258.SZ,利尔化学,农药化肥,20260106,13.57,57.537045382055155,57.537045382055155,0.0,2.52,3.6221,10971.57,1.093294460641402,momentum,BULL_TREND,66.67118668625959,100.0,100.0,65.0,55.59850356224774,63.33333333333333,0.0,75.5,0.0,1,1,E_ablate_wyckoff_vr1.2,True
601377,601377.SH,兴业证券,证券,20260106,7.77,55.67916500901089,55.67916500901089,0.0,1.61,3.7823,47253.87,1.8939393939393985,momentum,BULL_TREND,34.35303441699462,100.0,100.0,65.0,69.71438256564181,66.66666666666666,0.0,79.06001522601389,0.0,2,2,E_ablate_wyckoff_vr1.2,True
002906,002906.SZ,华阳集团,汽车配件,20260106,32.63,55.371394248158985,55.371394248158985,0.0,2.94,4.1273,19231.16,1.3901480809912385,momentum,BULL_TREND,77.79080775308198,100.0,100.0,65.0,44.763865425983454,30.0,0.0,73.44183388960784,0.0,3,3,E_ablate_wyckoff_vr1.2,True
002258,002258.SZ,利尔化学,农药化肥,20260106,13.57,65.08704538205515,65.08704538205515,0.0,2.52,3.6221,10971.57,1.093294460641402,momentum,BULL_TREND,66.67118668625959,100.0,100.0,65.0,55.59850356224774,63.33333333333333,0.0,75.5,0.0,1,1,E_ablate_accel_vr1.2,True
601377,601377.SH,兴业证券,证券,20260106,7.77,63.58516653161228,63.58516653161228,0.0,1.61,3.7823,47253.87,1.8939393939393985,momentum,BULL_TREND,34.35303441699462,100.0,100.0,65.0,69.71438256564181,66.66666666666666,0.0,79.06001522601389,0.0,2,2,E_ablate_accel_vr1.2,True
002906,002906.SZ,华阳集团,汽车配件,20260106,32.63,62.71557763711977,62.71557763711977,0.0,2.94,4.1273,19231.16,1.3901480809912385,momentum,BULL_TREND,77.79080775308198,100.0,100.0,65.0,44.763865425983454,30.0,0.0,73.44183388960784,0.0,3,3,E_ablate_accel_vr1.2,True
600089,600089.SH,特变电工,电气设备,20260107,24.19,68.23048110069375,60.39442192531244,7.836059175381307,1.62,5.1197,9896.82,1.4663951120162908,momentum,BULL_TREND,34.799690655495006,100.0,98.9682,65.0,78.36059175381307,10.0,0.0,59.58709976225579,0.0,1,1,A_recovered_proxy_vr1.5,True
000988,000988.SZ,华工科技,专用机械,20260107,83.08,67.31504674463665,59.758764688901636,7.55628205573501,1.61,8.8707,151343.33,2.2012948793407943,momentum,BULL_TREND,34.35303441699462,100.0,100.0,80.0,75.5628205573501,10.0,0.0,49.93245414882422,0.0,2,2,A_recovered_proxy_vr1.5,True
600875,600875.SH,东方电气,电气设备,20260107,25.6,66.4170786808688,58.58101950548749,7.836059175381307,1.5,3.5376,21056.95,1.3107170393215106,momentum,BULL_TREND,29.24812503605781,100.0,100.0,40.0,78.36059175381307,66.66666666666666,0.0,31.883490659828666,0.0,3,3,A_recovered_proxy_vr1.5,True
600089,600089.SH,特变电工,电气设备,20260107,24.19,60.39442192531244,60.39442192531244,0.0,1.62,5.1197,9896.82,1.4663951120162908,momentum,BULL_TREND,34.799690655495006,100.0,98.9682,65.0,78.36059175381307,10.0,0.0,59.58709976225579,0.0,1,1,B_pure_quant_vr1.5,True
000988,000988.SZ,华工科技,专用机械,20260107,83.08,59.758764688901636,59.758764688901636,0.0,1.61,8.8707,151343.33,2.2012948793407943,momentum,BULL_TREND,34.35303441699462,100.0,100.0,80.0,75.5628205573501,10.0,0.0,49.93245414882422,0.0,2,2,B_pure_quant_vr1.5,True
600226,600226.SH,亨通股份,供气供热,20260107,5.51,58.89945642615023,58.89945642615023,0.0,2.43,7.3587,14297.08,3.8394415357766256,momentum,BULL_TREND,64.04781569155281,94.96335078534025,100.0,100.0,54.34703000422083,10.0,0.0,34.26542993039118,0.0,3,3,B_pure_quant_vr1.5,True
000969,000969.SZ,安泰科技,小金属,20260107,22.49,68.94671503870157,60.66721797364652,8.279497065055052,1.46,11.7965,28952.14,1.6185476815398119,momentum,BULL_TREND,27.298418455264624,100.0,100.0,80.0,82.79497065055051,33.33333333333333,0.0,43.46794408580057,0.0,1,1,A_recovered_proxy_vr1.2,True
000960,000960.SZ,锡业股份,小金属,20260107,32.2,65.40213614594954,57.12263908089449,8.279497065055052,1.53,4.5592,11257.28,2.0681265206812642,momentum,BULL_TREND,30.676582645896357,100.0,100.0,40.0,82.79497065055051,0.0,0.0,39.62157553899932,0.0,2,2,A_recovered_proxy_vr1.2,True
600549,600549.SH,厦门钨业,小金属,20260107,44.85,64.67569413163886,56.39619706658382,8.279497065055052,1.4,3.7947,13176.55,1.7524644030668064,momentum,BULL_TREND,24.271341358512082,100.0,100.0,40.0,82.79497065055051,10.0,0.0,36.965017326969004,0.0,3,3,A_recovered_proxy_vr1.2,True
000969,000969.SZ,安泰科技,小金属,20260107,22.49,60.66721797364652,60.66721797364652,0.0,1.46,11.7965,28952.14,1.6185476815398119,momentum,BULL_TREND,27.298418455264624,100.0,100.0,80.0,82.79497065055051,33.33333333333333,0.0,43.46794408580057,0.0,1,1,D_pure_quant_vr1.2,True
600226,600226.SH,亨通股份,供气供热,20260107,5.51,58.56466772043964,58.56466772043964,0.0,2.43,7.3587,14297.08,3.8394415357766256,momentum,BULL_TREND,64.04781569155281,94.96335078534025,100.0,100.0,52.67308647566785,10.0,0.0,34.26542993039118,0.0,2,2,D_pure_quant_vr1.2,True
000825,000825.SZ,太钢不锈,特种钢,20260107,5.35,57.81127799142884,57.81127799142884,0.0,2.3,4.4571,13539.64,2.193784277879344,momentum,BULL_TREND,60.08169305848252,100.0,100.0,80.0,38.37368543202412,63.33333333333333,0.0,39.57620279584971,0.0,3,3,D_pure_quant_vr1.2,True
000825,000825.SZ,太钢不锈,特种钢,20260107,5.35,50.13654090502401,50.13654090502401,0.0,2.3,4.4571,13539.64,2.193784277879344,momentum,BULL_TREND,60.08169305848252,100.0,100.0,80.0,38.37368543202412,63.33333333333333,0.0,39.57620279584971,0.0,1,1,E_ablate_sector_vr1.2,True
600226,600226.SH,亨通股份,供气供热,20260107,5.51,48.030050425306065,48.030050425306065,0.0,2.43,7.3587,14297.08,3.8394415357766256,momentum,BULL_TREND,64.04781569155281,94.96335078534025,100.0,100.0,52.67308647566785,10.0,0.0,34.26542993039118,0.0,2,2,E_ablate_sector_vr1.2,True
600237,600237.SH,铜峰电子,元器件,20260107,9.45,46.909356327790455,46.909356327790455,0.0,1.72,11.7741,11657.14,3.8657171922685736,momentum,BULL_TREND,39.12042824636866,94.80569684638856,100.0,80.0,43.85955233299816,66.66666666666666,0.0,42.27389072862968,0.0,3,3,E_ablate_sector_vr1.2,True
000969,000969.SZ,安泰科技,小金属,20260107,22.49,56.32042356506646,56.32042356506646,0.0,1.46,11.7965,28952.14,1.6185476815398119,momentum,BULL_TREND,27.298418455264624,100.0,100.0,80.0,82.79497065055051,33.33333333333333,0.0,43.46794408580057,0.0,1,1,E_ablate_wyckoff_vr1.2,True
600226,600226.SH,亨通股份,供气供热,20260107,5.51,55.13812472740052,55.13812472740052,0.0,2.43,7.3587,14297.08,3.8394415357766256,momentum,BULL_TREND,64.04781569155281,94.96335078534025,100.0,100.0,52.67308647566785,10.0,0.0,34.26542993039118,0.0,2,2,E_ablate_wyckoff_vr1.2,True
000825,000825.SZ,太钢不锈,特种钢,20260107,5.35,53.853657711843866,53.853657711843866,0.0,2.3,4.4571,13539.64,2.193784277879344,momentum,BULL_TREND,60.08169305848252,100.0,100.0,80.0,38.37368543202412,63.33333333333333,0.0,39.57620279584971,0.0,3,3,E_ablate_wyckoff_vr1.2,True
000969,000969.SZ,安泰科技,小金属,20260107,22.49,60.66721797364652,60.66721797364652,0.0,1.46,11.7965,28952.14,1.6185476815398119,momentum,BULL_TREND,27.298418455264624,100.0,100.0,80.0,82.79497065055051,33.33333333333333,0.0,43.46794408580057,0.0,1,1,E_ablate_accel_vr1.2,True
600226,600226.SH,亨通股份,供气供热,20260107,5.51,58.56466772043964,58.56466772043964,0.0,2.43,7.3587,14297.08,3.8394415357766256,momentum,BULL_TREND,64.04781569155281,94.96335078534025,100.0,100.0,52.67308647566785,10.0,0.0,34.26542993039118,0.0,2,2,E_ablate_accel_vr1.2,True
000825,000825.SZ,太钢不锈,特种钢,20260107,5.35,57.81127799142884,57.81127799142884,0.0,2.3,4.4571,13539.64,2.193784277879344,momentum,BULL_TREND,60.08169305848252,100.0,100.0,80.0,38.37368543202412,63.33333333333333,0.0,39.57620279584971,0.0,3,3,E_ablate_accel_vr1.2,True
600884,600884.SH,杉杉股份,电气设备,20260108,14.0,74.47275565344405,67.33886943159585,7.133886221848204,2.26,7.0487,46626.0,2.0293911826452007,momentum,BULL_TREND,58.81613863202314,100.0,100.0,80.0,71.33886221848203,66.66666666666666,0.0,69.15342859762634,0.0,1,1,A_recovered_proxy_vr1.5,True
000768,000768.SZ,中航西飞,航空,20260108,29.8,73.15922012648969,64.26819873180702,8.89102139468266,1.82,4.6311,44160.88,0.8319467554076538,momentum,BULL_TREND,43.19692252119858,100.0,100.0,65.0,88.9102139468266,33.33333333333333,0.0,50.899508975952436,0.0,2,2,A_recovered_proxy_vr1.5,True
002651,002651.SZ,利君股份,航空,20260108,12.24,69.19867702048768,60.30765562580501,8.89102139468266,1.69,7.2736,8100.73,0.4878048780487845,momentum,BULL_TREND,37.851162325372975,100.0,81.0073,80.0,88.9102139468266,33.33333333333333,0.0,49.798118209670776,0.0,3,3,A_recovered_proxy_vr1.5,True
600884,600884.SH,杉杉股份,电气设备,20260108,14.0,67.33886943159585,67.33886943159585,0.0,2.26,7.0487,46626.0,2.0293911826452007,momentum,BULL_TREND,58.81613863202314,100.0,100.0,80.0,71.33886221848203,66.66666666666666,0.0,69.15342859762634,0.0,1,1,B_pure_quant_vr1.5,True
000801,000801.SZ,四川九洲,家用电器,20260108,17.76,65.02845354643628,65.02845354643628,0.0,1.54,4.6629,14798.65,1.0033444816053494,momentum,BULL_TREND,31.146517546008834,100.0,100.0,80.0,37.67093770386953,63.33333333333333,0.0,56.55621707094391,100.0,2,2,B_pure_quant_vr1.5,True
000768,000768.SZ,中航西飞,航空,20260108,29.8,64.26819873180702,64.26819873180702,0.0,1.82,4.6311,44160.88,0.8319467554076538,momentum,BULL_TREND,43.19692252119858,100.0,100.0,65.0,88.9102139468266,33.33333333333333,0.0,50.899508975952436,0.0,3,3,B_pure_quant_vr1.5,True
000768,000768.SZ,中航西飞,航空,20260108,29.8,72.7158791909851,63.9726381081373,8.743241082847804,1.82,4.6311,44160.88,0.8319467554076538,momentum,BULL_TREND,43.19692252119858,100.0,100.0,65.0,87.43241082847804,33.33333333333333,0.0,50.899508975952436,0.0,1,1,A_recovered_proxy_vr1.2,True
002651,002651.SZ,利君股份,航空,20260108,12.24,68.75533608498311,60.012095002135304,8.743241082847804,1.69,7.2736,8100.73,0.4878048780487845,momentum,BULL_TREND,37.851162325372975,100.0,81.0073,80.0,87.43241082847804,33.33333333333333,0.0,49.798118209670776,0.0,2,2,A_recovered_proxy_vr1.2,True
600862,600862.SH,中航高科,航空,20260108,26.01,68.51132869001744,59.768087607169626,8.743241082847804,1.39,6.0999,36283.69,1.849056603773579,momentum,BULL_TREND,23.75424414743913,100.0,100.0,65.0,87.43241082847804,33.33333333333333,0.0,38.01802152691478,0.0,3,3,A_recovered_proxy_vr1.2,True
000801,000801.SZ,四川九洲,家用电器,20260108,17.76,64.56011303647723,64.56011303647723,0.0,1.54,4.6629,14798.65,1.0033444816053494,momentum,BULL_TREND,31.146517546008834,100.0,100.0,80.0,35.32923515407427,63.33333333333333,0.0,56.55621707094391,100.0,1,1,D_pure_quant_vr1.2,True
600884,600884.SH,杉杉股份,电气设备,20260108,14.0,64.46442527746736,64.46442527746736,0.0,2.26,7.0487,46626.0,2.0293911826452007,momentum,BULL_TREND,58.81613863202314,100.0,100.0,80.0,56.96664144783958,66.66666666666666,0.0,69.15342859762634,0.0,2,2,D_pure_quant_vr1.2,True
000768,000768.SZ,中航西飞,航空,20260108,29.8,63.9726381081373,63.9726381081373,0.0,1.82,4.6311,44160.88,0.8319467554076538,momentum,BULL_TREND,43.19692252119858,100.0,100.0,65.0,87.43241082847804,33.33333333333333,0.0,50.899508975952436,0.0,3,3,D_pure_quant_vr1.2,True
000801,000801.SZ,四川九洲,家用电器,20260108,17.76,57.49426600566238,57.49426600566238,0.0,1.54,4.6629,14798.65,1.0033444816053494,momentum,BULL_TREND,31.146517546008834,100.0,100.0,80.0,35.32923515407427,63.33333333333333,0.0,56.55621707094391,100.0,1,1,E_ablate_sector_vr1.2,True
600884,600884.SH,杉杉股份,电气设备,20260108,14.0,53.07109698789944,53.07109698789944,0.0,2.26,7.0487,46626.0,2.0293911826452007,momentum,BULL_TREND,58.81613863202314,100.0,100.0,80.0,56.96664144783958,66.66666666666666,0.0,69.15342859762634,0.0,2,2,E_ablate_sector_vr1.2,True
002271,002271.SZ,东方雨虹,其他建材,20260108,14.59,47.590180071667845,47.590180071667845,0.0,1.67,3.0648,10978.17,0.47748976807640026,momentum,BULL_TREND,36.99240513496637,100.0,100.0,80.0,28.524080895760818,33.33333333333333,0.0,63.74652634756221,0.0,3,3,E_ablate_sector_vr1.2,True
603738,603738.SH,泰晶科技,元器件,20260108,16.73,46.230209133409275,46.230209133409275,0.0,2.63,8.8186,5152.17,2.278037383177573,momentum,BULL_TREND,69.75313997587888,100.0,51.5217,80.0,47.919637592757496,53.333333333333336,0.0,95.16643951809274,0.0,1,1,E_ablate_inflow_vr1.2,True
000801,000801.SZ,四川九洲,家用电器,20260108,17.76,58.90449132938284,58.90449132938284,0.0,1.54,4.6629,14798.65,1.0033444816053494,momentum,BULL_TREND,31.146517546008834,100.0,100.0,80.0,35.32923515407427,63.33333333333333,0.0,56.55621707094391,100.0,1,1,E_ablate_wyckoff_vr1.2,True
000768,000768.SZ,中航西飞,航空,20260108,29.8,58.88268721054206,58.88268721054206,0.0,1.82,4.6311,44160.88,0.8319467554076538,momentum,BULL_TREND,43.19692252119858,100.0,100.0,65.0,87.43241082847804,33.33333333333333,0.0,50.899508975952436,0.0,2,2,E_ablate_wyckoff_vr1.2,True
600884,600884.SH,杉杉股份,电气设备,20260108,14.0,57.54908241770472,57.54908241770472,0.0,2.26,7.0487,46626.0,2.0293911826452007,momentum,BULL_TREND,58.81613863202314,100.0,100.0,80.0,56.96664144783958,66.66666666666666,0.0,69.15342859762634,0.0,3,3,E_ablate_wyckoff_vr1.2,True
600884,600884.SH,杉杉股份,电气设备,20260108,14.0,64.46442527746736,64.46442527746736,0.0,2.26,7.0487,46626.0,2.0293911826452007,momentum,BULL_TREND,58.81613863202314,100.0,100.0,80.0,56.96664144783958,66.66666666666666,0.0,69.15342859762634,0.0,1,1,E_ablate_accel_vr1.2,True
000768,000768.SZ,中航西飞,航空,20260108,29.8,63.9726381081373,63.9726381081373,0.0,1.82,4.6311,44160.88,0.8319467554076538,momentum,BULL_TREND,43.19692252119858,100.0,100.0,65.0,87.43241082847804,33.33333333333333,0.0,50.899508975952436,0.0,2,2,E_ablate_accel_vr1.2,True
002651,002651.SZ,利君股份,航空,20260108,12.24,60.012095002135304,60.012095002135304,0.0,1.69,7.2736,8100.73,0.4878048780487845,momentum,BULL_TREND,37.851162325372975,100.0,81.0073,80.0,87.43241082847804,33.33333333333333,0.0,49.798118209670776,0.0,3,3,E_ablate_accel_vr1.2,True
600353,600353.SH,旭光电子,元器件,20260109,18.62,58.200377557103565,58.200377557103565,0.0,1.95,9.0008,13081.65,0.0,momentum,BULL_TREND,48.1737061987443,100.0,100.0,80.0,39.018502061151814,33.33333333333333,0.0,75.0395454839489,0.0,1,1,A_recovered_proxy_vr1.5,True
605488,605488.SH,福莱新材,塑料,20260109,34.93,53.83911020322205,53.83911020322205,0.0,1.98,5.3738,12984.45,2.3483365949119466,momentum,BULL_TREND,49.27502151524424,100.0,100.0,65.0,37.08191428925235,20.0,0.0,47.814741180849396,0.0,2,2,A_recovered_proxy_vr1.5,True
600089,600089.SH,特变电工,电气设备,20260109,24.94,53.36045094539348,53.36045094539348,0.0,1.56,6.164,33991.27,2.5781250000000004,momentum,BULL_TREND,32.07730145437618,100.0,100.0,65.0,40.56940838809862,10.0,0.0,66.84974049617325,0.0,3,3,A_recovered_proxy_vr1.5,True
600353,600353.SH,旭光电子,元器件,20260109,18.62,58.200377557103565,58.200377557103565,0.0,1.95,9.0008,13081.65,0.0,momentum,BULL_TREND,48.1737061987443,100.0,100.0,80.0,39.018502061151814,33.33333333333333,0.0,75.0395454839489,0.0,1,1,B_pure_quant_vr1.5,True
605488,605488.SH,福莱新材,塑料,20260109,34.93,53.83911020322205,53.83911020322205,0.0,1.98,5.3738,12984.45,2.3483365949119466,momentum,BULL_TREND,49.27502151524424,100.0,100.0,65.0,37.08191428925235,20.0,0.0,47.814741180849396,0.0,2,2,B_pure_quant_vr1.5,True
600089,600089.SH,特变电工,电气设备,20260109,24.94,53.36045094539348,53.36045094539348,0.0,1.56,6.164,33991.27,2.5781250000000004,momentum,BULL_TREND,32.07730145437618,100.0,100.0,65.0,40.56940838809862,10.0,0.0,66.84974049617325,0.0,3,3,B_pure_quant_vr1.5,True
002153,002153.SZ,石基信息,软件服务,20260109,11.99,66.12487384369464,58.24927702671852,7.8755968169761275,1.28,4.7983,15301.8,0.24958402662229087,momentum,BULL_TREND,17.80719051126377,100.0,100.0,65.0,78.75596816976127,33.33333333333333,0.0,49.10338149410029,0.0,1,1,A_recovered_proxy_vr1.2,True
600353,600353.SH,旭光电子,元器件,20260109,18.62,58.51240966511419,58.51240966511419,0.0,1.95,9.0008,13081.65,0.0,momentum,BULL_TREND,48.1737061987443,100.0,100.0,80.0,40.57866260120493,33.33333333333333,0.0,75.0395454839489,0.0,2,2,A_recovered_proxy_vr1.2,True
002373,002373.SZ,千方科技,软件服务,20260109,13.07,56.90875952204408,49.03316270506795,7.8755968169761275,1.37,6.2578,6077.78,1.5813253012048123,momentum,BULL_TREND,22.708794659290106,100.0,60.7778,65.0,78.75596816976127,20.0,0.0,34.700898722221794,0.0,3,3,A_recovered_proxy_vr1.2,True
600353,600353.SH,旭光电子,元器件,20260109,18.62,58.51240966511419,58.51240966511419,0.0,1.95,9.0008,13081.65,0.0,momentum,BULL_TREND,48.1737061987443,100.0,100.0,80.0,40.57866260120493,33.33333333333333,0.0,75.0395454839489,0.0,1,1,D_pure_quant_vr1.2,True
002153,002153.SZ,石基信息,软件服务,20260109,11.99,58.24927702671852,58.24927702671852,0.0,1.28,4.7983,15301.8,0.24958402662229087,momentum,BULL_TREND,17.80719051126377,100.0,100.0,65.0,78.75596816976127,33.33333333333333,0.0,49.10338149410029,0.0,2,2,D_pure_quant_vr1.2,True
600089,600089.SH,特变电工,电气设备,20260109,24.94,55.118386528807456,55.118386528807456,0.0,1.56,6.164,33991.27,2.5781250000000004,momentum,BULL_TREND,32.07730145437618,100.0,100.0,65.0,49.35908630516852,10.0,0.0,66.84974049617325,0.0,3,3,D_pure_quant_vr1.2,True
600353,600353.SH,旭光电子,元器件,20260109,18.62,50.3966771448732,50.3966771448732,0.0,1.95,9.0008,13081.65,0.0,momentum,BULL_TREND,48.1737061987443,100.0,100.0,80.0,40.57866260120493,33.33333333333333,0.0,75.0395454839489,0.0,1,1,E_ablate_sector_vr1.2,True
600300,600300.SH,维维股份,软饮料,20260109,3.66,46.93098311529086,46.93098311529086,0.0,1.92,4.2021,8564.12,2.917771883289121,momentum,BULL_TREND,47.05531554732157,100.0,85.64120000000001,80.0,30.053465562191622,63.33333333333333,0.0,55.777791165259515,0.0,2,2,E_ablate_sector_vr1.2,True
605488,605488.SH,福莱新材,塑料,20260109,34.93,46.42272734537158,46.42272734537158,0.0,1.98,5.3738,12984.45,2.3483365949119466,momentum,BULL_TREND,49.27502151524424,100.0,100.0,65.0,35.953368578226275,20.0,0.0,47.814741180849396,0.0,3,3,E_ablate_sector_vr1.2,True
002153,002153.SZ,石基信息,软件服务,20260109,11.99,53.338938877308486,53.338938877308486,0.0,1.28,4.7983,15301.8,0.24958402662229087,momentum,BULL_TREND,17.80719051126377,100.0,100.0,65.0,78.75596816976127,33.33333333333333,0.0,49.10338149410029,0.0,1,1,E_ablate_wyckoff_vr1.2,True
600353,600353.SH,旭光电子,元器件,20260109,18.62,51.0084551167193,51.0084551167193,0.0,1.95,9.0008,13081.65,0.0,momentum,BULL_TREND,48.1737061987443,100.0,100.0,80.0,40.57866260120493,33.33333333333333,0.0,75.0395454839489,0.0,2,2,E_ablate_wyckoff_vr1.2,True
605488,605488.SH,福莱新材,塑料,20260109,34.93,48.831926942931894,48.831926942931894,0.0,1.98,5.3738,12984.45,2.3483365949119466,momentum,BULL_TREND,49.27502151524424,100.0,100.0,65.0,35.953368578226275,20.0,0.0,47.814741180849396,0.0,3,3,E_ablate_wyckoff_vr1.2,True
600353,600353.SH,旭光电子,元器件,20260109,18.62,58.51240966511419,58.51240966511419,0.0,1.95,9.0008,13081.65,0.0,momentum,BULL_TREND,48.1737061987443,100.0,100.0,80.0,40.57866260120493,33.33333333333333,0.0,75.0395454839489,0.0,1,1,E_ablate_accel_vr1.2,True
002153,002153.SZ,石基信息,软件服务,20260109,11.99,58.24927702671852,58.24927702671852,0.0,1.28,4.7983,15301.8,0.24958402662229087,momentum,BULL_TREND,17.80719051126377,100.0,100.0,65.0,78.75596816976127,33.33333333333333,0.0,49.10338149410029,0.0,2,2,E_ablate_accel_vr1.2,True
600089,600089.SH,特变电工,电气设备,20260109,24.94,55.118386528807456,55.118386528807456,0.0,1.56,6.164,33991.27,2.5781250000000004,momentum,BULL_TREND,32.07730145437618,100.0,100.0,65.0,49.35908630516852,10.0,0.0,66.84974049617325,0.0,3,3,E_ablate_accel_vr1.2,True
002987,002987.SZ,京北方,软件服务,20260112,21.77,69.14752100799264,60.54207194473115,8.605449063261483,1.65,5.1606,19446.15,1.3145965548504042,momentum,BULL_TREND,36.12330122355455,100.0,100.0,40.0,86.05449063261483,30.0,0.0,44.126786346749974,0.0,1,1,A_recovered_proxy_vr1.5,True
002139,002139.SZ,拓邦股份,元器件,20260112,14.41,65.630052297297,59.70132996092356,5.928722336373444,1.85,4.2626,9346.0,0.06934812760055331,momentum,BULL_TREND,44.376263537079375,100.0,93.46,65.0,59.28722336373444,20.0,0.0,82.45445757614768,0.0,2,2,A_recovered_proxy_vr1.5,True
001389,001389.SZ,广合科技,元器件,20260112,83.6,65.33828996358035,59.40956762720691,5.928722336373444,1.59,6.3266,12459.36,1.4150943396226447,momentum,BULL_TREND,33.45133827548153,100.0,100.0,65.0,59.28722336373444,33.33333333333333,0.0,76.17755546471125,0.0,3,3,A_recovered_proxy_vr1.5,True
002987,002987.SZ,京北方,软件服务,20260112,21.77,60.54207194473115,60.54207194473115,0.0,1.65,5.1606,19446.15,1.3145965548504042,momentum,BULL_TREND,36.12330122355455,100.0,100.0,40.0,86.05449063261483,30.0,0.0,44.126786346749974,0.0,1,1,B_pure_quant_vr1.5,True
002139,002139.SZ,拓邦股份,元器件,20260112,14.41,59.70132996092356,59.70132996092356,0.0,1.85,4.2626,9346.0,0.06934812760055331,momentum,BULL_TREND,44.376263537079375,100.0,93.46,65.0,59.28722336373444,20.0,0.0,82.45445757614768,0.0,2,2,B_pure_quant_vr1.5,True
001389,001389.SZ,广合科技,元器件,20260112,83.6,59.40956762720691,59.40956762720691,0.0,1.59,6.3266,12459.36,1.4150943396226447,momentum,BULL_TREND,33.45133827548153,100.0,100.0,65.0,59.28722336373444,33.33333333333333,0.0,76.17755546471125,0.0,3,3,B_pure_quant_vr1.5,True
002987,002987.SZ,京北方,软件服务,20260112,21.77,69.27226125638853,60.62523211032841,8.647029146060115,1.65,5.1606,19446.15,1.3145965548504042,momentum,BULL_TREND,36.12330122355455,100.0,100.0,40.0,86.47029146060115,30.0,0.0,44.126786346749974,0.0,1,1,A_recovered_proxy_vr1.2,True
001389,001389.SZ,广合科技,元器件,20260112,83.6,66.81305860724434,60.392746722982906,6.420311884261441,1.59,6.3266,12459.36,1.4150943396226447,momentum,BULL_TREND,33.45133827548153,100.0,100.0,65.0,64.2031188426144,33.33333333333333,0.0,76.17755546471125,0.0,2,2,A_recovered_proxy_vr1.2,True
002139,002139.SZ,拓邦股份,元器件,20260112,14.41,65.85482094096099,59.434509056699554,6.420311884261441,1.85,4.2626,9346.0,0.06934812760055331,momentum,BULL_TREND,44.376263537079375,100.0,93.46,40.0,64.2031188426144,20.0,0.0,82.45445757614768,0.0,3,3,A_recovered_proxy_vr1.2,True
002987,002987.SZ,京北方,软件服务,20260112,21.77,60.62523211032841,60.62523211032841,0.0,1.65,5.1606,19446.15,1.3145965548504042,momentum,BULL_TREND,36.12330122355455,100.0,100.0,40.0,86.47029146060115,30.0,0.0,44.126786346749974,0.0,1,1,D_pure_quant_vr1.2,True
001389,001389.SZ,广合科技,元器件,20260112,83.6,60.392746722982906,60.392746722982906,0.0,1.59,6.3266,12459.36,1.4150943396226447,momentum,BULL_TREND,33.45133827548153,100.0,100.0,65.0,64.2031188426144,33.33333333333333,0.0,76.17755546471125,0.0,2,2,D_pure_quant_vr1.2,True
002139,002139.SZ,拓邦股份,元器件,20260112,14.41,59.434509056699554,59.434509056699554,0.0,1.85,4.2626,9346.0,0.06934812760055331,momentum,BULL_TREND,44.376263537079375,100.0,93.46,40.0,64.2031188426144,20.0,0.0,82.45445757614768,0.0,3,3,D_pure_quant_vr1.2,True
600186,600186.SH,莲花控股,食品,20260112,6.45,49.5939899896083,49.5939899896083,0.0,1.55,6.2896,15233.06,0.0,momentum,BULL_TREND,31.613410774975648,100.0,100.0,100.0,31.22959982089811,66.66666666666666,0.0,65.18645040028623,0.0,1,1,E_ablate_sector_vr1.2,True
001389,001389.SZ,广合科技,元器件,20260112,83.6,47.552122954460025,47.552122954460025,0.0,1.59,6.3266,12459.36,1.4150943396226447,momentum,BULL_TREND,33.45133827548153,100.0,100.0,65.0,64.2031188426144,33.33333333333333,0.0,76.17755546471125,0.0,2,2,E_ablate_sector_vr1.2,True
002607,002607.SZ,中公教育,文教休闲,20260112,2.99,47.347126686067355,47.347126686067355,0.0,1.62,10.1714,30631.83,0.6644518272425108,momentum,BULL_TREND,34.799690655495006,100.0,100.0,80.0,41.87542261695609,30.0,0.0,66.27173087743103,0.0,3,3,E_ablate_sector_vr1.2,True
002987,002987.SZ,京北方,软件服务,20260112,21.77,56.212553475653415,56.212553475653415,0.0,1.65,5.1606,19446.15,1.3145965548504042,momentum,BULL_TREND,36.12330122355455,100.0,100.0,40.0,86.47029146060115,30.0,0.0,44.126786346749974,0.0,1,1,E_ablate_wyckoff_vr1.2,True
002484,002484.SZ,江海股份,元器件,20260112,31.81,54.75908522214723,54.75908522214723,0.0,1.91,6.7517,17232.64,1.7603458925262625,momentum,BULL_TREND,46.67863191305119,100.0,100.0,65.0,64.2031188426144,33.33333333333333,0.0,43.136087082689784,0.0,2,2,E_ablate_wyckoff_vr1.2,True
002426,002426.SZ,胜利精密,元器件,20260112,3.93,54.746369744127094,54.746369744127094,0.0,1.78,8.6288,30004.15,0.5063291139240511,momentum,BULL_TREND,41.59386205958365,100.0,100.0,80.0,64.2031188426144,33.33333333333333,0.0,24.635016092760473,0.0,3,3,E_ablate_wyckoff_vr1.2,True
002987,002987.SZ,京北方,软件服务,20260112,21.77,60.62523211032841,60.62523211032841,0.0,1.65,5.1606,19446.15,1.3145965548504042,momentum,BULL_TREND,36.12330122355455,100.0,100.0,40.0,86.47029146060115,30.0,0.0,44.126786346749974,0.0,1,1,E_ablate_accel_vr1.2,True
001389,001389.SZ,广合科技,元器件,20260112,83.6,60.392746722982906,60.392746722982906,0.0,1.59,6.3266,12459.36,1.4150943396226447,momentum,BULL_TREND,33.45133827548153,100.0,100.0,65.0,64.2031188426144,33.33333333333333,0.0,76.17755546471125,0.0,2,2,E_ablate_accel_vr1.2,True
002139,002139.SZ,拓邦股份,元器件,20260112,14.41,59.434509056699554,59.434509056699554,0.0,1.85,4.2626,9346.0,0.06934812760055331,momentum,BULL_TREND,44.376263537079375,100.0,93.46,40.0,64.2031188426144,20.0,0.0,82.45445757614768,0.0,3,3,E_ablate_accel_vr1.2,True
002597,002597.SZ,金禾实业,食品,20260113,21.91,63.192988846312836,63.192988846312836,0.0,3.53,4.3299,10539.64,4.113785557986876,weak_momentum,BULL_TREND,90.98340917482277,100.0,100.0,40.0,41.46984980059615,0.0,0.0,75.5,0.0,1,1,A_recovered_proxy_vr1.5,True
002075,002075.SZ,沙钢股份,特种钢,20260113,5.94,61.772099585643254,61.772099585643254,0.0,3.35,6.3249,8159.7,3.0995106035888993,weak_momentum,BULL_TREND,87.2080547785205,100.0,81.597,100.0,26.74509801465679,33.33333333333333,0.0,75.5,0.0,2,2,A_recovered_proxy_vr1.5,True
600967,600967.SH,内蒙一机,运输设备,20260113,20.38,59.84023634446053,54.10235866729711,5.737877677163416,1.51,9.7873,55594.96,4.766355140186914,weak_momentum,BULL_TREND,29.727427477517708,100.0,100.0,60.0,57.37877677163416,33.33333333333333,0.0,42.46507575505109,0.0,3,3,A_recovered_proxy_vr1.5,True
002597,002597.SZ,金禾实业,食品,20260113,21.91,63.192988846312836,63.192988846312836,0.0,3.53,4.3299,10539.64,4.113785557986876,weak_momentum,BULL_TREND,90.98340917482277,100.0,100.0,40.0,41.46984980059615,0.0,0.0,75.5,0.0,1,1,B_pure_quant_vr1.5,True
002075,002075.SZ,沙钢股份,特种钢,20260113,5.94,61.772099585643254,61.772099585643254,0.0,3.35,6.3249,8159.7,3.0995106035888993,weak_momentum,BULL_TREND,87.2080547785205,100.0,81.597,100.0,26.74509801465679,33.33333333333333,0.0,75.5,0.0,2,2,B_pure_quant_vr1.5,True
603059,603059.SH,倍加洁,日用化工,20260113,36.25,58.17909957096748,58.17909957096748,0.0,4.2,8.2457,5568.53,3.3333333333333335,weak_momentum,BULL_TREND,100.0,100.0,55.6853,60.0,41.69050400150735,33.33333333333333,0.0,68.2366886938314,0.0,3,3,B_pure_quant_vr1.5,True
002597,002597.SZ,金禾实业,食品,20260113,21.91,63.97479812299264,63.97479812299264,0.0,3.53,4.3299,10539.64,4.113785557986876,weak_momentum,BULL_TREND,90.98340917482277,100.0,100.0,65.0,38.34857831179485,0.0,0.0,75.5,0.0,1,1,A_recovered_proxy_vr1.2,True
002075,002075.SZ,沙钢股份,特种钢,20260113,5.94,61.772099585643254,61.772099585643254,0.0,3.35,6.3249,8159.7,3.0995106035888993,weak_momentum,BULL_TREND,87.2080547785205,100.0,81.597,100.0,26.74509801465679,33.33333333333333,0.0,75.5,0.0,2,2,A_recovered_proxy_vr1.2,True
600967,600967.SH,内蒙一机,运输设备,20260113,20.38,59.84023634446053,54.10235866729711,5.737877677163416,1.51,9.7873,55594.96,4.766355140186914,weak_momentum,BULL_TREND,29.727427477517708,100.0,100.0,60.0,57.37877677163416,33.33333333333333,0.0,42.46507575505109,0.0,3,3,A_recovered_proxy_vr1.2,True
002597,002597.SZ,金禾实业,食品,20260113,21.91,63.97479812299264,63.97479812299264,0.0,3.53,4.3299,10539.64,4.113785557986876,weak_momentum,BULL_TREND,90.98340917482277,100.0,100.0,65.0,38.34857831179485,0.0,0.0,75.5,0.0,1,1,D_pure_quant_vr1.2,True
002075,002075.SZ,沙钢股份,特种钢,20260113,5.94,61.772099585643254,61.772099585643254,0.0,3.35,6.3249,8159.7,3.0995106035888993,weak_momentum,BULL_TREND,87.2080547785205,100.0,81.597,100.0,26.74509801465679,33.33333333333333,0.0,75.5,0.0,2,2,D_pure_quant_vr1.2,True
603059,603059.SH,倍加洁,日用化工,20260113,36.25,58.17909957096748,58.17909957096748,0.0,4.2,8.2457,5568.53,3.3333333333333335,weak_momentum,BULL_TREND,100.0,100.0,55.6853,60.0,41.69050400150735,33.33333333333333,0.0,68.2366886938314,0.0,3,3,D_pure_quant_vr1.2,True
002597,002597.SZ,金禾实业,食品,20260113,21.91,58.222511376223416,58.222511376223416,0.0,3.53,4.3299,10539.64,4.113785557986876,weak_momentum,BULL_TREND,90.98340917482277,100.0,100.0,65.0,38.34857831179485,0.0,0.0,75.5,0.0,1,1,E_ablate_sector_vr1.2,True
002075,002075.SZ,沙钢股份,特种钢,20260113,5.94,57.76033488344474,57.76033488344474,0.0,3.35,6.3249,8159.7,3.0995106035888993,weak_momentum,BULL_TREND,87.2080547785205,100.0,81.597,100.0,26.74509801465679,33.33333333333333,0.0,75.5,0.0,2,2,E_ablate_sector_vr1.2,True
603059,603059.SH,倍加洁,日用化工,20260113,36.25,51.925523970741374,51.925523970741374,0.0,4.2,8.2457,5568.53,3.3333333333333335,weak_momentum,BULL_TREND,100.0,100.0,55.6853,60.0,41.69050400150735,33.33333333333333,0.0,68.2366886938314,0.0,3,3,E_ablate_sector_vr1.2,True
600816,600816.SH,建元信托,多元金融,20260113,3.05,50.96477318635223,50.96477318635223,0.0,4.3,5.126,1174.21,4.984423676012466,weak_momentum,BULL_TREND,100.0,100.0,11.7421,100.0,37.16982877345886,0.0,0.0,89.26199246888936,0.0,1,1,E_ablate_inflow_vr1.2,True
603059,603059.SH,倍加洁,日用化工,20260113,36.25,48.428233449563436,48.428233449563436,0.0,4.2,8.2457,5568.53,3.3333333333333335,weak_momentum,BULL_TREND,100.0,100.0,55.6853,60.0,43.50708985881373,33.33333333333333,0.0,68.2366886938314,0.0,2,2,E_ablate_inflow_vr1.2,True
002075,002075.SZ,沙钢股份,特种钢,20260113,5.94,47.089179686523295,47.089179686523295,0.0,3.35,6.3249,8159.7,3.0995106035888993,weak_momentum,BULL_TREND,87.2080547785205,100.0,81.597,100.0,26.775365353857037,33.33333333333333,0.0,75.5,0.0,3,3,E_ablate_inflow_vr1.2,True
002597,002597.SZ,金禾实业,食品,20260113,21.91,52.64979812299264,52.64979812299264,0.0,3.53,4.3299,10539.64,4.113785557986876,weak_momentum,BULL_TREND,90.98340917482277,100.0,100.0,65.0,38.34857831179485,0.0,0.0,75.5,0.0,1,1,E_ablate_wyckoff_vr1.2,True
002075,002075.SZ,沙钢股份,特种钢,20260113,5.94,50.44709958564326,50.44709958564326,0.0,3.35,6.3249,8159.7,3.0995106035888993,weak_momentum,BULL_TREND,87.2080547785205,100.0,81.597,100.0,26.74509801465679,33.33333333333333,0.0,75.5,0.0,2,2,E_ablate_wyckoff_vr1.2,True
603059,603059.SH,倍加洁,日用化工,20260113,36.25,47.94359626689277,47.94359626689277,0.0,4.2,8.2457,5568.53,3.3333333333333335,weak_momentum,BULL_TREND,100.0,100.0,55.6853,60.0,41.69050400150735,33.33333333333333,0.0,68.2366886938314,0.0,3,3,E_ablate_wyckoff_vr1.2,True
002597,002597.SZ,金禾实业,食品,20260113,21.91,63.97479812299264,63.97479812299264,0.0,3.53,4.3299,10539.64,4.113785557986876,weak_momentum,BULL_TREND,90.98340917482277,100.0,100.0,65.0,38.34857831179485,0.0,0.0,75.5,0.0,1,1,E_ablate_accel_vr1.2,True
002075,002075.SZ,沙钢股份,特种钢,20260113,5.94,61.772099585643254,61.772099585643254,0.0,3.35,6.3249,8159.7,3.0995106035888993,weak_momentum,BULL_TREND,87.2080547785205,100.0,81.597,100.0,26.74509801465679,33.33333333333333,0.0,75.5,0.0,2,2,E_ablate_accel_vr1.2,True
603059,603059.SH,倍加洁,日用化工,20260113,36.25,58.17909957096748,58.17909957096748,0.0,4.2,8.2457,5568.53,3.3333333333333335,weak_momentum,BULL_TREND,100.0,100.0,55.6853,60.0,41.69050400150735,33.33333333333333,0.0,68.2366886938314,0.0,3,3,E_ablate_accel_vr1.2,True
002745,002745.SZ,木林森,元器件,20260114,9.6,70.35888372361737,62.16952523013297,8.189358493484397,1.87,7.5115,10092.81,4.095904095904097,weak_momentum,BULL_TREND,45.1519135056456,100.0,100.0,65.0,81.89358493484397,0.0,0.0,65.75133642706355,0.0,1,1,A_recovered_proxy_vr1.5,True
601016,601016.SH,节能风电,新型电力,20260114,3.15,69.91603903463796,69.91603903463796,0.0,5.02,5.2813,10818.72,3.0769230769230793,weak_momentum,BULL_TREND,100.0,100.0,100.0,100.0,30.00199161908991,33.33333333333333,0.0,91.66049083405204,0.0,2,2,A_recovered_proxy_vr1.5,True
301379,301379.SZ,天山电子,元器件,20260114,27.95,66.10897796359686,57.919619470112465,8.189358493484397,2.15,11.3028,5918.06,3.2871972318339076,weak_momentum,BULL_TREND,55.216832990736776,100.0,59.180600000000005,80.0,81.89358493484397,0.0,0.0,71.336991875169,0.0,3,3,A_recovered_proxy_vr1.5,True
601016,601016.SH,节能风电,新型电力,20260114,3.15,69.91603903463796,69.91603903463796,0.0,5.02,5.2813,10818.72,3.0769230769230793,weak_momentum,BULL_TREND,100.0,100.0,100.0,100.0,30.00199161908991,33.33333333333333,0.0,91.66049083405204,0.0,1,1,B_pure_quant_vr1.5,True
002570,002570.SZ,贝因美,乳制品,20260114,6.31,65.26870395656356,65.26870395656356,0.0,2.46,9.5682,12422.07,3.9573820395738304,weak_momentum,BULL_TREND,64.93291577822575,100.0,100.0,60.0,26.481406276405778,86.66666666666667,0.0,94.82148210023661,0.0,2,2,B_pure_quant_vr1.5,True
002745,002745.SZ,木林森,元器件,20260114,9.6,62.16952523013297,62.16952523013297,0.0,1.87,7.5115,10092.81,4.095904095904097,weak_momentum,BULL_TREND,45.1519135056456,100.0,100.0,65.0,81.89358493484397,0.0,0.0,65.75133642706355,0.0,3,3,B_pure_quant_vr1.5,True
601016,601016.SH,节能风电,新型电力,20260114,3.15,69.88547964189254,69.88547964189254,0.0,5.02,5.2813,10818.72,3.0769230769230793,weak_momentum,BULL_TREND,100.0,100.0,100.0,100.0,29.79826233412046,33.33333333333333,0.0,91.66049083405204,0.0,1,1,A_recovered_proxy_vr1.2,True
002745,002745.SZ,木林森,元器件,20260114,9.6,68.80780465574448,61.23887778940924,7.568926866335244,1.87,7.5115,10092.81,4.095904095904097,weak_momentum,BULL_TREND,45.1519135056456,100.0,100.0,65.0,75.68926866335244,0.0,0.0,65.75133642706355,0.0,2,2,A_recovered_proxy_vr1.2,True
000997,000997.SZ,新大陆,IT设备,20260114,30.44,65.35082756031699,60.12049304099919,5.230334519317793,2.53,5.0769,19707.87,3.670886075949367,weak_momentum,BULL_TREND,66.95686924597926,100.0,100.0,65.0,52.30334519317793,0.0,0.0,59.87640583417077,0.0,3,3,A_recovered_proxy_vr1.2,True
601016,601016.SH,节能风电,新型电力,20260114,3.15,69.88547964189254,69.88547964189254,0.0,5.02,5.2813,10818.72,3.0769230769230793,weak_momentum,BULL_TREND,100.0,100.0,100.0,100.0,29.79826233412046,33.33333333333333,0.0,91.66049083405204,0.0,1,1,D_pure_quant_vr1.2,True
002570,002570.SZ,贝因美,乳制品,20260114,6.31,65.2453627190929,65.2453627190929,0.0,2.46,9.5682,12422.07,3.9573820395738304,weak_momentum,BULL_TREND,64.93291577822575,100.0,100.0,60.0,26.325798026601433,86.66666666666667,0.0,94.82148210023661,0.0,2,2,D_pure_quant_vr1.2,True
002745,002745.SZ,木林森,元器件,20260114,9.6,61.23887778940924,61.23887778940924,0.0,1.87,7.5115,10092.81,4.095904095904097,weak_momentum,BULL_TREND,45.1519135056456,100.0,100.0,65.0,75.68926866335244,0.0,0.0,65.75133642706355,0.0,3,3,D_pure_quant_vr1.2,True
601016,601016.SH,节能风电,新型电力,20260114,3.15,65.41574029177447,65.41574029177447,0.0,5.02,5.2813,10818.72,3.0769230769230793,weak_momentum,BULL_TREND,100.0,100.0,100.0,100.0,29.79826233412046,33.33333333333333,0.0,91.66049083405204,0.0,1,1,E_ablate_sector_vr1.2,True
002570,002570.SZ,贝因美,乳制品,20260114,6.31,61.29649301510268,61.29649301510268,0.0,2.46,9.5682,12422.07,3.9573820395738304,weak_momentum,BULL_TREND,64.93291577822575,100.0,100.0,60.0,26.325798026601433,86.66666666666667,0.0,94.82148210023661,0.0,2,2,E_ablate_sector_vr1.2,True
000997,000997.SZ,新大陆,IT设备,20260114,30.44,52.2749912620225,52.2749912620225,0.0,2.53,5.0769,19707.87,3.670886075949367,weak_momentum,BULL_TREND,66.95686924597926,100.0,100.0,65.0,52.30334519317793,0.0,0.0,59.87640583417077,0.0,3,3,E_ablate_sector_vr1.2,True
601016,601016.SH,节能风电,新型电力,20260114,3.15,51.88614275354093,51.88614275354093,0.0,5.02,5.2813,10818.72,3.0769230769230793,weak_momentum,BULL_TREND,100.0,100.0,100.0,100.0,29.80268307844303,33.33333333333333,0.0,91.66049083405204,0.0,1,1,E_ablate_inflow_vr1.2,True
002570,002570.SZ,贝因美,乳制品,20260114,6.31,47.245869203190395,47.245869203190395,0.0,2.46,9.5682,12422.07,3.9573820395738304,weak_momentum,BULL_TREND,64.93291577822575,100.0,100.0,60.0,26.329174587251373,86.66666666666667,0.0,94.82148210023661,0.0,2,2,E_ablate_inflow_vr1.2,True
002637,002637.SZ,赞宇科技,日用化工,20260114,10.84,46.62476435480165,46.62476435480165,0.0,2.74,7.0186,2338.72,2.0776874435411057,weak_momentum,BULL_TREND,72.7087946592901,72.33062330623318,23.387199999999996,100.0,50.31402461662322,63.33333333333333,0.0,75.5,0.0,3,3,E_ablate_inflow_vr1.2,True
601016,601016.SH,节能风电,新型电力,20260114,3.15,56.13640601678473,56.13640601678473,0.0,5.02,5.2813,10818.72,3.0769230769230793,weak_momentum,BULL_TREND,100.0,100.0,100.0,100.0,29.79826233412046,33.33333333333333,0.0,91.66049083405204,0.0,1,1,E_ablate_wyckoff_vr1.2,True
000066,000066.SZ,中国长城,IT设备,20260114,16.74,51.40805463522571,51.40805463522571,0.0,2.42,9.162,31613.15,3.9035591274397428,weak_momentum,BULL_TREND,63.75035237499349,100.0,100.0,80.0,52.30334519317793,0.0,0.0,51.13730502826455,0.0,2,2,E_ablate_wyckoff_vr1.2,True
002745,002745.SZ,木林森,元器件,20260114,9.6,51.3761773253497,51.3761773253497,0.0,1.87,7.5115,10092.81,4.095904095904097,weak_momentum,BULL_TREND,45.1519135056456,100.0,100.0,65.0,75.68926866335244,0.0,0.0,65.75133642706355,0.0,3,3,E_ablate_wyckoff_vr1.2,True
601016,601016.SH,节能风电,新型电力,20260114,3.15,69.88547964189254,69.88547964189254,0.0,5.02,5.2813,10818.72,3.0769230769230793,weak_momentum,BULL_TREND,100.0,100.0,100.0,100.0,29.79826233412046,33.33333333333333,0.0,91.66049083405204,0.0,1,1,E_ablate_accel_vr1.2,True
002570,002570.SZ,贝因美,乳制品,20260114,6.31,65.2453627190929,65.2453627190929,0.0,2.46,9.5682,12422.07,3.9573820395738304,weak_momentum,BULL_TREND,64.93291577822575,100.0,100.0,60.0,26.325798026601433,86.66666666666667,0.0,94.82148210023661,0.0,2,2,E_ablate_accel_vr1.2,True
002745,002745.SZ,木林森,元器件,20260114,9.6,61.23887778940924,61.23887778940924,0.0,1.87,7.5115,10092.81,4.095904095904097,weak_momentum,BULL_TREND,45.1519135056456,100.0,100.0,65.0,75.68926866335244,0.0,0.0,65.75133642706355,0.0,3,3,E_ablate_accel_vr1.2,True
002426,002426.SZ,胜利精密,元器件,20260115,4.13,68.90874934156508,60.39866060555472,8.510088736010369,1.56,10.9643,19878.32,1.6666666666666732,momentum,BULL_TREND,32.07730145437618,100.0,100.0,80.0,85.10088736010368,20.0,0.0,35.6688791537755,0.0,1,1,A_recovered_proxy_vr1.5,True
000021,000021.SZ,深科技,元器件,20260115,28.1,68.85878676052027,60.34869802450991,8.510088736010369,1.5,9.9563,62197.13,1.160745691171292,momentum,BULL_TREND,29.24812503605781,100.0,100.0,65.0,85.10088736010368,33.33333333333333,0.0,40.246351304138315,0.0,2,2,A_recovered_proxy_vr1.5,True
000716,000716.SZ,黑芝麻,食品,20260115,6.52,55.58187820933017,55.58187820933017,0.0,2.33,9.7197,6943.51,6.723891273247505,momentum,BULL_TREND,61.01649774397778,77.65665236051497,69.4351,60.0,39.18229682198799,86.66666666666667,0.0,96.06925613951068,0.0,3,3,A_recovered_proxy_vr1.5,True
002426,002426.SZ,胜利精密,元器件,20260115,4.13,60.39866060555472,60.39866060555472,0.0,1.56,10.9643,19878.32,1.6666666666666732,momentum,BULL_TREND,32.07730145437618,100.0,100.0,80.0,85.10088736010368,20.0,0.0,35.6688791537755,0.0,1,1,B_pure_quant_vr1.5,True
000021,000021.SZ,深科技,元器件,20260115,28.1,60.34869802450991,60.34869802450991,0.0,1.5,9.9563,62197.13,1.160745691171292,momentum,BULL_TREND,29.24812503605781,100.0,100.0,65.0,85.10088736010368,33.33333333333333,0.0,40.246351304138315,0.0,2,2,B_pure_quant_vr1.5,True
000716,000716.SZ,黑芝麻,食品,20260115,6.52,55.58187820933017,55.58187820933017,0.0,2.33,9.7197,6943.51,6.723891273247505,momentum,BULL_TREND,61.01649774397778,77.65665236051497,69.4351,60.0,39.18229682198799,86.66666666666667,0.0,96.06925613951068,0.0,3,3,B_pure_quant_vr1.5,True
002426,002426.SZ,胜利精密,元器件,20260115,4.13,67.94358890241675,59.75522031278916,8.188368589627592,1.56,10.9643,19878.32,1.6666666666666732,momentum,BULL_TREND,32.07730145437618,100.0,100.0,80.0,81.88368589627592,20.0,0.0,35.6688791537755,0.0,1,1,A_recovered_proxy_vr1.2,True
000021,000021.SZ,深科技,元器件,20260115,28.1,67.89362632137194,59.705257731744354,8.188368589627592,1.5,9.9563,62197.13,1.160745691171292,momentum,BULL_TREND,29.24812503605781,100.0,100.0,65.0,81.88368589627592,33.33333333333333,0.0,40.246351304138315,0.0,2,2,A_recovered_proxy_vr1.2,True
000758,000758.SZ,中色股份,铅锌,20260115,7.12,64.82037918182036,57.40618195923611,7.414197222584253,1.55,6.3449,13207.09,2.1978021978021998,momentum,BULL_TREND,31.613410774975648,100.0,100.0,65.0,74.14197222584252,0.0,0.0,45.85775897821254,0.0,3,3,A_recovered_proxy_vr1.2,True
002426,002426.SZ,胜利精密,元器件,20260115,4.13,59.75522031278916,59.75522031278916,0.0,1.56,10.9643,19878.32,1.6666666666666732,momentum,BULL_TREND,32.07730145437618,100.0,100.0,80.0,81.88368589627592,20.0,0.0,35.6688791537755,0.0,1,1,D_pure_quant_vr1.2,True
000021,000021.SZ,深科技,元器件,20260115,28.1,59.705257731744354,59.705257731744354,0.0,1.5,9.9563,62197.13,1.160745691171292,momentum,BULL_TREND,29.24812503605781,100.0,100.0,65.0,81.88368589627592,33.33333333333333,0.0,40.246351304138315,0.0,2,2,D_pure_quant_vr1.2,True
000758,000758.SZ,中色股份,铅锌,20260115,7.12,57.40618195923611,57.40618195923611,0.0,1.55,6.3449,13207.09,2.1978021978021998,momentum,BULL_TREND,31.613410774975648,100.0,100.0,65.0,74.14197222584252,0.0,0.0,45.85775897821254,0.0,3,3,D_pure_quant_vr1.2,True
000716,000716.SZ,黑芝麻,食品,20260115,6.52,47.74541884493257,47.74541884493257,0.0,2.33,9.7197,6943.51,6.723891273247505,momentum,BULL_TREND,61.01649774397778,77.65665236051497,69.4351,60.0,37.70303524074734,86.66666666666667,0.0,96.06925613951068,0.0,1,1,E_ablate_sector_vr1.2,True
002170,002170.SZ,芭田股份,农药化肥,20260115,12.5,45.405214806618716,45.405214806618716,0.0,1.52,7.7491,15502.53,1.419558359621449,momentum,BULL_TREND,30.203566183443044,100.0,100.0,80.0,46.53288558446263,10.0,0.0,63.74679879102257,0.0,2,2,E_ablate_sector_vr1.2,True
605118,605118.SH,力鼎光电,元器件,20260115,37.13,45.10349909556394,45.10349909556394,0.0,2.73,3.1152,283.29,3.608515057113189,momentum,BULL_TREND,72.44504755725639,96.34890965732086,2.8329000000000004,40.0,81.22429522171541,33.33333333333333,0.0,46.90325285233645,0.0,1,1,E_ablate_inflow_vr1.2,True
002426,002426.SZ,胜利精密,元器件,20260115,4.13,56.188332397411614,56.188332397411614,0.0,1.56,10.9643,19878.32,1.6666666666666732,momentum,BULL_TREND,32.07730145437618,100.0,100.0,80.0,81.88368589627592,20.0,0.0,35.6688791537755,0.0,1,1,E_ablate_wyckoff_vr1.2,True
000021,000021.SZ,深科技,元器件,20260115,28.1,55.68062260133052,55.68062260133052,0.0,1.5,9.9563,62197.13,1.160745691171292,momentum,BULL_TREND,29.24812503605781,100.0,100.0,65.0,81.88368589627592,33.33333333333333,0.0,40.246351304138315,0.0,2,2,E_ablate_wyckoff_vr1.2,True
000758,000758.SZ,中色股份,铅锌,20260115,7.12,52.82040606141485,52.82040606141485,0.0,1.55,6.3449,13207.09,2.1978021978021998,momentum,BULL_TREND,31.613410774975648,100.0,100.0,65.0,74.14197222584252,0.0,0.0,45.85775897821254,0.0,3,3,E_ablate_wyckoff_vr1.2,True
002426,002426.SZ,胜利精密,元器件,20260115,4.13,59.75522031278916,59.75522031278916,0.0,1.56,10.9643,19878.32,1.6666666666666732,momentum,BULL_TREND,32.07730145437618,100.0,100.0,80.0,81.88368589627592,20.0,0.0,35.6688791537755,0.0,1,1,E_ablate_accel_vr1.2,True
000021,000021.SZ,深科技,元器件,20260115,28.1,59.705257731744354,59.705257731744354,0.0,1.5,9.9563,62197.13,1.160745691171292,momentum,BULL_TREND,29.24812503605781,100.0,100.0,65.0,81.88368589627592,33.33333333333333,0.0,40.246351304138315,0.0,2,2,E_ablate_accel_vr1.2,True
000758,000758.SZ,中色股份,铅锌,20260115,7.12,57.40618195923611,57.40618195923611,0.0,1.55,6.3449,13207.09,2.1978021978021998,momentum,BULL_TREND,31.613410774975648,100.0,100.0,65.0,74.14197222584252,0.0,0.0,45.85775897821254,0.0,3,3,E_ablate_accel_vr1.2,True
601868,601868.SH,中国能建,建筑工程,20260116,2.49,79.87415752772301,71.289116057089,8.585041470634016,4.06,4.5724,85256.15,4.961832061068698,sideways,BULL_TREND,100.0,49.61832061068698,100.0,80.0,85.85041470634016,0.0,0.0,85.7960276398904,0.0,1,1,A_recovered_proxy_vr1.5,True
000582,000582.SZ,北部湾港,港口,20260116,9.65,55.557800920520336,55.557800920520336,0.0,1.64,3.0805,12829.65,12.827461607949411,sideways,BULL_TREND,35.68479074216794,100.0,100.0,80.0,36.15984811625796,53.333333333333336,0.0,33.470858942816875,0.0,2,2,A_recovered_proxy_vr1.5,True
002535,002535.SZ,林州重机,工程机械,20260116,4.07,50.48925997413728,50.48925997413728,0.0,2.86,7.0644,4261.84,3.3254156769596124,sideways,BULL_TREND,75.80075735018323,33.25415676959612,42.6184,100.0,55.075996150011875,20.0,0.0,72.67976204403372,0.0,3,3,A_recovered_proxy_vr1.5,True
601868,601868.SH,中国能建,建筑工程,20260116,2.49,71.289116057089,71.289116057089,0.0,4.06,4.5724,85256.15,4.961832061068698,sideways,BULL_TREND,100.0,49.61832061068698,100.0,80.0,85.85041470634016,0.0,0.0,85.7960276398904,0.0,1,1,B_pure_quant_vr1.5,True
000582,000582.SZ,北部湾港,港口,20260116,9.65,55.557800920520336,55.557800920520336,0.0,1.64,3.0805,12829.65,12.827461607949411,sideways,BULL_TREND,35.68479074216794,100.0,100.0,80.0,36.15984811625796,53.333333333333336,0.0,33.470858942816875,0.0,2,2,B_pure_quant_vr1.5,True
002535,002535.SZ,林州重机,工程机械,20260116,4.07,50.48925997413728,50.48925997413728,0.0,2.86,7.0644,4261.84,3.3254156769596124,sideways,BULL_TREND,75.80075735018323,33.25415676959612,42.6184,100.0,55.075996150011875,20.0,0.0,72.67976204403372,0.0,3,3,B_pure_quant_vr1.5,True
601868,601868.SH,中国能建,建筑工程,20260116,2.49,77.82187944282255,70.05774920614873,7.764130236673828,4.06,4.5724,85256.15,4.961832061068698,sideways,BULL_TREND,100.0,49.61832061068698,100.0,80.0,77.64130236673827,0.0,0.0,85.7960276398904,0.0,1,1,A_recovered_proxy_vr1.2,True
600418,600418.SH,江淮汽车,汽车整车,20260116,49.27,63.32479398662628,55.90340597657817,7.421388010048114,1.44,3.5326,108234.85,6.508538899430739,sideways,BULL_TREND,26.303440583379377,75.14231499051232,100.0,80.0,74.21388010048113,20.0,0.0,57.1104811270819,0.0,2,2,A_recovered_proxy_vr1.2,True
000582,000582.SZ,北部湾港,港口,20260116,9.65,55.37250043816022,55.37250043816022,0.0,1.64,3.0805,12829.65,12.827461607949411,sideways,BULL_TREND,35.68479074216794,100.0,100.0,80.0,34.92451156719055,53.333333333333336,0.0,33.470858942816875,0.0,3,3,A_recovered_proxy_vr1.2,True
601868,601868.SH,中国能建,建筑工程,20260116,2.49,70.05774920614873,70.05774920614873,0.0,4.06,4.5724,85256.15,4.961832061068698,sideways,BULL_TREND,100.0,49.61832061068698,100.0,80.0,77.64130236673827,0.0,0.0,85.7960276398904,0.0,1,1,D_pure_quant_vr1.2,True
600418,600418.SH,江淮汽车,汽车整车,20260116,49.27,55.90340597657817,55.90340597657817,0.0,1.44,3.5326,108234.85,6.508538899430739,sideways,BULL_TREND,26.303440583379377,75.14231499051232,100.0,80.0,74.21388010048113,20.0,0.0,57.1104811270819,0.0,2,2,D_pure_quant_vr1.2,True
000582,000582.SZ,北部湾港,港口,20260116,9.65,55.37250043816022,55.37250043816022,0.0,1.64,3.0805,12829.65,12.827461607949411,sideways,BULL_TREND,35.68479074216794,100.0,100.0,80.0,34.92451156719055,53.333333333333336,0.0,33.470858942816875,0.0,3,3,D_pure_quant_vr1.2,True
601868,601868.SH,中国能建,建筑工程,20260116,2.49,58.41155385113798,58.41155385113798,0.0,4.06,4.5724,85256.15,4.961832061068698,sideways,BULL_TREND,100.0,49.61832061068698,100.0,80.0,77.64130236673827,0.0,0.0,85.7960276398904,0.0,1,1,E_ablate_sector_vr1.2,True
000582,000582.SZ,北部湾港,港口,20260116,9.65,50.13382370308164,50.13382370308164,0.0,1.64,3.0805,12829.65,12.827461607949411,sideways,BULL_TREND,35.68479074216794,100.0,100.0,80.0,34.92451156719055,53.333333333333336,0.0,33.470858942816875,0.0,2,2,E_ablate_sector_vr1.2,True
601868,601868.SH,中国能建,建筑工程,20260116,2.49,58.05774920614872,58.05774920614872,0.0,4.06,4.5724,85256.15,4.961832061068698,sideways,BULL_TREND,100.0,49.61832061068698,100.0,80.0,77.64130236673827,0.0,0.0,85.7960276398904,0.0,1,1,E_ablate_inflow_vr1.2,True
002535,002535.SZ,林州重机,工程机械,20260116,4.07,45.19845507478022,45.19845507478022,0.0,2.86,7.0644,4261.84,3.3254156769596124,sideways,BULL_TREND,75.80075735018323,33.25415676959612,42.6184,100.0,53.89868348763144,20.0,0.0,72.67976204403372,0.0,2,2,E_ablate_inflow_vr1.2,True
600218,600218.SH,全柴动力,汽车配件,20260116,11.16,45.04232054834216,45.04232054834216,0.0,1.66,7.5474,2997.07,6.922435362802336,sideways,BULL_TREND,36.559162078609994,82.04058938003894,29.9707,65.0,56.126177446690164,33.33333333333333,0.0,60.53984953141005,0.0,3,3,E_ablate_inflow_vr1.2,True
601868,601868.SH,中国能建,建筑工程,20260116,2.49,59.76222588936188,59.76222588936188,0.0,4.06,4.5724,85256.15,4.961832061068698,sideways,BULL_TREND,100.0,49.61832061068698,100.0,80.0,77.64130236673827,0.0,0.0,85.7960276398904,0.0,1,1,E_ablate_wyckoff_vr1.2,True
000582,000582.SZ,北部湾港,港口,20260116,9.65,51.3559973650222,51.3559973650222,0.0,1.64,3.0805,12829.65,12.827461607949411,sideways,BULL_TREND,35.68479074216794,100.0,100.0,80.0,34.92451156719055,53.333333333333336,0.0,33.470858942816875,0.0,2,2,E_ablate_wyckoff_vr1.2,True
600418,600418.SH,江淮汽车,汽车整车,20260116,49.27,49.050148241328344,49.050148241328344,0.0,1.44,3.5326,108234.85,6.508538899430739,sideways,BULL_TREND,26.303440583379377,75.14231499051232,100.0,80.0,74.21388010048113,20.0,0.0,57.1104811270819,0.0,3,3,E_ablate_wyckoff_vr1.2,True
601868,601868.SH,中国能建,建筑工程,20260116,2.49,70.05774920614873,70.05774920614873,0.0,4.06,4.5724,85256.15,4.961832061068698,sideways,BULL_TREND,100.0,49.61832061068698,100.0,80.0,77.64130236673827,0.0,0.0,85.7960276398904,0.0,1,1,E_ablate_accel_vr1.2,True
600418,600418.SH,江淮汽车,汽车整车,20260116,49.27,55.90340597657817,55.90340597657817,0.0,1.44,3.5326,108234.85,6.508538899430739,sideways,BULL_TREND,26.303440583379377,75.14231499051232,100.0,80.0,74.21388010048113,20.0,0.0,57.1104811270819,0.0,2,2,E_ablate_accel_vr1.2,True
000582,000582.SZ,北部湾港,港口,20260116,9.65,55.37250043816022,55.37250043816022,0.0,1.64,3.0805,12829.65,12.827461607949411,sideways,BULL_TREND,35.68479074216794,100.0,100.0,80.0,34.92451156719055,53.333333333333336,0.0,33.470858942816875,0.0,3,3,E_ablate_accel_vr1.2,True
000716,000716.SZ,黑芝麻,食品,20260119,6.63,52.569872444865794,52.569872444865794,0.0,1.64,9.6131,7162.79,3.6337209302325584,weak_momentum,BULL_TREND,35.68479074216794,100.0,71.6279,60.0,48.808782172761745,0.0,0.0,80.01876338417564,0.0,1,1,A_recovered_proxy_vr1.5,True
003006,003006.SZ,百亚股份,造纸,20260119,21.61,45.70092522167844,45.70092522167844,0.0,1.64,3.0434,3179.54,3.8701067615658404,weak_momentum,BULL_TREND,35.68479074216794,100.0,31.7954,80.0,49.28239116839861,10.0,0.0,71.55117290062304,0.0,2,2,A_recovered_proxy_vr1.5,True
000716,000716.SZ,黑芝麻,食品,20260119,6.63,52.569872444865794,52.569872444865794,0.0,1.64,9.6131,7162.79,3.6337209302325584,weak_momentum,BULL_TREND,35.68479074216794,100.0,71.6279,60.0,48.808782172761745,0.0,0.0,80.01876338417564,0.0,1,1,B_pure_quant_vr1.5,True
003006,003006.SZ,百亚股份,造纸,20260119,21.61,45.70092522167844,45.70092522167844,0.0,1.64,3.0434,3179.54,3.8701067615658404,weak_momentum,BULL_TREND,35.68479074216794,100.0,31.7954,80.0,49.28239116839861,10.0,0.0,71.55117290062304,0.0,2,2,B_pure_quant_vr1.5,True
000716,000716.SZ,黑芝麻,食品,20260119,6.63,52.689366183588795,52.689366183588795,0.0,1.64,9.6131,7162.79,3.6337209302325584,weak_momentum,BULL_TREND,35.68479074216794,100.0,71.6279,60.0,49.605407097581725,0.0,0.0,80.01876338417564,0.0,1,1,A_recovered_proxy_vr1.2,True
003006,003006.SZ,百亚股份,造纸,20260119,21.61,45.8825521705134,45.8825521705134,0.0,1.64,3.0434,3179.54,3.8701067615658404,weak_momentum,BULL_TREND,35.68479074216794,100.0,31.7954,80.0,50.49323749396504,10.0,0.0,71.55117290062304,0.0,2,2,A_recovered_proxy_vr1.2,True
000716,000716.SZ,黑芝麻,食品,20260119,6.63,52.689366183588795,52.689366183588795,0.0,1.64,9.6131,7162.79,3.6337209302325584,weak_momentum,BULL_TREND,35.68479074216794,100.0,71.6279,60.0,49.605407097581725,0.0,0.0,80.01876338417564,0.0,1,1,D_pure_quant_vr1.2,True
003006,003006.SZ,百亚股份,造纸,20260119,21.61,45.8825521705134,45.8825521705134,0.0,1.64,3.0434,3179.54,3.8701067615658404,weak_momentum,BULL_TREND,35.68479074216794,100.0,31.7954,80.0,50.49323749396504,10.0,0.0,71.55117290062304,0.0,2,2,D_pure_quant_vr1.2,True
000716,000716.SZ,黑芝麻,食品,20260119,6.63,45.248555118951536,45.248555118951536,0.0,1.64,9.6131,7162.79,3.6337209302325584,weak_momentum,BULL_TREND,35.68479074216794,100.0,71.6279,60.0,49.605407097581725,0.0,0.0,80.01876338417564,0.0,1,1,E_ablate_sector_vr1.2,True
000716,000716.SZ,黑芝麻,食品,20260119,6.63,52.689366183588795,52.689366183588795,0.0,1.64,9.6131,7162.79,3.6337209302325584,weak_momentum,BULL_TREND,35.68479074216794,100.0,71.6279,60.0,49.605407097581725,0.0,0.0,80.01876338417564,0.0,1,1,E_ablate_accel_vr1.2,True
003006,003006.SZ,百亚股份,造纸,20260119,21.61,45.8825521705134,45.8825521705134,0.0,1.64,3.0434,3179.54,3.8701067615658404,weak_momentum,BULL_TREND,35.68479074216794,100.0,31.7954,80.0,50.49323749396504,10.0,0.0,71.55117290062304,0.0,2,2,E_ablate_accel_vr1.2,True
002245,002245.SZ,蔚蓝锂芯,电气设备,20260120,18.38,67.79410837827965,60.58452338739073,7.209584990888914,1.64,7.1444,15038.16,3.161222339304538,weak_momentum,BULL_TREND,35.68479074216794,100.0,100.0,80.0,72.09584990888914,53.333333333333336,0.0,51.671737487103364,0.0,1,1,A_recovered_proxy_vr1.5,True
600605,600605.SH,汇通能源,房产服务,20260120,30.08,55.24137544236573,55.24137544236573,0.0,2.38,3.8812,6150.72,6.873065015479874,weak_momentum,BULL_TREND,62.548078676660936,100.0,61.507200000000005,80.0,53.53192648572764,0.0,0.0,71.72052445338296,0.0,2,2,A_recovered_proxy_vr1.5,True
002397,002397.SZ,梦洁股份,纺织,20260120,4.25,54.64440551485483,54.64440551485483,0.0,1.77,7.492,5814.3,3.6281179138322024,weak_momentum,BULL_TREND,41.187468015413636,100.0,58.143,100.0,52.80782030155194,66.66666666666666,0.0,64.97359289317775,0.0,3,3,A_recovered_proxy_vr1.5,True
002245,002245.SZ,蔚蓝锂芯,电气设备,20260120,18.38,60.58452338739073,60.58452338739073,0.0,1.64,7.1444,15038.16,3.161222339304538,weak_momentum,BULL_TREND,35.68479074216794,100.0,100.0,80.0,72.09584990888914,53.333333333333336,0.0,51.671737487103364,0.0,1,1,B_pure_quant_vr1.5,True
600605,600605.SH,汇通能源,房产服务,20260120,30.08,55.24137544236573,55.24137544236573,0.0,2.38,3.8812,6150.72,6.873065015479874,weak_momentum,BULL_TREND,62.548078676660936,100.0,61.507200000000005,80.0,53.53192648572764,0.0,0.0,71.72052445338296,0.0,2,2,B_pure_quant_vr1.5,True
002397,002397.SZ,梦洁股份,纺织,20260120,4.25,54.64440551485483,54.64440551485483,0.0,1.77,7.492,5814.3,3.6281179138322024,weak_momentum,BULL_TREND,41.187468015413636,100.0,58.143,100.0,52.80782030155194,66.66666666666666,0.0,64.97359289317775,0.0,3,3,B_pure_quant_vr1.5,True
002245,002245.SZ,蔚蓝锂芯,电气设备,20260120,18.38,68.10745907598174,60.772533806011985,7.334925269969748,1.64,7.1444,15038.16,3.161222339304538,weak_momentum,BULL_TREND,35.68479074216794,100.0,100.0,80.0,73.34925269969747,53.333333333333336,0.0,51.671737487103364,0.0,1,1,A_recovered_proxy_vr1.2,True
600605,600605.SH,汇通能源,房产服务,20260120,30.08,55.213962853643345,55.213962853643345,0.0,2.38,3.8812,6150.72,6.873065015479874,weak_momentum,BULL_TREND,62.548078676660936,100.0,61.507200000000005,80.0,53.34917589424508,0.0,0.0,71.72052445338296,0.0,2,2,A_recovered_proxy_vr1.2,True
002397,002397.SZ,梦洁股份,纺织,20260120,4.25,54.618492286060714,54.618492286060714,0.0,1.77,7.492,5814.3,3.6281179138322024,weak_momentum,BULL_TREND,41.187468015413636,100.0,58.143,100.0,52.6350654429245,66.66666666666666,0.0,64.97359289317775,0.0,3,3,A_recovered_proxy_vr1.2,True
002245,002245.SZ,蔚蓝锂芯,电气设备,20260120,18.38,60.772533806011985,60.772533806011985,0.0,1.64,7.1444,15038.16,3.161222339304538,weak_momentum,BULL_TREND,35.68479074216794,100.0,100.0,80.0,73.34925269969747,53.333333333333336,0.0,51.671737487103364,0.0,1,1,D_pure_quant_vr1.2,True
600605,600605.SH,汇通能源,房产服务,20260120,30.08,55.213962853643345,55.213962853643345,0.0,2.38,3.8812,6150.72,6.873065015479874,weak_momentum,BULL_TREND,62.548078676660936,100.0,61.507200000000005,80.0,53.34917589424508,0.0,0.0,71.72052445338296,0.0,2,2,D_pure_quant_vr1.2,True
002397,002397.SZ,梦洁股份,纺织,20260120,4.25,54.618492286060714,54.618492286060714,0.0,1.77,7.492,5814.3,3.6281179138322024,weak_momentum,BULL_TREND,41.187468015413636,100.0,58.143,100.0,52.6350654429245,66.66666666666666,0.0,64.97359289317775,0.0,3,3,D_pure_quant_vr1.2,True
601128,601128.SH,常熟银行,银行,20260120,7.25,54.717907158788265,54.717907158788265,0.0,2.24,3.1877,26642.0,0.0,weak_momentum,BULL_TREND,58.17493661414398,0.0,100.0,80.0,38.55989246734369,53.333333333333336,0.0,75.5,100.0,1,1,E_ablate_sector_vr1.2,True
002245,002245.SZ,蔚蓝锂芯,电气设备,20260120,18.38,49.77014590105736,49.77014590105736,0.0,1.64,7.1444,15038.16,3.161222339304538,weak_momentum,BULL_TREND,35.68479074216794,100.0,100.0,80.0,73.34925269969747,53.333333333333336,0.0,51.671737487103364,0.0,2,2,E_ablate_sector_vr1.2,True
600605,600605.SH,汇通能源,房产服务,20260120,30.08,47.211586469506585,47.211586469506585,0.0,2.38,3.8812,6150.72,6.873065015479874,weak_momentum,BULL_TREND,62.548078676660936,100.0,61.507200000000005,80.0,53.34917589424508,0.0,0.0,71.72052445338296,0.0,3,3,E_ablate_sector_vr1.2,True
002245,002245.SZ,蔚蓝锂芯,电气设备,20260120,18.38,53.021773182946475,53.021773182946475,0.0,1.64,7.1444,15038.16,3.161222339304538,weak_momentum,BULL_TREND,35.68479074216794,100.0,100.0,80.0,73.34925269969747,53.333333333333336,0.0,51.671737487103364,0.0,1,1,E_ablate_wyckoff_vr1.2,True
600157,600157.SH,永泰能源,火力发电,20260120,1.66,45.12371608632555,45.12371608632555,0.0,1.25,4.197,49678.22,5.142857142857148,weak_momentum,BULL_TREND,16.09640474436812,100.0,100.0,65.0,56.39503583113555,20.0,0.0,41.823694300411006,0.0,2,2,E_ablate_wyckoff_vr1.2,True
002245,002245.SZ,蔚蓝锂芯,电气设备,20260120,18.38,60.772533806011985,60.772533806011985,0.0,1.64,7.1444,15038.16,3.161222339304538,weak_momentum,BULL_TREND,35.68479074216794,100.0,100.0,80.0,73.34925269969747,53.333333333333336,0.0,51.671737487103364,0.0,1,1,E_ablate_accel_vr1.2,True
600605,600605.SH,汇通能源,房产服务,20260120,30.08,55.213962853643345,55.213962853643345,0.0,2.38,3.8812,6150.72,6.873065015479874,weak_momentum,BULL_TREND,62.548078676660936,100.0,61.507200000000005,80.0,53.34917589424508,0.0,0.0,71.72052445338296,0.0,2,2,E_ablate_accel_vr1.2,True
002397,002397.SZ,梦洁股份,纺织,20260120,4.25,54.618492286060714,54.618492286060714,0.0,1.77,7.492,5814.3,3.6281179138322024,weak_momentum,BULL_TREND,41.187468015413636,100.0,58.143,100.0,52.6350654429245,66.66666666666666,0.0,64.97359289317775,0.0,3,3,E_ablate_accel_vr1.2,True
603077,603077.SH,和邦生物,化工原料,20260121,2.43,58.72972101548694,58.72972101548694,0.0,1.8,6.137,27071.31,3.1872509960159214,weak_momentum,BULL_TREND,42.39984532774751,100.0,100.0,40.0,60.929856235772874,20.0,0.0,68.2017718730592,0.0,1,1,A_recovered_proxy_vr1.5,True
603002,603002.SH,宏昌电子,化工原料,20260121,8.54,57.22947432519676,57.22947432519676,0.0,1.54,8.5583,13626.26,4.260089686098664,weak_momentum,BULL_TREND,31.146517546008834,100.0,100.0,65.0,60.929856235772874,10.0,0.0,64.45345505286336,0.0,2,2,A_recovered_proxy_vr1.5,True
002962,002962.SZ,五方光电,元器件,20260121,15.54,56.11654943054844,56.11654943054844,0.0,3.71,7.3666,4356.33,2.1410579345088263,weak_momentum,BULL_TREND,94.57095934230392,74.23173803526478,43.5633,65.0,56.266908655362755,43.333333333333336,0.0,75.5,0.0,3,3,A_recovered_proxy_vr1.5,True
603077,603077.SH,和邦生物,化工原料,20260121,2.43,58.72972101548694,58.72972101548694,0.0,1.8,6.137,27071.31,3.1872509960159214,weak_momentum,BULL_TREND,42.39984532774751,100.0,100.0,40.0,60.929856235772874,20.0,0.0,68.2017718730592,0.0,1,1,B_pure_quant_vr1.5,True
603002,603002.SH,宏昌电子,化工原料,20260121,8.54,57.22947432519676,57.22947432519676,0.0,1.54,8.5583,13626.26,4.260089686098664,weak_momentum,BULL_TREND,31.146517546008834,100.0,100.0,65.0,60.929856235772874,10.0,0.0,64.45345505286336,0.0,2,2,B_pure_quant_vr1.5,True
002962,002962.SZ,五方光电,元器件,20260121,15.54,56.11654943054844,56.11654943054844,0.0,3.71,7.3666,4356.33,2.1410579345088263,weak_momentum,BULL_TREND,94.57095934230392,74.23173803526478,43.5633,65.0,56.266908655362755,43.333333333333336,0.0,75.5,0.0,3,3,B_pure_quant_vr1.5,True
002962,002962.SZ,五方光电,元器件,20260121,15.54,63.685885113921685,57.28213632125062,6.403748792671063,3.71,7.3666,4356.33,2.1410579345088263,weak_momentum,BULL_TREND,94.57095934230392,74.23173803526478,43.5633,65.0,64.03748792671063,43.333333333333336,0.0,75.5,0.0,1,1,A_recovered_proxy_vr1.2,True
603077,603077.SH,和邦生物,化工原料,20260121,2.43,58.246193610314826,58.246193610314826,0.0,1.8,6.137,27071.31,3.1872509960159214,weak_momentum,BULL_TREND,42.39984532774751,100.0,100.0,65.0,49.37300686795882,20.0,0.0,68.2017718730592,0.0,2,2,A_recovered_proxy_vr1.2,True
603936,603936.SH,博敏电子,元器件,20260121,12.75,57.84655663952327,51.442807846852205,6.403748792671063,1.27,7.1331,15758.7,4.921700223713647,weak_momentum,BULL_TREND,17.241424849872057,100.0,100.0,65.0,64.03748792671063,33.33333333333333,0.0,28.895361757987597,0.0,3,3,A_recovered_proxy_vr1.2,True
603077,603077.SH,和邦生物,化工原料,20260121,2.43,58.246193610314826,58.246193610314826,0.0,1.8,6.137,27071.31,3.1872509960159214,weak_momentum,BULL_TREND,42.39984532774751,100.0,100.0,65.0,49.37300686795882,20.0,0.0,68.2017718730592,0.0,1,1,D_pure_quant_vr1.2,True
002962,002962.SZ,五方光电,元器件,20260121,15.54,57.28213632125062,57.28213632125062,0.0,3.71,7.3666,4356.33,2.1410579345088263,weak_momentum,BULL_TREND,94.57095934230392,74.23173803526478,43.5633,65.0,64.03748792671063,43.333333333333336,0.0,75.5,0.0,2,2,D_pure_quant_vr1.2,True
603002,603002.SH,宏昌电子,化工原料,20260121,8.54,55.49594692002465,55.49594692002465,0.0,1.54,8.5583,13626.26,4.260089686098664,weak_momentum,BULL_TREND,31.146517546008834,100.0,100.0,65.0,49.37300686795882,10.0,0.0,64.45345505286336,0.0,3,3,D_pure_quant_vr1.2,True
603077,603077.SH,和邦生物,化工原料,20260121,2.43,50.84024258012101,50.84024258012101,0.0,1.8,6.137,27071.31,3.1872509960159214,weak_momentum,BULL_TREND,42.39984532774751,100.0,100.0,65.0,49.37300686795882,20.0,0.0,68.2017718730592,0.0,1,1,E_ablate_sector_vr1.2,True
603002,603002.SH,宏昌电子,化工原料,20260121,8.54,48.08999588983083,48.08999588983083,0.0,1.54,8.5583,13626.26,4.260089686098664,weak_momentum,BULL_TREND,31.146517546008834,100.0,100.0,65.0,49.37300686795882,10.0,0.0,64.45345505286336,0.0,2,2,E_ablate_sector_vr1.2,True
002962,002962.SZ,五方光电,元器件,20260121,15.54,47.676513132244025,47.676513132244025,0.0,3.71,7.3666,4356.33,2.1410579345088263,weak_momentum,BULL_TREND,94.57095934230392,74.23173803526478,43.5633,65.0,64.03748792671063,43.333333333333336,0.0,75.5,0.0,3,3,E_ablate_sector_vr1.2,True
002962,002962.SZ,五方光电,元器件,20260121,15.54,49.44236929451093,49.44236929451093,0.0,3.71,7.3666,4356.33,2.1410579345088263,weak_momentum,BULL_TREND,94.57095934230392,74.23173803526478,43.5633,65.0,64.04833441511269,43.333333333333336,0.0,75.5,0.0,1,1,E_ablate_inflow_vr1.2,True
000017,000017.SZ,深中华A,服饰,20260121,8.02,45.7891349118286,45.7891349118286,0.0,2.93,9.4513,2917.37,5.647058823529417,weak_momentum,BULL_TREND,77.54503323237616,100.0,29.1737,60.0,30.53099814902795,43.333333333333336,0.0,82.74042358634209,0.0,2,2,E_ablate_inflow_vr1.2,True
603077,603077.SH,和邦生物,化工原料,20260121,2.43,48.015927829355945,48.015927829355945,0.0,1.8,6.137,27071.31,3.1872509960159214,weak_momentum,BULL_TREND,42.39984532774751,100.0,100.0,65.0,49.37300686795882,20.0,0.0,68.2017718730592,0.0,1,1,E_ablate_wyckoff_vr1.2,True
600459,600459.SH,贵研铂业,小金属,20260121,21.88,47.5072801649308,47.5072801649308,0.0,1.37,9.2827,21263.86,3.992979376919702,weak_momentum,BULL_TREND,22.708794659290106,100.0,100.0,80.0,60.67307310691521,20.0,0.0,23.32338447474943,0.0,2,2,E_ablate_wyckoff_vr1.2,True
603936,603936.SH,博敏电子,元器件,20260121,12.75,47.10850358315407,47.10850358315407,0.0,1.27,7.1331,15758.7,4.921700223713647,weak_momentum,BULL_TREND,17.241424849872057,100.0,100.0,65.0,64.03748792671063,33.33333333333333,0.0,28.895361757987597,0.0,3,3,E_ablate_wyckoff_vr1.2,True
603077,603077.SH,和邦生物,化工原料,20260121,2.43,58.246193610314826,58.246193610314826,0.0,1.8,6.137,27071.31,3.1872509960159214,weak_momentum,BULL_TREND,42.39984532774751,100.0,100.0,65.0,49.37300686795882,20.0,0.0,68.2017718730592,0.0,1,1,E_ablate_accel_vr1.2,True
002962,002962.SZ,五方光电,元器件,20260121,15.54,57.28213632125062,57.28213632125062,0.0,3.71,7.3666,4356.33,2.1410579345088263,weak_momentum,BULL_TREND,94.57095934230392,74.23173803526478,43.5633,65.0,64.03748792671063,43.333333333333336,0.0,75.5,0.0,2,2,E_ablate_accel_vr1.2,True
603002,603002.SH,宏昌电子,化工原料,20260121,8.54,55.49594692002465,55.49594692002465,0.0,1.54,8.5583,13626.26,4.260089686098664,weak_momentum,BULL_TREND,31.146517546008834,100.0,100.0,65.0,49.37300686795882,10.0,0.0,64.45345505286336,0.0,3,3,E_ablate_accel_vr1.2,True
002791,002791.SZ,坚朗五金,其他建材,20260122,23.1,66.04407686626472,56.21045319095001,9.83362367531471,2.32,7.7767,6976.3,0.08650519031141683,weak_momentum,BULL_TREND,60.706240267642364,1.1534025374855577,69.763,100.0,98.33623675314709,66.66666666666666,0.0,75.5,0.0,1,1,A_recovered_proxy_vr1.5,True
002052,002052.SZ,同洲电子,家用电器,20260122,13.07,60.43406797591803,60.43406797591803,0.0,1.91,4.9251,10160.5,6.576125804145818,weak_momentum,BULL_TREND,46.67863191305119,100.0,100.0,80.0,40.16784277923801,66.66666666666666,0.0,42.07591467411703,37.62376237623766,2,2,A_recovered_proxy_vr1.5,True
002366,002366.SZ,融发核电,专用机械,20260122,8.35,60.35415048623909,52.921782710484166,7.43236777575493,1.52,7.1963,24119.05,12.656903765690386,weak_momentum,BULL_TREND,30.203566183443044,94.52580195258012,100.0,100.0,74.32367775754929,43.333333333333336,0.0,4.886221455726897,0.0,3,3,A_recovered_proxy_vr1.5,True
002052,002052.SZ,同洲电子,家用电器,20260122,13.07,60.43406797591803,60.43406797591803,0.0,1.91,4.9251,10160.5,6.576125804145818,weak_momentum,BULL_TREND,46.67863191305119,100.0,100.0,80.0,40.16784277923801,66.66666666666666,0.0,42.07591467411703,37.62376237623766,1,1,B_pure_quant_vr1.5,True
603712,603712.SH,七一二,通信设备,20260122,22.2,57.22204402249311,57.22204402249311,0.0,1.76,9.109,18008.27,9.313725490196083,weak_momentum,BULL_TREND,40.77877144312863,100.0,100.0,60.0,71.13725901969966,30.0,0.0,39.56426302045911,0.0,2,2,B_pure_quant_vr1.5,True
002791,002791.SZ,坚朗五金,其他建材,20260122,23.1,56.21045319095001,56.21045319095001,0.0,2.32,7.7767,6976.3,0.08650519031141683,weak_momentum,BULL_TREND,60.706240267642364,1.1534025374855577,69.763,100.0,98.33623675314709,66.66666666666666,0.0,75.5,0.0,3,3,B_pure_quant_vr1.5,True
600862,600862.SH,中航高科,航空,20260122,26.39,65.17101370816358,57.04901231539842,8.122001392765167,1.42,4.8237,42868.07,7.403508771929824,weak_momentum,BULL_TREND,25.294546486497865,100.0,100.0,80.0,81.22001392765166,66.66666666666666,0.0,24.923299466284405,0.0,1,1,A_recovered_proxy_vr1.2,True
002366,002366.SZ,融发核电,专用机械,20260122,8.35,61.25100748384144,52.75989690904557,8.491110574795867,1.52,7.1963,24119.05,12.656903765690386,weak_momentum,BULL_TREND,30.203566183443044,94.52580195258012,100.0,65.0,84.91110574795866,43.333333333333336,0.0,4.886221455726897,0.0,2,2,A_recovered_proxy_vr1.2,True
002204,002204.SZ,大连重工,专用机械,20260122,7.74,60.69208529908026,52.20097472428439,8.491110574795867,1.39,3.3117,7177.21,5.3789731051344685,weak_momentum,BULL_TREND,23.75424414743913,100.0,71.7721,40.0,84.91110574795866,53.333333333333336,0.0,42.10351715538708,0.0,3,3,A_recovered_proxy_vr1.2,True
002052,002052.SZ,同洲电子,家用电器,20260122,13.07,59.621552607762624,59.621552607762624,0.0,1.91,4.9251,10160.5,6.576125804145818,weak_momentum,BULL_TREND,46.67863191305119,100.0,100.0,80.0,34.75107365820197,66.66666666666666,0.0,42.07591467411703,37.62376237623766,1,1,D_pure_quant_vr1.2,True
600862,600862.SH,中航高科,航空,20260122,26.39,57.04901231539842,57.04901231539842,0.0,1.42,4.8237,42868.07,7.403508771929824,weak_momentum,BULL_TREND,25.294546486497865,100.0,100.0,80.0,81.22001392765166,66.66666666666666,0.0,24.923299466284405,0.0,2,2,D_pure_quant_vr1.2,True
603712,603712.SH,七一二,通信设备,20260122,22.2,56.23455440994425,56.23455440994425,0.0,1.76,9.109,18008.27,9.313725490196083,weak_momentum,BULL_TREND,40.77877144312863,100.0,100.0,80.0,57.88732826937395,30.0,0.0,39.56426302045911,0.0,3,3,D_pure_quant_vr1.2,True
002052,002052.SZ,同洲电子,家用电器,20260122,13.07,54.408891559032334,54.408891559032334,0.0,1.91,4.9251,10160.5,6.576125804145818,weak_momentum,BULL_TREND,46.67863191305119,100.0,100.0,80.0,34.75107365820197,66.66666666666666,0.0,42.07591467411703,37.62376237623766,1,1,E_ablate_sector_vr1.2,True
002154,002154.SZ,报喜鸟,服饰,20260122,4.05,49.539507601608314,49.539507601608314,0.0,3.24,5.1141,8481.74,0.24630541871920658,weak_momentum,BULL_TREND,84.79969065549501,3.284072249589421,84.81739999999999,100.0,37.53642214555509,96.66666666666667,0.0,75.5,0.0,2,2,E_ablate_sector_vr1.2,True
603712,603712.SH,七一二,通信设备,20260122,22.2,47.55145516953816,47.55145516953816,0.0,1.76,9.109,18008.27,9.313725490196083,weak_momentum,BULL_TREND,40.77877144312863,100.0,100.0,80.0,57.88732826937395,30.0,0.0,39.56426302045911,0.0,3,3,E_ablate_sector_vr1.2,True
301032,301032.SZ,新柴股份,工程机械,20260122,13.92,46.23165025780512,46.23165025780512,0.0,2.81,11.8861,2132.56,3.7344398340249025,weak_momentum,BULL_TREND,74.52850652231007,100.0,21.325599999999998,100.0,48.56044318214212,20.0,0.0,65.12205201424862,0.0,1,1,E_ablate_inflow_vr1.2,True
600862,600862.SH,中航高科,航空,20260122,26.39,53.31051739545576,53.31051739545576,0.0,1.42,4.8237,42868.07,7.403508771929824,weak_momentum,BULL_TREND,25.294546486497865,100.0,100.0,80.0,81.22001392765166,66.66666666666666,0.0,24.923299466284405,0.0,1,1,E_ablate_wyckoff_vr1.2,True
002052,002052.SZ,同洲电子,家用电器,20260122,13.07,53.31016540664507,53.31016540664507,0.0,1.91,4.9251,10160.5,6.576125804145818,weak_momentum,BULL_TREND,46.67863191305119,100.0,100.0,80.0,34.75107365820197,66.66666666666666,0.0,42.07591467411703,37.62376237623766,2,2,E_ablate_wyckoff_vr1.2,True
002366,002366.SZ,融发核电,专用机械,20260122,8.35,52.026963690686536,52.026963690686536,0.0,1.52,7.1963,24119.05,12.656903765690386,weak_momentum,BULL_TREND,30.203566183443044,94.52580195258012,100.0,65.0,84.91110574795866,43.333333333333336,0.0,4.886221455726897,0.0,3,3,E_ablate_wyckoff_vr1.2,True
600862,600862.SH,中航高科,航空,20260122,26.39,57.04901231539842,57.04901231539842,0.0,1.42,4.8237,42868.07,7.403508771929824,weak_momentum,BULL_TREND,25.294546486497865,100.0,100.0,80.0,81.22001392765166,66.66666666666666,0.0,24.923299466284405,0.0,1,1,E_ablate_accel_vr1.2,True
603712,603712.SH,七一二,通信设备,20260122,22.2,56.23455440994425,56.23455440994425,0.0,1.76,9.109,18008.27,9.313725490196083,weak_momentum,BULL_TREND,40.77877144312863,100.0,100.0,80.0,57.88732826937395,30.0,0.0,39.56426302045911,0.0,2,2,E_ablate_accel_vr1.2,True
002052,002052.SZ,同洲电子,家用电器,20260122,13.07,55.85917637013886,55.85917637013886,0.0,1.91,4.9251,10160.5,6.576125804145818,weak_momentum,BULL_TREND,46.67863191305119,100.0,100.0,80.0,34.75107365820197,66.66666666666666,0.0,42.07591467411703,37.62376237623766,3,3,E_ablate_accel_vr1.2,True
000049,000049.SZ,德赛电池,电气设备,20260123,27.23,66.20662274104376,57.75308964480569,8.45353309623807,1.52,3.1969,11569.67,3.1650071123755357,weak_momentum,BULL_TREND,30.203566183443044,100.0,100.0,40.0,84.5353309623807,10.0,0.0,53.615033819547556,0.0,1,1,A_recovered_proxy_vr1.5,True
301587,301587.SZ,中瑞股份,电气设备,20260123,25.95,63.527436745134366,55.0739036488963,8.45353309623807,3.35,11.5791,4852.45,0.8027522935779849,weak_momentum,BULL_TREND,87.2080547785205,10.703363914373131,48.524499999999996,80.0,84.5353309623807,96.66666666666667,0.0,69.73499189802008,0.0,2,2,A_recovered_proxy_vr1.5,True
002920,002920.SZ,德赛西威,汽车配件,20260123,134.83,62.12882009564544,55.49116427511148,6.637655820533955,1.52,3.1514,40270.51,5.57462007143356,weak_momentum,BULL_TREND,30.203566183443044,100.0,100.0,65.0,66.37655820533955,66.66666666666666,0.0,29.472081889738373,0.0,3,3,A_recovered_proxy_vr1.5,True
600186,600186.SH,莲花控股,食品,20260123,6.35,61.436304747925185,61.436304747925185,0.0,2.28,6.9782,16868.62,3.495440729483289,weak_momentum,BULL_TREND,59.451691219500844,100.0,100.0,100.0,33.25629966428696,66.66666666666666,0.0,61.311818546824554,0.0,1,1,B_pure_quant_vr1.5,True
000049,000049.SZ,德赛电池,电气设备,20260123,27.23,57.75308964480569,57.75308964480569,0.0,1.52,3.1969,11569.67,3.1650071123755357,weak_momentum,BULL_TREND,30.203566183443044,100.0,100.0,40.0,84.5353309623807,10.0,0.0,53.615033819547556,0.0,2,2,B_pure_quant_vr1.5,True
601969,601969.SH,海南矿业,普钢,20260123,11.83,57.71392009672243,57.71392009672243,0.0,1.69,3.1333,12962.44,10.17463933181473,weak_momentum,BULL_TREND,37.851162325372975,100.0,100.0,80.0,40.643960237696,66.66666666666666,0.0,57.375455859525026,0.0,3,3,B_pure_quant_vr1.5,True
600699,600699.SH,均胜电子,汽车配件,20260123,31.25,67.47692195452798,58.918957822461785,8.557964132066202,1.41,5.2197,47260.33,6.966359035427219,weak_momentum,BULL_TREND,24.78475813120344,100.0,100.0,65.0,85.579641320662,63.33333333333333,0.0,39.65087492010203,0.0,1,1,A_recovered_proxy_vr1.2,True
000049,000049.SZ,德赛电池,电气设备,20260123,27.23,66.18567642756595,57.740521856719006,8.445154570846944,1.52,3.1969,11569.67,3.1650071123755357,weak_momentum,BULL_TREND,30.203566183443044,100.0,100.0,40.0,84.45154570846944,10.0,0.0,53.615033819547556,0.0,2,2,A_recovered_proxy_vr1.2,True
002920,002920.SZ,德赛西威,汽车配件,20260123,134.83,65.67959087447605,57.121626742409845,8.557964132066202,1.52,3.1514,40270.51,5.57462007143356,weak_momentum,BULL_TREND,30.203566183443044,100.0,100.0,40.0,85.579641320662,66.66666666666666,0.0,29.472081889738373,0.0,3,3,A_recovered_proxy_vr1.2,True
600186,600186.SH,莲花控股,食品,20260123,6.35,61.151517787621636,61.151517787621636,0.0,2.28,6.9782,16868.62,3.495440729483289,weak_momentum,BULL_TREND,59.451691219500844,100.0,100.0,100.0,31.35771992892998,66.66666666666666,0.0,61.311818546824554,0.0,1,1,D_pure_quant_vr1.2,True
600699,600699.SH,均胜电子,汽车配件,20260123,31.25,58.918957822461785,58.918957822461785,0.0,1.41,5.2197,47260.33,6.966359035427219,weak_momentum,BULL_TREND,24.78475813120344,100.0,100.0,65.0,85.579641320662,63.33333333333333,0.0,39.65087492010203,0.0,2,2,D_pure_quant_vr1.2,True
000049,000049.SZ,德赛电池,电气设备,20260123,27.23,57.740521856719006,57.740521856719006,0.0,1.52,3.1969,11569.67,3.1650071123755357,weak_momentum,BULL_TREND,30.203566183443044,100.0,100.0,40.0,84.45154570846944,10.0,0.0,53.615033819547556,0.0,3,3,D_pure_quant_vr1.2,True
600186,600186.SH,莲花控股,食品,20260123,6.35,56.44785979828214,56.44785979828214,0.0,2.28,6.9782,16868.62,3.495440729483289,weak_momentum,BULL_TREND,59.451691219500844,100.0,100.0,100.0,31.35771992892998,66.66666666666666,0.0,61.311818546824554,0.0,1,1,E_ablate_sector_vr1.2,True
601969,601969.SH,海南矿业,普钢,20260123,11.83,50.867326061068034,50.867326061068034,0.0,1.69,3.1333,12962.44,10.17463933181473,weak_momentum,BULL_TREND,37.851162325372975,100.0,100.0,65.0,39.14751543848328,66.66666666666666,0.0,57.375455859525026,0.0,2,2,E_ablate_sector_vr1.2,True
600611,600611.SH,大众交通,公共交通,20260123,6.08,49.977621664756334,49.977621664756334,0.0,2.06,5.213,17448.69,7.878787878787873,weak_momentum,BULL_TREND,52.132216870424685,100.0,100.0,100.0,44.6846675673116,66.66666666666666,0.0,25.496372005728684,0.0,3,3,E_ablate_sector_vr1.2,True
301587,301587.SZ,中瑞股份,电气设备,20260123,25.95,47.25020114130954,47.25020114130954,0.0,3.35,11.5791,4852.45,0.8027522935779849,weak_momentum,BULL_TREND,87.2080547785205,10.703363914373131,48.524499999999996,100.0,83.94004757846898,96.66666666666667,0.0,69.73499189802008,0.0,1,1,E_ablate_inflow_vr1.2,True
603381,603381.SH,永臻股份,电气设备,20260123,21.68,46.55737684644687,46.55737684644687,0.0,3.39,7.0091,1786.44,0.6416131989000942,weak_momentum,BULL_TREND,88.06426366808097,8.554842652001255,17.8644,80.0,83.94004757846898,66.66666666666666,0.0,82.645438052606,0.0,2,2,E_ablate_inflow_vr1.2,True
600699,600699.SH,均胜电子,汽车配件,20260123,31.25,52.97132658444648,52.97132658444648,0.0,1.41,5.2197,47260.33,6.966359035427219,weak_momentum,BULL_TREND,24.78475813120344,100.0,100.0,65.0,85.579641320662,63.33333333333333,0.0,39.65087492010203,0.0,1,1,E_ablate_wyckoff_vr1.2,True
600611,600611.SH,大众交通,公共交通,20260123,6.08,52.85586599899378,52.85586599899378,0.0,2.06,5.213,17448.69,7.878787878787873,weak_momentum,BULL_TREND,52.132216870424685,100.0,100.0,100.0,44.6846675673116,66.66666666666666,0.0,25.496372005728684,0.0,2,2,E_ablate_wyckoff_vr1.2,True
002920,002920.SZ,德赛西威,汽车配件,20260123,134.83,52.70081445894909,52.70081445894909,0.0,1.52,3.1514,40270.51,5.57462007143356,weak_momentum,BULL_TREND,30.203566183443044,100.0,100.0,40.0,85.579641320662,66.66666666666666,0.0,29.472081889738373,0.0,3,3,E_ablate_wyckoff_vr1.2,True
600186,600186.SH,莲花控股,食品,20260123,6.35,61.151517787621636,61.151517787621636,0.0,2.28,6.9782,16868.62,3.495440729483289,weak_momentum,BULL_TREND,59.451691219500844,100.0,100.0,100.0,31.35771992892998,66.66666666666666,0.0,61.311818546824554,0.0,1,1,E_ablate_accel_vr1.2,True
600699,600699.SH,均胜电子,汽车配件,20260123,31.25,58.918957822461785,58.918957822461785,0.0,1.41,5.2197,47260.33,6.966359035427219,weak_momentum,BULL_TREND,24.78475813120344,100.0,100.0,65.0,85.579641320662,63.33333333333333,0.0,39.65087492010203,0.0,2,2,E_ablate_accel_vr1.2,True
000049,000049.SZ,德赛电池,电气设备,20260123,27.23,57.740521856719006,57.740521856719006,0.0,1.52,3.1969,11569.67,3.1650071123755357,weak_momentum,BULL_TREND,30.203566183443044,100.0,100.0,40.0,84.45154570846944,10.0,0.0,53.615033819547556,0.0,3,3,E_ablate_accel_vr1.2,True
601108,601108.SH,财通证券,证券,20260126,9.46,79.49200997225948,72.2240706357311,7.267939336528392,3.76,4.6861,22212.63,4.444444444444439,weak_momentum,BULL_TREND,95.53663309514563,100.0,100.0,80.0,72.67939336528391,33.33333333333333,0.0,75.5,0.0,1,1,A_recovered_proxy_vr1.5,True
002385,002385.SZ,大北农,饲料,20260126,4.19,60.41927526626634,60.41927526626634,0.0,3.71,6.4857,29653.38,0.238095238095233,weak_momentum,BULL_TREND,94.57095934230392,3.1746031746031065,100.0,100.0,47.96230433756697,86.66666666666667,0.0,75.5,0.0,2,2,A_recovered_proxy_vr1.5,True
600056,600056.SH,中国医药,医药商业,20260126,11.18,60.17354290405577,60.17354290405577,0.0,4.41,4.0289,9063.1,0.4452359750667917,weak_momentum,BULL_TREND,100.0,5.936479667557223,90.631,80.0,52.150568959659395,100.0,0.0,75.5,0.0,3,3,A_recovered_proxy_vr1.5,True
601108,601108.SH,财通证券,证券,20260126,9.46,72.2240706357311,72.2240706357311,0.0,3.76,4.6861,22212.63,4.444444444444439,weak_momentum,BULL_TREND,95.53663309514563,100.0,100.0,80.0,72.67939336528391,33.33333333333333,0.0,75.5,0.0,1,1,B_pure_quant_vr1.5,True
002385,002385.SZ,大北农,饲料,20260126,4.19,60.41927526626634,60.41927526626634,0.0,3.71,6.4857,29653.38,0.238095238095233,weak_momentum,BULL_TREND,94.57095934230392,3.1746031746031065,100.0,100.0,47.96230433756697,86.66666666666667,0.0,75.5,0.0,2,2,B_pure_quant_vr1.5,True
600056,600056.SH,中国医药,医药商业,20260126,11.18,60.17354290405577,60.17354290405577,0.0,4.41,4.0289,9063.1,0.4452359750667917,weak_momentum,BULL_TREND,100.0,5.936479667557223,90.631,80.0,52.150568959659395,100.0,0.0,75.5,0.0,3,3,B_pure_quant_vr1.5,True
601108,601108.SH,财通证券,证券,20260126,9.46,75.87660419692149,70.0548271705283,5.821777026393196,3.76,4.6861,22212.63,4.444444444444439,weak_momentum,BULL_TREND,95.53663309514563,100.0,100.0,80.0,58.21777026393196,33.33333333333333,0.0,75.5,0.0,1,1,A_recovered_proxy_vr1.2,True
000070,000070.SZ,特发信息,通信设备,20260126,12.2,63.71577228398583,58.429465376136456,5.286306907849371,2.3,9.7692,19681.93,8.270676691729333,weak_momentum,BULL_TREND,60.08169305848252,100.0,100.0,80.0,52.86306907849371,66.66666666666666,0.0,27.696118148377934,0.0,2,2,A_recovered_proxy_vr1.2,True
600056,600056.SH,中国医药,医药商业,20260126,11.18,58.37116253837141,58.37116253837141,0.0,4.41,4.0289,9063.1,0.4452359750667917,weak_momentum,BULL_TREND,100.0,5.936479667557223,90.631,65.0,45.134699855096976,100.0,0.0,75.5,0.0,3,3,A_recovered_proxy_vr1.2,True
601108,601108.SH,财通证券,证券,20260126,9.46,70.0548271705283,70.0548271705283,0.0,3.76,4.6861,22212.63,4.444444444444439,weak_momentum,BULL_TREND,95.53663309514563,100.0,100.0,80.0,58.21777026393196,33.33333333333333,0.0,75.5,0.0,1,1,D_pure_quant_vr1.2,True
000070,000070.SZ,特发信息,通信设备,20260126,12.2,58.429465376136456,58.429465376136456,0.0,2.3,9.7692,19681.93,8.270676691729333,weak_momentum,BULL_TREND,60.08169305848252,100.0,100.0,80.0,52.86306907849371,66.66666666666666,0.0,27.696118148377934,0.0,2,2,D_pure_quant_vr1.2,True
600056,600056.SH,中国医药,医药商业,20260126,11.18,58.37116253837141,58.37116253837141,0.0,4.41,4.0289,9063.1,0.4452359750667917,weak_momentum,BULL_TREND,100.0,5.936479667557223,90.631,65.0,45.134699855096976,100.0,0.0,75.5,0.0,3,3,D_pure_quant_vr1.2,True
601108,601108.SH,财通证券,证券,20260126,9.46,61.32216163093851,61.32216163093851,0.0,3.76,4.6861,22212.63,4.444444444444439,weak_momentum,BULL_TREND,95.53663309514563,100.0,100.0,80.0,58.21777026393196,33.33333333333333,0.0,75.5,0.0,1,1,E_ablate_sector_vr1.2,True
002385,002385.SZ,大北农,饲料,20260126,4.19,53.2249296156313,53.2249296156313,0.0,3.71,6.4857,29653.38,0.238095238095233,weak_momentum,BULL_TREND,94.57095934230392,3.1746031746031065,100.0,100.0,31.521324913126254,86.66666666666667,0.0,75.5,0.0,2,2,E_ablate_sector_vr1.2,True
600353,600353.SH,旭光电子,元器件,20260126,17.89,51.75553812150128,51.75553812150128,0.0,2.46,7.4632,10868.2,5.243644067796603,weak_momentum,BULL_TREND,64.93291577822575,100.0,100.0,65.0,34.77756923162839,33.33333333333333,0.0,47.32622725400502,0.0,3,3,E_ablate_sector_vr1.2,True
601108,601108.SH,财通证券,证券,20260126,9.46,55.688955639182204,55.688955639182204,0.0,3.76,4.6861,22212.63,4.444444444444439,weak_momentum,BULL_TREND,95.53663309514563,100.0,100.0,80.0,82.44529338829128,33.33333333333333,0.0,75.5,0.0,1,1,E_ablate_inflow_vr1.2,True
000410,000410.SZ,沈阳机床,机床制造,20260126,8.2,49.389886194427795,49.389886194427795,0.0,3.71,6.793,-11720.81,4.872389791183294,weak_momentum,BULL_TREND,94.57095934230392,100.0,0.0,100.0,46.162662109178655,0.0,0.0,75.19895317803608,0.0,2,2,E_ablate_inflow_vr1.2,True
002295,002295.SZ,精艺股份,铜,20260126,12.82,47.596283591118464,47.596283591118464,0.0,2.79,7.1639,3143.83,10.848400556328237,weak_momentum,BULL_TREND,74.01325610272315,100.0,31.438299999999998,100.0,31.469935445575054,53.333333333333336,0.0,80.71425461471378,0.0,3,3,E_ablate_inflow_vr1.2,True
601108,601108.SH,财通证券,证券,20260126,9.46,58.7298271705283,58.7298271705283,0.0,3.76,4.6861,22212.63,4.444444444444439,weak_momentum,BULL_TREND,95.53663309514563,100.0,100.0,80.0,58.21777026393196,33.33333333333333,0.0,75.5,0.0,1,1,E_ablate_wyckoff_vr1.2,True
000070,000070.SZ,特发信息,通信设备,20260126,12.2,54.27504765387977,54.27504765387977,0.0,2.3,9.7692,19681.93,8.270676691729333,weak_momentum,BULL_TREND,60.08169305848252,100.0,100.0,80.0,52.86306907849371,66.66666666666666,0.0,27.696118148377934,0.0,2,2,E_ablate_wyckoff_vr1.2,True
600353,600353.SH,旭光电子,元器件,20260126,17.89,49.873239418144784,49.873239418144784,0.0,2.46,7.4632,10868.2,5.243644067796603,weak_momentum,BULL_TREND,64.93291577822575,100.0,100.0,65.0,34.77756923162839,33.33333333333333,0.0,47.32622725400502,0.0,3,3,E_ablate_wyckoff_vr1.2,True
601108,601108.SH,财通证券,证券,20260126,9.46,70.0548271705283,70.0548271705283,0.0,3.76,4.6861,22212.63,4.444444444444439,weak_momentum,BULL_TREND,95.53663309514563,100.0,100.0,80.0,58.21777026393196,33.33333333333333,0.0,75.5,0.0,1,1,E_ablate_accel_vr1.2,True
000070,000070.SZ,特发信息,通信设备,20260126,12.2,58.429465376136456,58.429465376136456,0.0,2.3,9.7692,19681.93,8.270676691729333,weak_momentum,BULL_TREND,60.08169305848252,100.0,100.0,80.0,52.86306907849371,66.66666666666666,0.0,27.696118148377934,0.0,2,2,E_ablate_accel_vr1.2,True
600056,600056.SH,中国医药,医药商业,20260126,11.18,58.37116253837141,58.37116253837141,0.0,4.41,4.0289,9063.1,0.4452359750667917,weak_momentum,BULL_TREND,100.0,5.936479667557223,90.631,65.0,45.134699855096976,100.0,0.0,75.5,0.0,3,3,E_ablate_accel_vr1.2,True
002384,002384.SZ,东山精密,元器件,20260127,76.54,67.46777528016453,58.65410936326566,8.813665916898872,1.55,4.5034,126565.11,15.927065026362039,sideways,BULL_TREND,31.613410774975648,90.72934973637962,100.0,40.0,88.13665916898871,33.33333333333333,0.0,35.429470906271064,0.0,1,1,A_recovered_proxy_vr1.5,True
002961,002961.SZ,瑞达期货,多元金融,20260127,25.49,56.50194072309542,56.50194072309542,0.0,1.76,4.4514,7884.82,13.710223425863239,sideways,BULL_TREND,40.77877144312863,100.0,78.84819999999999,80.0,40.65791769462713,66.66666666666666,0.0,45.30671681733103,0.0,2,2,A_recovered_proxy_vr1.5,True
600733,600733.SH,北汽蓝谷,汽车整车,20260127,8.43,51.116179103095675,51.116179103095675,0.0,1.75,5.1583,17746.19,5.2808988764045015,sideways,BULL_TREND,40.367746102880204,54.681647940075024,100.0,100.0,51.908552211296225,0.0,0.0,53.491913182925785,0.0,3,3,A_recovered_proxy_vr1.5,True
002384,002384.SZ,东山精密,元器件,20260127,76.54,58.65410936326566,58.65410936326566,0.0,1.55,4.5034,126565.11,15.927065026362039,sideways,BULL_TREND,31.613410774975648,90.72934973637962,100.0,40.0,88.13665916898871,33.33333333333333,0.0,35.429470906271064,0.0,1,1,B_pure_quant_vr1.5,True
002961,002961.SZ,瑞达期货,多元金融,20260127,25.49,56.50194072309542,56.50194072309542,0.0,1.76,4.4514,7884.82,13.710223425863239,sideways,BULL_TREND,40.77877144312863,100.0,78.84819999999999,80.0,40.65791769462713,66.66666666666666,0.0,45.30671681733103,0.0,2,2,B_pure_quant_vr1.5,True
600733,600733.SH,北汽蓝谷,汽车整车,20260127,8.43,51.116179103095675,51.116179103095675,0.0,1.75,5.1583,17746.19,5.2808988764045015,sideways,BULL_TREND,40.367746102880204,54.681647940075024,100.0,100.0,51.908552211296225,0.0,0.0,53.491913182925785,0.0,3,3,B_pure_quant_vr1.5,True
002384,002384.SZ,东山精密,元器件,20260127,76.54,67.45036215326758,58.64366148712749,8.806700666140086,1.55,4.5034,126565.11,15.927065026362039,sideways,BULL_TREND,31.613410774975648,90.72934973637962,100.0,40.0,88.06700666140087,33.33333333333333,0.0,35.429470906271064,0.0,1,1,A_recovered_proxy_vr1.2,True
600733,600733.SH,北汽蓝谷,汽车整车,20260127,8.43,60.7297020544072,53.769779741204815,6.959922313202381,1.75,5.1583,17746.19,5.2808988764045015,sideways,BULL_TREND,40.367746102880204,54.681647940075024,100.0,100.0,69.59922313202381,0.0,0.0,53.491913182925785,0.0,2,2,A_recovered_proxy_vr1.2,True
002961,002961.SZ,瑞达期货,多元金融,20260127,25.49,56.689433321453635,56.689433321453635,0.0,1.76,4.4514,7884.82,13.710223425863239,sideways,BULL_TREND,40.77877144312863,100.0,78.84819999999999,80.0,41.90786835034856,66.66666666666666,0.0,45.30671681733103,0.0,3,3,A_recovered_proxy_vr1.2,True
002384,002384.SZ,东山精密,元器件,20260127,76.54,58.64366148712749,58.64366148712749,0.0,1.55,4.5034,126565.11,15.927065026362039,sideways,BULL_TREND,31.613410774975648,90.72934973637962,100.0,40.0,88.06700666140087,33.33333333333333,0.0,35.429470906271064,0.0,1,1,D_pure_quant_vr1.2,True
002961,002961.SZ,瑞达期货,多元金融,20260127,25.49,56.689433321453635,56.689433321453635,0.0,1.76,4.4514,7884.82,13.710223425863239,sideways,BULL_TREND,40.77877144312863,100.0,78.84819999999999,80.0,41.90786835034856,66.66666666666666,0.0,45.30671681733103,0.0,2,2,D_pure_quant_vr1.2,True
600733,600733.SH,北汽蓝谷,汽车整车,20260127,8.43,53.769779741204815,53.769779741204815,0.0,1.75,5.1583,17746.19,5.2808988764045015,sideways,BULL_TREND,40.367746102880204,54.681647940075024,100.0,100.0,69.59922313202381,0.0,0.0,53.491913182925785,0.0,3,3,D_pure_quant_vr1.2,True
002961,002961.SZ,瑞达期货,多元金融,20260127,25.49,50.40325306890136,50.40325306890136,0.0,1.76,4.4514,7884.82,13.710223425863239,sideways,BULL_TREND,40.77877144312863,100.0,78.84819999999999,80.0,41.90786835034856,66.66666666666666,0.0,45.30671681733103,0.0,1,1,E_ablate_sector_vr1.2,True
002384,002384.SZ,东山精密,元器件,20260127,76.54,45.433610487917356,45.433610487917356,0.0,1.55,4.5034,126565.11,15.927065026362039,sideways,BULL_TREND,31.613410774975648,90.72934973637962,100.0,40.0,88.06700666140087,33.33333333333333,0.0,35.429470906271064,0.0,2,2,E_ablate_sector_vr1.2,True
603185,603185.SH,弘元绿能,电气设备,20260127,29.5,45.348144276043065,45.348144276043065,0.0,1.38,7.6801,12282.5,8.66873065015479,sideways,BULL_TREND,23.233413350172214,100.0,100.0,65.0,47.46568446693679,33.33333333333333,0.0,24.75105560282092,0.0,3,3,E_ablate_sector_vr1.2,True
002908,002908.SZ,德生科技,软件服务,20260127,10.65,52.07695578259046,52.07695578259046,0.0,2.99,10.8847,-142.67,7.552083333333328,sideways,BULL_TREND,79.00727422116903,92.53472222222213,0.0,80.0,32.9222326930732,53.333333333333336,0.0,42.77262495347299,0.0,1,1,E_ablate_inflow_vr1.2,True
002835,002835.SZ,同为股份,IT设备,20260127,17.84,48.76129971971758,48.76129971971758,0.0,4.83,9.7885,519.94,2.460360852925092,sideways,BULL_TREND,100.0,24.60360852925092,5.199400000000001,60.0,52.59003895521585,100.0,0.0,75.5,0.0,2,2,E_ablate_inflow_vr1.2,True
002384,002384.SZ,东山精密,元器件,20260127,76.54,46.172022949165715,46.172022949165715,0.0,1.55,4.5034,126565.11,15.927065026362039,sideways,BULL_TREND,31.613410774975648,90.72934973637962,100.0,40.0,84.92274974165575,33.33333333333333,0.0,35.429470906271064,0.0,3,3,E_ablate_inflow_vr1.2,True
002384,002384.SZ,东山精密,元器件,20260127,76.54,54.39212497837496,54.39212497837496,0.0,1.55,4.5034,126565.11,15.927065026362039,sideways,BULL_TREND,31.613410774975648,90.72934973637962,100.0,40.0,88.06700666140087,33.33333333333333,0.0,35.429470906271064,0.0,1,1,E_ablate_wyckoff_vr1.2,True
002961,002961.SZ,瑞达期货,多元金融,20260127,25.49,51.25262730337391,51.25262730337391,0.0,1.76,4.4514,7884.82,13.710223425863239,sideways,BULL_TREND,40.77877144312863,100.0,78.84819999999999,80.0,41.90786835034856,66.66666666666666,0.0,45.30671681733103,0.0,2,2,E_ablate_wyckoff_vr1.2,True
603185,603185.SH,弘元绿能,电气设备,20260127,29.5,49.49787027374507,49.49787027374507,0.0,1.38,7.6801,12282.5,8.66873065015479,sideways,BULL_TREND,23.233413350172214,100.0,100.0,65.0,47.46568446693679,33.33333333333333,0.0,24.75105560282092,0.0,3,3,E_ablate_wyckoff_vr1.2,True
002384,002384.SZ,东山精密,元器件,20260127,76.54,58.64366148712749,58.64366148712749,0.0,1.55,4.5034,126565.11,15.927065026362039,sideways,BULL_TREND,31.613410774975648,90.72934973637962,100.0,40.0,88.06700666140087,33.33333333333333,0.0,35.429470906271064,0.0,1,1,E_ablate_accel_vr1.2,True
002961,002961.SZ,瑞达期货,多元金融,20260127,25.49,56.689433321453635,56.689433321453635,0.0,1.76,4.4514,7884.82,13.710223425863239,sideways,BULL_TREND,40.77877144312863,100.0,78.84819999999999,80.0,41.90786835034856,66.66666666666666,0.0,45.30671681733103,0.0,2,2,E_ablate_accel_vr1.2,True
600733,600733.SH,北汽蓝谷,汽车整车,20260127,8.43,53.769779741204815,53.769779741204815,0.0,1.75,5.1583,17746.19,5.2808988764045015,sideways,BULL_TREND,40.367746102880204,54.681647940075024,100.0,100.0,69.59922313202381,0.0,0.0,53.491913182925785,0.0,3,3,E_ablate_accel_vr1.2,True
002984,002984.SZ,森麒麟,汽车配件,20260128,21.09,53.02264877470451,53.02264877470451,0.0,2.53,3.5536,6197.37,5.764075067024125,sideways,BULL_TREND,66.95686924597926,62.73458445040208,61.9737,80.0,31.274140840797788,63.33333333333333,0.0,65.79914307261896,0.0,1,1,A_recovered_proxy_vr1.5,True
000735,000735.SZ,罗牛山,农业综合,20260128,8.03,50.77999048039568,50.77999048039568,0.0,1.58,4.9375,6682.43,15.026455026455027,sideways,BULL_TREND,32.99622792011891,99.73544973544973,66.82430000000001,80.0,31.880867764609793,43.333333333333336,0.0,39.26090470677032,0.0,2,2,A_recovered_proxy_vr1.5,True
000564,000564.SZ,供销大集,百货,20260128,2.48,50.55804319106165,50.55804319106165,0.0,2.3,3.2068,31137.43,4.247104247104243,sideways,BULL_TREND,60.08169305848252,42.47104247104243,100.0,80.0,34.663108848781995,33.33333333333333,0.0,57.75256983818498,0.0,3,3,A_recovered_proxy_vr1.5,True
002984,002984.SZ,森麒麟,汽车配件,20260128,21.09,53.02264877470451,53.02264877470451,0.0,2.53,3.5536,6197.37,5.764075067024125,sideways,BULL_TREND,66.95686924597926,62.73458445040208,61.9737,80.0,31.274140840797788,63.33333333333333,0.0,65.79914307261896,0.0,1,1,B_pure_quant_vr1.5,True
000735,000735.SZ,罗牛山,农业综合,20260128,8.03,50.77999048039568,50.77999048039568,0.0,1.58,4.9375,6682.43,15.026455026455027,sideways,BULL_TREND,32.99622792011891,99.73544973544973,66.82430000000001,80.0,31.880867764609793,43.333333333333336,0.0,39.26090470677032,0.0,2,2,B_pure_quant_vr1.5,True
000564,000564.SZ,供销大集,百货,20260128,2.48,50.55804319106165,50.55804319106165,0.0,2.3,3.2068,31137.43,4.247104247104243,sideways,BULL_TREND,60.08169305848252,42.47104247104243,100.0,80.0,34.663108848781995,33.33333333333333,0.0,57.75256983818498,0.0,3,3,B_pure_quant_vr1.5,True
002984,002984.SZ,森麒麟,汽车配件,20260128,21.09,52.967588071234346,52.967588071234346,0.0,2.53,3.5536,6197.37,5.764075067024125,sideways,BULL_TREND,66.95686924597926,62.73458445040208,61.9737,80.0,30.90706948433003,63.33333333333333,0.0,65.79914307261896,0.0,1,1,A_recovered_proxy_vr1.2,True
002364,002364.SZ,中恒电气,电气设备,20260128,32.4,51.588211662141866,51.588211662141866,0.0,1.41,8.4838,9389.22,10.964550700741968,sideways,BULL_TREND,24.78475813120344,100.0,93.89219999999999,60.0,43.34320068273215,63.33333333333333,0.0,22.502950868338548,0.0,2,2,A_recovered_proxy_vr1.2,True
000735,000735.SZ,罗牛山,农业综合,20260128,8.03,50.71385703504786,50.71385703504786,0.0,1.58,4.9375,6682.43,15.026455026455027,sideways,BULL_TREND,32.99622792011891,99.73544973544973,66.82430000000001,80.0,31.43997812895768,43.333333333333336,0.0,39.26090470677032,0.0,3,3,A_recovered_proxy_vr1.2,True
002984,002984.SZ,森麒麟,汽车配件,20260128,21.09,52.967588071234346,52.967588071234346,0.0,2.53,3.5536,6197.37,5.764075067024125,sideways,BULL_TREND,66.95686924597926,62.73458445040208,61.9737,80.0,30.90706948433003,63.33333333333333,0.0,65.79914307261896,0.0,1,1,D_pure_quant_vr1.2,True
002364,002364.SZ,中恒电气,电气设备,20260128,32.4,51.588211662141866,51.588211662141866,0.0,1.41,8.4838,9389.22,10.964550700741968,sideways,BULL_TREND,24.78475813120344,100.0,93.89219999999999,60.0,43.34320068273215,63.33333333333333,0.0,22.502950868338548,0.0,2,2,D_pure_quant_vr1.2,True
000735,000735.SZ,罗牛山,农业综合,20260128,8.03,50.71385703504786,50.71385703504786,0.0,1.58,4.9375,6682.43,15.026455026455027,sideways,BULL_TREND,32.99622792011891,99.73544973544973,66.82430000000001,80.0,31.43997812895768,43.333333333333336,0.0,39.26090470677032,0.0,3,3,D_pure_quant_vr1.2,True
002984,002984.SZ,森麒麟,汽车配件,20260128,21.09,48.33152764858484,48.33152764858484,0.0,2.53,3.5536,6197.37,5.764075067024125,sideways,BULL_TREND,66.95686924597926,62.73458445040208,61.9737,80.0,30.90706948433003,63.33333333333333,0.0,65.79914307261896,0.0,1,1,E_ablate_sector_vr1.2,True
000735,000735.SZ,罗牛山,农业综合,20260128,8.03,45.99786031570421,45.99786031570421,0.0,1.58,4.9375,6682.43,15.026455026455027,sideways,BULL_TREND,32.99622792011891,99.73544973544973,66.82430000000001,80.0,31.43997812895768,43.333333333333336,0.0,39.26090470677032,0.0,2,2,E_ablate_sector_vr1.2,True
000564,000564.SZ,供销大集,百货,20260128,2.48,45.358576863744354,45.358576863744354,0.0,2.3,3.2068,31137.43,4.247104247104243,sideways,BULL_TREND,60.08169305848252,42.47104247104243,100.0,80.0,32.71379446132673,33.33333333333333,0.0,57.75256983818498,0.0,3,3,E_ablate_sector_vr1.2,True
002364,002364.SZ,中恒电气,电气设备,20260128,32.4,48.887857557941246,48.887857557941246,0.0,1.41,8.4838,9389.22,10.964550700741968,sideways,BULL_TREND,24.78475813120344,100.0,93.89219999999999,60.0,43.34320068273215,63.33333333333333,0.0,22.502950868338548,0.0,1,1,E_ablate_wyckoff_vr1.2,True
000735,000735.SZ,罗牛山,农业综合,20260128,8.03,46.002548470235425,46.002548470235425,0.0,1.58,4.9375,6682.43,15.026455026455027,sideways,BULL_TREND,32.99622792011891,99.73544973544973,66.82430000000001,80.0,31.43997812895768,43.333333333333336,0.0,39.26090470677032,0.0,2,2,E_ablate_wyckoff_vr1.2,True
002984,002984.SZ,森麒麟,汽车配件,20260128,21.09,45.07169090252007,45.07169090252007,0.0,2.53,3.5536,6197.37,5.764075067024125,sideways,BULL_TREND,66.95686924597926,62.73458445040208,61.9737,80.0,30.90706948433003,63.33333333333333,0.0,65.79914307261896,0.0,3,3,E_ablate_wyckoff_vr1.2,True
002984,002984.SZ,森麒麟,汽车配件,20260128,21.09,52.967588071234346,52.967588071234346,0.0,2.53,3.5536,6197.37,5.764075067024125,sideways,BULL_TREND,66.95686924597926,62.73458445040208,61.9737,80.0,30.90706948433003,63.33333333333333,0.0,65.79914307261896,0.0,1,1,E_ablate_accel_vr1.2,True
002364,002364.SZ,中恒电气,电气设备,20260128,32.4,51.588211662141866,51.588211662141866,0.0,1.41,8.4838,9389.22,10.964550700741968,sideways,BULL_TREND,24.78475813120344,100.0,93.89219999999999,60.0,43.34320068273215,63.33333333333333,0.0,22.502950868338548,0.0,2,2,E_ablate_accel_vr1.2,True
000735,000735.SZ,罗牛山,农业综合,20260128,8.03,50.71385703504786,50.71385703504786,0.0,1.58,4.9375,6682.43,15.026455026455027,sideways,BULL_TREND,32.99622792011891,99.73544973544973,66.82430000000001,80.0,31.43997812895768,43.333333333333336,0.0,39.26090470677032,0.0,3,3,E_ablate_accel_vr1.2,True
000676,000676.SZ,智度股份,互联网,20260129,9.64,66.8817027986021,60.099809861803195,6.781892936798915,1.88,7.7591,11056.35,12.363636363636358,sideways,BULL_TREND,45.53663309514563,100.0,100.0,80.0,67.81892936798914,53.333333333333336,0.0,13.685370908384296,0.0,1,1,A_recovered_proxy_vr1.5,True
601360,601360.SH,三六零,互联网,20260129,12.54,65.86327414749707,59.081381210698154,6.781892936798915,1.76,5.4809,57819.03,14.577656675749322,sideways,BULL_TREND,40.77877144312863,100.0,100.0,65.0,67.81892936798914,43.333333333333336,0.0,20.58787851120685,0.0,2,2,A_recovered_proxy_vr1.5,True
603533,603533.SH,掌阅科技,互联网,20260129,24.89,62.179845468184,55.39795253138509,6.781892936798915,1.56,7.9335,11803.47,16.19528619528619,sideways,BULL_TREND,32.07730145437618,88.0471380471381,100.0,80.0,67.81892936798914,43.333333333333336,0.0,22.75891474322423,0.0,3,3,A_recovered_proxy_vr1.5,True
002295,002295.SZ,精艺股份,铜,20260129,12.89,60.51743000676072,60.51743000676072,0.0,2.08,9.3561,4778.85,9.225352112676049,sideways,BULL_TREND,52.82917641831838,100.0,47.788500000000006,60.0,47.944147989635894,33.33333333333333,0.0,90.85085274682187,0.0,1,1,B_pure_quant_vr1.5,True
000676,000676.SZ,智度股份,互联网,20260129,9.64,60.099809861803195,60.099809861803195,0.0,1.88,7.7591,11056.35,12.363636363636358,sideways,BULL_TREND,45.53663309514563,100.0,100.0,80.0,67.81892936798914,53.333333333333336,0.0,13.685370908384296,0.0,2,2,B_pure_quant_vr1.5,True
601360,601360.SH,三六零,互联网,20260129,12.54,59.081381210698154,59.081381210698154,0.0,1.76,5.4809,57819.03,14.577656675749322,sideways,BULL_TREND,40.77877144312863,100.0,100.0,65.0,67.81892936798914,43.333333333333336,0.0,20.58787851120685,0.0,3,3,B_pure_quant_vr1.5,True
000676,000676.SZ,智度股份,互联网,20260129,9.64,66.92745696755351,60.12726236317403,6.800194604379474,1.88,7.7591,11056.35,12.363636363636358,sideways,BULL_TREND,45.53663309514563,100.0,100.0,80.0,68.00194604379473,53.333333333333336,0.0,13.685370908384296,0.0,1,1,A_recovered_proxy_vr1.2,True
601360,601360.SH,三六零,互联网,20260129,12.54,65.90902831644847,59.108833712069,6.800194604379474,1.76,5.4809,57819.03,14.577656675749322,sideways,BULL_TREND,40.77877144312863,100.0,100.0,65.0,68.00194604379473,43.333333333333336,0.0,20.58787851120685,0.0,2,2,A_recovered_proxy_vr1.2,True
603533,603533.SH,掌阅科技,互联网,20260129,24.89,62.2255996371354,55.425405032755926,6.800194604379474,1.56,7.9335,11803.47,16.19528619528619,sideways,BULL_TREND,32.07730145437618,88.0471380471381,100.0,80.0,68.00194604379473,43.333333333333336,0.0,22.75891474322423,0.0,3,3,A_recovered_proxy_vr1.2,True
002295,002295.SZ,精艺股份,铜,20260129,12.89,60.479152674710946,60.479152674710946,0.0,2.08,9.3561,4778.85,9.225352112676049,sideways,BULL_TREND,52.82917641831838,100.0,47.788500000000006,60.0,47.68896577597074,33.33333333333333,0.0,90.85085274682187,0.0,1,1,D_pure_quant_vr1.2,True
000676,000676.SZ,智度股份,互联网,20260129,9.64,60.12726236317403,60.12726236317403,0.0,1.88,7.7591,11056.35,12.363636363636358,sideways,BULL_TREND,45.53663309514563,100.0,100.0,80.0,68.00194604379473,53.333333333333336,0.0,13.685370908384296,0.0,2,2,D_pure_quant_vr1.2,True
601360,601360.SH,三六零,互联网,20260129,12.54,59.108833712069,59.108833712069,0.0,1.76,5.4809,57819.03,14.577656675749322,sideways,BULL_TREND,40.77877144312863,100.0,100.0,65.0,68.00194604379473,43.333333333333336,0.0,20.58787851120685,0.0,3,3,D_pure_quant_vr1.2,True
002295,002295.SZ,精艺股份,铜,20260129,12.89,53.32580780831534,53.32580780831534,0.0,2.08,9.3561,4778.85,9.225352112676049,sideways,BULL_TREND,52.82917641831838,100.0,47.788500000000006,60.0,47.68896577597074,33.33333333333333,0.0,90.85085274682187,0.0,1,1,E_ablate_sector_vr1.2,True
000735,000735.SZ,罗牛山,农业综合,20260129,8.13,52.7575948288403,52.7575948288403,0.0,1.99,7.0068,8663.08,12.203023758099341,sideways,BULL_TREND,49.63842153844621,100.0,86.6308,65.0,24.59465316279532,43.333333333333336,0.0,49.78982853096221,0.0,2,2,E_ablate_sector_vr1.2,True
000676,000676.SZ,智度股份,互联网,20260129,9.64,49.92697045660482,49.92697045660482,0.0,1.88,7.7591,11056.35,12.363636363636358,sideways,BULL_TREND,45.53663309514563,100.0,100.0,80.0,68.00194604379473,53.333333333333336,0.0,13.685370908384296,0.0,3,3,E_ablate_sector_vr1.2,True
002295,002295.SZ,精艺股份,铜,20260129,12.89,52.602947754232495,52.602947754232495,0.0,2.08,9.3561,4778.85,9.225352112676049,sideways,BULL_TREND,52.82917641831838,100.0,47.788500000000006,65.0,32.0783996394477,33.33333333333333,0.0,90.85085274682187,0.0,1,1,E_ablate_inflow_vr1.2,True
000505,000505.SZ,京粮控股,食品,20260129,7.58,50.952287131187816,50.952287131187816,0.0,2.07,5.5506,3629.06,14.3502824858757,sideways,BULL_TREND,52.48153838623002,100.0,36.2906,65.0,41.03070896109599,63.33333333333333,0.0,61.54229729488455,0.0,2,2,E_ablate_inflow_vr1.2,True
603316,603316.SH,诚邦股份,建筑工程,20260129,14.02,47.214703928923356,47.214703928923356,0.0,2.36,10.7154,-7507.73,15.338164251207726,sideways,BULL_TREND,61.93934297935583,96.61835748792274,0.0,80.0,26.567992788953987,0.0,0.0,42.89009089815811,0.0,3,3,E_ablate_inflow_vr1.2,True
000676,000676.SZ,智度股份,互联网,20260129,9.64,58.485017854167914,58.485017854167914,0.0,1.88,7.7591,11056.35,12.363636363636358,sideways,BULL_TREND,45.53663309514563,100.0,100.0,80.0,68.00194604379473,53.333333333333336,0.0,13.685370908384296,0.0,1,1,E_ablate_wyckoff_vr1.2,True
601360,601360.SH,三六零,互联网,20260129,12.54,56.63828829072418,56.63828829072418,0.0,1.76,5.4809,57819.03,14.577656675749322,sideways,BULL_TREND,40.77877144312863,100.0,100.0,65.0,68.00194604379473,43.333333333333336,0.0,20.58787851120685,0.0,2,2,E_ablate_wyckoff_vr1.2,True
603533,603533.SH,掌阅科技,互联网,20260129,24.89,52.69433526356902,52.69433526356902,0.0,1.56,7.9335,11803.47,16.19528619528619,sideways,BULL_TREND,32.07730145437618,88.0471380471381,100.0,80.0,68.00194604379473,43.333333333333336,0.0,22.75891474322423,0.0,3,3,E_ablate_wyckoff_vr1.2,True
002295,002295.SZ,精艺股份,铜,20260129,12.89,60.479152674710946,60.479152674710946,0.0,2.08,9.3561,4778.85,9.225352112676049,sideways,BULL_TREND,52.82917641831838,100.0,47.788500000000006,60.0,47.68896577597074,33.33333333333333,0.0,90.85085274682187,0.0,1,1,E_ablate_accel_vr1.2,True
000676,000676.SZ,智度股份,互联网,20260129,9.64,60.12726236317403,60.12726236317403,0.0,1.88,7.7591,11056.35,12.363636363636358,sideways,BULL_TREND,45.53663309514563,100.0,100.0,80.0,68.00194604379473,53.333333333333336,0.0,13.685370908384296,0.0,2,2,E_ablate_accel_vr1.2,True
601360,601360.SH,三六零,互联网,20260129,12.54,59.108833712069,59.108833712069,0.0,1.76,5.4809,57819.03,14.577656675749322,sideways,BULL_TREND,40.77877144312863,100.0,100.0,65.0,68.00194604379473,43.333333333333336,0.0,20.58787851120685,0.0,3,3,E_ablate_accel_vr1.2,True
002812,002812.SZ,恩捷股份,电气设备,20260130,50.99,68.72086731550472,61.449887181561635,7.270980133943086,1.75,4.7776,21966.77,11.02774384924097,sideways,BULL_TREND,40.367746102880204,100.0,100.0,80.0,72.70980133943085,53.333333333333336,0.0,28.29871809455583,0.0,1,1,A_recovered_proxy_vr1.5,True
000505,000505.SZ,京粮控股,食品,20260130,7.79,61.03494588163373,61.03494588163373,0.0,2.75,9.3155,5018.91,7.701421800947861,sideways,BULL_TREND,72.97158093186486,95.02369668246435,50.189099999999996,80.0,27.638483911828715,43.333333333333336,0.0,82.00711294200279,0.0,2,2,A_recovered_proxy_vr1.5,True
000735,000735.SZ,罗牛山,农业综合,20260130,8.45,57.143350049484035,57.143350049484035,0.0,2.58,11.1817,15563.86,5.056179775280911,sideways,BULL_TREND,68.36855328242648,50.93632958801518,100.0,80.0,38.6665318326084,66.66666666666666,0.0,71.35802258135232,0.0,3,3,A_recovered_proxy_vr1.5,True
002812,002812.SZ,恩捷股份,电气设备,20260130,50.99,61.449887181561635,61.449887181561635,0.0,1.75,4.7776,21966.77,11.02774384924097,sideways,BULL_TREND,40.367746102880204,100.0,100.0,80.0,72.70980133943085,53.333333333333336,0.0,28.29871809455583,0.0,1,1,B_pure_quant_vr1.5,True
000505,000505.SZ,京粮控股,食品,20260130,7.79,61.03494588163373,61.03494588163373,0.0,2.75,9.3155,5018.91,7.701421800947861,sideways,BULL_TREND,72.97158093186486,95.02369668246435,50.189099999999996,80.0,27.638483911828715,43.333333333333336,0.0,82.00711294200279,0.0,2,2,B_pure_quant_vr1.5,True
000735,000735.SZ,罗牛山,农业综合,20260130,8.45,57.143350049484035,57.143350049484035,0.0,2.58,11.1817,15563.86,5.056179775280911,sideways,BULL_TREND,68.36855328242648,50.93632958801518,100.0,80.0,38.6665318326084,66.66666666666666,0.0,71.35802258135232,0.0,3,3,B_pure_quant_vr1.5,True
002812,002812.SZ,恩捷股份,电气设备,20260130,50.99,66.6666917557944,59.977381845735444,6.689309910058954,1.75,4.7776,21966.77,11.02774384924097,sideways,BULL_TREND,40.367746102880204,100.0,100.0,65.0,66.89309910058954,53.333333333333336,0.0,28.29871809455583,0.0,1,1,A_recovered_proxy_vr1.2,True
002222,002222.SZ,福晶科技,元器件,20260130,70.18,62.54482318127841,54.82080646702889,7.7240167142495215,1.28,4.8347,9345.9,7.657894736842097,sideways,BULL_TREND,17.80719051126377,94.29824561403495,93.459,40.0,77.24016714249521,33.33333333333333,0.0,42.415323178518506,0.0,2,2,A_recovered_proxy_vr1.2,True
002654,002654.SZ,万润科技,互联网,20260130,15.97,62.17290939903326,52.969909399033256,9.203000000000001,1.47,9.5654,23652.98,5.334914048606996,sideways,BULL_TREND,27.790807753081985,55.5819008101166,100.0,60.0,92.03,66.66666666666666,0.0,42.41733484830198,0.0,3,3,A_recovered_proxy_vr1.2,True
000505,000505.SZ,京粮控股,食品,20260130,7.79,61.84218012621949,61.84218012621949,0.0,2.75,9.3155,5018.91,7.701421800947861,sideways,BULL_TREND,72.97158093186486,95.02369668246435,50.189099999999996,100.0,27.68671220906709,43.333333333333336,0.0,82.00711294200279,0.0,1,1,D_pure_quant_vr1.2,True
002812,002812.SZ,恩捷股份,电气设备,20260130,50.99,59.977381845735444,59.977381845735444,0.0,1.75,4.7776,21966.77,11.02774384924097,sideways,BULL_TREND,40.367746102880204,100.0,100.0,65.0,66.89309910058954,53.333333333333336,0.0,28.29871809455583,0.0,2,2,D_pure_quant_vr1.2,True
000735,000735.SZ,罗牛山,农业综合,20260130,8.45,56.504784664025976,56.504784664025976,0.0,2.58,11.1817,15563.86,5.056179775280911,sideways,BULL_TREND,68.36855328242648,50.93632958801518,100.0,80.0,34.40942926288802,66.66666666666666,0.0,71.35802258135232,0.0,3,3,D_pure_quant_vr1.2,True
000505,000505.SZ,京粮控股,食品,20260130,7.79,57.68917329485943,57.68917329485943,0.0,2.75,9.3155,5018.91,7.701421800947861,sideways,BULL_TREND,72.97158093186486,95.02369668246435,50.189099999999996,100.0,27.68671220906709,43.333333333333336,0.0,82.00711294200279,0.0,1,1,E_ablate_sector_vr1.2,True
000735,000735.SZ,罗牛山,农业综合,20260130,8.45,51.34337027459278,51.34337027459278,0.0,2.58,11.1817,15563.86,5.056179775280911,sideways,BULL_TREND,68.36855328242648,50.93632958801518,100.0,80.0,34.40942926288802,66.66666666666666,0.0,71.35802258135232,0.0,2,2,E_ablate_sector_vr1.2,True
002812,002812.SZ,恩捷股份,电气设备,20260130,50.99,49.94341698064701,49.94341698064701,0.0,1.75,4.7776,21966.77,11.02774384924097,sideways,BULL_TREND,40.367746102880204,100.0,100.0,65.0,66.89309910058954,53.333333333333336,0.0,28.29871809455583,0.0,3,3,E_ablate_sector_vr1.2,True
000505,000505.SZ,京粮控股,食品,20260130,7.79,54.97599361307447,54.97599361307447,0.0,2.75,9.3155,5018.91,7.701421800947861,sideways,BULL_TREND,72.97158093186486,95.02369668246435,50.189099999999996,100.0,22.06341545476694,43.333333333333336,0.0,82.00711294200279,0.0,1,1,E_ablate_inflow_vr1.2,True
002812,002812.SZ,恩捷股份,电气设备,20260130,50.99,47.977381845735444,47.977381845735444,0.0,1.75,4.7776,21966.77,11.02774384924097,sideways,BULL_TREND,40.367746102880204,100.0,100.0,65.0,66.89309910058954,53.333333333333336,0.0,28.29871809455583,0.0,2,2,E_ablate_inflow_vr1.2,True
301168,301168.SZ,通灵股份,电气设备,20260130,44.18,45.7524869182608,45.7524869182608,0.0,1.38,5.3817,4196.08,9.83673469387755,sideways,BULL_TREND,23.233413350172214,100.0,41.9608,65.0,66.89309910058954,0.0,0.0,50.05975930112069,0.0,3,3,E_ablate_inflow_vr1.2,True
002812,002812.SZ,恩捷股份,电气设备,20260130,50.99,56.58153567438874,56.58153567438874,0.0,1.75,4.7776,21966.77,11.02774384924097,sideways,BULL_TREND,40.367746102880204,100.0,100.0,65.0,66.89309910058954,53.333333333333336,0.0,28.29871809455583,0.0,1,1,E_ablate_wyckoff_vr1.2,True
000505,000505.SZ,京粮控股,食品,20260130,7.79,52.001326573179156,52.001326573179156,0.0,2.75,9.3155,5018.91,7.701421800947861,sideways,BULL_TREND,72.97158093186486,95.02369668246435,50.189099999999996,100.0,27.68671220906709,43.333333333333336,0.0,82.00711294200279,0.0,2,2,E_ablate_wyckoff_vr1.2,True
002281,002281.SZ,光迅科技,通信设备,20260130,72.41,50.73735063113164,50.73735063113164,0.0,1.28,5.0488,36073.3,10.59390048154093,sideways,BULL_TREND,17.80719051126377,100.0,100.0,65.0,63.68734701324631,33.33333333333333,0.0,30.21470639946746,0.0,3,3,E_ablate_wyckoff_vr1.2,True
000505,000505.SZ,京粮控股,食品,20260130,7.79,61.84218012621949,61.84218012621949,0.0,2.75,9.3155,5018.91,7.701421800947861,sideways,BULL_TREND,72.97158093186486,95.02369668246435,50.189099999999996,100.0,27.68671220906709,43.333333333333336,0.0,82.00711294200279,0.0,1,1,E_ablate_accel_vr1.2,True
002812,002812.SZ,恩捷股份,电气设备,20260130,50.99,59.977381845735444,59.977381845735444,0.0,1.75,4.7776,21966.77,11.02774384924097,sideways,BULL_TREND,40.367746102880204,100.0,100.0,65.0,66.89309910058954,53.333333333333336,0.0,28.29871809455583,0.0,2,2,E_ablate_accel_vr1.2,True
000735,000735.SZ,罗牛山,农业综合,20260130,8.45,56.504784664025976,56.504784664025976,0.0,2.58,11.1817,15563.86,5.056179775280911,sideways,BULL_TREND,68.36855328242648,50.93632958801518,100.0,80.0,34.40942926288802,66.66666666666666,0.0,71.35802258135232,0.0,3,3,E_ablate_accel_vr1.2,True
000886,000886.SZ,海南高速,区域地产,20260202,6.6,69.13711391025448,69.13711391025448,0.0,2.87,6.5506,8057.12,7.042253521126761,bear,BULL_TREND,76.05253684504815,84.03755868544602,80.5712,100.0,58.92827667636509,33.33333333333333,100.0,64.5236727118695,0.0,1,1,A_recovered_proxy_vr1.5,True
603158,603158.SH,腾龙股份,汽车配件,20260202,10.82,67.29101026596958,60.94402032476367,6.346989941205907,2.44,8.782,11340.77,4.669603524229069,bear,BULL_TREND,64.34405738940808,46.6960352422907,100.0,80.0,63.469899412059064,20.0,100.0,69.95595861650898,0.0,2,2,A_recovered_proxy_vr1.5,True
603038,603038.SH,华立股份,家居用品,20260202,17.8,57.436615299276305,57.436615299276305,0.0,2.29,5.6401,1867.52,9.506863243518051,bear,BULL_TREND,59.76737991611096,100.0,18.6752,100.0,48.07055608021973,53.333333333333336,100.0,39.745980325268924,0.0,3,3,A_recovered_proxy_vr1.5,True
000886,000886.SZ,海南高速,区域地产,20260202,6.6,69.13711391025448,69.13711391025448,0.0,2.87,6.5506,8057.12,7.042253521126761,bear,BULL_TREND,76.05253684504815,84.03755868544602,80.5712,100.0,58.92827667636509,33.33333333333333,100.0,64.5236727118695,0.0,1,1,B_pure_quant_vr1.5,True
603158,603158.SH,腾龙股份,汽车配件,20260202,10.82,60.94402032476367,60.94402032476367,0.0,2.44,8.782,11340.77,4.669603524229069,bear,BULL_TREND,64.34405738940808,46.6960352422907,100.0,80.0,63.469899412059064,20.0,100.0,69.95595861650898,0.0,2,2,B_pure_quant_vr1.5,True
603038,603038.SH,华立股份,家居用品,20260202,17.8,57.436615299276305,57.436615299276305,0.0,2.29,5.6401,1867.52,9.506863243518051,bear,BULL_TREND,59.76737991611096,100.0,18.6752,100.0,48.07055608021973,53.333333333333336,100.0,39.745980325268924,0.0,3,3,B_pure_quant_vr1.5,True
000886,000886.SZ,海南高速,区域地产,20260202,6.6,64.13270579821594,64.13270579821594,0.0,2.87,6.5506,8057.12,7.042253521126761,bear,BULL_TREND,76.05253684504815,84.03755868544602,80.5712,100.0,25.565555929441377,33.33333333333333,100.0,64.5236727118695,0.0,1,1,A_recovered_proxy_vr1.2,True
002879,002879.SZ,长缆科技,电气设备,20260202,21.6,62.63297133876623,54.41710296611276,8.215868372653476,1.43,10.6817,5108.39,8.899198650358496,bear,BULL_TREND,25.800757350183233,100.0,51.0839,80.0,82.15868372653476,53.333333333333336,100.0,8.50332602854638,0.0,2,2,A_recovered_proxy_vr1.2,True
603158,603158.SH,腾龙股份,汽车配件,20260202,10.82,56.97646243091826,56.97646243091826,0.0,2.44,8.782,11340.77,4.669603524229069,bear,BULL_TREND,64.34405738940808,46.6960352422907,100.0,80.0,37.01951345308967,20.0,100.0,69.95595861650898,0.0,3,3,A_recovered_proxy_vr1.2,True
000886,000886.SZ,海南高速,区域地产,20260202,6.6,64.13270579821594,64.13270579821594,0.0,2.87,6.5506,8057.12,7.042253521126761,bear,BULL_TREND,76.05253684504815,84.03755868544602,80.5712,100.0,25.565555929441377,33.33333333333333,100.0,64.5236727118695,0.0,1,1,D_pure_quant_vr1.2,True
603158,603158.SH,腾龙股份,汽车配件,20260202,10.82,56.97646243091826,56.97646243091826,0.0,2.44,8.782,11340.77,4.669603524229069,bear,BULL_TREND,64.34405738940808,46.6960352422907,100.0,80.0,37.01951345308967,20.0,100.0,69.95595861650898,0.0,2,2,D_pure_quant_vr1.2,True
603038,603038.SH,华立股份,家居用品,20260202,17.8,56.1858797456033,56.1858797456033,0.0,2.29,5.6401,1867.52,9.506863243518051,bear,BULL_TREND,59.76737991611096,100.0,18.6752,100.0,39.732319055733036,53.333333333333336,100.0,39.745980325268924,0.0,3,3,D_pure_quant_vr1.2,True
000886,000886.SZ,海南高速,区域地产,20260202,6.6,60.297872408799726,60.297872408799726,0.0,2.87,6.5506,8057.12,7.042253521126761,bear,BULL_TREND,76.05253684504815,84.03755868544602,80.5712,100.0,25.565555929441377,33.33333333333333,100.0,64.5236727118695,0.0,1,1,E_ablate_sector_vr1.2,True
603158,603158.SH,腾龙股份,汽车配件,20260202,10.82,51.423535412954806,51.423535412954806,0.0,2.44,8.782,11340.77,4.669603524229069,bear,BULL_TREND,64.34405738940808,46.6960352422907,100.0,80.0,37.01951345308967,20.0,100.0,69.95595861650898,0.0,2,2,E_ablate_sector_vr1.2,True
603038,603038.SH,华立股份,家居用品,20260202,17.8,50.22603188724335,50.22603188724335,0.0,2.29,5.6401,1867.52,9.506863243518051,bear,BULL_TREND,59.76737991611096,100.0,18.6752,100.0,39.732319055733036,53.333333333333336,100.0,39.745980325268924,0.0,3,3,E_ablate_sector_vr1.2,True
000767,000767.SZ,晋控电力,火力发电,20260202,3.14,55.36130483110997,55.36130483110997,0.0,4.02,7.5992,-8969.21,5.421686746987944,bear,BULL_TREND,100.0,57.02811244979906,0.0,100.0,27.25635616991675,33.33333333333333,100.0,75.5,0.0,1,1,E_ablate_inflow_vr1.2,True
000886,000886.SZ,海南高速,区域地产,20260202,6.6,54.27657687799427,54.27657687799427,0.0,2.87,6.5506,8057.12,7.042253521126761,bear,BULL_TREND,76.05253684504815,84.03755868544602,80.5712,100.0,24.31498979463032,33.33333333333333,100.0,64.5236727118695,0.0,2,2,E_ablate_inflow_vr1.2,True
603038,603038.SH,华立股份,家居用品,20260202,17.8,53.62449522682271,53.62449522682271,0.0,2.29,5.6401,1867.52,9.506863243518051,bear,BULL_TREND,59.76737991611096,100.0,18.6752,100.0,37.59658226386241,53.333333333333336,100.0,39.745980325268924,0.0,3,3,E_ablate_inflow_vr1.2,True
000886,000886.SZ,海南高速,区域地产,20260202,6.6,56.38986507279159,56.38986507279159,0.0,2.87,6.5506,8057.12,7.042253521126761,bear,BULL_TREND,76.05253684504815,84.03755868544602,80.5712,100.0,25.565555929441377,33.33333333333333,100.0,64.5236727118695,0.0,1,1,E_ablate_wyckoff_vr1.2,True
002879,002879.SZ,长缆科技,电气设备,20260202,21.6,53.396703842687195,53.396703842687195,0.0,1.43,10.6817,5108.39,8.899198650358496,bear,BULL_TREND,25.800757350183233,100.0,51.0839,80.0,82.15868372653476,53.333333333333336,100.0,8.50332602854638,0.0,2,2,E_ablate_wyckoff_vr1.2,True
603038,603038.SH,华立股份,家居用品,20260202,17.8,51.416362106571036,51.416362106571036,0.0,2.29,5.6401,1867.52,9.506863243518051,bear,BULL_TREND,59.76737991611096,100.0,18.6752,100.0,39.732319055733036,53.333333333333336,100.0,39.745980325268924,0.0,3,3,E_ablate_wyckoff_vr1.2,True
000886,000886.SZ,海南高速,区域地产,20260202,6.6,64.13270579821594,64.13270579821594,0.0,2.87,6.5506,8057.12,7.042253521126761,bear,BULL_TREND,76.05253684504815,84.03755868544602,80.5712,100.0,25.565555929441377,33.33333333333333,100.0,64.5236727118695,0.0,1,1,E_ablate_accel_vr1.2,True
603158,603158.SH,腾龙股份,汽车配件,20260202,10.82,56.97646243091826,56.97646243091826,0.0,2.44,8.782,11340.77,4.669603524229069,bear,BULL_TREND,64.34405738940808,46.6960352422907,100.0,80.0,37.01951345308967,20.0,100.0,69.95595861650898,0.0,2,2,E_ablate_accel_vr1.2,True
603038,603038.SH,华立股份,家居用品,20260202,17.8,56.1858797456033,56.1858797456033,0.0,2.29,5.6401,1867.52,9.506863243518051,bear,BULL_TREND,59.76737991611096,100.0,18.6752,100.0,39.732319055733036,53.333333333333336,100.0,39.745980325268924,0.0,3,3,E_ablate_accel_vr1.2,True
002640,002640.SZ,跨境通,互联网,20260203,4.08,53.35774421580271,44.71757989022228,8.64016432558043,1.87,6.4379,4096.17,20.62256809338521,sideways,BULL_TREND,45.1519135056456,46.887159533073955,40.9617,100.0,86.4016432558043,66.66666666666666,0.0,10.5,0.0,1,1,A_recovered_proxy_vr1.5,True
301345,301345.SZ,涛涛车业,摩托车,20260203,217.57,50.13493330327871,50.13493330327871,0.0,2.08,8.9752,920.9,14.945269741985934,sideways,BULL_TREND,52.82917641831838,100.0,9.209,60.0,35.684320212890206,10.0,0.0,62.123220494292795,0.0,2,2,A_recovered_proxy_vr1.5,True
301345,301345.SZ,涛涛车业,摩托车,20260203,217.57,50.13493330327871,50.13493330327871,0.0,2.08,8.9752,920.9,14.945269741985934,sideways,BULL_TREND,52.82917641831838,100.0,9.209,60.0,35.684320212890206,10.0,0.0,62.123220494292795,0.0,1,1,B_pure_quant_vr1.5,True
000988,000988.SZ,华工科技,专用机械,20260203,78.15,66.67272792091227,59.799975321986366,6.872752598925897,1.48,6.0775,81420.24,8.671263293210222,sideways,BULL_TREND,28.279858792711256,100.0,100.0,100.0,68.72752598925896,53.333333333333336,0.0,35.02175685445319,0.0,1,1,A_recovered_proxy_vr1.2,True
600089,600089.SH,特变电工,电气设备,20260203,29.3,61.52823436299733,53.82318010650834,7.705054256488992,1.2,8.9465,99070.99,11.18520763867839,sideways,BULL_TREND,13.151720291689688,100.0,100.0,65.0,77.05054256488992,33.33333333333333,0.0,17.546279924470422,0.0,2,2,A_recovered_proxy_vr1.2,True
002498,002498.SZ,汉缆股份,电气设备,20260203,5.89,60.895097002495284,53.19004274600629,7.705054256488992,1.2,9.6951,15308.59,9.800918836140896,sideways,BULL_TREND,13.151720291689688,100.0,100.0,80.0,77.05054256488992,33.33333333333333,0.0,7.27013525362006,0.0,3,3,A_recovered_proxy_vr1.2,True
000988,000988.SZ,华工科技,专用机械,20260203,78.15,59.799975321986366,59.799975321986366,0.0,1.48,6.0775,81420.24,8.671263293210222,sideways,BULL_TREND,28.279858792711256,100.0,100.0,100.0,68.72752598925896,53.333333333333336,0.0,35.02175685445319,0.0,1,1,D_pure_quant_vr1.2,True
600089,600089.SH,特变电工,电气设备,20260203,29.3,53.82318010650834,53.82318010650834,0.0,1.2,8.9465,99070.99,11.18520763867839,sideways,BULL_TREND,13.151720291689688,100.0,100.0,65.0,77.05054256488992,33.33333333333333,0.0,17.546279924470422,0.0,2,2,D_pure_quant_vr1.2,True
002498,002498.SZ,汉缆股份,电气设备,20260203,5.89,53.19004274600629,53.19004274600629,0.0,1.2,9.6951,15308.59,9.800918836140896,sideways,BULL_TREND,13.151720291689688,100.0,100.0,80.0,77.05054256488992,33.33333333333333,0.0,7.27013525362006,0.0,3,3,D_pure_quant_vr1.2,True
000988,000988.SZ,华工科技,专用机械,20260203,78.15,49.490846423597525,49.490846423597525,0.0,1.48,6.0775,81420.24,8.671263293210222,sideways,BULL_TREND,28.279858792711256,100.0,100.0,100.0,68.72752598925896,53.333333333333336,0.0,35.02175685445319,0.0,1,1,E_ablate_sector_vr1.2,True
002281,002281.SZ,光迅科技,通信设备,20260203,71.72,45.506061782843226,45.506061782843226,0.0,1.24,5.4169,38881.61,11.44585751327324,sideways,BULL_TREND,15.517006030607524,100.0,100.0,100.0,41.17993298990783,30.0,0.0,29.102670467579742,0.0,2,2,E_ablate_sector_vr1.2,True
301345,301345.SZ,涛涛车业,摩托车,20260203,217.57,48.74035615667882,48.74035615667882,0.0,2.08,8.9752,920.9,14.945269741985934,sideways,BULL_TREND,52.82917641831838,100.0,9.209,60.0,33.75433923555761,10.0,0.0,62.123220494292795,0.0,1,1,E_ablate_inflow_vr1.2,True
000988,000988.SZ,华工科技,专用机械,20260203,78.15,45.33295981569006,45.33295981569006,0.0,1.48,6.0775,81420.24,8.671263293210222,sideways,BULL_TREND,28.279858792711256,100.0,100.0,100.0,52.28075594728355,53.333333333333336,0.0,35.02175685445319,0.0,2,2,E_ablate_inflow_vr1.2,True
603668,603668.SH,天马科技,饲料,20260203,15.52,45.039948592863034,45.039948592863034,0.0,1.44,3.1289,1495.22,10.753306497987355,sideways,BULL_TREND,26.303440583379377,100.0,14.9522,80.0,46.35231941347237,30.0,0.0,54.169531270822645,0.0,3,3,E_ablate_inflow_vr1.2,True
000988,000988.SZ,华工科技,专用机械,20260203,78.15,55.597364499451984,55.597364499451984,0.0,1.48,6.0775,81420.24,8.671263293210222,sideways,BULL_TREND,28.279858792711256,100.0,100.0,100.0,68.72752598925896,53.333333333333336,0.0,35.02175685445319,0.0,1,1,E_ablate_wyckoff_vr1.2,True
002498,002498.SZ,汉缆股份,电气设备,20260203,5.89,52.31762651557189,52.31762651557189,0.0,1.2,9.6951,15308.59,9.800918836140896,sideways,BULL_TREND,13.151720291689688,100.0,100.0,80.0,77.05054256488992,33.33333333333333,0.0,7.27013525362006,0.0,2,2,E_ablate_wyckoff_vr1.2,True
600089,600089.SH,特变电工,电气设备,20260203,29.3,51.71762651557189,51.71762651557189,0.0,1.2,8.9465,99070.99,11.18520763867839,sideways,BULL_TREND,13.151720291689688,100.0,100.0,65.0,77.05054256488992,33.33333333333333,0.0,17.546279924470422,0.0,3,3,E_ablate_wyckoff_vr1.2,True
000988,000988.SZ,华工科技,专用机械,20260203,78.15,59.799975321986366,59.799975321986366,0.0,1.48,6.0775,81420.24,8.671263293210222,sideways,BULL_TREND,28.279858792711256,100.0,100.0,100.0,68.72752598925896,53.333333333333336,0.0,35.02175685445319,0.0,1,1,E_ablate_accel_vr1.2,True
600089,600089.SH,特变电工,电气设备,20260203,29.3,53.82318010650834,53.82318010650834,0.0,1.2,8.9465,99070.99,11.18520763867839,sideways,BULL_TREND,13.151720291689688,100.0,100.0,65.0,77.05054256488992,33.33333333333333,0.0,17.546279924470422,0.0,2,2,E_ablate_accel_vr1.2,True
002498,002498.SZ,汉缆股份,电气设备,20260203,5.89,53.19004274600629,53.19004274600629,0.0,1.2,9.6951,15308.59,9.800918836140896,sideways,BULL_TREND,13.151720291689688,100.0,100.0,80.0,77.05054256488992,33.33333333333333,0.0,7.27013525362006,0.0,3,3,E_ablate_accel_vr1.2,True
002309,002309.SZ,中利集团,电气设备,20260204,3.14,79.77958291857611,70.62858062064278,9.151002297933337,2.43,8.1586,12719.22,4.84848484848484,weak_momentum,BULL_TREND,64.04781569155281,100.0,100.0,80.0,91.51002297933337,66.66666666666666,0.0,66.41047657784347,0.0,1,1,A_recovered_proxy_vr1.5,True
601012,601012.SH,隆基绿能,电气设备,20260204,19.31,68.96312564058881,59.812123342655475,9.151002297933337,1.6,5.4032,152194.35,3.6907730673316803,weak_momentum,BULL_TREND,33.903595255631885,100.0,100.0,65.0,91.51002297933337,33.33333333333333,0.0,40.55609293829346,0.0,2,2,A_recovered_proxy_vr1.5,True
002617,002617.SZ,露笑科技,电气设备,20260204,9.1,66.48400509426214,57.33300279632881,9.151002297933337,1.56,8.0119,26334.41,8.908908908908915,weak_momentum,BULL_TREND,32.07730145437618,100.0,100.0,80.0,91.51002297933337,66.66666666666666,0.0,9.743805319593632,0.0,3,3,A_recovered_proxy_vr1.5,True
002309,002309.SZ,中利集团,电气设备,20260204,3.14,70.62858062064278,70.62858062064278,0.0,2.43,8.1586,12719.22,4.84848484848484,weak_momentum,BULL_TREND,64.04781569155281,100.0,100.0,80.0,91.51002297933337,66.66666666666666,0.0,66.41047657784347,0.0,1,1,B_pure_quant_vr1.5,True
002984,002984.SZ,森麒麟,汽车配件,20260204,20.93,60.984831686227814,60.984831686227814,0.0,1.93,4.3049,19259.83,4.472843450479235,weak_momentum,BULL_TREND,47.430042374667785,100.0,100.0,80.0,53.43059844789775,30.0,0.0,69.0382370856199,0.0,2,2,B_pure_quant_vr1.5,True
601012,601012.SH,隆基绿能,电气设备,20260204,19.31,59.812123342655475,59.812123342655475,0.0,1.6,5.4032,152194.35,3.6907730673316803,weak_momentum,BULL_TREND,33.903595255631885,100.0,100.0,65.0,91.51002297933337,33.33333333333333,0.0,40.55609293829346,0.0,3,3,B_pure_quant_vr1.5,True
002309,002309.SZ,中利集团,电气设备,20260204,3.14,77.05181943886966,68.9919225328189,8.059896906050753,2.43,8.1586,12719.22,4.84848484848484,weak_momentum,BULL_TREND,64.04781569155281,100.0,100.0,80.0,80.59896906050753,66.66666666666666,0.0,66.41047657784347,0.0,1,1,A_recovered_proxy_vr1.2,True
601012,601012.SH,隆基绿能,电气设备,20260204,19.31,66.23536216088235,58.1754652548316,8.059896906050753,1.6,5.4032,152194.35,3.6907730673316803,weak_momentum,BULL_TREND,33.903595255631885,100.0,100.0,65.0,80.59896906050753,33.33333333333333,0.0,40.55609293829346,0.0,2,2,A_recovered_proxy_vr1.2,True
002617,002617.SZ,露笑科技,电气设备,20260204,9.1,63.75624161455569,55.69634470850494,8.059896906050753,1.56,8.0119,26334.41,8.908908908908915,weak_momentum,BULL_TREND,32.07730145437618,100.0,100.0,80.0,80.59896906050753,66.66666666666666,0.0,9.743805319593632,0.0,3,3,A_recovered_proxy_vr1.2,True
002309,002309.SZ,中利集团,电气设备,20260204,3.14,68.9919225328189,68.9919225328189,0.0,2.43,8.1586,12719.22,4.84848484848484,weak_momentum,BULL_TREND,64.04781569155281,100.0,100.0,80.0,80.59896906050753,66.66666666666666,0.0,66.41047657784347,0.0,1,1,D_pure_quant_vr1.2,True
002984,002984.SZ,森麒麟,汽车配件,20260204,20.93,60.43365980158494,60.43365980158494,0.0,1.93,4.3049,19259.83,4.472843450479235,weak_momentum,BULL_TREND,47.430042374667785,100.0,100.0,80.0,49.75611921694525,30.0,0.0,69.0382370856199,0.0,2,2,D_pure_quant_vr1.2,True
601012,601012.SH,隆基绿能,电气设备,20260204,19.31,58.1754652548316,58.1754652548316,0.0,1.6,5.4032,152194.35,3.6907730673316803,weak_momentum,BULL_TREND,33.903595255631885,100.0,100.0,65.0,80.59896906050753,33.33333333333333,0.0,40.55609293829346,0.0,3,3,D_pure_quant_vr1.2,True
002309,002309.SZ,中利集团,电气设备,20260204,3.14,56.902077173742775,56.902077173742775,0.0,2.43,8.1586,12719.22,4.84848484848484,weak_momentum,BULL_TREND,64.04781569155281,100.0,100.0,80.0,80.59896906050753,66.66666666666666,0.0,66.41047657784347,0.0,1,1,E_ablate_sector_vr1.2,True
002984,002984.SZ,森麒麟,汽车配件,20260204,20.93,52.970241919043154,52.970241919043154,0.0,1.93,4.3049,19259.83,4.472843450479235,weak_momentum,BULL_TREND,47.430042374667785,100.0,100.0,80.0,49.75611921694525,30.0,0.0,69.0382370856199,0.0,2,2,E_ablate_sector_vr1.2,True
002328,002328.SZ,新朋股份,汽车配件,20260204,7.25,50.631481796856136,50.631481796856136,0.0,2.12,7.4475,7964.18,4.100529100529095,weak_momentum,BULL_TREND,54.20321323942373,100.0,79.6418,100.0,49.75611921694525,66.66666666666666,0.0,52.214283184061614,0.0,3,3,E_ablate_sector_vr1.2,True
002309,002309.SZ,中利集团,电气设备,20260204,3.14,50.620886236301835,50.620886236301835,0.0,2.43,8.1586,12719.22,4.84848484848484,weak_momentum,BULL_TREND,64.04781569155281,100.0,100.0,80.0,78.12539375039375,66.66666666666666,0.0,66.41047657784347,0.0,1,1,E_ablate_inflow_vr1.2,True
002309,002309.SZ,中利集团,电气设备,20260204,3.14,59.030351046142385,59.030351046142385,0.0,2.43,8.1586,12719.22,4.84848484848484,weak_momentum,BULL_TREND,64.04781569155281,100.0,100.0,80.0,80.59896906050753,66.66666666666666,0.0,66.41047657784347,0.0,1,1,E_ablate_wyckoff_vr1.2,True
002617,002617.SZ,露笑科技,电气设备,20260204,9.1,54.23477391056589,54.23477391056589,0.0,1.56,8.0119,26334.41,8.908908908908915,weak_momentum,BULL_TREND,32.07730145437618,100.0,100.0,80.0,80.59896906050753,66.66666666666666,0.0,9.743805319593632,0.0,2,2,E_ablate_wyckoff_vr1.2,True
601012,601012.SH,隆基绿能,电气设备,20260204,19.31,52.09205131408758,52.09205131408758,0.0,1.6,5.4032,152194.35,3.6907730673316803,weak_momentum,BULL_TREND,33.903595255631885,100.0,100.0,65.0,80.59896906050753,33.33333333333333,0.0,40.55609293829346,0.0,3,3,E_ablate_wyckoff_vr1.2,True
002309,002309.SZ,中利集团,电气设备,20260204,3.14,68.9919225328189,68.9919225328189,0.0,2.43,8.1586,12719.22,4.84848484848484,weak_momentum,BULL_TREND,64.04781569155281,100.0,100.0,80.0,80.59896906050753,66.66666666666666,0.0,66.41047657784347,0.0,1,1,E_ablate_accel_vr1.2,True
002984,002984.SZ,森麒麟,汽车配件,20260204,20.93,60.43365980158494,60.43365980158494,0.0,1.93,4.3049,19259.83,4.472843450479235,weak_momentum,BULL_TREND,47.430042374667785,100.0,100.0,80.0,49.75611921694525,30.0,0.0,69.0382370856199,0.0,2,2,E_ablate_accel_vr1.2,True
601012,601012.SH,隆基绿能,电气设备,20260204,19.31,58.1754652548316,58.1754652548316,0.0,1.6,5.4032,152194.35,3.6907730673316803,weak_momentum,BULL_TREND,33.903595255631885,100.0,100.0,65.0,80.59896906050753,33.33333333333333,0.0,40.55609293829346,0.0,3,3,E_ablate_accel_vr1.2,True
000759,000759.SZ,中百集团,超市连锁,20260205,7.48,79.27337121116712,71.10020328951136,8.173167921655764,2.28,8.2683,9699.0,11.16389548693586,sideways,BULL_TREND,59.451691219500844,100.0,96.99,80.0,81.73167921655764,66.66666666666666,0.0,63.24121671170161,0.0,1,1,A_recovered_proxy_vr1.5,True
000905,000905.SZ,厦门港务,港口,20260205,13.16,78.99336083925795,73.37702604554023,5.616334793717718,2.87,7.9322,10314.56,11.380471380471377,sideways,BULL_TREND,76.05253684504815,100.0,100.0,100.0,56.16334793717718,33.33333333333333,0.0,79.61915901988668,0.0,2,2,A_recovered_proxy_vr1.5,True
002251,002251.SZ,步步高,超市连锁,20260205,5.3,76.74817776001957,68.57500983836381,8.173167921655764,1.86,5.661,11199.67,9.401709401709399,sideways,BULL_TREND,44.76513106666534,100.0,100.0,65.0,81.73167921655764,53.333333333333336,0.0,73.33552045455934,0.0,3,3,A_recovered_proxy_vr1.5,True
000905,000905.SZ,厦门港务,港口,20260205,13.16,73.37702604554023,73.37702604554023,0.0,2.87,7.9322,10314.56,11.380471380471377,sideways,BULL_TREND,76.05253684504815,100.0,100.0,100.0,56.16334793717718,33.33333333333333,0.0,79.61915901988668,0.0,1,1,B_pure_quant_vr1.5,True
000759,000759.SZ,中百集团,超市连锁,20260205,7.48,71.10020328951136,71.10020328951136,0.0,2.28,8.2683,9699.0,11.16389548693586,sideways,BULL_TREND,59.451691219500844,100.0,96.99,80.0,81.73167921655764,66.66666666666666,0.0,63.24121671170161,0.0,2,2,B_pure_quant_vr1.5,True
002251,002251.SZ,步步高,超市连锁,20260205,5.3,68.57500983836381,68.57500983836381,0.0,1.86,5.661,11199.67,9.401709401709399,sideways,BULL_TREND,44.76513106666534,100.0,100.0,65.0,81.73167921655764,53.333333333333336,0.0,73.33552045455934,0.0,3,3,B_pure_quant_vr1.5,True
000759,000759.SZ,中百集团,超市连锁,20260205,7.48,77.87707070864592,70.26242298799863,7.614647720647281,2.28,8.2683,9699.0,11.16389548693586,sideways,BULL_TREND,59.451691219500844,100.0,96.99,80.0,76.14647720647281,66.66666666666666,0.0,63.24121671170161,0.0,1,1,A_recovered_proxy_vr1.2,True
002251,002251.SZ,步步高,超市连锁,20260205,5.3,75.35187725749837,67.73722953685109,7.614647720647281,1.86,5.661,11199.67,9.401709401709399,sideways,BULL_TREND,44.76513106666534,100.0,100.0,65.0,76.14647720647281,53.333333333333336,0.0,73.33552045455934,0.0,2,2,A_recovered_proxy_vr1.2,True
000905,000905.SZ,厦门港务,港口,20260205,13.16,73.27375541567751,73.27375541567751,0.0,2.87,7.9322,10314.56,11.380471380471377,sideways,BULL_TREND,76.05253684504815,100.0,100.0,100.0,55.474877071425695,33.33333333333333,0.0,79.61915901988668,0.0,3,3,A_recovered_proxy_vr1.2,True
000905,000905.SZ,厦门港务,港口,20260205,13.16,73.27375541567751,73.27375541567751,0.0,2.87,7.9322,10314.56,11.380471380471377,sideways,BULL_TREND,76.05253684504815,100.0,100.0,100.0,55.474877071425695,33.33333333333333,0.0,79.61915901988668,0.0,1,1,D_pure_quant_vr1.2,True
000759,000759.SZ,中百集团,超市连锁,20260205,7.48,70.26242298799863,70.26242298799863,0.0,2.28,8.2683,9699.0,11.16389548693586,sideways,BULL_TREND,59.451691219500844,100.0,96.99,80.0,76.14647720647281,66.66666666666666,0.0,63.24121671170161,0.0,2,2,D_pure_quant_vr1.2,True
002251,002251.SZ,步步高,超市连锁,20260205,5.3,67.73722953685109,67.73722953685109,0.0,1.86,5.661,11199.67,9.401709401709399,sideways,BULL_TREND,44.76513106666534,100.0,100.0,65.0,76.14647720647281,53.333333333333336,0.0,73.33552045455934,0.0,3,3,D_pure_quant_vr1.2,True
000905,000905.SZ,厦门港务,港口,20260205,13.16,64.95252385496366,64.95252385496366,0.0,2.87,7.9322,10314.56,11.380471380471377,sideways,BULL_TREND,76.05253684504815,100.0,100.0,100.0,55.474877071425695,33.33333333333333,0.0,79.61915901988668,0.0,1,1,E_ablate_sector_vr1.2,True
000759,000759.SZ,中百集团,超市连锁,20260205,7.48,58.840451407027714,58.840451407027714,0.0,2.28,8.2683,9699.0,11.16389548693586,sideways,BULL_TREND,59.451691219500844,100.0,96.99,80.0,76.14647720647281,66.66666666666666,0.0,63.24121671170161,0.0,2,2,E_ablate_sector_vr1.2,True
002251,002251.SZ,步步高,超市连锁,20260205,5.3,56.31525795588016,56.31525795588016,0.0,1.86,5.661,11199.67,9.401709401709399,sideways,BULL_TREND,44.76513106666534,100.0,100.0,65.0,76.14647720647281,53.333333333333336,0.0,73.33552045455934,0.0,3,3,E_ablate_sector_vr1.2,True
000905,000905.SZ,厦门港务,港口,20260205,13.16,61.27375541567751,61.27375541567751,0.0,2.87,7.9322,10314.56,11.380471380471377,sideways,BULL_TREND,76.05253684504815,100.0,100.0,100.0,55.474877071425695,33.33333333333333,0.0,79.61915901988668,0.0,1,1,E_ablate_inflow_vr1.2,True
000759,000759.SZ,中百集团,超市连锁,20260205,7.48,58.62362298799863,58.62362298799863,0.0,2.28,8.2683,9699.0,11.16389548693586,sideways,BULL_TREND,59.451691219500844,100.0,96.99,80.0,76.14647720647281,66.66666666666666,0.0,63.24121671170161,0.0,2,2,E_ablate_inflow_vr1.2,True
002251,002251.SZ,步步高,超市连锁,20260205,5.3,55.73722953685108,55.73722953685108,0.0,1.86,5.661,11199.67,9.401709401709399,sideways,BULL_TREND,44.76513106666534,100.0,100.0,65.0,76.14647720647281,53.333333333333336,0.0,73.33552045455934,0.0,3,3,E_ablate_inflow_vr1.2,True
000905,000905.SZ,厦门港务,港口,20260205,13.16,63.71945633329111,63.71945633329111,0.0,2.87,7.9322,10314.56,11.380471380471377,sideways,BULL_TREND,76.05253684504815,100.0,100.0,100.0,55.474877071425695,33.33333333333333,0.0,79.61915901988668,0.0,1,1,E_ablate_wyckoff_vr1.2,True
000759,000759.SZ,中百集团,超市连锁,20260205,7.48,62.67347698259444,62.67347698259444,0.0,2.28,8.2683,9699.0,11.16389548693586,sideways,BULL_TREND,59.451691219500844,100.0,96.99,80.0,76.14647720647281,66.66666666666666,0.0,63.24121671170161,0.0,2,2,E_ablate_wyckoff_vr1.2,True
002510,002510.SZ,天汽模,汽车配件,20260205,7.53,59.69567618002554,59.69567618002554,0.0,1.85,5.5003,10047.27,11.929824561403512,sideways,BULL_TREND,44.376263537079375,100.0,100.0,65.0,80.44154356800944,63.33333333333333,0.0,45.421237898819925,0.0,3,3,E_ablate_wyckoff_vr1.2,True
000905,000905.SZ,厦门港务,港口,20260205,13.16,73.27375541567751,73.27375541567751,0.0,2.87,7.9322,10314.56,11.380471380471377,sideways,BULL_TREND,76.05253684504815,100.0,100.0,100.0,55.474877071425695,33.33333333333333,0.0,79.61915901988668,0.0,1,1,E_ablate_accel_vr1.2,True
000759,000759.SZ,中百集团,超市连锁,20260205,7.48,70.26242298799863,70.26242298799863,0.0,2.28,8.2683,9699.0,11.16389548693586,sideways,BULL_TREND,59.451691219500844,100.0,96.99,80.0,76.14647720647281,66.66666666666666,0.0,63.24121671170161,0.0,2,2,E_ablate_accel_vr1.2,True
002251,002251.SZ,步步高,超市连锁,20260205,5.3,67.73722953685109,67.73722953685109,0.0,1.86,5.661,11199.67,9.401709401709399,sideways,BULL_TREND,44.76513106666534,100.0,100.0,65.0,76.14647720647281,53.333333333333336,0.0,73.33552045455934,0.0,3,3,E_ablate_accel_vr1.2,True
002463,002463.SZ,沪电股份,元器件,20260206,69.16,71.32296206253511,62.41242164840185,8.910540414133255,1.68,4.2937,180499.06,12.951541850220272,sideways,BULL_TREND,37.42306165020178,100.0,100.0,65.0,89.10540414133254,63.33333333333333,0.0,24.557256645757604,0.0,1,1,A_recovered_proxy_vr1.5,True
002915,002915.SZ,中欣氟材,化工原料,20260206,23.25,70.13850790985438,64.52599040463797,5.612517505216422,2.56,6.5391,10978.53,10.919540229885062,sideways,BULL_TREND,67.80719051126377,100.0,100.0,65.0,56.12517505216422,43.333333333333336,0.0,31.02471306390528,0.0,2,2,A_recovered_proxy_vr1.5,True
600601,600601.SH,方正科技,元器件,20260206,11.07,68.1525624878349,59.24202207370164,8.910540414133255,1.65,4.0147,21129.87,15.881458966565349,sideways,BULL_TREND,36.12330122355455,91.18541033434651,100.0,65.0,89.10540414133254,53.333333333333336,0.0,18.34690202580718,0.0,3,3,A_recovered_proxy_vr1.5,True
601696,601696.SH,中银证券,证券,20260206,14.04,67.76969452205459,67.76969452205459,0.0,2.59,3.3372,18092.3,8.534201954397398,sideways,BULL_TREND,68.64760489559146,100.0,100.0,80.0,26.356771157625523,33.33333333333333,0.0,90.39199253928311,0.0,1,1,B_pure_quant_vr1.5,True
301301,301301.SZ,川宁生物,化学制药,20260206,11.23,65.5657562373214,65.5657562373214,0.0,2.34,4.9882,8766.17,12.945736434108527,sideways,BULL_TREND,61.32542649043399,100.0,87.6617,65.0,42.66113382447,43.333333333333336,0.0,80.74101390907293,0.0,2,2,B_pure_quant_vr1.5,True
002915,002915.SZ,中欣氟材,化工原料,20260206,23.25,64.52599040463797,64.52599040463797,0.0,2.56,6.5391,10978.53,10.919540229885062,sideways,BULL_TREND,67.80719051126377,100.0,100.0,65.0,56.12517505216422,43.333333333333336,0.0,31.02471306390528,0.0,3,3,B_pure_quant_vr1.5,True
002463,002463.SZ,沪电股份,元器件,20260206,69.16,71.32296206253511,62.41242164840185,8.910540414133255,1.68,4.2937,180499.06,12.951541850220272,sideways,BULL_TREND,37.42306165020178,100.0,100.0,65.0,89.10540414133254,63.33333333333333,0.0,24.557256645757604,0.0,1,1,A_recovered_proxy_vr1.2,True
002915,002915.SZ,中欣氟材,化工原料,20260206,23.25,69.5030139485335,64.14469402784543,5.358319920688071,2.56,6.5391,10978.53,10.919540229885062,sideways,BULL_TREND,67.80719051126377,100.0,100.0,65.0,53.583199206880714,43.333333333333336,0.0,31.02471306390528,0.0,2,2,A_recovered_proxy_vr1.2,True
600601,600601.SH,方正科技,元器件,20260206,11.07,68.1525624878349,59.24202207370164,8.910540414133255,1.65,4.0147,21129.87,15.881458966565349,sideways,BULL_TREND,36.12330122355455,91.18541033434651,100.0,65.0,89.10540414133254,53.333333333333336,0.0,18.34690202580718,0.0,3,3,A_recovered_proxy_vr1.2,True
601696,601696.SH,中银证券,证券,20260206,14.04,67.76969452205459,67.76969452205459,0.0,2.59,3.3372,18092.3,8.534201954397398,sideways,BULL_TREND,68.64760489559146,100.0,100.0,80.0,26.356771157625523,33.33333333333333,0.0,90.39199253928311,0.0,1,1,D_pure_quant_vr1.2,True
301301,301301.SZ,川宁生物,化学制药,20260206,11.23,64.5909059181,64.5909059181,0.0,2.34,4.9882,8766.17,12.945736434108527,sideways,BULL_TREND,61.32542649043399,100.0,87.6617,65.0,36.16213169632741,43.333333333333336,0.0,80.74101390907293,0.0,2,2,D_pure_quant_vr1.2,True
002915,002915.SZ,中欣氟材,化工原料,20260206,23.25,64.14469402784543,64.14469402784543,0.0,2.56,6.5391,10978.53,10.919540229885062,sideways,BULL_TREND,67.80719051126377,100.0,100.0,65.0,53.583199206880714,43.333333333333336,0.0,31.02471306390528,0.0,3,3,D_pure_quant_vr1.2,True
601696,601696.SH,中银证券,证券,20260206,14.04,63.81617884841076,63.81617884841076,0.0,2.59,3.3372,18092.3,8.534201954397398,sideways,BULL_TREND,68.64760489559146,100.0,100.0,80.0,26.356771157625523,33.33333333333333,0.0,90.39199253928311,0.0,1,1,E_ablate_sector_vr1.2,True
301301,301301.SZ,川宁生物,化学制药,20260206,11.23,59.1665861636509,59.1665861636509,0.0,2.34,4.9882,8766.17,12.945736434108527,sideways,BULL_TREND,61.32542649043399,100.0,87.6617,65.0,36.16213169632741,43.333333333333336,0.0,80.74101390907293,0.0,2,2,E_ablate_sector_vr1.2,True
000555,000555.SZ,神州信息,软件服务,20260206,17.85,56.609934795945264,56.609934795945264,0.0,1.68,6.6893,14289.54,12.11225997045789,sideways,BULL_TREND,37.42306165020178,100.0,100.0,100.0,28.25582743370838,43.333333333333336,0.0,79.25162138528508,0.0,3,3,E_ablate_sector_vr1.2,True
601696,601696.SH,中银证券,证券,20260206,14.04,55.769694522054586,55.769694522054586,0.0,2.59,3.3372,18092.3,8.534201954397398,sideways,BULL_TREND,68.64760489559146,100.0,100.0,80.0,26.356771157625523,33.33333333333333,0.0,90.39199253928311,0.0,1,1,E_ablate_inflow_vr1.2,True
301301,301301.SZ,川宁生物,化学制药,20260206,11.23,54.071501918100005,54.071501918100005,0.0,2.34,4.9882,8766.17,12.945736434108527,sideways,BULL_TREND,61.32542649043399,100.0,87.6617,65.0,36.16213169632741,43.333333333333336,0.0,80.74101390907293,0.0,2,2,E_ablate_inflow_vr1.2,True
001317,001317.SZ,三羊马,铁路,20260206,51.94,53.47745335523665,53.47745335523665,0.0,2.36,9.0571,7305.06,10.13840830449827,sideways,BULL_TREND,61.93934297935583,100.0,73.0506,60.0,45.04624991463812,53.333333333333336,0.0,63.559947882633196,0.0,3,3,E_ablate_inflow_vr1.2,True
002915,002915.SZ,中欣氟材,化工原料,20260206,23.25,60.4217284601768,60.4217284601768,0.0,2.56,6.5391,10978.53,10.919540229885062,sideways,BULL_TREND,67.80719051126377,100.0,100.0,65.0,53.583199206880714,43.333333333333336,0.0,31.02471306390528,0.0,1,1,E_ablate_wyckoff_vr1.2,True
002463,002463.SZ,沪电股份,元器件,20260206,69.16,59.46555085091094,59.46555085091094,0.0,1.68,4.2937,180499.06,12.951541850220272,sideways,BULL_TREND,37.42306165020178,100.0,100.0,65.0,89.10540414133254,63.33333333333333,0.0,24.557256645757604,0.0,2,2,E_ablate_wyckoff_vr1.2,True
001301,001301.SZ,尚太科技,电气设备,20260206,78.8,57.195457377475,57.195457377475,0.0,2.31,3.6112,12146.62,9.942857142857147,sideways,BULL_TREND,60.39464258206665,100.0,100.0,40.0,46.50201784058002,66.66666666666666,0.0,49.67472071005049,0.0,3,3,E_ablate_wyckoff_vr1.2,True
601696,601696.SH,中银证券,证券,20260206,14.04,67.76969452205459,67.76969452205459,0.0,2.59,3.3372,18092.3,8.534201954397398,sideways,BULL_TREND,68.64760489559146,100.0,100.0,80.0,26.356771157625523,33.33333333333333,0.0,90.39199253928311,0.0,1,1,E_ablate_accel_vr1.2,True
301301,301301.SZ,川宁生物,化学制药,20260206,11.23,64.5909059181,64.5909059181,0.0,2.34,4.9882,8766.17,12.945736434108527,sideways,BULL_TREND,61.32542649043399,100.0,87.6617,65.0,36.16213169632741,43.333333333333336,0.0,80.74101390907293,0.0,2,2,E_ablate_accel_vr1.2,True
002915,002915.SZ,中欣氟材,化工原料,20260206,23.25,64.14469402784543,64.14469402784543,0.0,2.56,6.5391,10978.53,10.919540229885062,sideways,BULL_TREND,67.80719051126377,100.0,100.0,65.0,53.583199206880714,43.333333333333336,0.0,31.02471306390528,0.0,3,3,E_ablate_accel_vr1.2,True
601888,601888.SH,中国中免,旅游服务,20260209,97.1,76.86032631115039,67.52713338781425,9.333192923336142,1.82,3.6702,176452.69,2.715158801723282,momentum,BULL_TREND,43.19692252119858,100.0,100.0,80.0,93.33192923336142,63.33333333333333,0.0,52.14542496295515,0.0,1,1,A_recovered_proxy_vr1.5,True
002416,002416.SZ,爱施德,电器连锁,20260209,13.55,62.52812539442753,62.52812539442753,0.0,2.59,3.7212,11610.1,4.375441072688774,momentum,BULL_TREND,68.64760489559146,91.74735356386736,100.0,80.0,52.65296225484179,66.66666666666666,0.0,51.92323519400388,0.0,2,2,A_recovered_proxy_vr1.5,True
301070,301070.SZ,开勒股份,机械基件,20260209,62.8,58.84303243007968,58.84303243007968,0.0,2.86,6.3693,7056.15,3.2059186189889,momentum,BULL_TREND,75.80075735018323,98.7644882860666,70.5615,65.0,40.29221863337969,63.33333333333333,0.0,90.0905960560293,0.0,3,3,A_recovered_proxy_vr1.5,True
601888,601888.SH,中国中免,旅游服务,20260209,97.1,67.52713338781425,67.52713338781425,0.0,1.82,3.6702,176452.69,2.715158801723282,momentum,BULL_TREND,43.19692252119858,100.0,100.0,80.0,93.33192923336142,63.33333333333333,0.0,52.14542496295515,0.0,1,1,B_pure_quant_vr1.5,True
002416,002416.SZ,爱施德,电器连锁,20260209,13.55,62.52812539442753,62.52812539442753,0.0,2.59,3.7212,11610.1,4.375441072688774,momentum,BULL_TREND,68.64760489559146,91.74735356386736,100.0,80.0,52.65296225484179,66.66666666666666,0.0,51.92323519400388,0.0,2,2,B_pure_quant_vr1.5,True
301070,301070.SZ,开勒股份,机械基件,20260209,62.8,58.84303243007968,58.84303243007968,0.0,2.86,6.3693,7056.15,3.2059186189889,momentum,BULL_TREND,75.80075735018323,98.7644882860666,70.5615,65.0,40.29221863337969,63.33333333333333,0.0,90.0905960560293,0.0,3,3,B_pure_quant_vr1.5,True
601888,601888.SH,中国中免,旅游服务,20260209,97.1,77.00181139629687,67.6214567779119,9.38035461838497,1.82,3.6702,176452.69,2.715158801723282,momentum,BULL_TREND,43.19692252119858,100.0,100.0,80.0,93.8035461838497,63.33333333333333,0.0,52.14542496295515,0.0,1,1,A_recovered_proxy_vr1.2,True
002850,002850.SZ,科达利,电气设备,20260209,179.09,68.66367398333381,60.306802908071745,8.356871075262058,1.47,6.1783,15357.68,1.5934941480301148,momentum,BULL_TREND,27.790807753081985,100.0,100.0,65.0,83.56871075262058,33.33333333333333,0.0,45.07772927918664,0.0,2,2,A_recovered_proxy_vr1.2,True
002416,002416.SZ,爱施德,电器连锁,20260209,13.55,62.635577221381595,62.635577221381595,0.0,2.59,3.7212,11610.1,4.375441072688774,momentum,BULL_TREND,68.64760489559146,91.74735356386736,100.0,80.0,53.1902213896121,66.66666666666666,0.0,51.92323519400388,0.0,3,3,A_recovered_proxy_vr1.2,True
601888,601888.SH,中国中免,旅游服务,20260209,97.1,67.6214567779119,67.6214567779119,0.0,1.82,3.6702,176452.69,2.715158801723282,momentum,BULL_TREND,43.19692252119858,100.0,100.0,80.0,93.8035461838497,63.33333333333333,0.0,52.14542496295515,0.0,1,1,D_pure_quant_vr1.2,True
002416,002416.SZ,爱施德,电器连锁,20260209,13.55,62.635577221381595,62.635577221381595,0.0,2.59,3.7212,11610.1,4.375441072688774,momentum,BULL_TREND,68.64760489559146,91.74735356386736,100.0,80.0,53.1902213896121,66.66666666666666,0.0,51.92323519400388,0.0,2,2,D_pure_quant_vr1.2,True
605277,605277.SH,新亚电子,元器件,20260209,25.15,60.964644131950735,60.964644131950735,0.0,1.72,5.0419,10353.61,3.269230769230775,momentum,BULL_TREND,39.12042824636866,98.38461538461534,100.0,80.0,71.33672756219795,63.33333333333333,0.0,38.2410617742764,0.0,3,3,D_pure_quant_vr1.2,True
002416,002416.SZ,爱施德,电器连锁,20260209,13.55,51.99753294345918,51.99753294345918,0.0,2.59,3.7212,11610.1,4.375441072688774,momentum,BULL_TREND,68.64760489559146,91.74735356386736,100.0,80.0,53.1902213896121,66.66666666666666,0.0,51.92323519400388,0.0,1,1,E_ablate_sector_vr1.2,True
301070,301070.SZ,开勒股份,机械基件,20260209,62.8,50.78458870340374,50.78458870340374,0.0,2.86,6.3693,7056.15,3.2059186189889,momentum,BULL_TREND,75.80075735018323,98.7644882860666,70.5615,65.0,42.97161973437663,63.33333333333333,0.0,90.0905960560293,0.0,2,2,E_ablate_sector_vr1.2,True
601888,601888.SH,中国中免,旅游服务,20260209,97.1,48.86074754114197,48.86074754114197,0.0,1.82,3.6702,176452.69,2.715158801723282,momentum,BULL_TREND,43.19692252119858,100.0,100.0,80.0,93.8035461838497,63.33333333333333,0.0,52.14542496295515,0.0,3,3,E_ablate_sector_vr1.2,True
601888,601888.SH,中国中免,旅游服务,20260209,97.1,47.62145677791191,47.62145677791191,0.0,1.82,3.6702,176452.69,2.715158801723282,momentum,BULL_TREND,43.19692252119858,100.0,100.0,80.0,93.8035461838497,63.33333333333333,0.0,52.14542496295515,0.0,1,1,E_ablate_inflow_vr1.2,True
301070,301070.SZ,开勒股份,机械基件,20260209,62.8,45.266612650279065,45.266612650279065,0.0,2.86,6.3693,7056.15,3.2059186189889,momentum,BULL_TREND,75.80075735018323,98.7644882860666,70.5615,65.0,42.97161973437663,63.33333333333333,0.0,90.0905960560293,0.0,2,2,E_ablate_inflow_vr1.2,True
601888,601888.SH,中国中免,旅游服务,20260209,97.1,62.406914281616395,62.406914281616395,0.0,1.82,3.6702,176452.69,2.715158801723282,momentum,BULL_TREND,43.19692252119858,100.0,100.0,80.0,93.8035461838497,63.33333333333333,0.0,52.14542496295515,0.0,1,1,E_ablate_wyckoff_vr1.2,True
002416,002416.SZ,爱施德,电器连锁,20260209,13.55,57.443253701981206,57.443253701981206,0.0,2.59,3.7212,11610.1,4.375441072688774,momentum,BULL_TREND,68.64760489559146,91.74735356386736,100.0,80.0,53.1902213896121,66.66666666666666,0.0,51.92323519400388,0.0,2,2,E_ablate_wyckoff_vr1.2,True
605277,605277.SH,新亚电子,元器件,20260209,25.15,57.14053795452309,57.14053795452309,0.0,1.72,5.0419,10353.61,3.269230769230775,momentum,BULL_TREND,39.12042824636866,98.38461538461534,100.0,80.0,71.33672756219795,63.33333333333333,0.0,38.2410617742764,0.0,3,3,E_ablate_wyckoff_vr1.2,True
601888,601888.SH,中国中免,旅游服务,20260209,97.1,67.6214567779119,67.6214567779119,0.0,1.82,3.6702,176452.69,2.715158801723282,momentum,BULL_TREND,43.19692252119858,100.0,100.0,80.0,93.8035461838497,63.33333333333333,0.0,52.14542496295515,0.0,1,1,E_ablate_accel_vr1.2,True
002416,002416.SZ,爱施德,电器连锁,20260209,13.55,62.635577221381595,62.635577221381595,0.0,2.59,3.7212,11610.1,4.375441072688774,momentum,BULL_TREND,68.64760489559146,91.74735356386736,100.0,80.0,53.1902213896121,66.66666666666666,0.0,51.92323519400388,0.0,2,2,E_ablate_accel_vr1.2,True
605277,605277.SH,新亚电子,元器件,20260209,25.15,60.964644131950735,60.964644131950735,0.0,1.72,5.0419,10353.61,3.269230769230775,momentum,BULL_TREND,39.12042824636866,98.38461538461534,100.0,80.0,71.33672756219795,63.33333333333333,0.0,38.2410617742764,0.0,3,3,E_ablate_accel_vr1.2,True
002050,002050.SZ,三花智控,家用电器,20260210,53.3,76.31907123360571,68.63962123360571,7.67945,1.56,5.0266,90035.22,12.292249465196653,weak_momentum,BULL_TREND,32.07730145437618,97.5645877900279,100.0,100.0,76.7945,63.33333333333333,0.0,29.562892093195103,100.0,1,1,A_recovered_proxy_vr1.5,True
600825,600825.SH,新华传媒,出版业,20260210,7.22,70.8481759946592,70.8481759946592,0.0,3.13,5.9113,9722.06,5.249343832021002,weak_momentum,BULL_TREND,82.30813285789468,100.0,97.22059999999999,80.0,46.57338448149521,63.33333333333333,0.0,98.99715818056033,0.0,2,2,A_recovered_proxy_vr1.5,True
002210,002210.SZ,飞马国际,环境保护,20260210,3.31,68.64032633390654,68.64032633390654,0.0,2.87,6.4981,11515.62,5.698005698005691,weak_momentum,BULL_TREND,76.05253684504815,100.0,100.0,100.0,44.00295566977934,53.333333333333336,0.0,86.43557193343835,0.0,3,3,A_recovered_proxy_vr1.5,True
600825,600825.SH,新华传媒,出版业,20260210,7.22,70.8481759946592,70.8481759946592,0.0,3.13,5.9113,9722.06,5.249343832021002,weak_momentum,BULL_TREND,82.30813285789468,100.0,97.22059999999999,80.0,46.57338448149521,63.33333333333333,0.0,98.99715818056033,0.0,1,1,B_pure_quant_vr1.5,True
002210,002210.SZ,飞马国际,环境保护,20260210,3.31,68.64032633390654,68.64032633390654,0.0,2.87,6.4981,11515.62,5.698005698005691,weak_momentum,BULL_TREND,76.05253684504815,100.0,100.0,100.0,44.00295566977934,53.333333333333336,0.0,86.43557193343835,0.0,2,2,B_pure_quant_vr1.5,True
002050,002050.SZ,三花智控,家用电器,20260210,53.3,68.63962123360571,68.63962123360571,0.0,1.56,5.0266,90035.22,12.292249465196653,weak_momentum,BULL_TREND,32.07730145437618,97.5645877900279,100.0,100.0,76.7945,63.33333333333333,0.0,29.562892093195103,100.0,3,3,B_pure_quant_vr1.5,True
002050,002050.SZ,三花智控,家用电器,20260210,53.3,74.66821401437593,67.64910690206784,7.019107112308089,1.56,5.0266,90035.22,12.292249465196653,weak_momentum,BULL_TREND,32.07730145437618,97.5645877900279,100.0,100.0,70.19107112308089,63.33333333333333,0.0,29.562892093195103,100.0,1,1,A_recovered_proxy_vr1.2,True
603268,603268.SH,松发股份,船舶,20260210,89.67,72.08303984389222,65.65305590218014,6.429983941712078,2.19,4.2933,15213.81,4.5251277683134585,weak_momentum,BULL_TREND,56.54654349132243,100.0,100.0,80.0,64.29983941712078,66.66666666666666,0.0,67.95176755053558,0.0,2,2,A_recovered_proxy_vr1.2,True
600825,600825.SH,新华传媒,出版业,20260210,7.22,70.68881117666737,70.68881117666737,0.0,3.13,5.9113,9722.06,5.249343832021002,weak_momentum,BULL_TREND,82.30813285789468,100.0,97.22059999999999,80.0,45.5109523615497,63.33333333333333,0.0,98.99715818056033,0.0,3,3,A_recovered_proxy_vr1.2,True
600825,600825.SH,新华传媒,出版业,20260210,7.22,70.68881117666737,70.68881117666737,0.0,3.13,5.9113,9722.06,5.249343832021002,weak_momentum,BULL_TREND,82.30813285789468,100.0,97.22059999999999,80.0,45.5109523615497,63.33333333333333,0.0,98.99715818056033,0.0,1,1,D_pure_quant_vr1.2,True
002210,002210.SZ,飞马国际,环境保护,20260210,3.31,68.57887354588513,68.57887354588513,0.0,2.87,6.4981,11515.62,5.698005698005691,weak_momentum,BULL_TREND,76.05253684504815,100.0,100.0,100.0,43.59327041630325,53.333333333333336,0.0,86.43557193343835,0.0,2,2,D_pure_quant_vr1.2,True
002050,002050.SZ,三花智控,家用电器,20260210,53.3,67.64910690206784,67.64910690206784,0.0,1.56,5.0266,90035.22,12.292249465196653,weak_momentum,BULL_TREND,32.07730145437618,97.5645877900279,100.0,100.0,70.19107112308089,63.33333333333333,0.0,29.562892093195103,100.0,3,3,D_pure_quant_vr1.2,True
600825,600825.SH,新华传媒,出版业,20260210,7.22,63.86216832243492,63.86216832243492,0.0,3.13,5.9113,9722.06,5.249343832021002,weak_momentum,BULL_TREND,82.30813285789468,100.0,97.22059999999999,80.0,45.5109523615497,63.33333333333333,0.0,98.99715818056033,0.0,1,1,E_ablate_sector_vr1.2,True
002210,002210.SZ,飞马国际,环境保护,20260210,3.31,62.03988298343964,62.03988298343964,0.0,2.87,6.4981,11515.62,5.698005698005691,weak_momentum,BULL_TREND,76.05253684504815,100.0,100.0,100.0,43.59327041630325,53.333333333333336,0.0,86.43557193343835,0.0,2,2,E_ablate_sector_vr1.2,True
002050,002050.SZ,三花智控,家用电器,20260210,53.3,57.120446233605705,57.120446233605705,0.0,1.56,5.0266,90035.22,12.292249465196653,weak_momentum,BULL_TREND,32.07730145437618,97.5645877900279,100.0,100.0,70.19107112308089,63.33333333333333,0.0,29.562892093195103,100.0,3,3,E_ablate_sector_vr1.2,True
600825,600825.SH,新华传媒,出版业,20260210,7.22,53.377663790975845,53.377663790975845,0.0,3.13,5.9113,9722.06,5.249343832021002,weak_momentum,BULL_TREND,82.30813285789468,100.0,97.22059999999999,80.0,46.768023123606184,63.33333333333333,0.0,98.99715818056033,0.0,1,1,E_ablate_inflow_vr1.2,True
002425,002425.SZ,凯撒文化,互联网,20260210,4.15,53.344080318674,53.344080318674,0.0,3.9,8.3598,5854.91,4.816513761467888,weak_momentum,BULL_TREND,98.1737061987443,100.0,58.549099999999996,80.0,52.34039322360341,33.33333333333333,0.0,87.3353249243679,0.0,2,2,E_ablate_inflow_vr1.2,True
000665,000665.SZ,湖北广电,影视音像,20260210,5.83,51.32323849549998,51.32323849549998,0.0,3.14,5.1181,5139.08,7.460317460317456,weak_momentum,BULL_TREND,82.53822795584512,100.0,51.3908,65.0,44.872351419404744,43.333333333333336,0.0,98.6332328169722,0.0,3,3,E_ablate_inflow_vr1.2,True
002050,002050.SZ,三花智控,家用电器,20260210,53.3,63.214673088088574,63.214673088088574,0.0,1.56,5.0266,90035.22,12.292249465196653,weak_momentum,BULL_TREND,32.07730145437618,97.5645877900279,100.0,100.0,70.19107112308089,63.33333333333333,0.0,29.562892093195103,100.0,1,1,E_ablate_wyckoff_vr1.2,True
600010,600010.SH,包钢股份,普钢,20260210,2.61,56.86912676432569,56.86912676432569,0.0,1.81,5.0419,80536.13,4.744525547445268,weak_momentum,BULL_TREND,42.799484865424034,100.0,100.0,100.0,85.21691578563616,53.333333333333336,0.0,29.562187207556036,0.0,2,2,E_ablate_wyckoff_vr1.2,True
600825,600825.SH,新华传媒,出版业,20260210,7.22,55.83923744958332,55.83923744958332,0.0,3.13,5.9113,9722.06,5.249343832021002,weak_momentum,BULL_TREND,82.30813285789468,100.0,97.22059999999999,80.0,45.5109523615497,63.33333333333333,0.0,98.99715818056033,0.0,3,3,E_ablate_wyckoff_vr1.2,True
600825,600825.SH,新华传媒,出版业,20260210,7.22,70.68881117666737,70.68881117666737,0.0,3.13,5.9113,9722.06,5.249343832021002,weak_momentum,BULL_TREND,82.30813285789468,100.0,97.22059999999999,80.0,45.5109523615497,63.33333333333333,0.0,98.99715818056033,0.0,1,1,E_ablate_accel_vr1.2,True
002210,002210.SZ,飞马国际,环境保护,20260210,3.31,68.57887354588513,68.57887354588513,0.0,2.87,6.4981,11515.62,5.698005698005691,weak_momentum,BULL_TREND,76.05253684504815,100.0,100.0,100.0,43.59327041630325,53.333333333333336,0.0,86.43557193343835,0.0,2,2,E_ablate_accel_vr1.2,True
603268,603268.SH,松发股份,船舶,20260210,89.67,65.65305590218014,65.65305590218014,0.0,2.19,4.2933,15213.81,4.5251277683134585,weak_momentum,BULL_TREND,56.54654349132243,100.0,100.0,80.0,64.29983941712078,66.66666666666666,0.0,67.95176755053558,0.0,3,3,E_ablate_accel_vr1.2,True
000559,000559.SZ,万向钱潮,汽车配件,20260211,20.21,75.47712425485177,67.42498939548551,8.052134859366268,2.55,10.9801,53700.74,3.2088122605363893,weak_momentum,BULL_TREND,67.52486235420666,100.0,100.0,80.0,80.52134859366268,66.66666666666666,0.0,52.564829466478514,0.0,1,1,A_recovered_proxy_vr1.5,True
603123,603123.SH,翠微股份,多元金融,20260211,13.9,64.93310248766328,64.93310248766328,0.0,2.29,10.8659,12118.9,5.313351498637598,weak_momentum,BULL_TREND,59.76737991611096,100.0,100.0,60.0,58.28480539883647,33.33333333333333,0.0,83.72405349169668,0.0,2,2,A_recovered_proxy_vr1.5,True
002407,002407.SZ,多氟多,化工原料,20260211,30.19,63.51706845433838,57.17661212696648,6.340456327371896,1.56,8.1509,53057.81,9.284855769230768,weak_momentum,BULL_TREND,32.07730145437618,100.0,100.0,80.0,63.40456327371896,30.0,0.0,49.02888278501473,0.0,3,3,A_recovered_proxy_vr1.5,True
000559,000559.SZ,万向钱潮,汽车配件,20260211,20.21,67.42498939548551,67.42498939548551,0.0,2.55,10.9801,53700.74,3.2088122605363893,weak_momentum,BULL_TREND,67.52486235420666,100.0,100.0,80.0,80.52134859366268,66.66666666666666,0.0,52.564829466478514,0.0,1,1,B_pure_quant_vr1.5,True
603123,603123.SH,翠微股份,多元金融,20260211,13.9,64.93310248766328,64.93310248766328,0.0,2.29,10.8659,12118.9,5.313351498637598,weak_momentum,BULL_TREND,59.76737991611096,100.0,100.0,60.0,58.28480539883647,33.33333333333333,0.0,83.72405349169668,0.0,2,2,B_pure_quant_vr1.5,True
301291,301291.SZ,明阳电气,电气设备,20260211,48.82,60.85611728758461,60.85611728758461,0.0,2.21,10.1272,16295.26,6.725257928926257,weak_momentum,BULL_TREND,57.202318480835345,100.0,100.0,80.0,47.28347312864393,53.333333333333336,0.0,56.77721252997367,0.0,3,3,B_pure_quant_vr1.5,True
000559,000559.SZ,万向钱潮,汽车配件,20260211,20.21,73.4232551279803,66.19266791936262,7.230587208617677,2.55,10.9801,53700.74,3.2088122605363893,weak_momentum,BULL_TREND,67.52486235420666,100.0,100.0,80.0,72.30587208617676,66.66666666666666,0.0,52.564829466478514,0.0,1,1,A_recovered_proxy_vr1.2,True
603123,603123.SH,翠微股份,多元金融,20260211,13.9,64.70746197310928,64.70746197310928,0.0,2.29,10.8659,12118.9,5.313351498637598,weak_momentum,BULL_TREND,59.76737991611096,100.0,100.0,60.0,56.78053530180972,33.33333333333333,0.0,83.72405349169668,0.0,2,2,A_recovered_proxy_vr1.2,True
600782,600782.SH,新钢股份,普钢,20260211,4.04,62.99680076018778,55.08700710578043,7.909793654407352,1.29,3.5676,12281.76,3.3492822966507103,weak_momentum,BULL_TREND,18.368553282426472,100.0,100.0,80.0,79.09793654407352,20.0,0.0,36.44689087870289,0.0,3,3,A_recovered_proxy_vr1.2,True
000559,000559.SZ,万向钱潮,汽车配件,20260211,20.21,66.19266791936262,66.19266791936262,0.0,2.55,10.9801,53700.74,3.2088122605363893,weak_momentum,BULL_TREND,67.52486235420666,100.0,100.0,80.0,72.30587208617676,66.66666666666666,0.0,52.564829466478514,0.0,1,1,D_pure_quant_vr1.2,True
603123,603123.SH,翠微股份,多元金融,20260211,13.9,64.70746197310928,64.70746197310928,0.0,2.29,10.8659,12118.9,5.313351498637598,weak_momentum,BULL_TREND,59.76737991611096,100.0,100.0,60.0,56.78053530180972,33.33333333333333,0.0,83.72405349169668,0.0,2,2,D_pure_quant_vr1.2,True
301291,301291.SZ,明阳电气,电气设备,20260211,48.82,61.991557875312665,61.991557875312665,0.0,2.21,10.1272,16295.26,6.725257928926257,weak_momentum,BULL_TREND,57.202318480835345,100.0,100.0,100.0,48.18641038016429,53.333333333333336,0.0,56.77721252997367,0.0,3,3,D_pure_quant_vr1.2,True
603123,603123.SH,翠微股份,多元金融,20260211,13.9,56.19038167783781,56.19038167783781,0.0,2.29,10.8659,12118.9,5.313351498637598,weak_momentum,BULL_TREND,59.76737991611096,100.0,100.0,60.0,56.78053530180972,33.33333333333333,0.0,83.72405349169668,0.0,1,1,E_ablate_sector_vr1.2,True
000559,000559.SZ,万向钱潮,汽车配件,20260211,20.21,55.34678710643611,55.34678710643611,0.0,2.55,10.9801,53700.74,3.2088122605363893,weak_momentum,BULL_TREND,67.52486235420666,100.0,100.0,80.0,72.30587208617676,66.66666666666666,0.0,52.564829466478514,0.0,2,2,E_ablate_sector_vr1.2,True
301291,301291.SZ,明阳电气,电气设备,20260211,48.82,54.763596318288016,54.763596318288016,0.0,2.21,10.1272,16295.26,6.725257928926257,weak_momentum,BULL_TREND,57.202318480835345,100.0,100.0,100.0,48.18641038016429,53.333333333333336,0.0,56.77721252997367,0.0,3,3,E_ablate_sector_vr1.2,True
000559,000559.SZ,万向钱潮,汽车配件,20260211,20.21,47.47744336095934,47.47744336095934,0.0,2.55,10.9801,53700.74,3.2088122605363893,weak_momentum,BULL_TREND,67.52486235420666,100.0,100.0,80.0,67.5377083634882,66.66666666666666,0.0,52.564829466478514,0.0,1,1,E_ablate_inflow_vr1.2,True
603123,603123.SH,翠微股份,多元金融,20260211,13.9,46.70746197310927,46.70746197310927,0.0,2.29,10.8659,12118.9,5.313351498637598,weak_momentum,BULL_TREND,59.76737991611096,100.0,100.0,60.0,56.78053530180972,33.33333333333333,0.0,83.72405349169668,0.0,2,2,E_ablate_inflow_vr1.2,True
000559,000559.SZ,万向钱潮,汽车配件,20260211,20.21,58.307943499390845,58.307943499390845,0.0,2.55,10.9801,53700.74,3.2088122605363893,weak_momentum,BULL_TREND,67.52486235420666,100.0,100.0,80.0,72.30587208617676,66.66666666666666,0.0,52.564829466478514,0.0,1,1,E_ablate_wyckoff_vr1.2,True
301291,301291.SZ,明阳电气,电气设备,20260211,48.82,53.474975995816614,53.474975995816614,0.0,2.21,10.1272,16295.26,6.725257928926257,weak_momentum,BULL_TREND,57.202318480835345,100.0,100.0,100.0,48.18641038016429,53.333333333333336,0.0,56.77721252997367,0.0,2,2,E_ablate_wyckoff_vr1.2,True
603123,603123.SH,翠微股份,多元金融,20260211,13.9,52.148853949354766,52.148853949354766,0.0,2.29,10.8659,12118.9,5.313351498637598,weak_momentum,BULL_TREND,59.76737991611096,100.0,100.0,60.0,56.78053530180972,33.33333333333333,0.0,83.72405349169668,0.0,3,3,E_ablate_wyckoff_vr1.2,True
000559,000559.SZ,万向钱潮,汽车配件,20260211,20.21,66.19266791936262,66.19266791936262,0.0,2.55,10.9801,53700.74,3.2088122605363893,weak_momentum,BULL_TREND,67.52486235420666,100.0,100.0,80.0,72.30587208617676,66.66666666666666,0.0,52.564829466478514,0.0,1,1,E_ablate_accel_vr1.2,True
603123,603123.SH,翠微股份,多元金融,20260211,13.9,64.70746197310928,64.70746197310928,0.0,2.29,10.8659,12118.9,5.313351498637598,weak_momentum,BULL_TREND,59.76737991611096,100.0,100.0,60.0,56.78053530180972,33.33333333333333,0.0,83.72405349169668,0.0,2,2,E_ablate_accel_vr1.2,True
301291,301291.SZ,明阳电气,电气设备,20260211,48.82,61.991557875312665,61.991557875312665,0.0,2.21,10.1272,16295.26,6.725257928926257,weak_momentum,BULL_TREND,57.202318480835345,100.0,100.0,100.0,48.18641038016429,53.333333333333336,0.0,56.77721252997367,0.0,3,3,E_ablate_accel_vr1.2,True
600089,600089.SH,特变电工,电气设备,20260212,28.92,71.32974202181934,62.85577350174856,8.473968520070784,1.74,6.4777,193598.38,12.3370718399515,weak_momentum,BULL_TREND,39.95436530370018,97.19106800040416,100.0,65.0,84.73968520070784,53.333333333333336,0.0,57.14714066248126,0.0,1,1,A_recovered_proxy_vr1.5,True
000977,000977.SZ,浪潮信息,IT设备,20260212,64.77,68.72810725012054,61.69074804427181,7.037359205848744,2.07,5.0291,97365.91,6.738660907127439,weak_momentum,BULL_TREND,52.48153838623002,100.0,100.0,65.0,70.37359205848743,53.333333333333336,0.0,48.97207873931683,0.0,2,2,A_recovered_proxy_vr1.5,True
001339,001339.SZ,智微智能,IT设备,20260212,55.36,68.10565873718274,61.06829953133399,7.037359205848744,2.11,5.1982,11625.09,6.1376737877246486,weak_momentum,BULL_TREND,53.86214994662302,100.0,100.0,65.0,70.37359205848743,63.33333333333333,0.0,40.10847709267169,0.0,3,3,A_recovered_proxy_vr1.5,True
600089,600089.SH,特变电工,电气设备,20260212,28.92,62.85577350174856,62.85577350174856,0.0,1.74,6.4777,193598.38,12.3370718399515,weak_momentum,BULL_TREND,39.95436530370018,97.19106800040416,100.0,65.0,84.73968520070784,53.333333333333336,0.0,57.14714066248126,0.0,1,1,B_pure_quant_vr1.5,True
000977,000977.SZ,浪潮信息,IT设备,20260212,64.77,61.69074804427181,61.69074804427181,0.0,2.07,5.0291,97365.91,6.738660907127439,weak_momentum,BULL_TREND,52.48153838623002,100.0,100.0,65.0,70.37359205848743,53.333333333333336,0.0,48.97207873931683,0.0,2,2,B_pure_quant_vr1.5,True
001339,001339.SZ,智微智能,IT设备,20260212,55.36,61.06829953133399,61.06829953133399,0.0,2.11,5.1982,11625.09,6.1376737877246486,weak_momentum,BULL_TREND,53.86214994662302,100.0,100.0,65.0,70.37359205848743,63.33333333333333,0.0,40.10847709267169,0.0,3,3,B_pure_quant_vr1.5,True
600089,600089.SH,特变电工,电气设备,20260212,28.92,71.00832757107537,62.66292483130217,8.345402739773196,1.74,6.4777,193598.38,12.3370718399515,weak_momentum,BULL_TREND,39.95436530370018,97.19106800040416,100.0,65.0,83.45402739773195,53.333333333333336,0.0,57.14714066248126,0.0,1,1,A_recovered_proxy_vr1.2,True
000400,000400.SZ,许继电气,电气设备,20260212,31.02,67.8591897558732,59.51378701610001,8.345402739773196,1.4,3.7722,9481.28,10.424487438637028,weak_momentum,BULL_TREND,24.271341358512082,100.0,94.81280000000001,40.0,83.45402739773195,53.333333333333336,0.0,64.14674023997826,0.0,2,2,A_recovered_proxy_vr1.2,True
002276,002276.SZ,万马股份,电气设备,20260212,17.59,67.2845180979955,58.93911535822231,8.345402739773196,1.35,4.4712,11345.72,6.086492258408972,weak_momentum,BULL_TREND,21.647970363805314,100.0,100.0,40.0,83.45402739773195,53.333333333333336,0.0,56.71432684883371,0.0,3,3,A_recovered_proxy_vr1.2,True
600089,600089.SH,特变电工,电气设备,20260212,28.92,62.66292483130217,62.66292483130217,0.0,1.74,6.4777,193598.38,12.3370718399515,weak_momentum,BULL_TREND,39.95436530370018,97.19106800040416,100.0,65.0,83.45402739773195,53.333333333333336,0.0,57.14714066248126,0.0,1,1,D_pure_quant_vr1.2,True
002340,002340.SZ,格林美,小金属,20260212,9.64,61.53246932496534,61.53246932496534,0.0,2.54,11.244,14038.41,5.304518664047143,weak_momentum,BULL_TREND,67.24142484987206,100.0,100.0,100.0,54.823282976435024,33.33333333333333,0.0,43.707309895684105,0.0,2,2,D_pure_quant_vr1.2,True
000977,000977.SZ,浪潮信息,IT设备,20260212,64.77,59.94323257317555,59.94323257317555,0.0,2.07,5.0291,97365.91,6.738660907127439,weak_momentum,BULL_TREND,52.48153838623002,100.0,100.0,65.0,58.7234889178457,53.333333333333336,0.0,48.97207873931683,0.0,3,3,D_pure_quant_vr1.2,True
000600,000600.SZ,建投能源,火力发电,20260212,8.86,55.8802936778952,55.8802936778952,0.0,2.29,3.8698,11438.47,4.422869471413163,weak_momentum,BULL_TREND,59.76737991611096,100.0,100.0,65.0,26.157550385438963,66.66666666666666,0.0,68.8790223809682,0.0,1,1,E_ablate_sector_vr1.2,True
002340,002340.SZ,格林美,小金属,20260212,9.64,53.30897687850009,53.30897687850009,0.0,2.54,11.244,14038.41,5.304518664047143,weak_momentum,BULL_TREND,67.24142484987206,100.0,100.0,100.0,54.823282976435024,33.33333333333333,0.0,43.707309895684105,0.0,2,2,E_ablate_sector_vr1.2,True
601975,601975.SH,招商南油,水运,20260212,3.86,51.71136931771738,51.71136931771738,0.0,2.04,5.5033,10538.2,3.500000000000003,weak_momentum,BULL_TREND,51.42845760983854,100.0,100.0,100.0,51.45467586315043,33.33333333333333,0.0,48.86956006383289,0.0,3,3,E_ablate_sector_vr1.2,True
605007,605007.SH,五洲特纸,造纸,20260212,14.94,48.14573486916505,48.14573486916505,0.0,3.87,5.7213,-6168.9,5.443037974683552,weak_momentum,BULL_TREND,97.61667831848429,100.0,0.0,100.0,23.41044303150491,33.33333333333333,0.0,75.5,0.0,1,1,E_ablate_inflow_vr1.2,True
600456,600456.SH,宝钛股份,小金属,20260212,39.36,55.06191020135236,55.06191020135236,0.0,2.62,5.2223,20888.38,8.422522103303857,weak_momentum,BULL_TREND,69.47834058813628,100.0,100.0,65.0,54.823282976435024,63.33333333333333,0.0,26.85116287596633,0.0,1,1,E_ablate_wyckoff_vr1.2,True
002340,002340.SZ,格林美,小金属,20260212,9.64,54.976372840612726,54.976372840612726,0.0,2.54,11.244,14038.41,5.304518664047143,weak_momentum,BULL_TREND,67.24142484987206,100.0,100.0,100.0,54.823282976435024,33.33333333333333,0.0,43.707309895684105,0.0,2,2,E_ablate_wyckoff_vr1.2,True
600089,600089.SH,特变电工,电气设备,20260212,28.92,54.09085373192998,54.09085373192998,0.0,1.74,6.4777,193598.38,12.3370718399515,weak_momentum,BULL_TREND,39.95436530370018,97.19106800040416,100.0,65.0,83.45402739773195,53.333333333333336,0.0,57.14714066248126,0.0,3,3,E_ablate_wyckoff_vr1.2,True
600089,600089.SH,特变电工,电气设备,20260212,28.92,62.66292483130217,62.66292483130217,0.0,1.74,6.4777,193598.38,12.3370718399515,weak_momentum,BULL_TREND,39.95436530370018,97.19106800040416,100.0,65.0,83.45402739773195,53.333333333333336,0.0,57.14714066248126,0.0,1,1,E_ablate_accel_vr1.2,True
002340,002340.SZ,格林美,小金属,20260212,9.64,61.53246932496534,61.53246932496534,0.0,2.54,11.244,14038.41,5.304518664047143,weak_momentum,BULL_TREND,67.24142484987206,100.0,100.0,100.0,54.823282976435024,33.33333333333333,0.0,43.707309895684105,0.0,2,2,E_ablate_accel_vr1.2,True
000977,000977.SZ,浪潮信息,IT设备,20260212,64.77,59.94323257317555,59.94323257317555,0.0,2.07,5.0291,97365.91,6.738660907127439,weak_momentum,BULL_TREND,52.48153838623002,100.0,100.0,65.0,58.7234889178457,53.333333333333336,0.0,48.97207873931683,0.0,3,3,E_ablate_accel_vr1.2,True
301488,301488.SZ,豪恩汽电,汽车配件,20260213,154.1,73.32704702489006,65.64074304382419,7.686303981065881,2.29,9.7218,3258.33,8.14805984383383,sideways,BULL_TREND,59.76737991611096,100.0,32.5833,100.0,76.8630398106588,53.333333333333336,95.47799999999998,59.3455068667858,0.0,1,1,A_recovered_proxy_vr1.5,True
603197,603197.SH,保隆科技,汽车配件,20260213,37.79,70.91684735961522,63.23054337854934,7.686303981065881,3.75,3.9652,6064.46,4.134956874682908,sideways,BULL_TREND,95.34452978042593,41.34956874682908,60.6446,65.0,76.8630398106588,63.33333333333333,100.0,62.36972553573129,0.0,2,2,A_recovered_proxy_vr1.5,True
002766,002766.SZ,索菱股份,汽车配件,20260213,5.83,69.5068822571089,61.820578276043015,7.686303981065881,1.94,5.304,4458.84,8.333333333333337,sideways,BULL_TREND,47.802832620620144,100.0,44.5884,65.0,76.8630398106588,43.333333333333336,81.51399999999998,54.26503717700916,0.0,3,3,A_recovered_proxy_vr1.5,True
002896,002896.SZ,中大力德,机械基件,20260213,86.19,68.39490581748977,68.39490581748977,0.0,2.67,5.3627,16839.05,6.090651558073658,sideways,BULL_TREND,70.84198709564146,68.1775259678943,100.0,100.0,57.288840037312426,63.33333333333333,100.0,74.58850226040317,0.0,1,1,B_pure_quant_vr1.5,True
301488,301488.SZ,豪恩汽电,汽车配件,20260213,154.1,65.64074304382419,65.64074304382419,0.0,2.29,9.7218,3258.33,8.14805984383383,sideways,BULL_TREND,59.76737991611096,100.0,32.5833,100.0,76.8630398106588,53.333333333333336,95.47799999999998,59.3455068667858,0.0,2,2,B_pure_quant_vr1.5,True
603197,603197.SH,保隆科技,汽车配件,20260213,37.79,63.23054337854934,63.23054337854934,0.0,3.75,3.9652,6064.46,4.134956874682908,sideways,BULL_TREND,95.34452978042593,41.34956874682908,60.6446,65.0,76.8630398106588,63.33333333333333,100.0,62.36972553573129,0.0,3,3,B_pure_quant_vr1.5,True
301488,301488.SZ,豪恩汽电,汽车配件,20260213,154.1,69.40342919104022,63.28657234351428,6.116856847525937,2.29,9.7218,3258.33,8.14805984383383,sideways,BULL_TREND,59.76737991611096,100.0,32.5833,100.0,61.16856847525936,53.333333333333336,95.47799999999998,59.3455068667858,0.0,1,1,A_recovered_proxy_vr1.2,True
002896,002896.SZ,中大力德,机械基件,20260213,86.19,67.21308899023602,67.21308899023602,0.0,2.67,5.3627,16839.05,6.090651558073658,sideways,BULL_TREND,70.84198709564146,68.1775259678943,100.0,100.0,49.410061188954025,63.33333333333333,100.0,74.58850226040317,0.0,2,2,A_recovered_proxy_vr1.2,True
603197,603197.SH,保隆科技,汽车配件,20260213,37.79,66.99322952576536,60.87637267823943,6.116856847525937,3.75,3.9652,6064.46,4.134956874682908,sideways,BULL_TREND,95.34452978042593,41.34956874682908,60.6446,65.0,61.16856847525936,63.33333333333333,100.0,62.36972553573129,0.0,3,3,A_recovered_proxy_vr1.2,True
002896,002896.SZ,中大力德,机械基件,20260213,86.19,67.21308899023602,67.21308899023602,0.0,2.67,5.3627,16839.05,6.090651558073658,sideways,BULL_TREND,70.84198709564146,68.1775259678943,100.0,100.0,49.410061188954025,63.33333333333333,100.0,74.58850226040317,0.0,1,1,D_pure_quant_vr1.2,True
301488,301488.SZ,豪恩汽电,汽车配件,20260213,154.1,63.28657234351428,63.28657234351428,0.0,2.29,9.7218,3258.33,8.14805984383383,sideways,BULL_TREND,59.76737991611096,100.0,32.5833,100.0,61.16856847525936,53.333333333333336,95.47799999999998,59.3455068667858,0.0,2,2,D_pure_quant_vr1.2,True
603197,603197.SH,保隆科技,汽车配件,20260213,37.79,60.87637267823943,60.87637267823943,0.0,3.75,3.9652,6064.46,4.134956874682908,sideways,BULL_TREND,95.34452978042593,41.34956874682908,60.6446,65.0,61.16856847525936,63.33333333333333,100.0,62.36972553573129,0.0,3,3,D_pure_quant_vr1.2,True
002896,002896.SZ,中大力德,机械基件,20260213,86.19,59.801579811892914,59.801579811892914,0.0,2.67,5.3627,16839.05,6.090651558073658,sideways,BULL_TREND,70.84198709564146,68.1775259678943,100.0,100.0,49.410061188954025,63.33333333333333,100.0,74.58850226040317,0.0,1,1,E_ablate_sector_vr1.2,True
600110,600110.SH,诺德股份,电气设备,20260213,6.97,54.290014265014584,54.290014265014584,0.0,1.7,3.3851,12752.11,8.168642951251648,sideways,BULL_TREND,38.276737318148854,100.0,100.0,65.0,30.29873265546663,43.333333333333336,81.12400000000001,49.739544902959736,0.0,2,2,E_ablate_sector_vr1.2,True
301488,301488.SZ,豪恩汽电,汽车配件,20260213,154.1,54.11128707222537,54.11128707222537,0.0,2.29,9.7218,3258.33,8.14805984383383,sideways,BULL_TREND,59.76737991611096,100.0,32.5833,100.0,61.16856847525936,53.333333333333336,95.47799999999998,59.3455068667858,0.0,3,3,E_ablate_sector_vr1.2,True
301488,301488.SZ,豪恩汽电,汽车配件,20260213,154.1,59.35386200487266,59.35386200487266,0.0,2.29,9.7218,3258.33,8.14805984383383,sideways,BULL_TREND,59.76737991611096,100.0,32.5833,100.0,61.01713955098191,53.333333333333336,95.47799999999998,59.3455068667858,0.0,1,1,E_ablate_inflow_vr1.2,True
002766,002766.SZ,索菱股份,汽车配件,20260213,5.83,54.093085237091486,54.093085237091486,0.0,1.94,5.304,4458.84,8.333333333333337,sideways,BULL_TREND,47.802832620620144,100.0,44.5884,65.0,61.01713955098191,43.333333333333336,81.51399999999998,54.26503717700916,0.0,2,2,E_ablate_inflow_vr1.2,True
603197,603197.SH,保隆科技,汽车配件,20260213,37.79,53.57630633959781,53.57630633959781,0.0,3.75,3.9652,6064.46,4.134956874682908,sideways,BULL_TREND,95.34452978042593,41.34956874682908,60.6446,65.0,61.01713955098191,63.33333333333333,100.0,62.36972553573129,0.0,3,3,E_ablate_inflow_vr1.2,True
002896,002896.SZ,中大力德,机械基件,20260213,86.19,58.262468718987634,58.262468718987634,0.0,2.67,5.3627,16839.05,6.090651558073658,sideways,BULL_TREND,70.84198709564146,68.1775259678943,100.0,100.0,49.410061188954025,63.33333333333333,100.0,74.58850226040317,0.0,1,1,E_ablate_wyckoff_vr1.2,True
301488,301488.SZ,豪恩汽电,汽车配件,20260213,154.1,56.16511151949998,56.16511151949998,0.0,2.29,9.7218,3258.33,8.14805984383383,sideways,BULL_TREND,59.76737991611096,100.0,32.5833,100.0,61.16856847525936,53.333333333333336,95.47799999999998,59.3455068667858,0.0,2,2,E_ablate_wyckoff_vr1.2,True
000066,000066.SZ,中国长城,IT设备,20260213,16.72,54.505701141182136,54.505701141182136,0.0,1.4,4.4826,17381.07,14.693877551020421,sideways,BULL_TREND,24.271341358512082,100.0,100.0,65.0,68.98052917095207,33.33333333333333,51.742,35.31122263642966,0.0,3,3,E_ablate_wyckoff_vr1.2,True
002896,002896.SZ,中大力德,机械基件,20260213,86.19,67.21308899023602,67.21308899023602,0.0,2.67,5.3627,16839.05,6.090651558073658,sideways,BULL_TREND,70.84198709564146,68.1775259678943,100.0,100.0,49.410061188954025,63.33333333333333,100.0,74.58850226040317,0.0,1,1,E_ablate_accel_vr1.2,True
301488,301488.SZ,豪恩汽电,汽车配件,20260213,154.1,63.28657234351428,63.28657234351428,0.0,2.29,9.7218,3258.33,8.14805984383383,sideways,BULL_TREND,59.76737991611096,100.0,32.5833,100.0,61.16856847525936,53.333333333333336,95.47799999999998,59.3455068667858,0.0,2,2,E_ablate_accel_vr1.2,True
603197,603197.SH,保隆科技,汽车配件,20260213,37.79,60.87637267823943,60.87637267823943,0.0,3.75,3.9652,6064.46,4.134956874682908,sideways,BULL_TREND,95.34452978042593,41.34956874682908,60.6446,65.0,61.16856847525936,63.33333333333333,100.0,62.36972553573129,0.0,3,3,E_ablate_accel_vr1.2,True
601026,601026.SH,道生天合,电气设备,20260224,20.78,82.72270893684184,73.30631314238369,9.416395794458154,3.42,11.4097,6282.74,2.6697892271662775,weak_momentum,BULL_TREND,88.69981625555866,90.09367681498833,62.8274,100.0,94.16395794458154,96.66666666666667,0.0,92.82160307487153,0.0,1,1,A_recovered_proxy_vr1.5,True
603175,603175.SH,超颖电子,元器件,20260224,70.48,76.95229888475018,69.82747999174472,7.1248188930054575,2.96,10.8905,13872.7,5.522788203753339,weak_momentum,BULL_TREND,78.27985879271125,100.0,100.0,80.0,71.24818893005457,43.333333333333336,0.0,74.8773744444212,0.0,2,2,A_recovered_proxy_vr1.5,True
000400,000400.SZ,许继电气,电气设备,20260224,31.52,75.14632751512134,65.72993172066319,9.416395794458154,1.82,4.5442,25594.22,8.980652613341041,weak_momentum,BULL_TREND,43.19692252119858,100.0,100.0,65.0,94.16395794458154,53.333333333333336,0.0,61.39421989419665,0.0,3,3,A_recovered_proxy_vr1.5,True
601026,601026.SH,道生天合,电气设备,20260224,20.78,73.30631314238369,73.30631314238369,0.0,3.42,11.4097,6282.74,2.6697892271662775,weak_momentum,BULL_TREND,88.69981625555866,90.09367681498833,62.8274,100.0,94.16395794458154,96.66666666666667,0.0,92.82160307487153,0.0,1,1,B_pure_quant_vr1.5,True
603175,603175.SH,超颖电子,元器件,20260224,70.48,69.82747999174472,69.82747999174472,0.0,2.96,10.8905,13872.7,5.522788203753339,weak_momentum,BULL_TREND,78.27985879271125,100.0,100.0,80.0,71.24818893005457,43.333333333333336,0.0,74.8773744444212,0.0,2,2,B_pure_quant_vr1.5,True
002579,002579.SZ,中京电子,元器件,20260224,12.09,66.52028550601752,66.52028550601752,0.0,2.33,5.9707,10916.59,10.111524163568768,weak_momentum,BULL_TREND,61.01649774397778,100.0,100.0,65.0,71.24818893005457,86.66666666666667,0.0,60.64832781052887,0.0,3,3,B_pure_quant_vr1.5,True
601026,601026.SH,道生天合,电气设备,20260224,20.78,81.58255012546923,72.62221785556012,8.960332269909108,3.42,11.4097,6282.74,2.6697892271662775,weak_momentum,BULL_TREND,88.69981625555866,90.09367681498833,62.8274,100.0,89.60332269909108,96.66666666666667,0.0,92.82160307487153,0.0,1,1,A_recovered_proxy_vr1.2,True
603175,603175.SH,超颖电子,元器件,20260224,70.48,79.89312641886256,71.99197651221215,7.901149906650412,2.96,10.8905,13872.7,5.522788203753339,weak_momentum,BULL_TREND,78.27985879271125,100.0,100.0,100.0,79.01149906650411,43.333333333333336,0.0,74.8773744444212,0.0,2,2,A_recovered_proxy_vr1.2,True
002579,002579.SZ,中京电子,元器件,20260224,12.09,75.58593193313537,67.68478202648495,7.901149906650412,2.33,5.9707,10916.59,10.111524163568768,weak_momentum,BULL_TREND,61.01649774397778,100.0,100.0,65.0,79.01149906650411,86.66666666666667,0.0,60.64832781052887,0.0,3,3,A_recovered_proxy_vr1.2,True
601026,601026.SH,道生天合,电气设备,20260224,20.78,72.62221785556012,72.62221785556012,0.0,3.42,11.4097,6282.74,2.6697892271662775,weak_momentum,BULL_TREND,88.69981625555866,90.09367681498833,62.8274,100.0,89.60332269909108,96.66666666666667,0.0,92.82160307487153,0.0,1,1,D_pure_quant_vr1.2,True
603175,603175.SH,超颖电子,元器件,20260224,70.48,71.99197651221215,71.99197651221215,0.0,2.96,10.8905,13872.7,5.522788203753339,weak_momentum,BULL_TREND,78.27985879271125,100.0,100.0,100.0,79.01149906650411,43.333333333333336,0.0,74.8773744444212,0.0,2,2,D_pure_quant_vr1.2,True
002579,002579.SZ,中京电子,元器件,20260224,12.09,67.68478202648495,67.68478202648495,0.0,2.33,5.9707,10916.59,10.111524163568768,weak_momentum,BULL_TREND,61.01649774397778,100.0,100.0,65.0,79.01149906650411,86.66666666666667,0.0,60.64832781052887,0.0,3,3,D_pure_quant_vr1.2,True
603175,603175.SH,超颖电子,元器件,20260224,70.48,60.140251652236536,60.140251652236536,0.0,2.96,10.8905,13872.7,5.522788203753339,weak_momentum,BULL_TREND,78.27985879271125,100.0,100.0,100.0,79.01149906650411,43.333333333333336,0.0,74.8773744444212,0.0,1,1,E_ablate_sector_vr1.2,True
601026,601026.SH,道生天合,电气设备,20260224,20.78,59.18171945069646,59.18171945069646,0.0,3.42,11.4097,6282.74,2.6697892271662775,weak_momentum,BULL_TREND,88.69981625555866,90.09367681498833,62.8274,100.0,89.60332269909108,96.66666666666667,0.0,92.82160307487153,0.0,2,2,E_ablate_sector_vr1.2,True
600644,600644.SH,乐山电力,水力发电,20260224,11.64,56.86619043903275,56.86619043903275,0.0,2.08,6.8312,13047.28,7.472178060413351,weak_momentum,BULL_TREND,52.82917641831838,100.0,100.0,65.0,50.3854745921257,66.66666666666666,0.0,82.38987095301107,0.0,3,3,E_ablate_sector_vr1.2,True
601026,601026.SH,道生天合,电气设备,20260224,20.78,60.313625520710474,60.313625520710474,0.0,3.42,11.4097,6282.74,2.6697892271662775,weak_momentum,BULL_TREND,88.69981625555866,90.09367681498833,62.8274,100.0,82.93892046676011,96.66666666666667,0.0,92.82160307487153,0.0,1,1,E_ablate_inflow_vr1.2,True
603175,603175.SH,超颖电子,元器件,20260224,70.48,54.0573906355051,54.0573906355051,0.0,2.96,10.8905,13872.7,5.522788203753339,weak_momentum,BULL_TREND,78.27985879271125,100.0,100.0,100.0,79.44759322179044,43.333333333333336,0.0,74.8773744444212,0.0,2,2,E_ablate_inflow_vr1.2,True
002579,002579.SZ,中京电子,元器件,20260224,12.09,50.5001961497779,50.5001961497779,0.0,2.33,5.9707,10916.59,10.111524163568768,weak_momentum,BULL_TREND,61.01649774397778,100.0,100.0,80.0,79.44759322179044,86.66666666666667,0.0,60.64832781052887,0.0,3,3,E_ablate_inflow_vr1.2,True
603175,603175.SH,超颖电子,元器件,20260224,70.48,60.76037034554897,60.76037034554897,0.0,2.96,10.8905,13872.7,5.522788203753339,weak_momentum,BULL_TREND,78.27985879271125,100.0,100.0,100.0,79.01149906650411,43.333333333333336,0.0,74.8773744444212,0.0,1,1,E_ablate_wyckoff_vr1.2,True
601026,601026.SH,道生天合,电气设备,20260224,20.78,58.69897739432939,58.69897739432939,0.0,3.42,11.4097,6282.74,2.6697892271662775,weak_momentum,BULL_TREND,88.69981625555866,90.09367681498833,62.8274,100.0,89.60332269909108,96.66666666666667,0.0,92.82160307487153,0.0,2,2,E_ablate_wyckoff_vr1.2,True
002579,002579.SZ,中京电子,元器件,20260224,12.09,58.58753285490562,58.58753285490562,0.0,2.33,5.9707,10916.59,10.111524163568768,weak_momentum,BULL_TREND,61.01649774397778,100.0,100.0,65.0,79.01149906650411,86.66666666666667,0.0,60.64832781052887,0.0,3,3,E_ablate_wyckoff_vr1.2,True
601026,601026.SH,道生天合,电气设备,20260224,20.78,72.62221785556012,72.62221785556012,0.0,3.42,11.4097,6282.74,2.6697892271662775,weak_momentum,BULL_TREND,88.69981625555866,90.09367681498833,62.8274,100.0,89.60332269909108,96.66666666666667,0.0,92.82160307487153,0.0,1,1,E_ablate_accel_vr1.2,True
603175,603175.SH,超颖电子,元器件,20260224,70.48,71.99197651221215,71.99197651221215,0.0,2.96,10.8905,13872.7,5.522788203753339,weak_momentum,BULL_TREND,78.27985879271125,100.0,100.0,100.0,79.01149906650411,43.333333333333336,0.0,74.8773744444212,0.0,2,2,E_ablate_accel_vr1.2,True
002579,002579.SZ,中京电子,元器件,20260224,12.09,67.68478202648495,67.68478202648495,0.0,2.33,5.9707,10916.59,10.111524163568768,weak_momentum,BULL_TREND,61.01649774397778,100.0,100.0,65.0,79.01149906650411,86.66666666666667,0.0,60.64832781052887,0.0,3,3,E_ablate_accel_vr1.2,True
002125,002125.SZ,湘潭电化,化工原料,20260225,14.74,73.32818583362561,65.3212899956178,8.006895838007804,2.84,5.4825,8657.92,5.99489795918367,weak_momentum,BULL_TREND,75.29454648649786,100.0,86.5792,80.0,80.06895838007803,53.333333333333336,0.0,51.77227732643174,0.0,1,1,A_recovered_proxy_vr1.5,True
002797,002797.SZ,第一创业,证券,20260225,7.41,73.29120705167715,73.29120705167715,0.0,4.75,6.8838,49633.91,3.137254901960787,weak_momentum,BULL_TREND,100.0,100.0,100.0,100.0,61.441971119883725,10.0,0.0,90.49940922463063,0.0,2,2,A_recovered_proxy_vr1.5,True
000683,000683.SZ,博源化工,化工原料,20260225,9.06,71.40105954125717,63.39416370324937,8.006895838007804,2.49,3.0178,13008.34,3.617021276595743,weak_momentum,BULL_TREND,65.80728711466783,100.0,100.0,40.0,80.06895838007803,33.33333333333333,0.0,52.307068082472156,0.0,3,3,A_recovered_proxy_vr1.5,True
002797,002797.SZ,第一创业,证券,20260225,7.41,73.29120705167715,73.29120705167715,0.0,4.75,6.8838,49633.91,3.137254901960787,weak_momentum,BULL_TREND,100.0,100.0,100.0,100.0,61.441971119883725,10.0,0.0,90.49940922463063,0.0,1,1,B_pure_quant_vr1.5,True
601005,601005.SH,重庆钢铁,普钢,20260225,1.6,70.12578511877437,70.12578511877437,0.0,3.48,6.898,15615.0,4.761904761904753,weak_momentum,BULL_TREND,89.95436530370017,100.0,100.0,80.0,58.10910286112787,33.33333333333333,0.0,81.66398818255672,0.0,2,2,B_pure_quant_vr1.5,True
600516,600516.SH,方大炭素,矿物制品,20260225,5.96,65.7924666119573,65.7924666119573,0.0,3.52,3.6708,25033.04,3.2467532467532494,weak_momentum,BULL_TREND,90.77877144312862,100.0,100.0,40.0,55.92280698737207,53.333333333333336,0.0,60.803754538103526,0.0,3,3,B_pure_quant_vr1.5,True
002245,002245.SZ,蔚蓝锂芯,电气设备,20260225,17.67,73.84060173834573,65.95325794860997,7.887343789735749,2.07,4.757,20655.5,11.561561561561556,weak_momentum,BULL_TREND,52.48153838623002,100.0,100.0,65.0,78.87343789735749,66.66666666666666,0.0,64.44452115159008,0.0,1,1,A_recovered_proxy_vr1.2,True
002797,002797.SZ,第一创业,证券,20260225,7.41,73.05337731645062,73.05337731645062,0.0,4.75,6.8838,49633.91,3.137254901960787,weak_momentum,BULL_TREND,100.0,100.0,100.0,100.0,59.85643955170681,10.0,0.0,90.49940922463063,0.0,2,2,A_recovered_proxy_vr1.2,True
002125,002125.SZ,湘潭电化,化工原料,20260225,14.74,72.43751618230468,64.48688820482525,7.950627977479428,2.84,5.4825,8657.92,5.99489795918367,weak_momentum,BULL_TREND,75.29454648649786,100.0,86.5792,65.0,79.50627977479428,53.333333333333336,0.0,51.77227732643174,0.0,3,3,A_recovered_proxy_vr1.2,True
002797,002797.SZ,第一创业,证券,20260225,7.41,73.05337731645062,73.05337731645062,0.0,4.75,6.8838,49633.91,3.137254901960787,weak_momentum,BULL_TREND,100.0,100.0,100.0,100.0,59.85643955170681,10.0,0.0,90.49940922463063,0.0,1,1,D_pure_quant_vr1.2,True
601005,601005.SH,重庆钢铁,普钢,20260225,1.6,70.04835726528377,70.04835726528377,0.0,3.48,6.898,15615.0,4.761904761904753,weak_momentum,BULL_TREND,89.95436530370017,100.0,100.0,80.0,57.592917171190464,33.33333333333333,0.0,81.66398818255672,0.0,2,2,D_pure_quant_vr1.2,True
002245,002245.SZ,蔚蓝锂芯,电气设备,20260225,17.67,65.95325794860997,65.95325794860997,0.0,2.07,4.757,20655.5,11.561561561561556,weak_momentum,BULL_TREND,52.48153838623002,100.0,100.0,65.0,78.87343789735749,66.66666666666666,0.0,64.44452115159008,0.0,3,3,D_pure_quant_vr1.2,True
002797,002797.SZ,第一创业,证券,20260225,7.41,64.0749113836946,64.0749113836946,0.0,4.75,6.8838,49633.91,3.137254901960787,weak_momentum,BULL_TREND,100.0,100.0,100.0,100.0,59.85643955170681,10.0,0.0,90.49940922463063,0.0,1,1,E_ablate_sector_vr1.2,True
601005,601005.SH,重庆钢铁,普钢,20260225,1.6,61.4094196896052,61.4094196896052,0.0,3.48,6.898,15615.0,4.761904761904753,weak_momentum,BULL_TREND,89.95436530370017,100.0,100.0,80.0,57.592917171190464,33.33333333333333,0.0,81.66398818255672,0.0,2,2,E_ablate_sector_vr1.2,True
600516,600516.SH,方大炭素,矿物制品,20260225,5.96,57.40404556385149,57.40404556385149,0.0,3.52,3.6708,25033.04,3.2467532467532494,weak_momentum,BULL_TREND,90.77877144312862,100.0,100.0,40.0,52.285788783091874,53.333333333333336,0.0,60.803754538103526,0.0,3,3,E_ablate_sector_vr1.2,True
002797,002797.SZ,第一创业,证券,20260225,7.41,55.19063091107518,55.19063091107518,0.0,4.75,6.8838,49633.91,3.137254901960787,weak_momentum,BULL_TREND,100.0,100.0,100.0,100.0,60.77146351587059,10.0,0.0,90.49940922463063,0.0,1,1,E_ablate_inflow_vr1.2,True
605399,605399.SH,晨光新材,化工原料,20260225,16.28,54.43276721906254,54.43276721906254,0.0,3.43,6.0526,-967.44,4.572098475967161,weak_momentum,BULL_TREND,88.91042881990438,100.0,0.0,80.0,79.27779949085763,33.33333333333333,0.0,76.9191087052105,0.0,2,2,E_ablate_inflow_vr1.2,True
600152,600152.SH,维科技术,电气设备,20260225,8.78,53.77615953416178,53.77615953416178,0.0,2.94,11.0297,3220.41,3.51648351648352,weak_momentum,BULL_TREND,77.79080775308198,100.0,32.2041,100.0,76.03680796014615,43.333333333333336,0.0,76.90233673673927,0.0,3,3,E_ablate_inflow_vr1.2,True
002797,002797.SZ,第一创业,证券,20260225,7.41,59.47846593275602,59.47846593275602,0.0,4.75,6.8838,49633.91,3.137254901960787,weak_momentum,BULL_TREND,100.0,100.0,100.0,100.0,59.85643955170681,10.0,0.0,90.49940922463063,0.0,1,1,E_ablate_wyckoff_vr1.2,True
601005,601005.SH,重庆钢铁,普钢,20260225,1.6,57.79875903790026,57.79875903790026,0.0,3.48,6.898,15615.0,4.761904761904753,weak_momentum,BULL_TREND,89.95436530370017,100.0,100.0,80.0,57.592917171190464,33.33333333333333,0.0,81.66398818255672,0.0,2,2,E_ablate_wyckoff_vr1.2,True
002125,002125.SZ,湘潭电化,化工原料,20260225,14.74,56.72104660586049,56.72104660586049,0.0,2.84,5.4825,8657.92,5.99489795918367,weak_momentum,BULL_TREND,75.29454648649786,100.0,86.5792,65.0,79.50627977479428,53.333333333333336,0.0,51.77227732643174,0.0,3,3,E_ablate_wyckoff_vr1.2,True
002797,002797.SZ,第一创业,证券,20260225,7.41,73.05337731645062,73.05337731645062,0.0,4.75,6.8838,49633.91,3.137254901960787,weak_momentum,BULL_TREND,100.0,100.0,100.0,100.0,59.85643955170681,10.0,0.0,90.49940922463063,0.0,1,1,E_ablate_accel_vr1.2,True
601005,601005.SH,重庆钢铁,普钢,20260225,1.6,70.04835726528377,70.04835726528377,0.0,3.48,6.898,15615.0,4.761904761904753,weak_momentum,BULL_TREND,89.95436530370017,100.0,100.0,80.0,57.592917171190464,33.33333333333333,0.0,81.66398818255672,0.0,2,2,E_ablate_accel_vr1.2,True
002245,002245.SZ,蔚蓝锂芯,电气设备,20260225,17.67,65.95325794860997,65.95325794860997,0.0,2.07,4.757,20655.5,11.561561561561556,weak_momentum,BULL_TREND,52.48153838623002,100.0,100.0,65.0,78.87343789735749,66.66666666666666,0.0,64.44452115159008,0.0,3,3,E_ablate_accel_vr1.2,True
002579,002579.SZ,中京电子,元器件,20260226,12.57,76.05043979012373,68.2172608826351,7.833178907488625,1.97,7.1682,10397.87,6.542750929368022,weak_momentum,BULL_TREND,48.90978148408258,100.0,100.0,65.0,78.33178907488625,63.33333333333333,0.0,84.76239088082073,0.0,1,1,A_recovered_proxy_vr1.5,True
600601,600601.SH,方正科技,元器件,20260226,11.93,70.84789011742039,63.01471120993176,7.833178907488625,1.89,4.1103,23705.05,8.08936825885979,weak_momentum,BULL_TREND,45.919311722317396,100.0,100.0,40.0,78.33178907488625,53.333333333333336,0.0,64.73586282456367,0.0,2,2,A_recovered_proxy_vr1.5,True
600584,600584.SH,长电科技,半导体,20260226,48.72,69.04054484353986,61.96625310636368,7.074291737176186,1.91,5.6409,43816.01,10.818231740801764,weak_momentum,BULL_TREND,46.67863191305119,100.0,100.0,65.0,70.74291737176186,43.333333333333336,0.0,59.57569364650038,0.0,3,3,A_recovered_proxy_vr1.5,True
002579,002579.SZ,中京电子,元器件,20260226,12.57,68.2172608826351,68.2172608826351,0.0,1.97,7.1682,10397.87,6.542750929368022,weak_momentum,BULL_TREND,48.90978148408258,100.0,100.0,65.0,78.33178907488625,63.33333333333333,0.0,84.76239088082073,0.0,1,1,B_pure_quant_vr1.5,True
600601,600601.SH,方正科技,元器件,20260226,11.93,63.01471120993176,63.01471120993176,0.0,1.89,4.1103,23705.05,8.08936825885979,weak_momentum,BULL_TREND,45.919311722317396,100.0,100.0,40.0,78.33178907488625,53.333333333333336,0.0,64.73586282456367,0.0,2,2,B_pure_quant_vr1.5,True
603092,603092.SH,德力佳,机械基件,20260226,71.58,62.61274226302396,62.61274226302396,0.0,2.18,10.8356,8908.41,3.4008097165991855,weak_momentum,BULL_TREND,56.216406750110096,100.0,89.08409999999999,80.0,48.219514977988084,66.66666666666666,0.0,77.19255113650604,0.0,3,3,B_pure_quant_vr1.5,True
002579,002579.SZ,中京电子,元器件,20260226,12.57,75.79311485755635,68.06286592309468,7.730248934461672,1.97,7.1682,10397.87,6.542750929368022,weak_momentum,BULL_TREND,48.90978148408258,100.0,100.0,65.0,77.30248934461672,63.33333333333333,0.0,84.76239088082073,0.0,1,1,A_recovered_proxy_vr1.2,True
002617,002617.SZ,露笑科技,电气设备,20260226,9.36,70.79663254969948,64.4467196701474,6.349912879552075,1.89,9.8247,10394.12,5.358948432760375,weak_momentum,BULL_TREND,45.919311722317396,100.0,100.0,80.0,63.499128795520754,33.33333333333333,0.0,82.44857950536681,0.0,2,2,A_recovered_proxy_vr1.2,True
600601,600601.SH,方正科技,元器件,20260226,11.93,70.590565184853,62.860316250391335,7.730248934461672,1.89,4.1103,23705.05,8.08936825885979,weak_momentum,BULL_TREND,45.919311722317396,100.0,100.0,40.0,77.30248934461672,53.333333333333336,0.0,64.73586282456367,0.0,3,3,A_recovered_proxy_vr1.2,True
002579,002579.SZ,中京电子,元器件,20260226,12.57,68.06286592309468,68.06286592309468,0.0,1.97,7.1682,10397.87,6.542750929368022,weak_momentum,BULL_TREND,48.90978148408258,100.0,100.0,65.0,77.30248934461672,63.33333333333333,0.0,84.76239088082073,0.0,1,1,D_pure_quant_vr1.2,True
002617,002617.SZ,露笑科技,电气设备,20260226,9.36,64.4467196701474,64.4467196701474,0.0,1.89,9.8247,10394.12,5.358948432760375,weak_momentum,BULL_TREND,45.919311722317396,100.0,100.0,80.0,63.499128795520754,33.33333333333333,0.0,82.44857950536681,0.0,2,2,D_pure_quant_vr1.2,True
600601,600601.SH,方正科技,元器件,20260226,11.93,62.860316250391335,62.860316250391335,0.0,1.89,4.1103,23705.05,8.08936825885979,weak_momentum,BULL_TREND,45.919311722317396,100.0,100.0,40.0,77.30248934461672,53.333333333333336,0.0,64.73586282456367,0.0,3,3,D_pure_quant_vr1.2,True
002579,002579.SZ,中京电子,元器件,20260226,12.57,56.467492521402164,56.467492521402164,0.0,1.97,7.1682,10397.87,6.542750929368022,weak_momentum,BULL_TREND,48.90978148408258,100.0,100.0,65.0,77.30248934461672,63.33333333333333,0.0,84.76239088082073,0.0,1,1,E_ablate_sector_vr1.2,True
600509,600509.SH,天富能源,火力发电,20260226,8.87,55.63106059549746,55.63106059549746,0.0,2.82,5.0653,6497.31,4.930332261521981,weak_momentum,BULL_TREND,74.78475813120345,100.0,64.9731,100.0,43.55603657761474,43.333333333333336,0.0,90.3434813943352,0.0,2,2,E_ablate_sector_vr1.2,True
603092,603092.SH,德力佳,机械基件,20260226,71.58,55.37981501632575,55.37981501632575,0.0,2.18,10.8356,8908.41,3.4008097165991855,weak_momentum,BULL_TREND,56.216406750110096,100.0,89.08409999999999,80.0,44.45852116111644,66.66666666666666,0.0,77.19255113650604,0.0,3,3,E_ablate_sector_vr1.2,True
002468,002468.SZ,申通快递,仓储物流,20260226,13.11,53.85282891498832,53.85282891498832,0.0,3.85,3.241,-382.1,5.206073752711501,weak_momentum,BULL_TREND,97.24292229037695,100.0,0.0,80.0,32.39957172565734,96.66666666666667,0.0,90.48747652833232,0.0,1,1,E_ablate_inflow_vr1.2,True
002346,002346.SZ,柘中股份,电气设备,20260226,22.7,53.121246296168955,53.121246296168955,0.0,3.41,3.6152,-918.19,4.380791912384159,weak_momentum,BULL_TREND,88.4885869624724,100.0,0.0,40.0,64.43364993429708,33.33333333333333,0.0,96.77496063324577,0.0,2,2,E_ablate_inflow_vr1.2,True
301631,301631.SZ,壹连科技,元器件,20260226,103.78,52.04779255864445,52.04779255864445,0.0,2.71,7.5768,4875.93,6.352643927088966,weak_momentum,BULL_TREND,71.91464257895734,100.0,48.7593,65.0,76.80696503732456,66.66666666666666,0.0,74.37478721912555,0.0,3,3,E_ablate_inflow_vr1.2,True
002579,002579.SZ,中京电子,元器件,20260226,12.57,55.34850729097156,55.34850729097156,0.0,1.97,7.1682,10397.87,6.542750929368022,weak_momentum,BULL_TREND,48.90978148408258,100.0,100.0,65.0,77.30248934461672,63.33333333333333,0.0,84.76239088082073,0.0,1,1,E_ablate_wyckoff_vr1.2,True
002202,002202.SZ,金风科技,电气设备,20260226,28.38,54.24945587994808,54.24945587994808,0.0,1.98,10.0196,32253.39,7.042253521126768,weak_momentum,BULL_TREND,49.27502151524424,100.0,100.0,80.0,63.499128795520754,66.66666666666666,0.0,53.430132953537935,0.0,2,2,E_ablate_wyckoff_vr1.2,True
600601,600601.SH,方正科技,元器件,20260226,11.93,53.149936826706785,53.149936826706785,0.0,1.89,4.1103,23705.05,8.08936825885979,weak_momentum,BULL_TREND,45.919311722317396,100.0,100.0,40.0,77.30248934461672,53.333333333333336,0.0,64.73586282456367,0.0,3,3,E_ablate_wyckoff_vr1.2,True
002579,002579.SZ,中京电子,元器件,20260226,12.57,68.06286592309468,68.06286592309468,0.0,1.97,7.1682,10397.87,6.542750929368022,weak_momentum,BULL_TREND,48.90978148408258,100.0,100.0,65.0,77.30248934461672,63.33333333333333,0.0,84.76239088082073,0.0,1,1,E_ablate_accel_vr1.2,True
002617,002617.SZ,露笑科技,电气设备,20260226,9.36,64.4467196701474,64.4467196701474,0.0,1.89,9.8247,10394.12,5.358948432760375,weak_momentum,BULL_TREND,45.919311722317396,100.0,100.0,80.0,63.499128795520754,33.33333333333333,0.0,82.44857950536681,0.0,2,2,E_ablate_accel_vr1.2,True
600601,600601.SH,方正科技,元器件,20260226,11.93,62.860316250391335,62.860316250391335,0.0,1.89,4.1103,23705.05,8.08936825885979,weak_momentum,BULL_TREND,45.919311722317396,100.0,100.0,40.0,77.30248934461672,53.333333333333336,0.0,64.73586282456367,0.0,3,3,E_ablate_accel_vr1.2,True
600930,600930.SH,华电新能,新型电力,20260227,6.02,71.90717833367661,64.78304070673748,7.1241376269391345,2.3,3.2834,23824.86,1.7944535073409515,weak_momentum,BULL_TREND,60.08169305848252,63.83360522022855,100.0,65.0,71.24137626939134,76.66666666666667,0.0,82.27476231863764,0.0,1,1,A_recovered_proxy_vr1.5,True
000158,000158.SZ,常山北明,软件服务,20260227,21.02,69.24777626127997,69.24777626127997,0.0,3.71,5.4832,20990.01,1.7757009345794348,weak_momentum,BULL_TREND,94.57095934230392,63.27102803738305,100.0,65.0,54.14829282204121,86.66666666666667,0.0,91.7602115920593,0.0,2,2,A_recovered_proxy_vr1.5,True
301236,301236.SZ,软通动力,软件服务,20260227,49.5,68.80854389675363,68.80854389675363,0.0,2.87,5.3543,18081.7,9.836065573770489,weak_momentum,BULL_TREND,76.05253684504815,100.0,100.0,65.0,54.14829282204121,53.333333333333336,0.0,89.07835186682378,0.0,3,3,A_recovered_proxy_vr1.5,True
000158,000158.SZ,常山北明,软件服务,20260227,21.02,69.24777626127997,69.24777626127997,0.0,3.71,5.4832,20990.01,1.7757009345794348,weak_momentum,BULL_TREND,94.57095934230392,63.27102803738305,100.0,65.0,54.14829282204121,86.66666666666667,0.0,91.7602115920593,0.0,1,1,B_pure_quant_vr1.5,True
301236,301236.SZ,软通动力,软件服务,20260227,49.5,68.80854389675363,68.80854389675363,0.0,2.87,5.3543,18081.7,9.836065573770489,weak_momentum,BULL_TREND,76.05253684504815,100.0,100.0,65.0,54.14829282204121,53.333333333333336,0.0,89.07835186682378,0.0,2,2,B_pure_quant_vr1.5,True
600021,600021.SH,上海电力,火力发电,20260227,21.85,66.84583280126225,66.84583280126225,0.0,2.24,3.295,27028.79,12.072434607645874,weak_momentum,BULL_TREND,58.17493661414398,99.39637826961771,100.0,65.0,63.370064562772534,66.66666666666666,0.0,80.68789266024872,0.0,3,3,B_pure_quant_vr1.5,True
600930,600930.SH,华电新能,新型电力,20260227,6.02,69.38317520496419,63.268638829510024,6.114536375454162,2.3,3.2834,23824.86,1.7944535073409515,weak_momentum,BULL_TREND,60.08169305848252,63.83360522022855,100.0,65.0,61.14536375454162,76.66666666666667,0.0,82.27476231863764,0.0,1,1,A_recovered_proxy_vr1.2,True
000158,000158.SZ,常山北明,软件服务,20260227,21.02,67.51284534541378,67.51284534541378,0.0,3.71,5.4832,20990.01,1.7757009345794348,weak_momentum,BULL_TREND,94.57095934230392,63.27102803738305,100.0,65.0,42.58208671626667,86.66666666666667,0.0,91.7602115920593,0.0,2,2,A_recovered_proxy_vr1.2,True
301236,301236.SZ,软通动力,软件服务,20260227,49.5,67.07361298088746,67.07361298088746,0.0,2.87,5.3543,18081.7,9.836065573770489,weak_momentum,BULL_TREND,76.05253684504815,100.0,100.0,65.0,42.58208671626667,53.333333333333336,0.0,89.07835186682378,0.0,3,3,A_recovered_proxy_vr1.2,True
000158,000158.SZ,常山北明,软件服务,20260227,21.02,67.51284534541378,67.51284534541378,0.0,3.71,5.4832,20990.01,1.7757009345794348,weak_momentum,BULL_TREND,94.57095934230392,63.27102803738305,100.0,65.0,42.58208671626667,86.66666666666667,0.0,91.7602115920593,0.0,1,1,D_pure_quant_vr1.2,True
301236,301236.SZ,软通动力,软件服务,20260227,49.5,67.07361298088746,67.07361298088746,0.0,2.87,5.3543,18081.7,9.836065573770489,weak_momentum,BULL_TREND,76.05253684504815,100.0,100.0,65.0,42.58208671626667,53.333333333333336,0.0,89.07835186682378,0.0,2,2,D_pure_quant_vr1.2,True
600021,600021.SH,上海电力,火力发电,20260227,21.85,65.60823499978184,65.60823499978184,0.0,2.24,3.295,27028.79,12.072434607645874,weak_momentum,BULL_TREND,58.17493661414398,99.39637826961771,100.0,65.0,55.119412552903235,66.66666666666666,0.0,80.68789266024872,0.0,3,3,D_pure_quant_vr1.2,True
600839,600839.SH,四川长虹,家用电器,20260227,10.34,70.83172925860721,70.83172925860721,0.0,3.25,5.7454,57079.3,8.17051509769094,weak_momentum,BULL_TREND,85.02198590705461,100.0,100.0,100.0,59.49666565406576,66.66666666666666,0.0,100.0,47.45098039215689,1,1,E_ablate_sector_vr1.2,True
000158,000158.SZ,常山北明,软件服务,20260227,21.02,61.12553233797378,61.12553233797378,0.0,3.71,5.4832,20990.01,1.7757009345794348,weak_momentum,BULL_TREND,94.57095934230392,63.27102803738305,100.0,65.0,42.58208671626667,86.66666666666667,0.0,91.7602115920593,0.0,2,2,E_ablate_sector_vr1.2,True
301236,301236.SZ,软通动力,软件服务,20260227,49.5,60.686299973447454,60.686299973447454,0.0,2.87,5.3543,18081.7,9.836065573770489,weak_momentum,BULL_TREND,76.05253684504815,100.0,100.0,65.0,42.58208671626667,53.333333333333336,0.0,89.07835186682378,0.0,3,3,E_ablate_sector_vr1.2,True
603222,603222.SH,济民健康,医疗保健,20260227,9.36,53.6186775608454,53.6186775608454,0.0,4.11,7.1004,2924.25,3.205791106515,weak_momentum,BULL_TREND,100.0,100.0,29.2425,100.0,42.24161136652251,43.333333333333336,0.0,87.4384612613357,0.0,1,1,E_ablate_inflow_vr1.2,True
000158,000158.SZ,常山北明,软件服务,20260227,21.02,49.432119755012046,49.432119755012046,0.0,3.71,5.4832,20990.01,1.7757009345794348,weak_momentum,BULL_TREND,94.57095934230392,63.27102803738305,100.0,65.0,42.04391611358841,86.66666666666667,0.0,91.7602115920593,0.0,2,2,E_ablate_inflow_vr1.2,True
301236,301236.SZ,软通动力,软件服务,20260227,49.5,48.99288739048572,48.99288739048572,0.0,2.87,5.3543,18081.7,9.836065573770489,weak_momentum,BULL_TREND,76.05253684504815,100.0,100.0,65.0,42.04391611358841,53.333333333333336,0.0,89.07835186682378,0.0,3,3,E_ablate_inflow_vr1.2,True
000158,000158.SZ,常山北明,软件服务,20260227,21.02,53.748813606604884,53.748813606604884,0.0,3.71,5.4832,20990.01,1.7757009345794348,weak_momentum,BULL_TREND,94.57095934230392,63.27102803738305,100.0,65.0,42.58208671626667,86.66666666666667,0.0,91.7602115920593,0.0,1,1,E_ablate_wyckoff_vr1.2,True
301236,301236.SZ,软通动力,软件服务,20260227,49.5,53.71186020086389,53.71186020086389,0.0,2.87,5.3543,18081.7,9.836065573770489,weak_momentum,BULL_TREND,76.05253684504815,100.0,100.0,65.0,42.58208671626667,53.333333333333336,0.0,89.07835186682378,0.0,2,2,E_ablate_wyckoff_vr1.2,True
600021,600021.SH,上海电力,火力发电,20260227,21.85,53.50505110074454,53.50505110074454,0.0,2.24,3.295,27028.79,12.072434607645874,weak_momentum,BULL_TREND,58.17493661414398,99.39637826961771,100.0,65.0,55.119412552903235,66.66666666666666,0.0,80.68789266024872,0.0,3,3,E_ablate_wyckoff_vr1.2,True
000158,000158.SZ,常山北明,软件服务,20260227,21.02,67.51284534541378,67.51284534541378,0.0,3.71,5.4832,20990.01,1.7757009345794348,weak_momentum,BULL_TREND,94.57095934230392,63.27102803738305,100.0,65.0,42.58208671626667,86.66666666666667,0.0,91.7602115920593,0.0,1,1,E_ablate_accel_vr1.2,True
301236,301236.SZ,软通动力,软件服务,20260227,49.5,67.07361298088746,67.07361298088746,0.0,2.87,5.3543,18081.7,9.836065573770489,weak_momentum,BULL_TREND,76.05253684504815,100.0,100.0,65.0,42.58208671626667,53.333333333333336,0.0,89.07835186682378,0.0,2,2,E_ablate_accel_vr1.2,True
600021,600021.SH,上海电力,火力发电,20260227,21.85,65.60823499978184,65.60823499978184,0.0,2.24,3.295,27028.79,12.072434607645874,weak_momentum,BULL_TREND,58.17493661414398,99.39637826961771,100.0,65.0,55.119412552903235,66.66666666666666,0.0,80.68789266024872,0.0,3,3,E_ablate_accel_vr1.2,True
600316,600316.SH,洪都航空,航空,20260302,43.29,80.9189595490544,71.38972226091882,9.529237288135594,2.65,3.5552,8499.21,9.169114561477125,sideways,BULL_TREND,70.29961798379183,100.0,84.9921,40.0,95.29237288135593,66.66666666666666,0.0,54.14637532456581,0.0,1,1,A_recovered_proxy_vr1.5,True
600879,600879.SH,航天电子,航空,20260302,27.08,76.80202009166673,67.27278280353114,9.529237288135594,1.67,9.9284,74022.32,10.30142431268633,sideways,BULL_TREND,36.99240513496637,100.0,100.0,80.0,95.29237288135593,43.333333333333336,0.0,56.44942562473737,0.0,2,2,A_recovered_proxy_vr1.5,True
002426,002426.SZ,胜利精密,元器件,20260302,4.21,76.0084225304135,68.7978970137545,7.21052551665901,2.34,10.8202,32395.23,12.474012474012468,sideways,BULL_TREND,61.32542649043399,100.0,100.0,80.0,72.1052551665901,63.33333333333333,0.0,50.198735368365334,0.0,3,3,A_recovered_proxy_vr1.5,True
600316,600316.SH,洪都航空,航空,20260302,43.29,71.38972226091882,71.38972226091882,0.0,2.65,3.5552,8499.21,9.169114561477125,sideways,BULL_TREND,70.29961798379183,100.0,84.9921,40.0,95.29237288135593,66.66666666666666,0.0,54.14637532456581,0.0,1,1,B_pure_quant_vr1.5,True
002426,002426.SZ,胜利精密,元器件,20260302,4.21,68.7978970137545,68.7978970137545,0.0,2.34,10.8202,32395.23,12.474012474012468,sideways,BULL_TREND,61.32542649043399,100.0,100.0,80.0,72.1052551665901,63.33333333333333,0.0,50.198735368365334,0.0,2,2,B_pure_quant_vr1.5,True
600879,600879.SH,航天电子,航空,20260302,27.08,67.27278280353114,67.27278280353114,0.0,1.67,9.9284,74022.32,10.30142431268633,sideways,BULL_TREND,36.99240513496637,100.0,100.0,80.0,95.29237288135593,43.333333333333336,0.0,56.44942562473737,0.0,3,3,B_pure_quant_vr1.5,True
002426,002426.SZ,胜利精密,元器件,20260302,4.21,77.31893186279827,69.58420261318535,7.734729249612918,2.34,10.8202,32395.23,12.474012474012468,sideways,BULL_TREND,61.32542649043399,100.0,100.0,80.0,77.34729249612917,63.33333333333333,0.0,50.198735368365334,0.0,1,1,A_recovered_proxy_vr1.2,True
600316,600316.SH,洪都航空,航空,20260302,43.29,76.73509061539808,68.87940090072502,7.855689714673057,2.65,3.5552,8499.21,9.169114561477125,sideways,BULL_TREND,70.29961798379183,100.0,84.9921,40.0,78.55689714673056,66.66666666666666,0.0,54.14637532456581,0.0,2,2,A_recovered_proxy_vr1.2,True
600879,600879.SH,航天电子,航空,20260302,27.08,72.61815115801039,64.76246144333733,7.855689714673057,1.67,9.9284,74022.32,10.30142431268633,sideways,BULL_TREND,36.99240513496637,100.0,100.0,80.0,78.55689714673056,43.333333333333336,0.0,56.44942562473737,0.0,3,3,A_recovered_proxy_vr1.2,True
002426,002426.SZ,胜利精密,元器件,20260302,4.21,69.58420261318535,69.58420261318535,0.0,2.34,10.8202,32395.23,12.474012474012468,sideways,BULL_TREND,61.32542649043399,100.0,100.0,80.0,77.34729249612917,63.33333333333333,0.0,50.198735368365334,0.0,1,1,D_pure_quant_vr1.2,True
600316,600316.SH,洪都航空,航空,20260302,43.29,68.87940090072502,68.87940090072502,0.0,2.65,3.5552,8499.21,9.169114561477125,sideways,BULL_TREND,70.29961798379183,100.0,84.9921,40.0,78.55689714673056,66.66666666666666,0.0,54.14637532456581,0.0,2,2,D_pure_quant_vr1.2,True
601600,601600.SH,中国铝业,铝,20260302,14.27,64.87783753098131,64.87783753098131,0.0,1.85,3.6197,50347.88,9.96845425867508,sideways,BULL_TREND,44.376263537079375,100.0,100.0,65.0,66.05737658584857,66.66666666666666,0.0,60.6093310967769,0.0,3,3,D_pure_quant_vr1.2,True
002385,002385.SZ,大北农,饲料,20260302,4.13,58.33501533002051,58.33501533002051,0.0,2.39,5.6221,14400.86,13.235294117647056,sideways,BULL_TREND,62.850530910301195,100.0,100.0,100.0,26.429743131984353,86.66666666666667,0.0,39.788043303507635,0.0,1,1,E_ablate_sector_vr1.2,True
600127,600127.SH,金健米业,农业综合,20260302,7.01,58.04721319652823,58.04721319652823,0.0,4.07,9.0458,5108.93,6.657789613848203,sideways,BULL_TREND,100.0,77.62982689747005,51.0893,60.0,40.440601724489326,76.66666666666667,0.0,74.20501621459573,0.0,2,2,E_ablate_sector_vr1.2,True
002426,002426.SZ,胜利精密,元器件,20260302,4.21,57.98210873876599,57.98210873876599,0.0,2.34,10.8202,32395.23,12.474012474012468,sideways,BULL_TREND,61.32542649043399,100.0,100.0,80.0,77.34729249612917,63.33333333333333,0.0,50.198735368365334,0.0,3,3,E_ablate_sector_vr1.2,True
600127,600127.SH,金健米业,农业综合,20260302,7.01,58.01152821047614,58.01152821047614,0.0,4.07,9.0458,5108.93,6.657789613848203,sideways,BULL_TREND,100.0,77.62982689747005,51.0893,60.0,40.63354009298605,76.66666666666667,0.0,74.20501621459573,0.0,1,1,E_ablate_inflow_vr1.2,True
600316,600316.SH,洪都航空,航空,20260302,43.29,57.54744523923995,57.54744523923995,0.0,2.65,3.5552,8499.21,9.169114561477125,sideways,BULL_TREND,70.29961798379183,100.0,84.9921,40.0,71.00420607016343,66.66666666666666,0.0,54.14637532456581,0.0,2,2,E_ablate_inflow_vr1.2,True
002426,002426.SZ,胜利精密,元器件,20260302,4.21,57.06862362243387,57.06862362243387,0.0,2.34,10.8202,32395.23,12.474012474012468,sideways,BULL_TREND,61.32542649043399,100.0,100.0,80.0,73.91009922445255,63.33333333333333,0.0,50.198735368365334,0.0,3,3,E_ablate_inflow_vr1.2,True
002426,002426.SZ,胜利精密,元器件,20260302,4.21,63.56035436898152,63.56035436898152,0.0,2.34,10.8202,32395.23,12.474012474012468,sideways,BULL_TREND,61.32542649043399,100.0,100.0,80.0,77.34729249612917,63.33333333333333,0.0,50.198735368365334,0.0,1,1,E_ablate_wyckoff_vr1.2,True
600316,600316.SH,洪都航空,航空,20260302,43.29,62.38183586177712,62.38183586177712,0.0,2.65,3.5552,8499.21,9.169114561477125,sideways,BULL_TREND,70.29961798379183,100.0,84.9921,40.0,78.55689714673056,66.66666666666666,0.0,54.14637532456581,0.0,2,2,E_ablate_wyckoff_vr1.2,True
600879,600879.SH,航天电子,航空,20260302,27.08,57.98853036836885,57.98853036836885,0.0,1.67,9.9284,74022.32,10.30142431268633,sideways,BULL_TREND,36.99240513496637,100.0,100.0,80.0,78.55689714673056,43.333333333333336,0.0,56.44942562473737,0.0,3,3,E_ablate_wyckoff_vr1.2,True
002426,002426.SZ,胜利精密,元器件,20260302,4.21,69.58420261318535,69.58420261318535,0.0,2.34,10.8202,32395.23,12.474012474012468,sideways,BULL_TREND,61.32542649043399,100.0,100.0,80.0,77.34729249612917,63.33333333333333,0.0,50.198735368365334,0.0,1,1,E_ablate_accel_vr1.2,True
600316,600316.SH,洪都航空,航空,20260302,43.29,68.87940090072502,68.87940090072502,0.0,2.65,3.5552,8499.21,9.169114561477125,sideways,BULL_TREND,70.29961798379183,100.0,84.9921,40.0,78.55689714673056,66.66666666666666,0.0,54.14637532456581,0.0,2,2,E_ablate_accel_vr1.2,True
601600,601600.SH,中国铝业,铝,20260302,14.27,64.87783753098131,64.87783753098131,0.0,1.85,3.6197,50347.88,9.96845425867508,sideways,BULL_TREND,44.376263537079375,100.0,100.0,65.0,66.05737658584857,66.66666666666666,0.0,60.6093310967769,0.0,3,3,E_ablate_accel_vr1.2,True
002385,002385.SZ,大北农,饲料,20260303,4.24,73.83667198677702,73.83667198677702,0.0,3.09,9.3191,20181.93,10.924369747899151,sideways,BULL_TREND,81.38034190648249,100.0,100.0,60.0,34.6635673560624,53.333333333333336,84.048,89.54462497729037,0.0,1,1,A_recovered_proxy_vr1.5,True
301327,301327.SZ,华宝新能,电气设备,20260303,58.62,72.85377539538088,66.01328363500888,6.840491760372008,4.87,8.2174,949.55,6.2380038387716015,sideways,BULL_TREND,100.0,70.63339731286003,9.4955,80.0,68.40491760372008,33.33333333333333,100.0,85.05893265795824,0.0,2,2,A_recovered_proxy_vr1.5,True
600279,600279.SH,重庆港,港口,20260303,5.74,53.48380087127752,53.48380087127752,0.0,4.22,4.4465,4623.04,0.6920415224913501,sideways,BULL_TREND,100.0,6.920415224913501,46.2304,80.0,39.60494180435734,63.33333333333333,100.0,91.71877987063569,0.0,3,3,A_recovered_proxy_vr1.5,True
002385,002385.SZ,大北农,饲料,20260303,4.24,73.83667198677702,73.83667198677702,0.0,3.09,9.3191,20181.93,10.924369747899151,sideways,BULL_TREND,81.38034190648249,100.0,100.0,60.0,34.6635673560624,53.333333333333336,84.048,89.54462497729037,0.0,1,1,B_pure_quant_vr1.5,True
301327,301327.SZ,华宝新能,电气设备,20260303,58.62,66.01328363500888,66.01328363500888,0.0,4.87,8.2174,949.55,6.2380038387716015,sideways,BULL_TREND,100.0,70.63339731286003,9.4955,80.0,68.40491760372008,33.33333333333333,100.0,85.05893265795824,0.0,2,2,B_pure_quant_vr1.5,True
600279,600279.SH,重庆港,港口,20260303,5.74,53.48380087127752,53.48380087127752,0.0,4.22,4.4465,4623.04,0.6920415224913501,sideways,BULL_TREND,100.0,6.920415224913501,46.2304,80.0,39.60494180435734,63.33333333333333,100.0,91.71877987063569,0.0,3,3,B_pure_quant_vr1.5,True
002385,002385.SZ,大北农,饲料,20260303,4.24,73.82777925738513,73.82777925738513,0.0,3.09,9.3191,20181.93,10.924369747899151,sideways,BULL_TREND,81.38034190648249,100.0,100.0,60.0,34.60428249344986,53.333333333333336,84.048,89.54462497729037,0.0,1,1,A_recovered_proxy_vr1.2,True
301327,301327.SZ,华宝新能,电气设备,20260303,58.62,71.86019696601818,65.41713657739125,6.443060388626927,4.87,8.2174,949.55,6.2380038387716015,sideways,BULL_TREND,100.0,70.63339731286003,9.4955,80.0,64.43060388626927,33.33333333333333,100.0,85.05893265795824,0.0,2,2,A_recovered_proxy_vr1.2,True
301606,301606.SZ,绿联科技,元器件,20260303,69.82,55.96474465289859,47.979111687402785,7.985632965495803,1.36,3.1686,648.96,16.383233532934142,sideways,BULL_TREND,22.180332573780742,86.16766467065858,6.4896,40.0,79.85632965495803,0.0,90.974,58.801090378186906,0.0,3,3,A_recovered_proxy_vr1.2,True
002385,002385.SZ,大北农,饲料,20260303,4.24,73.82777925738513,73.82777925738513,0.0,3.09,9.3191,20181.93,10.924369747899151,sideways,BULL_TREND,81.38034190648249,100.0,100.0,60.0,34.60428249344986,53.333333333333336,84.048,89.54462497729037,0.0,1,1,D_pure_quant_vr1.2,True
301327,301327.SZ,华宝新能,电气设备,20260303,58.62,65.41713657739125,65.41713657739125,0.0,4.87,8.2174,949.55,6.2380038387716015,sideways,BULL_TREND,100.0,70.63339731286003,9.4955,80.0,64.43060388626927,33.33333333333333,100.0,85.05893265795824,0.0,2,2,D_pure_quant_vr1.2,True
600279,600279.SH,重庆港,港口,20260303,5.74,53.480972456257234,53.480972456257234,0.0,4.22,4.4465,4623.04,0.6920415224913501,sideways,BULL_TREND,100.0,6.920415224913501,46.2304,80.0,39.58608570422212,63.33333333333333,100.0,91.71877987063569,0.0,3,3,D_pure_quant_vr1.2,True
002385,002385.SZ,大北农,饲料,20260303,4.24,68.63713688336766,68.63713688336766,0.0,3.09,9.3191,20181.93,10.924369747899151,sideways,BULL_TREND,81.38034190648249,100.0,100.0,60.0,34.60428249344986,53.333333333333336,84.048,89.54462497729037,0.0,1,1,E_ablate_sector_vr1.2,True
301327,301327.SZ,华宝新能,电气设备,20260303,58.62,55.75254599445086,55.75254599445086,0.0,4.87,8.2174,949.55,6.2380038387716015,sideways,BULL_TREND,100.0,70.63339731286003,9.4955,80.0,64.43060388626927,33.33333333333333,100.0,85.05893265795824,0.0,2,2,E_ablate_sector_vr1.2,True
000713,000713.SZ,国投丰乐,种植业,20260303,7.11,49.343696985756665,49.343696985756665,0.0,2.02,6.2386,2484.93,7.662337662337661,sideways,BULL_TREND,50.7177646488535,94.37229437229435,24.8493,65.0,17.676776771948816,0.0,42.096000000000004,88.15906667586783,0.0,3,3,E_ablate_sector_vr1.2,True
301327,301327.SZ,华宝新能,电气设备,20260303,58.62,62.370809424297725,62.370809424297725,0.0,4.87,8.2174,949.55,6.2380038387716015,sideways,BULL_TREND,100.0,70.63339731286003,9.4955,80.0,51.71815619897911,33.33333333333333,100.0,85.05893265795824,0.0,1,1,E_ablate_inflow_vr1.2,True
002385,002385.SZ,大北农,饲料,20260303,4.24,61.85562751549246,61.85562751549246,0.0,3.09,9.3191,20181.93,10.924369747899151,sideways,BULL_TREND,81.38034190648249,100.0,100.0,60.0,34.789937547498646,53.333333333333336,84.048,89.54462497729037,0.0,2,2,E_ablate_inflow_vr1.2,True
002401,002401.SZ,中远海科,软件服务,20260303,16.8,52.436953814777794,52.436953814777794,0.0,4.13,4.5965,-19.23,3.999999999999996,sideways,BULL_TREND,100.0,39.99999999999996,0.0,80.0,23.883664905191175,33.33333333333333,100.0,93.2311451027705,0.0,3,3,E_ablate_inflow_vr1.2,True
002385,002385.SZ,大北农,饲料,20260303,4.24,63.082424260110294,63.082424260110294,0.0,3.09,9.3191,20181.93,10.924369747899151,sideways,BULL_TREND,81.38034190648249,100.0,100.0,60.0,34.60428249344986,53.333333333333336,84.048,89.54462497729037,0.0,1,1,E_ablate_wyckoff_vr1.2,True
301327,301327.SZ,华宝新能,电气设备,20260303,58.62,55.21006465843626,55.21006465843626,0.0,4.87,8.2174,949.55,6.2380038387716015,sideways,BULL_TREND,100.0,70.63339731286003,9.4955,80.0,64.43060388626927,33.33333333333333,100.0,85.05893265795824,0.0,2,2,E_ablate_wyckoff_vr1.2,True
002385,002385.SZ,大北农,饲料,20260303,4.24,73.82777925738513,73.82777925738513,0.0,3.09,9.3191,20181.93,10.924369747899151,sideways,BULL_TREND,81.38034190648249,100.0,100.0,60.0,34.60428249344986,53.333333333333336,84.048,89.54462497729037,0.0,1,1,E_ablate_accel_vr1.2,True
301327,301327.SZ,华宝新能,电气设备,20260303,58.62,65.41713657739125,65.41713657739125,0.0,4.87,8.2174,949.55,6.2380038387716015,sideways,BULL_TREND,100.0,70.63339731286003,9.4955,80.0,64.43060388626927,33.33333333333333,100.0,85.05893265795824,0.0,2,2,E_ablate_accel_vr1.2,True
600279,600279.SH,重庆港,港口,20260303,5.74,53.480972456257234,53.480972456257234,0.0,4.22,4.4465,4623.04,0.6920415224913501,sideways,BULL_TREND,100.0,6.920415224913501,46.2304,80.0,39.58608570422212,63.33333333333333,100.0,91.71877987063569,0.0,3,3,E_ablate_accel_vr1.2,True
601677,601677.SH,明泰铝业,铝,20260304,17.09,70.09236317768774,64.11502906082859,5.977334116859156,1.49,4.5472,18713.02,7.621621621621623,bear,BULL_TREND,28.76561653437184,93.69369369369372,100.0,65.0,59.77334116859156,63.33333333333333,78.206,83.29277473915634,0.0,1,1,A_recovered_proxy_vr1.2,True
601600,601600.SH,中国铝业,铝,20260304,14.45,67.5117314796209,61.534397362761744,5.977334116859156,1.36,3.6257,31023.57,8.83280757097792,bear,BULL_TREND,22.180332573780742,100.0,100.0,65.0,59.77334116859156,0.0,91.60199999999999,69.50552517701038,0.0,2,2,A_recovered_proxy_vr1.2,True
600468,600468.SH,百利电气,电气设备,20260304,7.77,59.17412022113095,50.449166913468794,8.724953307662155,1.48,6.0074,4443.86,5.359317904993925,bear,BULL_TREND,28.279858792711256,55.98863174989875,44.438599999999994,65.0,87.24953307662155,33.33333333333333,100.0,60.19475304945581,0.0,3,3,A_recovered_proxy_vr1.2,True
601677,601677.SH,明泰铝业,铝,20260304,17.09,64.11502906082859,64.11502906082859,0.0,1.49,4.5472,18713.02,7.621621621621623,bear,BULL_TREND,28.76561653437184,93.69369369369372,100.0,65.0,59.77334116859156,63.33333333333333,78.206,83.29277473915634,0.0,1,1,D_pure_quant_vr1.2,True
601600,601600.SH,中国铝业,铝,20260304,14.45,61.534397362761744,61.534397362761744,0.0,1.36,3.6257,31023.57,8.83280757097792,bear,BULL_TREND,22.180332573780742,100.0,100.0,65.0,59.77334116859156,0.0,91.60199999999999,69.50552517701038,0.0,2,2,D_pure_quant_vr1.2,True
600468,600468.SH,百利电气,电气设备,20260304,7.77,50.449166913468794,50.449166913468794,0.0,1.48,6.0074,4443.86,5.359317904993925,bear,BULL_TREND,28.279858792711256,55.98863174989875,44.438599999999994,65.0,87.24953307662155,33.33333333333333,100.0,60.19475304945581,0.0,3,3,D_pure_quant_vr1.2,True
601677,601677.SH,明泰铝业,铝,20260304,17.09,55.14902788553985,55.14902788553985,0.0,1.49,4.5472,18713.02,7.621621621621623,bear,BULL_TREND,28.76561653437184,93.69369369369372,100.0,65.0,59.77334116859156,63.33333333333333,78.206,83.29277473915634,0.0,1,1,E_ablate_sector_vr1.2,True
601600,601600.SH,中国铝业,铝,20260304,14.45,52.568396187473006,52.568396187473006,0.0,1.36,3.6257,31023.57,8.83280757097792,bear,BULL_TREND,22.180332573780742,100.0,100.0,65.0,59.77334116859156,0.0,91.60199999999999,69.50552517701038,0.0,2,2,E_ablate_sector_vr1.2,True
601677,601677.SH,明泰铝业,铝,20260304,17.09,49.550500240816305,49.550500240816305,0.0,1.49,4.5472,18713.02,7.621621621621623,bear,BULL_TREND,28.76561653437184,93.69369369369372,100.0,65.0,42.676482368509696,63.33333333333333,78.206,83.29277473915634,0.0,1,1,E_ablate_inflow_vr1.2,True
601600,601600.SH,中国铝业,铝,20260304,14.45,46.96986854274947,46.96986854274947,0.0,1.36,3.6257,31023.57,8.83280757097792,bear,BULL_TREND,22.180332573780742,100.0,100.0,65.0,42.676482368509696,0.0,91.60199999999999,69.50552517701038,0.0,2,2,E_ablate_inflow_vr1.2,True
601677,601677.SH,明泰铝业,铝,20260304,17.09,54.11989609212982,54.11989609212982,0.0,1.49,4.5472,18713.02,7.621621621621623,bear,BULL_TREND,28.76561653437184,93.69369369369372,100.0,65.0,59.77334116859156,63.33333333333333,78.206,83.29277473915634,0.0,1,1,E_ablate_wyckoff_vr1.2,True
601600,601600.SH,中国铝业,铝,20260304,14.45,53.193734341520496,53.193734341520496,0.0,1.36,3.6257,31023.57,8.83280757097792,bear,BULL_TREND,22.180332573780742,100.0,100.0,65.0,59.77334116859156,0.0,91.60199999999999,69.50552517701038,0.0,2,2,E_ablate_wyckoff_vr1.2,True
601677,601677.SH,明泰铝业,铝,20260304,17.09,64.11502906082859,64.11502906082859,0.0,1.49,4.5472,18713.02,7.621621621621623,bear,BULL_TREND,28.76561653437184,93.69369369369372,100.0,65.0,59.77334116859156,63.33333333333333,78.206,83.29277473915634,0.0,1,1,E_ablate_accel_vr1.2,True
601600,601600.SH,中国铝业,铝,20260304,14.45,61.534397362761744,61.534397362761744,0.0,1.36,3.6257,31023.57,8.83280757097792,bear,BULL_TREND,22.180332573780742,100.0,100.0,65.0,59.77334116859156,0.0,91.60199999999999,69.50552517701038,0.0,2,2,E_ablate_accel_vr1.2,True
600468,600468.SH,百利电气,电气设备,20260304,7.77,50.449166913468794,50.449166913468794,0.0,1.48,6.0074,4443.86,5.359317904993925,bear,BULL_TREND,28.279858792711256,55.98863174989875,44.438599999999994,65.0,87.24953307662155,33.33333333333333,100.0,60.19475304945581,0.0,3,3,E_ablate_accel_vr1.2,True
002941,002941.SZ,新疆交建,建筑工程,20260305,16.45,65.19040215703296,56.45870761512682,8.731694541906137,2.06,4.2397,9475.37,3.5190615835777206,bear,BULL_TREND,52.132216870424685,35.19061583577721,94.75370000000001,80.0,87.31694541906137,10.0,0.0,78.16415505752666,0.0,1,1,A_recovered_proxy_vr1.5,True
002996,002996.SZ,顺博合金,铝,20260305,8.21,53.3241799767307,53.3241799767307,0.0,1.78,6.7748,1321.8,10.371179039301301,bear,BULL_TREND,41.59386205958365,100.0,13.218,100.0,44.95532380024608,33.33333333333333,0.0,76.47837572432265,0.0,2,2,A_recovered_proxy_vr1.5,True
002941,002941.SZ,新疆交建,建筑工程,20260305,16.45,56.45870761512682,56.45870761512682,0.0,2.06,4.2397,9475.37,3.5190615835777206,bear,BULL_TREND,52.132216870424685,35.19061583577721,94.75370000000001,80.0,87.31694541906137,10.0,0.0,78.16415505752666,0.0,1,1,B_pure_quant_vr1.5,True
002996,002996.SZ,顺博合金,铝,20260305,8.21,53.3241799767307,53.3241799767307,0.0,1.78,6.7748,1321.8,10.371179039301301,bear,BULL_TREND,41.59386205958365,100.0,13.218,100.0,44.95532380024608,33.33333333333333,0.0,76.47837572432265,0.0,2,2,B_pure_quant_vr1.5,True
002996,002996.SZ,顺博合金,铝,20260305,8.21,64.44202526764164,56.977567723262496,7.4644575443791386,1.78,6.7748,1321.8,10.371179039301301,bear,BULL_TREND,41.59386205958365,100.0,13.218,80.0,74.64457544379138,33.33333333333333,0.0,76.47837572432265,0.0,1,1,A_recovered_proxy_vr1.2,True
002941,002941.SZ,新疆交建,建筑工程,20260305,16.45,63.63215739197386,55.52376075609136,8.108396635882498,2.06,4.2397,9475.37,3.5190615835777206,bear,BULL_TREND,52.132216870424685,35.19061583577721,94.75370000000001,80.0,81.08396635882498,10.0,0.0,78.16415505752666,0.0,2,2,A_recovered_proxy_vr1.2,True
600475,600475.SH,华光环能,电气设备,20260305,21.89,48.18856456818246,39.208917815055806,8.97964675312665,1.53,4.0294,948.5,3.9912280701754392,bear,BULL_TREND,30.676582645896357,39.91228070175439,9.485,40.0,89.7964675312665,30.0,0.0,57.26414790735552,0.0,3,3,A_recovered_proxy_vr1.2,True
002996,002996.SZ,顺博合金,铝,20260305,8.21,56.977567723262496,56.977567723262496,0.0,1.78,6.7748,1321.8,10.371179039301301,bear,BULL_TREND,41.59386205958365,100.0,13.218,80.0,74.64457544379138,33.33333333333333,0.0,76.47837572432265,0.0,1,1,D_pure_quant_vr1.2,True
002941,002941.SZ,新疆交建,建筑工程,20260305,16.45,55.52376075609136,55.52376075609136,0.0,2.06,4.2397,9475.37,3.5190615835777206,bear,BULL_TREND,52.132216870424685,35.19061583577721,94.75370000000001,80.0,81.08396635882498,10.0,0.0,78.16415505752666,0.0,2,2,D_pure_quant_vr1.2,True
002709,002709.SZ,天赐材料,化工原料,20260305,42.19,46.70280596168654,46.70280596168654,0.0,1.41,4.5999,28743.27,6.181899043806985,bear,BULL_TREND,24.78475813120344,69.69831739678308,100.0,65.0,40.531266898765224,0.0,0.0,43.64032758928938,0.0,3,3,D_pure_quant_vr1.2,True
002996,002996.SZ,顺博合金,铝,20260305,8.21,45.78088140669379,45.78088140669379,0.0,1.78,6.7748,1321.8,10.371179039301301,bear,BULL_TREND,41.59386205958365,100.0,13.218,80.0,74.64457544379138,33.33333333333333,0.0,76.47837572432265,0.0,1,1,E_ablate_sector_vr1.2,True
002996,002996.SZ,顺博合金,铝,20260305,8.21,55.61665801008936,55.61665801008936,0.0,1.78,6.7748,1321.8,10.371179039301301,bear,BULL_TREND,41.59386205958365,100.0,13.218,80.0,76.14624402263718,33.33333333333333,0.0,76.47837572432265,0.0,1,1,E_ablate_inflow_vr1.2,True
002996,002996.SZ,顺博合金,铝,20260305,8.21,47.80016263634378,47.80016263634378,0.0,1.78,6.7748,1321.8,10.371179039301301,bear,BULL_TREND,41.59386205958365,100.0,13.218,80.0,74.64457544379138,33.33333333333333,0.0,76.47837572432265,0.0,1,1,E_ablate_wyckoff_vr1.2,True
002941,002941.SZ,新疆交建,建筑工程,20260305,16.45,46.144062149188166,46.144062149188166,0.0,2.06,4.2397,9475.37,3.5190615835777206,bear,BULL_TREND,52.132216870424685,35.19061583577721,94.75370000000001,80.0,81.08396635882498,10.0,0.0,78.16415505752666,0.0,2,2,E_ablate_wyckoff_vr1.2,True
002996,002996.SZ,顺博合金,铝,20260305,8.21,56.977567723262496,56.977567723262496,0.0,1.78,6.7748,1321.8,10.371179039301301,bear,BULL_TREND,41.59386205958365,100.0,13.218,80.0,74.64457544379138,33.33333333333333,0.0,76.47837572432265,0.0,1,1,E_ablate_accel_vr1.2,True
002941,002941.SZ,新疆交建,建筑工程,20260305,16.45,55.52376075609136,55.52376075609136,0.0,2.06,4.2397,9475.37,3.5190615835777206,bear,BULL_TREND,52.132216870424685,35.19061583577721,94.75370000000001,80.0,81.08396635882498,10.0,0.0,78.16415505752666,0.0,2,2,E_ablate_accel_vr1.2,True
002709,002709.SZ,天赐材料,化工原料,20260305,42.19,46.70280596168654,46.70280596168654,0.0,1.41,4.5999,28743.27,6.181899043806985,bear,BULL_TREND,24.78475813120344,69.69831739678308,100.0,65.0,40.531266898765224,0.0,0.0,43.64032758928938,0.0,3,3,E_ablate_accel_vr1.2,True
002670,002670.SZ,国盛证券,证券,20260306,16.07,63.77788114317982,63.77788114317982,0.0,2.01,3.2191,22932.1,7.2170900692840645,sideways,BULL_TREND,50.35977507021019,86.95150115473442,100.0,80.0,62.988676861920176,33.33333333333333,0.0,68.7869348144776,0.0,1,1,A_recovered_proxy_vr1.5,True
002335,002335.SZ,科华数据,电气设备,20260306,60.7,61.0566399182743,53.98993923567715,7.066700682597149,1.51,8.2695,35816.96,6.672816728167286,sideways,BULL_TREND,29.727427477517708,77.8802788027881,100.0,65.0,70.66700682597148,10.0,0.0,40.968273584284546,0.0,2,2,A_recovered_proxy_vr1.5,True
002670,002670.SZ,国盛证券,证券,20260306,16.07,63.77788114317982,63.77788114317982,0.0,2.01,3.2191,22932.1,7.2170900692840645,sideways,BULL_TREND,50.35977507021019,86.95150115473442,100.0,80.0,62.988676861920176,33.33333333333333,0.0,68.7869348144776,0.0,1,1,B_pure_quant_vr1.5,True
002335,002335.SZ,科华数据,电气设备,20260306,60.7,53.98993923567715,53.98993923567715,0.0,1.51,8.2695,35816.96,6.672816728167286,sideways,BULL_TREND,29.727427477517708,77.8802788027881,100.0,65.0,70.66700682597148,10.0,0.0,40.968273584284546,0.0,2,2,B_pure_quant_vr1.5,True
002335,002335.SZ,科华数据,电气设备,20260306,60.7,63.56741037027986,55.73640150688048,7.831008863399375,1.51,8.2695,35816.96,6.672816728167286,sideways,BULL_TREND,29.727427477517708,77.8802788027881,100.0,80.0,78.31008863399374,10.0,0.0,40.968273584284546,0.0,1,1,A_recovered_proxy_vr1.2,True
002670,002670.SZ,国盛证券,证券,20260306,16.07,62.60354062422161,62.60354062422161,0.0,2.01,3.2191,22932.1,7.2170900692840645,sideways,BULL_TREND,50.35977507021019,86.95150115473442,100.0,80.0,55.15974006886545,33.33333333333333,0.0,68.7869348144776,0.0,2,2,A_recovered_proxy_vr1.2,True
000735,000735.SZ,罗牛山,农业综合,20260306,7.76,58.67331617746048,58.67331617746048,0.0,1.43,4.2229,12417.9,8.920187793427228,sideways,BULL_TREND,25.800757350183233,100.0,100.0,80.0,40.385782880172485,33.33333333333333,0.0,75.60512884773024,0.0,3,3,A_recovered_proxy_vr1.2,True
002670,002670.SZ,国盛证券,证券,20260306,16.07,62.60354062422161,62.60354062422161,0.0,2.01,3.2191,22932.1,7.2170900692840645,sideways,BULL_TREND,50.35977507021019,86.95150115473442,100.0,80.0,55.15974006886545,33.33333333333333,0.0,68.7869348144776,0.0,1,1,D_pure_quant_vr1.2,True
000735,000735.SZ,罗牛山,农业综合,20260306,7.76,58.67331617746048,58.67331617746048,0.0,1.43,4.2229,12417.9,8.920187793427228,sideways,BULL_TREND,25.800757350183233,100.0,100.0,80.0,40.385782880172485,33.33333333333333,0.0,75.60512884773024,0.0,2,2,D_pure_quant_vr1.2,True
002335,002335.SZ,科华数据,电气设备,20260306,60.7,55.73640150688048,55.73640150688048,0.0,1.51,8.2695,35816.96,6.672816728167286,sideways,BULL_TREND,29.727427477517708,77.8802788027881,100.0,80.0,78.31008863399374,10.0,0.0,40.968273584284546,0.0,3,3,D_pure_quant_vr1.2,True
002670,002670.SZ,国盛证券,证券,20260306,16.07,54.329579613891795,54.329579613891795,0.0,2.01,3.2191,22932.1,7.2170900692840645,sideways,BULL_TREND,50.35977507021019,86.95150115473442,100.0,80.0,55.15974006886545,33.33333333333333,0.0,68.7869348144776,0.0,1,1,E_ablate_sector_vr1.2,True
000735,000735.SZ,罗牛山,农业综合,20260306,7.76,52.615448745434605,52.615448745434605,0.0,1.43,4.2229,12417.9,8.920187793427228,sideways,BULL_TREND,25.800757350183233,100.0,100.0,80.0,40.385782880172485,33.33333333333333,0.0,75.60512884773024,0.0,2,2,E_ablate_sector_vr1.2,True
002258,002258.SZ,利尔化学,农药化肥,20260306,16.31,46.91041269527523,46.91041269527523,0.0,1.22,3.1343,10209.8,8.984375000000016,sideways,BULL_TREND,14.344057389408077,100.0,100.0,80.0,51.607129512379316,33.33333333333333,0.0,49.06711169115653,0.0,3,3,E_ablate_sector_vr1.2,True
002670,002670.SZ,国盛证券,证券,20260306,16.07,50.769889030586285,50.769889030586285,0.0,2.01,3.2191,22932.1,7.2170900692840645,sideways,BULL_TREND,50.35977507021019,86.95150115473442,100.0,80.0,56.268729444629955,33.33333333333333,0.0,68.7869348144776,0.0,1,1,E_ablate_inflow_vr1.2,True
000735,000735.SZ,罗牛山,农业综合,20260306,7.76,46.76339505708319,46.76339505708319,0.0,1.43,4.2229,12417.9,8.920187793427228,sideways,BULL_TREND,25.800757350183233,100.0,100.0,80.0,40.98630874432387,33.33333333333333,0.0,75.60512884773024,0.0,2,2,E_ablate_inflow_vr1.2,True
002670,002670.SZ,国盛证券,证券,20260306,16.07,54.3491084464843,54.3491084464843,0.0,2.01,3.2191,22932.1,7.2170900692840645,sideways,BULL_TREND,50.35977507021019,86.95150115473442,100.0,80.0,55.15974006886545,33.33333333333333,0.0,68.7869348144776,0.0,1,1,E_ablate_wyckoff_vr1.2,True
002335,002335.SZ,科华数据,电气设备,20260306,60.7,50.82020867676634,50.82020867676634,0.0,1.51,8.2695,35816.96,6.672816728167286,sideways,BULL_TREND,29.727427477517708,77.8802788027881,100.0,80.0,78.31008863399374,10.0,0.0,40.968273584284546,0.0,2,2,E_ablate_wyckoff_vr1.2,True
000735,000735.SZ,罗牛山,农业综合,20260306,7.76,49.60070071573285,49.60070071573285,0.0,1.43,4.2229,12417.9,8.920187793427228,sideways,BULL_TREND,25.800757350183233,100.0,100.0,80.0,40.385782880172485,33.33333333333333,0.0,75.60512884773024,0.0,3,3,E_ablate_wyckoff_vr1.2,True
002670,002670.SZ,国盛证券,证券,20260306,16.07,62.60354062422161,62.60354062422161,0.0,2.01,3.2191,22932.1,7.2170900692840645,sideways,BULL_TREND,50.35977507021019,86.95150115473442,100.0,80.0,55.15974006886545,33.33333333333333,0.0,68.7869348144776,0.0,1,1,E_ablate_accel_vr1.2,True
000735,000735.SZ,罗牛山,农业综合,20260306,7.76,58.67331617746048,58.67331617746048,0.0,1.43,4.2229,12417.9,8.920187793427228,sideways,BULL_TREND,25.800757350183233,100.0,100.0,80.0,40.385782880172485,33.33333333333333,0.0,75.60512884773024,0.0,2,2,E_ablate_accel_vr1.2,True
002335,002335.SZ,科华数据,电气设备,20260306,60.7,55.73640150688048,55.73640150688048,0.0,1.51,8.2695,35816.96,6.672816728167286,sideways,BULL_TREND,29.727427477517708,77.8802788027881,100.0,80.0,78.31008863399374,10.0,0.0,40.968273584284546,0.0,3,3,E_ablate_accel_vr1.2,True
601360,601360.SH,三六零,互联网,20260309,12.06,68.34611206093498,61.52177556388584,6.824336497049142,1.93,3.3716,37852.76,9.595202398800595,bear,BULL_TREND,47.430042374667785,100.0,100.0,80.0,68.24336497049141,66.66666666666666,0.0,19.311068021265683,0.0,1,1,A_recovered_proxy_vr1.5,True
600664,600664.SH,哈药股份,化学制药,20260309,3.63,59.16413698823043,59.16413698823043,0.0,4.67,4.817,14993.3,1.0899182561307912,bear,BULL_TREND,100.0,10.899182561307912,100.0,80.0,49.44000759339639,63.33333333333333,0.0,90.69707515888808,0.0,2,2,A_recovered_proxy_vr1.5,True
002709,002709.SZ,天赐材料,化工原料,20260309,43.36,57.349755292666835,50.0811924153307,7.268562877336136,1.81,5.7603,38374.72,3.580164554147208,bear,BULL_TREND,42.799484865424034,35.801645541472084,100.0,65.0,72.68562877336136,33.33333333333333,0.0,55.161939526188995,0.0,3,3,A_recovered_proxy_vr1.5,True
601360,601360.SH,三六零,互联网,20260309,12.06,61.52177556388584,61.52177556388584,0.0,1.93,3.3716,37852.76,9.595202398800595,bear,BULL_TREND,47.430042374667785,100.0,100.0,80.0,68.24336497049141,66.66666666666666,0.0,19.311068021265683,0.0,1,1,B_pure_quant_vr1.5,True
600664,600664.SH,哈药股份,化学制药,20260309,3.63,59.16413698823043,59.16413698823043,0.0,4.67,4.817,14993.3,1.0899182561307912,bear,BULL_TREND,100.0,10.899182561307912,100.0,80.0,49.44000759339639,63.33333333333333,0.0,90.69707515888808,0.0,2,2,B_pure_quant_vr1.5,True
002474,002474.SZ,榕基软件,软件服务,20260309,8.62,51.46175292048386,51.46175292048386,0.0,1.86,7.6962,2447.45,8.783068783068785,bear,BULL_TREND,44.76513106666534,100.0,24.4745,65.0,57.80183738970105,30.0,0.0,40.051737311352724,0.0,3,3,B_pure_quant_vr1.5,True
601360,601360.SH,三六零,互联网,20260309,12.06,57.37461460257058,57.37461460257058,0.0,1.93,3.3716,37852.76,9.595202398800595,bear,BULL_TREND,47.430042374667785,100.0,100.0,40.0,51.262291895056336,66.66666666666666,0.0,19.311068021265683,0.0,1,1,A_recovered_proxy_vr1.2,True
600664,600664.SH,哈药股份,化学制药,20260309,3.63,56.23730907736637,56.23730907736637,0.0,4.67,4.817,14993.3,1.0899182561307912,bear,BULL_TREND,100.0,10.899182561307912,100.0,80.0,29.927821520969268,63.33333333333333,0.0,90.69707515888808,0.0,2,2,A_recovered_proxy_vr1.2,True
301358,301358.SZ,湖南裕能,电气设备,20260309,67.45,52.62987395236584,47.48909197606896,5.140781976296882,1.43,3.4737,21572.07,6.228277492006122,bear,BULL_TREND,25.800757350183233,70.47129153343538,100.0,40.0,51.40781976296881,33.33333333333333,0.0,36.09501325467399,0.0,3,3,A_recovered_proxy_vr1.2,True
601360,601360.SH,三六零,互联网,20260309,12.06,57.37461460257058,57.37461460257058,0.0,1.93,3.3716,37852.76,9.595202398800595,bear,BULL_TREND,47.430042374667785,100.0,100.0,40.0,51.262291895056336,66.66666666666666,0.0,19.311068021265683,0.0,1,1,D_pure_quant_vr1.2,True
600664,600664.SH,哈药股份,化学制药,20260309,3.63,56.23730907736637,56.23730907736637,0.0,4.67,4.817,14993.3,1.0899182561307912,bear,BULL_TREND,100.0,10.899182561307912,100.0,80.0,29.927821520969268,63.33333333333333,0.0,90.69707515888808,0.0,2,2,D_pure_quant_vr1.2,True
000977,000977.SZ,浪潮信息,IT设备,20260309,61.77,50.837883696887445,50.837883696887445,0.0,1.48,3.9581,42352.82,6.916817359855329,bear,BULL_TREND,28.279858792711256,81.94695599758882,100.0,65.0,50.64310389119169,33.33333333333333,0.0,31.040434938966754,0.0,3,3,D_pure_quant_vr1.2,True
600664,600664.SH,哈药股份,化学制药,20260309,3.63,51.74813584922098,51.74813584922098,0.0,4.67,4.817,14993.3,1.0899182561307912,bear,BULL_TREND,100.0,10.899182561307912,100.0,80.0,29.927821520969268,63.33333333333333,0.0,90.69707515888808,0.0,1,1,E_ablate_sector_vr1.2,True
601360,601360.SH,三六零,互联网,20260309,12.06,49.68527081831213,49.68527081831213,0.0,1.93,3.3716,37852.76,9.595202398800595,bear,BULL_TREND,47.430042374667785,100.0,100.0,40.0,51.262291895056336,66.66666666666666,0.0,19.311068021265683,0.0,2,2,E_ablate_sector_vr1.2,True
002474,002474.SZ,榕基软件,软件服务,20260309,8.62,45.82708808126212,45.82708808126212,0.0,1.86,7.6962,2447.45,8.783068783068785,bear,BULL_TREND,44.76513106666534,100.0,24.4745,65.0,39.817005128222775,30.0,0.0,40.051737311352724,0.0,1,1,E_ablate_inflow_vr1.2,True
601360,601360.SH,三六零,互联网,20260309,12.06,45.37461460257058,45.37461460257058,0.0,1.93,3.3716,37852.76,9.595202398800595,bear,BULL_TREND,47.430042374667785,100.0,100.0,40.0,51.262291895056336,66.66666666666666,0.0,19.311068021265683,0.0,2,2,E_ablate_inflow_vr1.2,True
601360,601360.SH,三六零,互联网,20260309,12.06,55.0572864400187,55.0572864400187,0.0,1.93,3.3716,37852.76,9.595202398800595,bear,BULL_TREND,47.430042374667785,100.0,100.0,40.0,51.262291895056336,66.66666666666666,0.0,19.311068021265683,0.0,1,1,E_ablate_wyckoff_vr1.2,True
603881,603881.SH,数据港,软件服务,20260309,38.03,48.832430544216166,48.832430544216166,0.0,1.45,10.3992,20217.57,15.713652482269497,bear,BULL_TREND,26.802645012010483,92.86347517730503,100.0,80.0,39.817005128222775,66.66666666666666,0.0,14.66477261487799,0.0,2,2,E_ablate_wyckoff_vr1.2,True
002354,002354.SZ,天娱数科,互联网,20260309,6.46,47.229255991318716,47.229255991318716,0.0,1.39,6.9589,11788.27,16.64516129032258,bear,BULL_TREND,23.75424414743913,83.5483870967742,100.0,65.0,51.262291895056336,66.66666666666666,0.0,10.5,0.0,3,3,E_ablate_wyckoff_vr1.2,True
601360,601360.SH,三六零,互联网,20260309,12.06,57.37461460257058,57.37461460257058,0.0,1.93,3.3716,37852.76,9.595202398800595,bear,BULL_TREND,47.430042374667785,100.0,100.0,40.0,51.262291895056336,66.66666666666666,0.0,19.311068021265683,0.0,1,1,E_ablate_accel_vr1.2,True
600664,600664.SH,哈药股份,化学制药,20260309,3.63,56.23730907736637,56.23730907736637,0.0,4.67,4.817,14993.3,1.0899182561307912,bear,BULL_TREND,100.0,10.899182561307912,100.0,80.0,29.927821520969268,63.33333333333333,0.0,90.69707515888808,0.0,2,2,E_ablate_accel_vr1.2,True
000977,000977.SZ,浪潮信息,IT设备,20260309,61.77,50.837883696887445,50.837883696887445,0.0,1.48,3.9581,42352.82,6.916817359855329,bear,BULL_TREND,28.279858792711256,81.94695599758882,100.0,65.0,50.64310389119169,33.33333333333333,0.0,31.040434938966754,0.0,3,3,E_ablate_accel_vr1.2,True
002194,002194.SZ,武汉凡谷,通信设备,20260310,12.61,60.31519035965353,54.92564470270007,5.389545656953462,2.45,7.4732,6032.61,5.684367988032908,sideways,BULL_TREND,64.6390874613923,61.406133133881795,60.3261,100.0,53.895456569534616,10.0,0.0,63.93538071924651,0.0,1,1,A_recovered_proxy_vr1.5,True
601360,601360.SH,三六零,互联网,20260310,12.59,58.80293087368867,53.306516634252176,5.496414239436499,2.12,4.1898,17004.23,5.622188905547226,sideways,BULL_TREND,54.20321323942373,60.36981509245376,100.0,80.0,54.964142394364984,43.333333333333336,0.0,31.576353128480967,0.0,2,2,A_recovered_proxy_vr1.5,True
603881,603881.SH,数据港,软件服务,20260310,39.57,52.61429385488948,52.61429385488948,0.0,1.59,11.8171,11417.35,12.300531914893611,sideways,BULL_TREND,33.45133827548153,100.0,100.0,60.0,38.7867379703992,66.66666666666666,0.0,14.197128378252767,0.0,3,3,A_recovered_proxy_vr1.5,True
002194,002194.SZ,武汉凡谷,通信设备,20260310,12.61,54.92564470270007,54.92564470270007,0.0,2.45,7.4732,6032.61,5.684367988032908,sideways,BULL_TREND,64.6390874613923,61.406133133881795,60.3261,100.0,53.895456569534616,10.0,0.0,63.93538071924651,0.0,1,1,B_pure_quant_vr1.5,True
601360,601360.SH,三六零,互联网,20260310,12.59,53.306516634252176,53.306516634252176,0.0,2.12,4.1898,17004.23,5.622188905547226,sideways,BULL_TREND,54.20321323942373,60.36981509245376,100.0,80.0,54.964142394364984,43.333333333333336,0.0,31.576353128480967,0.0,2,2,B_pure_quant_vr1.5,True
603881,603881.SH,数据港,软件服务,20260310,39.57,52.61429385488948,52.61429385488948,0.0,1.59,11.8171,11417.35,12.300531914893611,sideways,BULL_TREND,33.45133827548153,100.0,100.0,60.0,38.7867379703992,66.66666666666666,0.0,14.197128378252767,0.0,3,3,B_pure_quant_vr1.5,True
002194,002194.SZ,武汉凡谷,通信设备,20260310,12.61,60.27644965968413,54.90240028271843,5.374049376965701,2.45,7.4732,6032.61,5.684367988032908,sideways,BULL_TREND,64.6390874613923,61.406133133881795,60.3261,100.0,53.740493769657,10.0,0.0,63.93538071924651,0.0,1,1,A_recovered_proxy_vr1.2,True
603881,603881.SH,数据港,软件服务,20260310,39.57,53.580696880705695,53.580696880705695,0.0,1.59,11.8171,11417.35,12.300531914893611,sideways,BULL_TREND,33.45133827548153,100.0,100.0,100.0,34.56275814250726,66.66666666666666,0.0,14.197128378252767,0.0,2,2,A_recovered_proxy_vr1.2,True
002416,002416.SZ,爱施德,电器连锁,20260310,13.37,53.423282922461084,48.26136914637901,5.161913776082071,1.26,3.2785,6084.95,7.793103448275867,sideways,BULL_TREND,16.67118668625959,96.55172413793113,60.8495,80.0,51.619137760820706,33.33333333333333,0.0,37.00709528556065,0.0,3,3,A_recovered_proxy_vr1.2,True
002194,002194.SZ,武汉凡谷,通信设备,20260310,12.61,54.90240028271843,54.90240028271843,0.0,2.45,7.4732,6032.61,5.684367988032908,sideways,BULL_TREND,64.6390874613923,61.406133133881795,60.3261,100.0,53.740493769657,10.0,0.0,63.93538071924651,0.0,1,1,D_pure_quant_vr1.2,True
603881,603881.SH,数据港,软件服务,20260310,39.57,53.580696880705695,53.580696880705695,0.0,1.59,11.8171,11417.35,12.300531914893611,sideways,BULL_TREND,33.45133827548153,100.0,100.0,100.0,34.56275814250726,66.66666666666666,0.0,14.197128378252767,0.0,2,2,D_pure_quant_vr1.2,True
000559,000559.SZ,万向钱潮,汽车配件,20260310,18.37,51.94563398243183,51.94563398243183,0.0,1.39,4.0557,24818.98,12.021072796934856,sideways,BULL_TREND,23.75424414743913,100.0,100.0,80.0,44.08647478582995,43.333333333333336,0.0,17.00051987878382,0.0,3,3,D_pure_quant_vr1.2,True
603881,603881.SH,数据港,软件服务,20260310,39.57,48.3962831593296,48.3962831593296,0.0,1.59,11.8171,11417.35,12.300531914893611,sideways,BULL_TREND,33.45133827548153,100.0,100.0,100.0,34.56275814250726,66.66666666666666,0.0,14.197128378252767,0.0,1,1,E_ablate_sector_vr1.2,True
002194,002194.SZ,武汉凡谷,通信设备,20260310,12.61,46.84132621726988,46.84132621726988,0.0,2.45,7.4732,6032.61,5.684367988032908,sideways,BULL_TREND,64.6390874613923,61.406133133881795,60.3261,100.0,53.740493769657,10.0,0.0,63.93538071924651,0.0,2,2,E_ablate_sector_vr1.2,True
000559,000559.SZ,万向钱潮,汽车配件,20260310,18.37,45.332662764557334,45.332662764557334,0.0,1.39,4.0557,24818.98,12.021072796934856,sideways,BULL_TREND,23.75424414743913,100.0,100.0,80.0,44.08647478582995,43.333333333333336,0.0,17.00051987878382,0.0,3,3,E_ablate_sector_vr1.2,True
603881,603881.SH,数据港,软件服务,20260310,39.57,51.87704147531536,51.87704147531536,0.0,1.59,11.8171,11417.35,12.300531914893611,sideways,BULL_TREND,33.45133827548153,100.0,100.0,100.0,34.56275814250726,66.66666666666666,0.0,14.197128378252767,0.0,1,1,E_ablate_wyckoff_vr1.2,True
000559,000559.SZ,万向钱潮,汽车配件,20260310,18.37,49.905571596977765,49.905571596977765,0.0,1.39,4.0557,24818.98,12.021072796934856,sideways,BULL_TREND,23.75424414743913,100.0,100.0,80.0,44.08647478582995,43.333333333333336,0.0,17.00051987878382,0.0,2,2,E_ablate_wyckoff_vr1.2,True
002067,002067.SZ,景兴纸业,造纸,20260310,5.61,47.376144038072,47.376144038072,0.0,1.36,6.004,9846.69,7.11920529801324,sideways,BULL_TREND,22.180332573780742,85.32008830022066,98.46690000000001,100.0,46.9557118608335,43.333333333333336,0.0,19.396566905757236,0.0,3,3,E_ablate_wyckoff_vr1.2,True
002194,002194.SZ,武汉凡谷,通信设备,20260310,12.61,54.90240028271843,54.90240028271843,0.0,2.45,7.4732,6032.61,5.684367988032908,sideways,BULL_TREND,64.6390874613923,61.406133133881795,60.3261,100.0,53.740493769657,10.0,0.0,63.93538071924651,0.0,1,1,E_ablate_accel_vr1.2,True
603881,603881.SH,数据港,软件服务,20260310,39.57,53.580696880705695,53.580696880705695,0.0,1.59,11.8171,11417.35,12.300531914893611,sideways,BULL_TREND,33.45133827548153,100.0,100.0,100.0,34.56275814250726,66.66666666666666,0.0,14.197128378252767,0.0,2,2,E_ablate_accel_vr1.2,True
000559,000559.SZ,万向钱潮,汽车配件,20260310,18.37,51.94563398243183,51.94563398243183,0.0,1.39,4.0557,24818.98,12.021072796934856,sideways,BULL_TREND,23.75424414743913,100.0,100.0,80.0,44.08647478582995,43.333333333333336,0.0,17.00051987878382,0.0,3,3,E_ablate_accel_vr1.2,True
601669,601669.SH,中国电建,建筑工程,20260311,6.38,76.9691362085784,68.62762188751367,8.341514321064741,2.45,9.5252,156928.04,2.4464831804281366,momentum,BULL_TREND,64.6390874613923,100.0,100.0,80.0,83.41514321064741,33.33333333333333,0.0,65.82063459508682,0.0,1,1,A_recovered_proxy_vr1.5,True
600170,600170.SH,上海建工,建筑工程,20260311,3.0,76.6280677658181,68.28655344475337,8.341514321064741,2.29,5.455,33155.76,1.3157894736842117,momentum,BULL_TREND,59.76737991611096,100.0,100.0,65.0,83.41514321064741,30.0,0.0,78.8841781520724,0.0,2,2,A_recovered_proxy_vr1.5,True
002125,002125.SZ,湘潭电化,化工原料,20260311,15.29,65.05175715550759,58.70378198911042,6.347975166397173,1.97,7.6565,9873.6,2.920634920634926,momentum,BULL_TREND,48.90978148408258,100.0,98.736,65.0,63.47975166397173,0.0,0.0,56.7416443370368,0.0,3,3,A_recovered_proxy_vr1.5,True
601669,601669.SH,中国电建,建筑工程,20260311,6.38,68.62762188751367,68.62762188751367,0.0,2.45,9.5252,156928.04,2.4464831804281366,momentum,BULL_TREND,64.6390874613923,100.0,100.0,80.0,83.41514321064741,33.33333333333333,0.0,65.82063459508682,0.0,1,1,B_pure_quant_vr1.5,True
600170,600170.SH,上海建工,建筑工程,20260311,3.0,68.28655344475337,68.28655344475337,0.0,2.29,5.455,33155.76,1.3157894736842117,momentum,BULL_TREND,59.76737991611096,100.0,100.0,65.0,83.41514321064741,30.0,0.0,78.8841781520724,0.0,2,2,B_pure_quant_vr1.5,True
002328,002328.SZ,新朋股份,汽车配件,20260311,7.33,62.30750856676922,62.30750856676922,0.0,2.9,8.6116,10463.69,1.4784946236559182,momentum,BULL_TREND,76.80264501201049,100.0,100.0,60.0,40.89831082607218,30.0,0.0,81.07449649753214,0.0,3,3,B_pure_quant_vr1.5,True
601669,601669.SH,中国电建,建筑工程,20260311,6.38,74.26631134544326,66.82573864542357,7.440572700019686,2.45,9.5252,156928.04,2.4464831804281366,momentum,BULL_TREND,64.6390874613923,100.0,100.0,80.0,74.40572700019686,33.33333333333333,0.0,65.82063459508682,0.0,1,1,A_recovered_proxy_vr1.2,True
600170,600170.SH,上海建工,建筑工程,20260311,3.0,73.92524290268294,66.48467020266325,7.440572700019686,2.29,5.455,33155.76,1.3157894736842117,momentum,BULL_TREND,59.76737991611096,100.0,100.0,65.0,74.40572700019686,30.0,0.0,78.8841781520724,0.0,2,2,A_recovered_proxy_vr1.2,True
601012,601012.SH,隆基绿能,电气设备,20260311,18.79,68.09092361695274,60.18286775558008,7.908055861372654,1.47,3.0508,49367.01,4.86075949367089,momentum,BULL_TREND,27.790807753081985,88.83544303797466,100.0,40.0,79.08055861372654,43.333333333333336,0.0,71.47923899408336,0.0,3,3,A_recovered_proxy_vr1.2,True
601669,601669.SH,中国电建,建筑工程,20260311,6.38,66.82573864542357,66.82573864542357,0.0,2.45,9.5252,156928.04,2.4464831804281366,momentum,BULL_TREND,64.6390874613923,100.0,100.0,80.0,74.40572700019686,33.33333333333333,0.0,65.82063459508682,0.0,1,1,D_pure_quant_vr1.2,True
600170,600170.SH,上海建工,建筑工程,20260311,3.0,66.48467020266325,66.48467020266325,0.0,2.29,5.455,33155.76,1.3157894736842117,momentum,BULL_TREND,59.76737991611096,100.0,100.0,65.0,74.40572700019686,30.0,0.0,78.8841781520724,0.0,2,2,D_pure_quant_vr1.2,True
002256,002256.SZ,兆新股份,新型电力,20260311,3.97,63.36369384946259,63.36369384946259,0.0,2.65,10.6866,20676.31,0.7499999999999951,momentum,BULL_TREND,70.29961798379183,100.0,100.0,80.0,51.465929892542086,30.0,0.0,70.25565173385402,0.0,3,3,D_pure_quant_vr1.2,True
002328,002328.SZ,新朋股份,汽车配件,20260311,7.33,54.127846401554784,54.127846401554784,0.0,2.9,8.6116,10463.69,1.4784946236559182,momentum,BULL_TREND,76.80264501201049,100.0,100.0,60.0,39.92910555999058,30.0,0.0,81.07449649753214,0.0,1,1,E_ablate_sector_vr1.2,True
002256,002256.SZ,兆新股份,新型电力,20260311,3.97,53.070507870954174,53.070507870954174,0.0,2.65,10.6866,20676.31,0.7499999999999951,momentum,BULL_TREND,70.29961798379183,100.0,100.0,80.0,51.465929892542086,30.0,0.0,70.25565173385402,0.0,2,2,E_ablate_sector_vr1.2,True
601669,601669.SH,中国电建,建筑工程,20260311,6.38,51.94459324538419,51.94459324538419,0.0,2.45,9.5252,156928.04,2.4464831804281366,momentum,BULL_TREND,64.6390874613923,100.0,100.0,80.0,74.40572700019686,33.33333333333333,0.0,65.82063459508682,0.0,3,3,E_ablate_sector_vr1.2,True
601669,601669.SH,中国电建,建筑工程,20260311,6.38,47.40672221889736,47.40672221889736,0.0,2.45,9.5252,156928.04,2.4464831804281366,momentum,BULL_TREND,64.6390874613923,100.0,100.0,80.0,77.31064486756583,33.33333333333333,0.0,65.82063459508682,0.0,1,1,E_ablate_inflow_vr1.2,True
600170,600170.SH,上海建工,建筑工程,20260311,3.0,47.06565377613705,47.06565377613705,0.0,2.29,5.455,33155.76,1.3157894736842117,momentum,BULL_TREND,59.76737991611096,100.0,100.0,65.0,77.31064486756583,30.0,0.0,78.8841781520724,0.0,2,2,E_ablate_inflow_vr1.2,True
002580,002580.SZ,圣阳股份,电气设备,20260311,13.75,45.51037778056803,45.51037778056803,0.0,2.27,5.1285,1503.13,0.5784526391901668,momentum,BULL_TREND,59.13461487580951,100.0,15.031300000000002,65.0,78.485605351044,10.0,0.0,71.93064478987802,0.0,3,3,E_ablate_inflow_vr1.2,True
601669,601669.SH,中国电建,建筑工程,20260311,6.38,60.24367518591488,60.24367518591488,0.0,2.45,9.5252,156928.04,2.4464831804281366,momentum,BULL_TREND,64.6390874613923,100.0,100.0,80.0,74.40572700019686,33.33333333333333,0.0,65.82063459508682,0.0,1,1,E_ablate_wyckoff_vr1.2,True
600170,600170.SH,上海建工,建筑工程,20260311,3.0,58.59625238745602,58.59625238745602,0.0,2.29,5.455,33155.76,1.3157894736842117,momentum,BULL_TREND,59.76737991611096,100.0,100.0,65.0,74.40572700019686,30.0,0.0,78.8841781520724,0.0,2,2,E_ablate_wyckoff_vr1.2,True
002256,002256.SZ,兆新股份,新型电力,20260311,3.97,56.33812867607719,56.33812867607719,0.0,2.65,10.6866,20676.31,0.7499999999999951,momentum,BULL_TREND,70.29961798379183,100.0,100.0,80.0,51.465929892542086,30.0,0.0,70.25565173385402,0.0,3,3,E_ablate_wyckoff_vr1.2,True
601669,601669.SH,中国电建,建筑工程,20260311,6.38,66.82573864542357,66.82573864542357,0.0,2.45,9.5252,156928.04,2.4464831804281366,momentum,BULL_TREND,64.6390874613923,100.0,100.0,80.0,74.40572700019686,33.33333333333333,0.0,65.82063459508682,0.0,1,1,E_ablate_accel_vr1.2,True
600170,600170.SH,上海建工,建筑工程,20260311,3.0,66.48467020266325,66.48467020266325,0.0,2.29,5.455,33155.76,1.3157894736842117,momentum,BULL_TREND,59.76737991611096,100.0,100.0,65.0,74.40572700019686,30.0,0.0,78.8841781520724,0.0,2,2,E_ablate_accel_vr1.2,True
002256,002256.SZ,兆新股份,新型电力,20260311,3.97,63.36369384946259,63.36369384946259,0.0,2.65,10.6866,20676.31,0.7499999999999951,momentum,BULL_TREND,70.29961798379183,100.0,100.0,80.0,51.465929892542086,30.0,0.0,70.25565173385402,0.0,3,3,E_ablate_accel_vr1.2,True
600438,600438.SH,通威股份,电气设备,20260312,19.55,73.10526796276133,64.86611501502384,8.2391529477375,2.86,4.1749,22116.4,4.634146341463411,sideways,BULL_TREND,75.80075735018323,46.34146341463411,100.0,65.0,82.39152947737499,66.66666666666666,0.0,80.85636409853706,0.0,1,1,A_recovered_proxy_vr1.5,True
601615,601615.SH,明阳智能,电气设备,20260312,22.03,70.44656477915375,62.20741183141625,8.2391529477375,2.14,5.2122,14631.14,17.11813393528968,sideways,BULL_TREND,54.880539831321116,78.8186606471032,100.0,65.0,82.39152947737499,53.333333333333336,0.0,39.73493031574988,0.0,2,2,A_recovered_proxy_vr1.5,True
600375,600375.SH,汉马科技,汽车整车,20260312,5.69,67.35218132208182,67.35218132208182,0.0,3.51,3.7533,6069.57,10.110584518167451,sideways,BULL_TREND,90.5735515264918,100.0,60.695699999999995,80.0,49.27933896727274,53.333333333333336,0.0,54.03290395413376,0.0,3,3,A_recovered_proxy_vr1.5,True
600375,600375.SH,汉马科技,汽车整车,20260312,5.69,67.35218132208182,67.35218132208182,0.0,3.51,3.7533,6069.57,10.110584518167451,sideways,BULL_TREND,90.5735515264918,100.0,60.695699999999995,80.0,49.27933896727274,53.333333333333336,0.0,54.03290395413376,0.0,1,1,B_pure_quant_vr1.5,True
600438,600438.SH,通威股份,电气设备,20260312,19.55,64.86611501502384,64.86611501502384,0.0,2.86,4.1749,22116.4,4.634146341463411,sideways,BULL_TREND,75.80075735018323,46.34146341463411,100.0,65.0,82.39152947737499,66.66666666666666,0.0,80.85636409853706,0.0,2,2,B_pure_quant_vr1.5,True
601615,601615.SH,明阳智能,电气设备,20260312,22.03,62.20741183141625,62.20741183141625,0.0,2.14,5.2122,14631.14,17.11813393528968,sideways,BULL_TREND,54.880539831321116,78.8186606471032,100.0,65.0,82.39152947737499,53.333333333333336,0.0,39.73493031574988,0.0,3,3,B_pure_quant_vr1.5,True
600438,600438.SH,通威股份,电气设备,20260312,19.55,73.87761276631267,65.32952189715463,8.548090869158028,2.86,4.1749,22116.4,4.634146341463411,sideways,BULL_TREND,75.80075735018323,46.34146341463411,100.0,65.0,85.48090869158027,66.66666666666666,0.0,80.85636409853706,0.0,1,1,A_recovered_proxy_vr1.2,True
601615,601615.SH,明阳智能,电气设备,20260312,22.03,71.21890958270507,62.67081871354704,8.548090869158028,2.14,5.2122,14631.14,17.11813393528968,sideways,BULL_TREND,54.880539831321116,78.8186606471032,100.0,65.0,85.48090869158027,53.333333333333336,0.0,39.73493031574988,0.0,2,2,A_recovered_proxy_vr1.2,True
600375,600375.SH,汉马科技,汽车整车,20260312,5.69,67.7553230030683,67.7553230030683,0.0,3.51,3.7533,6069.57,10.110584518167451,sideways,BULL_TREND,90.5735515264918,100.0,60.695699999999995,80.0,51.966950173849234,53.333333333333336,0.0,54.03290395413376,0.0,3,3,A_recovered_proxy_vr1.2,True
600375,600375.SH,汉马科技,汽车整车,20260312,5.69,67.7553230030683,67.7553230030683,0.0,3.51,3.7533,6069.57,10.110584518167451,sideways,BULL_TREND,90.5735515264918,100.0,60.695699999999995,80.0,51.966950173849234,53.333333333333336,0.0,54.03290395413376,0.0,1,1,D_pure_quant_vr1.2,True
600438,600438.SH,通威股份,电气设备,20260312,19.55,65.32952189715463,65.32952189715463,0.0,2.86,4.1749,22116.4,4.634146341463411,sideways,BULL_TREND,75.80075735018323,46.34146341463411,100.0,65.0,85.48090869158027,66.66666666666666,0.0,80.85636409853706,0.0,2,2,D_pure_quant_vr1.2,True
601615,601615.SH,明阳智能,电气设备,20260312,22.03,62.67081871354704,62.67081871354704,0.0,2.14,5.2122,14631.14,17.11813393528968,sideways,BULL_TREND,54.880539831321116,78.8186606471032,100.0,65.0,85.48090869158027,53.333333333333336,0.0,39.73493031574988,0.0,3,3,D_pure_quant_vr1.2,True
600375,600375.SH,汉马科技,汽车整车,20260312,5.69,59.96028047699091,59.96028047699091,0.0,3.51,3.7533,6069.57,10.110584518167451,sideways,BULL_TREND,90.5735515264918,100.0,60.695699999999995,80.0,51.966950173849234,53.333333333333336,0.0,54.03290395413376,0.0,1,1,E_ablate_sector_vr1.2,True
600438,600438.SH,通威股份,电气设备,20260312,19.55,52.507385593417595,52.507385593417595,0.0,2.86,4.1749,22116.4,4.634146341463411,sideways,BULL_TREND,75.80075735018323,46.34146341463411,100.0,65.0,85.48090869158027,66.66666666666666,0.0,80.85636409853706,0.0,2,2,E_ablate_sector_vr1.2,True
601615,601615.SH,明阳智能,电气设备,20260312,22.03,49.84868240981,49.84868240981,0.0,2.14,5.2122,14631.14,17.11813393528968,sideways,BULL_TREND,54.880539831321116,78.8186606471032,100.0,65.0,85.48090869158027,53.333333333333336,0.0,39.73493031574988,0.0,3,3,E_ablate_sector_vr1.2,True
600375,600375.SH,汉马科技,汽车整车,20260312,5.69,60.347509959937206,60.347509959937206,0.0,3.51,3.7533,6069.57,10.110584518167451,sideways,BULL_TREND,90.5735515264918,100.0,60.695699999999995,80.0,51.13808988630859,53.333333333333336,0.0,54.03290395413376,0.0,1,1,E_ablate_inflow_vr1.2,True
603271,603271.SH,永杰新材,铝,20260312,47.24,52.78756075013281,52.78756075013281,0.0,1.76,5.2769,3474.74,11.019024298361275,sideways,BULL_TREND,40.77877144312863,100.0,34.7474,65.0,62.634099977351624,30.0,0.0,76.84263363368144,0.0,2,2,E_ablate_inflow_vr1.2,True
600438,600438.SH,通威股份,电气设备,20260312,19.55,52.535584241759565,52.535584241759565,0.0,2.86,4.1749,22116.4,4.634146341463411,sideways,BULL_TREND,75.80075735018323,46.34146341463411,100.0,65.0,80.18799098894647,66.66666666666666,0.0,80.85636409853706,0.0,3,3,E_ablate_inflow_vr1.2,True
600375,600375.SH,汉马科技,汽车整车,20260312,5.69,61.271374528572245,61.271374528572245,0.0,3.51,3.7533,6069.57,10.110584518167451,sideways,BULL_TREND,90.5735515264918,100.0,60.695699999999995,80.0,51.966950173849234,53.333333333333336,0.0,54.03290395413376,0.0,1,1,E_ablate_wyckoff_vr1.2,True
601615,601615.SH,明阳智能,电气设备,20260312,22.03,57.90262707565706,57.90262707565706,0.0,2.14,5.2122,14631.14,17.11813393528968,sideways,BULL_TREND,54.880539831321116,78.8186606471032,100.0,65.0,85.48090869158027,53.333333333333336,0.0,39.73493031574988,0.0,2,2,E_ablate_wyckoff_vr1.2,True
600438,600438.SH,通威股份,电气设备,20260312,19.55,55.62675820533019,55.62675820533019,0.0,2.86,4.1749,22116.4,4.634146341463411,sideways,BULL_TREND,75.80075735018323,46.34146341463411,100.0,65.0,85.48090869158027,66.66666666666666,0.0,80.85636409853706,0.0,3,3,E_ablate_wyckoff_vr1.2,True
600375,600375.SH,汉马科技,汽车整车,20260312,5.69,67.7553230030683,67.7553230030683,0.0,3.51,3.7533,6069.57,10.110584518167451,sideways,BULL_TREND,90.5735515264918,100.0,60.695699999999995,80.0,51.966950173849234,53.333333333333336,0.0,54.03290395413376,0.0,1,1,E_ablate_accel_vr1.2,True
600438,600438.SH,通威股份,电气设备,20260312,19.55,65.32952189715463,65.32952189715463,0.0,2.86,4.1749,22116.4,4.634146341463411,sideways,BULL_TREND,75.80075735018323,46.34146341463411,100.0,65.0,85.48090869158027,66.66666666666666,0.0,80.85636409853706,0.0,2,2,E_ablate_accel_vr1.2,True
601615,601615.SH,明阳智能,电气设备,20260312,22.03,62.67081871354704,62.67081871354704,0.0,2.14,5.2122,14631.14,17.11813393528968,sideways,BULL_TREND,54.880539831321116,78.8186606471032,100.0,65.0,85.48090869158027,53.333333333333336,0.0,39.73493031574988,0.0,3,3,E_ablate_accel_vr1.2,True
600884,600884.SH,杉杉股份,电气设备,20260313,14.55,67.86192922952623,60.683731452979075,7.178197776547158,1.72,7.9051,8651.75,10.62653562653563,sideways,BULL_TREND,39.12042824636866,100.0,86.5175,80.0,71.78197776547158,33.33333333333333,0.0,42.17644922742137,0.0,1,1,A_recovered_proxy_vr1.5,True
002895,002895.SZ,川恒股份,化工原料,20260313,42.36,66.23035871100383,59.679891916624285,6.550466794379547,1.77,3.9277,16208.85,7.953063885267282,sideways,BULL_TREND,41.187468015413636,99.21773142112136,100.0,40.0,65.50466794379547,0.0,0.0,44.708732075143914,0.0,2,2,A_recovered_proxy_vr1.5,True
301256,301256.SZ,华融化学,化工原料,20260313,15.41,64.48851348137487,57.938046686995314,6.550466794379547,2.55,6.3199,2412.48,11.436781609195394,sideways,BULL_TREND,67.52486235420666,100.0,24.1248,40.0,65.50466794379547,33.33333333333333,0.0,50.79361759028218,0.0,3,3,A_recovered_proxy_vr1.5,True
600884,600884.SH,杉杉股份,电气设备,20260313,14.55,60.683731452979075,60.683731452979075,0.0,1.72,7.9051,8651.75,10.62653562653563,sideways,BULL_TREND,39.12042824636866,100.0,86.5175,80.0,71.78197776547158,33.33333333333333,0.0,42.17644922742137,0.0,1,1,B_pure_quant_vr1.5,True
002895,002895.SZ,川恒股份,化工原料,20260313,42.36,59.679891916624285,59.679891916624285,0.0,1.77,3.9277,16208.85,7.953063885267282,sideways,BULL_TREND,41.187468015413636,99.21773142112136,100.0,40.0,65.50466794379547,0.0,0.0,44.708732075143914,0.0,2,2,B_pure_quant_vr1.5,True
301256,301256.SZ,华融化学,化工原料,20260313,15.41,57.938046686995314,57.938046686995314,0.0,2.55,6.3199,2412.48,11.436781609195394,sideways,BULL_TREND,67.52486235420666,100.0,24.1248,40.0,65.50466794379547,33.33333333333333,0.0,50.79361759028218,0.0,3,3,B_pure_quant_vr1.5,True
002895,002895.SZ,川恒股份,化工原料,20260313,42.36,68.20115597126268,60.86237027277959,7.338785698483085,1.77,3.9277,16208.85,7.953063885267282,sideways,BULL_TREND,41.187468015413636,99.21773142112136,100.0,40.0,73.38785698483085,0.0,0.0,44.708732075143914,0.0,1,1,A_recovered_proxy_vr1.2,True
301256,301256.SZ,华融化学,化工原料,20260313,15.41,66.4593107416337,59.12052504315062,7.338785698483085,2.55,6.3199,2412.48,11.436781609195394,sideways,BULL_TREND,67.52486235420666,100.0,24.1248,40.0,73.38785698483085,33.33333333333333,0.0,50.79361759028218,0.0,2,2,A_recovered_proxy_vr1.2,True
600884,600884.SH,杉杉股份,电气设备,20260313,14.55,63.29819866250454,57.94549311276606,5.352705549738481,1.72,7.9051,8651.75,10.62653562653563,sideways,BULL_TREND,39.12042824636866,100.0,86.5175,80.0,53.52705549738481,33.33333333333333,0.0,42.17644922742137,0.0,3,3,A_recovered_proxy_vr1.2,True
002895,002895.SZ,川恒股份,化工原料,20260313,42.36,60.86237027277959,60.86237027277959,0.0,1.77,3.9277,16208.85,7.953063885267282,sideways,BULL_TREND,41.187468015413636,99.21773142112136,100.0,40.0,73.38785698483085,0.0,0.0,44.708732075143914,0.0,1,1,D_pure_quant_vr1.2,True
301256,301256.SZ,华融化学,化工原料,20260313,15.41,59.12052504315062,59.12052504315062,0.0,2.55,6.3199,2412.48,11.436781609195394,sideways,BULL_TREND,67.52486235420666,100.0,24.1248,40.0,73.38785698483085,33.33333333333333,0.0,50.79361759028218,0.0,2,2,D_pure_quant_vr1.2,True
600884,600884.SH,杉杉股份,电气设备,20260313,14.55,57.94549311276606,57.94549311276606,0.0,1.72,7.9051,8651.75,10.62653562653563,sideways,BULL_TREND,39.12042824636866,100.0,86.5175,80.0,53.52705549738481,33.33333333333333,0.0,42.17644922742137,0.0,3,3,D_pure_quant_vr1.2,True
600326,600326.SH,西藏天路,水泥,20260313,10.82,51.471596316448014,51.471596316448014,0.0,1.93,3.2616,7404.98,8.614864864864861,sideways,BULL_TREND,47.430042374667785,100.0,74.04979999999999,80.0,18.711850024674643,33.33333333333333,0.0,52.36953606128697,0.0,1,1,E_ablate_sector_vr1.2,True
600884,600884.SH,杉杉股份,电气设备,20260313,14.55,49.916434788158334,49.916434788158334,0.0,1.72,7.9051,8651.75,10.62653562653563,sideways,BULL_TREND,39.12042824636866,100.0,86.5175,80.0,53.52705549738481,33.33333333333333,0.0,42.17644922742137,0.0,2,2,E_ablate_sector_vr1.2,True
002895,002895.SZ,川恒股份,化工原料,20260313,42.36,49.85419172505497,49.85419172505497,0.0,1.77,3.9277,16208.85,7.953063885267282,sideways,BULL_TREND,41.187468015413636,99.21773142112136,100.0,40.0,73.38785698483085,0.0,0.0,44.708732075143914,0.0,3,3,E_ablate_sector_vr1.2,True
301256,301256.SZ,华融化学,化工原料,20260313,15.41,56.05726134735261,56.05726134735261,0.0,2.55,6.3199,2412.48,11.436781609195394,sideways,BULL_TREND,67.52486235420666,100.0,24.1248,40.0,72.2659390128441,33.33333333333333,0.0,50.79361759028218,0.0,1,1,E_ablate_inflow_vr1.2,True
002895,002895.SZ,川恒股份,化工原料,20260313,42.36,48.694082576981586,48.694082576981586,0.0,1.77,3.9277,16208.85,7.953063885267282,sideways,BULL_TREND,41.187468015413636,99.21773142112136,100.0,40.0,72.2659390128441,0.0,0.0,44.708732075143914,0.0,2,2,E_ablate_inflow_vr1.2,True
002880,002880.SZ,卫光生物,生物制药,20260313,30.45,48.489636233317086,48.489636233317086,0.0,2.61,4.2138,5284.71,5.405405405405401,sideways,BULL_TREND,69.20249033975799,56.75675675675668,52.8471,80.0,48.22857048597062,33.33333333333333,0.0,80.64708027101335,0.0,3,3,E_ablate_inflow_vr1.2,True
002895,002895.SZ,川恒股份,化工原料,20260313,42.36,55.49732242376233,55.49732242376233,0.0,1.77,3.9277,16208.85,7.953063885267282,sideways,BULL_TREND,41.187468015413636,99.21773142112136,100.0,40.0,73.38785698483085,0.0,0.0,44.708732075143914,0.0,1,1,E_ablate_wyckoff_vr1.2,True
301256,301256.SZ,华融化学,化工原料,20260313,15.41,53.02529093231676,53.02529093231676,0.0,2.55,6.3199,2412.48,11.436781609195394,sideways,BULL_TREND,67.52486235420666,100.0,24.1248,40.0,73.38785698483085,33.33333333333333,0.0,50.79361759028218,0.0,2,2,E_ablate_wyckoff_vr1.2,True
600884,600884.SH,杉杉股份,电气设备,20260313,14.55,52.88431920547549,52.88431920547549,0.0,1.72,7.9051,8651.75,10.62653562653563,sideways,BULL_TREND,39.12042824636866,100.0,86.5175,80.0,53.52705549738481,33.33333333333333,0.0,42.17644922742137,0.0,3,3,E_ablate_wyckoff_vr1.2,True
002895,002895.SZ,川恒股份,化工原料,20260313,42.36,60.86237027277959,60.86237027277959,0.0,1.77,3.9277,16208.85,7.953063885267282,sideways,BULL_TREND,41.187468015413636,99.21773142112136,100.0,40.0,73.38785698483085,0.0,0.0,44.708732075143914,0.0,1,1,E_ablate_accel_vr1.2,True
301256,301256.SZ,华融化学,化工原料,20260313,15.41,59.12052504315062,59.12052504315062,0.0,2.55,6.3199,2412.48,11.436781609195394,sideways,BULL_TREND,67.52486235420666,100.0,24.1248,40.0,73.38785698483085,33.33333333333333,0.0,50.79361759028218,0.0,2,2,E_ablate_accel_vr1.2,True
600884,600884.SH,杉杉股份,电气设备,20260313,14.55,57.94549311276606,57.94549311276606,0.0,1.72,7.9051,8651.75,10.62653562653563,sideways,BULL_TREND,39.12042824636866,100.0,86.5175,80.0,53.52705549738481,33.33333333333333,0.0,42.17644922742137,0.0,3,3,E_ablate_accel_vr1.2,True
001287,001287.SZ,中电港,元器件,20260316,23.23,58.27832769470021,53.330081077493574,4.948246617206637,1.76,5.2501,8921.49,7.41331207652451,weak_momentum,BULL_TREND,40.77877144312863,100.0,89.2149,65.0,49.48246617206637,66.66666666666666,0.0,34.32586734587328,0.0,1,1,A_recovered_proxy_vr1.5,True
002130,002130.SZ,沃尔核材,电气设备,20260316,26.64,53.925665669650186,53.925665669650186,0.0,1.52,6.5343,25837.97,7.660311958405548,weak_momentum,BULL_TREND,30.203566183443044,100.0,100.0,100.0,46.83194719137075,66.66666666666666,0.0,26.913368867298587,0.0,2,2,A_recovered_proxy_vr1.5,True
600838,600838.SH,上海九百,百货,20260316,11.17,53.42596652577141,53.42596652577141,0.0,3.68,6.2823,152.75,7.533112582781458,weak_momentum,BULL_TREND,93.98528831411441,100.0,1.5275,100.0,34.73430784534708,63.33333333333333,0.0,91.17606956790345,0.0,3,3,A_recovered_proxy_vr1.5,True
002130,002130.SZ,沃尔核材,电气设备,20260316,26.64,53.925665669650186,53.925665669650186,0.0,1.52,6.5343,25837.97,7.660311958405548,weak_momentum,BULL_TREND,30.203566183443044,100.0,100.0,100.0,46.83194719137075,66.66666666666666,0.0,26.913368867298587,0.0,1,1,B_pure_quant_vr1.5,True
600838,600838.SH,上海九百,百货,20260316,11.17,53.42596652577141,53.42596652577141,0.0,3.68,6.2823,152.75,7.533112582781458,weak_momentum,BULL_TREND,93.98528831411441,100.0,1.5275,100.0,34.73430784534708,63.33333333333333,0.0,91.17606956790345,0.0,2,2,B_pure_quant_vr1.5,True
001287,001287.SZ,中电港,元器件,20260316,23.23,53.330081077493574,53.330081077493574,0.0,1.76,5.2501,8921.49,7.41331207652451,weak_momentum,BULL_TREND,40.77877144312863,100.0,89.2149,65.0,49.48246617206637,66.66666666666666,0.0,34.32586734587328,0.0,3,3,B_pure_quant_vr1.5,True
001287,001287.SZ,中电港,元器件,20260316,23.23,58.617516401148265,53.533594301362406,5.083922099785857,1.76,5.2501,8921.49,7.41331207652451,weak_momentum,BULL_TREND,40.77877144312863,100.0,89.2149,65.0,50.83922099785857,66.66666666666666,0.0,34.32586734587328,0.0,1,1,A_recovered_proxy_vr1.2,True
600838,600838.SH,上海九百,百货,20260316,11.17,53.42596652577141,53.42596652577141,0.0,3.68,6.2823,152.75,7.533112582781458,weak_momentum,BULL_TREND,93.98528831411441,100.0,1.5275,100.0,34.73430784534708,63.33333333333333,0.0,91.17606956790345,0.0,2,2,A_recovered_proxy_vr1.2,True
000670,000670.SZ,盈方微,元器件,20260316,8.17,52.96170250139127,47.87778040160541,5.083922099785857,1.71,4.5559,6546.26,6.307339449541292,weak_momentum,BULL_TREND,38.69981625555866,100.0,65.46260000000001,65.0,50.83922099785857,66.66666666666666,0.0,27.20215653506331,0.0,3,3,A_recovered_proxy_vr1.2,True
001287,001287.SZ,中电港,元器件,20260316,23.23,53.533594301362406,53.533594301362406,0.0,1.76,5.2501,8921.49,7.41331207652451,weak_momentum,BULL_TREND,40.77877144312863,100.0,89.2149,65.0,50.83922099785857,66.66666666666666,0.0,34.32586734587328,0.0,1,1,D_pure_quant_vr1.2,True
600838,600838.SH,上海九百,百货,20260316,11.17,53.42596652577141,53.42596652577141,0.0,3.68,6.2823,152.75,7.533112582781458,weak_momentum,BULL_TREND,93.98528831411441,100.0,1.5275,100.0,34.73430784534708,63.33333333333333,0.0,91.17606956790345,0.0,2,2,D_pure_quant_vr1.2,True
002419,002419.SZ,天虹股份,百货,20260316,5.78,51.686431637560226,51.686431637560226,0.0,1.98,3.3505,5446.03,4.7775947281713345,weak_momentum,BULL_TREND,49.27502151524424,100.0,54.4603,80.0,34.73430784534708,10.0,0.0,85.21452155647688,0.0,3,3,D_pure_quant_vr1.2,True
600838,600838.SH,上海九百,百货,20260316,11.17,48.215820348969345,48.215820348969345,0.0,3.68,6.2823,152.75,7.533112582781458,weak_momentum,BULL_TREND,93.98528831411441,100.0,1.5275,100.0,34.73430784534708,63.33333333333333,0.0,91.17606956790345,0.0,1,1,E_ablate_sector_vr1.2,True
002130,002130.SZ,沃尔核材,电气设备,20260316,26.64,46.90087359094458,46.90087359094458,0.0,1.52,6.5343,25837.97,7.660311958405548,weak_momentum,BULL_TREND,30.203566183443044,100.0,100.0,100.0,31.814156601872856,66.66666666666666,0.0,26.913368867298587,0.0,2,2,E_ablate_sector_vr1.2,True
002419,002419.SZ,天虹股份,百货,20260316,5.78,46.47628546075816,46.47628546075816,0.0,1.98,3.3505,5446.03,4.7775947281713345,weak_momentum,BULL_TREND,49.27502151524424,100.0,54.4603,80.0,34.73430784534708,10.0,0.0,85.21452155647688,0.0,3,3,E_ablate_sector_vr1.2,True
600838,600838.SH,上海九百,百货,20260316,11.17,53.15101652577141,53.15101652577141,0.0,3.68,6.2823,152.75,7.533112582781458,weak_momentum,BULL_TREND,93.98528831411441,100.0,1.5275,100.0,34.73430784534708,63.33333333333333,0.0,91.17606956790345,0.0,1,1,E_ablate_inflow_vr1.2,True
603607,603607.SH,京华激光,造纸,20260316,25.07,47.78640032549097,47.78640032549097,0.0,4.39,10.3797,306.22,3.391136801541422,weak_momentum,BULL_TREND,100.0,100.0,3.0622000000000003,60.0,21.384891445686915,63.33333333333333,0.0,76.07999961314182,0.0,2,2,E_ablate_inflow_vr1.2,True
001287,001287.SZ,中电港,元器件,20260316,23.23,48.384714199481415,48.384714199481415,0.0,1.76,5.2501,8921.49,7.41331207652451,weak_momentum,BULL_TREND,40.77877144312863,100.0,89.2149,65.0,50.83922099785857,66.66666666666666,0.0,34.32586734587328,0.0,1,1,E_ablate_wyckoff_vr1.2,True
002130,002130.SZ,沃尔核材,电气设备,20260316,26.64,47.63599175113072,47.63599175113072,0.0,1.52,6.5343,25837.97,7.660311958405548,weak_momentum,BULL_TREND,30.203566183443044,100.0,100.0,100.0,31.814156601872856,66.66666666666666,0.0,26.913368867298587,0.0,2,2,E_ablate_wyckoff_vr1.2,True
001287,001287.SZ,中电港,元器件,20260316,23.23,53.533594301362406,53.533594301362406,0.0,1.76,5.2501,8921.49,7.41331207652451,weak_momentum,BULL_TREND,40.77877144312863,100.0,89.2149,65.0,50.83922099785857,66.66666666666666,0.0,34.32586734587328,0.0,1,1,E_ablate_accel_vr1.2,True
600838,600838.SH,上海九百,百货,20260316,11.17,53.42596652577141,53.42596652577141,0.0,3.68,6.2823,152.75,7.533112582781458,weak_momentum,BULL_TREND,93.98528831411441,100.0,1.5275,100.0,34.73430784534708,63.33333333333333,0.0,91.17606956790345,0.0,2,2,E_ablate_accel_vr1.2,True
002419,002419.SZ,天虹股份,百货,20260316,5.78,51.686431637560226,51.686431637560226,0.0,1.98,3.3505,5446.03,4.7775947281713345,weak_momentum,BULL_TREND,49.27502151524424,100.0,54.4603,80.0,34.73430784534708,10.0,0.0,85.21452155647688,0.0,3,3,E_ablate_accel_vr1.2,True
603806,603806.SH,福斯特,塑料,20260317,17.92,73.495371518039,67.9793349773698,5.5160365406691865,2.46,3.2338,14893.44,11.111111111111104,sideways,BULL_TREND,64.93291577822575,100.0,100.0,80.0,55.16036540669186,0.0,0.0,68.50032245963631,0.0,1,1,A_recovered_proxy_vr1.5,True
001236,001236.SZ,弘业期货,多元金融,20260317,10.43,54.98695035401405,50.085097414017824,4.9018529399962265,2.22,5.5318,6921.08,3.9594843462246754,sideways,BULL_TREND,57.52798382876907,39.59484346224676,69.2108,100.0,49.01852939996226,0.0,0.0,75.5,0.0,2,2,A_recovered_proxy_vr1.5,True
000957,000957.SZ,中通客车,汽车整车,20260317,11.57,50.41738130303705,50.41738130303705,0.0,2.67,5.2247,4468.86,6.011372867587329,sideways,BULL_TREND,70.84198709564146,66.85621445978882,44.688599999999994,100.0,30.408060851549795,0.0,0.0,51.66613194258264,0.0,3,3,A_recovered_proxy_vr1.5,True
603806,603806.SH,福斯特,塑料,20260317,17.92,67.9793349773698,67.9793349773698,0.0,2.46,3.2338,14893.44,11.111111111111104,sideways,BULL_TREND,64.93291577822575,100.0,100.0,80.0,55.16036540669186,0.0,0.0,68.50032245963631,0.0,1,1,B_pure_quant_vr1.5,True
000957,000957.SZ,中通客车,汽车整车,20260317,11.57,50.41738130303705,50.41738130303705,0.0,2.67,5.2247,4468.86,6.011372867587329,sideways,BULL_TREND,70.84198709564146,66.85621445978882,44.688599999999994,100.0,30.408060851549795,0.0,0.0,51.66613194258264,0.0,2,2,B_pure_quant_vr1.5,True
001236,001236.SZ,弘业期货,多元金融,20260317,10.43,50.085097414017824,50.085097414017824,0.0,2.22,5.5318,6921.08,3.9594843462246754,sideways,BULL_TREND,57.52798382876907,39.59484346224676,69.2108,100.0,49.01852939996226,0.0,0.0,75.5,0.0,3,3,B_pure_quant_vr1.5,True
603806,603806.SH,福斯特,塑料,20260317,17.92,72.6273807467162,67.45854051457613,5.168840232140076,2.46,3.2338,14893.44,11.111111111111104,sideways,BULL_TREND,64.93291577822575,100.0,100.0,80.0,51.68840232140076,0.0,0.0,68.50032245963631,0.0,1,1,A_recovered_proxy_vr1.2,True
000957,000957.SZ,中通客车,汽车整车,20260317,11.57,50.12227598468244,50.12227598468244,0.0,2.67,5.2247,4468.86,6.011372867587329,sideways,BULL_TREND,70.84198709564146,66.85621445978882,44.688599999999994,100.0,28.440692062519105,0.0,0.0,51.66613194258264,0.0,2,2,A_recovered_proxy_vr1.2,True
001236,001236.SZ,弘业期货,多元金融,20260317,10.43,49.75988174761834,49.75988174761834,0.0,2.22,5.5318,6921.08,3.9594843462246754,sideways,BULL_TREND,57.52798382876907,39.59484346224676,69.2108,100.0,46.85042495729904,0.0,0.0,75.5,0.0,3,3,A_recovered_proxy_vr1.2,True
603806,603806.SH,福斯特,塑料,20260317,17.92,67.45854051457613,67.45854051457613,0.0,2.46,3.2338,14893.44,11.111111111111104,sideways,BULL_TREND,64.93291577822575,100.0,100.0,80.0,51.68840232140076,0.0,0.0,68.50032245963631,0.0,1,1,D_pure_quant_vr1.2,True
000957,000957.SZ,中通客车,汽车整车,20260317,11.57,50.12227598468244,50.12227598468244,0.0,2.67,5.2247,4468.86,6.011372867587329,sideways,BULL_TREND,70.84198709564146,66.85621445978882,44.688599999999994,100.0,28.440692062519105,0.0,0.0,51.66613194258264,0.0,2,2,D_pure_quant_vr1.2,True
001236,001236.SZ,弘业期货,多元金融,20260317,10.43,49.75988174761834,49.75988174761834,0.0,2.22,5.5318,6921.08,3.9594843462246754,sideways,BULL_TREND,57.52798382876907,39.59484346224676,69.2108,100.0,46.85042495729904,0.0,0.0,75.5,0.0,3,3,D_pure_quant_vr1.2,True
603806,603806.SH,福斯特,塑料,20260317,17.92,59.70528016636602,59.70528016636602,0.0,2.46,3.2338,14893.44,11.111111111111104,sideways,BULL_TREND,64.93291577822575,100.0,100.0,80.0,51.68840232140076,0.0,0.0,68.50032245963631,0.0,1,1,E_ablate_sector_vr1.2,True
000957,000957.SZ,中通客车,汽车整车,20260317,11.57,45.85617217530458,45.85617217530458,0.0,2.67,5.2247,4468.86,6.011372867587329,sideways,BULL_TREND,70.84198709564146,66.85621445978882,44.688599999999994,100.0,28.440692062519105,0.0,0.0,51.66613194258264,0.0,2,2,E_ablate_sector_vr1.2,True
603806,603806.SH,福斯特,塑料,20260317,17.92,55.60941490550212,55.60941490550212,0.0,2.46,3.2338,14893.44,11.111111111111104,sideways,BULL_TREND,64.93291577822575,100.0,100.0,80.0,52.69423159424065,0.0,0.0,68.50032245963631,0.0,1,1,E_ablate_inflow_vr1.2,True
600231,600231.SH,凌钢股份,普钢,20260317,2.36,51.690769645565865,51.690769645565865,0.0,2.87,5.8323,-5758.17,7.450980392156861,sideways,BULL_TREND,76.05253684504815,90.84967320261435,0.0,80.0,27.055369178166877,0.0,0.0,64.28315048629231,0.0,2,2,E_ablate_inflow_vr1.2,True
603806,603806.SH,福斯特,塑料,20260317,17.92,59.23850181941978,59.23850181941978,0.0,2.46,3.2338,14893.44,11.111111111111104,sideways,BULL_TREND,64.93291577822575,100.0,100.0,80.0,51.68840232140076,0.0,0.0,68.50032245963631,0.0,1,1,E_ablate_wyckoff_vr1.2,True
603806,603806.SH,福斯特,塑料,20260317,17.92,67.45854051457613,67.45854051457613,0.0,2.46,3.2338,14893.44,11.111111111111104,sideways,BULL_TREND,64.93291577822575,100.0,100.0,80.0,51.68840232140076,0.0,0.0,68.50032245963631,0.0,1,1,E_ablate_accel_vr1.2,True
000957,000957.SZ,中通客车,汽车整车,20260317,11.57,50.12227598468244,50.12227598468244,0.0,2.67,5.2247,4468.86,6.011372867587329,sideways,BULL_TREND,70.84198709564146,66.85621445978882,44.688599999999994,100.0,28.440692062519105,0.0,0.0,51.66613194258264,0.0,2,2,E_ablate_accel_vr1.2,True
001236,001236.SZ,弘业期货,多元金融,20260317,10.43,49.75988174761834,49.75988174761834,0.0,2.22,5.5318,6921.08,3.9594843462246754,sideways,BULL_TREND,57.52798382876907,39.59484346224676,69.2108,100.0,46.85042495729904,0.0,0.0,75.5,0.0,3,3,E_ablate_accel_vr1.2,True
002409,002409.SZ,雅克科技,半导体,20260318,91.04,74.86441475223279,65.33085349885906,9.533561253373732,1.64,5.5013,32229.05,8.530091429719677,sideways,BULL_PULLBACK,35.68479074216794,100.0,100.0,100.0,95.3356125337373,20.0,0.0,39.83214712934593,0.0,1,1,A_recovered_proxy_vr1.5,True
000021,000021.SZ,深科技,元器件,20260318,33.63,68.11591868361687,58.54175121214282,9.57416747147405,1.58,10.9662,36642.12,6.505421184320256,sideways,BULL_PULLBACK,32.99622792011891,75.09035307200426,100.0,80.0,95.7416747147405,30.0,0.0,38.345434888872035,0.0,2,2,A_recovered_proxy_vr1.5,True
002409,002409.SZ,雅克科技,半导体,20260318,91.04,65.33085349885906,65.33085349885906,0.0,1.64,5.5013,32229.05,8.530091429719677,sideways,BULL_PULLBACK,35.68479074216794,100.0,100.0,100.0,95.3356125337373,20.0,0.0,39.83214712934593,0.0,1,1,B_pure_quant_vr1.5,True
002409,002409.SZ,雅克科技,半导体,20260318,91.04,74.13027911888788,64.33037211885211,9.79990700003577,1.64,5.5013,32229.05,8.530091429719677,sideways,BULL_PULLBACK,35.68479074216794,100.0,100.0,65.0,97.99907000035769,20.0,0.0,39.83214712934593,0.0,1,1,A_recovered_proxy_vr1.2,True
002156,002156.SZ,通富微电,半导体,20260318,47.4,71.64207344162007,61.842166441584304,9.79990700003577,1.48,5.8095,78209.55,10.532276330690824,sideways,BULL_PULLBACK,28.279858792711256,100.0,100.0,65.0,97.99907000035769,66.66666666666666,0.0,24.895030615007023,0.0,2,2,A_recovered_proxy_vr1.2,True
002409,002409.SZ,雅克科技,半导体,20260318,91.04,64.33037211885211,64.33037211885211,0.0,1.64,5.5013,32229.05,8.530091429719677,sideways,BULL_PULLBACK,35.68479074216794,100.0,100.0,65.0,97.99907000035769,20.0,0.0,39.83214712934593,0.0,1,1,D_pure_quant_vr1.2,True
002156,002156.SZ,通富微电,半导体,20260318,47.4,61.842166441584304,61.842166441584304,0.0,1.48,5.8095,78209.55,10.532276330690824,sideways,BULL_PULLBACK,28.279858792711256,100.0,100.0,65.0,97.99907000035769,66.66666666666666,0.0,24.895030615007023,0.0,2,2,D_pure_quant_vr1.2,True
002409,002409.SZ,雅克科技,半导体,20260318,91.04,64.33037211885211,64.33037211885211,0.0,1.64,5.5013,32229.05,8.530091429719677,sideways,BULL_PULLBACK,35.68479074216794,100.0,100.0,65.0,97.99907000035769,20.0,0.0,39.83214712934593,0.0,1,1,E_ablate_accel_vr1.2,True
002156,002156.SZ,通富微电,半导体,20260318,47.4,61.842166441584304,61.842166441584304,0.0,1.48,5.8095,78209.55,10.532276330690824,sideways,BULL_PULLBACK,28.279858792711256,100.0,100.0,65.0,97.99907000035769,66.66666666666666,0.0,24.895030615007023,0.0,2,2,E_ablate_accel_vr1.2,True
000032,000032.SZ,深桑达A,建筑工程,20260319,18.96,75.69467243125149,70.44576611710603,5.248906314145454,4.14,7.1071,3316.48,10.142180094786731,bear,BULL_PULLBACK,100.0,100.0,33.1648,100.0,52.48906314145454,53.333333333333336,100.0,54.383033160176566,0.0,1,1,A_recovered_proxy_vr1.5,True
000576,000576.SZ,甘化科工,电气设备,20260319,10.46,71.37145112412091,71.37145112412091,0.0,3.77,8.7748,6945.56,9.905254091300591,bear,BULL_PULLBACK,95.72822617469699,100.0,69.4556,65.0,46.00200936274252,53.333333333333336,100.0,53.41334412174606,0.0,2,2,A_recovered_proxy_vr1.5,True
000576,000576.SZ,甘化科工,电气设备,20260319,10.46,71.37145112412091,71.37145112412091,0.0,3.77,8.7748,6945.56,9.905254091300591,bear,BULL_PULLBACK,95.72822617469699,100.0,69.4556,65.0,46.00200936274252,53.333333333333336,100.0,53.41334412174606,0.0,1,1,B_pure_quant_vr1.5,True
000032,000032.SZ,深桑达A,建筑工程,20260319,18.96,70.44576611710603,70.44576611710603,0.0,4.14,7.1071,3316.48,10.142180094786731,bear,BULL_PULLBACK,100.0,100.0,33.1648,100.0,52.48906314145454,53.333333333333336,100.0,54.383033160176566,0.0,2,2,B_pure_quant_vr1.5,True
000576,000576.SZ,甘化科工,电气设备,20260319,10.46,70.92206914368634,70.92206914368634,0.0,3.77,8.7748,6945.56,9.905254091300591,bear,BULL_PULLBACK,95.72822617469699,100.0,69.4556,65.0,43.006129493178776,53.333333333333336,100.0,53.41334412174606,0.0,1,1,A_recovered_proxy_vr1.2,True
000032,000032.SZ,深桑达A,建筑工程,20260319,18.96,70.36737266841156,70.36737266841156,0.0,4.14,7.1071,3316.48,10.142180094786731,bear,BULL_PULLBACK,100.0,100.0,33.1648,100.0,51.966440150158064,53.333333333333336,100.0,54.383033160176566,0.0,2,2,A_recovered_proxy_vr1.2,True
000576,000576.SZ,甘化科工,电气设备,20260319,10.46,70.92206914368634,70.92206914368634,0.0,3.77,8.7748,6945.56,9.905254091300591,bear,BULL_PULLBACK,95.72822617469699,100.0,69.4556,65.0,43.006129493178776,53.333333333333336,100.0,53.41334412174606,0.0,1,1,D_pure_quant_vr1.2,True
000032,000032.SZ,深桑达A,建筑工程,20260319,18.96,70.36737266841156,70.36737266841156,0.0,4.14,7.1071,3316.48,10.142180094786731,bear,BULL_PULLBACK,100.0,100.0,33.1648,100.0,51.966440150158064,53.333333333333336,100.0,54.383033160176566,0.0,2,2,D_pure_quant_vr1.2,True
000576,000576.SZ,甘化科工,电气设备,20260319,10.46,64.47114971970953,64.47114971970953,0.0,3.77,8.7748,6945.56,9.905254091300591,bear,BULL_PULLBACK,95.72822617469699,100.0,69.4556,65.0,43.006129493178776,53.333333333333336,100.0,53.41334412174606,0.0,1,1,E_ablate_sector_vr1.2,True
000032,000032.SZ,深桑达A,建筑工程,20260319,18.96,62.57240664588785,62.57240664588785,0.0,4.14,7.1071,3316.48,10.142180094786731,bear,BULL_PULLBACK,100.0,100.0,33.1648,100.0,51.966440150158064,53.333333333333336,100.0,54.383033160176566,0.0,2,2,E_ablate_sector_vr1.2,True
000032,000032.SZ,深桑达A,建筑工程,20260319,18.96,66.46599011710603,66.46599011710603,0.0,4.14,7.1071,3316.48,10.142180094786731,bear,BULL_PULLBACK,100.0,100.0,33.1648,100.0,52.48906314145454,53.333333333333336,100.0,54.383033160176566,0.0,1,1,E_ablate_inflow_vr1.2,True
000576,000576.SZ,甘化科工,电气设备,20260319,10.46,62.85205232524309,62.85205232524309,0.0,3.77,8.7748,6945.56,9.905254091300591,bear,BULL_PULLBACK,95.72822617469699,100.0,69.4556,65.0,44.77049737022374,53.333333333333336,100.0,53.41334412174606,0.0,2,2,E_ablate_inflow_vr1.2,True
000576,000576.SZ,甘化科工,电气设备,20260319,10.46,64.51246784907681,64.51246784907681,0.0,3.77,8.7748,6945.56,9.905254091300591,bear,BULL_PULLBACK,95.72822617469699,100.0,69.4556,65.0,43.006129493178776,53.333333333333336,100.0,53.41334412174606,0.0,1,1,E_ablate_wyckoff_vr1.2,True
000032,000032.SZ,深桑达A,建筑工程,20260319,18.96,63.841408689190374,63.841408689190374,0.0,4.14,7.1071,3316.48,10.142180094786731,bear,BULL_PULLBACK,100.0,100.0,33.1648,100.0,51.966440150158064,53.333333333333336,100.0,54.383033160176566,0.0,2,2,E_ablate_wyckoff_vr1.2,True
000576,000576.SZ,甘化科工,电气设备,20260319,10.46,70.92206914368634,70.92206914368634,0.0,3.77,8.7748,6945.56,9.905254091300591,bear,BULL_PULLBACK,95.72822617469699,100.0,69.4556,65.0,43.006129493178776,53.333333333333336,100.0,53.41334412174606,0.0,1,1,E_ablate_accel_vr1.2,True
000032,000032.SZ,深桑达A,建筑工程,20260319,18.96,70.36737266841156,70.36737266841156,0.0,4.14,7.1071,3316.48,10.142180094786731,bear,BULL_PULLBACK,100.0,100.0,33.1648,100.0,51.966440150158064,53.333333333333336,100.0,54.383033160176566,0.0,2,2,E_ablate_accel_vr1.2,True
002611,002611.SZ,东方精工,轻工机械,20260320,16.97,64.00392574952079,68.71121570427725,5.2927100452435365,3.05,5.5542,12875.13,7.013698630136993,bear,BULL_PULLBACK,80.4404621337762,83.56164383561655,100.0,100.0,52.92710045243536,53.333333333333336,0.0,63.54183880399064,0.0,1,1,A_recovered_proxy_vr1.5,True
002611,002611.SZ,东方精工,轻工机械,20260320,16.97,63.76879905141986,68.57013968541669,5.198659366003165,3.05,5.5542,12875.13,7.013698630136993,bear,BULL_PULLBACK,80.4404621337762,83.56164383561655,100.0,100.0,51.986593660031645,53.333333333333336,0.0,63.54183880399064,0.0,1,1,A_recovered_proxy_vr1.2,True
