code,ts_code,name,industry,select_date,close,score,score_base,news_proxy_boost,volume_ratio,turnover,main_net_inflow,drawdown_from_high,market_style,regime,factor_volume_ratio,factor_drawdown,factor_inflow,factor_turnover,factor_sector,factor_pattern,factor_counter_trend,factor_wyckoff,factor_accel,pre_threshold_rank,candidate_rank,variant,selected
690,000690.SZ,宝新能源,火力发电,20240223,5.15,70.60505629747713,63.19592731442796,7.4091289830491665,1.88,4.8067,12286.94,0.0,momentum,BULL_PULLBACK_OVERRIDE,45.53663309514563,100.0,100.0,80.0,74.09128983049166,33.33333333333333,0.0,58.80507717391116,0.0,1,1,A_recovered_proxy_vr1.5,True
39,000039.SZ,中集集团,运输设备,20240301,9.44,79.21580447575144,69.56498350681308,9.65082096893836,2.26,3.3234,17216.34,0.6315789473684263,momentum,BEAR_BOUNCE,58.81613863202314,100.0,100.0,80.0,96.5082096893836,33.33333333333333,0.0,57.74254107466226,0.0,1,1,A_recovered_proxy_vr1.5,True
600089,600089.SH,特变电工,电气设备,20240306,16.38,77.20564246293647,68.86966626971245,8.335976193224019,2.57,3.3737,51902.57,2.2673031026253136,momentum,BULL_TREND,68.08841797095766,100.0,100.0,65.0,83.35976193224019,30.0,0.0,72.34451187620769,0.0,1,1,A_recovered_proxy_vr1.5,True
600522,600522.SH,中天科技,通信设备,20240306,13.91,75.27694598865037,65.84476064229324,9.432185346357134,1.79,3.8497,47488.27,1.1371712864250187,momentum,BULL_TREND,41.99797937447659,100.0,100.0,80.0,94.32185346357132,33.33333333333333,0.0,50.14026376740816,0.0,2,2,A_recovered_proxy_vr1.5,True
600487,600487.SH,亨通光电,通信设备,20240306,12.86,74.35638696349857,64.92420161714143,9.432185346357134,1.66,4.2851,22563.8,1.757066462948819,momentum,BULL_TREND,36.55916207861,100.0,100.0,80.0,94.32185346357132,20.0,0.0,55.75956612635669,0.0,3,3,A_recovered_proxy_vr1.5,True
600089,600089.SH,特变电工,电气设备,20240306,16.38,68.86966626971245,68.86966626971245,0.0,2.57,3.3737,51902.57,2.2673031026253136,momentum,BULL_TREND,68.08841797095766,100.0,100.0,65.0,83.35976193224019,30.0,0.0,72.34451187620769,0.0,1,1,B_pure_quant_vr1.5,True
600522,600522.SH,中天科技,通信设备,20240306,13.91,65.84476064229324,65.84476064229324,0.0,1.79,3.8497,47488.27,1.1371712864250187,momentum,BULL_TREND,41.99797937447659,100.0,100.0,80.0,94.32185346357132,33.33333333333333,0.0,50.14026376740816,0.0,2,2,B_pure_quant_vr1.5,True
600487,600487.SH,亨通光电,通信设备,20240306,12.86,64.92420161714143,64.92420161714143,0.0,1.66,4.2851,22563.8,1.757066462948819,momentum,BULL_TREND,36.55916207861,100.0,100.0,80.0,94.32185346357132,20.0,0.0,55.75956612635669,0.0,3,3,B_pure_quant_vr1.5,True
600089,600089.SH,特变电工,电气设备,20240306,16.38,78.61001801265574,69.80591663619197,8.804101376463777,2.57,3.3737,51902.57,2.2673031026253136,momentum,BULL_TREND,68.08841797095766,100.0,100.0,65.0,88.04101376463777,30.0,0.0,72.34451187620769,0.0,1,1,A_recovered_proxy_vr1.2,True
600522,600522.SH,中天科技,通信设备,20240306,13.91,73.89428373296792,64.9229858051716,8.97129792779632,1.79,3.8497,47488.27,1.1371712864250187,momentum,BULL_TREND,41.99797937447659,100.0,100.0,80.0,89.7129792779632,33.33333333333333,0.0,50.14026376740816,0.0,2,2,A_recovered_proxy_vr1.2,True
600487,600487.SH,亨通光电,通信设备,20240306,12.86,72.97372470781612,64.0024267800198,8.97129792779632,1.66,4.2851,22563.8,1.757066462948819,momentum,BULL_TREND,36.55916207861,100.0,100.0,80.0,89.7129792779632,20.0,0.0,55.75956612635669,0.0,3,3,A_recovered_proxy_vr1.2,True
600089,600089.SH,特变电工,电气设备,20240306,16.38,69.80591663619197,69.80591663619197,0.0,2.57,3.3737,51902.57,2.2673031026253136,momentum,BULL_TREND,68.08841797095766,100.0,100.0,65.0,88.04101376463777,30.0,0.0,72.34451187620769,0.0,1,1,D_pure_quant_vr1.2,True
600522,600522.SH,中天科技,通信设备,20240306,13.91,64.9229858051716,64.9229858051716,0.0,1.79,3.8497,47488.27,1.1371712864250187,momentum,BULL_TREND,41.99797937447659,100.0,100.0,80.0,89.7129792779632,33.33333333333333,0.0,50.14026376740816,0.0,2,2,D_pure_quant_vr1.2,True
600487,600487.SH,亨通光电,通信设备,20240306,12.86,64.0024267800198,64.0024267800198,0.0,1.66,4.2851,22563.8,1.757066462948819,momentum,BULL_TREND,36.55916207861,100.0,100.0,80.0,89.7129792779632,20.0,0.0,55.75956612635669,0.0,3,3,D_pure_quant_vr1.2,True
600089,600089.SH,特变电工,电气设备,20240306,16.38,52.19771388326442,52.19771388326442,0.0,2.57,3.3737,51902.57,2.2673031026253136,momentum,BULL_TREND,68.08841797095766,100.0,100.0,65.0,88.04101376463777,30.0,0.0,72.34451187620769,0.0,1,1,E_ablate_sector_vr1.2,True
1286,001286.SZ,陕西能源,火力发电,20240306,9.55,50.67591410746069,50.67591410746069,0.0,2.37,10.6546,19056.36,0.7276507276507121,momentum,BULL_TREND,62.24435295617672,100.0,100.0,60.0,59.6042205048632,33.33333333333333,0.0,66.72594497367515,0.0,2,2,E_ablate_sector_vr1.2,True
600522,600522.SH,中天科技,通信设备,20240306,13.91,46.98038994957897,46.98038994957897,0.0,1.79,3.8497,47488.27,1.1371712864250187,momentum,BULL_TREND,41.99797937447659,100.0,100.0,80.0,89.7129792779632,33.33333333333333,0.0,50.14026376740816,0.0,3,3,E_ablate_sector_vr1.2,True
600089,600089.SH,特变电工,电气设备,20240306,16.38,49.652936788219314,49.652936788219314,0.0,2.57,3.3737,51902.57,2.2673031026253136,momentum,BULL_TREND,68.08841797095766,100.0,100.0,65.0,87.27611452477447,30.0,0.0,72.34451187620769,0.0,1,1,E_ablate_inflow_vr1.2,True
600522,600522.SH,中天科技,通信设备,20240306,13.91,45.2228076644798,45.2228076644798,0.0,1.79,3.8497,47488.27,1.1371712864250187,momentum,BULL_TREND,41.99797937447659,100.0,100.0,80.0,91.21208857450412,33.33333333333333,0.0,50.14026376740816,0.0,2,2,E_ablate_inflow_vr1.2,True
600089,600089.SH,特变电工,电气设备,20240306,16.38,62.5714654485712,62.5714654485712,0.0,2.57,3.3737,51902.57,2.2673031026253136,momentum,BULL_TREND,68.08841797095766,100.0,100.0,65.0,88.04101376463777,30.0,0.0,72.34451187620769,0.0,1,1,E_ablate_wyckoff_vr1.2,True
600522,600522.SH,中天科技,通信设备,20240306,13.91,59.9089594284308,59.9089594284308,0.0,1.79,3.8497,47488.27,1.1371712864250187,momentum,BULL_TREND,41.99797937447659,100.0,100.0,80.0,89.7129792779632,33.33333333333333,0.0,50.14026376740816,0.0,2,2,E_ablate_wyckoff_vr1.2,True
600487,600487.SH,亨通光电,通信设备,20240306,12.86,58.42647016738414,58.42647016738414,0.0,1.66,4.2851,22563.8,1.757066462948819,momentum,BULL_TREND,36.55916207861,100.0,100.0,80.0,89.7129792779632,20.0,0.0,55.75956612635669,0.0,3,3,E_ablate_wyckoff_vr1.2,True
600089,600089.SH,特变电工,电气设备,20240306,16.38,69.80591663619197,69.80591663619197,0.0,2.57,3.3737,51902.57,2.2673031026253136,momentum,BULL_TREND,68.08841797095766,100.0,100.0,65.0,88.04101376463777,30.0,0.0,72.34451187620769,0.0,1,1,E_ablate_accel_vr1.2,True
600522,600522.SH,中天科技,通信设备,20240306,13.91,64.9229858051716,64.9229858051716,0.0,1.79,3.8497,47488.27,1.1371712864250187,momentum,BULL_TREND,41.99797937447659,100.0,100.0,80.0,89.7129792779632,33.33333333333333,0.0,50.14026376740816,0.0,2,2,E_ablate_accel_vr1.2,True
600487,600487.SH,亨通光电,通信设备,20240306,12.86,64.0024267800198,64.0024267800198,0.0,1.66,4.2851,22563.8,1.757066462948819,momentum,BULL_TREND,36.55916207861,100.0,100.0,80.0,89.7129792779632,20.0,0.0,55.75956612635669,0.0,3,3,E_ablate_accel_vr1.2,True
600111,600111.SH,北方稀土,小金属,20240307,19.59,75.99870858751605,67.7707512845522,8.227957302963842,2.78,3.0001,39171.0,3.497536945812812,weak_momentum,BULL_TREND,73.75424414743912,100.0,100.0,65.0,82.27957302963841,0.0,0.0,74.10452471993719,0.0,1,1,A_recovered_proxy_vr1.5,True
601456,601456.SH,国联民生,证券,20240307,11.41,71.13364245081989,65.47672556833038,5.656916882489515,3.45,6.5376,7794.84,4.598662207357865,weak_momentum,BULL_TREND,89.32981809454034,100.0,77.9484,100.0,56.56916882489515,53.333333333333336,0.0,65.96332575832258,0.0,2,2,A_recovered_proxy_vr1.5,True
878,000878.SZ,云南铜业,铜,20240307,11.65,61.47549121103695,61.47549121103695,0.0,2.59,4.1976,9902.75,3.239202657807299,weak_momentum,BULL_TREND,68.64760489559146,100.0,99.0275,80.0,44.14381217458187,0.0,0.0,71.54552433673966,0.0,3,3,A_recovered_proxy_vr1.5,True
600111,600111.SH,北方稀土,小金属,20240307,19.59,67.7707512845522,67.7707512845522,0.0,2.78,3.0001,39171.0,3.497536945812812,weak_momentum,BULL_TREND,73.75424414743912,100.0,100.0,65.0,82.27957302963841,0.0,0.0,74.10452471993719,0.0,1,1,B_pure_quant_vr1.5,True
601456,601456.SH,国联民生,证券,20240307,11.41,65.47672556833038,65.47672556833038,0.0,3.45,6.5376,7794.84,4.598662207357865,weak_momentum,BULL_TREND,89.32981809454034,100.0,77.9484,100.0,56.56916882489515,53.333333333333336,0.0,65.96332575832258,0.0,2,2,B_pure_quant_vr1.5,True
878,000878.SZ,云南铜业,铜,20240307,11.65,61.47549121103695,61.47549121103695,0.0,2.59,4.1976,9902.75,3.239202657807299,weak_momentum,BULL_TREND,68.64760489559146,100.0,99.0275,80.0,44.14381217458187,0.0,0.0,71.54552433673966,0.0,3,3,B_pure_quant_vr1.5,True
600111,600111.SH,北方稀土,小金属,20240307,19.59,73.8412916777855,65.97630113871388,7.864990539071622,2.78,3.0001,39171.0,3.497536945812812,weak_momentum,BULL_TREND,73.75424414743912,100.0,100.0,40.0,78.64990539071621,0.0,0.0,74.10452471993719,0.0,1,1,A_recovered_proxy_vr1.2,True
601456,601456.SH,国联民生,证券,20240307,11.41,71.10551840514964,65.45985114092822,5.645667264221414,3.45,6.5376,7794.84,4.598662207357865,weak_momentum,BULL_TREND,89.32981809454034,100.0,77.9484,100.0,56.45667264221414,53.333333333333336,0.0,65.96332575832258,0.0,2,2,A_recovered_proxy_vr1.2,True
878,000878.SZ,云南铜业,铜,20240307,11.65,61.45229566744167,61.45229566744167,0.0,2.59,4.1976,9902.75,3.239202657807299,weak_momentum,BULL_TREND,68.64760489559146,100.0,99.0275,80.0,43.98917521728,0.0,0.0,71.54552433673966,0.0,3,3,A_recovered_proxy_vr1.2,True
600111,600111.SH,北方稀土,小金属,20240307,19.59,65.97630113871388,65.97630113871388,0.0,2.78,3.0001,39171.0,3.497536945812812,weak_momentum,BULL_TREND,73.75424414743912,100.0,100.0,40.0,78.64990539071621,0.0,0.0,74.10452471993719,0.0,1,1,D_pure_quant_vr1.2,True
601456,601456.SH,国联民生,证券,20240307,11.41,65.45985114092822,65.45985114092822,0.0,3.45,6.5376,7794.84,4.598662207357865,weak_momentum,BULL_TREND,89.32981809454034,100.0,77.9484,100.0,56.45667264221414,53.333333333333336,0.0,65.96332575832258,0.0,2,2,D_pure_quant_vr1.2,True
878,000878.SZ,云南铜业,铜,20240307,11.65,61.45229566744167,61.45229566744167,0.0,2.59,4.1976,9902.75,3.239202657807299,weak_momentum,BULL_TREND,68.64760489559146,100.0,99.0275,80.0,43.98917521728,0.0,0.0,71.54552433673966,0.0,3,3,D_pure_quant_vr1.2,True
601456,601456.SH,国联民生,证券,20240307,11.41,56.991350244596106,56.991350244596106,0.0,3.45,6.5376,7794.84,4.598662207357865,weak_momentum,BULL_TREND,89.32981809454034,100.0,77.9484,100.0,56.45667264221414,53.333333333333336,0.0,65.96332575832258,0.0,1,1,E_ablate_sector_vr1.2,True
878,000878.SZ,云南铜业,铜,20240307,11.65,54.85391938484967,54.85391938484967,0.0,2.59,4.1976,9902.75,3.239202657807299,weak_momentum,BULL_TREND,68.64760489559146,100.0,99.0275,80.0,43.98917521728,0.0,0.0,71.54552433673966,0.0,2,2,E_ablate_sector_vr1.2,True
600111,600111.SH,北方稀土,小金属,20240307,19.59,54.178815330106445,54.178815330106445,0.0,2.78,3.0001,39171.0,3.497536945812812,weak_momentum,BULL_TREND,73.75424414743912,100.0,100.0,40.0,78.64990539071621,0.0,0.0,74.10452471993719,0.0,3,3,E_ablate_sector_vr1.2,True
601456,601456.SH,国联民生,证券,20240307,11.41,51.43395196113836,51.43395196113836,0.0,3.45,6.5376,7794.84,4.598662207357865,weak_momentum,BULL_TREND,89.32981809454034,100.0,77.9484,100.0,56.48875811028169,53.333333333333336,0.0,65.96332575832258,0.0,1,1,E_ablate_inflow_vr1.2,True
524,000524.SZ,岭南控股,旅游服务,20240307,8.46,48.90952875984304,48.90952875984304,0.0,4.0,5.3705,-2354.76,5.685618729096987,weak_momentum,BULL_TREND,100.0,100.0,0.0,100.0,35.01449333709086,53.333333333333336,0.0,59.9379206174183,0.0,2,2,E_ablate_inflow_vr1.2,True
600111,600111.SH,北方稀土,小金属,20240307,19.59,47.73481094184605,47.73481094184605,0.0,2.78,3.0001,39171.0,3.497536945812812,weak_momentum,BULL_TREND,73.75424414743912,100.0,100.0,40.0,77.03997074493068,0.0,0.0,74.10452471993719,0.0,3,3,E_ablate_inflow_vr1.2,True
601456,601456.SH,国联民生,证券,20240307,11.41,55.56535227717984,55.56535227717984,0.0,3.45,6.5376,7794.84,4.598662207357865,weak_momentum,BULL_TREND,89.32981809454034,100.0,77.9484,100.0,56.45667264221414,53.333333333333336,0.0,65.96332575832258,0.0,1,1,E_ablate_wyckoff_vr1.2,True
600111,600111.SH,北方稀土,小金属,20240307,19.59,54.860622430723296,54.860622430723296,0.0,2.78,3.0001,39171.0,3.497536945812812,weak_momentum,BULL_TREND,73.75424414743912,100.0,100.0,40.0,78.64990539071621,0.0,0.0,74.10452471993719,0.0,2,2,E_ablate_wyckoff_vr1.2,True
878,000878.SZ,云南铜业,铜,20240307,11.65,50.72046701693072,50.72046701693072,0.0,2.59,4.1976,9902.75,3.239202657807299,weak_momentum,BULL_TREND,68.64760489559146,100.0,99.0275,80.0,43.98917521728,0.0,0.0,71.54552433673966,0.0,3,3,E_ablate_wyckoff_vr1.2,True
600111,600111.SH,北方稀土,小金属,20240307,19.59,65.97630113871388,65.97630113871388,0.0,2.78,3.0001,39171.0,3.497536945812812,weak_momentum,BULL_TREND,73.75424414743912,100.0,100.0,40.0,78.64990539071621,0.0,0.0,74.10452471993719,0.0,1,1,E_ablate_accel_vr1.2,True
601456,601456.SH,国联民生,证券,20240307,11.41,65.45985114092822,65.45985114092822,0.0,3.45,6.5376,7794.84,4.598662207357865,weak_momentum,BULL_TREND,89.32981809454034,100.0,77.9484,100.0,56.45667264221414,53.333333333333336,0.0,65.96332575832258,0.0,2,2,E_ablate_accel_vr1.2,True
878,000878.SZ,云南铜业,铜,20240307,11.65,61.45229566744167,61.45229566744167,0.0,2.59,4.1976,9902.75,3.239202657807299,weak_momentum,BULL_TREND,68.64760489559146,100.0,99.0275,80.0,43.98917521728,0.0,0.0,71.54552433673966,0.0,3,3,E_ablate_accel_vr1.2,True
600006,600006.SH,东风股份,汽车整车,20240308,7.06,72.77461048005817,63.37572970327279,9.398880776785385,1.66,8.052,12612.48,1.6713091922005583,momentum,BULL_TREND,36.55916207861,100.0,100.0,60.0,93.98880776785384,33.33333333333333,0.0,44.27427171243855,0.0,1,1,A_recovered_proxy_vr1.5,True
600006,600006.SH,东风股份,汽车整车,20240308,7.06,63.37572970327279,63.37572970327279,0.0,1.66,8.052,12612.48,1.6713091922005583,momentum,BULL_TREND,36.55916207861,100.0,100.0,60.0,93.98880776785384,33.33333333333333,0.0,44.27427171243855,0.0,1,1,B_pure_quant_vr1.5,True
600487,600487.SH,亨通光电,通信设备,20240308,13.03,62.417951813232094,56.49619901350961,5.921752799722481,1.4,4.0309,22596.26,0.4583651642475209,momentum,BULL_TREND,24.27134135851208,100.0,100.0,80.0,59.217527997224806,33.33333333333333,0.0,53.453255436211705,0.0,1,1,A_recovered_proxy_vr1.2,True
600006,600006.SH,东风股份,汽车整车,20240308,7.06,54.5194685491387,54.5194685491387,0.0,1.66,8.052,12612.48,1.6713091922005583,momentum,BULL_TREND,36.55916207861,100.0,100.0,60.0,49.707501997183385,33.33333333333333,0.0,44.27427171243855,0.0,2,2,A_recovered_proxy_vr1.2,True
680,000680.SZ,山推股份,工程机械,20240308,6.98,51.03249222104899,51.03249222104899,0.0,1.45,4.2952,7738.61,0.7112375533428139,momentum,BULL_TREND,26.802645012010483,100.0,77.3861,80.0,48.19400321135982,66.66666666666666,0.0,45.6274149364212,0.0,3,3,A_recovered_proxy_vr1.2,True
600487,600487.SH,亨通光电,通信设备,20240308,13.03,56.49619901350961,56.49619901350961,0.0,1.4,4.0309,22596.26,0.4583651642475209,momentum,BULL_TREND,24.27134135851208,100.0,100.0,80.0,59.217527997224806,33.33333333333333,0.0,53.453255436211705,0.0,1,1,D_pure_quant_vr1.2,True
600006,600006.SH,东风股份,汽车整车,20240308,7.06,54.5194685491387,54.5194685491387,0.0,1.66,8.052,12612.48,1.6713091922005583,momentum,BULL_TREND,36.55916207861,100.0,100.0,60.0,49.707501997183385,33.33333333333333,0.0,44.27427171243855,0.0,2,2,D_pure_quant_vr1.2,True
680,000680.SZ,山推股份,工程机械,20240308,6.98,51.03249222104899,51.03249222104899,0.0,1.45,4.2952,7738.61,0.7112375533428139,momentum,BULL_TREND,26.802645012010483,100.0,77.3861,80.0,48.19400321135982,66.66666666666666,0.0,45.6274149364212,0.0,3,3,D_pure_quant_vr1.2,True
600487,600487.SH,亨通光电,通信设备,20240308,13.03,51.15087346988844,51.15087346988844,0.0,1.4,4.0309,22596.26,0.4583651642475209,momentum,BULL_TREND,24.27134135851208,100.0,100.0,80.0,59.217527997224806,33.33333333333333,0.0,53.453255436211705,0.0,1,1,E_ablate_wyckoff_vr1.2,True
600006,600006.SH,东风股份,汽车整车,20240308,7.06,50.09204137789485,50.09204137789485,0.0,1.66,8.052,12612.48,1.6713091922005583,momentum,BULL_TREND,36.55916207861,100.0,100.0,60.0,49.707501997183385,33.33333333333333,0.0,44.27427171243855,0.0,2,2,E_ablate_wyckoff_vr1.2,True
680,000680.SZ,山推股份,工程机械,20240308,6.98,46.46975072740687,46.46975072740687,0.0,1.45,4.2952,7738.61,0.7112375533428139,momentum,BULL_TREND,26.802645012010483,100.0,77.3861,80.0,48.19400321135982,66.66666666666666,0.0,45.6274149364212,0.0,3,3,E_ablate_wyckoff_vr1.2,True
600487,600487.SH,亨通光电,通信设备,20240308,13.03,56.49619901350961,56.49619901350961,0.0,1.4,4.0309,22596.26,0.4583651642475209,momentum,BULL_TREND,24.27134135851208,100.0,100.0,80.0,59.217527997224806,33.33333333333333,0.0,53.453255436211705,0.0,1,1,E_ablate_accel_vr1.2,True
600006,600006.SH,东风股份,汽车整车,20240308,7.06,54.5194685491387,54.5194685491387,0.0,1.66,8.052,12612.48,1.6713091922005583,momentum,BULL_TREND,36.55916207861,100.0,100.0,60.0,49.707501997183385,33.33333333333333,0.0,44.27427171243855,0.0,2,2,E_ablate_accel_vr1.2,True
680,000680.SZ,山推股份,工程机械,20240308,6.98,51.03249222104899,51.03249222104899,0.0,1.45,4.2952,7738.61,0.7112375533428139,momentum,BULL_TREND,26.802645012010483,100.0,77.3861,80.0,48.19400321135982,66.66666666666666,0.0,45.6274149364212,0.0,3,3,E_ablate_accel_vr1.2,True
2572,002572.SZ,索菲亚,家居用品,20240312,16.8,66.89624778069492,66.89624778069492,0.0,3.02,3.3416,10304.22,3.55912743972446,momentum,BULL_TREND,79.72742747751771,96.64523536165323,100.0,80.0,44.05441249266664,66.66666666666666,0.0,91.28394291035272,0.0,1,1,A_recovered_proxy_vr1.5,True
2670,002670.SZ,国盛证券,证券,20240312,10.2,59.31594449990111,59.31594449990111,0.0,2.59,4.3397,10574.36,2.6717557251908506,momentum,BULL_TREND,68.64760489559146,100.0,100.0,80.0,36.041260101809314,43.333333333333336,0.0,56.43885078533855,0.0,2,2,A_recovered_proxy_vr1.5,True
2043,002043.SZ,兔宝宝,其他建材,20240312,10.47,58.50938046865072,58.50938046865072,0.0,2.27,3.5728,8066.98,0.9460737937559096,momentum,BULL_TREND,59.13461487580951,100.0,80.6698,80.0,43.94222834100225,66.66666666666666,0.0,73.8344923574551,0.0,3,3,A_recovered_proxy_vr1.5,True
2572,002572.SZ,索菲亚,家居用品,20240312,16.8,66.89624778069492,66.89624778069492,0.0,3.02,3.3416,10304.22,3.55912743972446,momentum,BULL_TREND,79.72742747751771,96.64523536165323,100.0,80.0,44.05441249266664,66.66666666666666,0.0,91.28394291035272,0.0,1,1,B_pure_quant_vr1.5,True
2670,002670.SZ,国盛证券,证券,20240312,10.2,59.31594449990111,59.31594449990111,0.0,2.59,4.3397,10574.36,2.6717557251908506,momentum,BULL_TREND,68.64760489559146,100.0,100.0,80.0,36.041260101809314,43.333333333333336,0.0,56.43885078533855,0.0,2,2,B_pure_quant_vr1.5,True
2043,002043.SZ,兔宝宝,其他建材,20240312,10.47,58.50938046865072,58.50938046865072,0.0,2.27,3.5728,8066.98,0.9460737937559096,momentum,BULL_TREND,59.13461487580951,100.0,80.6698,80.0,43.94222834100225,66.66666666666666,0.0,73.8344923574551,0.0,3,3,B_pure_quant_vr1.5,True
2572,002572.SZ,索菲亚,家居用品,20240312,16.8,66.89624778069492,66.89624778069492,0.0,3.02,3.3416,10304.22,3.55912743972446,momentum,BULL_TREND,79.72742747751771,96.64523536165323,100.0,80.0,44.05441249266664,66.66666666666666,0.0,91.28394291035272,0.0,1,1,A_recovered_proxy_vr1.2,True
2670,002670.SZ,国盛证券,证券,20240312,10.2,59.31594449990111,59.31594449990111,0.0,2.59,4.3397,10574.36,2.6717557251908506,momentum,BULL_TREND,68.64760489559146,100.0,100.0,80.0,36.041260101809314,43.333333333333336,0.0,56.43885078533855,0.0,2,2,A_recovered_proxy_vr1.2,True
2043,002043.SZ,兔宝宝,其他建材,20240312,10.47,58.50938046865072,58.50938046865072,0.0,2.27,3.5728,8066.98,0.9460737937559096,momentum,BULL_TREND,59.13461487580951,100.0,80.6698,80.0,43.94222834100225,66.66666666666666,0.0,73.8344923574551,0.0,3,3,A_recovered_proxy_vr1.2,True
2572,002572.SZ,索菲亚,家居用品,20240312,16.8,66.89624778069492,66.89624778069492,0.0,3.02,3.3416,10304.22,3.55912743972446,momentum,BULL_TREND,79.72742747751771,96.64523536165323,100.0,80.0,44.05441249266664,66.66666666666666,0.0,91.28394291035272,0.0,1,1,D_pure_quant_vr1.2,True
2670,002670.SZ,国盛证券,证券,20240312,10.2,59.31594449990111,59.31594449990111,0.0,2.59,4.3397,10574.36,2.6717557251908506,momentum,BULL_TREND,68.64760489559146,100.0,100.0,80.0,36.041260101809314,43.333333333333336,0.0,56.43885078533855,0.0,2,2,D_pure_quant_vr1.2,True
2043,002043.SZ,兔宝宝,其他建材,20240312,10.47,58.50938046865072,58.50938046865072,0.0,2.27,3.5728,8066.98,0.9460737937559096,momentum,BULL_TREND,59.13461487580951,100.0,80.6698,80.0,43.94222834100225,66.66666666666666,0.0,73.8344923574551,0.0,3,3,D_pure_quant_vr1.2,True
2572,002572.SZ,索菲亚,家居用品,20240312,16.8,58.08536528216159,58.08536528216159,0.0,3.02,3.3416,10304.22,3.55912743972446,momentum,BULL_TREND,79.72742747751771,96.64523536165323,100.0,80.0,44.05441249266664,66.66666666666666,0.0,91.28394291035272,0.0,1,1,E_ablate_sector_vr1.2,True
2670,002670.SZ,国盛证券,证券,20240312,10.2,52.10769247953924,52.10769247953924,0.0,2.59,4.3397,10574.36,2.6717557251908506,momentum,BULL_TREND,68.64760489559146,100.0,100.0,80.0,36.041260101809314,43.333333333333336,0.0,56.43885078533855,0.0,2,2,E_ablate_sector_vr1.2,True
2043,002043.SZ,兔宝宝,其他建材,20240312,10.47,49.720934800450266,49.720934800450266,0.0,2.27,3.5728,8066.98,0.9460737937559096,momentum,BULL_TREND,59.13461487580951,100.0,80.6698,80.0,43.94222834100225,66.66666666666666,0.0,73.8344923574551,0.0,3,3,E_ablate_sector_vr1.2,True
2572,002572.SZ,索菲亚,家居用品,20240312,16.8,46.896247780694914,46.896247780694914,0.0,3.02,3.3416,10304.22,3.55912743972446,momentum,BULL_TREND,79.72742747751771,96.64523536165323,100.0,80.0,44.05441249266664,66.66666666666666,0.0,91.28394291035272,0.0,1,1,E_ablate_inflow_vr1.2,True
14,000014.SZ,沙河股份,全国地产,20240312,12.37,46.82435968794147,46.82435968794147,0.0,1.92,10.2534,1371.43,3.3593750000000115,momentum,BULL_TREND,47.05531554732157,97.84374999999991,13.7143,100.0,89.07970964216953,43.333333333333336,0.0,49.99078760742662,0.0,2,2,E_ablate_inflow_vr1.2,True
2572,002572.SZ,索菲亚,家居用品,20240312,16.8,57.76785348965964,57.76785348965964,0.0,3.02,3.3416,10304.22,3.55912743972446,momentum,BULL_TREND,79.72742747751771,96.64523536165323,100.0,80.0,44.05441249266664,66.66666666666666,0.0,91.28394291035272,0.0,1,1,E_ablate_wyckoff_vr1.2,True
2670,002670.SZ,国盛证券,证券,20240312,10.2,53.67205942136725,53.67205942136725,0.0,2.59,4.3397,10574.36,2.6717557251908506,momentum,BULL_TREND,68.64760489559146,100.0,100.0,80.0,36.041260101809314,43.333333333333336,0.0,56.43885078533855,0.0,2,2,E_ablate_wyckoff_vr1.2,True
2043,002043.SZ,兔宝宝,其他建材,20240312,10.47,51.12593123290521,51.12593123290521,0.0,2.27,3.5728,8066.98,0.9460737937559096,momentum,BULL_TREND,59.13461487580951,100.0,80.6698,80.0,43.94222834100225,66.66666666666666,0.0,73.8344923574551,0.0,3,3,E_ablate_wyckoff_vr1.2,True
2572,002572.SZ,索菲亚,家居用品,20240312,16.8,66.89624778069492,66.89624778069492,0.0,3.02,3.3416,10304.22,3.55912743972446,momentum,BULL_TREND,79.72742747751771,96.64523536165323,100.0,80.0,44.05441249266664,66.66666666666666,0.0,91.28394291035272,0.0,1,1,E_ablate_accel_vr1.2,True
2670,002670.SZ,国盛证券,证券,20240312,10.2,59.31594449990111,59.31594449990111,0.0,2.59,4.3397,10574.36,2.6717557251908506,momentum,BULL_TREND,68.64760489559146,100.0,100.0,80.0,36.041260101809314,43.333333333333336,0.0,56.43885078533855,0.0,2,2,E_ablate_accel_vr1.2,True
2043,002043.SZ,兔宝宝,其他建材,20240312,10.47,58.50938046865072,58.50938046865072,0.0,2.27,3.5728,8066.98,0.9460737937559096,momentum,BULL_TREND,59.13461487580951,100.0,80.6698,80.0,43.94222834100225,66.66666666666666,0.0,73.8344923574551,0.0,3,3,E_ablate_accel_vr1.2,True
600522,600522.SH,中天科技,通信设备,20240313,15.02,65.09964132806826,57.12590627796071,7.973735050107544,1.58,4.4654,37226.44,2.404158544509428,momentum,BULL_TREND,32.99622792011891,100.0,100.0,40.0,79.73735050107544,0.0,0.0,42.29001989727784,0.0,1,1,A_recovered_proxy_vr1.5,True
600580,600580.SH,卧龙电驱,电气设备,20240313,13.05,63.37433987861731,63.37433987861731,0.0,2.26,7.6013,15923.08,1.6578749058025537,momentum,BULL_TREND,58.81613863202314,100.0,100.0,100.0,63.31189900164578,33.33333333333333,0.0,52.22872616818021,0.0,2,2,A_recovered_proxy_vr1.5,True
600633,600633.SH,浙数文化,互联网,20240313,11.29,63.24579331958181,55.66412525792316,7.581668061658646,2.06,4.2572,7317.6,3.5042735042735056,momentum,BULL_TREND,52.132216870424685,96.97435897435896,73.176,40.0,75.81668061658645,33.33333333333333,0.0,46.81654039939601,0.0,3,3,A_recovered_proxy_vr1.5,True
600580,600580.SH,卧龙电驱,电气设备,20240313,13.05,63.37433987861731,63.37433987861731,0.0,2.26,7.6013,15923.08,1.6578749058025537,momentum,BULL_TREND,58.81613863202314,100.0,100.0,100.0,63.31189900164578,33.33333333333333,0.0,52.22872616818021,0.0,1,1,B_pure_quant_vr1.5,True
719,000719.SZ,中原传媒,出版业,20240313,10.94,62.02839205294099,62.02839205294099,0.0,2.31,5.0363,9044.65,3.185840707964612,momentum,BULL_TREND,60.39464258206665,98.88495575221232,90.4465,100.0,55.81546989134274,53.333333333333336,0.0,61.61639445474535,0.0,2,2,B_pure_quant_vr1.5,True
600522,600522.SH,中天科技,通信设备,20240313,15.02,57.12590627796071,57.12590627796071,0.0,1.58,4.4654,37226.44,2.404158544509428,momentum,BULL_TREND,32.99622792011891,100.0,100.0,40.0,79.73735050107544,0.0,0.0,42.29001989727784,0.0,3,3,B_pure_quant_vr1.5,True
600633,600633.SH,浙数文化,互联网,20240313,11.29,63.79058039910509,56.44398331093869,7.346597088166407,2.06,4.2572,7317.6,3.5042735042735056,momentum,BULL_TREND,52.132216870424685,96.97435897435896,73.176,65.0,73.46597088166406,33.33333333333333,0.0,46.81654039939601,0.0,1,1,A_recovered_proxy_vr1.2,True
600522,600522.SH,中天科技,通信设备,20240313,15.02,60.6268369376741,54.14403668436461,6.482800253309495,1.58,4.4654,37226.44,2.404158544509428,momentum,BULL_TREND,32.99622792011891,100.0,100.0,40.0,64.82800253309495,0.0,0.0,42.29001989727784,0.0,2,2,A_recovered_proxy_vr1.2,True
600580,600580.SH,卧龙电驱,电气设备,20240313,13.05,59.93209069814337,59.93209069814337,0.0,2.26,7.6013,15923.08,1.6578749058025537,momentum,BULL_TREND,58.81613863202314,100.0,100.0,100.0,46.10065309927607,33.33333333333333,0.0,52.22872616818021,0.0,3,3,A_recovered_proxy_vr1.2,True
600580,600580.SH,卧龙电驱,电气设备,20240313,13.05,59.93209069814337,59.93209069814337,0.0,2.26,7.6013,15923.08,1.6578749058025537,momentum,BULL_TREND,58.81613863202314,100.0,100.0,100.0,46.10065309927607,33.33333333333333,0.0,52.22872616818021,0.0,1,1,D_pure_quant_vr1.2,True
600633,600633.SH,浙数文化,互联网,20240313,11.29,56.44398331093869,56.44398331093869,0.0,2.06,4.2572,7317.6,3.5042735042735056,momentum,BULL_TREND,52.132216870424685,96.97435897435896,73.176,65.0,73.46597088166406,33.33333333333333,0.0,46.81654039939601,0.0,2,2,D_pure_quant_vr1.2,True
719,000719.SZ,中原传媒,出版业,20240313,10.94,55.991321642513896,55.991321642513896,0.0,2.31,5.0363,9044.65,3.185840707964612,momentum,BULL_TREND,60.39464258206665,98.88495575221232,90.4465,65.0,34.38011783920729,53.333333333333336,0.0,61.61639445474535,0.0,3,3,D_pure_quant_vr1.2,True
600580,600580.SH,卧龙电驱,电气设备,20240313,13.05,50.71196007828816,50.71196007828816,0.0,2.26,7.6013,15923.08,1.6578749058025537,momentum,BULL_TREND,58.81613863202314,100.0,100.0,100.0,46.10065309927607,33.33333333333333,0.0,52.22872616818021,0.0,1,1,E_ablate_sector_vr1.2,True
719,000719.SZ,中原传媒,出版业,20240313,10.94,49.11529807467244,49.11529807467244,0.0,2.31,5.0363,9044.65,3.185840707964612,momentum,BULL_TREND,60.39464258206665,98.88495575221232,90.4465,65.0,34.38011783920729,53.333333333333336,0.0,61.61639445474535,0.0,2,2,E_ablate_sector_vr1.2,True
600580,600580.SH,卧龙电驱,电气设备,20240313,13.05,54.70921808132535,54.70921808132535,0.0,2.26,7.6013,15923.08,1.6578749058025537,momentum,BULL_TREND,58.81613863202314,100.0,100.0,100.0,46.10065309927607,33.33333333333333,0.0,52.22872616818021,0.0,1,1,E_ablate_wyckoff_vr1.2,True
600633,600633.SH,浙数文化,互联网,20240313,11.29,51.76232927099908,51.76232927099908,0.0,2.06,4.2572,7317.6,3.5042735042735056,momentum,BULL_TREND,52.132216870424685,96.97435897435896,73.176,65.0,73.46597088166406,33.33333333333333,0.0,46.81654039939601,0.0,2,2,E_ablate_wyckoff_vr1.2,True
600522,600522.SH,中天科技,通信设备,20240313,15.02,49.91503469463683,49.91503469463683,0.0,1.58,4.4654,37226.44,2.404158544509428,momentum,BULL_TREND,32.99622792011891,100.0,100.0,40.0,64.82800253309495,0.0,0.0,42.29001989727784,0.0,3,3,E_ablate_wyckoff_vr1.2,True
600580,600580.SH,卧龙电驱,电气设备,20240313,13.05,59.93209069814337,59.93209069814337,0.0,2.26,7.6013,15923.08,1.6578749058025537,momentum,BULL_TREND,58.81613863202314,100.0,100.0,100.0,46.10065309927607,33.33333333333333,0.0,52.22872616818021,0.0,1,1,E_ablate_accel_vr1.2,True
600633,600633.SH,浙数文化,互联网,20240313,11.29,56.44398331093869,56.44398331093869,0.0,2.06,4.2572,7317.6,3.5042735042735056,momentum,BULL_TREND,52.132216870424685,96.97435897435896,73.176,65.0,73.46597088166406,33.33333333333333,0.0,46.81654039939601,0.0,2,2,E_ablate_accel_vr1.2,True
719,000719.SZ,中原传媒,出版业,20240313,10.94,55.991321642513896,55.991321642513896,0.0,2.31,5.0363,9044.65,3.185840707964612,momentum,BULL_TREND,60.39464258206665,98.88495575221232,90.4465,65.0,34.38011783920729,53.333333333333336,0.0,61.61639445474535,0.0,3,3,E_ablate_accel_vr1.2,True
2033,002033.SZ,丽江股份,旅游景点,20240314,9.75,57.059949917458034,51.08758619789022,5.972363719567816,1.55,10.2506,7703.35,4.223968565815321,momentum,BULL_TREND,31.613410774975648,92.65618860510808,77.0335,60.0,59.72363719567815,0.0,0.0,67.28528281997428,0.0,1,1,A_recovered_proxy_vr1.5,True
603199,603199.SH,九华旅游,旅游景点,20240314,37.1,51.62285062438284,45.65048690481503,5.972363719567816,1.67,5.3566,3758.42,4.847396768402155,momentum,BULL_TREND,36.99240513496637,88.91561938958706,37.5842,100.0,59.72363719567815,0.0,0.0,67.48496756475727,0.0,2,2,A_recovered_proxy_vr1.5,True
2215,002215.SZ,诺普信,农药化肥,20240314,9.3,45.45011264773163,45.45011264773163,0.0,1.99,4.5897,4225.28,1.0638297872340388,momentum,BULL_TREND,49.63842153844621,100.0,42.2528,80.0,49.186707368331554,30.0,0.0,42.164479432983846,0.0,3,3,A_recovered_proxy_vr1.5,True
2033,002033.SZ,丽江股份,旅游景点,20240314,9.75,51.08758619789022,51.08758619789022,0.0,1.55,10.2506,7703.35,4.223968565815321,momentum,BULL_TREND,31.613410774975648,92.65618860510808,77.0335,60.0,59.72363719567815,0.0,0.0,67.28528281997428,0.0,1,1,B_pure_quant_vr1.5,True
603199,603199.SH,九华旅游,旅游景点,20240314,37.1,45.65048690481503,45.65048690481503,0.0,1.67,5.3566,3758.42,4.847396768402155,momentum,BULL_TREND,36.99240513496637,88.91561938958706,37.5842,100.0,59.72363719567815,0.0,0.0,67.48496756475727,0.0,2,2,B_pure_quant_vr1.5,True
2215,002215.SZ,诺普信,农药化肥,20240314,9.3,45.45011264773163,45.45011264773163,0.0,1.99,4.5897,4225.28,1.0638297872340388,momentum,BULL_TREND,49.63842153844621,100.0,42.2528,80.0,49.186707368331554,30.0,0.0,42.164479432983846,0.0,3,3,B_pure_quant_vr1.5,True
2033,002033.SZ,丽江股份,旅游景点,20240314,9.75,57.059949917458034,51.08758619789022,5.972363719567816,1.55,10.2506,7703.35,4.223968565815321,momentum,BULL_TREND,31.613410774975648,92.65618860510808,77.0335,60.0,59.72363719567815,0.0,0.0,67.28528281997428,0.0,1,1,A_recovered_proxy_vr1.2,True
603199,603199.SH,九华旅游,旅游景点,20240314,37.1,51.62285062438284,45.65048690481503,5.972363719567816,1.67,5.3566,3758.42,4.847396768402155,momentum,BULL_TREND,36.99240513496637,88.91561938958706,37.5842,100.0,59.72363719567815,0.0,0.0,67.48496756475727,0.0,2,2,A_recovered_proxy_vr1.2,True
2215,002215.SZ,诺普信,农药化肥,20240314,9.3,45.45011264773163,45.45011264773163,0.0,1.99,4.5897,4225.28,1.0638297872340388,momentum,BULL_TREND,49.63842153844621,100.0,42.2528,80.0,49.186707368331554,30.0,0.0,42.164479432983846,0.0,3,3,A_recovered_proxy_vr1.2,True
2033,002033.SZ,丽江股份,旅游景点,20240314,9.75,51.08758619789022,51.08758619789022,0.0,1.55,10.2506,7703.35,4.223968565815321,momentum,BULL_TREND,31.613410774975648,92.65618860510808,77.0335,60.0,59.72363719567815,0.0,0.0,67.28528281997428,0.0,1,1,D_pure_quant_vr1.2,True
603199,603199.SH,九华旅游,旅游景点,20240314,37.1,45.65048690481503,45.65048690481503,0.0,1.67,5.3566,3758.42,4.847396768402155,momentum,BULL_TREND,36.99240513496637,88.91561938958706,37.5842,100.0,59.72363719567815,0.0,0.0,67.48496756475727,0.0,2,2,D_pure_quant_vr1.2,True
2215,002215.SZ,诺普信,农药化肥,20240314,9.3,45.45011264773163,45.45011264773163,0.0,1.99,4.5897,4225.28,1.0638297872340388,momentum,BULL_TREND,49.63842153844621,100.0,42.2528,80.0,49.186707368331554,30.0,0.0,42.164479432983846,0.0,3,3,D_pure_quant_vr1.2,True
2033,002033.SZ,丽江股份,旅游景点,20240314,9.75,51.08758619789022,51.08758619789022,0.0,1.55,10.2506,7703.35,4.223968565815321,momentum,BULL_TREND,31.613410774975648,92.65618860510808,77.0335,60.0,59.72363719567815,0.0,0.0,67.28528281997428,0.0,1,1,E_ablate_accel_vr1.2,True
603199,603199.SH,九华旅游,旅游景点,20240314,37.1,45.65048690481503,45.65048690481503,0.0,1.67,5.3566,3758.42,4.847396768402155,momentum,BULL_TREND,36.99240513496637,88.91561938958706,37.5842,100.0,59.72363719567815,0.0,0.0,67.48496756475727,0.0,2,2,E_ablate_accel_vr1.2,True
2215,002215.SZ,诺普信,农药化肥,20240314,9.3,45.45011264773163,45.45011264773163,0.0,1.99,4.5897,4225.28,1.0638297872340388,momentum,BULL_TREND,49.63842153844621,100.0,42.2528,80.0,49.186707368331554,30.0,0.0,42.164479432983846,0.0,3,3,E_ablate_accel_vr1.2,True
2703,002703.SZ,浙江世宝,汽车配件,20240315,14.03,69.1219943338536,61.02162721923976,8.100367114613857,1.61,10.0864,10010.11,2.433936022253139,momentum,BULL_TREND,34.35303441699462,100.0,100.0,65.0,81.00367114613856,20.0,0.0,54.17937827462849,0.0,1,1,A_recovered_proxy_vr1.5,True
2432,002432.SZ,九安医疗,医疗保健,20240315,42.43,67.91759171098641,67.91759171098641,0.0,3.21,3.8304,12175.14,0.3522780648191606,momentum,BULL_TREND,84.12866486737892,100.0,100.0,80.0,40.90638333073117,100.0,0.0,81.1701531473334,0.0,2,2,A_recovered_proxy_vr1.5,True
2031,002031.SZ,巨轮智能,汽车配件,20240315,3.95,67.80178348331398,59.70141636870012,8.100367114613857,1.5,11.081,26075.41,3.1862745098039187,momentum,BULL_TREND,29.24812503605781,98.88235294117648,100.0,65.0,81.00367114613856,33.33333333333333,0.0,43.08561423279421,0.0,3,3,A_recovered_proxy_vr1.5,True
2432,002432.SZ,九安医疗,医疗保健,20240315,42.43,67.91759171098641,67.91759171098641,0.0,3.21,3.8304,12175.14,0.3522780648191606,momentum,BULL_TREND,84.12866486737892,100.0,100.0,80.0,40.90638333073117,100.0,0.0,81.1701531473334,0.0,1,1,B_pure_quant_vr1.5,True
2703,002703.SZ,浙江世宝,汽车配件,20240315,14.03,61.02162721923976,61.02162721923976,0.0,1.61,10.0864,10010.11,2.433936022253139,momentum,BULL_TREND,34.35303441699462,100.0,100.0,65.0,81.00367114613856,20.0,0.0,54.17937827462849,0.0,2,2,B_pure_quant_vr1.5,True
2031,002031.SZ,巨轮智能,汽车配件,20240315,3.95,59.70141636870012,59.70141636870012,0.0,1.5,11.081,26075.41,3.1862745098039187,momentum,BULL_TREND,29.24812503605781,98.88235294117648,100.0,65.0,81.00367114613856,33.33333333333333,0.0,43.08561423279421,0.0,3,3,B_pure_quant_vr1.5,True
2703,002703.SZ,浙江世宝,汽车配件,20240315,14.03,69.3855590504344,61.44733703029361,7.938222020140784,1.61,10.0864,10010.11,2.433936022253139,momentum,BULL_TREND,34.35303441699462,100.0,100.0,80.0,79.38222020140783,20.0,0.0,54.17937827462849,0.0,1,1,A_recovered_proxy_vr1.2,True
2031,002031.SZ,巨轮智能,汽车配件,20240315,3.95,68.06534819989476,60.12712617975397,7.938222020140784,1.5,11.081,26075.41,3.1862745098039187,momentum,BULL_TREND,29.24812503605781,98.88235294117648,100.0,80.0,79.38222020140783,33.33333333333333,0.0,43.08561423279421,0.0,2,2,A_recovered_proxy_vr1.2,True
2432,002432.SZ,九安医疗,医疗保健,20240315,42.43,66.95566468545955,66.95566468545955,0.0,3.21,3.8304,12175.14,0.3522780648191606,momentum,BULL_TREND,84.12866486737892,100.0,100.0,80.0,36.0967482030969,100.0,0.0,81.1701531473334,0.0,3,3,A_recovered_proxy_vr1.2,True
2432,002432.SZ,九安医疗,医疗保健,20240315,42.43,66.95566468545955,66.95566468545955,0.0,3.21,3.8304,12175.14,0.3522780648191606,momentum,BULL_TREND,84.12866486737892,100.0,100.0,80.0,36.0967482030969,100.0,0.0,81.1701531473334,0.0,1,1,D_pure_quant_vr1.2,True
2703,002703.SZ,浙江世宝,汽车配件,20240315,14.03,61.44733703029361,61.44733703029361,0.0,1.61,10.0864,10010.11,2.433936022253139,momentum,BULL_TREND,34.35303441699462,100.0,100.0,80.0,79.38222020140783,20.0,0.0,54.17937827462849,0.0,2,2,D_pure_quant_vr1.2,True
2031,002031.SZ,巨轮智能,汽车配件,20240315,3.95,60.12712617975397,60.12712617975397,0.0,1.5,11.081,26075.41,3.1862745098039187,momentum,BULL_TREND,29.24812503605781,98.88235294117648,100.0,80.0,79.38222020140783,33.33333333333333,0.0,43.08561423279421,0.0,3,3,D_pure_quant_vr1.2,True
2432,002432.SZ,九安医疗,医疗保健,20240315,42.43,59.736315044840175,59.736315044840175,0.0,3.21,3.8304,12175.14,0.3522780648191606,momentum,BULL_TREND,84.12866486737892,100.0,100.0,80.0,36.0967482030969,100.0,0.0,81.1701531473334,0.0,1,1,E_ablate_sector_vr1.2,True
2195,002195.SZ,岩山科技,软件服务,20240315,2.99,46.70562061005125,46.70562061005125,0.0,1.64,4.0624,19619.81,0.993377483443702,momentum,BULL_TREND,35.68479074216794,100.0,100.0,80.0,46.77543029040751,33.33333333333333,0.0,56.862353320593904,0.0,2,2,E_ablate_sector_vr1.2,True
2703,002703.SZ,浙江世宝,汽车配件,20240315,14.03,45.57089299001204,45.57089299001204,0.0,1.61,10.0864,10010.11,2.433936022253139,momentum,BULL_TREND,34.35303441699462,100.0,100.0,80.0,79.38222020140783,20.0,0.0,54.17937827462849,0.0,3,3,E_ablate_sector_vr1.2,True
2432,002432.SZ,九安医疗,医疗保健,20240315,42.43,47.00515131259524,47.00515131259524,0.0,3.21,3.8304,12175.14,0.3522780648191606,momentum,BULL_TREND,84.12866486737892,100.0,100.0,80.0,36.3441813387753,100.0,0.0,81.1701531473334,0.0,1,1,E_ablate_inflow_vr1.2,True
2432,002432.SZ,九安医疗,医疗保健,20240315,42.43,58.838649370726216,58.838649370726216,0.0,3.21,3.8304,12175.14,0.3522780648191606,momentum,BULL_TREND,84.12866486737892,100.0,100.0,80.0,36.0967482030969,100.0,0.0,81.1701531473334,0.0,1,1,E_ablate_wyckoff_vr1.2,True
2703,002703.SZ,浙江世宝,汽车配件,20240315,14.03,56.02939920283076,56.02939920283076,0.0,1.61,10.0864,10010.11,2.433936022253139,momentum,BULL_TREND,34.35303441699462,100.0,100.0,80.0,79.38222020140783,20.0,0.0,54.17937827462849,0.0,2,2,E_ablate_wyckoff_vr1.2,True
2031,002031.SZ,巨轮智能,汽车配件,20240315,3.95,55.81856475647456,55.81856475647456,0.0,1.5,11.081,26075.41,3.1862745098039187,momentum,BULL_TREND,29.24812503605781,98.88235294117648,100.0,80.0,79.38222020140783,33.33333333333333,0.0,43.08561423279421,0.0,3,3,E_ablate_wyckoff_vr1.2,True
2432,002432.SZ,九安医疗,医疗保健,20240315,42.43,66.95566468545955,66.95566468545955,0.0,3.21,3.8304,12175.14,0.3522780648191606,momentum,BULL_TREND,84.12866486737892,100.0,100.0,80.0,36.0967482030969,100.0,0.0,81.1701531473334,0.0,1,1,E_ablate_accel_vr1.2,True
2703,002703.SZ,浙江世宝,汽车配件,20240315,14.03,61.44733703029361,61.44733703029361,0.0,1.61,10.0864,10010.11,2.433936022253139,momentum,BULL_TREND,34.35303441699462,100.0,100.0,80.0,79.38222020140783,20.0,0.0,54.17937827462849,0.0,2,2,E_ablate_accel_vr1.2,True
2031,002031.SZ,巨轮智能,汽车配件,20240315,3.95,60.12712617975397,60.12712617975397,0.0,1.5,11.081,26075.41,3.1862745098039187,momentum,BULL_TREND,29.24812503605781,98.88235294117648,100.0,80.0,79.38222020140783,33.33333333333333,0.0,43.08561423279421,0.0,3,3,E_ablate_accel_vr1.2,True
32,000032.SZ,深桑达A,建筑工程,20240318,20.7,68.48762910180935,61.47013772842123,7.017491373388118,1.65,6.21,18774.46,1.5223596574690783,momentum,BULL_TREND,36.12330122355455,100.0,100.0,100.0,70.17491373388118,66.66666666666666,0.0,36.83326464778479,0.0,1,1,A_recovered_proxy_vr1.5,True
2368,002368.SZ,太极股份,软件服务,20240318,27.4,66.26176726054902,59.56318309122862,6.698584169320395,1.59,5.7321,17959.68,3.419104688050766,momentum,BULL_TREND,33.45133827548153,97.4853718716954,100.0,100.0,66.98584169320395,10.0,0.0,58.9977682409606,0.0,2,2,A_recovered_proxy_vr1.5,True
2334,002334.SZ,英威腾,电气设备,20240318,8.72,46.73674275052576,46.73674275052576,0.0,1.63,6.4906,4958.34,0.5701254275940586,momentum,BULL_TREND,35.24359822281764,100.0,49.583400000000005,100.0,56.11026875582742,33.33333333333333,0.0,36.448025992709645,0.0,3,3,A_recovered_proxy_vr1.5,True
32,000032.SZ,深桑达A,建筑工程,20240318,20.7,61.47013772842123,61.47013772842123,0.0,1.65,6.21,18774.46,1.5223596574690783,momentum,BULL_TREND,36.12330122355455,100.0,100.0,100.0,70.17491373388118,66.66666666666666,0.0,36.83326464778479,0.0,1,1,B_pure_quant_vr1.5,True
2368,002368.SZ,太极股份,软件服务,20240318,27.4,59.56318309122862,59.56318309122862,0.0,1.59,5.7321,17959.68,3.419104688050766,momentum,BULL_TREND,33.45133827548153,97.4853718716954,100.0,100.0,66.98584169320395,10.0,0.0,58.9977682409606,0.0,2,2,B_pure_quant_vr1.5,True
2334,002334.SZ,英威腾,电气设备,20240318,8.72,46.73674275052576,46.73674275052576,0.0,1.63,6.4906,4958.34,0.5701254275940586,momentum,BULL_TREND,35.24359822281764,100.0,49.583400000000005,100.0,56.11026875582742,33.33333333333333,0.0,36.448025992709645,0.0,3,3,B_pure_quant_vr1.5,True
977,000977.SZ,浪潮信息,IT设备,20240318,42.36,69.30264762413609,59.93121983864928,9.3714277854868,1.47,10.7338,98642.34,4.551599819738628,momentum,BULL_TREND,27.790807753081985,90.69040108156824,100.0,60.0,93.714277854868,66.66666666666666,0.0,16.173696632232268,0.0,1,1,A_recovered_proxy_vr1.2,True
603000,603000.SH,人民网,互联网,20240318,29.38,65.57855611192792,57.413233372010005,8.165322739917915,1.34,6.3937,49860.13,0.8437394532568343,momentum,BULL_TREND,21.11165003415239,100.0,100.0,80.0,81.65322739917914,33.33333333333333,0.0,22.491737203846476,0.0,2,2,A_recovered_proxy_vr1.2,True
603888,603888.SH,新华网,互联网,20240318,26.5,65.45975135157538,57.29442861165746,8.165322739917915,1.34,4.2448,10582.45,4.332129963898915,momentum,BULL_TREND,21.11165003415239,92.00722021660653,100.0,65.0,81.65322739917914,33.33333333333333,0.0,36.796469383714495,0.0,3,3,A_recovered_proxy_vr1.2,True
977,000977.SZ,浪潮信息,IT设备,20240318,42.36,59.93121983864928,59.93121983864928,0.0,1.47,10.7338,98642.34,4.551599819738628,momentum,BULL_TREND,27.790807753081985,90.69040108156824,100.0,60.0,93.714277854868,66.66666666666666,0.0,16.173696632232268,0.0,1,1,D_pure_quant_vr1.2,True
603000,603000.SH,人民网,互联网,20240318,29.38,57.413233372010005,57.413233372010005,0.0,1.34,6.3937,49860.13,0.8437394532568343,momentum,BULL_TREND,21.11165003415239,100.0,100.0,80.0,81.65322739917914,33.33333333333333,0.0,22.491737203846476,0.0,2,2,D_pure_quant_vr1.2,True
2368,002368.SZ,太极股份,软件服务,20240318,27.4,57.31156760276292,57.31156760276292,0.0,1.59,5.7321,17959.68,3.419104688050766,momentum,BULL_TREND,33.45133827548153,97.4853718716954,100.0,65.0,64.47776425087547,10.0,0.0,58.9977682409606,0.0,3,3,D_pure_quant_vr1.2,True
32,000032.SZ,深桑达A,建筑工程,20240318,20.7,45.68515498164499,45.68515498164499,0.0,1.65,6.21,18774.46,1.5223596574690783,momentum,BULL_TREND,36.12330122355455,100.0,100.0,65.0,45.9908776185876,66.66666666666666,0.0,36.83326464778479,0.0,1,1,E_ablate_sector_vr1.2,True
977,000977.SZ,浪潮信息,IT设备,20240318,42.36,58.313850175426055,58.313850175426055,0.0,1.47,10.7338,98642.34,4.551599819738628,momentum,BULL_TREND,27.790807753081985,90.69040108156824,100.0,60.0,93.714277854868,66.66666666666666,0.0,16.173696632232268,0.0,1,1,E_ablate_wyckoff_vr1.2,True
603000,603000.SH,人民网,互联网,20240318,29.38,55.16405965162536,55.16405965162536,0.0,1.34,6.3937,49860.13,0.8437394532568343,momentum,BULL_TREND,21.11165003415239,100.0,100.0,80.0,81.65322739917914,33.33333333333333,0.0,22.491737203846476,0.0,2,2,E_ablate_wyckoff_vr1.2,True
603888,603888.SH,新华网,互联网,20240318,26.5,53.614781673286,53.614781673286,0.0,1.34,4.2448,10582.45,4.332129963898915,momentum,BULL_TREND,21.11165003415239,92.00722021660653,100.0,65.0,81.65322739917914,33.33333333333333,0.0,36.796469383714495,0.0,3,3,E_ablate_wyckoff_vr1.2,True
977,000977.SZ,浪潮信息,IT设备,20240318,42.36,59.93121983864928,59.93121983864928,0.0,1.47,10.7338,98642.34,4.551599819738628,momentum,BULL_TREND,27.790807753081985,90.69040108156824,100.0,60.0,93.714277854868,66.66666666666666,0.0,16.173696632232268,0.0,1,1,E_ablate_accel_vr1.2,True
603000,603000.SH,人民网,互联网,20240318,29.38,57.413233372010005,57.413233372010005,0.0,1.34,6.3937,49860.13,0.8437394532568343,momentum,BULL_TREND,21.11165003415239,100.0,100.0,80.0,81.65322739917914,33.33333333333333,0.0,22.491737203846476,0.0,2,2,E_ablate_accel_vr1.2,True
2368,002368.SZ,太极股份,软件服务,20240318,27.4,57.31156760276292,57.31156760276292,0.0,1.59,5.7321,17959.68,3.419104688050766,momentum,BULL_TREND,33.45133827548153,97.4853718716954,100.0,65.0,64.47776425087547,10.0,0.0,58.9977682409606,0.0,3,3,E_ablate_accel_vr1.2,True
601137,601137.SH,博威合金,小金属,20240319,16.73,53.98741227804049,53.98741227804049,0.0,2.68,3.74,5131.13,3.462204270051921,weak_momentum,BULL_TREND,71.11165003415239,100.0,51.3113,40.0,62.1430842412729,10.0,0.0,68.42112091151128,0.0,1,1,A_recovered_proxy_vr1.5,True
722,000722.SZ,湖南发展,水力发电,20240319,9.84,48.27608764228867,48.27608764228867,0.0,2.8,4.7633,1579.43,4.74346563407551,weak_momentum,BULL_TREND,74.27134135851209,100.0,15.7943,80.0,42.16396224391123,0.0,0.0,79.78545401283449,0.0,2,2,A_recovered_proxy_vr1.5,True
2897,002897.SZ,意华股份,元器件,20240319,36.96,46.71192291111473,46.71192291111473,0.0,2.32,7.1882,3483.06,3.49869451697127,weak_momentum,BULL_TREND,60.706240267642364,100.0,34.8306,100.0,35.45854819545555,10.0,0.0,56.78464427766701,0.0,3,3,A_recovered_proxy_vr1.5,True
601137,601137.SH,博威合金,小金属,20240319,16.73,53.98741227804049,53.98741227804049,0.0,2.68,3.74,5131.13,3.462204270051921,weak_momentum,BULL_TREND,71.11165003415239,100.0,51.3113,40.0,62.1430842412729,10.0,0.0,68.42112091151128,0.0,1,1,B_pure_quant_vr1.5,True
722,000722.SZ,湖南发展,水力发电,20240319,9.84,48.27608764228867,48.27608764228867,0.0,2.8,4.7633,1579.43,4.74346563407551,weak_momentum,BULL_TREND,74.27134135851209,100.0,15.7943,80.0,42.16396224391123,0.0,0.0,79.78545401283449,0.0,2,2,B_pure_quant_vr1.5,True
2897,002897.SZ,意华股份,元器件,20240319,36.96,46.71192291111473,46.71192291111473,0.0,2.32,7.1882,3483.06,3.49869451697127,weak_momentum,BULL_TREND,60.706240267642364,100.0,34.8306,100.0,35.45854819545555,10.0,0.0,56.78464427766701,0.0,3,3,B_pure_quant_vr1.5,True
603322,603322.SH,超讯科技,通信设备,20240319,38.03,60.64345303400955,53.40215587167838,7.241297162331175,1.35,11.004,8569.57,4.924999999999997,weak_momentum,BULL_TREND,21.647970363805317,100.0,85.6957,65.0,72.41297162331175,33.33333333333333,0.0,46.34081271296105,0.0,1,1,A_recovered_proxy_vr1.2,True
601137,601137.SH,博威合金,小金属,20240319,16.73,55.73608573675324,55.73608573675324,0.0,2.68,3.74,5131.13,3.462204270051921,weak_momentum,BULL_TREND,71.11165003415239,100.0,51.3113,65.0,65.46757396602459,10.0,0.0,68.42112091151128,0.0,2,2,A_recovered_proxy_vr1.2,True
722,000722.SZ,湖南发展,水力发电,20240319,9.84,49.38496361823008,49.38496361823008,0.0,2.8,4.7633,1579.43,4.74346563407551,weak_momentum,BULL_TREND,74.27134135851209,100.0,15.7943,80.0,49.556468750187264,0.0,0.0,79.78545401283449,0.0,3,3,A_recovered_proxy_vr1.2,True
601137,601137.SH,博威合金,小金属,20240319,16.73,55.73608573675324,55.73608573675324,0.0,2.68,3.74,5131.13,3.462204270051921,weak_momentum,BULL_TREND,71.11165003415239,100.0,51.3113,65.0,65.46757396602459,10.0,0.0,68.42112091151128,0.0,1,1,D_pure_quant_vr1.2,True
603322,603322.SH,超讯科技,通信设备,20240319,38.03,53.40215587167838,53.40215587167838,0.0,1.35,11.004,8569.57,4.924999999999997,weak_momentum,BULL_TREND,21.647970363805317,100.0,85.6957,65.0,72.41297162331175,33.33333333333333,0.0,46.34081271296105,0.0,2,2,D_pure_quant_vr1.2,True
722,000722.SZ,湖南发展,水力发电,20240319,9.84,49.38496361823008,49.38496361823008,0.0,2.8,4.7633,1579.43,4.74346563407551,weak_momentum,BULL_TREND,74.27134135851209,100.0,15.7943,80.0,49.556468750187264,0.0,0.0,79.78545401283449,0.0,3,3,D_pure_quant_vr1.2,True
601137,601137.SH,博威合金,小金属,20240319,16.73,45.91594964184955,45.91594964184955,0.0,2.68,3.74,5131.13,3.462204270051921,weak_momentum,BULL_TREND,71.11165003415239,100.0,51.3113,65.0,65.46757396602459,10.0,0.0,68.42112091151128,0.0,1,1,E_ablate_sector_vr1.2,True
722,000722.SZ,湖南发展,水力发电,20240319,9.84,47.12772228476727,47.12772228476727,0.0,2.8,4.7633,1579.43,4.74346563407551,weak_momentum,BULL_TREND,74.27134135851209,100.0,15.7943,80.0,53.46135319376855,0.0,0.0,79.78545401283449,0.0,1,1,E_ablate_inflow_vr1.2,True
601137,601137.SH,博威合金,小金属,20240319,16.73,46.44035015099699,46.44035015099699,0.0,2.68,3.74,5131.13,3.462204270051921,weak_momentum,BULL_TREND,71.11165003415239,100.0,51.3113,65.0,65.06956339431625,10.0,0.0,68.42112091151128,0.0,2,2,E_ablate_inflow_vr1.2,True
2331,002331.SZ,皖通科技,软件服务,20240319,7.33,45.00866715701205,45.00866715701205,0.0,3.09,7.8474,-2800.51,5.174644243208284,weak_momentum,BULL_TREND,81.38034190648249,100.0,0.0,65.0,31.79957574427621,33.33333333333333,0.0,74.10008561821054,0.0,3,3,E_ablate_inflow_vr1.2,True
603322,603322.SH,超讯科技,通信设备,20240319,38.03,46.45103396473422,46.45103396473422,0.0,1.35,11.004,8569.57,4.924999999999997,weak_momentum,BULL_TREND,21.647970363805317,100.0,85.6957,65.0,72.41297162331175,33.33333333333333,0.0,46.34081271296105,0.0,1,1,E_ablate_wyckoff_vr1.2,True
600895,600895.SH,张江高科,园区开发,20240319,21.76,46.3195688267217,46.3195688267217,0.0,1.32,4.8406,17291.49,7.285896889646345,weak_momentum,BULL_TREND,20.02689647918644,100.0,100.0,80.0,55.436895698958246,20.0,0.0,19.351402800566632,0.0,2,2,E_ablate_wyckoff_vr1.2,True
601137,601137.SH,博威合金,小金属,20240319,16.73,45.47291760002655,45.47291760002655,0.0,2.68,3.74,5131.13,3.462204270051921,weak_momentum,BULL_TREND,71.11165003415239,100.0,51.3113,65.0,65.46757396602459,10.0,0.0,68.42112091151128,0.0,3,3,E_ablate_wyckoff_vr1.2,True
601137,601137.SH,博威合金,小金属,20240319,16.73,55.73608573675324,55.73608573675324,0.0,2.68,3.74,5131.13,3.462204270051921,weak_momentum,BULL_TREND,71.11165003415239,100.0,51.3113,65.0,65.46757396602459,10.0,0.0,68.42112091151128,0.0,1,1,E_ablate_accel_vr1.2,True
603322,603322.SH,超讯科技,通信设备,20240319,38.03,53.40215587167838,53.40215587167838,0.0,1.35,11.004,8569.57,4.924999999999997,weak_momentum,BULL_TREND,21.647970363805317,100.0,85.6957,65.0,72.41297162331175,33.33333333333333,0.0,46.34081271296105,0.0,2,2,E_ablate_accel_vr1.2,True
722,000722.SZ,湖南发展,水力发电,20240319,9.84,49.38496361823008,49.38496361823008,0.0,2.8,4.7633,1579.43,4.74346563407551,weak_momentum,BULL_TREND,74.27134135851209,100.0,15.7943,80.0,49.556468750187264,0.0,0.0,79.78545401283449,0.0,3,3,E_ablate_accel_vr1.2,True
2230,002230.SZ,科大讯飞,软件服务,20240320,51.93,69.3834933946488,60.75402283874267,8.629470555906122,1.79,3.8168,65117.07,4.435038645564967,weak_momentum,BULL_TREND,41.99797937447659,100.0,100.0,65.0,86.29470555906121,43.333333333333336,0.0,40.623022880302216,0.0,1,1,A_recovered_proxy_vr1.5,True
600732,600732.SH,爱旭股份,电气设备,20240320,15.59,60.00588811027763,60.00588811027763,0.0,2.16,5.0238,11790.65,4.355828220858901,weak_momentum,BULL_TREND,55.55156561943719,100.0,100.0,65.0,53.61589700470413,33.33333333333333,0.0,58.09401366659844,0.0,2,2,A_recovered_proxy_vr1.5,True
988,000988.SZ,华工科技,专用机械,20240320,35.7,57.06243934111638,51.38786096419005,5.674578376926326,1.61,9.1726,14138.4,3.773584905660373,weak_momentum,BULL_TREND,34.35303441699462,100.0,100.0,80.0,56.745783769263255,0.0,0.0,24.820254908342516,0.0,3,3,A_recovered_proxy_vr1.5,True
2230,002230.SZ,科大讯飞,软件服务,20240320,51.93,60.75402283874267,60.75402283874267,0.0,1.79,3.8168,65117.07,4.435038645564967,weak_momentum,BULL_TREND,41.99797937447659,100.0,100.0,65.0,86.29470555906121,43.333333333333336,0.0,40.623022880302216,0.0,1,1,B_pure_quant_vr1.5,True
600732,600732.SH,爱旭股份,电气设备,20240320,15.59,60.00588811027763,60.00588811027763,0.0,2.16,5.0238,11790.65,4.355828220858901,weak_momentum,BULL_TREND,55.55156561943719,100.0,100.0,65.0,53.61589700470413,33.33333333333333,0.0,58.09401366659844,0.0,2,2,B_pure_quant_vr1.5,True
2400,002400.SZ,省广集团,广告包装,20240320,6.12,55.909957095250064,55.909957095250064,0.0,1.7,11.2117,20798.4,4.075235109717865,weak_momentum,BULL_TREND,38.27673731814885,100.0,100.0,60.0,47.0843024054807,63.33333333333333,0.0,46.26089646692642,0.0,3,3,B_pure_quant_vr1.5,True
603888,603888.SH,新华网,互联网,20240320,26.8,68.27624498379544,60.22380945954197,8.052435524253466,1.54,5.3464,12678.11,3.2490974729241824,weak_momentum,BULL_TREND,31.146517546008837,100.0,100.0,65.0,80.52435524253465,63.33333333333333,0.0,47.04341249729186,0.0,1,1,A_recovered_proxy_vr1.2,True
2230,002230.SZ,科大讯飞,软件服务,20240320,51.93,64.23767820390368,57.1665337242956,7.07114447960808,1.79,3.8168,65117.07,4.435038645564967,weak_momentum,BULL_TREND,41.99797937447659,100.0,100.0,40.0,70.7114447960808,43.333333333333336,0.0,40.623022880302216,0.0,2,2,A_recovered_proxy_vr1.2,True
2517,002517.SZ,恺英网络,互联网,20240320,12.49,63.07360139718819,55.02116587293472,8.052435524253466,1.26,4.7217,19834.77,4.510703363914372,weak_momentum,BULL_TREND,16.67118668625959,100.0,100.0,65.0,80.52435524253465,30.0,0.0,37.945563890770586,0.0,3,3,A_recovered_proxy_vr1.2,True
603888,603888.SH,新华网,互联网,20240320,26.8,60.22380945954197,60.22380945954197,0.0,1.54,5.3464,12678.11,3.2490974729241824,weak_momentum,BULL_TREND,31.146517546008837,100.0,100.0,65.0,80.52435524253465,63.33333333333333,0.0,47.04341249729186,0.0,1,1,D_pure_quant_vr1.2,True
600732,600732.SH,爱旭股份,电气设备,20240320,15.59,58.96596471351685,58.96596471351685,0.0,2.16,5.0238,11790.65,4.355828220858901,weak_momentum,BULL_TREND,55.55156561943719,100.0,100.0,65.0,46.68307435963227,33.33333333333333,0.0,58.09401366659844,0.0,2,2,D_pure_quant_vr1.2,True
2230,002230.SZ,科大讯飞,软件服务,20240320,51.93,57.1665337242956,57.1665337242956,0.0,1.79,3.8168,65117.07,4.435038645564967,weak_momentum,BULL_TREND,41.99797937447659,100.0,100.0,40.0,70.7114447960808,43.333333333333336,0.0,40.623022880302216,0.0,3,3,D_pure_quant_vr1.2,True
600732,600732.SH,爱旭股份,电气设备,20240320,15.59,51.96350355957201,51.96350355957201,0.0,2.16,5.0238,11790.65,4.355828220858901,weak_momentum,BULL_TREND,55.55156561943719,100.0,100.0,65.0,46.68307435963227,33.33333333333333,0.0,58.09401366659844,0.0,1,1,E_ablate_sector_vr1.2,True
2400,002400.SZ,省广集团,广告包装,20240320,6.12,49.097311734427954,49.097311734427954,0.0,1.7,11.2117,20798.4,4.075235109717865,weak_momentum,BULL_TREND,38.27673731814885,100.0,100.0,65.0,43.19353301681888,63.33333333333333,0.0,46.26089646692642,0.0,2,2,E_ablate_sector_vr1.2,True
603888,603888.SH,新华网,互联网,20240320,26.8,48.14515617316177,48.14515617316177,0.0,1.54,5.3464,12678.11,3.2490974729241824,weak_momentum,BULL_TREND,31.146517546008837,100.0,100.0,65.0,80.52435524253465,63.33333333333333,0.0,47.04341249729186,0.0,3,3,E_ablate_sector_vr1.2,True
605337,605337.SH,李子园,乳制品,20240320,13.39,48.54644291888288,48.54644291888288,0.0,4.4,6.1211,-336.06,5.43785310734463,weak_momentum,BULL_TREND,100.0,100.0,0.0,100.0,41.12198994442974,10.0,0.0,65.85429618145614,0.0,1,1,E_ablate_inflow_vr1.2,True
603888,603888.SH,新华网,互联网,20240320,26.8,53.16729758494819,53.16729758494819,0.0,1.54,5.3464,12678.11,3.2490974729241824,weak_momentum,BULL_TREND,31.146517546008837,100.0,100.0,65.0,80.52435524253465,63.33333333333333,0.0,47.04341249729186,0.0,1,1,E_ablate_wyckoff_vr1.2,True
2230,002230.SZ,科大讯飞,软件服务,20240320,51.93,51.07308029225028,51.07308029225028,0.0,1.79,3.8168,65117.07,4.435038645564967,weak_momentum,BULL_TREND,41.99797937447659,100.0,100.0,40.0,70.7114447960808,43.333333333333336,0.0,40.623022880302216,0.0,2,2,E_ablate_wyckoff_vr1.2,True
600732,600732.SH,爱旭股份,电气设备,20240320,15.59,50.251862663527085,50.251862663527085,0.0,2.16,5.0238,11790.65,4.355828220858901,weak_momentum,BULL_TREND,55.55156561943719,100.0,100.0,65.0,46.68307435963227,33.33333333333333,0.0,58.09401366659844,0.0,3,3,E_ablate_wyckoff_vr1.2,True
603888,603888.SH,新华网,互联网,20240320,26.8,60.22380945954197,60.22380945954197,0.0,1.54,5.3464,12678.11,3.2490974729241824,weak_momentum,BULL_TREND,31.146517546008837,100.0,100.0,65.0,80.52435524253465,63.33333333333333,0.0,47.04341249729186,0.0,1,1,E_ablate_accel_vr1.2,True
600732,600732.SH,爱旭股份,电气设备,20240320,15.59,58.96596471351685,58.96596471351685,0.0,2.16,5.0238,11790.65,4.355828220858901,weak_momentum,BULL_TREND,55.55156561943719,100.0,100.0,65.0,46.68307435963227,33.33333333333333,0.0,58.09401366659844,0.0,2,2,E_ablate_accel_vr1.2,True
2230,002230.SZ,科大讯飞,软件服务,20240320,51.93,57.1665337242956,57.1665337242956,0.0,1.79,3.8168,65117.07,4.435038645564967,weak_momentum,BULL_TREND,41.99797937447659,100.0,100.0,40.0,70.7114447960808,43.333333333333336,0.0,40.623022880302216,0.0,3,3,E_ablate_accel_vr1.2,True
601456,601456.SH,国联民生,证券,20240321,12.56,69.67804987279864,62.33869898967123,7.339350883127409,2.06,7.8789,34934.1,4.122137404580147,weak_momentum,BULL_TREND,52.132216870424685,100.0,100.0,100.0,73.39350883127409,0.0,0.0,56.73226756277608,0.0,1,1,A_recovered_proxy_vr1.5,True
723,000723.SZ,美锦能源,焦炭加工,20240321,7.07,60.62004701075058,60.62004701075058,0.0,2.33,3.1309,11063.81,6.357615894039729,weak_momentum,BULL_TREND,61.01649774397778,100.0,100.0,80.0,48.91481664749648,96.66666666666669,0.0,35.31344345797409,0.0,2,2,A_recovered_proxy_vr1.5,True
2639,002639.SZ,雪人集团,专用机械,20240321,7.45,55.5444767058515,55.5444767058515,0.0,3.0,6.7948,6297.94,8.364083640836414,weak_momentum,BULL_TREND,79.2481250360578,100.0,62.9794,65.0,43.41815275768474,66.66666666666666,0.0,48.16606468971194,0.0,3,3,A_recovered_proxy_vr1.5,True
601456,601456.SH,国联民生,证券,20240321,12.56,62.33869898967123,62.33869898967123,0.0,2.06,7.8789,34934.1,4.122137404580147,weak_momentum,BULL_TREND,52.132216870424685,100.0,100.0,100.0,73.39350883127409,0.0,0.0,56.73226756277608,0.0,1,1,B_pure_quant_vr1.5,True
723,000723.SZ,美锦能源,焦炭加工,20240321,7.07,60.62004701075058,60.62004701075058,0.0,2.33,3.1309,11063.81,6.357615894039729,weak_momentum,BULL_TREND,61.01649774397778,100.0,100.0,80.0,48.91481664749648,96.66666666666669,0.0,35.31344345797409,0.0,2,2,B_pure_quant_vr1.5,True
2639,002639.SZ,雪人集团,专用机械,20240321,7.45,55.5444767058515,55.5444767058515,0.0,3.0,6.7948,6297.94,8.364083640836414,weak_momentum,BULL_TREND,79.2481250360578,100.0,62.9794,65.0,43.41815275768474,66.66666666666666,0.0,48.16606468971194,0.0,3,3,B_pure_quant_vr1.5,True
601456,601456.SH,国联民生,证券,20240321,12.56,69.67804987279864,62.33869898967123,7.339350883127409,2.06,7.8789,34934.1,4.122137404580147,weak_momentum,BULL_TREND,52.132216870424685,100.0,100.0,100.0,73.39350883127409,0.0,0.0,56.73226756277608,0.0,1,1,A_recovered_proxy_vr1.2,True
723,000723.SZ,美锦能源,焦炭加工,20240321,7.07,60.62004701075058,60.62004701075058,0.0,2.33,3.1309,11063.81,6.357615894039729,weak_momentum,BULL_TREND,61.01649774397778,100.0,100.0,80.0,48.91481664749648,96.66666666666669,0.0,35.31344345797409,0.0,2,2,A_recovered_proxy_vr1.2,True
2639,002639.SZ,雪人集团,专用机械,20240321,7.45,55.5444767058515,55.5444767058515,0.0,3.0,6.7948,6297.94,8.364083640836414,weak_momentum,BULL_TREND,79.2481250360578,100.0,62.9794,65.0,43.41815275768474,66.66666666666666,0.0,48.16606468971194,0.0,3,3,A_recovered_proxy_vr1.2,True
601456,601456.SH,国联民生,证券,20240321,12.56,62.33869898967123,62.33869898967123,0.0,2.06,7.8789,34934.1,4.122137404580147,weak_momentum,BULL_TREND,52.132216870424685,100.0,100.0,100.0,73.39350883127409,0.0,0.0,56.73226756277608,0.0,1,1,D_pure_quant_vr1.2,True
723,000723.SZ,美锦能源,焦炭加工,20240321,7.07,60.62004701075058,60.62004701075058,0.0,2.33,3.1309,11063.81,6.357615894039729,weak_momentum,BULL_TREND,61.01649774397778,100.0,100.0,80.0,48.91481664749648,96.66666666666669,0.0,35.31344345797409,0.0,2,2,D_pure_quant_vr1.2,True
2639,002639.SZ,雪人集团,专用机械,20240321,7.45,55.5444767058515,55.5444767058515,0.0,3.0,6.7948,6297.94,8.364083640836414,weak_momentum,BULL_TREND,79.2481250360578,100.0,62.9794,65.0,43.41815275768474,66.66666666666666,0.0,48.16606468971194,0.0,3,3,D_pure_quant_vr1.2,True
723,000723.SZ,美锦能源,焦炭加工,20240321,7.07,53.28282451362611,53.28282451362611,0.0,2.33,3.1309,11063.81,6.357615894039729,weak_momentum,BULL_TREND,61.01649774397778,100.0,100.0,80.0,48.91481664749648,96.66666666666669,0.0,35.31344345797409,0.0,1,1,E_ablate_sector_vr1.2,True
601456,601456.SH,国联民生,证券,20240321,12.56,51.32967266498012,51.32967266498012,0.0,2.06,7.8789,34934.1,4.122137404580147,weak_momentum,BULL_TREND,52.132216870424685,100.0,100.0,100.0,73.39350883127409,0.0,0.0,56.73226756277608,0.0,2,2,E_ablate_sector_vr1.2,True
2639,002639.SZ,雪人集团,专用机械,20240321,7.45,49.03175379219879,49.03175379219879,0.0,3.0,6.7948,6297.94,8.364083640836414,weak_momentum,BULL_TREND,79.2481250360578,100.0,62.9794,65.0,43.41815275768474,66.66666666666666,0.0,48.16606468971194,0.0,3,3,E_ablate_sector_vr1.2,True
723,000723.SZ,美锦能源,焦炭加工,20240321,7.07,55.32303049205447,55.32303049205447,0.0,2.33,3.1309,11063.81,6.357615894039729,weak_momentum,BULL_TREND,61.01649774397778,100.0,100.0,80.0,48.91481664749648,96.66666666666669,0.0,35.31344345797409,0.0,1,1,E_ablate_wyckoff_vr1.2,True
601456,601456.SH,国联民生,证券,20240321,12.56,53.828858855254815,53.828858855254815,0.0,2.06,7.8789,34934.1,4.122137404580147,weak_momentum,BULL_TREND,52.132216870424685,100.0,100.0,100.0,73.39350883127409,0.0,0.0,56.73226756277608,0.0,2,2,E_ablate_wyckoff_vr1.2,True
2639,002639.SZ,雪人集团,专用机械,20240321,7.45,48.31956700239471,48.31956700239471,0.0,3.0,6.7948,6297.94,8.364083640836414,weak_momentum,BULL_TREND,79.2481250360578,100.0,62.9794,65.0,43.41815275768474,66.66666666666666,0.0,48.16606468971194,0.0,3,3,E_ablate_wyckoff_vr1.2,True
601456,601456.SH,国联民生,证券,20240321,12.56,62.33869898967123,62.33869898967123,0.0,2.06,7.8789,34934.1,4.122137404580147,weak_momentum,BULL_TREND,52.132216870424685,100.0,100.0,100.0,73.39350883127409,0.0,0.0,56.73226756277608,0.0,1,1,E_ablate_accel_vr1.2,True
723,000723.SZ,美锦能源,焦炭加工,20240321,7.07,60.62004701075058,60.62004701075058,0.0,2.33,3.1309,11063.81,6.357615894039729,weak_momentum,BULL_TREND,61.01649774397778,100.0,100.0,80.0,48.91481664749648,96.66666666666669,0.0,35.31344345797409,0.0,2,2,E_ablate_accel_vr1.2,True
2639,002639.SZ,雪人集团,专用机械,20240321,7.45,55.5444767058515,55.5444767058515,0.0,3.0,6.7948,6297.94,8.364083640836414,weak_momentum,BULL_TREND,79.2481250360578,100.0,62.9794,65.0,43.41815275768474,66.66666666666666,0.0,48.16606468971194,0.0,3,3,E_ablate_accel_vr1.2,True
2077,002077.SZ,大港股份,半导体,20240322,15.68,71.54691755992145,64.11375540723174,7.433162152689718,3.46,9.5414,14851.17,1.4456316781898204,sideways,BULL_TREND,89.5386018931,14.456316781898204,100.0,80.0,74.33162152689718,86.66666666666667,94.228,86.04130613636852,0.0,1,1,A_recovered_proxy_vr1.5,True
603690,603690.SH,至纯科技,半导体,20240322,27.49,64.77775759857612,57.3445954458864,7.433162152689718,3.81,4.8923,6020.74,1.1861969805895105,sideways,BULL_TREND,96.48954988592988,11.861969805895106,60.2074,40.0,74.33162152689718,76.66666666666667,57.204,85.69313792764163,0.0,2,2,A_recovered_proxy_vr1.5,True
670,000670.SZ,盈方微,元器件,20240322,6.16,61.34790968759724,61.34790968759724,0.0,2.35,8.0597,5709.11,8.469539375928681,sideways,BULL_TREND,61.63303783951375,100.0,57.0911,65.0,55.04061935871531,96.66666666666669,53.158,37.94619271469652,0.0,3,3,A_recovered_proxy_vr1.5,True
2077,002077.SZ,大港股份,半导体,20240322,15.68,64.11375540723174,64.11375540723174,0.0,3.46,9.5414,14851.17,1.4456316781898204,sideways,BULL_TREND,89.5386018931,14.456316781898204,100.0,80.0,74.33162152689718,86.66666666666667,94.228,86.04130613636852,0.0,1,1,B_pure_quant_vr1.5,True
670,000670.SZ,盈方微,元器件,20240322,6.16,61.34790968759724,61.34790968759724,0.0,2.35,8.0597,5709.11,8.469539375928681,sideways,BULL_TREND,61.63303783951375,100.0,57.0911,65.0,55.04061935871531,96.66666666666669,53.158,37.94619271469652,0.0,2,2,B_pure_quant_vr1.5,True
600100,600100.SH,同方股份,IT设备,20240322,7.2,60.11103944891692,60.11103944891692,0.0,3.04,5.0856,8562.6,4.255319148936162,sideways,BULL_TREND,80.20356618344304,42.553191489361616,85.626,100.0,35.79882463212747,43.333333333333336,80.24000000000001,84.88118666178427,0.0,3,3,B_pure_quant_vr1.5,True
600100,600100.SH,同方股份,IT设备,20240322,7.2,72.37186430699924,64.35960488583866,8.012259421160579,3.04,5.0856,8562.6,4.255319148936162,sideways,BULL_TREND,80.20356618344304,42.553191489361616,85.626,40.0,80.12259421160579,43.333333333333336,80.24000000000001,84.88118666178427,0.0,1,1,A_recovered_proxy_vr1.2,True
603019,603019.SH,中科曙光,IT设备,20240322,54.09,60.07952435448432,52.06726493332374,8.012259421160579,1.44,9.6806,135082.19,4.771126760563369,sideways,BULL_TREND,26.303440583379377,47.711267605633694,100.0,80.0,80.12259421160579,20.0,90.188,45.5,0.0,2,2,A_recovered_proxy_vr1.2,True
2077,002077.SZ,大港股份,半导体,20240322,15.68,57.90321799271327,57.90321799271327,0.0,3.46,9.5414,14851.17,1.4456316781898204,sideways,BULL_TREND,89.5386018931,14.456316781898204,100.0,80.0,32.92803876344079,86.66666666666667,94.228,86.04130613636852,0.0,3,3,A_recovered_proxy_vr1.2,True
600100,600100.SH,同方股份,IT设备,20240322,7.2,64.35960488583866,64.35960488583866,0.0,3.04,5.0856,8562.6,4.255319148936162,sideways,BULL_TREND,80.20356618344304,42.553191489361616,85.626,40.0,80.12259421160579,43.333333333333336,80.24000000000001,84.88118666178427,0.0,1,1,D_pure_quant_vr1.2,True
2077,002077.SZ,大港股份,半导体,20240322,15.68,57.90321799271327,57.90321799271327,0.0,3.46,9.5414,14851.17,1.4456316781898204,sideways,BULL_TREND,89.5386018931,14.456316781898204,100.0,80.0,32.92803876344079,86.66666666666667,94.228,86.04130613636852,0.0,2,2,D_pure_quant_vr1.2,True
670,000670.SZ,盈方微,元器件,20240322,6.16,57.72975123059323,57.72975123059323,0.0,2.35,8.0597,5709.11,8.469539375928681,sideways,BULL_TREND,61.63303783951375,100.0,57.0911,65.0,30.919562978688603,96.66666666666669,53.158,37.94619271469652,0.0,3,3,D_pure_quant_vr1.2,True
670,000670.SZ,盈方微,元器件,20240322,6.16,53.09181678378994,53.09181678378994,0.0,2.35,8.0597,5709.11,8.469539375928681,sideways,BULL_TREND,61.63303783951375,100.0,57.0911,65.0,30.919562978688603,96.66666666666669,53.158,37.94619271469652,0.0,1,1,E_ablate_sector_vr1.2,True
2077,002077.SZ,大港股份,半导体,20240322,15.68,52.96401217819716,52.96401217819716,0.0,3.46,9.5414,14851.17,1.4456316781898204,sideways,BULL_TREND,89.5386018931,14.456316781898204,100.0,80.0,32.92803876344079,86.66666666666667,94.228,86.04130613636852,0.0,2,2,E_ablate_sector_vr1.2,True
600100,600100.SH,同方股份,IT设备,20240322,7.2,52.3412157540978,52.3412157540978,0.0,3.04,5.0856,8562.6,4.255319148936162,sideways,BULL_TREND,80.20356618344304,42.553191489361616,85.626,40.0,80.12259421160579,43.333333333333336,80.24000000000001,84.88118666178427,0.0,3,3,E_ablate_sector_vr1.2,True
600100,600100.SH,同方股份,IT设备,20240322,7.2,54.08448488583867,54.08448488583867,0.0,3.04,5.0856,8562.6,4.255319148936162,sideways,BULL_TREND,80.20356618344304,42.553191489361616,85.626,40.0,80.12259421160579,43.333333333333336,80.24000000000001,84.88118666178427,0.0,1,1,E_ablate_inflow_vr1.2,True
670,000670.SZ,盈方微,元器件,20240322,6.16,50.50969906958201,50.50969906958201,0.0,2.35,8.0597,5709.11,8.469539375928681,sideways,BULL_TREND,61.63303783951375,100.0,57.0911,65.0,28.458761905280493,96.66666666666669,53.158,37.94619271469652,0.0,2,2,E_ablate_inflow_vr1.2,True
605011,605011.SH,杭州热电,供气供热,20240322,23.85,48.7912320347667,48.7912320347667,0.0,1.76,7.328,3084.89,9.453302961275622,sideways,BULL_TREND,40.77877144312863,100.0,30.8489,100.0,31.48121125830424,63.33333333333333,79.74,45.323783015550816,0.0,3,3,E_ablate_inflow_vr1.2,True
600100,600100.SH,同方股份,IT设备,20240322,7.2,54.17386248642456,54.17386248642456,0.0,3.04,5.0856,8562.6,4.255319148936162,sideways,BULL_TREND,80.20356618344304,42.553191489361616,85.626,40.0,80.12259421160579,43.333333333333336,80.24000000000001,84.88118666178427,0.0,1,1,E_ablate_wyckoff_vr1.2,True
670,000670.SZ,盈方微,元器件,20240322,6.16,53.17620810482965,53.17620810482965,0.0,2.35,8.0597,5709.11,8.469539375928681,sideways,BULL_TREND,61.63303783951375,100.0,57.0911,65.0,30.919562978688603,96.66666666666669,53.158,37.94619271469652,0.0,2,2,E_ablate_wyckoff_vr1.2,True
2077,002077.SZ,大港股份,半导体,20240322,15.68,47.57826125634905,47.57826125634905,0.0,3.46,9.5414,14851.17,1.4456316781898204,sideways,BULL_TREND,89.5386018931,14.456316781898204,100.0,80.0,32.92803876344079,86.66666666666667,94.228,86.04130613636852,0.0,3,3,E_ablate_wyckoff_vr1.2,True
600100,600100.SH,同方股份,IT设备,20240322,7.2,64.35960488583866,64.35960488583866,0.0,3.04,5.0856,8562.6,4.255319148936162,sideways,BULL_TREND,80.20356618344304,42.553191489361616,85.626,40.0,80.12259421160579,43.333333333333336,80.24000000000001,84.88118666178427,0.0,1,1,E_ablate_accel_vr1.2,True
2077,002077.SZ,大港股份,半导体,20240322,15.68,57.90321799271327,57.90321799271327,0.0,3.46,9.5414,14851.17,1.4456316781898204,sideways,BULL_TREND,89.5386018931,14.456316781898204,100.0,80.0,32.92803876344079,86.66666666666667,94.228,86.04130613636852,0.0,2,2,E_ablate_accel_vr1.2,True
670,000670.SZ,盈方微,元器件,20240322,6.16,57.72975123059323,57.72975123059323,0.0,2.35,8.0597,5709.11,8.469539375928681,sideways,BULL_TREND,61.63303783951375,100.0,57.0911,65.0,30.919562978688603,96.66666666666669,53.158,37.94619271469652,0.0,3,3,E_ablate_accel_vr1.2,True
1269,001269.SZ,欧晶科技,矿物制品,20240325,49.27,53.90424616649178,53.90424616649178,0.0,1.69,8.7896,5833.2,8.351934523809515,bear,BULL_TREND,37.851162325372975,100.0,58.332,60.0,53.261264782196335,33.33333333333333,0.0,46.01078392428008,0.0,1,1,A_recovered_proxy_vr1.5,True
1269,001269.SZ,欧晶科技,矿物制品,20240325,49.27,53.90424616649178,53.90424616649178,0.0,1.69,8.7896,5833.2,8.351934523809515,bear,BULL_TREND,37.851162325372975,100.0,58.332,60.0,53.261264782196335,33.33333333333333,0.0,46.01078392428008,0.0,1,1,B_pure_quant_vr1.5,True
1269,001269.SZ,欧晶科技,矿物制品,20240325,49.27,53.90424616649178,53.90424616649178,0.0,1.69,8.7896,5833.2,8.351934523809515,bear,BULL_TREND,37.851162325372975,100.0,58.332,60.0,53.261264782196335,33.33333333333333,0.0,46.01078392428008,0.0,1,1,A_recovered_proxy_vr1.2,True
1269,001269.SZ,欧晶科技,矿物制品,20240325,49.27,53.90424616649178,53.90424616649178,0.0,1.69,8.7896,5833.2,8.351934523809515,bear,BULL_TREND,37.851162325372975,100.0,58.332,60.0,53.261264782196335,33.33333333333333,0.0,46.01078392428008,0.0,1,1,D_pure_quant_vr1.2,True
1269,001269.SZ,欧晶科技,矿物制品,20240325,49.27,45.91505644916233,45.91505644916233,0.0,1.69,8.7896,5833.2,8.351934523809515,bear,BULL_TREND,37.851162325372975,100.0,58.332,60.0,53.261264782196335,33.33333333333333,0.0,46.01078392428008,0.0,1,1,E_ablate_sector_vr1.2,True
1269,001269.SZ,欧晶科技,矿物制品,20240325,49.27,48.38295209557817,48.38295209557817,0.0,1.69,8.7896,5833.2,8.351934523809515,bear,BULL_TREND,37.851162325372975,100.0,58.332,60.0,53.261264782196335,33.33333333333333,0.0,46.01078392428008,0.0,1,1,E_ablate_wyckoff_vr1.2,True
1269,001269.SZ,欧晶科技,矿物制品,20240325,49.27,53.90424616649178,53.90424616649178,0.0,1.69,8.7896,5833.2,8.351934523809515,bear,BULL_TREND,37.851162325372975,100.0,58.332,60.0,53.261264782196335,33.33333333333333,0.0,46.01078392428008,0.0,1,1,E_ablate_accel_vr1.2,True
600973,600973.SH,宝胜股份,电气设备,20240326,4.5,59.30439988678887,59.30439988678887,0.0,2.21,6.8472,4539.76,9.638554216867478,sideways,BULL_TREND,57.20231848083535,100.0,45.3976,100.0,46.90767764586018,0.0,0.0,68.63355145105058,0.0,1,1,A_recovered_proxy_vr1.5,True
14,000014.SZ,沙河股份,全国地产,20240326,12.29,52.19002624307068,45.760844892592125,6.429181350478553,2.06,9.4076,3099.59,3.984375000000013,sideways,BULL_TREND,52.132216870424685,39.84375000000012,30.9959,60.0,64.29181350478552,63.33333333333333,0.0,70.80154573928476,0.0,2,2,A_recovered_proxy_vr1.5,True
600973,600973.SH,宝胜股份,电气设备,20240326,4.5,59.30439988678887,59.30439988678887,0.0,2.21,6.8472,4539.76,9.638554216867478,sideways,BULL_TREND,57.20231848083535,100.0,45.3976,100.0,46.90767764586018,0.0,0.0,68.63355145105058,0.0,1,1,B_pure_quant_vr1.5,True
14,000014.SZ,沙河股份,全国地产,20240326,12.29,45.760844892592125,45.760844892592125,0.0,2.06,9.4076,3099.59,3.984375000000013,sideways,BULL_TREND,52.132216870424685,39.84375000000012,30.9959,60.0,64.29181350478552,63.33333333333333,0.0,70.80154573928476,0.0,2,2,B_pure_quant_vr1.5,True
600973,600973.SH,宝胜股份,电气设备,20240326,4.5,59.30439988678887,59.30439988678887,0.0,2.21,6.8472,4539.76,9.638554216867478,sideways,BULL_TREND,57.20231848083535,100.0,45.3976,100.0,46.90767764586018,0.0,0.0,68.63355145105058,0.0,1,1,A_recovered_proxy_vr1.2,True
14,000014.SZ,沙河股份,全国地产,20240326,12.29,45.760844892592125,45.760844892592125,0.0,2.06,9.4076,3099.59,3.984375000000013,sideways,BULL_TREND,52.132216870424685,39.84375000000012,30.9959,60.0,64.29181350478552,63.33333333333333,0.0,70.80154573928476,0.0,2,2,A_recovered_proxy_vr1.2,True
600973,600973.SH,宝胜股份,电气设备,20240326,4.5,59.30439988678887,59.30439988678887,0.0,2.21,6.8472,4539.76,9.638554216867478,sideways,BULL_TREND,57.20231848083535,100.0,45.3976,100.0,46.90767764586018,0.0,0.0,68.63355145105058,0.0,1,1,D_pure_quant_vr1.2,True
14,000014.SZ,沙河股份,全国地产,20240326,12.29,45.760844892592125,45.760844892592125,0.0,2.06,9.4076,3099.59,3.984375000000013,sideways,BULL_TREND,52.132216870424685,39.84375000000012,30.9959,60.0,64.29181350478552,63.33333333333333,0.0,70.80154573928476,0.0,2,2,D_pure_quant_vr1.2,True
600973,600973.SH,宝胜股份,电气设备,20240326,4.5,52.268248239909845,52.268248239909845,0.0,2.21,6.8472,4539.76,9.638554216867478,sideways,BULL_TREND,57.20231848083535,100.0,45.3976,100.0,46.90767764586018,0.0,0.0,68.63355145105058,0.0,1,1,E_ablate_sector_vr1.2,True
600973,600973.SH,宝胜股份,电气设备,20240326,4.5,54.26345111400896,54.26345111400896,0.0,2.21,6.8472,4539.76,9.638554216867478,sideways,BULL_TREND,57.20231848083535,100.0,45.3976,100.0,49.61943249399408,0.0,0.0,68.63355145105058,0.0,1,1,E_ablate_inflow_vr1.2,True
600973,600973.SH,宝胜股份,电气设备,20240326,4.5,51.068373712662805,51.068373712662805,0.0,2.21,6.8472,4539.76,9.638554216867478,sideways,BULL_TREND,57.20231848083535,100.0,45.3976,100.0,46.90767764586018,0.0,0.0,68.63355145105058,0.0,1,1,E_ablate_wyckoff_vr1.2,True
600973,600973.SH,宝胜股份,电气设备,20240326,4.5,59.30439988678887,59.30439988678887,0.0,2.21,6.8472,4539.76,9.638554216867478,sideways,BULL_TREND,57.20231848083535,100.0,45.3976,100.0,46.90767764586018,0.0,0.0,68.63355145105058,0.0,1,1,E_ablate_accel_vr1.2,True
14,000014.SZ,沙河股份,全国地产,20240326,12.29,45.760844892592125,45.760844892592125,0.0,2.06,9.4076,3099.59,3.984375000000013,sideways,BULL_TREND,52.132216870424685,39.84375000000012,30.9959,60.0,64.29181350478552,63.33333333333333,0.0,70.80154573928476,0.0,2,2,E_ablate_accel_vr1.2,True
603508,603508.SH,思维列控,IT设备,20240327,21.18,69.82663718934248,62.42255393894261,7.404083250399868,1.65,6.0467,8880.02,11.71321383909962,bear,BULL_TREND,36.12330122355455,100.0,88.8002,100.0,74.04083250399867,63.33333333333333,100.0,20.38843439578453,0.0,1,1,A_recovered_proxy_vr1.5,True
605111,605111.SH,新洁能,半导体,20240327,38.17,58.27064434500102,52.66379094459581,5.606853400405206,1.71,7.3331,9349.01,6.170108161258598,bear,BULL_TREND,38.69981625555866,69.5018026876433,93.4901,100.0,56.06853400405205,10.0,75.818,22.965022304029752,0.0,2,2,A_recovered_proxy_vr1.5,True
2232,002232.SZ,启明信息,软件服务,20240327,15.25,45.97395139007104,45.97395139007104,0.0,1.81,8.2852,2057.56,5.747836835599504,bear,BULL_TREND,42.799484865424034,62.46394725999173,20.5756,60.0,55.03699178706264,33.33333333333333,100.0,50.20590739794595,0.0,3,3,A_recovered_proxy_vr1.5,True
603508,603508.SH,思维列控,IT设备,20240327,21.18,62.42255393894261,62.42255393894261,0.0,1.65,6.0467,8880.02,11.71321383909962,bear,BULL_TREND,36.12330122355455,100.0,88.8002,100.0,74.04083250399867,63.33333333333333,100.0,20.38843439578453,0.0,1,1,B_pure_quant_vr1.5,True
605111,605111.SH,新洁能,半导体,20240327,38.17,52.66379094459581,52.66379094459581,0.0,1.71,7.3331,9349.01,6.170108161258598,bear,BULL_TREND,38.69981625555866,69.5018026876433,93.4901,100.0,56.06853400405205,10.0,75.818,22.965022304029752,0.0,2,2,B_pure_quant_vr1.5,True
2232,002232.SZ,启明信息,软件服务,20240327,15.25,45.97395139007104,45.97395139007104,0.0,1.81,8.2852,2057.56,5.747836835599504,bear,BULL_TREND,42.799484865424034,62.46394725999173,20.5756,60.0,55.03699178706264,33.33333333333333,100.0,50.20590739794595,0.0,3,3,B_pure_quant_vr1.5,True
603508,603508.SH,思维列控,IT设备,20240327,21.18,69.64915985767487,62.31606753994205,7.333092317732827,1.65,6.0467,8880.02,11.71321383909962,bear,BULL_TREND,36.12330122355455,100.0,88.8002,100.0,73.33092317732827,63.33333333333333,100.0,20.38843439578453,0.0,1,1,A_recovered_proxy_vr1.2,True
605111,605111.SH,新洁能,半导体,20240327,38.17,52.551680565438986,52.551680565438986,0.0,1.71,7.3331,9349.01,6.170108161258598,bear,BULL_TREND,38.69981625555866,69.5018026876433,93.4901,100.0,55.32113147633986,10.0,75.818,22.965022304029752,0.0,2,2,A_recovered_proxy_vr1.2,True
2232,002232.SZ,启明信息,软件服务,20240327,15.25,45.949277779524266,45.949277779524266,0.0,1.81,8.2852,2057.56,5.747836835599504,bear,BULL_TREND,42.799484865424034,62.46394725999173,20.5756,60.0,54.872501050084125,33.33333333333333,100.0,50.20590739794595,0.0,3,3,A_recovered_proxy_vr1.2,True
603508,603508.SH,思维列控,IT设备,20240327,21.18,62.31606753994205,62.31606753994205,0.0,1.65,6.0467,8880.02,11.71321383909962,bear,BULL_TREND,36.12330122355455,100.0,88.8002,100.0,73.33092317732827,63.33333333333333,100.0,20.38843439578453,0.0,1,1,D_pure_quant_vr1.2,True
605111,605111.SH,新洁能,半导体,20240327,38.17,52.551680565438986,52.551680565438986,0.0,1.71,7.3331,9349.01,6.170108161258598,bear,BULL_TREND,38.69981625555866,69.5018026876433,93.4901,100.0,55.32113147633986,10.0,75.818,22.965022304029752,0.0,2,2,D_pure_quant_vr1.2,True
2232,002232.SZ,启明信息,软件服务,20240327,15.25,45.949277779524266,45.949277779524266,0.0,1.81,8.2852,2057.56,5.747836835599504,bear,BULL_TREND,42.799484865424034,62.46394725999173,20.5756,60.0,54.872501050084125,33.33333333333333,100.0,50.20590739794595,0.0,3,3,D_pure_quant_vr1.2,True
603508,603508.SH,思维列控,IT设备,20240327,21.18,51.31642906334281,51.31642906334281,0.0,1.65,6.0467,8880.02,11.71321383909962,bear,BULL_TREND,36.12330122355455,100.0,88.8002,100.0,73.33092317732827,63.33333333333333,100.0,20.38843439578453,0.0,1,1,E_ablate_sector_vr1.2,True
603508,603508.SH,思维列控,IT设备,20240327,21.18,50.60839968782852,50.60839968782852,0.0,1.65,6.0467,8880.02,11.71321383909962,bear,BULL_TREND,36.12330122355455,100.0,88.8002,100.0,66.31996416323811,63.33333333333333,100.0,20.38843439578453,0.0,1,1,E_ablate_inflow_vr1.2,True
603508,603508.SH,思维列控,IT设备,20240327,21.18,59.86945541244791,59.86945541244791,0.0,1.65,6.0467,8880.02,11.71321383909962,bear,BULL_TREND,36.12330122355455,100.0,88.8002,100.0,73.33092317732827,63.33333333333333,100.0,20.38843439578453,0.0,1,1,E_ablate_wyckoff_vr1.2,True
605111,605111.SH,新洁能,半导体,20240327,38.17,49.79587788895541,49.79587788895541,0.0,1.71,7.3331,9349.01,6.170108161258598,bear,BULL_TREND,38.69981625555866,69.5018026876433,93.4901,100.0,55.32113147633986,10.0,75.818,22.965022304029752,0.0,2,2,E_ablate_wyckoff_vr1.2,True
603508,603508.SH,思维列控,IT设备,20240327,21.18,62.31606753994205,62.31606753994205,0.0,1.65,6.0467,8880.02,11.71321383909962,bear,BULL_TREND,36.12330122355455,100.0,88.8002,100.0,73.33092317732827,63.33333333333333,100.0,20.38843439578453,0.0,1,1,E_ablate_accel_vr1.2,True
605111,605111.SH,新洁能,半导体,20240327,38.17,52.551680565438986,52.551680565438986,0.0,1.71,7.3331,9349.01,6.170108161258598,bear,BULL_TREND,38.69981625555866,69.5018026876433,93.4901,100.0,55.32113147633986,10.0,75.818,22.965022304029752,0.0,2,2,E_ablate_accel_vr1.2,True
2232,002232.SZ,启明信息,软件服务,20240327,15.25,45.949277779524266,45.949277779524266,0.0,1.81,8.2852,2057.56,5.747836835599504,bear,BULL_TREND,42.799484865424034,62.46394725999173,20.5756,60.0,54.872501050084125,33.33333333333333,100.0,50.20590739794595,0.0,3,3,E_ablate_accel_vr1.2,True
2984,002984.SZ,森麒麟,汽车配件,20240328,31.59,59.910642716801895,50.78594058061751,9.124702136184393,1.51,3.7931,9799.54,3.541984732824428,bear,BULL_TREND,29.727427477517708,35.41984732824427,97.9954,65.0,91.2470213618439,30.0,0.0,65.05865765894401,0.0,1,1,A_recovered_proxy_vr1.5,True
600106,600106.SH,重庆路桥,路桥,20240328,6.2,53.4823365997178,45.46897765019176,8.01335894952604,1.61,4.5046,7268.27,3.1250000000000027,bear,BULL_TREND,34.35303441699462,31.25000000000003,72.68270000000001,80.0,80.1335894952604,10.0,0.0,57.4528971180323,0.0,2,2,A_recovered_proxy_vr1.5,True
2984,002984.SZ,森麒麟,汽车配件,20240328,31.59,50.78594058061751,50.78594058061751,0.0,1.51,3.7931,9799.54,3.541984732824428,bear,BULL_TREND,29.727427477517708,35.41984732824427,97.9954,65.0,91.2470213618439,30.0,0.0,65.05865765894401,0.0,1,1,B_pure_quant_vr1.5,True
600106,600106.SH,重庆路桥,路桥,20240328,6.2,45.46897765019176,45.46897765019176,0.0,1.61,4.5046,7268.27,3.1250000000000027,bear,BULL_TREND,34.35303441699462,31.25000000000003,72.68270000000001,80.0,80.1335894952604,10.0,0.0,57.4528971180323,0.0,2,2,B_pure_quant_vr1.5,True
63,000063.SZ,中兴通讯,通信设备,20240328,27.45,72.05252548402856,62.05252548402856,10.0,1.31,3.6889,37635.97,12.01923076923077,bear,BULL_TREND,19.47834058813628,100.0,100.0,80.0,100.0,30.0,0.0,41.39408795532152,0.0,1,1,A_recovered_proxy_vr1.2,True
2155,002155.SZ,湖南黄金,黄金,20240328,12.86,49.82779359824277,44.2949916075596,5.532801990683169,1.46,3.2892,8463.56,4.599406528189919,bear,BULL_TREND,27.298418455264624,45.99406528189919,84.6356,80.0,55.32801990683169,63.33333333333333,0.0,43.73752943910118,0.0,2,2,A_recovered_proxy_vr1.2,True
63,000063.SZ,中兴通讯,通信设备,20240328,27.45,62.05252548402856,62.05252548402856,0.0,1.31,3.6889,37635.97,12.01923076923077,bear,BULL_TREND,19.47834058813628,100.0,100.0,80.0,100.0,30.0,0.0,41.39408795532152,0.0,1,1,D_pure_quant_vr1.2,True
63,000063.SZ,中兴通讯,通信设备,20240328,27.45,47.05252548402856,47.05252548402856,0.0,1.31,3.6889,37635.97,12.01923076923077,bear,BULL_TREND,19.47834058813628,100.0,100.0,80.0,100.0,30.0,0.0,41.39408795532152,0.0,1,1,E_ablate_sector_vr1.2,True
63,000063.SZ,中兴通讯,通信设备,20240328,27.45,47.216365512819785,47.216365512819785,0.0,1.31,3.6889,37635.97,12.01923076923077,bear,BULL_TREND,19.47834058813628,100.0,100.0,80.0,81.09226685860813,30.0,0.0,41.39408795532152,0.0,1,1,E_ablate_inflow_vr1.2,True
63,000063.SZ,中兴通讯,通信设备,20240328,27.45,57.08523492938998,57.08523492938998,0.0,1.31,3.6889,37635.97,12.01923076923077,bear,BULL_TREND,19.47834058813628,100.0,100.0,80.0,100.0,30.0,0.0,41.39408795532152,0.0,1,1,E_ablate_wyckoff_vr1.2,True
63,000063.SZ,中兴通讯,通信设备,20240328,27.45,62.05252548402856,62.05252548402856,0.0,1.31,3.6889,37635.97,12.01923076923077,bear,BULL_TREND,19.47834058813628,100.0,100.0,80.0,100.0,30.0,0.0,41.39408795532152,0.0,1,1,E_ablate_accel_vr1.2,True
601901,601901.SH,方正证券,证券,20240329,8.18,62.813916616181125,53.13022549806127,9.683691118119851,1.74,3.3404,28168.93,4.215456674473062,sideways,BULL_TREND,39.95436530370018,42.15456674473062,100.0,80.0,96.8369111811985,33.33333333333333,0.0,38.95047586300044,0.0,1,1,A_recovered_proxy_vr1.5,True
600072,600072.SH,中船科技,电气设备,20240329,16.4,61.30195872646721,54.90858460018038,6.3933741262868296,1.77,3.3167,3528.03,9.342177998894424,sideways,BULL_TREND,41.18746801541364,100.0,35.280300000000004,80.0,63.933741262868296,30.0,0.0,51.863703727992814,0.0,2,2,A_recovered_proxy_vr1.5,True
603191,603191.SH,望变电气,电气设备,20240329,18.62,58.75887509135079,52.36550096506396,6.3933741262868296,1.84,9.4798,8302.39,5.769230769230772,sideways,BULL_TREND,43.98528831411441,62.82051282051286,83.0239,60.0,63.933741262868296,66.66666666666666,0.0,46.51635160568652,0.0,3,3,A_recovered_proxy_vr1.5,True
600072,600072.SH,中船科技,电气设备,20240329,16.4,54.90858460018038,54.90858460018038,0.0,1.77,3.3167,3528.03,9.342177998894424,sideways,BULL_TREND,41.18746801541364,100.0,35.280300000000004,80.0,63.933741262868296,30.0,0.0,51.863703727992814,0.0,1,1,B_pure_quant_vr1.5,True
601901,601901.SH,方正证券,证券,20240329,8.18,53.13022549806127,53.13022549806127,0.0,1.74,3.3404,28168.93,4.215456674473062,sideways,BULL_TREND,39.95436530370018,42.15456674473062,100.0,80.0,96.8369111811985,33.33333333333333,0.0,38.95047586300044,0.0,2,2,B_pure_quant_vr1.5,True
603191,603191.SH,望变电气,电气设备,20240329,18.62,52.36550096506396,52.36550096506396,0.0,1.84,9.4798,8302.39,5.769230769230772,sideways,BULL_TREND,43.98528831411441,62.82051282051286,83.0239,60.0,63.933741262868296,66.66666666666666,0.0,46.51635160568652,0.0,3,3,B_pure_quant_vr1.5,True
601901,601901.SH,方正证券,证券,20240329,8.18,63.23244704550161,53.38134375565356,9.851103289848048,1.74,3.3404,28168.93,4.215456674473062,sideways,BULL_TREND,39.95436530370018,42.15456674473062,100.0,80.0,98.51103289848048,33.33333333333333,0.0,38.95047586300044,0.0,1,1,A_recovered_proxy_vr1.2,True
600072,600072.SH,中船科技,电气设备,20240329,16.4,61.68561919615484,55.13878088199296,6.546838314161881,1.77,3.3167,3528.03,9.342177998894424,sideways,BULL_TREND,41.18746801541364,100.0,35.280300000000004,80.0,65.4683831416188,30.0,0.0,51.863703727992814,0.0,2,2,A_recovered_proxy_vr1.2,True
603191,603191.SH,望变电气,电气设备,20240329,18.62,59.142535561038414,52.59569724687653,6.546838314161881,1.84,9.4798,8302.39,5.769230769230772,sideways,BULL_TREND,43.98528831411441,62.82051282051286,83.0239,60.0,65.4683831416188,66.66666666666666,0.0,46.51635160568652,0.0,3,3,A_recovered_proxy_vr1.2,True
600072,600072.SH,中船科技,电气设备,20240329,16.4,55.13878088199296,55.13878088199296,0.0,1.77,3.3167,3528.03,9.342177998894424,sideways,BULL_TREND,41.18746801541364,100.0,35.280300000000004,80.0,65.4683831416188,30.0,0.0,51.863703727992814,0.0,1,1,D_pure_quant_vr1.2,True
601901,601901.SH,方正证券,证券,20240329,8.18,53.38134375565356,53.38134375565356,0.0,1.74,3.3404,28168.93,4.215456674473062,sideways,BULL_TREND,39.95436530370018,42.15456674473062,100.0,80.0,98.51103289848048,33.33333333333333,0.0,38.95047586300044,0.0,2,2,D_pure_quant_vr1.2,True
603191,603191.SH,望变电气,电气设备,20240329,18.62,52.59569724687653,52.59569724687653,0.0,1.84,9.4798,8302.39,5.769230769230772,sideways,BULL_TREND,43.98528831411441,62.82051282051286,83.0239,60.0,65.4683831416188,66.66666666666666,0.0,46.51635160568652,0.0,3,3,D_pure_quant_vr1.2,True
600072,600072.SH,中船科技,电气设备,20240329,16.4,45.31852341075014,45.31852341075014,0.0,1.77,3.3167,3528.03,9.342177998894424,sideways,BULL_TREND,41.18746801541364,100.0,35.280300000000004,80.0,65.4683831416188,30.0,0.0,51.863703727992814,0.0,1,1,E_ablate_sector_vr1.2,True
541,000541.SZ,佛山照明,家用电器,20240329,5.73,61.20933410247774,61.20933410247774,0.0,4.18,4.6388,-129.15,4.658901830282852,sideways,BULL_TREND,100.0,46.589018302828514,0.0,80.0,50.0,0.0,0.0,85.49791729879558,100.0,1,1,E_ablate_inflow_vr1.2,True
600072,600072.SH,中船科技,电气设备,20240329,16.4,50.63509699043734,50.63509699043734,0.0,1.77,3.3167,3528.03,9.342177998894424,sideways,BULL_TREND,41.18746801541364,100.0,35.280300000000004,80.0,63.66806386458134,30.0,0.0,51.863703727992814,0.0,2,2,E_ablate_inflow_vr1.2,True
2579,002579.SZ,中京电子,元器件,20240329,8.16,46.96242452343961,46.96242452343961,0.0,1.95,7.5905,-4926.53,10.329670329670323,sideways,BULL_TREND,48.1737061987443,100.0,0.0,80.0,24.1499160785424,43.333333333333336,0.0,55.6254590105653,0.0,3,3,E_ablate_inflow_vr1.2,True
600072,600072.SH,中船科技,电气设备,20240329,16.4,48.91513643463382,48.91513643463382,0.0,1.77,3.3167,3528.03,9.342177998894424,sideways,BULL_TREND,41.18746801541364,100.0,35.280300000000004,80.0,65.4683831416188,30.0,0.0,51.863703727992814,0.0,1,1,E_ablate_wyckoff_vr1.2,True
601901,601901.SH,方正证券,证券,20240329,8.18,48.70728665209351,48.70728665209351,0.0,1.74,3.3404,28168.93,4.215456674473062,sideways,BULL_TREND,39.95436530370018,42.15456674473062,100.0,80.0,98.51103289848048,33.33333333333333,0.0,38.95047586300044,0.0,2,2,E_ablate_wyckoff_vr1.2,True
603191,603191.SH,望变电气,电气设备,20240329,18.62,47.01373505419415,47.01373505419415,0.0,1.84,9.4798,8302.39,5.769230769230772,sideways,BULL_TREND,43.98528831411441,62.82051282051286,83.0239,60.0,65.4683831416188,66.66666666666666,0.0,46.51635160568652,0.0,3,3,E_ablate_wyckoff_vr1.2,True
600072,600072.SH,中船科技,电气设备,20240329,16.4,55.13878088199296,55.13878088199296,0.0,1.77,3.3167,3528.03,9.342177998894424,sideways,BULL_TREND,41.18746801541364,100.0,35.280300000000004,80.0,65.4683831416188,30.0,0.0,51.863703727992814,0.0,1,1,E_ablate_accel_vr1.2,True
601901,601901.SH,方正证券,证券,20240329,8.18,53.38134375565356,53.38134375565356,0.0,1.74,3.3404,28168.93,4.215456674473062,sideways,BULL_TREND,39.95436530370018,42.15456674473062,100.0,80.0,98.51103289848048,33.33333333333333,0.0,38.95047586300044,0.0,2,2,E_ablate_accel_vr1.2,True
603191,603191.SH,望变电气,电气设备,20240329,18.62,52.59569724687653,52.59569724687653,0.0,1.84,9.4798,8302.39,5.769230769230772,sideways,BULL_TREND,43.98528831411441,62.82051282051286,83.0239,60.0,65.4683831416188,66.66666666666666,0.0,46.51635160568652,0.0,3,3,E_ablate_accel_vr1.2,True
600988,600988.SH,赤峰黄金,黄金,20240401,17.28,75.75461994999358,68.13071367467852,7.623906275315058,3.03,8.7552,16640.51,1.257142857142851,momentum,BULL_TREND,79.9658896849113,100.0,100.0,60.0,76.23906275315058,10.0,0.0,73.88017671311705,0.0,1,1,A_recovered_proxy_vr1.5,True
2807,002807.SZ,江阴银行,银行,20240401,3.86,69.95234740796256,69.95234740796256,0.0,3.05,3.1597,6411.63,0.0,momentum,BULL_TREND,80.4404621337762,100.0,64.1163,80.0,47.18467514936887,63.33333333333333,0.0,84.59416391355694,100.0,2,2,A_recovered_proxy_vr1.5,True
601061,601061.SH,中信金属,商贸代理,20240401,8.51,69.92522046730979,69.92522046730979,0.0,3.53,11.9687,10315.1,2.742857142857145,momentum,BULL_TREND,90.98340917482275,100.0,100.0,60.0,66.63189124857784,53.333333333333336,0.0,72.8466417470414,0.0,3,3,A_recovered_proxy_vr1.5,True
2807,002807.SZ,江阴银行,银行,20240401,3.86,69.95234740796256,69.95234740796256,0.0,3.05,3.1597,6411.63,0.0,momentum,BULL_TREND,80.4404621337762,100.0,64.1163,80.0,47.18467514936887,63.33333333333333,0.0,84.59416391355694,100.0,1,1,B_pure_quant_vr1.5,True
601061,601061.SH,中信金属,商贸代理,20240401,8.51,69.92522046730979,69.92522046730979,0.0,3.53,11.9687,10315.1,2.742857142857145,momentum,BULL_TREND,90.98340917482275,100.0,100.0,60.0,66.63189124857784,53.333333333333336,0.0,72.8466417470414,0.0,2,2,B_pure_quant_vr1.5,True
600988,600988.SH,赤峰黄金,黄金,20240401,17.28,68.13071367467852,68.13071367467852,0.0,3.03,8.7552,16640.51,1.257142857142851,momentum,BULL_TREND,79.9658896849113,100.0,100.0,60.0,76.23906275315058,10.0,0.0,73.88017671311705,0.0,3,3,B_pure_quant_vr1.5,True
2807,002807.SZ,江阴银行,银行,20240401,3.86,69.76728613227124,69.76728613227124,0.0,3.05,3.1597,6411.63,0.0,momentum,BULL_TREND,80.4404621337762,100.0,64.1163,80.0,46.25936877091226,63.33333333333333,0.0,84.59416391355694,100.0,1,1,A_recovered_proxy_vr1.2,True
601061,601061.SH,中信金属,商贸代理,20240401,8.51,69.6274918764704,69.6274918764704,0.0,3.53,11.9687,10315.1,2.742857142857145,momentum,BULL_TREND,90.98340917482275,100.0,100.0,60.0,65.1432482943809,53.333333333333336,0.0,72.8466417470414,0.0,2,2,A_recovered_proxy_vr1.2,True
600988,600988.SH,赤峰黄金,黄金,20240401,17.28,67.65041240826822,67.65041240826822,0.0,3.03,8.7552,16640.51,1.257142857142851,momentum,BULL_TREND,79.9658896849113,100.0,100.0,60.0,73.83755642109912,10.0,0.0,73.88017671311705,0.0,3,3,A_recovered_proxy_vr1.2,True
2807,002807.SZ,江阴银行,银行,20240401,3.86,69.76728613227124,69.76728613227124,0.0,3.05,3.1597,6411.63,0.0,momentum,BULL_TREND,80.4404621337762,100.0,64.1163,80.0,46.25936877091226,63.33333333333333,0.0,84.59416391355694,100.0,1,1,D_pure_quant_vr1.2,True
601061,601061.SH,中信金属,商贸代理,20240401,8.51,69.6274918764704,69.6274918764704,0.0,3.53,11.9687,10315.1,2.742857142857145,momentum,BULL_TREND,90.98340917482275,100.0,100.0,60.0,65.1432482943809,53.333333333333336,0.0,72.8466417470414,0.0,2,2,D_pure_quant_vr1.2,True
600988,600988.SH,赤峰黄金,黄金,20240401,17.28,67.65041240826822,67.65041240826822,0.0,3.03,8.7552,16640.51,1.257142857142851,momentum,BULL_TREND,79.9658896849113,100.0,100.0,60.0,73.83755642109912,10.0,0.0,73.88017671311705,0.0,3,3,D_pure_quant_vr1.2,True
2807,002807.SZ,江阴银行,银行,20240401,3.86,60.51541237808879,60.51541237808879,0.0,3.05,3.1597,6411.63,0.0,momentum,BULL_TREND,80.4404621337762,100.0,64.1163,80.0,46.25936877091226,63.33333333333333,0.0,84.59416391355694,100.0,1,1,E_ablate_sector_vr1.2,True
601061,601061.SH,中信金属,商贸代理,20240401,8.51,56.59884221759423,56.59884221759423,0.0,3.53,11.9687,10315.1,2.742857142857145,momentum,BULL_TREND,90.98340917482275,100.0,100.0,60.0,65.1432482943809,53.333333333333336,0.0,72.8466417470414,0.0,2,2,E_ablate_sector_vr1.2,True
2274,002274.SZ,华昌化工,农药化肥,20240401,8.14,53.02092625745048,53.02092625745048,0.0,2.75,3.4325,8671.72,0.1226993865030648,momentum,BULL_TREND,72.97158093186486,100.0,86.71719999999999,80.0,53.4907589784793,33.33333333333333,0.0,90.65082451004083,0.0,3,3,E_ablate_sector_vr1.2,True
2807,002807.SZ,江阴银行,银行,20240401,3.86,57.06271045802768,57.06271045802768,0.0,3.05,3.1597,6411.63,0.0,momentum,BULL_TREND,80.4404621337762,100.0,64.1163,80.0,46.85279039969444,63.33333333333333,0.0,84.59416391355694,100.0,1,1,E_ablate_inflow_vr1.2,True
601061,601061.SH,中信金属,商贸代理,20240401,8.51,49.78793514624979,49.78793514624979,0.0,3.53,11.9687,10315.1,2.742857142857145,momentum,BULL_TREND,90.98340917482275,100.0,100.0,60.0,65.9454646432778,53.333333333333336,0.0,72.8466417470414,0.0,2,2,E_ablate_inflow_vr1.2,True
2895,002895.SZ,川恒股份,化工原料,20240401,18.87,49.43603325519896,49.43603325519896,0.0,2.68,3.5597,5054.01,0.5795574288724944,momentum,BULL_TREND,71.11165003415239,100.0,50.5401,65.0,80.70213666219756,33.33333333333333,0.0,77.12191750969927,0.0,3,3,E_ablate_inflow_vr1.2,True
601061,601061.SH,中信金属,商贸代理,20240401,8.51,62.34282770176626,62.34282770176626,0.0,3.53,11.9687,10315.1,2.742857142857145,momentum,BULL_TREND,90.98340917482275,100.0,100.0,60.0,65.1432482943809,53.333333333333336,0.0,72.8466417470414,0.0,1,1,E_ablate_wyckoff_vr1.2,True
2807,002807.SZ,江阴银行,银行,20240401,3.86,61.30786974091555,61.30786974091555,0.0,3.05,3.1597,6411.63,0.0,momentum,BULL_TREND,80.4404621337762,100.0,64.1163,80.0,46.25936877091226,63.33333333333333,0.0,84.59416391355694,100.0,2,2,E_ablate_wyckoff_vr1.2,True
600988,600988.SH,赤峰黄金,黄金,20240401,17.28,60.26239473695652,60.26239473695652,0.0,3.03,8.7552,16640.51,1.257142857142851,momentum,BULL_TREND,79.9658896849113,100.0,100.0,60.0,73.83755642109912,10.0,0.0,73.88017671311705,0.0,3,3,E_ablate_wyckoff_vr1.2,True
601061,601061.SH,中信金属,商贸代理,20240401,8.51,69.6274918764704,69.6274918764704,0.0,3.53,11.9687,10315.1,2.742857142857145,momentum,BULL_TREND,90.98340917482275,100.0,100.0,60.0,65.1432482943809,53.333333333333336,0.0,72.8466417470414,0.0,1,1,E_ablate_accel_vr1.2,True
600988,600988.SH,赤峰黄金,黄金,20240401,17.28,67.65041240826822,67.65041240826822,0.0,3.03,8.7552,16640.51,1.257142857142851,momentum,BULL_TREND,79.9658896849113,100.0,100.0,60.0,73.83755642109912,10.0,0.0,73.88017671311705,0.0,2,2,E_ablate_accel_vr1.2,True
2274,002274.SZ,华昌化工,农药化肥,20240401,8.14,63.71907805314634,63.71907805314634,0.0,2.75,3.4325,8671.72,0.1226993865030648,momentum,BULL_TREND,72.97158093186486,100.0,86.71719999999999,80.0,53.4907589784793,33.33333333333333,0.0,90.65082451004083,0.0,3,3,E_ablate_accel_vr1.2,True
2738,002738.SZ,中矿资源,小金属,20240402,40.19,69.17868481070727,60.89351834155269,8.285166469154575,1.92,4.2174,10973.22,3.156626506024102,weak_momentum,BULL_TREND,47.05531554732157,100.0,100.0,65.0,82.85166469154575,53.333333333333336,0.0,36.60536426037285,0.0,1,1,A_recovered_proxy_vr1.5,True
762,000762.SZ,西藏矿业,小金属,20240402,23.84,66.54007353634718,58.254907067192605,8.285166469154575,2.41,6.9305,6445.8,4.754294846184584,weak_momentum,BULL_TREND,63.45165732276185,100.0,64.458,80.0,82.85166469154575,20.0,0.0,51.37979176697641,0.0,2,2,A_recovered_proxy_vr1.5,True
2460,002460.SZ,赣锋锂业,小金属,20240402,39.62,64.2115291701422,55.92636270098763,8.285166469154575,1.59,3.0958,15178.72,4.759615384615394,weak_momentum,BULL_TREND,33.45133827548153,100.0,100.0,40.0,82.85166469154575,10.0,0.0,39.87274837289026,0.0,3,3,A_recovered_proxy_vr1.5,True
2738,002738.SZ,中矿资源,小金属,20240402,40.19,60.89351834155269,60.89351834155269,0.0,1.92,4.2174,10973.22,3.156626506024102,weak_momentum,BULL_TREND,47.05531554732157,100.0,100.0,65.0,82.85166469154575,53.333333333333336,0.0,36.60536426037285,0.0,1,1,B_pure_quant_vr1.5,True
762,000762.SZ,西藏矿业,小金属,20240402,23.84,58.254907067192605,58.254907067192605,0.0,2.41,6.9305,6445.8,4.754294846184584,weak_momentum,BULL_TREND,63.45165732276185,100.0,64.458,80.0,82.85166469154575,20.0,0.0,51.37979176697641,0.0,2,2,B_pure_quant_vr1.5,True
2460,002460.SZ,赣锋锂业,小金属,20240402,39.62,55.92636270098763,55.92636270098763,0.0,1.59,3.0958,15178.72,4.759615384615394,weak_momentum,BULL_TREND,33.45133827548153,100.0,100.0,40.0,82.85166469154575,10.0,0.0,39.87274837289026,0.0,3,3,B_pure_quant_vr1.5,True
2738,002738.SZ,中矿资源,小金属,20240402,40.19,68.61408282862993,60.55475715230629,8.059325676323644,1.92,4.2174,10973.22,3.156626506024102,weak_momentum,BULL_TREND,47.05531554732157,100.0,100.0,65.0,80.59325676323643,53.333333333333336,0.0,36.60536426037285,0.0,1,1,A_recovered_proxy_vr1.2,True
762,000762.SZ,西藏矿业,小金属,20240402,23.84,65.97547155426984,57.9161458779462,8.059325676323644,2.41,6.9305,6445.8,4.754294846184584,weak_momentum,BULL_TREND,63.45165732276185,100.0,64.458,80.0,80.59325676323643,20.0,0.0,51.37979176697641,0.0,2,2,A_recovered_proxy_vr1.2,True
2460,002460.SZ,赣锋锂业,小金属,20240402,39.62,63.64692718806488,55.587601511741234,8.059325676323644,1.59,3.0958,15178.72,4.759615384615394,weak_momentum,BULL_TREND,33.45133827548153,100.0,100.0,40.0,80.59325676323643,10.0,0.0,39.87274837289026,0.0,3,3,A_recovered_proxy_vr1.2,True
2738,002738.SZ,中矿资源,小金属,20240402,40.19,60.55475715230629,60.55475715230629,0.0,1.92,4.2174,10973.22,3.156626506024102,weak_momentum,BULL_TREND,47.05531554732157,100.0,100.0,65.0,80.59325676323643,53.333333333333336,0.0,36.60536426037285,0.0,1,1,D_pure_quant_vr1.2,True
762,000762.SZ,西藏矿业,小金属,20240402,23.84,57.9161458779462,57.9161458779462,0.0,2.41,6.9305,6445.8,4.754294846184584,weak_momentum,BULL_TREND,63.45165732276185,100.0,64.458,80.0,80.59325676323643,20.0,0.0,51.37979176697641,0.0,2,2,D_pure_quant_vr1.2,True
2460,002460.SZ,赣锋锂业,小金属,20240402,39.62,55.587601511741234,55.587601511741234,0.0,1.59,3.0958,15178.72,4.759615384615394,weak_momentum,BULL_TREND,33.45133827548153,100.0,100.0,40.0,80.59325676323643,10.0,0.0,39.87274837289026,0.0,3,3,D_pure_quant_vr1.2,True
2738,002738.SZ,中矿资源,小金属,20240402,40.19,48.46576863782083,48.46576863782083,0.0,1.92,4.2174,10973.22,3.156626506024102,weak_momentum,BULL_TREND,47.05531554732157,100.0,100.0,65.0,80.59325676323643,53.333333333333336,0.0,36.60536426037285,0.0,1,1,E_ablate_sector_vr1.2,True
2602,002602.SZ,世纪华通,互联网,20240402,5.07,46.36982327542589,46.36982327542589,0.0,2.22,3.7456,14255.7,5.936920222634497,weak_momentum,BULL_TREND,57.52798382876907,100.0,100.0,80.0,61.170181336135855,33.33333333333333,0.0,13.826393562959083,0.0,2,2,E_ablate_sector_vr1.2,True
762,000762.SZ,西藏矿业,小金属,20240402,23.84,45.82715736346074,45.82715736346074,0.0,2.41,6.9305,6445.8,4.754294846184584,weak_momentum,BULL_TREND,63.45165732276185,100.0,64.458,80.0,80.59325676323643,20.0,0.0,51.37979176697641,0.0,3,3,E_ablate_sector_vr1.2,True
605011,605011.SH,杭州热电,供气供热,20240402,24.12,45.91275164333346,45.91275164333346,0.0,2.72,8.684,2886.38,8.428246013667422,weak_momentum,BULL_TREND,72.18033257378073,100.0,28.8638,60.0,45.88017885177308,43.333333333333336,0.0,73.58005508555813,0.0,1,1,E_ablate_inflow_vr1.2,True
762,000762.SZ,西藏矿业,小金属,20240402,23.84,45.90150997152352,45.90150997152352,0.0,2.41,6.9305,6445.8,4.754294846184584,weak_momentum,BULL_TREND,63.45165732276185,100.0,64.458,80.0,77.84528405375187,20.0,0.0,51.37979176697641,0.0,2,2,E_ablate_inflow_vr1.2,True
2738,002738.SZ,中矿资源,小金属,20240402,40.19,55.06395251325036,55.06395251325036,0.0,1.92,4.2174,10973.22,3.156626506024102,weak_momentum,BULL_TREND,47.05531554732157,100.0,100.0,65.0,80.59325676323643,53.333333333333336,0.0,36.60536426037285,0.0,1,1,E_ablate_wyckoff_vr1.2,True
2602,002602.SZ,世纪华通,互联网,20240402,5.07,53.4713914414024,53.4713914414024,0.0,2.22,3.7456,14255.7,5.936920222634497,weak_momentum,BULL_TREND,57.52798382876907,100.0,100.0,80.0,61.170181336135855,33.33333333333333,0.0,13.826393562959083,0.0,2,2,E_ablate_wyckoff_vr1.2,True
762,000762.SZ,西藏矿业,小金属,20240402,23.84,50.20917711289974,50.20917711289974,0.0,2.41,6.9305,6445.8,4.754294846184584,weak_momentum,BULL_TREND,63.45165732276185,100.0,64.458,80.0,80.59325676323643,20.0,0.0,51.37979176697641,0.0,3,3,E_ablate_wyckoff_vr1.2,True
2738,002738.SZ,中矿资源,小金属,20240402,40.19,60.55475715230629,60.55475715230629,0.0,1.92,4.2174,10973.22,3.156626506024102,weak_momentum,BULL_TREND,47.05531554732157,100.0,100.0,65.0,80.59325676323643,53.333333333333336,0.0,36.60536426037285,0.0,1,1,E_ablate_accel_vr1.2,True
762,000762.SZ,西藏矿业,小金属,20240402,23.84,57.9161458779462,57.9161458779462,0.0,2.41,6.9305,6445.8,4.754294846184584,weak_momentum,BULL_TREND,63.45165732276185,100.0,64.458,80.0,80.59325676323643,20.0,0.0,51.37979176697641,0.0,2,2,E_ablate_accel_vr1.2,True
2460,002460.SZ,赣锋锂业,小金属,20240402,39.62,55.587601511741234,55.587601511741234,0.0,1.59,3.0958,15178.72,4.759615384615394,weak_momentum,BULL_TREND,33.45133827548153,100.0,100.0,40.0,80.59325676323643,10.0,0.0,39.87274837289026,0.0,3,3,E_ablate_accel_vr1.2,True
630,000630.SZ,铜陵有色,铜,20240403,4.11,75.59836550829733,66.59256950726393,9.005796001033401,1.91,5.9916,45547.56,1.6746411483253445,momentum,BULL_TREND,46.67863191305119,100.0,100.0,65.0,90.057960010334,53.333333333333336,0.0,56.62516051572776,0.0,1,1,A_recovered_proxy_vr1.5,True
878,000878.SZ,云南铜业,铜,20240403,14.14,73.62872643287108,64.62293043183767,9.005796001033401,1.96,8.0326,20768.06,0.1412429378531043,momentum,BULL_TREND,48.54268271702418,100.0,100.0,65.0,90.057960010334,33.33333333333333,0.0,44.13269355550574,0.0,2,2,A_recovered_proxy_vr1.5,True
600549,600549.SH,厦门钨业,小金属,20240403,21.55,72.88331504246479,65.15850154521533,7.724813497249453,2.75,4.2554,13854.87,2.70880361173814,momentum,BULL_TREND,72.97158093186486,100.0,100.0,40.0,77.24813497249453,20.0,0.0,57.63137410936689,0.0,3,3,A_recovered_proxy_vr1.5,True
630,000630.SZ,铜陵有色,铜,20240403,4.11,66.59256950726393,66.59256950726393,0.0,1.91,5.9916,45547.56,1.6746411483253445,momentum,BULL_TREND,46.67863191305119,100.0,100.0,65.0,90.057960010334,53.333333333333336,0.0,56.62516051572776,0.0,1,1,B_pure_quant_vr1.5,True
600549,600549.SH,厦门钨业,小金属,20240403,21.55,65.15850154521533,65.15850154521533,0.0,2.75,4.2554,13854.87,2.70880361173814,momentum,BULL_TREND,72.97158093186486,100.0,100.0,40.0,77.24813497249453,20.0,0.0,57.63137410936689,0.0,2,2,B_pure_quant_vr1.5,True
2353,002353.SZ,杰瑞股份,化工机械,20240403,32.89,64.68094877944517,64.68094877944517,0.0,2.7,3.3684,15893.56,1.023171832681301,momentum,BULL_TREND,71.64797036380531,100.0,100.0,80.0,58.67640965535237,33.33333333333333,0.0,65.3180462713723,0.0,3,3,B_pure_quant_vr1.5,True
630,000630.SZ,铜陵有色,铜,20240403,4.11,75.59836550829733,66.59256950726393,9.005796001033401,1.91,5.9916,45547.56,1.6746411483253445,momentum,BULL_TREND,46.67863191305119,100.0,100.0,65.0,90.057960010334,53.333333333333336,0.0,56.62516051572776,0.0,1,1,A_recovered_proxy_vr1.2,True
878,000878.SZ,云南铜业,铜,20240403,14.14,73.62872643287108,64.62293043183767,9.005796001033401,1.96,8.0326,20768.06,0.1412429378531043,momentum,BULL_TREND,48.54268271702418,100.0,100.0,65.0,90.057960010334,33.33333333333333,0.0,44.13269355550574,0.0,2,2,A_recovered_proxy_vr1.2,True
600549,600549.SH,厦门钨业,小金属,20240403,21.55,72.88331504246479,65.15850154521533,7.724813497249453,2.75,4.2554,13854.87,2.70880361173814,momentum,BULL_TREND,72.97158093186486,100.0,100.0,40.0,77.24813497249453,20.0,0.0,57.63137410936689,0.0,3,3,A_recovered_proxy_vr1.2,True
630,000630.SZ,铜陵有色,铜,20240403,4.11,66.59256950726393,66.59256950726393,0.0,1.91,5.9916,45547.56,1.6746411483253445,momentum,BULL_TREND,46.67863191305119,100.0,100.0,65.0,90.057960010334,53.333333333333336,0.0,56.62516051572776,0.0,1,1,D_pure_quant_vr1.2,True
600549,600549.SH,厦门钨业,小金属,20240403,21.55,65.15850154521533,65.15850154521533,0.0,2.75,4.2554,13854.87,2.70880361173814,momentum,BULL_TREND,72.97158093186486,100.0,100.0,40.0,77.24813497249453,20.0,0.0,57.63137410936689,0.0,2,2,D_pure_quant_vr1.2,True
2353,002353.SZ,杰瑞股份,化工机械,20240403,32.89,64.68094877944517,64.68094877944517,0.0,2.7,3.3684,15893.56,1.023171832681301,momentum,BULL_TREND,71.64797036380531,100.0,100.0,80.0,58.67640965535237,33.33333333333333,0.0,65.3180462713723,0.0,3,3,D_pure_quant_vr1.2,True
2601,002601.SZ,龙佰集团,化工原料,20240403,20.01,53.402573214987946,53.402573214987946,0.0,2.69,3.0991,28799.63,1.0385756676557731,momentum,BULL_TREND,71.38030863909496,100.0,100.0,80.0,33.16867738931782,10.0,0.0,81.95526919123701,0.0,1,1,E_ablate_sector_vr1.2,True
2353,002353.SZ,杰瑞股份,化工机械,20240403,32.89,52.94566684837469,52.94566684837469,0.0,2.7,3.3684,15893.56,1.023171832681301,momentum,BULL_TREND,71.64797036380531,100.0,100.0,80.0,58.67640965535237,33.33333333333333,0.0,65.3180462713723,0.0,2,2,E_ablate_sector_vr1.2,True
600497,600497.SH,驰宏锌锗,铅锌,20240403,5.71,51.083832813574645,51.083832813574645,0.0,2.47,4.7591,25587.57,1.381692573402419,momentum,BULL_TREND,65.22555209049766,100.0,100.0,65.0,50.77025043272738,10.0,0.0,75.5,0.0,3,3,E_ablate_sector_vr1.2,True
600259,600259.SH,中稀有色,小金属,20240403,32.65,51.314203548233294,51.314203548233294,0.0,3.54,5.1057,1658.82,3.82916053019147,momentum,BULL_TREND,91.18746801541364,95.02503681885118,16.5882,65.0,76.365133640058,33.33333333333333,0.0,79.43886269357861,0.0,1,1,E_ablate_inflow_vr1.2,True
600490,600490.SH,鹏欣资源,铜,20240403,3.18,47.37012333247404,47.37012333247404,0.0,2.45,8.3593,2009.89,3.3434650455927013,momentum,BULL_TREND,64.6390874613923,97.9392097264438,20.0989,65.0,90.37394490014611,30.0,0.0,50.55550260591595,0.0,2,2,E_ablate_inflow_vr1.2,True
630,000630.SZ,铜陵有色,铜,20240403,4.11,46.65576648522634,46.65576648522634,0.0,1.91,5.9916,45547.56,1.6746411483253445,momentum,BULL_TREND,46.67863191305119,100.0,100.0,65.0,90.37394490014611,53.333333333333336,0.0,56.62516051572776,0.0,3,3,E_ablate_inflow_vr1.2,True
630,000630.SZ,铜陵有色,铜,20240403,4.11,60.93005345569115,60.93005345569115,0.0,1.91,5.9916,45547.56,1.6746411483253445,momentum,BULL_TREND,46.67863191305119,100.0,100.0,65.0,90.057960010334,53.333333333333336,0.0,56.62516051572776,0.0,1,1,E_ablate_wyckoff_vr1.2,True
878,000878.SZ,云南铜业,铜,20240403,14.14,60.2096610762871,60.2096610762871,0.0,1.96,8.0326,20768.06,0.1412429378531043,momentum,BULL_TREND,48.54268271702418,100.0,100.0,65.0,90.057960010334,33.33333333333333,0.0,44.13269355550574,0.0,2,2,E_ablate_wyckoff_vr1.2,True
600549,600549.SH,厦门钨业,小金属,20240403,21.55,59.39536413427864,59.39536413427864,0.0,2.75,4.2554,13854.87,2.70880361173814,momentum,BULL_TREND,72.97158093186486,100.0,100.0,40.0,77.24813497249453,20.0,0.0,57.63137410936689,0.0,3,3,E_ablate_wyckoff_vr1.2,True
630,000630.SZ,铜陵有色,铜,20240403,4.11,66.59256950726393,66.59256950726393,0.0,1.91,5.9916,45547.56,1.6746411483253445,momentum,BULL_TREND,46.67863191305119,100.0,100.0,65.0,90.057960010334,53.333333333333336,0.0,56.62516051572776,0.0,1,1,E_ablate_accel_vr1.2,True
600549,600549.SH,厦门钨业,小金属,20240403,21.55,65.15850154521533,65.15850154521533,0.0,2.75,4.2554,13854.87,2.70880361173814,momentum,BULL_TREND,72.97158093186486,100.0,100.0,40.0,77.24813497249453,20.0,0.0,57.63137410936689,0.0,2,2,E_ablate_accel_vr1.2,True
2353,002353.SZ,杰瑞股份,化工机械,20240403,32.89,64.68094877944517,64.68094877944517,0.0,2.7,3.3684,15893.56,1.023171832681301,momentum,BULL_TREND,71.64797036380531,100.0,100.0,80.0,58.67640965535237,33.33333333333333,0.0,65.3180462713723,0.0,3,3,E_ablate_accel_vr1.2,True
600819,600819.SH,耀皮玻璃,玻璃,20240408,5.25,62.6616711031593,57.37930279128417,5.282368311875132,1.95,7.3325,2126.23,9.169550173010386,sideways,BULL_TREND,48.1737061987443,100.0,21.2623,100.0,52.82368311875132,30.0,0.0,80.8838246645644,0.0,1,1,A_recovered_proxy_vr1.5,True
600819,600819.SH,耀皮玻璃,玻璃,20240408,5.25,57.37930279128417,57.37930279128417,0.0,1.95,7.3325,2126.23,9.169550173010386,sideways,BULL_TREND,48.1737061987443,100.0,21.2623,100.0,52.82368311875132,30.0,0.0,80.8838246645644,0.0,1,1,B_pure_quant_vr1.5,True
600819,600819.SH,耀皮玻璃,玻璃,20240408,5.25,57.33898814409952,57.33898814409952,0.0,1.95,7.3325,2126.23,9.169550173010386,sideways,BULL_TREND,48.1737061987443,100.0,21.2623,100.0,52.55491880418702,30.0,0.0,80.8838246645644,0.0,1,1,A_recovered_proxy_vr1.2,True
301236,301236.SZ,软通动力,软件服务,20240408,46.16,46.311317790697615,46.311317790697615,0.0,1.4,9.5478,19802.97,17.394416607015042,sideways,BULL_TREND,24.27134135851208,76.05583392984957,100.0,60.0,51.134507427929286,33.33333333333333,0.0,12.520803720016623,0.0,2,2,A_recovered_proxy_vr1.2,True
600819,600819.SH,耀皮玻璃,玻璃,20240408,5.25,57.33898814409952,57.33898814409952,0.0,1.95,7.3325,2126.23,9.169550173010386,sideways,BULL_TREND,48.1737061987443,100.0,21.2623,100.0,52.55491880418702,30.0,0.0,80.8838246645644,0.0,1,1,D_pure_quant_vr1.2,True
301236,301236.SZ,软通动力,软件服务,20240408,46.16,46.311317790697615,46.311317790697615,0.0,1.4,9.5478,19802.97,17.394416607015042,sideways,BULL_TREND,24.27134135851208,76.05583392984957,100.0,60.0,51.134507427929286,33.33333333333333,0.0,12.520803720016623,0.0,2,2,D_pure_quant_vr1.2,True
600819,600819.SH,耀皮玻璃,玻璃,20240408,5.25,49.45575032347147,49.45575032347147,0.0,1.95,7.3325,2126.23,9.169550173010386,sideways,BULL_TREND,48.1737061987443,100.0,21.2623,100.0,52.55491880418702,30.0,0.0,80.8838246645644,0.0,1,1,E_ablate_sector_vr1.2,True
600819,600819.SH,耀皮玻璃,玻璃,20240408,5.25,54.78751214409952,54.78751214409952,0.0,1.95,7.3325,2126.23,9.169550173010386,sideways,BULL_TREND,48.1737061987443,100.0,21.2623,100.0,52.55491880418702,30.0,0.0,80.8838246645644,0.0,1,1,E_ablate_inflow_vr1.2,True
600819,600819.SH,耀皮玻璃,玻璃,20240408,5.25,47.6329291843518,47.6329291843518,0.0,1.95,7.3325,2126.23,9.169550173010386,sideways,BULL_TREND,48.1737061987443,100.0,21.2623,100.0,52.55491880418702,30.0,0.0,80.8838246645644,0.0,1,1,E_ablate_wyckoff_vr1.2,True
600819,600819.SH,耀皮玻璃,玻璃,20240408,5.25,57.33898814409952,57.33898814409952,0.0,1.95,7.3325,2126.23,9.169550173010386,sideways,BULL_TREND,48.1737061987443,100.0,21.2623,100.0,52.55491880418702,30.0,0.0,80.8838246645644,0.0,1,1,E_ablate_accel_vr1.2,True
301236,301236.SZ,软通动力,软件服务,20240408,46.16,46.311317790697615,46.311317790697615,0.0,1.4,9.5478,19802.97,17.394416607015042,sideways,BULL_TREND,24.27134135851208,76.05583392984957,100.0,60.0,51.134507427929286,33.33333333333333,0.0,12.520803720016623,0.0,2,2,E_ablate_accel_vr1.2,True
603045,603045.SH,福达合金,小金属,20240409,13.81,53.71150431493248,45.08510584588806,8.626398469044416,1.88,11.2697,209.87,4.0972222222222205,weak_momentum,BULL_TREND,45.53663309514563,100.0,2.0987,60.0,86.26398469044415,33.33333333333333,0.0,55.13720340921952,0.0,1,1,A_recovered_proxy_vr1.5,True
2727,002727.SZ,一心堂,医药商业,20240409,20.06,45.96724701980191,45.96724701980191,0.0,2.33,3.3697,6269.35,0.5946481665014915,weak_momentum,BULL_TREND,61.01649774397778,7.928642220019887,62.6935,80.0,49.24031703703235,100.0,0.0,54.61638490832006,0.0,2,2,A_recovered_proxy_vr1.5,True
2727,002727.SZ,一心堂,医药商业,20240409,20.06,45.96724701980191,45.96724701980191,0.0,2.33,3.3697,6269.35,0.5946481665014915,weak_momentum,BULL_TREND,61.01649774397778,7.928642220019887,62.6935,80.0,49.24031703703235,100.0,0.0,54.61638490832006,0.0,1,1,B_pure_quant_vr1.5,True
603045,603045.SH,福达合金,小金属,20240409,13.81,45.08510584588806,45.08510584588806,0.0,1.88,11.2697,209.87,4.0972222222222205,weak_momentum,BULL_TREND,45.53663309514563,100.0,2.0987,60.0,86.26398469044415,33.33333333333333,0.0,55.13720340921952,0.0,2,2,B_pure_quant_vr1.5,True
603045,603045.SH,福达合金,小金属,20240409,13.81,54.00358052947068,45.660351574610985,8.3432289548597,1.88,11.2697,209.87,4.0972222222222205,weak_momentum,BULL_TREND,45.53663309514563,100.0,2.0987,80.0,83.432289548597,33.33333333333333,0.0,55.13720340921952,0.0,1,1,A_recovered_proxy_vr1.2,True
2378,002378.SZ,章源钨业,小金属,20240409,6.95,46.03259943836959,37.68937048350989,8.3432289548597,1.22,5.6933,707.71,4.137931034482756,weak_momentum,BULL_TREND,14.344057389408077,100.0,7.077100000000001,65.0,83.432289548597,33.33333333333333,0.0,32.2158251742831,0.0,2,2,A_recovered_proxy_vr1.2,True
2727,002727.SZ,一心堂,医药商业,20240409,20.06,45.59348613141946,45.59348613141946,0.0,2.33,3.3697,6269.35,0.5946481665014915,weak_momentum,BULL_TREND,61.01649774397778,7.928642220019887,62.6935,80.0,46.748577781149336,100.0,0.0,54.61638490832006,0.0,3,3,A_recovered_proxy_vr1.2,True
603045,603045.SH,福达合金,小金属,20240409,13.81,45.660351574610985,45.660351574610985,0.0,1.88,11.2697,209.87,4.0972222222222205,weak_momentum,BULL_TREND,45.53663309514563,100.0,2.0987,80.0,83.432289548597,33.33333333333333,0.0,55.13720340921952,0.0,1,1,D_pure_quant_vr1.2,True
2727,002727.SZ,一心堂,医药商业,20240409,20.06,45.59348613141946,45.59348613141946,0.0,2.33,3.3697,6269.35,0.5946481665014915,weak_momentum,BULL_TREND,61.01649774397778,7.928642220019887,62.6935,80.0,46.748577781149336,100.0,0.0,54.61638490832006,0.0,2,2,D_pure_quant_vr1.2,True
603045,603045.SH,福达合金,小金属,20240409,13.81,45.28258557461099,45.28258557461099,0.0,1.88,11.2697,209.87,4.0972222222222205,weak_momentum,BULL_TREND,45.53663309514563,100.0,2.0987,80.0,83.432289548597,33.33333333333333,0.0,55.13720340921952,0.0,1,1,E_ablate_inflow_vr1.2,True
603045,603045.SH,福达合金,小金属,20240409,13.81,45.660351574610985,45.660351574610985,0.0,1.88,11.2697,209.87,4.0972222222222205,weak_momentum,BULL_TREND,45.53663309514563,100.0,2.0987,80.0,83.432289548597,33.33333333333333,0.0,55.13720340921952,0.0,1,1,E_ablate_accel_vr1.2,True
2727,002727.SZ,一心堂,医药商业,20240409,20.06,45.59348613141946,45.59348613141946,0.0,2.33,3.3697,6269.35,0.5946481665014915,weak_momentum,BULL_TREND,61.01649774397778,7.928642220019887,62.6935,80.0,46.748577781149336,100.0,0.0,54.61638490832006,0.0,2,2,E_ablate_accel_vr1.2,True
158,000158.SZ,常山北明,软件服务,20240410,8.35,76.7179011283356,68.39594329302487,8.321957835310723,2.17,9.561,12610.4,10.6951871657754,bear,BULL_TREND,55.88475213348772,100.0,100.0,60.0,83.21957835310722,10.0,0.0,58.48634225576242,0.0,1,1,A_recovered_proxy_vr1.5,True
2536,002536.SZ,飞龙股份,汽车配件,20240410,12.41,69.86290205338423,63.71043322918116,6.152468824203074,2.94,5.846,1866.24,8.413284132841332,bear,BULL_TREND,77.79080775308198,100.0,18.6624,100.0,61.524688242030734,66.66666666666666,0.0,64.95775794887649,0.0,2,2,A_recovered_proxy_vr1.5,True
600679,600679.SH,上海凤凰,文教休闲,20240410,10.06,61.71275559756689,61.71275559756689,0.0,3.94,7.1503,2308.83,5.273069679849329,bear,BULL_TREND,98.9097814840826,54.55116133082216,23.0883,100.0,58.08772987286008,63.33333333333333,0.0,93.3410502557681,0.0,3,3,A_recovered_proxy_vr1.5,True
158,000158.SZ,常山北明,软件服务,20240410,8.35,68.39594329302487,68.39594329302487,0.0,2.17,9.561,12610.4,10.6951871657754,bear,BULL_TREND,55.88475213348772,100.0,100.0,60.0,83.21957835310722,10.0,0.0,58.48634225576242,0.0,1,1,B_pure_quant_vr1.5,True
2536,002536.SZ,飞龙股份,汽车配件,20240410,12.41,63.71043322918116,63.71043322918116,0.0,2.94,5.846,1866.24,8.413284132841332,bear,BULL_TREND,77.79080775308198,100.0,18.6624,100.0,61.524688242030734,66.66666666666666,0.0,64.95775794887649,0.0,2,2,B_pure_quant_vr1.5,True
600679,600679.SH,上海凤凰,文教休闲,20240410,10.06,61.71275559756689,61.71275559756689,0.0,3.94,7.1503,2308.83,5.273069679849329,bear,BULL_TREND,98.9097814840826,54.55116133082216,23.0883,100.0,58.08772987286008,63.33333333333333,0.0,93.3410502557681,0.0,3,3,B_pure_quant_vr1.5,True
158,000158.SZ,常山北明,软件服务,20240410,8.35,76.84697926244526,68.47339017349067,8.373589088954583,2.17,9.561,12610.4,10.6951871657754,bear,BULL_TREND,55.88475213348772,100.0,100.0,60.0,83.73589088954583,10.0,0.0,58.48634225576242,0.0,1,1,A_recovered_proxy_vr1.2,True
2536,002536.SZ,飞龙股份,汽车配件,20240410,12.41,63.784809483185526,63.784809483185526,0.0,2.94,5.846,1866.24,8.413284132841332,bear,BULL_TREND,77.79080775308198,100.0,18.6624,100.0,62.02052993539321,66.66666666666666,0.0,64.95775794887649,0.0,2,2,A_recovered_proxy_vr1.2,True
600679,600679.SH,上海凤凰,文教休闲,20240410,10.06,61.827539702008295,61.827539702008295,0.0,3.94,7.1503,2308.83,5.273069679849329,bear,BULL_TREND,98.9097814840826,54.55116133082216,23.0883,100.0,58.85295723580278,63.33333333333333,0.0,93.3410502557681,0.0,3,3,A_recovered_proxy_vr1.2,True
158,000158.SZ,常山北明,软件服务,20240410,8.35,68.47339017349067,68.47339017349067,0.0,2.17,9.561,12610.4,10.6951871657754,bear,BULL_TREND,55.88475213348772,100.0,100.0,60.0,83.73589088954583,10.0,0.0,58.48634225576242,0.0,1,1,D_pure_quant_vr1.2,True
2536,002536.SZ,飞龙股份,汽车配件,20240410,12.41,63.784809483185526,63.784809483185526,0.0,2.94,5.846,1866.24,8.413284132841332,bear,BULL_TREND,77.79080775308198,100.0,18.6624,100.0,62.02052993539321,66.66666666666666,0.0,64.95775794887649,0.0,2,2,D_pure_quant_vr1.2,True
600679,600679.SH,上海凤凰,文教休闲,20240410,10.06,61.827539702008295,61.827539702008295,0.0,3.94,7.1503,2308.83,5.273069679849329,bear,BULL_TREND,98.9097814840826,54.55116133082216,23.0883,100.0,58.85295723580278,63.33333333333333,0.0,93.3410502557681,0.0,3,3,D_pure_quant_vr1.2,True
158,000158.SZ,常山北明,软件服务,20240410,8.35,55.91300654005879,55.91300654005879,0.0,2.17,9.561,12610.4,10.6951871657754,bear,BULL_TREND,55.88475213348772,100.0,100.0,60.0,83.73589088954583,10.0,0.0,58.48634225576242,0.0,1,1,E_ablate_sector_vr1.2,True
2536,002536.SZ,飞龙股份,汽车配件,20240410,12.41,54.48172999287655,54.48172999287655,0.0,2.94,5.846,1866.24,8.413284132841332,bear,BULL_TREND,77.79080775308198,100.0,18.6624,100.0,62.02052993539321,66.66666666666666,0.0,64.95775794887649,0.0,2,2,E_ablate_sector_vr1.2,True
600679,600679.SH,上海凤凰,文教休闲,20240410,10.06,52.99959611663788,52.99959611663788,0.0,3.94,7.1503,2308.83,5.273069679849329,bear,BULL_TREND,98.9097814840826,54.55116133082216,23.0883,100.0,58.85295723580278,63.33333333333333,0.0,93.3410502557681,0.0,3,3,E_ablate_sector_vr1.2,True
2536,002536.SZ,飞龙股份,汽车配件,20240410,12.41,56.342594556259854,56.342594556259854,0.0,2.94,5.846,1866.24,8.413284132841332,bear,BULL_TREND,77.79080775308198,100.0,18.6624,65.0,36.66901708922207,66.66666666666666,0.0,64.95775794887649,0.0,1,1,E_ablate_inflow_vr1.2,True
158,000158.SZ,常山北明,软件服务,20240410,8.35,56.14844643443384,56.14844643443384,0.0,2.17,9.561,12610.4,10.6951871657754,bear,BULL_TREND,55.88475213348772,100.0,100.0,60.0,81.56959929583368,10.0,0.0,58.48634225576242,0.0,2,2,E_ablate_inflow_vr1.2,True
600679,600679.SH,上海凤凰,文教休闲,20240410,10.06,55.39276978234789,55.39276978234789,0.0,3.94,7.1503,2308.83,5.273069679849329,bear,BULL_TREND,98.9097814840826,54.55116133082216,23.0883,100.0,34.42513110473338,63.33333333333333,0.0,93.3410502557681,0.0,3,3,E_ablate_inflow_vr1.2,True
158,000158.SZ,常山北明,软件服务,20240410,8.35,61.45502910279917,61.45502910279917,0.0,2.17,9.561,12610.4,10.6951871657754,bear,BULL_TREND,55.88475213348772,100.0,100.0,60.0,83.73589088954583,10.0,0.0,58.48634225576242,0.0,1,1,E_ablate_wyckoff_vr1.2,True
2536,002536.SZ,飞龙股份,汽车配件,20240410,12.41,55.98987852932035,55.98987852932035,0.0,2.94,5.846,1866.24,8.413284132841332,bear,BULL_TREND,77.79080775308198,100.0,18.6624,100.0,62.02052993539321,66.66666666666666,0.0,64.95775794887649,0.0,2,2,E_ablate_wyckoff_vr1.2,True
603127,603127.SH,昭衍新药,医疗保健,20240410,19.2,52.83892306020719,52.83892306020719,0.0,2.39,5.0127,5644.02,12.328767123287667,bear,BULL_TREND,62.8505309103012,100.0,56.4402,100.0,35.81543728849506,43.333333333333336,0.0,40.69025265480508,0.0,3,3,E_ablate_wyckoff_vr1.2,True
158,000158.SZ,常山北明,软件服务,20240410,8.35,68.47339017349067,68.47339017349067,0.0,2.17,9.561,12610.4,10.6951871657754,bear,BULL_TREND,55.88475213348772,100.0,100.0,60.0,83.73589088954583,10.0,0.0,58.48634225576242,0.0,1,1,E_ablate_accel_vr1.2,True
2536,002536.SZ,飞龙股份,汽车配件,20240410,12.41,63.784809483185526,63.784809483185526,0.0,2.94,5.846,1866.24,8.413284132841332,bear,BULL_TREND,77.79080775308198,100.0,18.6624,100.0,62.02052993539321,66.66666666666666,0.0,64.95775794887649,0.0,2,2,E_ablate_accel_vr1.2,True
600679,600679.SH,上海凤凰,文教休闲,20240410,10.06,61.827539702008295,61.827539702008295,0.0,3.94,7.1503,2308.83,5.273069679849329,bear,BULL_TREND,98.9097814840826,54.55116133082216,23.0883,100.0,58.85295723580278,63.33333333333333,0.0,93.3410502557681,0.0,3,3,E_ablate_accel_vr1.2,True
21,000021.SZ,深科技,元器件,20240411,13.43,73.88407821800688,66.4950583312972,7.38901988670968,2.27,3.8647,10316.33,14.34948979591837,bear,BULL_TREND,59.13461487580951,100.0,100.0,80.0,73.8901988670968,33.33333333333333,0.0,37.79372134906608,0.0,1,1,A_recovered_proxy_vr1.5,True
2673,002673.SZ,西部证券,证券,20240411,6.94,67.05080180107807,67.05080180107807,0.0,2.27,3.1058,13095.5,7.466666666666661,bear,BULL_TREND,59.13461487580951,91.11111111111104,100.0,80.0,64.7999931467796,43.333333333333336,0.0,68.4173037105995,0.0,2,2,A_recovered_proxy_vr1.5,True
2673,002673.SZ,西部证券,证券,20240411,6.94,67.05080180107807,67.05080180107807,0.0,2.27,3.1058,13095.5,7.466666666666661,bear,BULL_TREND,59.13461487580951,91.11111111111104,100.0,80.0,64.7999931467796,43.333333333333336,0.0,68.4173037105995,0.0,1,1,B_pure_quant_vr1.5,True
21,000021.SZ,深科技,元器件,20240411,13.43,66.4950583312972,66.4950583312972,0.0,2.27,3.8647,10316.33,14.34948979591837,bear,BULL_TREND,59.13461487580951,100.0,100.0,80.0,73.8901988670968,33.33333333333333,0.0,37.79372134906608,0.0,2,2,B_pure_quant_vr1.5,True
2673,002673.SZ,西部证券,证券,20240411,6.94,67.08915897471589,67.08915897471589,0.0,2.27,3.1058,13095.5,7.466666666666661,bear,BULL_TREND,59.13461487580951,91.11111111111104,100.0,80.0,65.05570763769842,43.333333333333336,0.0,68.4173037105995,0.0,1,1,A_recovered_proxy_vr1.2,True
21,000021.SZ,深科技,元器件,20240411,13.43,66.55104470613414,66.55104470613414,0.0,2.27,3.8647,10316.33,14.34948979591837,bear,BULL_TREND,59.13461487580951,100.0,100.0,80.0,74.26344136600969,33.33333333333333,0.0,37.79372134906608,0.0,2,2,A_recovered_proxy_vr1.2,True
676,000676.SZ,智度股份,互联网,20240411,6.96,62.443778203669886,54.37515787753957,8.068620326130313,1.43,5.4518,7093.47,13.754646840148702,bear,BULL_TREND,25.800757350183236,100.0,70.9347,65.0,80.68620326130313,66.66666666666666,0.0,17.921361983087113,0.0,3,3,A_recovered_proxy_vr1.2,True
2673,002673.SZ,西部证券,证券,20240411,6.94,67.08915897471589,67.08915897471589,0.0,2.27,3.1058,13095.5,7.466666666666661,bear,BULL_TREND,59.13461487580951,91.11111111111104,100.0,80.0,65.05570763769842,43.333333333333336,0.0,68.4173037105995,0.0,1,1,D_pure_quant_vr1.2,True
21,000021.SZ,深科技,元器件,20240411,13.43,66.55104470613414,66.55104470613414,0.0,2.27,3.8647,10316.33,14.34948979591837,bear,BULL_TREND,59.13461487580951,100.0,100.0,80.0,74.26344136600969,33.33333333333333,0.0,37.79372134906608,0.0,2,2,D_pure_quant_vr1.2,True
676,000676.SZ,智度股份,互联网,20240411,6.96,54.37515787753957,54.37515787753957,0.0,1.43,5.4518,7093.47,13.754646840148702,bear,BULL_TREND,25.800757350183236,100.0,70.9347,65.0,80.68620326130313,66.66666666666666,0.0,17.921361983087113,0.0,3,3,D_pure_quant_vr1.2,True
2673,002673.SZ,西部证券,证券,20240411,6.94,57.33080282906113,57.33080282906113,0.0,2.27,3.1058,13095.5,7.466666666666661,bear,BULL_TREND,59.13461487580951,91.11111111111104,100.0,80.0,65.05570763769842,43.333333333333336,0.0,68.4173037105995,0.0,1,1,E_ablate_sector_vr1.2,True
21,000021.SZ,深科技,元器件,20240411,13.43,55.41152850123269,55.41152850123269,0.0,2.27,3.8647,10316.33,14.34948979591837,bear,BULL_TREND,59.13461487580951,100.0,100.0,80.0,74.26344136600969,33.33333333333333,0.0,37.79372134906608,0.0,2,2,E_ablate_sector_vr1.2,True
2673,002673.SZ,西部证券,证券,20240411,6.94,53.01433777509448,53.01433777509448,0.0,2.27,3.1058,13095.5,7.466666666666661,bear,BULL_TREND,59.13461487580951,91.11111111111104,100.0,80.0,51.22356630688904,43.333333333333336,0.0,68.4173037105995,0.0,1,1,E_ablate_inflow_vr1.2,True
21,000021.SZ,深科技,元器件,20240411,13.43,51.45874738778273,51.45874738778273,0.0,2.27,3.8647,10316.33,14.34948979591837,bear,BULL_TREND,59.13461487580951,100.0,100.0,80.0,53.64812591033362,33.33333333333333,0.0,37.79372134906608,0.0,2,2,E_ablate_inflow_vr1.2,True
972,000972.SZ,中基健康,食品,20240411,3.78,51.20957776452641,51.20957776452641,0.0,3.51,10.115,-1504.5,4.785894206549128,bear,BULL_TREND,90.5735515264918,47.85894206549128,0.0,60.0,50.0,43.333333333333336,0.0,83.23135423019554,0.0,3,3,E_ablate_inflow_vr1.2,True
21,000021.SZ,深科技,元器件,20240411,13.43,62.01579814424621,62.01579814424621,0.0,2.27,3.8647,10316.33,14.34948979591837,bear,BULL_TREND,59.13461487580951,100.0,100.0,80.0,74.26344136600969,33.33333333333333,0.0,37.79372134906608,0.0,1,1,E_ablate_wyckoff_vr1.2,True
2673,002673.SZ,西部证券,证券,20240411,6.94,58.87908252944395,58.87908252944395,0.0,2.27,3.1058,13095.5,7.466666666666661,bear,BULL_TREND,59.13461487580951,91.11111111111104,100.0,80.0,65.05570763769842,43.333333333333336,0.0,68.4173037105995,0.0,2,2,E_ablate_wyckoff_vr1.2,True
676,000676.SZ,智度股份,互联网,20240411,6.96,52.22459443956912,52.22459443956912,0.0,1.43,5.4518,7093.47,13.754646840148702,bear,BULL_TREND,25.800757350183236,100.0,70.9347,65.0,80.68620326130313,66.66666666666666,0.0,17.921361983087113,0.0,3,3,E_ablate_wyckoff_vr1.2,True
2673,002673.SZ,西部证券,证券,20240411,6.94,67.08915897471589,67.08915897471589,0.0,2.27,3.1058,13095.5,7.466666666666661,bear,BULL_TREND,59.13461487580951,91.11111111111104,100.0,80.0,65.05570763769842,43.333333333333336,0.0,68.4173037105995,0.0,1,1,E_ablate_accel_vr1.2,True
21,000021.SZ,深科技,元器件,20240411,13.43,66.55104470613414,66.55104470613414,0.0,2.27,3.8647,10316.33,14.34948979591837,bear,BULL_TREND,59.13461487580951,100.0,100.0,80.0,74.26344136600969,33.33333333333333,0.0,37.79372134906608,0.0,2,2,E_ablate_accel_vr1.2,True
676,000676.SZ,智度股份,互联网,20240411,6.96,54.37515787753957,54.37515787753957,0.0,1.43,5.4518,7093.47,13.754646840148702,bear,BULL_TREND,25.800757350183236,100.0,70.9347,65.0,80.68620326130313,66.66666666666666,0.0,17.921361983087113,0.0,3,3,E_ablate_accel_vr1.2,True
2367,002367.SZ,康力电梯,运输设备,20240412,7.39,72.37965498900904,64.54531894760014,7.834336041408898,4.69,5.9149,4296.73,5.256410256410258,bear,BULL_TREND,100.0,54.2735042735043,42.9673,100.0,78.34336041408898,33.33333333333333,0.0,75.25751065540982,0.0,1,1,A_recovered_proxy_vr1.5,True
2367,002367.SZ,康力电梯,运输设备,20240412,7.39,64.54531894760014,64.54531894760014,0.0,4.69,5.9149,4296.73,5.256410256410258,bear,BULL_TREND,100.0,54.2735042735043,42.9673,100.0,78.34336041408898,33.33333333333333,0.0,75.25751065540982,0.0,1,1,B_pure_quant_vr1.5,True
988,000988.SZ,华工科技,专用机械,20240412,32.63,68.75399381639777,59.92134939558592,8.832644420811846,1.4,6.6589,18240.29,12.23776223776223,bear,BULL_TREND,24.27134135851208,100.0,100.0,100.0,88.32644420811846,33.33333333333333,0.0,22.21684165690688,0.0,1,1,A_recovered_proxy_vr1.2,True
2367,002367.SZ,康力电梯,运输设备,20240412,7.39,63.36299550239767,63.36299550239767,0.0,4.69,5.9149,4296.73,5.256410256410258,bear,BULL_TREND,100.0,54.2735042735043,42.9673,100.0,70.46120411273922,33.33333333333333,0.0,75.25751065540982,0.0,2,2,A_recovered_proxy_vr1.2,True
603296,603296.SH,华勤技术,元器件,20240412,75.0,51.46989690679373,51.46989690679373,0.0,1.41,6.4919,6825.89,9.496802220345124,bear,BULL_TREND,24.78475813120344,100.0,68.2589,100.0,48.49114161818305,33.33333333333333,0.0,32.382035071123724,0.0,3,3,A_recovered_proxy_vr1.2,True
2367,002367.SZ,康力电梯,运输设备,20240412,7.39,63.36299550239767,63.36299550239767,0.0,4.69,5.9149,4296.73,5.256410256410258,bear,BULL_TREND,100.0,54.2735042735043,42.9673,100.0,70.46120411273922,33.33333333333333,0.0,75.25751065540982,0.0,1,1,D_pure_quant_vr1.2,True
988,000988.SZ,华工科技,专用机械,20240412,32.63,59.92134939558592,59.92134939558592,0.0,1.4,6.6589,18240.29,12.23776223776223,bear,BULL_TREND,24.27134135851208,100.0,100.0,100.0,88.32644420811846,33.33333333333333,0.0,22.21684165690688,0.0,2,2,D_pure_quant_vr1.2,True
603296,603296.SH,华勤技术,元器件,20240412,75.0,51.46989690679373,51.46989690679373,0.0,1.41,6.4919,6825.89,9.496802220345124,bear,BULL_TREND,24.78475813120344,100.0,68.2589,100.0,48.49114161818305,33.33333333333333,0.0,32.382035071123724,0.0,3,3,D_pure_quant_vr1.2,True
2367,002367.SZ,康力电梯,运输设备,20240412,7.39,52.79381488548679,52.79381488548679,0.0,4.69,5.9149,4296.73,5.256410256410258,bear,BULL_TREND,100.0,54.2735042735043,42.9673,100.0,70.46120411273922,33.33333333333333,0.0,75.25751065540982,0.0,1,1,E_ablate_sector_vr1.2,True
988,000988.SZ,华工科技,专用机械,20240412,32.63,46.67238276436815,46.67238276436815,0.0,1.4,6.6589,18240.29,12.23776223776223,bear,BULL_TREND,24.27134135851208,100.0,100.0,100.0,88.32644420811846,33.33333333333333,0.0,22.21684165690688,0.0,2,2,E_ablate_sector_vr1.2,True
2367,002367.SZ,康力电梯,运输设备,20240412,7.39,58.20691950239768,58.20691950239768,0.0,4.69,5.9149,4296.73,5.256410256410258,bear,BULL_TREND,100.0,54.2735042735043,42.9673,100.0,70.46120411273922,33.33333333333333,0.0,75.25751065540982,0.0,1,1,E_ablate_inflow_vr1.2,True
301071,301071.SZ,力量钻石,矿物制品,20240412,33.85,49.1885785147819,49.1885785147819,0.0,1.76,5.7954,-1303.47,10.188378880339604,bear,BULL_TREND,40.77877144312863,100.0,0.0,100.0,37.511286794951545,33.33333333333333,0.0,66.03240926153505,0.0,2,2,E_ablate_inflow_vr1.2,True
988,000988.SZ,华工科技,专用机械,20240412,32.63,47.92134939558592,47.92134939558592,0.0,1.4,6.6589,18240.29,12.23776223776223,bear,BULL_TREND,24.27134135851208,100.0,100.0,100.0,88.32644420811846,33.33333333333333,0.0,22.21684165690688,0.0,3,3,E_ablate_inflow_vr1.2,True
988,000988.SZ,华工科技,专用机械,20240412,32.63,57.25532839675709,57.25532839675709,0.0,1.4,6.6589,18240.29,12.23776223776223,bear,BULL_TREND,24.27134135851208,100.0,100.0,100.0,88.32644420811846,33.33333333333333,0.0,22.21684165690688,0.0,1,1,E_ablate_wyckoff_vr1.2,True
2367,002367.SZ,康力电梯,运输设备,20240412,7.39,54.33209422374849,54.33209422374849,0.0,4.69,5.9149,4296.73,5.256410256410258,bear,BULL_TREND,100.0,54.2735042735043,42.9673,100.0,70.46120411273922,33.33333333333333,0.0,75.25751065540982,0.0,2,2,E_ablate_wyckoff_vr1.2,True
603296,603296.SH,华勤技术,元器件,20240412,75.0,47.58405269825888,47.58405269825888,0.0,1.41,6.4919,6825.89,9.496802220345124,bear,BULL_TREND,24.78475813120344,100.0,68.2589,100.0,48.49114161818305,33.33333333333333,0.0,32.382035071123724,0.0,3,3,E_ablate_wyckoff_vr1.2,True
2367,002367.SZ,康力电梯,运输设备,20240412,7.39,63.36299550239767,63.36299550239767,0.0,4.69,5.9149,4296.73,5.256410256410258,bear,BULL_TREND,100.0,54.2735042735043,42.9673,100.0,70.46120411273922,33.33333333333333,0.0,75.25751065540982,0.0,1,1,E_ablate_accel_vr1.2,True
988,000988.SZ,华工科技,专用机械,20240412,32.63,59.92134939558592,59.92134939558592,0.0,1.4,6.6589,18240.29,12.23776223776223,bear,BULL_TREND,24.27134135851208,100.0,100.0,100.0,88.32644420811846,33.33333333333333,0.0,22.21684165690688,0.0,2,2,E_ablate_accel_vr1.2,True
603296,603296.SH,华勤技术,元器件,20240412,75.0,51.46989690679373,51.46989690679373,0.0,1.41,6.4919,6825.89,9.496802220345124,bear,BULL_TREND,24.78475813120344,100.0,68.2589,100.0,48.49114161818305,33.33333333333333,0.0,32.382035071123724,0.0,3,3,E_ablate_accel_vr1.2,True
63,000063.SZ,中兴通讯,通信设备,20240415,28.19,70.23457346842142,61.41804729831573,8.816526170105687,2.33,3.7861,64620.16,5.179952909519002,sideways,BULL_TREND,61.01649774397778,52.99921515865002,100.0,80.0,88.16526170105686,66.66666666666666,0.0,54.80389892704798,0.0,1,1,A_recovered_proxy_vr1.5,True
2673,002673.SZ,西部证券,证券,20240415,7.25,63.848452656661394,57.99057592497488,5.85787673168651,2.67,4.8375,12445.18,3.333333333333333,sideways,BULL_TREND,70.84198709564146,33.333333333333336,100.0,80.0,58.5787673168651,33.33333333333333,0.0,86.82103055336663,0.0,2,2,A_recovered_proxy_vr1.5,True
600487,600487.SH,亨通光电,通信设备,20240415,12.85,58.71715158110656,49.90062541100088,8.816526170105687,1.76,3.075,7914.62,3.8173652694610767,sideways,BULL_TREND,40.77877144312863,38.173652694610766,79.1462,80.0,88.16526170105686,33.33333333333333,0.0,49.51743482394174,0.0,3,3,A_recovered_proxy_vr1.5,True
63,000063.SZ,中兴通讯,通信设备,20240415,28.19,61.41804729831573,61.41804729831573,0.0,2.33,3.7861,64620.16,5.179952909519002,sideways,BULL_TREND,61.01649774397778,52.99921515865002,100.0,80.0,88.16526170105686,66.66666666666666,0.0,54.80389892704798,0.0,1,1,B_pure_quant_vr1.5,True
2673,002673.SZ,西部证券,证券,20240415,7.25,57.99057592497488,57.99057592497488,0.0,2.67,4.8375,12445.18,3.333333333333333,sideways,BULL_TREND,70.84198709564146,33.333333333333336,100.0,80.0,58.5787673168651,33.33333333333333,0.0,86.82103055336663,0.0,2,2,B_pure_quant_vr1.5,True
2236,002236.SZ,大华股份,IT设备,20240415,18.61,56.54274284762116,56.54274284762116,0.0,1.81,3.2501,9552.47,9.130859375000004,sideways,BULL_TREND,42.799484865424034,100.0,95.5247,80.0,33.83755013283013,63.33333333333333,0.0,34.34660825530568,0.0,3,3,B_pure_quant_vr1.5,True
63,000063.SZ,中兴通讯,通信设备,20240415,28.19,70.23457346842142,61.41804729831573,8.816526170105687,2.33,3.7861,64620.16,5.179952909519002,sideways,BULL_TREND,61.01649774397778,52.99921515865002,100.0,80.0,88.16526170105686,66.66666666666666,0.0,54.80389892704798,0.0,1,1,A_recovered_proxy_vr1.2,True
2673,002673.SZ,西部证券,证券,20240415,7.25,63.848452656661394,57.99057592497488,5.85787673168651,2.67,4.8375,12445.18,3.333333333333333,sideways,BULL_TREND,70.84198709564146,33.333333333333336,100.0,80.0,58.5787673168651,33.33333333333333,0.0,86.82103055336663,0.0,2,2,A_recovered_proxy_vr1.2,True
600487,600487.SH,亨通光电,通信设备,20240415,12.85,58.71715158110656,49.90062541100088,8.816526170105687,1.76,3.075,7914.62,3.8173652694610767,sideways,BULL_TREND,40.77877144312863,38.173652694610766,79.1462,80.0,88.16526170105686,33.33333333333333,0.0,49.51743482394174,0.0,3,3,A_recovered_proxy_vr1.2,True
63,000063.SZ,中兴通讯,通信设备,20240415,28.19,61.41804729831573,61.41804729831573,0.0,2.33,3.7861,64620.16,5.179952909519002,sideways,BULL_TREND,61.01649774397778,52.99921515865002,100.0,80.0,88.16526170105686,66.66666666666666,0.0,54.80389892704798,0.0,1,1,D_pure_quant_vr1.2,True
2673,002673.SZ,西部证券,证券,20240415,7.25,57.99057592497488,57.99057592497488,0.0,2.67,4.8375,12445.18,3.333333333333333,sideways,BULL_TREND,70.84198709564146,33.333333333333336,100.0,80.0,58.5787673168651,33.33333333333333,0.0,86.82103055336663,0.0,2,2,D_pure_quant_vr1.2,True
2236,002236.SZ,大华股份,IT设备,20240415,18.61,53.99835978704959,53.99835978704959,0.0,1.81,3.2501,9552.47,9.130859375000004,sideways,BULL_TREND,42.799484865424034,100.0,95.5247,40.0,27.54166306235302,63.33333333333333,0.0,34.34660825530568,0.0,3,3,D_pure_quant_vr1.2,True
2236,002236.SZ,大华股份,IT设备,20240415,18.61,49.86711032769664,49.86711032769664,0.0,1.81,3.2501,9552.47,9.130859375000004,sideways,BULL_TREND,42.799484865424034,100.0,95.5247,40.0,27.54166306235302,63.33333333333333,0.0,34.34660825530568,0.0,1,1,E_ablate_sector_vr1.2,True
2673,002673.SZ,西部证券,证券,20240415,7.25,49.20376082744512,49.20376082744512,0.0,2.67,4.8375,12445.18,3.333333333333333,sideways,BULL_TREND,70.84198709564146,33.333333333333336,100.0,80.0,58.5787673168651,33.33333333333333,0.0,86.82103055336663,0.0,2,2,E_ablate_sector_vr1.2,True
63,000063.SZ,中兴通讯,通信设备,20240415,28.19,48.19325804315721,48.19325804315721,0.0,2.33,3.7861,64620.16,5.179952909519002,sideways,BULL_TREND,61.01649774397778,52.99921515865002,100.0,80.0,88.16526170105686,66.66666666666666,0.0,54.80389892704798,0.0,3,3,E_ablate_sector_vr1.2,True
63,000063.SZ,中兴通讯,通信设备,20240415,28.19,48.27989149957747,48.27989149957747,0.0,2.33,3.7861,64620.16,5.179952909519002,sideways,BULL_TREND,61.01649774397778,52.99921515865002,100.0,65.0,84.57755637613506,66.66666666666666,0.0,54.80389892704798,0.0,1,1,E_ablate_inflow_vr1.2,True
63,000063.SZ,中兴通讯,通信设备,20240415,28.19,54.84157942706998,54.84157942706998,0.0,2.33,3.7861,64620.16,5.179952909519002,sideways,BULL_TREND,61.01649774397778,52.99921515865002,100.0,80.0,88.16526170105686,66.66666666666666,0.0,54.80389892704798,0.0,1,1,E_ablate_wyckoff_vr1.2,True
2236,002236.SZ,大华股份,IT设备,20240415,18.61,49.87676679641291,49.87676679641291,0.0,1.81,3.2501,9552.47,9.130859375000004,sideways,BULL_TREND,42.799484865424034,100.0,95.5247,40.0,27.54166306235302,63.33333333333333,0.0,34.34660825530568,0.0,2,2,E_ablate_wyckoff_vr1.2,True
2673,002673.SZ,西部证券,证券,20240415,7.25,47.572052258570885,47.572052258570885,0.0,2.67,4.8375,12445.18,3.333333333333333,sideways,BULL_TREND,70.84198709564146,33.333333333333336,100.0,80.0,58.5787673168651,33.33333333333333,0.0,86.82103055336663,0.0,3,3,E_ablate_wyckoff_vr1.2,True
63,000063.SZ,中兴通讯,通信设备,20240415,28.19,61.41804729831573,61.41804729831573,0.0,2.33,3.7861,64620.16,5.179952909519002,sideways,BULL_TREND,61.01649774397778,52.99921515865002,100.0,80.0,88.16526170105686,66.66666666666666,0.0,54.80389892704798,0.0,1,1,E_ablate_accel_vr1.2,True
2673,002673.SZ,西部证券,证券,20240415,7.25,57.99057592497488,57.99057592497488,0.0,2.67,4.8375,12445.18,3.333333333333333,sideways,BULL_TREND,70.84198709564146,33.333333333333336,100.0,80.0,58.5787673168651,33.33333333333333,0.0,86.82103055336663,0.0,2,2,E_ablate_accel_vr1.2,True
2236,002236.SZ,大华股份,IT设备,20240415,18.61,53.99835978704959,53.99835978704959,0.0,1.81,3.2501,9552.47,9.130859375000004,sideways,BULL_TREND,42.799484865424034,100.0,95.5247,40.0,27.54166306235302,63.33333333333333,0.0,34.34660825530568,0.0,3,3,E_ablate_accel_vr1.2,True
2401,002401.SZ,中远海科,软件服务,20240416,16.4,66.97769655711969,66.97769655711969,0.0,3.18,5.8794,1792.57,12.48665955176094,sideways,BULL_TREND,83.45133827548153,100.0,17.9257,100.0,57.75618198732233,66.66666666666666,100.0,62.25464587568384,0.0,1,1,A_recovered_proxy_vr1.5,True
301215,301215.SZ,中汽股份,汽车服务,20240416,5.35,66.32771426012782,66.32771426012782,0.0,3.58,5.281,1461.5,7.599309153713306,sideways,BULL_TREND,91.9979793744766,93.3218192285551,14.615,100.0,41.18431326429223,63.33333333333333,91.024,80.23770759291959,0.0,2,2,A_recovered_proxy_vr1.5,True
1287,001287.SZ,中电港,元器件,20240416,18.25,63.21304262033878,63.21304262033878,0.0,3.54,4.2572,10.32,13.91509433962264,sideways,BULL_TREND,91.18746801541364,100.0,0.1032,80.0,38.79625514540445,33.33333333333333,98.796,70.74525598725374,0.0,3,3,A_recovered_proxy_vr1.5,True
2401,002401.SZ,中远海科,软件服务,20240416,16.4,66.97769655711969,66.97769655711969,0.0,3.18,5.8794,1792.57,12.48665955176094,sideways,BULL_TREND,83.45133827548153,100.0,17.9257,100.0,57.75618198732233,66.66666666666666,100.0,62.25464587568384,0.0,1,1,B_pure_quant_vr1.5,True
301215,301215.SZ,中汽股份,汽车服务,20240416,5.35,66.32771426012782,66.32771426012782,0.0,3.58,5.281,1461.5,7.599309153713306,sideways,BULL_TREND,91.9979793744766,93.3218192285551,14.615,100.0,41.18431326429223,63.33333333333333,91.024,80.23770759291959,0.0,2,2,B_pure_quant_vr1.5,True
1287,001287.SZ,中电港,元器件,20240416,18.25,63.21304262033878,63.21304262033878,0.0,3.54,4.2572,10.32,13.91509433962264,sideways,BULL_TREND,91.18746801541364,100.0,0.1032,80.0,38.79625514540445,33.33333333333333,98.796,70.74525598725374,0.0,3,3,B_pure_quant_vr1.5,True
2401,002401.SZ,中远海科,软件服务,20240416,16.4,66.97769655711969,66.97769655711969,0.0,3.18,5.8794,1792.57,12.48665955176094,sideways,BULL_TREND,83.45133827548153,100.0,17.9257,100.0,57.75618198732233,66.66666666666666,100.0,62.25464587568384,0.0,1,1,A_recovered_proxy_vr1.2,True
301215,301215.SZ,中汽股份,汽车服务,20240416,5.35,66.32771426012782,66.32771426012782,0.0,3.58,5.281,1461.5,7.599309153713306,sideways,BULL_TREND,91.9979793744766,93.3218192285551,14.615,100.0,41.18431326429223,63.33333333333333,91.024,80.23770759291959,0.0,2,2,A_recovered_proxy_vr1.2,True
1287,001287.SZ,中电港,元器件,20240416,18.25,63.21304262033878,63.21304262033878,0.0,3.54,4.2572,10.32,13.91509433962264,sideways,BULL_TREND,91.18746801541364,100.0,0.1032,80.0,38.79625514540445,33.33333333333333,98.796,70.74525598725374,0.0,3,3,A_recovered_proxy_vr1.2,True
2401,002401.SZ,中远海科,软件服务,20240416,16.4,66.97769655711969,66.97769655711969,0.0,3.18,5.8794,1792.57,12.48665955176094,sideways,BULL_TREND,83.45133827548153,100.0,17.9257,100.0,57.75618198732233,66.66666666666666,100.0,62.25464587568384,0.0,1,1,D_pure_quant_vr1.2,True
301215,301215.SZ,中汽股份,汽车服务,20240416,5.35,66.32771426012782,66.32771426012782,0.0,3.58,5.281,1461.5,7.599309153713306,sideways,BULL_TREND,91.9979793744766,93.3218192285551,14.615,100.0,41.18431326429223,63.33333333333333,91.024,80.23770759291959,0.0,2,2,D_pure_quant_vr1.2,True
1287,001287.SZ,中电港,元器件,20240416,18.25,63.21304262033878,63.21304262033878,0.0,3.54,4.2572,10.32,13.91509433962264,sideways,BULL_TREND,91.18746801541364,100.0,0.1032,80.0,38.79625514540445,33.33333333333333,98.796,70.74525598725374,0.0,3,3,D_pure_quant_vr1.2,True
301215,301215.SZ,中汽股份,汽车服务,20240416,5.35,60.15006727048399,60.15006727048399,0.0,3.58,5.281,1461.5,7.599309153713306,sideways,BULL_TREND,91.9979793744766,93.3218192285551,14.615,100.0,41.18431326429223,63.33333333333333,91.024,80.23770759291959,0.0,1,1,E_ablate_sector_vr1.2,True
2401,002401.SZ,中远海科,软件服务,20240416,16.4,58.31426925902133,58.31426925902133,0.0,3.18,5.8794,1792.57,12.48665955176094,sideways,BULL_TREND,83.45133827548153,100.0,17.9257,100.0,57.75618198732233,66.66666666666666,100.0,62.25464587568384,0.0,2,2,E_ablate_sector_vr1.2,True
1287,001287.SZ,中电港,元器件,20240416,18.25,57.39360434852812,57.39360434852812,0.0,3.54,4.2572,10.32,13.91509433962264,sideways,BULL_TREND,91.18746801541364,100.0,0.1032,80.0,38.79625514540445,33.33333333333333,98.796,70.74525598725374,0.0,3,3,E_ablate_sector_vr1.2,True
2401,002401.SZ,中远海科,软件服务,20240416,16.4,64.82661255711967,64.82661255711967,0.0,3.18,5.8794,1792.57,12.48665955176094,sideways,BULL_TREND,83.45133827548153,100.0,17.9257,100.0,57.75618198732233,66.66666666666666,100.0,62.25464587568384,0.0,1,1,E_ablate_inflow_vr1.2,True
301215,301215.SZ,中汽股份,汽车服务,20240416,5.35,64.57391426012782,64.57391426012782,0.0,3.58,5.281,1461.5,7.599309153713306,sideways,BULL_TREND,91.9979793744766,93.3218192285551,14.615,100.0,41.18431326429223,63.33333333333333,91.024,80.23770759291959,0.0,2,2,E_ablate_inflow_vr1.2,True
1287,001287.SZ,中电港,元器件,20240416,18.25,63.20065862033879,63.20065862033879,0.0,3.54,4.2572,10.32,13.91509433962264,sideways,BULL_TREND,91.18746801541364,100.0,0.1032,80.0,38.79625514540445,33.33333333333333,98.796,70.74525598725374,0.0,3,3,E_ablate_inflow_vr1.2,True
2401,002401.SZ,中远海科,软件服务,20240416,16.4,59.50713905203762,59.50713905203762,0.0,3.18,5.8794,1792.57,12.48665955176094,sideways,BULL_TREND,83.45133827548153,100.0,17.9257,100.0,57.75618198732233,66.66666666666666,100.0,62.25464587568384,0.0,1,1,E_ablate_wyckoff_vr1.2,True
301215,301215.SZ,中汽股份,汽车服务,20240416,5.35,56.69918934897747,56.69918934897747,0.0,3.58,5.281,1461.5,7.599309153713306,sideways,BULL_TREND,91.9979793744766,93.3218192285551,14.615,100.0,41.18431326429223,63.33333333333333,91.024,80.23770759291959,0.0,2,2,E_ablate_wyckoff_vr1.2,True
1287,001287.SZ,中电港,元器件,20240416,18.25,54.72361190186834,54.72361190186834,0.0,3.54,4.2572,10.32,13.91509433962264,sideways,BULL_TREND,91.18746801541364,100.0,0.1032,80.0,38.79625514540445,33.33333333333333,98.796,70.74525598725374,0.0,3,3,E_ablate_wyckoff_vr1.2,True
2401,002401.SZ,中远海科,软件服务,20240416,16.4,66.97769655711969,66.97769655711969,0.0,3.18,5.8794,1792.57,12.48665955176094,sideways,BULL_TREND,83.45133827548153,100.0,17.9257,100.0,57.75618198732233,66.66666666666666,100.0,62.25464587568384,0.0,1,1,E_ablate_accel_vr1.2,True
301215,301215.SZ,中汽股份,汽车服务,20240416,5.35,66.32771426012782,66.32771426012782,0.0,3.58,5.281,1461.5,7.599309153713306,sideways,BULL_TREND,91.9979793744766,93.3218192285551,14.615,100.0,41.18431326429223,63.33333333333333,91.024,80.23770759291959,0.0,2,2,E_ablate_accel_vr1.2,True
1287,001287.SZ,中电港,元器件,20240416,18.25,63.21304262033878,63.21304262033878,0.0,3.54,4.2572,10.32,13.91509433962264,sideways,BULL_TREND,91.18746801541364,100.0,0.1032,80.0,38.79625514540445,33.33333333333333,98.796,70.74525598725374,0.0,3,3,E_ablate_accel_vr1.2,True
600551,600551.SH,时代出版,出版业,20240417,13.0,64.21974555428791,54.52915095376169,9.690594600526214,1.79,3.7461,3808.87,4.970760233918127,weak_momentum,BULL_TREND,41.99797937447659,100.0,38.0887,80.0,96.90594600526214,66.66666666666666,0.0,50.02841875645034,0.0,1,1,A_recovered_proxy_vr1.5,True
600551,600551.SH,时代出版,出版业,20240417,13.0,54.52915095376169,54.52915095376169,0.0,1.79,3.7461,3808.87,4.970760233918127,weak_momentum,BULL_TREND,41.99797937447659,100.0,38.0887,80.0,96.90594600526214,66.66666666666666,0.0,50.02841875645034,0.0,1,1,B_pure_quant_vr1.5,True
603019,603019.SH,中科曙光,IT设备,20240417,47.99,66.30279401528293,57.43921971104156,8.863574304241366,1.49,6.1628,10326.84,12.634261787729834,weak_momentum,BULL_TREND,28.76561653437184,94.7144851022514,100.0,100.0,88.63574304241365,33.33333333333333,0.0,25.310739303912698,0.0,1,1,A_recovered_proxy_vr1.2,True
600551,600551.SH,时代出版,出版业,20240417,13.0,63.47289020837595,54.08103774621452,9.391852462161433,1.79,3.7461,3808.87,4.970760233918127,weak_momentum,BULL_TREND,41.99797937447659,100.0,38.0887,80.0,93.91852462161432,66.66666666666666,0.0,50.02841875645034,0.0,2,2,A_recovered_proxy_vr1.2,True
603019,603019.SH,中科曙光,IT设备,20240417,47.99,57.43921971104156,57.43921971104156,0.0,1.49,6.1628,10326.84,12.634261787729834,weak_momentum,BULL_TREND,28.76561653437184,94.7144851022514,100.0,100.0,88.63574304241365,33.33333333333333,0.0,25.310739303912698,0.0,1,1,D_pure_quant_vr1.2,True
600551,600551.SH,时代出版,出版业,20240417,13.0,54.08103774621452,54.08103774621452,0.0,1.79,3.7461,3808.87,4.970760233918127,weak_momentum,BULL_TREND,41.99797937447659,100.0,38.0887,80.0,93.91852462161432,66.66666666666666,0.0,50.02841875645034,0.0,2,2,D_pure_quant_vr1.2,True
603019,603019.SH,中科曙光,IT设备,20240417,47.99,53.64260881545466,53.64260881545466,0.0,1.49,6.1628,10326.84,12.634261787729834,weak_momentum,BULL_TREND,28.76561653437184,94.7144851022514,100.0,100.0,88.63574304241365,33.33333333333333,0.0,25.310739303912698,0.0,1,1,E_ablate_wyckoff_vr1.2,True
600551,600551.SH,时代出版,出版业,20240417,13.0,46.57677493274697,46.57677493274697,0.0,1.79,3.7461,3808.87,4.970760233918127,weak_momentum,BULL_TREND,41.99797937447659,100.0,38.0887,80.0,93.91852462161432,66.66666666666666,0.0,50.02841875645034,0.0,2,2,E_ablate_wyckoff_vr1.2,True
603019,603019.SH,中科曙光,IT设备,20240417,47.99,57.43921971104156,57.43921971104156,0.0,1.49,6.1628,10326.84,12.634261787729834,weak_momentum,BULL_TREND,28.76561653437184,94.7144851022514,100.0,100.0,88.63574304241365,33.33333333333333,0.0,25.310739303912698,0.0,1,1,E_ablate_accel_vr1.2,True
600551,600551.SH,时代出版,出版业,20240417,13.0,54.08103774621452,54.08103774621452,0.0,1.79,3.7461,3808.87,4.970760233918127,weak_momentum,BULL_TREND,41.99797937447659,100.0,38.0887,80.0,93.91852462161432,66.66666666666666,0.0,50.02841875645034,0.0,2,2,E_ablate_accel_vr1.2,True
2281,002281.SZ,光迅科技,通信设备,20240418,36.97,62.90669731634026,54.88994715979674,8.01675015654352,1.53,9.1977,29813.85,12.600472813238769,weak_momentum,BULL_TREND,30.67658264589636,94.99605988967694,100.0,60.0,80.16750156543519,63.33333333333333,0.0,17.980937831127402,0.0,1,1,A_recovered_proxy_vr1.5,True
2409,002409.SZ,雅克科技,半导体,20240418,57.56,62.895292520744256,62.895292520744256,0.0,2.32,4.4005,9355.13,3.016006739679864,weak_momentum,BULL_TREND,60.706240267642364,100.0,93.5513,80.0,43.28761518820679,53.333333333333336,0.0,78.60209023800147,0.0,2,2,A_recovered_proxy_vr1.5,True
2668,002668.SZ,TCL智家,家用电器,20240418,10.81,61.76128557159258,55.99743824196766,5.763847329624925,1.68,7.9259,5229.56,4.251550044286969,weak_momentum,BULL_TREND,37.42306165020178,100.0,52.29560000000001,65.0,57.638473296249245,20.0,0.0,40.5,100.0,3,3,A_recovered_proxy_vr1.5,True
2409,002409.SZ,雅克科技,半导体,20240418,57.56,62.895292520744256,62.895292520744256,0.0,2.32,4.4005,9355.13,3.016006739679864,weak_momentum,BULL_TREND,60.706240267642364,100.0,93.5513,80.0,43.28761518820679,53.333333333333336,0.0,78.60209023800147,0.0,1,1,B_pure_quant_vr1.5,True
2668,002668.SZ,TCL智家,家用电器,20240418,10.81,55.99743824196766,55.99743824196766,0.0,1.68,7.9259,5229.56,4.251550044286969,weak_momentum,BULL_TREND,37.42306165020178,100.0,52.29560000000001,65.0,57.638473296249245,20.0,0.0,40.5,100.0,2,2,B_pure_quant_vr1.5,True
2281,002281.SZ,光迅科技,通信设备,20240418,36.97,54.88994715979674,54.88994715979674,0.0,1.53,9.1977,29813.85,12.600472813238769,weak_momentum,BULL_TREND,30.67658264589636,94.99605988967694,100.0,60.0,80.16750156543519,63.33333333333333,0.0,17.980937831127402,0.0,3,3,B_pure_quant_vr1.5,True
2281,002281.SZ,光迅科技,通信设备,20240418,36.97,62.90669731634026,54.88994715979674,8.01675015654352,1.53,9.1977,29813.85,12.600472813238769,weak_momentum,BULL_TREND,30.67658264589636,94.99605988967694,100.0,60.0,80.16750156543519,63.33333333333333,0.0,17.980937831127402,0.0,1,1,A_recovered_proxy_vr1.2,True
2409,002409.SZ,雅克科技,半导体,20240418,57.56,62.895292520744256,62.895292520744256,0.0,2.32,4.4005,9355.13,3.016006739679864,weak_momentum,BULL_TREND,60.706240267642364,100.0,93.5513,80.0,43.28761518820679,53.333333333333336,0.0,78.60209023800147,0.0,2,2,A_recovered_proxy_vr1.2,True
2668,002668.SZ,TCL智家,家用电器,20240418,10.81,61.76128557159258,55.99743824196766,5.763847329624925,1.68,7.9259,5229.56,4.251550044286969,weak_momentum,BULL_TREND,37.42306165020178,100.0,52.29560000000001,65.0,57.638473296249245,20.0,0.0,40.5,100.0,3,3,A_recovered_proxy_vr1.2,True
2409,002409.SZ,雅克科技,半导体,20240418,57.56,62.895292520744256,62.895292520744256,0.0,2.32,4.4005,9355.13,3.016006739679864,weak_momentum,BULL_TREND,60.706240267642364,100.0,93.5513,80.0,43.28761518820679,53.333333333333336,0.0,78.60209023800147,0.0,1,1,D_pure_quant_vr1.2,True
2668,002668.SZ,TCL智家,家用电器,20240418,10.81,55.99743824196766,55.99743824196766,0.0,1.68,7.9259,5229.56,4.251550044286969,weak_momentum,BULL_TREND,37.42306165020178,100.0,52.29560000000001,65.0,57.638473296249245,20.0,0.0,40.5,100.0,2,2,D_pure_quant_vr1.2,True
2281,002281.SZ,光迅科技,通信设备,20240418,36.97,54.88994715979674,54.88994715979674,0.0,1.53,9.1977,29813.85,12.600472813238769,weak_momentum,BULL_TREND,30.67658264589636,94.99605988967694,100.0,60.0,80.16750156543519,63.33333333333333,0.0,17.980937831127402,0.0,3,3,D_pure_quant_vr1.2,True
2409,002409.SZ,雅克科技,半导体,20240418,57.56,56.40215024251324,56.40215024251324,0.0,2.32,4.4005,9355.13,3.016006739679864,weak_momentum,BULL_TREND,60.706240267642364,100.0,93.5513,80.0,43.28761518820679,53.333333333333336,0.0,78.60209023800147,0.0,1,1,E_ablate_sector_vr1.2,True
601860,601860.SH,紫金银行,银行,20240418,2.66,49.54450379343236,49.54450379343236,0.0,2.02,3.1017,5606.64,1.1152416356877253,weak_momentum,BULL_TREND,50.7177646488535,43.45724907063176,56.0664,80.0,19.27385459334442,33.33333333333333,0.0,73.08900360641239,100.0,2,2,E_ablate_sector_vr1.2,True
2668,002668.SZ,TCL智家,家用电器,20240418,10.81,47.351667247530266,47.351667247530266,0.0,1.68,7.9259,5229.56,4.251550044286969,weak_momentum,BULL_TREND,37.42306165020178,100.0,52.29560000000001,65.0,57.638473296249245,20.0,0.0,40.5,100.0,3,3,E_ablate_sector_vr1.2,True
404,000404.SZ,长虹华意,家用电器,20240418,8.02,52.93598486852595,52.93598486852595,0.0,2.3,7.6891,93.2,4.86358244365362,weak_momentum,BULL_TREND,60.08169305848252,100.0,0.932,65.0,55.096714478827,0.0,0.0,69.39482491953012,100.0,1,1,E_ablate_inflow_vr1.2,True
601956,601956.SH,东贝集团,家用电器,20240418,5.18,46.778026754148215,46.778026754148215,0.0,1.46,7.283,-468.86,8.480565371024742,weak_momentum,BULL_TREND,27.298418455264624,100.0,0.0,65.0,55.096714478827,10.0,0.0,57.79171209356315,100.0,2,2,E_ablate_inflow_vr1.2,True
2668,002668.SZ,TCL智家,家用电器,20240418,10.81,46.20296641935432,46.20296641935432,0.0,1.68,7.9259,5229.56,4.251550044286969,weak_momentum,BULL_TREND,37.42306165020178,100.0,52.29560000000001,65.0,55.096714478827,20.0,0.0,40.5,100.0,3,3,E_ablate_inflow_vr1.2,True
2281,002281.SZ,光迅科技,通信设备,20240418,36.97,52.19280648512763,52.19280648512763,0.0,1.53,9.1977,29813.85,12.600472813238769,weak_momentum,BULL_TREND,30.67658264589636,94.99605988967694,100.0,60.0,80.16750156543519,63.33333333333333,0.0,17.980937831127402,0.0,1,1,E_ablate_wyckoff_vr1.2,True
2409,002409.SZ,雅克科技,半导体,20240418,57.56,51.10497898504404,51.10497898504404,0.0,2.32,4.4005,9355.13,3.016006739679864,weak_momentum,BULL_TREND,60.706240267642364,100.0,93.5513,80.0,43.28761518820679,53.333333333333336,0.0,78.60209023800147,0.0,2,2,E_ablate_wyckoff_vr1.2,True
2668,002668.SZ,TCL智家,家用电器,20240418,10.81,49.92243824196765,49.92243824196765,0.0,1.68,7.9259,5229.56,4.251550044286969,weak_momentum,BULL_TREND,37.42306165020178,100.0,52.29560000000001,65.0,57.638473296249245,20.0,0.0,40.5,100.0,3,3,E_ablate_wyckoff_vr1.2,True
2409,002409.SZ,雅克科技,半导体,20240418,57.56,62.895292520744256,62.895292520744256,0.0,2.32,4.4005,9355.13,3.016006739679864,weak_momentum,BULL_TREND,60.706240267642364,100.0,93.5513,80.0,43.28761518820679,53.333333333333336,0.0,78.60209023800147,0.0,1,1,E_ablate_accel_vr1.2,True
2281,002281.SZ,光迅科技,通信设备,20240418,36.97,54.88994715979674,54.88994715979674,0.0,1.53,9.1977,29813.85,12.600472813238769,weak_momentum,BULL_TREND,30.67658264589636,94.99605988967694,100.0,60.0,80.16750156543519,63.33333333333333,0.0,17.980937831127402,0.0,2,2,E_ablate_accel_vr1.2,True
600498,600498.SH,烽火通信,通信设备,20240418,17.44,52.201270987508806,52.201270987508806,0.0,1.51,3.6084,8226.97,16.4750957854406,weak_momentum,BULL_TREND,29.727427477517708,62.70753512132832,82.2697,80.0,80.16750156543519,10.0,0.0,59.22387611004319,0.0,3,3,E_ablate_accel_vr1.2,True
600938,600938.SH,中国海油,石油开采,20240419,30.3,75.12215453346023,66.05008748282131,9.07206705063892,2.09,3.6838,70030.2,2.5723472668810308,weak_momentum,BULL_TREND,53.17514711530789,87.17041800643092,100.0,80.0,90.7206705063892,33.33333333333333,0.0,68.92398674752248,0.0,1,1,A_recovered_proxy_vr1.5,True
600283,600283.SH,钱江水利,水务,20240419,13.03,51.09629382553781,51.09629382553781,0.0,3.03,4.4155,2538.18,4.54212454212455,weak_momentum,BULL_TREND,79.9658896849113,100.0,25.3818,80.0,39.58495836259282,0.0,0.0,83.96628412274796,0.0,2,2,A_recovered_proxy_vr1.5,True
822,000822.SZ,山东海化,化工原料,20240419,7.61,47.66358820288441,47.66358820288441,0.0,2.55,8.6722,3860.13,3.792667509481666,weak_momentum,BULL_TREND,67.52486235420666,100.0,38.6013,60.0,31.95453950979498,0.0,0.0,71.95629282189442,0.0,3,3,A_recovered_proxy_vr1.5,True
600938,600938.SH,中国海油,石油开采,20240419,30.3,66.05008748282131,66.05008748282131,0.0,2.09,3.6838,70030.2,2.5723472668810308,weak_momentum,BULL_TREND,53.17514711530789,87.17041800643092,100.0,80.0,90.7206705063892,33.33333333333333,0.0,68.92398674752248,0.0,1,1,B_pure_quant_vr1.5,True
600283,600283.SH,钱江水利,水务,20240419,13.03,51.09629382553781,51.09629382553781,0.0,3.03,4.4155,2538.18,4.54212454212455,weak_momentum,BULL_TREND,79.9658896849113,100.0,25.3818,80.0,39.58495836259282,0.0,0.0,83.96628412274796,0.0,2,2,B_pure_quant_vr1.5,True
822,000822.SZ,山东海化,化工原料,20240419,7.61,47.66358820288441,47.66358820288441,0.0,2.55,8.6722,3860.13,3.792667509481666,weak_momentum,BULL_TREND,67.52486235420666,100.0,38.6013,60.0,31.95453950979498,0.0,0.0,71.95629282189442,0.0,3,3,B_pure_quant_vr1.5,True
600938,600938.SH,中国海油,石油开采,20240419,30.3,75.12215453346023,66.05008748282131,9.07206705063892,2.09,3.6838,70030.2,2.5723472668810308,weak_momentum,BULL_TREND,53.17514711530789,87.17041800643092,100.0,80.0,90.7206705063892,33.33333333333333,0.0,68.92398674752248,0.0,1,1,A_recovered_proxy_vr1.2,True
600283,600283.SH,钱江水利,水务,20240419,13.03,51.09629382553781,51.09629382553781,0.0,3.03,4.4155,2538.18,4.54212454212455,weak_momentum,BULL_TREND,79.9658896849113,100.0,25.3818,80.0,39.58495836259282,0.0,0.0,83.96628412274796,0.0,2,2,A_recovered_proxy_vr1.2,True
822,000822.SZ,山东海化,化工原料,20240419,7.61,50.62425530335997,50.62425530335997,0.0,2.55,8.6722,3860.13,3.792667509481666,weak_momentum,BULL_TREND,67.52486235420666,100.0,38.6013,100.0,38.358986846298734,0.0,0.0,71.95629282189442,0.0,3,3,A_recovered_proxy_vr1.2,True
600938,600938.SH,中国海油,石油开采,20240419,30.3,66.05008748282131,66.05008748282131,0.0,2.09,3.6838,70030.2,2.5723472668810308,weak_momentum,BULL_TREND,53.17514711530789,87.17041800643092,100.0,80.0,90.7206705063892,33.33333333333333,0.0,68.92398674752248,0.0,1,1,D_pure_quant_vr1.2,True
600283,600283.SH,钱江水利,水务,20240419,13.03,51.09629382553781,51.09629382553781,0.0,3.03,4.4155,2538.18,4.54212454212455,weak_momentum,BULL_TREND,79.9658896849113,100.0,25.3818,80.0,39.58495836259282,0.0,0.0,83.96628412274796,0.0,2,2,D_pure_quant_vr1.2,True
822,000822.SZ,山东海化,化工原料,20240419,7.61,50.62425530335997,50.62425530335997,0.0,2.55,8.6722,3860.13,3.792667509481666,weak_momentum,BULL_TREND,67.52486235420666,100.0,38.6013,100.0,38.358986846298734,0.0,0.0,71.95629282189442,0.0,3,3,D_pure_quant_vr1.2,True
600938,600938.SH,中国海油,石油开采,20240419,30.3,52.44198690686293,52.44198690686293,0.0,2.09,3.6838,70030.2,2.5723472668810308,weak_momentum,BULL_TREND,53.17514711530789,87.17041800643092,100.0,80.0,90.7206705063892,33.33333333333333,0.0,68.92398674752248,0.0,1,1,E_ablate_sector_vr1.2,True
600283,600283.SH,钱江水利,水务,20240419,13.03,45.15855007114889,45.15855007114889,0.0,3.03,4.4155,2538.18,4.54212454212455,weak_momentum,BULL_TREND,79.9658896849113,100.0,25.3818,80.0,39.58495836259282,0.0,0.0,83.96628412274796,0.0,2,2,E_ablate_sector_vr1.2,True
600938,600938.SH,中国海油,石油开采,20240419,30.3,48.05008748282131,48.05008748282131,0.0,2.09,3.6838,70030.2,2.5723472668810308,weak_momentum,BULL_TREND,53.17514711530789,87.17041800643092,100.0,80.0,90.7206705063892,33.33333333333333,0.0,68.92398674752248,0.0,1,1,E_ablate_inflow_vr1.2,True
600283,600283.SH,钱江水利,水务,20240419,13.03,46.52756982553781,46.52756982553781,0.0,3.03,4.4155,2538.18,4.54212454212455,weak_momentum,BULL_TREND,79.9658896849113,100.0,25.3818,80.0,39.58495836259282,0.0,0.0,83.96628412274796,0.0,2,2,E_ablate_inflow_vr1.2,True
600938,600938.SH,中国海油,石油开采,20240419,30.3,55.71148947069294,55.71148947069294,0.0,2.09,3.6838,70030.2,2.5723472668810308,weak_momentum,BULL_TREND,53.17514711530789,87.17041800643092,100.0,80.0,90.7206705063892,33.33333333333333,0.0,68.92398674752248,0.0,1,1,E_ablate_wyckoff_vr1.2,True
600938,600938.SH,中国海油,石油开采,20240419,30.3,66.05008748282131,66.05008748282131,0.0,2.09,3.6838,70030.2,2.5723472668810308,weak_momentum,BULL_TREND,53.17514711530789,87.17041800643092,100.0,80.0,90.7206705063892,33.33333333333333,0.0,68.92398674752248,0.0,1,1,E_ablate_accel_vr1.2,True
600283,600283.SH,钱江水利,水务,20240419,13.03,51.09629382553781,51.09629382553781,0.0,3.03,4.4155,2538.18,4.54212454212455,weak_momentum,BULL_TREND,79.9658896849113,100.0,25.3818,80.0,39.58495836259282,0.0,0.0,83.96628412274796,0.0,2,2,E_ablate_accel_vr1.2,True
822,000822.SZ,山东海化,化工原料,20240419,7.61,50.62425530335997,50.62425530335997,0.0,2.55,8.6722,3860.13,3.792667509481666,weak_momentum,BULL_TREND,67.52486235420666,100.0,38.6013,100.0,38.358986846298734,0.0,0.0,71.95629282189442,0.0,3,3,E_ablate_accel_vr1.2,True
2555,002555.SZ,三七互娱,互联网,20240422,17.19,80.82458740982636,71.59524965344464,9.22933775638173,2.04,4.6209,18395.07,10.8864696734059,sideways,BULL_TREND,51.42845760983854,100.0,100.0,80.0,92.2933775638173,30.0,0.0,71.97485287256305,0.0,1,1,A_recovered_proxy_vr1.5,True
2555,002555.SZ,三七互娱,互联网,20240422,17.19,71.59524965344464,71.59524965344464,0.0,2.04,4.6209,18395.07,10.8864696734059,sideways,BULL_TREND,51.42845760983854,100.0,100.0,80.0,92.2933775638173,30.0,0.0,71.97485287256305,0.0,1,1,B_pure_quant_vr1.5,True
2555,002555.SZ,三七互娱,互联网,20240422,17.19,80.82458740982636,71.59524965344464,9.22933775638173,2.04,4.6209,18395.07,10.8864696734059,sideways,BULL_TREND,51.42845760983854,100.0,100.0,80.0,92.2933775638173,30.0,0.0,71.97485287256305,0.0,1,1,A_recovered_proxy_vr1.2,True
603986,603986.SH,兆易创新,半导体,20240422,75.96,59.031105297289095,59.031105297289095,0.0,1.49,5.5517,12630.2,7.849084071333268,sideways,BULL_TREND,28.76561653437184,97.48473452222112,100.0,100.0,59.85731656895409,33.33333333333333,0.0,46.756365940240485,0.0,2,2,A_recovered_proxy_vr1.2,True
603799,603799.SH,华友钴业,小金属,20240422,30.32,51.33312278645112,51.33312278645112,0.0,1.29,3.6479,13506.77,8.53695324283559,sideways,BULL_TREND,18.368553282426472,100.0,100.0,80.0,59.566893625842816,10.0,0.0,7.975058503673964,0.0,3,3,A_recovered_proxy_vr1.2,True
2555,002555.SZ,三七互娱,互联网,20240422,17.19,71.59524965344464,71.59524965344464,0.0,2.04,4.6209,18395.07,10.8864696734059,sideways,BULL_TREND,51.42845760983854,100.0,100.0,80.0,92.2933775638173,30.0,0.0,71.97485287256305,0.0,1,1,D_pure_quant_vr1.2,True
603986,603986.SH,兆易创新,半导体,20240422,75.96,59.031105297289095,59.031105297289095,0.0,1.49,5.5517,12630.2,7.849084071333268,sideways,BULL_TREND,28.76561653437184,97.48473452222112,100.0,100.0,59.85731656895409,33.33333333333333,0.0,46.756365940240485,0.0,2,2,D_pure_quant_vr1.2,True
603799,603799.SH,华友钴业,小金属,20240422,30.32,51.33312278645112,51.33312278645112,0.0,1.29,3.6479,13506.77,8.53695324283559,sideways,BULL_TREND,18.368553282426472,100.0,100.0,80.0,59.566893625842816,10.0,0.0,7.975058503673964,0.0,3,3,D_pure_quant_vr1.2,True
2555,002555.SZ,三七互娱,互联网,20240422,17.19,57.751243018872046,57.751243018872046,0.0,2.04,4.6209,18395.07,10.8864696734059,sideways,BULL_TREND,51.42845760983854,100.0,100.0,80.0,92.2933775638173,30.0,0.0,71.97485287256305,0.0,1,1,E_ablate_sector_vr1.2,True
603986,603986.SH,兆易创新,半导体,20240422,75.96,50.05250781194598,50.05250781194598,0.0,1.49,5.5517,12630.2,7.849084071333268,sideways,BULL_TREND,28.76561653437184,97.48473452222112,100.0,100.0,59.85731656895409,33.33333333333333,0.0,46.756365940240485,0.0,2,2,E_ablate_sector_vr1.2,True
2555,002555.SZ,三七互娱,互联网,20240422,17.19,59.59524965344464,59.59524965344464,0.0,2.04,4.6209,18395.07,10.8864696734059,sideways,BULL_TREND,51.42845760983854,100.0,100.0,80.0,92.2933775638173,30.0,0.0,71.97485287256305,0.0,1,1,E_ablate_inflow_vr1.2,True
600435,600435.SH,北方导航,专用机械,20240422,8.92,48.601807562205856,48.601807562205856,0.0,1.92,3.1603,-359.94,7.755946225439504,sideways,BULL_TREND,47.05531554732157,95.9324370906584,0.0,80.0,32.24493304745337,20.0,0.0,72.56468353943545,0.0,2,2,E_ablate_inflow_vr1.2,True
600262,600262.SH,北方股份,专用机械,20240422,16.87,48.42103426134751,48.42103426134751,0.0,1.88,7.7438,-164.74,10.929250263991554,sideways,BULL_TREND,45.53663309514563,100.0,0.0,100.0,32.24493304745337,33.33333333333333,0.0,57.49640297192333,0.0,3,3,E_ablate_inflow_vr1.2,True
2555,002555.SZ,三七互娱,互联网,20240422,17.19,62.95826730873707,62.95826730873707,0.0,2.04,4.6209,18395.07,10.8864696734059,sideways,BULL_TREND,51.42845760983854,100.0,100.0,80.0,92.2933775638173,30.0,0.0,71.97485287256305,0.0,1,1,E_ablate_wyckoff_vr1.2,True
603986,603986.SH,兆易创新,半导体,20240422,75.96,53.42034138446024,53.42034138446024,0.0,1.49,5.5517,12630.2,7.849084071333268,sideways,BULL_TREND,28.76561653437184,97.48473452222112,100.0,100.0,59.85731656895409,33.33333333333333,0.0,46.756365940240485,0.0,2,2,E_ablate_wyckoff_vr1.2,True
603799,603799.SH,华友钴业,小金属,20240422,30.32,50.37611576601024,50.37611576601024,0.0,1.29,3.6479,13506.77,8.53695324283559,sideways,BULL_TREND,18.368553282426472,100.0,100.0,80.0,59.566893625842816,10.0,0.0,7.975058503673964,0.0,3,3,E_ablate_wyckoff_vr1.2,True
2555,002555.SZ,三七互娱,互联网,20240422,17.19,71.59524965344464,71.59524965344464,0.0,2.04,4.6209,18395.07,10.8864696734059,sideways,BULL_TREND,51.42845760983854,100.0,100.0,80.0,92.2933775638173,30.0,0.0,71.97485287256305,0.0,1,1,E_ablate_accel_vr1.2,True
603986,603986.SH,兆易创新,半导体,20240422,75.96,59.031105297289095,59.031105297289095,0.0,1.49,5.5517,12630.2,7.849084071333268,sideways,BULL_TREND,28.76561653437184,97.48473452222112,100.0,100.0,59.85731656895409,33.33333333333333,0.0,46.756365940240485,0.0,2,2,E_ablate_accel_vr1.2,True
603799,603799.SH,华友钴业,小金属,20240422,30.32,51.33312278645112,51.33312278645112,0.0,1.29,3.6479,13506.77,8.53695324283559,sideways,BULL_TREND,18.368553282426472,100.0,100.0,80.0,59.566893625842816,10.0,0.0,7.975058503673964,0.0,3,3,E_ablate_accel_vr1.2,True
600559,600559.SH,老白干酒,白酒,20240423,19.32,61.02600170970314,53.112020599808126,7.913981109895011,2.17,3.6732,9350.16,3.399999999999999,sideways,BULL_TREND,55.88475213348772,33.99999999999999,93.5016,80.0,79.1398110989501,10.0,0.0,57.0517622133193,0.0,1,1,A_recovered_proxy_vr1.5,True
2611,002611.SZ,东方精工,轻工机械,20240423,6.39,52.40149847893851,45.17318148365924,7.228316995279261,2.01,10.7951,5800.81,22.82608695652174,sideways,BULL_TREND,50.35977507021019,35.86956521739131,58.008100000000006,60.0,72.2831699527926,53.333333333333336,0.0,41.10510384001131,0.0,2,2,A_recovered_proxy_vr1.5,True
2896,002896.SZ,中大力德,机械基件,20240423,31.69,47.06418932052459,47.06418932052459,0.0,1.71,5.2509,1531.39,16.561348077935744,sideways,BULL_TREND,38.69981625555866,84.38651922064255,15.3139,100.0,58.189111202375145,20.0,0.0,41.82634029503379,0.0,3,3,A_recovered_proxy_vr1.5,True
600559,600559.SH,老白干酒,白酒,20240423,19.32,53.112020599808126,53.112020599808126,0.0,2.17,3.6732,9350.16,3.399999999999999,sideways,BULL_TREND,55.88475213348772,33.99999999999999,93.5016,80.0,79.1398110989501,10.0,0.0,57.0517622133193,0.0,1,1,B_pure_quant_vr1.5,True
2896,002896.SZ,中大力德,机械基件,20240423,31.69,47.06418932052459,47.06418932052459,0.0,1.71,5.2509,1531.39,16.561348077935744,sideways,BULL_TREND,38.69981625555866,84.38651922064255,15.3139,100.0,58.189111202375145,20.0,0.0,41.82634029503379,0.0,2,2,B_pure_quant_vr1.5,True
2611,002611.SZ,东方精工,轻工机械,20240423,6.39,45.17318148365924,45.17318148365924,0.0,2.01,10.7951,5800.81,22.82608695652174,sideways,BULL_TREND,50.35977507021019,35.86956521739131,58.008100000000006,60.0,72.2831699527926,53.333333333333336,0.0,41.10510384001131,0.0,3,3,B_pure_quant_vr1.5,True
600559,600559.SH,老白干酒,白酒,20240423,19.32,61.02600170970314,53.112020599808126,7.913981109895011,2.17,3.6732,9350.16,3.399999999999999,sideways,BULL_TREND,55.88475213348772,33.99999999999999,93.5016,80.0,79.1398110989501,10.0,0.0,57.0517622133193,0.0,1,1,A_recovered_proxy_vr1.2,True
2611,002611.SZ,东方精工,轻工机械,20240423,6.39,52.40149847893851,45.17318148365924,7.228316995279261,2.01,10.7951,5800.81,22.82608695652174,sideways,BULL_TREND,50.35977507021019,35.86956521739131,58.008100000000006,60.0,72.2831699527926,53.333333333333336,0.0,41.10510384001131,0.0,2,2,A_recovered_proxy_vr1.2,True
2896,002896.SZ,中大力德,机械基件,20240423,31.69,47.06418932052459,47.06418932052459,0.0,1.71,5.2509,1531.39,16.561348077935744,sideways,BULL_TREND,38.69981625555866,84.38651922064255,15.3139,100.0,58.189111202375145,20.0,0.0,41.82634029503379,0.0,3,3,A_recovered_proxy_vr1.2,True
600559,600559.SH,老白干酒,白酒,20240423,19.32,53.112020599808126,53.112020599808126,0.0,2.17,3.6732,9350.16,3.399999999999999,sideways,BULL_TREND,55.88475213348772,33.99999999999999,93.5016,80.0,79.1398110989501,10.0,0.0,57.0517622133193,0.0,1,1,D_pure_quant_vr1.2,True
2896,002896.SZ,中大力德,机械基件,20240423,31.69,47.06418932052459,47.06418932052459,0.0,1.71,5.2509,1531.39,16.561348077935744,sideways,BULL_TREND,38.69981625555866,84.38651922064255,15.3139,100.0,58.189111202375145,20.0,0.0,41.82634029503379,0.0,2,2,D_pure_quant_vr1.2,True
2611,002611.SZ,东方精工,轻工机械,20240423,6.39,45.17318148365924,45.17318148365924,0.0,2.01,10.7951,5800.81,22.82608695652174,sideways,BULL_TREND,50.35977507021019,35.86956521739131,58.008100000000006,60.0,72.2831699527926,53.333333333333336,0.0,41.10510384001131,0.0,3,3,D_pure_quant_vr1.2,True
2896,002896.SZ,中大力德,机械基件,20240423,31.69,45.22652132052459,45.22652132052459,0.0,1.71,5.2509,1531.39,16.561348077935744,sideways,BULL_TREND,38.69981625555866,84.38651922064255,15.3139,100.0,58.189111202375145,20.0,0.0,41.82634029503379,0.0,1,1,E_ablate_inflow_vr1.2,True
600559,600559.SH,老白干酒,白酒,20240423,19.32,46.26580913420981,46.26580913420981,0.0,2.17,3.6732,9350.16,3.399999999999999,sideways,BULL_TREND,55.88475213348772,33.99999999999999,93.5016,80.0,79.1398110989501,10.0,0.0,57.0517622133193,0.0,1,1,E_ablate_wyckoff_vr1.2,True
600559,600559.SH,老白干酒,白酒,20240423,19.32,53.112020599808126,53.112020599808126,0.0,2.17,3.6732,9350.16,3.399999999999999,sideways,BULL_TREND,55.88475213348772,33.99999999999999,93.5016,80.0,79.1398110989501,10.0,0.0,57.0517622133193,0.0,1,1,E_ablate_accel_vr1.2,True
2896,002896.SZ,中大力德,机械基件,20240423,31.69,47.06418932052459,47.06418932052459,0.0,1.71,5.2509,1531.39,16.561348077935744,sideways,BULL_TREND,38.69981625555866,84.38651922064255,15.3139,100.0,58.189111202375145,20.0,0.0,41.82634029503379,0.0,2,2,E_ablate_accel_vr1.2,True
2611,002611.SZ,东方精工,轻工机械,20240423,6.39,45.17318148365924,45.17318148365924,0.0,2.01,10.7951,5800.81,22.82608695652174,sideways,BULL_TREND,50.35977507021019,35.86956521739131,58.008100000000006,60.0,72.2831699527926,53.333333333333336,0.0,41.10510384001131,0.0,3,3,E_ablate_accel_vr1.2,True
524,000524.SZ,岭南控股,旅游服务,20240424,9.89,55.34566962556397,46.539016927134746,8.806652698429223,1.55,6.5743,2925.07,5.449330783938817,weak_momentum,BULL_TREND,31.613410774975648,100.0,29.2507,100.0,88.06652698429224,0.0,0.0,42.14600175496376,0.0,1,1,A_recovered_proxy_vr1.5,True
561,000561.SZ,烽火电子,通信设备,20240424,7.99,51.79934623845915,43.39865050794211,8.400695730517043,1.63,5.5298,698.12,10.022522522522529,weak_momentum,BULL_TREND,35.24359822281764,100.0,6.9812,100.0,84.00695730517043,33.33333333333333,0.0,37.25189674718156,0.0,2,2,A_recovered_proxy_vr1.5,True
2173,002173.SZ,创新医疗,医疗保健,20240424,8.47,51.5664661838271,43.846676435584016,7.719789748243087,1.68,6.6088,1123.78,6.718061674008805,weak_momentum,BULL_TREND,37.42306165020178,100.0,11.2378,100.0,77.19789748243086,30.0,0.0,40.87152377126079,0.0,3,3,A_recovered_proxy_vr1.5,True
524,000524.SZ,岭南控股,旅游服务,20240424,9.89,46.539016927134746,46.539016927134746,0.0,1.55,6.5743,2925.07,5.449330783938817,weak_momentum,BULL_TREND,31.613410774975648,100.0,29.2507,100.0,88.06652698429224,0.0,0.0,42.14600175496376,0.0,1,1,B_pure_quant_vr1.5,True
2465,002465.SZ,海格通信,通信设备,20240424,11.24,55.341125036892805,46.72285211147205,8.618272925420758,1.31,3.3431,4284.59,4.6649703138252665,weak_momentum,BULL_TREND,19.47834058813628,100.0,42.8459,40.0,86.18272925420757,33.33333333333333,0.0,49.96508645635871,0.0,1,1,A_recovered_proxy_vr1.2,True
561,000561.SZ,烽火电子,通信设备,20240424,7.99,50.59328922571844,41.97501630029768,8.618272925420758,1.63,5.5298,698.12,10.022522522522529,weak_momentum,BULL_TREND,35.24359822281764,100.0,6.9812,65.0,86.18272925420757,33.33333333333333,0.0,37.25189674718156,0.0,2,2,A_recovered_proxy_vr1.2,True
2465,002465.SZ,海格通信,通信设备,20240424,11.24,46.72285211147205,46.72285211147205,0.0,1.31,3.3431,4284.59,4.6649703138252665,weak_momentum,BULL_TREND,19.47834058813628,100.0,42.8459,40.0,86.18272925420757,33.33333333333333,0.0,49.96508645635871,0.0,1,1,D_pure_quant_vr1.2,True
2465,002465.SZ,海格通信,通信设备,20240424,11.24,46.72285211147205,46.72285211147205,0.0,1.31,3.3431,4284.59,4.6649703138252665,weak_momentum,BULL_TREND,19.47834058813628,100.0,42.8459,40.0,86.18272925420757,33.33333333333333,0.0,49.96508645635871,0.0,1,1,E_ablate_accel_vr1.2,True
601137,601137.SH,博威合金,小金属,20240425,18.31,63.48293595730049,56.255290442627455,7.227645514673035,1.93,6.8505,4507.81,4.136125654450275,weak_momentum,BULL_TREND,47.430042374667785,100.0,45.078100000000006,100.0,72.27645514673034,33.33333333333333,0.0,76.79060765167378,0.0,1,1,A_recovered_proxy_vr1.5,True
605111,605111.SH,新洁能,半导体,20240425,36.67,58.48375949891183,51.85569099694385,6.628068501967981,1.85,3.3284,4978.79,6.881665820213308,weak_momentum,BULL_TREND,44.376263537079375,100.0,49.7879,80.0,66.28068501967981,43.333333333333336,0.0,54.191066978422015,0.0,2,2,A_recovered_proxy_vr1.5,True
2419,002419.SZ,天虹股份,百货,20240425,5.19,52.58856161730724,52.58856161730724,0.0,2.06,3.4116,5112.39,8.14159292035398,weak_momentum,BULL_TREND,52.132216870424685,100.0,51.123900000000006,80.0,64.2921338134911,53.333333333333336,0.0,48.37293565368802,0.0,3,3,A_recovered_proxy_vr1.5,True
601137,601137.SH,博威合金,小金属,20240425,18.31,56.255290442627455,56.255290442627455,0.0,1.93,6.8505,4507.81,4.136125654450275,weak_momentum,BULL_TREND,47.430042374667785,100.0,45.078100000000006,100.0,72.27645514673034,33.33333333333333,0.0,76.79060765167378,0.0,1,1,B_pure_quant_vr1.5,True
2419,002419.SZ,天虹股份,百货,20240425,5.19,52.58856161730724,52.58856161730724,0.0,2.06,3.4116,5112.39,8.14159292035398,weak_momentum,BULL_TREND,52.132216870424685,100.0,51.123900000000006,80.0,64.2921338134911,53.333333333333336,0.0,48.37293565368802,0.0,2,2,B_pure_quant_vr1.5,True
605111,605111.SH,新洁能,半导体,20240425,36.67,51.85569099694385,51.85569099694385,0.0,1.85,3.3284,4978.79,6.881665820213308,weak_momentum,BULL_TREND,44.376263537079375,100.0,49.7879,80.0,66.28068501967981,43.333333333333336,0.0,54.191066978422015,0.0,3,3,B_pure_quant_vr1.5,True
600129,600129.SH,太极集团,中成药,20240425,33.73,70.5930599609859,61.67311400591075,8.919945955075157,1.48,4.3862,18988.05,4.393424036281191,weak_momentum,BULL_TREND,28.279858792711256,100.0,100.0,80.0,89.19945955075157,30.0,0.0,57.00810836260881,0.0,1,1,A_recovered_proxy_vr1.2,True
601137,601137.SH,博威合金,小金属,20240425,18.31,61.16811806194941,54.8663997054168,6.301718356532604,1.93,6.8505,4507.81,4.136125654450275,weak_momentum,BULL_TREND,47.430042374667785,100.0,45.078100000000006,100.0,63.01718356532604,33.33333333333333,0.0,76.79060765167378,0.0,2,2,A_recovered_proxy_vr1.2,True
2419,002419.SZ,天虹股份,百货,20240425,5.19,51.09886160127396,51.09886160127396,0.0,2.06,3.4116,5112.39,8.14159292035398,weak_momentum,BULL_TREND,52.132216870424685,100.0,51.123900000000006,80.0,54.36080037326926,53.333333333333336,0.0,48.37293565368802,0.0,3,3,A_recovered_proxy_vr1.2,True
600129,600129.SH,太极集团,中成药,20240425,33.73,61.67311400591075,61.67311400591075,0.0,1.48,4.3862,18988.05,4.393424036281191,weak_momentum,BULL_TREND,28.279858792711256,100.0,100.0,80.0,89.19945955075157,30.0,0.0,57.00810836260881,0.0,1,1,D_pure_quant_vr1.2,True
601137,601137.SH,博威合金,小金属,20240425,18.31,54.8663997054168,54.8663997054168,0.0,1.93,6.8505,4507.81,4.136125654450275,weak_momentum,BULL_TREND,47.430042374667785,100.0,45.078100000000006,100.0,63.01718356532604,33.33333333333333,0.0,76.79060765167378,0.0,2,2,D_pure_quant_vr1.2,True
2419,002419.SZ,天虹股份,百货,20240425,5.19,51.09886160127396,51.09886160127396,0.0,2.06,3.4116,5112.39,8.14159292035398,weak_momentum,BULL_TREND,52.132216870424685,100.0,51.123900000000006,80.0,54.36080037326926,53.333333333333336,0.0,48.37293565368802,0.0,3,3,D_pure_quant_vr1.2,True
600129,600129.SH,太极集团,中成药,20240425,33.73,48.29319507329801,48.29319507329801,0.0,1.48,4.3862,18988.05,4.393424036281191,weak_momentum,BULL_TREND,28.279858792711256,100.0,100.0,80.0,89.19945955075157,30.0,0.0,57.00810836260881,0.0,1,1,E_ablate_sector_vr1.2,True
601137,601137.SH,博威合金,小金属,20240425,18.31,45.4138221706179,45.4138221706179,0.0,1.93,6.8505,4507.81,4.136125654450275,weak_momentum,BULL_TREND,47.430042374667785,100.0,45.078100000000006,100.0,63.01718356532604,33.33333333333333,0.0,76.79060765167378,0.0,2,2,E_ablate_sector_vr1.2,True
601137,601137.SH,博威合金,小金属,20240425,18.31,45.79939975728784,45.79939975728784,0.0,1.93,6.8505,4507.81,4.136125654450275,weak_momentum,BULL_TREND,47.430042374667785,100.0,45.078100000000006,100.0,56.66423724446624,33.33333333333333,0.0,76.79060765167378,0.0,1,1,E_ablate_inflow_vr1.2,True
600129,600129.SH,太极集团,中成药,20240425,33.73,53.12189775151943,53.12189775151943,0.0,1.48,4.3862,18988.05,4.393424036281191,weak_momentum,BULL_TREND,28.279858792711256,100.0,100.0,80.0,89.19945955075157,30.0,0.0,57.00810836260881,0.0,1,1,E_ablate_wyckoff_vr1.2,True
600129,600129.SH,太极集团,中成药,20240425,33.73,61.67311400591075,61.67311400591075,0.0,1.48,4.3862,18988.05,4.393424036281191,weak_momentum,BULL_TREND,28.279858792711256,100.0,100.0,80.0,89.19945955075157,30.0,0.0,57.00810836260881,0.0,1,1,E_ablate_accel_vr1.2,True
601137,601137.SH,博威合金,小金属,20240425,18.31,54.8663997054168,54.8663997054168,0.0,1.93,6.8505,4507.81,4.136125654450275,weak_momentum,BULL_TREND,47.430042374667785,100.0,45.078100000000006,100.0,63.01718356532604,33.33333333333333,0.0,76.79060765167378,0.0,2,2,E_ablate_accel_vr1.2,True
2419,002419.SZ,天虹股份,百货,20240425,5.19,51.09886160127396,51.09886160127396,0.0,2.06,3.4116,5112.39,8.14159292035398,weak_momentum,BULL_TREND,52.132216870424685,100.0,51.123900000000006,80.0,54.36080037326926,53.333333333333336,0.0,48.37293565368802,0.0,3,3,E_ablate_accel_vr1.2,True
600418,600418.SH,江淮汽车,汽车整车,20240426,16.6,71.46519652997507,63.83994230781017,7.625254222164902,2.0,4.4124,44068.29,7.262569832402218,weak_momentum,BULL_TREND,50.0,100.0,100.0,80.0,76.25254222164901,66.66666666666666,0.0,50.45818427486323,0.0,1,1,A_recovered_proxy_vr1.5,True
2241,002241.SZ,歌尔股份,元器件,20240426,15.59,59.73911395739474,59.73911395739474,0.0,1.67,3.3,27278.97,6.8697729988052485,weak_momentum,BULL_TREND,36.99240513496637,100.0,100.0,65.0,63.36826996177665,30.0,0.0,66.23341795255527,0.0,2,2,A_recovered_proxy_vr1.5,True
601519,601519.SH,大智慧,软件服务,20240426,6.66,58.28986140316399,58.28986140316399,0.0,4.61,3.27,3676.71,6.064880112834975,weak_momentum,BULL_TREND,100.0,100.0,36.7671,40.0,49.92831794995215,66.66666666666666,0.0,78.99468251558557,0.0,3,3,A_recovered_proxy_vr1.5,True
600418,600418.SH,江淮汽车,汽车整车,20240426,16.6,63.83994230781017,63.83994230781017,0.0,2.0,4.4124,44068.29,7.262569832402218,weak_momentum,BULL_TREND,50.0,100.0,100.0,80.0,76.25254222164901,66.66666666666666,0.0,50.45818427486323,0.0,1,1,B_pure_quant_vr1.5,True
2241,002241.SZ,歌尔股份,元器件,20240426,15.59,59.73911395739474,59.73911395739474,0.0,1.67,3.3,27278.97,6.8697729988052485,weak_momentum,BULL_TREND,36.99240513496637,100.0,100.0,65.0,63.36826996177665,30.0,0.0,66.23341795255527,0.0,2,2,B_pure_quant_vr1.5,True
601519,601519.SH,大智慧,软件服务,20240426,6.66,58.28986140316399,58.28986140316399,0.0,4.61,3.27,3676.71,6.064880112834975,weak_momentum,BULL_TREND,100.0,100.0,36.7671,40.0,49.92831794995215,66.66666666666666,0.0,78.99468251558557,0.0,3,3,B_pure_quant_vr1.5,True
600418,600418.SH,江淮汽车,汽车整车,20240426,16.6,72.19865046844821,63.98001467089405,8.218635797554155,2.0,4.4124,44068.29,7.262569832402218,weak_momentum,BULL_TREND,50.0,100.0,100.0,65.0,82.18635797554154,66.66666666666666,0.0,50.45818427486323,0.0,1,1,A_recovered_proxy_vr1.2,True
601127,601127.SH,赛力斯,汽车整车,20240426,94.79,62.47365485078038,54.25501905322622,8.218635797554155,1.33,4.2179,94711.23,3.766497461928928,weak_momentum,BULL_TREND,20.57131228632325,100.0,100.0,65.0,82.18635797554154,33.33333333333333,0.0,26.1646789818656,0.0,2,2,A_recovered_proxy_vr1.2,True
2241,002241.SZ,歌尔股份,元器件,20240426,15.59,59.00132010170319,59.00132010170319,0.0,1.67,3.3,27278.97,6.8697729988052485,weak_momentum,BULL_TREND,36.99240513496637,100.0,100.0,65.0,58.44964425716633,30.0,0.0,66.23341795255527,0.0,3,3,A_recovered_proxy_vr1.2,True
600418,600418.SH,江淮汽车,汽车整车,20240426,16.6,63.98001467089405,63.98001467089405,0.0,2.0,4.4124,44068.29,7.262569832402218,weak_momentum,BULL_TREND,50.0,100.0,100.0,65.0,82.18635797554154,66.66666666666666,0.0,50.45818427486323,0.0,1,1,D_pure_quant_vr1.2,True
2241,002241.SZ,歌尔股份,元器件,20240426,15.59,59.00132010170319,59.00132010170319,0.0,1.67,3.3,27278.97,6.8697729988052485,weak_momentum,BULL_TREND,36.99240513496637,100.0,100.0,65.0,58.44964425716633,30.0,0.0,66.23341795255527,0.0,2,2,D_pure_quant_vr1.2,True
601519,601519.SH,大智慧,软件服务,20240426,6.66,57.584520567537126,57.584520567537126,0.0,4.61,3.27,3676.71,6.064880112834975,weak_momentum,BULL_TREND,100.0,100.0,36.7671,40.0,45.22604571243974,66.66666666666666,0.0,78.99468251558557,0.0,3,3,D_pure_quant_vr1.2,True
600418,600418.SH,江淮汽车,汽车整车,20240426,16.6,51.652060974562815,51.652060974562815,0.0,2.0,4.4124,44068.29,7.262569832402218,weak_momentum,BULL_TREND,50.0,100.0,100.0,65.0,82.18635797554154,66.66666666666666,0.0,50.45818427486323,0.0,1,1,E_ablate_sector_vr1.2,True
601519,601519.SH,大智慧,软件服务,20240426,6.66,50.800613710671165,50.800613710671165,0.0,4.61,3.27,3676.71,6.064880112834975,weak_momentum,BULL_TREND,100.0,100.0,36.7671,40.0,45.22604571243974,66.66666666666666,0.0,78.99468251558557,0.0,2,2,E_ablate_sector_vr1.2,True
2241,002241.SZ,歌尔股份,元器件,20240426,15.59,50.23387346312825,50.23387346312825,0.0,1.67,3.3,27278.97,6.8697729988052485,weak_momentum,BULL_TREND,36.99240513496637,100.0,100.0,65.0,58.44964425716633,30.0,0.0,66.23341795255527,0.0,3,3,E_ablate_sector_vr1.2,True
601519,601519.SH,大智慧,软件服务,20240426,6.66,50.96644256753713,50.96644256753713,0.0,4.61,3.27,3676.71,6.064880112834975,weak_momentum,BULL_TREND,100.0,100.0,36.7671,40.0,45.22604571243974,66.66666666666666,0.0,78.99468251558557,0.0,1,1,E_ablate_inflow_vr1.2,True
600418,600418.SH,江淮汽车,汽车整车,20240426,16.6,45.98001467089405,45.98001467089405,0.0,2.0,4.4124,44068.29,7.262569832402218,weak_momentum,BULL_TREND,50.0,100.0,100.0,65.0,82.18635797554154,66.66666666666666,0.0,50.45818427486323,0.0,2,2,E_ablate_inflow_vr1.2,True
600418,600418.SH,江淮汽车,汽车整车,20240426,16.6,56.41128702966456,56.41128702966456,0.0,2.0,4.4124,44068.29,7.262569832402218,weak_momentum,BULL_TREND,50.0,100.0,100.0,65.0,82.18635797554154,66.66666666666666,0.0,50.45818427486323,0.0,1,1,E_ablate_wyckoff_vr1.2,True
601127,601127.SH,赛力斯,汽车整车,20240426,94.79,50.33031720594639,50.33031720594639,0.0,1.33,4.2179,94711.23,3.766497461928928,weak_momentum,BULL_TREND,20.57131228632325,100.0,100.0,65.0,82.18635797554154,33.33333333333333,0.0,26.1646789818656,0.0,2,2,E_ablate_wyckoff_vr1.2,True
2222,002222.SZ,福晶科技,元器件,20240426,26.77,49.88131489942474,49.88131489942474,0.0,1.52,3.539,10476.23,9.346427362004746,weak_momentum,BULL_TREND,30.203566183443044,100.0,100.0,65.0,58.44964425716633,66.66666666666666,0.0,43.48269743707933,0.0,3,3,E_ablate_wyckoff_vr1.2,True
600418,600418.SH,江淮汽车,汽车整车,20240426,16.6,63.98001467089405,63.98001467089405,0.0,2.0,4.4124,44068.29,7.262569832402218,weak_momentum,BULL_TREND,50.0,100.0,100.0,65.0,82.18635797554154,66.66666666666666,0.0,50.45818427486323,0.0,1,1,E_ablate_accel_vr1.2,True
2241,002241.SZ,歌尔股份,元器件,20240426,15.59,59.00132010170319,59.00132010170319,0.0,1.67,3.3,27278.97,6.8697729988052485,weak_momentum,BULL_TREND,36.99240513496637,100.0,100.0,65.0,58.44964425716633,30.0,0.0,66.23341795255527,0.0,2,2,E_ablate_accel_vr1.2,True
601519,601519.SH,大智慧,软件服务,20240426,6.66,57.584520567537126,57.584520567537126,0.0,4.61,3.27,3676.71,6.064880112834975,weak_momentum,BULL_TREND,100.0,100.0,36.7671,40.0,45.22604571243974,66.66666666666666,0.0,78.99468251558557,0.0,3,3,E_ablate_accel_vr1.2,True
600258,600258.SH,首旅酒店,酒店餐饮,20240429,15.63,57.71263001185577,57.71263001185577,0.0,1.97,3.5863,12722.81,1.388012618296523,momentum,BULL_TREND,48.90978148408258,100.0,100.0,80.0,39.68937621482323,63.33333333333333,0.0,52.716208796120746,0.0,1,1,A_recovered_proxy_vr1.5,True
601665,601665.SH,齐鲁银行,银行,20240429,4.78,55.218148853711206,55.218148853711206,0.0,2.56,3.1433,6561.93,1.646090534979425,momentum,BULL_TREND,67.80719051126377,100.0,65.61930000000001,80.0,44.36605138510818,30.0,0.0,75.5,0.0,2,2,A_recovered_proxy_vr1.5,True
600487,600487.SH,亨通光电,通信设备,20240429,14.22,54.61524307542185,54.61524307542185,0.0,1.76,4.601,25161.25,1.5916955017300944,momentum,BULL_TREND,40.77877144312863,100.0,100.0,65.0,55.08130580392117,0.0,0.0,42.32166198168322,0.0,3,3,A_recovered_proxy_vr1.5,True
600258,600258.SH,首旅酒店,酒店餐饮,20240429,15.63,57.71263001185577,57.71263001185577,0.0,1.97,3.5863,12722.81,1.388012618296523,momentum,BULL_TREND,48.90978148408258,100.0,100.0,80.0,39.68937621482323,63.33333333333333,0.0,52.716208796120746,0.0,1,1,B_pure_quant_vr1.5,True
601665,601665.SH,齐鲁银行,银行,20240429,4.78,55.218148853711206,55.218148853711206,0.0,2.56,3.1433,6561.93,1.646090534979425,momentum,BULL_TREND,67.80719051126377,100.0,65.61930000000001,80.0,44.36605138510818,30.0,0.0,75.5,0.0,2,2,B_pure_quant_vr1.5,True
600487,600487.SH,亨通光电,通信设备,20240429,14.22,54.61524307542185,54.61524307542185,0.0,1.76,4.601,25161.25,1.5916955017300944,momentum,BULL_TREND,40.77877144312863,100.0,100.0,65.0,55.08130580392117,0.0,0.0,42.32166198168322,0.0,3,3,B_pure_quant_vr1.5,True
600258,600258.SH,首旅酒店,酒店餐饮,20240429,15.63,57.6432651401726,57.6432651401726,0.0,1.97,3.5863,12722.81,1.388012618296523,momentum,BULL_TREND,48.90978148408258,100.0,100.0,80.0,39.34255185640735,63.33333333333333,0.0,52.716208796120746,0.0,1,1,A_recovered_proxy_vr1.2,True
601665,601665.SH,齐鲁银行,银行,20240429,4.78,55.218148853711206,55.218148853711206,0.0,2.56,3.1433,6561.93,1.646090534979425,momentum,BULL_TREND,67.80719051126377,100.0,65.61930000000001,80.0,44.36605138510818,30.0,0.0,75.5,0.0,2,2,A_recovered_proxy_vr1.2,True
600839,600839.SH,四川长虹,家用电器,20240429,5.48,54.36291613718884,54.36291613718884,0.0,1.8,5.8879,15962.44,2.8368794326241007,momentum,BULL_TREND,42.39984532774751,100.0,100.0,100.0,32.36059070919333,20.0,0.0,55.30821196188046,0.0,3,3,A_recovered_proxy_vr1.2,True
600258,600258.SH,首旅酒店,酒店餐饮,20240429,15.63,57.6432651401726,57.6432651401726,0.0,1.97,3.5863,12722.81,1.388012618296523,momentum,BULL_TREND,48.90978148408258,100.0,100.0,80.0,39.34255185640735,63.33333333333333,0.0,52.716208796120746,0.0,1,1,D_pure_quant_vr1.2,True
601665,601665.SH,齐鲁银行,银行,20240429,4.78,55.218148853711206,55.218148853711206,0.0,2.56,3.1433,6561.93,1.646090534979425,momentum,BULL_TREND,67.80719051126377,100.0,65.61930000000001,80.0,44.36605138510818,30.0,0.0,75.5,0.0,2,2,D_pure_quant_vr1.2,True
600839,600839.SH,四川长虹,家用电器,20240429,5.48,54.36291613718884,54.36291613718884,0.0,1.8,5.8879,15962.44,2.8368794326241007,momentum,BULL_TREND,42.39984532774751,100.0,100.0,100.0,32.36059070919333,20.0,0.0,55.30821196188046,0.0,3,3,D_pure_quant_vr1.2,True
600258,600258.SH,首旅酒店,酒店餐饮,20240429,15.63,49.77475476889113,49.77475476889113,0.0,1.97,3.5863,12722.81,1.388012618296523,momentum,BULL_TREND,48.90978148408258,100.0,100.0,80.0,39.34255185640735,63.33333333333333,0.0,52.716208796120746,0.0,1,1,E_ablate_sector_vr1.2,True
600839,600839.SH,四川长虹,家用电器,20240429,5.48,47.89079799535017,47.89079799535017,0.0,1.8,5.8879,15962.44,2.8368794326241007,momentum,BULL_TREND,42.39984532774751,100.0,100.0,100.0,32.36059070919333,20.0,0.0,55.30821196188046,0.0,2,2,E_ablate_sector_vr1.2,True
601665,601665.SH,齐鲁银行,银行,20240429,4.78,46.34493857668957,46.34493857668957,0.0,2.56,3.1433,6561.93,1.646090534979425,momentum,BULL_TREND,67.80719051126377,100.0,65.61930000000001,80.0,44.36605138510818,30.0,0.0,75.5,0.0,3,3,E_ablate_sector_vr1.2,True
601901,601901.SH,方正证券,证券,20240429,9.15,45.72809354174712,45.72809354174712,0.0,2.61,5.5374,-2921.32,3.684210526315786,momentum,BULL_TREND,69.20249033975799,95.89473684210527,0.0,65.0,76.81926565730674,0.0,0.0,71.44393175111537,0.0,1,1,E_ablate_inflow_vr1.2,True
600258,600258.SH,首旅酒店,酒店餐饮,20240429,15.63,52.37164426056052,52.37164426056052,0.0,1.97,3.5863,12722.81,1.388012618296523,momentum,BULL_TREND,48.90978148408258,100.0,100.0,80.0,39.34255185640735,63.33333333333333,0.0,52.716208796120746,0.0,1,1,E_ablate_wyckoff_vr1.2,True
600487,600487.SH,亨通光电,通信设备,20240429,14.22,49.945309948645786,49.945309948645786,0.0,1.76,4.601,25161.25,1.5916955017300944,momentum,BULL_TREND,40.77877144312863,100.0,100.0,65.0,52.89247116088244,0.0,0.0,42.32166198168322,0.0,2,2,E_ablate_wyckoff_vr1.2,True
600839,600839.SH,四川长虹,家用电器,20240429,5.48,48.83209494100079,48.83209494100079,0.0,1.8,5.8879,15962.44,2.8368794326241007,momentum,BULL_TREND,42.39984532774751,100.0,100.0,100.0,32.36059070919333,20.0,0.0,55.30821196188046,0.0,3,3,E_ablate_wyckoff_vr1.2,True
600258,600258.SH,首旅酒店,酒店餐饮,20240429,15.63,57.6432651401726,57.6432651401726,0.0,1.97,3.5863,12722.81,1.388012618296523,momentum,BULL_TREND,48.90978148408258,100.0,100.0,80.0,39.34255185640735,63.33333333333333,0.0,52.716208796120746,0.0,1,1,E_ablate_accel_vr1.2,True
601665,601665.SH,齐鲁银行,银行,20240429,4.78,55.218148853711206,55.218148853711206,0.0,2.56,3.1433,6561.93,1.646090534979425,momentum,BULL_TREND,67.80719051126377,100.0,65.61930000000001,80.0,44.36605138510818,30.0,0.0,75.5,0.0,2,2,E_ablate_accel_vr1.2,True
600839,600839.SH,四川长虹,家用电器,20240429,5.48,54.36291613718884,54.36291613718884,0.0,1.8,5.8879,15962.44,2.8368794326241007,momentum,BULL_TREND,42.39984532774751,100.0,100.0,100.0,32.36059070919333,20.0,0.0,55.30821196188046,0.0,3,3,E_ablate_accel_vr1.2,True
601128,601128.SH,常熟银行,银行,20240430,7.95,79.32612746806498,72.20010058153446,7.126026886530521,3.25,3.4732,13982.19,2.453987730061352,momentum,BULL_TREND,85.02198590705461,100.0,100.0,80.0,71.2602688653052,43.333333333333336,0.0,86.97503743351864,3.3057851239669533,1,1,A_recovered_proxy_vr1.5,True
600183,600183.SH,生益科技,元器件,20240430,19.45,76.76499919395675,68.68211030506787,8.082888888888888,3.01,3.1967,24226.99,0.7653061224489904,momentum,BULL_TREND,79.48817434924887,100.0,100.0,65.0,80.82888888888888,33.33333333333333,0.0,56.76439708236095,0.0,2,2,A_recovered_proxy_vr1.5,True
600839,600839.SH,四川长虹,家用电器,20240430,5.58,65.6071797292864,65.6071797292864,0.0,1.59,6.2688,13571.78,1.413427561837457,momentum,BULL_TREND,33.45133827548153,100.0,100.0,100.0,52.519649554222624,0.0,0.0,50.855490771196514,100.0,3,3,A_recovered_proxy_vr1.5,True
601128,601128.SH,常熟银行,银行,20240430,7.95,72.20010058153446,72.20010058153446,0.0,3.25,3.4732,13982.19,2.453987730061352,momentum,BULL_TREND,85.02198590705461,100.0,100.0,80.0,71.2602688653052,43.333333333333336,0.0,86.97503743351864,3.3057851239669533,1,1,B_pure_quant_vr1.5,True
600183,600183.SH,生益科技,元器件,20240430,19.45,68.68211030506787,68.68211030506787,0.0,3.01,3.1967,24226.99,0.7653061224489904,momentum,BULL_TREND,79.48817434924887,100.0,100.0,65.0,80.82888888888888,33.33333333333333,0.0,56.76439708236095,0.0,2,2,B_pure_quant_vr1.5,True
600839,600839.SH,四川长虹,家用电器,20240430,5.58,65.6071797292864,65.6071797292864,0.0,1.59,6.2688,13571.78,1.413427561837457,momentum,BULL_TREND,33.45133827548153,100.0,100.0,100.0,52.519649554222624,0.0,0.0,50.855490771196514,100.0,3,3,B_pure_quant_vr1.5,True
601128,601128.SH,常熟银行,银行,20240430,7.95,79.32612746806498,72.20010058153446,7.126026886530521,3.25,3.4732,13982.19,2.453987730061352,momentum,BULL_TREND,85.02198590705461,100.0,100.0,80.0,71.2602688653052,43.333333333333336,0.0,86.97503743351864,3.3057851239669533,1,1,A_recovered_proxy_vr1.2,True
600183,600183.SH,生益科技,元器件,20240430,19.45,76.76499919395675,68.68211030506787,8.082888888888888,3.01,3.1967,24226.99,0.7653061224489904,momentum,BULL_TREND,79.48817434924887,100.0,100.0,65.0,80.82888888888888,33.33333333333333,0.0,56.76439708236095,0.0,2,2,A_recovered_proxy_vr1.2,True
600839,600839.SH,四川长虹,家用电器,20240430,5.58,63.607885585946455,63.607885585946455,0.0,1.59,6.2688,13571.78,1.413427561837457,momentum,BULL_TREND,33.45133827548153,100.0,100.0,65.0,51.273178837522856,0.0,0.0,50.855490771196514,100.0,3,3,A_recovered_proxy_vr1.2,True
601128,601128.SH,常熟银行,银行,20240430,7.95,72.20010058153446,72.20010058153446,0.0,3.25,3.4732,13982.19,2.453987730061352,momentum,BULL_TREND,85.02198590705461,100.0,100.0,80.0,71.2602688653052,43.333333333333336,0.0,86.97503743351864,3.3057851239669533,1,1,D_pure_quant_vr1.2,True
600183,600183.SH,生益科技,元器件,20240430,19.45,68.68211030506787,68.68211030506787,0.0,3.01,3.1967,24226.99,0.7653061224489904,momentum,BULL_TREND,79.48817434924887,100.0,100.0,65.0,80.82888888888888,33.33333333333333,0.0,56.76439708236095,0.0,2,2,D_pure_quant_vr1.2,True
600839,600839.SH,四川长虹,家用电器,20240430,5.58,63.607885585946455,63.607885585946455,0.0,1.59,6.2688,13571.78,1.413427561837457,momentum,BULL_TREND,33.45133827548153,100.0,100.0,65.0,51.273178837522856,0.0,0.0,50.855490771196514,100.0,3,3,D_pure_quant_vr1.2,True
601128,601128.SH,常熟银行,银行,20240430,7.95,57.94804680847342,57.94804680847342,0.0,3.25,3.4732,13982.19,2.453987730061352,momentum,BULL_TREND,85.02198590705461,100.0,100.0,80.0,71.2602688653052,43.333333333333336,0.0,86.97503743351864,3.3057851239669533,1,1,E_ablate_sector_vr1.2,True
600839,600839.SH,四川长虹,家用电器,20240430,5.58,53.35324981844188,53.35324981844188,0.0,1.59,6.2688,13571.78,1.413427561837457,momentum,BULL_TREND,33.45133827548153,100.0,100.0,65.0,51.273178837522856,0.0,0.0,50.855490771196514,100.0,2,2,E_ablate_sector_vr1.2,True
600183,600183.SH,生益科技,元器件,20240430,19.45,52.51633252729009,52.51633252729009,0.0,3.01,3.1967,24226.99,0.7653061224489904,momentum,BULL_TREND,79.48817434924887,100.0,100.0,65.0,80.82888888888888,33.33333333333333,0.0,56.76439708236095,0.0,3,3,E_ablate_sector_vr1.2,True
601128,601128.SH,常熟银行,银行,20240430,7.95,52.6167104241777,52.6167104241777,0.0,3.25,3.4732,13982.19,2.453987730061352,momentum,BULL_TREND,85.02198590705461,100.0,100.0,80.0,73.34331807852143,43.333333333333336,0.0,86.97503743351864,3.3057851239669533,1,1,E_ablate_inflow_vr1.2,True
600183,600183.SH,生益科技,元器件,20240430,19.45,48.328582527290095,48.328582527290095,0.0,3.01,3.1967,24226.99,0.7653061224489904,momentum,BULL_TREND,79.48817434924887,100.0,100.0,65.0,79.06125,33.33333333333333,0.0,56.76439708236095,0.0,2,2,E_ablate_inflow_vr1.2,True
601128,601128.SH,常熟银行,银行,20240430,7.95,63.5025968381826,63.5025968381826,0.0,3.25,3.4732,13982.19,2.453987730061352,momentum,BULL_TREND,85.02198590705461,100.0,100.0,80.0,71.2602688653052,43.333333333333336,0.0,86.97503743351864,3.3057851239669533,1,1,E_ablate_wyckoff_vr1.2,True
600183,600183.SH,生益科技,元器件,20240430,19.45,63.00567059683177,63.00567059683177,0.0,3.01,3.1967,24226.99,0.7653061224489904,momentum,BULL_TREND,79.48817434924887,100.0,100.0,65.0,80.82888888888888,33.33333333333333,0.0,56.76439708236095,0.0,2,2,E_ablate_wyckoff_vr1.2,True
600839,600839.SH,四川长虹,家用电器,20240430,5.58,58.5223365088268,58.5223365088268,0.0,1.59,6.2688,13571.78,1.413427561837457,momentum,BULL_TREND,33.45133827548153,100.0,100.0,65.0,51.273178837522856,0.0,0.0,50.855490771196514,100.0,3,3,E_ablate_wyckoff_vr1.2,True
601128,601128.SH,常熟银行,银行,20240430,7.95,71.86952206913777,71.86952206913777,0.0,3.25,3.4732,13982.19,2.453987730061352,momentum,BULL_TREND,85.02198590705461,100.0,100.0,80.0,71.2602688653052,43.333333333333336,0.0,86.97503743351864,3.3057851239669533,1,1,E_ablate_accel_vr1.2,True
600183,600183.SH,生益科技,元器件,20240430,19.45,68.68211030506787,68.68211030506787,0.0,3.01,3.1967,24226.99,0.7653061224489904,momentum,BULL_TREND,79.48817434924887,100.0,100.0,65.0,80.82888888888888,33.33333333333333,0.0,56.76439708236095,0.0,2,2,E_ablate_accel_vr1.2,True
1330,001330.SZ,博纳影业,影视音像,20240430,7.21,55.72540365304593,55.72540365304593,0.0,2.71,4.7146,8253.44,3.480589022757695,momentum,BULL_TREND,71.91464257895734,97.11646586345384,82.5344,80.0,43.72456151101255,20.0,0.0,49.74768377654435,0.0,3,3,E_ablate_accel_vr1.2,True
600141,600141.SH,兴发集团,农药化肥,20240506,22.68,73.7031265798422,64.64725652680264,9.055870053039577,1.66,3.2766,10810.88,0.351493848857653,momentum,BULL_TREND,36.55916207861,100.0,100.0,65.0,90.55870053039575,66.66666666666666,0.0,44.68308775598654,0.0,1,1,A_recovered_proxy_vr1.5,True
600480,600480.SH,凌云股份,汽车配件,20240506,11.81,72.79918513540393,66.1284176766062,6.670767458797731,3.93,11.6466,8758.17,1.3366750208855482,momentum,BULL_TREND,98.72646562419408,100.0,87.5817,60.0,66.70767458797731,30.0,0.0,59.615729153816325,0.0,2,2,A_recovered_proxy_vr1.5,True
600096,600096.SH,云天化,农药化肥,20240506,21.4,72.26271551391407,63.2068454608745,9.055870053039577,1.7,3.1897,20642.68,2.1490626428898145,momentum,BULL_TREND,38.27673731814885,100.0,100.0,65.0,90.55870053039575,33.33333333333333,0.0,44.36928090406356,0.0,3,3,A_recovered_proxy_vr1.5,True
600480,600480.SH,凌云股份,汽车配件,20240506,11.81,66.1284176766062,66.1284176766062,0.0,3.93,11.6466,8758.17,1.3366750208855482,momentum,BULL_TREND,98.72646562419408,100.0,87.5817,60.0,66.70767458797731,30.0,0.0,59.615729153816325,0.0,1,1,B_pure_quant_vr1.5,True
600141,600141.SH,兴发集团,农药化肥,20240506,22.68,64.64725652680264,64.64725652680264,0.0,1.66,3.2766,10810.88,0.351493848857653,momentum,BULL_TREND,36.55916207861,100.0,100.0,65.0,90.55870053039575,66.66666666666666,0.0,44.68308775598654,0.0,2,2,B_pure_quant_vr1.5,True
600096,600096.SH,云天化,农药化肥,20240506,21.4,63.2068454608745,63.2068454608745,0.0,1.7,3.1897,20642.68,2.1490626428898145,momentum,BULL_TREND,38.27673731814885,100.0,100.0,65.0,90.55870053039575,33.33333333333333,0.0,44.36928090406356,0.0,3,3,B_pure_quant_vr1.5,True
600141,600141.SH,兴发集团,农药化肥,20240506,22.68,73.27600499681488,64.36250880478441,8.913496192030465,1.66,3.2766,10810.88,0.351493848857653,momentum,BULL_TREND,36.55916207861,100.0,100.0,65.0,89.13496192030465,66.66666666666666,0.0,44.68308775598654,0.0,1,1,A_recovered_proxy_vr1.2,True
600096,600096.SH,云天化,农药化肥,20240506,21.4,70.58559393088674,61.67209773885628,8.913496192030465,1.7,3.1897,20642.68,2.1490626428898145,momentum,BULL_TREND,38.27673731814885,100.0,100.0,40.0,89.13496192030465,33.33333333333333,0.0,44.36928090406356,0.0,2,2,A_recovered_proxy_vr1.2,True
600480,600480.SH,凌云股份,汽车配件,20240506,11.81,68.51271136289105,68.51271136289105,0.0,3.93,11.6466,8758.17,1.3366750208855482,momentum,BULL_TREND,98.72646562419408,100.0,87.5817,100.0,68.62914301940154,30.0,0.0,59.615729153816325,0.0,3,3,A_recovered_proxy_vr1.2,True
600480,600480.SH,凌云股份,汽车配件,20240506,11.81,68.51271136289105,68.51271136289105,0.0,3.93,11.6466,8758.17,1.3366750208855482,momentum,BULL_TREND,98.72646562419408,100.0,87.5817,100.0,68.62914301940154,30.0,0.0,59.615729153816325,0.0,1,1,D_pure_quant_vr1.2,True
600141,600141.SH,兴发集团,农药化肥,20240506,22.68,64.36250880478441,64.36250880478441,0.0,1.66,3.2766,10810.88,0.351493848857653,momentum,BULL_TREND,36.55916207861,100.0,100.0,65.0,89.13496192030465,66.66666666666666,0.0,44.68308775598654,0.0,2,2,D_pure_quant_vr1.2,True
600096,600096.SH,云天化,农药化肥,20240506,21.4,61.67209773885628,61.67209773885628,0.0,1.7,3.1897,20642.68,2.1490626428898145,momentum,BULL_TREND,38.27673731814885,100.0,100.0,40.0,89.13496192030465,33.33333333333333,0.0,44.36928090406356,0.0,3,3,D_pure_quant_vr1.2,True
600480,600480.SH,凌云股份,汽车配件,20240506,11.81,54.78688275901074,54.78688275901074,0.0,3.93,11.6466,8758.17,1.3366750208855482,momentum,BULL_TREND,98.72646562419408,100.0,87.5817,100.0,68.62914301940154,30.0,0.0,59.615729153816325,0.0,1,1,E_ablate_sector_vr1.2,True
600141,600141.SH,兴发集团,农药化肥,20240506,22.68,46.53551642072348,46.53551642072348,0.0,1.66,3.2766,10810.88,0.351493848857653,momentum,BULL_TREND,36.55916207861,100.0,100.0,65.0,89.13496192030465,66.66666666666666,0.0,44.68308775598654,0.0,2,2,E_ablate_sector_vr1.2,True
600480,600480.SH,凌云股份,汽车配件,20240506,11.81,50.996371362891054,50.996371362891054,0.0,3.93,11.6466,8758.17,1.3366750208855482,momentum,BULL_TREND,98.72646562419408,100.0,87.5817,100.0,68.62914301940154,30.0,0.0,59.615729153816325,0.0,1,1,E_ablate_inflow_vr1.2,True
521,000521.SZ,长虹美菱,家用电器,20240506,10.81,48.62303584535754,48.62303584535754,0.0,2.93,5.8392,457.16,4.166666666666656,momentum,BULL_TREND,77.54503323237616,93.00000000000006,4.5716,65.0,41.8351085257195,43.333333333333336,0.0,39.07592488690546,100.0,2,2,E_ablate_inflow_vr1.2,True
600480,600480.SH,凌云股份,汽车配件,20240506,11.81,62.55113844750942,62.55113844750942,0.0,3.93,11.6466,8758.17,1.3366750208855482,momentum,BULL_TREND,98.72646562419408,100.0,87.5817,100.0,68.62914301940154,30.0,0.0,59.615729153816325,0.0,1,1,E_ablate_wyckoff_vr1.2,True
600141,600141.SH,兴发集团,农药化肥,20240506,22.68,59.89420002918576,59.89420002918576,0.0,1.66,3.2766,10810.88,0.351493848857653,momentum,BULL_TREND,36.55916207861,100.0,100.0,65.0,89.13496192030465,66.66666666666666,0.0,44.68308775598654,0.0,2,2,E_ablate_wyckoff_vr1.2,True
600096,600096.SH,云天化,农药化肥,20240506,21.4,57.235169648449926,57.235169648449926,0.0,1.7,3.1897,20642.68,2.1490626428898145,momentum,BULL_TREND,38.27673731814885,100.0,100.0,40.0,89.13496192030465,33.33333333333333,0.0,44.36928090406356,0.0,3,3,E_ablate_wyckoff_vr1.2,True
600480,600480.SH,凌云股份,汽车配件,20240506,11.81,68.51271136289105,68.51271136289105,0.0,3.93,11.6466,8758.17,1.3366750208855482,momentum,BULL_TREND,98.72646562419408,100.0,87.5817,100.0,68.62914301940154,30.0,0.0,59.615729153816325,0.0,1,1,E_ablate_accel_vr1.2,True
600141,600141.SH,兴发集团,农药化肥,20240506,22.68,64.36250880478441,64.36250880478441,0.0,1.66,3.2766,10810.88,0.351493848857653,momentum,BULL_TREND,36.55916207861,100.0,100.0,65.0,89.13496192030465,66.66666666666666,0.0,44.68308775598654,0.0,2,2,E_ablate_accel_vr1.2,True
600096,600096.SH,云天化,农药化肥,20240506,21.4,61.67209773885628,61.67209773885628,0.0,1.7,3.1897,20642.68,2.1490626428898145,momentum,BULL_TREND,38.27673731814885,100.0,100.0,40.0,89.13496192030465,33.33333333333333,0.0,44.36928090406356,0.0,3,3,E_ablate_accel_vr1.2,True
600141,600141.SH,兴发集团,农药化肥,20240507,24.02,72.17915835552276,63.9677824777018,8.21137587782096,1.91,4.3712,26216.5,1.3147082990961392,momentum,BULL_TREND,46.67863191305119,100.0,100.0,80.0,82.11375877820959,33.33333333333333,0.0,48.76569268435532,0.0,1,1,A_recovered_proxy_vr1.5,True
2519,002519.SZ,银河电子,通信设备,20240507,5.7,60.6100856462337,54.11427986583581,6.495805780397887,1.52,8.1462,9461.2,0.8695652173913012,momentum,BULL_TREND,30.203566183443044,100.0,94.612,60.0,64.95805780397886,33.33333333333333,0.0,30.030667108569126,0.0,2,2,A_recovered_proxy_vr1.5,True
2539,002539.SZ,云图控股,农药化肥,20240507,8.74,57.11027746535461,48.89890158753366,8.21137587782096,1.66,3.1938,3458.14,0.6818181818181874,momentum,BULL_TREND,36.55916207861,100.0,34.5814,80.0,82.11375877820959,20.0,0.0,50.7599552010024,0.0,3,3,A_recovered_proxy_vr1.5,True
600141,600141.SH,兴发集团,农药化肥,20240507,24.02,63.9677824777018,63.9677824777018,0.0,1.91,4.3712,26216.5,1.3147082990961392,momentum,BULL_TREND,46.67863191305119,100.0,100.0,80.0,82.11375877820959,33.33333333333333,0.0,48.76569268435532,0.0,1,1,B_pure_quant_vr1.5,True
657,000657.SZ,中钨高新,小金属,20240507,12.4,55.73402652239217,55.73402652239217,0.0,2.32,5.6884,6109.43,2.5157232704402537,momentum,BULL_TREND,60.706240267642364,100.0,61.0943,100.0,54.19017108561806,53.333333333333336,0.0,59.045295984555366,0.0,2,2,B_pure_quant_vr1.5,True
2519,002519.SZ,银河电子,通信设备,20240507,5.7,54.11427986583581,54.11427986583581,0.0,1.52,8.1462,9461.2,0.8695652173913012,momentum,BULL_TREND,30.203566183443044,100.0,94.612,60.0,64.95805780397886,33.33333333333333,0.0,30.030667108569126,0.0,3,3,B_pure_quant_vr1.5,True
600141,600141.SH,兴发集团,农药化肥,20240507,24.02,67.29896933857054,60.71432313306698,6.584646205503555,1.91,4.3712,26216.5,1.3147082990961392,momentum,BULL_TREND,46.67863191305119,100.0,100.0,80.0,65.84646205503554,33.33333333333333,0.0,48.76569268435532,0.0,1,1,A_recovered_proxy_vr1.2,True
600765,600765.SH,中航重机,航空,20240507,18.98,67.06493063817291,58.54105747573822,8.523873162434697,1.41,4.1789,23877.88,0.2103049421661364,momentum,BULL_TREND,24.78475813120344,100.0,100.0,65.0,85.23873162434697,33.33333333333333,0.0,28.58930764521641,0.0,2,2,A_recovered_proxy_vr1.2,True
600038,600038.SH,中直股份,航空,20240507,44.26,65.09569501064564,56.57182184821095,8.523873162434697,1.27,3.4667,16802.07,2.0362992474546298,momentum,BULL_TREND,17.241424849872057,100.0,100.0,65.0,85.23873162434697,33.33333333333333,0.0,20.211951291940768,0.0,3,3,A_recovered_proxy_vr1.2,True
600141,600141.SH,兴发集团,农药化肥,20240507,24.02,60.71432313306698,60.71432313306698,0.0,1.91,4.3712,26216.5,1.3147082990961392,momentum,BULL_TREND,46.67863191305119,100.0,100.0,80.0,65.84646205503554,33.33333333333333,0.0,48.76569268435532,0.0,1,1,D_pure_quant_vr1.2,True
600765,600765.SH,中航重机,航空,20240507,18.98,58.54105747573822,58.54105747573822,0.0,1.41,4.1789,23877.88,0.2103049421661364,momentum,BULL_TREND,24.78475813120344,100.0,100.0,65.0,85.23873162434697,33.33333333333333,0.0,28.58930764521641,0.0,2,2,D_pure_quant_vr1.2,True
600038,600038.SH,中直股份,航空,20240507,44.26,56.57182184821095,56.57182184821095,0.0,1.27,3.4667,16802.07,2.0362992474546298,momentum,BULL_TREND,17.241424849872057,100.0,100.0,65.0,85.23873162434697,33.33333333333333,0.0,20.211951291940768,0.0,3,3,D_pure_quant_vr1.2,True
600141,600141.SH,兴发集团,农药化肥,20240507,24.02,47.54503072205988,47.54503072205988,0.0,1.91,4.3712,26216.5,1.3147082990961392,momentum,BULL_TREND,46.67863191305119,100.0,100.0,80.0,65.84646205503554,33.33333333333333,0.0,48.76569268435532,0.0,1,1,E_ablate_sector_vr1.2,True
600141,600141.SH,兴发集团,农药化肥,20240507,24.02,55.83775386463145,55.83775386463145,0.0,1.91,4.3712,26216.5,1.3147082990961392,momentum,BULL_TREND,46.67863191305119,100.0,100.0,80.0,65.84646205503554,33.33333333333333,0.0,48.76569268435532,0.0,1,1,E_ablate_wyckoff_vr1.2,True
600765,600765.SH,中航重机,航空,20240507,18.98,55.682126711216576,55.682126711216576,0.0,1.41,4.1789,23877.88,0.2103049421661364,momentum,BULL_TREND,24.78475813120344,100.0,100.0,65.0,85.23873162434697,33.33333333333333,0.0,28.58930764521641,0.0,2,2,E_ablate_wyckoff_vr1.2,True
600038,600038.SH,中直股份,航空,20240507,44.26,54.55062671901687,54.55062671901687,0.0,1.27,3.4667,16802.07,2.0362992474546298,momentum,BULL_TREND,17.241424849872057,100.0,100.0,65.0,85.23873162434697,33.33333333333333,0.0,20.211951291940768,0.0,3,3,E_ablate_wyckoff_vr1.2,True
600141,600141.SH,兴发集团,农药化肥,20240507,24.02,60.71432313306698,60.71432313306698,0.0,1.91,4.3712,26216.5,1.3147082990961392,momentum,BULL_TREND,46.67863191305119,100.0,100.0,80.0,65.84646205503554,33.33333333333333,0.0,48.76569268435532,0.0,1,1,E_ablate_accel_vr1.2,True
600765,600765.SH,中航重机,航空,20240507,18.98,58.54105747573822,58.54105747573822,0.0,1.41,4.1789,23877.88,0.2103049421661364,momentum,BULL_TREND,24.78475813120344,100.0,100.0,65.0,85.23873162434697,33.33333333333333,0.0,28.58930764521641,0.0,2,2,E_ablate_accel_vr1.2,True
600038,600038.SH,中直股份,航空,20240507,44.26,56.57182184821095,56.57182184821095,0.0,1.27,3.4667,16802.07,2.0362992474546298,momentum,BULL_TREND,17.241424849872057,100.0,100.0,65.0,85.23873162434697,33.33333333333333,0.0,20.211951291940768,0.0,3,3,E_ablate_accel_vr1.2,True
766,000766.SZ,通化金马,化学制药,20240508,18.06,64.83727222052426,56.300069582427376,8.537202638096884,1.76,3.1579,8112.43,3.370786516853946,weak_momentum,BULL_TREND,40.77877144312863,100.0,81.1243,40.0,85.37202638096883,63.33333333333333,0.0,37.38939494764061,0.0,1,1,A_recovered_proxy_vr1.5,True
301246,301246.SZ,宏源药业,化学制药,20240508,17.11,59.625198240711335,51.08799560261445,8.537202638096884,2.74,8.2325,663.77,5.207756232686987,weak_momentum,BULL_TREND,72.7087946592901,100.0,6.6377,80.0,85.37202638096883,63.33333333333333,0.0,46.76279853272631,0.0,2,2,A_recovered_proxy_vr1.5,True
415,000415.SZ,渤海租赁,多元金融,20240508,2.54,49.89631411091375,49.89631411091375,0.0,1.56,3.0281,8623.41,3.05343511450382,weak_momentum,BULL_TREND,32.07730145437618,100.0,86.2341,80.0,50.557191829491785,0.0,0.0,39.86001412222372,0.0,3,3,A_recovered_proxy_vr1.5,True
766,000766.SZ,通化金马,化学制药,20240508,18.06,56.300069582427376,56.300069582427376,0.0,1.76,3.1579,8112.43,3.370786516853946,weak_momentum,BULL_TREND,40.77877144312863,100.0,81.1243,40.0,85.37202638096883,63.33333333333333,0.0,37.38939494764061,0.0,1,1,B_pure_quant_vr1.5,True
301246,301246.SZ,宏源药业,化学制药,20240508,17.11,51.08799560261445,51.08799560261445,0.0,2.74,8.2325,663.77,5.207756232686987,weak_momentum,BULL_TREND,72.7087946592901,100.0,6.6377,80.0,85.37202638096883,63.33333333333333,0.0,46.76279853272631,0.0,2,2,B_pure_quant_vr1.5,True
415,000415.SZ,渤海租赁,多元金融,20240508,2.54,49.89631411091375,49.89631411091375,0.0,1.56,3.0281,8623.41,3.05343511450382,weak_momentum,BULL_TREND,32.07730145437618,100.0,86.2341,80.0,50.557191829491785,0.0,0.0,39.86001412222372,0.0,3,3,B_pure_quant_vr1.5,True
766,000766.SZ,通化金马,化学制药,20240508,18.06,64.83727222052426,56.300069582427376,8.537202638096884,1.76,3.1579,8112.43,3.370786516853946,weak_momentum,BULL_TREND,40.77877144312863,100.0,81.1243,40.0,85.37202638096883,63.33333333333333,0.0,37.38939494764061,0.0,1,1,A_recovered_proxy_vr1.2,True
301246,301246.SZ,宏源药业,化学制药,20240508,17.11,59.625198240711335,51.08799560261445,8.537202638096884,2.74,8.2325,663.77,5.207756232686987,weak_momentum,BULL_TREND,72.7087946592901,100.0,6.6377,80.0,85.37202638096883,63.33333333333333,0.0,46.76279853272631,0.0,2,2,A_recovered_proxy_vr1.2,True
600392,600392.SH,盛和资源,小金属,20240508,10.43,53.96255331498003,53.96255331498003,0.0,1.45,3.1051,8502.03,11.610169491525433,weak_momentum,BULL_TREND,26.802645012010483,100.0,85.0203,80.0,59.77602336341265,20.0,0.0,57.81399372444375,0.0,3,3,A_recovered_proxy_vr1.2,True
766,000766.SZ,通化金马,化学制药,20240508,18.06,56.300069582427376,56.300069582427376,0.0,1.76,3.1579,8112.43,3.370786516853946,weak_momentum,BULL_TREND,40.77877144312863,100.0,81.1243,40.0,85.37202638096883,63.33333333333333,0.0,37.38939494764061,0.0,1,1,D_pure_quant_vr1.2,True
600392,600392.SH,盛和资源,小金属,20240508,10.43,53.96255331498003,53.96255331498003,0.0,1.45,3.1051,8502.03,11.610169491525433,weak_momentum,BULL_TREND,26.802645012010483,100.0,85.0203,80.0,59.77602336341265,20.0,0.0,57.81399372444375,0.0,2,2,D_pure_quant_vr1.2,True
301246,301246.SZ,宏源药业,化学制药,20240508,17.11,51.08799560261445,51.08799560261445,0.0,2.74,8.2325,663.77,5.207756232686987,weak_momentum,BULL_TREND,72.7087946592901,100.0,6.6377,80.0,85.37202638096883,63.33333333333333,0.0,46.76279853272631,0.0,3,3,D_pure_quant_vr1.2,True
301246,301246.SZ,宏源药业,化学制药,20240508,17.11,49.50015564546913,49.50015564546913,0.0,2.74,8.2325,663.77,5.207756232686987,weak_momentum,BULL_TREND,72.7087946592901,100.0,6.6377,80.0,82.75166666666667,63.33333333333333,0.0,46.76279853272631,0.0,1,1,E_ablate_inflow_vr1.2,True
766,000766.SZ,通化金马,化学制药,20240508,18.06,50.69166034028129,50.69166034028129,0.0,1.76,3.1579,8112.43,3.370786516853946,weak_momentum,BULL_TREND,40.77877144312863,100.0,81.1243,40.0,85.37202638096883,63.33333333333333,0.0,37.38939494764061,0.0,1,1,E_ablate_wyckoff_vr1.2,True
600392,600392.SH,盛和资源,小金属,20240508,10.43,45.29045425631347,45.29045425631347,0.0,1.45,3.1051,8502.03,11.610169491525433,weak_momentum,BULL_TREND,26.802645012010483,100.0,85.0203,80.0,59.77602336341265,20.0,0.0,57.81399372444375,0.0,2,2,E_ablate_wyckoff_vr1.2,True
601020,601020.SH,华钰矿业,铅锌,20240508,11.16,45.17423676241136,45.17423676241136,0.0,1.42,9.7321,9097.3,3.3766233766233813,weak_momentum,BULL_TREND,25.294546486497865,100.0,90.973,60.0,63.366098596244505,10.0,0.0,25.81301841809261,0.0,3,3,E_ablate_wyckoff_vr1.2,True
766,000766.SZ,通化金马,化学制药,20240508,18.06,56.300069582427376,56.300069582427376,0.0,1.76,3.1579,8112.43,3.370786516853946,weak_momentum,BULL_TREND,40.77877144312863,100.0,81.1243,40.0,85.37202638096883,63.33333333333333,0.0,37.38939494764061,0.0,1,1,E_ablate_accel_vr1.2,True
600392,600392.SH,盛和资源,小金属,20240508,10.43,53.96255331498003,53.96255331498003,0.0,1.45,3.1051,8502.03,11.610169491525433,weak_momentum,BULL_TREND,26.802645012010483,100.0,85.0203,80.0,59.77602336341265,20.0,0.0,57.81399372444375,0.0,2,2,E_ablate_accel_vr1.2,True
301246,301246.SZ,宏源药业,化学制药,20240508,17.11,51.08799560261445,51.08799560261445,0.0,2.74,8.2325,663.77,5.207756232686987,weak_momentum,BULL_TREND,72.7087946592901,100.0,6.6377,80.0,85.37202638096883,63.33333333333333,0.0,46.76279853272631,0.0,3,3,E_ablate_accel_vr1.2,True
766,000766.SZ,通化金马,化学制药,20240509,18.94,74.44762838767576,65.67500158658768,8.772626801088078,2.43,5.0369,12201.4,4.5843828715365245,weak_momentum,BULL_TREND,64.04781569155281,100.0,100.0,100.0,87.72626801088077,10.0,0.0,49.39259354148426,0.0,1,1,A_recovered_proxy_vr1.5,True
600979,600979.SH,广安爱众,水力发电,20240509,3.74,50.75092013413949,50.75092013413949,0.0,2.24,7.4989,3574.81,5.076142131979688,weak_momentum,BULL_TREND,58.17493661414398,100.0,35.7481,100.0,59.14319599158456,0.0,0.0,64.79028162186808,0.0,2,2,A_recovered_proxy_vr1.5,True
766,000766.SZ,通化金马,化学制药,20240509,18.94,65.67500158658768,65.67500158658768,0.0,2.43,5.0369,12201.4,4.5843828715365245,weak_momentum,BULL_TREND,64.04781569155281,100.0,100.0,100.0,87.72626801088077,10.0,0.0,49.39259354148426,0.0,1,1,B_pure_quant_vr1.5,True
600979,600979.SH,广安爱众,水力发电,20240509,3.74,50.75092013413949,50.75092013413949,0.0,2.24,7.4989,3574.81,5.076142131979688,weak_momentum,BULL_TREND,58.17493661414398,100.0,35.7481,100.0,59.14319599158456,0.0,0.0,64.79028162186808,0.0,2,2,B_pure_quant_vr1.5,True
831,000831.SZ,中国稀土,小金属,20240509,30.14,65.06424118875377,56.82880307803727,8.235438110716506,1.33,3.6002,15712.97,6.426575597640485,weak_momentum,BULL_TREND,20.57131228632325,100.0,100.0,65.0,82.35438110716507,0.0,0.0,54.266327126760125,0.0,1,1,A_recovered_proxy_vr1.2,True
766,000766.SZ,通化金马,化学制药,20240509,18.94,60.3613187283864,60.3613187283864,0.0,2.43,5.0369,12201.4,4.5843828715365245,weak_momentum,BULL_TREND,64.04781569155281,100.0,100.0,100.0,52.301715622872194,10.0,0.0,49.39259354148426,0.0,2,2,A_recovered_proxy_vr1.2,True
2533,002533.SZ,金杯电工,电气设备,20240509,10.3,56.42143648023919,49.05086829096405,7.37056818927513,1.31,4.448,7918.85,7.29072907290728,weak_momentum,BULL_TREND,19.47834058813628,100.0,79.1885,40.0,73.7056818927513,33.33333333333333,0.0,34.35112168109501,0.0,3,3,A_recovered_proxy_vr1.2,True
766,000766.SZ,通化金马,化学制药,20240509,18.94,60.3613187283864,60.3613187283864,0.0,2.43,5.0369,12201.4,4.5843828715365245,weak_momentum,BULL_TREND,64.04781569155281,100.0,100.0,100.0,52.301715622872194,10.0,0.0,49.39259354148426,0.0,1,1,D_pure_quant_vr1.2,True
831,000831.SZ,中国稀土,小金属,20240509,30.14,56.82880307803727,56.82880307803727,0.0,1.33,3.6002,15712.97,6.426575597640485,weak_momentum,BULL_TREND,20.57131228632325,100.0,100.0,65.0,82.35438110716507,0.0,0.0,54.266327126760125,0.0,2,2,D_pure_quant_vr1.2,True
600979,600979.SH,广安爱众,水力发电,20240509,3.74,49.161160990097095,49.161160990097095,0.0,2.24,7.4989,3574.81,5.076142131979688,weak_momentum,BULL_TREND,58.17493661414398,100.0,35.7481,100.0,48.54480169796859,0.0,0.0,64.79028162186808,0.0,3,3,D_pure_quant_vr1.2,True
766,000766.SZ,通化金马,化学制药,20240509,18.94,52.51606138495556,52.51606138495556,0.0,2.43,5.0369,12201.4,4.5843828715365245,weak_momentum,BULL_TREND,64.04781569155281,100.0,100.0,100.0,52.301715622872194,10.0,0.0,49.39259354148426,0.0,1,1,E_ablate_sector_vr1.2,True
766,000766.SZ,通化金马,化学制药,20240509,18.94,52.95242969716375,52.95242969716375,0.0,2.43,5.0369,12201.4,4.5843828715365245,weak_momentum,BULL_TREND,64.04781569155281,100.0,100.0,100.0,52.301715622872194,10.0,0.0,49.39259354148426,0.0,1,1,E_ablate_wyckoff_vr1.2,True
831,000831.SZ,中国稀土,小金属,20240509,30.14,48.688854009023245,48.688854009023245,0.0,1.33,3.6002,15712.97,6.426575597640485,weak_momentum,BULL_TREND,20.57131228632325,100.0,100.0,65.0,82.35438110716507,0.0,0.0,54.266327126760125,0.0,2,2,E_ablate_wyckoff_vr1.2,True
766,000766.SZ,通化金马,化学制药,20240509,18.94,60.3613187283864,60.3613187283864,0.0,2.43,5.0369,12201.4,4.5843828715365245,weak_momentum,BULL_TREND,64.04781569155281,100.0,100.0,100.0,52.301715622872194,10.0,0.0,49.39259354148426,0.0,1,1,E_ablate_accel_vr1.2,True
831,000831.SZ,中国稀土,小金属,20240509,30.14,56.82880307803727,56.82880307803727,0.0,1.33,3.6002,15712.97,6.426575597640485,weak_momentum,BULL_TREND,20.57131228632325,100.0,100.0,65.0,82.35438110716507,0.0,0.0,54.266327126760125,0.0,2,2,E_ablate_accel_vr1.2,True
600979,600979.SH,广安爱众,水力发电,20240509,3.74,49.161160990097095,49.161160990097095,0.0,2.24,7.4989,3574.81,5.076142131979688,weak_momentum,BULL_TREND,58.17493661414398,100.0,35.7481,100.0,48.54480169796859,0.0,0.0,64.79028162186808,0.0,3,3,E_ablate_accel_vr1.2,True
650,000650.SZ,仁和药业,中成药,20240510,7.28,71.16796837476892,64.68869260011135,6.479275774657565,2.1,6.7814,15783.43,0.5464480874316944,momentum,BULL_TREND,53.5194663945699,100.0,100.0,100.0,64.79275774657565,30.0,0.0,72.0222109161074,0.0,1,1,A_recovered_proxy_vr1.5,True
722,000722.SZ,湖南发展,水力发电,20240510,10.55,70.70527618933595,62.80357282978323,7.901703359552719,2.54,7.1786,7979.95,1.2172284644194664,momentum,BULL_TREND,67.24142484987206,100.0,79.7995,40.0,79.0170335955272,33.33333333333333,0.0,72.87385716530315,0.0,2,2,A_recovered_proxy_vr1.5,True
539,000539.SZ,粤电力A,火力发电,20240510,5.87,67.42109936026223,61.236322775559145,6.184776584703082,2.59,5.7406,8561.32,4.084967320261438,momentum,BULL_TREND,68.64760489559146,93.49019607843138,85.61319999999999,65.0,61.847765847030814,0.0,0.0,88.47969263971129,0.0,3,3,A_recovered_proxy_vr1.5,True
650,000650.SZ,仁和药业,中成药,20240510,7.28,64.68869260011135,64.68869260011135,0.0,2.1,6.7814,15783.43,0.5464480874316944,momentum,BULL_TREND,53.5194663945699,100.0,100.0,100.0,64.79275774657565,30.0,0.0,72.0222109161074,0.0,1,1,B_pure_quant_vr1.5,True
722,000722.SZ,湖南发展,水力发电,20240510,10.55,62.80357282978323,62.80357282978323,0.0,2.54,7.1786,7979.95,1.2172284644194664,momentum,BULL_TREND,67.24142484987206,100.0,79.7995,40.0,79.0170335955272,33.33333333333333,0.0,72.87385716530315,0.0,2,2,B_pure_quant_vr1.5,True
539,000539.SZ,粤电力A,火力发电,20240510,5.87,61.236322775559145,61.236322775559145,0.0,2.59,5.7406,8561.32,4.084967320261438,momentum,BULL_TREND,68.64760489559146,93.49019607843138,85.61319999999999,65.0,61.847765847030814,0.0,0.0,88.47969263971129,0.0,3,3,B_pure_quant_vr1.5,True
601901,601901.SH,方正证券,证券,20240510,9.12,63.66433087321016,55.80885829952347,7.855472573686692,1.41,3.1008,51018.4,4.000000000000008,momentum,BULL_TREND,24.78475813120344,93.99999999999996,100.0,80.0,78.55472573686691,20.0,0.0,19.801994324695784,0.0,1,1,A_recovered_proxy_vr1.2,True
2043,002043.SZ,兔宝宝,其他建材,20240510,11.35,61.40260124922051,54.34946826290568,7.053132986314839,2.0,4.2127,6539.41,1.132404181184676,momentum,BULL_TREND,50.0,100.0,65.3941,80.0,70.53132986314839,30.0,0.0,41.64382290275997,0.0,2,2,A_recovered_proxy_vr1.2,True
650,000650.SZ,仁和药业,中成药,20240510,7.28,61.10703853763747,61.10703853763747,0.0,2.1,6.7814,15783.43,0.5464480874316944,momentum,BULL_TREND,53.5194663945699,100.0,100.0,100.0,46.88448743420623,30.0,0.0,72.0222109161074,0.0,3,3,A_recovered_proxy_vr1.2,True
650,000650.SZ,仁和药业,中成药,20240510,7.28,61.10703853763747,61.10703853763747,0.0,2.1,6.7814,15783.43,0.5464480874316944,momentum,BULL_TREND,53.5194663945699,100.0,100.0,100.0,46.88448743420623,30.0,0.0,72.0222109161074,0.0,1,1,D_pure_quant_vr1.2,True
539,000539.SZ,粤电力A,火力发电,20240510,5.87,59.6568186397261,59.6568186397261,0.0,2.59,5.7406,8561.32,4.084967320261438,momentum,BULL_TREND,68.64760489559146,93.49019607843138,85.61319999999999,65.0,53.9502451678656,0.0,0.0,88.47969263971129,0.0,2,2,D_pure_quant_vr1.2,True
722,000722.SZ,湖南发展,水力发电,20240510,10.55,58.18191399496788,58.18191399496788,0.0,2.54,7.1786,7979.95,1.2172284644194664,momentum,BULL_TREND,67.24142484987206,100.0,79.7995,40.0,55.908739421450456,33.33333333333333,0.0,72.87385716530315,0.0,3,3,D_pure_quant_vr1.2,True
650,000650.SZ,仁和药业,中成药,20240510,7.28,51.73014105079623,51.73014105079623,0.0,2.1,6.7814,15783.43,0.5464480874316944,momentum,BULL_TREND,53.5194663945699,100.0,100.0,100.0,46.88448743420623,30.0,0.0,72.0222109161074,0.0,1,1,E_ablate_sector_vr1.2,True
539,000539.SZ,粤电力A,火力发电,20240510,5.87,48.866769606152985,48.866769606152985,0.0,2.59,5.7406,8561.32,4.084967320261438,momentum,BULL_TREND,68.64760489559146,93.49019607843138,85.61319999999999,65.0,53.9502451678656,0.0,0.0,88.47969263971129,0.0,2,2,E_ablate_sector_vr1.2,True
722,000722.SZ,湖南发展,水力发电,20240510,10.55,47.00016611067779,47.00016611067779,0.0,2.54,7.1786,7979.95,1.2172284644194664,momentum,BULL_TREND,67.24142484987206,100.0,79.7995,40.0,55.908739421450456,33.33333333333333,0.0,72.87385716530315,0.0,3,3,E_ablate_sector_vr1.2,True
601579,601579.SH,会稽山,红黄酒,20240510,12.05,50.90898907258877,50.90898907258877,0.0,4.53,4.1241,2507.36,1.8729641693810968,momentum,BULL_TREND,100.0,100.0,25.073600000000003,80.0,52.11535223192878,63.33333333333333,0.0,83.19251959536345,0.0,1,1,E_ablate_inflow_vr1.2,True
650,000650.SZ,仁和药业,中成药,20240510,7.28,53.90481744602673,53.90481744602673,0.0,2.1,6.7814,15783.43,0.5464480874316944,momentum,BULL_TREND,53.5194663945699,100.0,100.0,100.0,46.88448743420623,30.0,0.0,72.0222109161074,0.0,1,1,E_ablate_wyckoff_vr1.2,True
601901,601901.SH,方正证券,证券,20240510,9.12,53.828658867053896,53.828658867053896,0.0,1.41,3.1008,51018.4,4.000000000000008,momentum,BULL_TREND,24.78475813120344,93.99999999999996,100.0,80.0,78.55472573686691,20.0,0.0,19.801994324695784,0.0,2,2,E_ablate_wyckoff_vr1.2,True
722,000722.SZ,湖南发展,水力发电,20240510,10.55,50.89452827843757,50.89452827843757,0.0,2.54,7.1786,7979.95,1.2172284644194664,momentum,BULL_TREND,67.24142484987206,100.0,79.7995,40.0,55.908739421450456,33.33333333333333,0.0,72.87385716530315,0.0,3,3,E_ablate_wyckoff_vr1.2,True
650,000650.SZ,仁和药业,中成药,20240510,7.28,61.10703853763747,61.10703853763747,0.0,2.1,6.7814,15783.43,0.5464480874316944,momentum,BULL_TREND,53.5194663945699,100.0,100.0,100.0,46.88448743420623,30.0,0.0,72.0222109161074,0.0,1,1,E_ablate_accel_vr1.2,True
539,000539.SZ,粤电力A,火力发电,20240510,5.87,59.6568186397261,59.6568186397261,0.0,2.59,5.7406,8561.32,4.084967320261438,momentum,BULL_TREND,68.64760489559146,93.49019607843138,85.61319999999999,65.0,53.9502451678656,0.0,0.0,88.47969263971129,0.0,2,2,E_ablate_accel_vr1.2,True
722,000722.SZ,湖南发展,水力发电,20240510,10.55,58.18191399496788,58.18191399496788,0.0,2.54,7.1786,7979.95,1.2172284644194664,momentum,BULL_TREND,67.24142484987206,100.0,79.7995,40.0,55.908739421450456,33.33333333333333,0.0,72.87385716530315,0.0,3,3,E_ablate_accel_vr1.2,True
601099,601099.SH,太平洋,证券,20240513,3.72,60.47116561666954,53.90937396219914,6.561791654470395,1.58,10.6099,18467.98,3.124999999999991,weak_momentum,BULL_TREND,32.99622792011891,100.0,100.0,60.0,65.61791654470395,30.0,0.0,30.781681949838067,0.0,1,1,A_recovered_proxy_vr1.5,True
2244,002244.SZ,滨江集团,区域地产,20240513,7.97,53.69991801618724,53.69991801618724,0.0,1.67,6.351,11744.88,4.436450839328539,weak_momentum,BULL_TREND,36.99240513496637,100.0,100.0,100.0,49.7278330349596,0.0,0.0,37.94588193798897,0.0,2,2,A_recovered_proxy_vr1.5,True
2959,002959.SZ,小熊电器,家用电器,20240513,62.5,52.701827758195456,52.701827758195456,0.0,2.41,4.6239,4824.61,4.623836410804214,weak_momentum,BULL_TREND,63.45165732276185,100.0,48.2461,80.0,54.85616739076228,10.0,0.0,65.14237367444557,0.0,3,3,A_recovered_proxy_vr1.5,True
601099,601099.SH,太平洋,证券,20240513,3.72,53.90937396219914,53.90937396219914,0.0,1.58,10.6099,18467.98,3.124999999999991,weak_momentum,BULL_TREND,32.99622792011891,100.0,100.0,60.0,65.61791654470395,30.0,0.0,30.781681949838067,0.0,1,1,B_pure_quant_vr1.5,True
2244,002244.SZ,滨江集团,区域地产,20240513,7.97,53.69991801618724,53.69991801618724,0.0,1.67,6.351,11744.88,4.436450839328539,weak_momentum,BULL_TREND,36.99240513496637,100.0,100.0,100.0,49.7278330349596,0.0,0.0,37.94588193798897,0.0,2,2,B_pure_quant_vr1.5,True
2959,002959.SZ,小熊电器,家用电器,20240513,62.5,52.701827758195456,52.701827758195456,0.0,2.41,4.6239,4824.61,4.623836410804214,weak_momentum,BULL_TREND,63.45165732276185,100.0,48.2461,80.0,54.85616739076228,10.0,0.0,65.14237367444557,0.0,3,3,B_pure_quant_vr1.5,True
601099,601099.SH,太平洋,证券,20240513,3.72,53.90937396219914,53.90937396219914,0.0,1.58,10.6099,18467.98,3.124999999999991,weak_momentum,BULL_TREND,32.99622792011891,100.0,100.0,60.0,65.61791654470395,30.0,0.0,30.781681949838067,0.0,1,1,A_recovered_proxy_vr1.2,True
2244,002244.SZ,滨江集团,区域地产,20240513,7.97,53.69991801618724,53.69991801618724,0.0,1.67,6.351,11744.88,4.436450839328539,weak_momentum,BULL_TREND,36.99240513496637,100.0,100.0,100.0,49.7278330349596,0.0,0.0,37.94588193798897,0.0,2,2,A_recovered_proxy_vr1.2,True
2959,002959.SZ,小熊电器,家用电器,20240513,62.5,52.701827758195456,52.701827758195456,0.0,2.41,4.6239,4824.61,4.623836410804214,weak_momentum,BULL_TREND,63.45165732276185,100.0,48.2461,80.0,54.85616739076228,10.0,0.0,65.14237367444557,0.0,3,3,A_recovered_proxy_vr1.2,True
601099,601099.SH,太平洋,证券,20240513,3.72,53.90937396219914,53.90937396219914,0.0,1.58,10.6099,18467.98,3.124999999999991,weak_momentum,BULL_TREND,32.99622792011891,100.0,100.0,60.0,65.61791654470395,30.0,0.0,30.781681949838067,0.0,1,1,D_pure_quant_vr1.2,True
2244,002244.SZ,滨江集团,区域地产,20240513,7.97,53.69991801618724,53.69991801618724,0.0,1.67,6.351,11744.88,4.436450839328539,weak_momentum,BULL_TREND,36.99240513496637,100.0,100.0,100.0,49.7278330349596,0.0,0.0,37.94588193798897,0.0,2,2,D_pure_quant_vr1.2,True
2959,002959.SZ,小熊电器,家用电器,20240513,62.5,52.701827758195456,52.701827758195456,0.0,2.41,4.6239,4824.61,4.623836410804214,weak_momentum,BULL_TREND,63.45165732276185,100.0,48.2461,80.0,54.85616739076228,10.0,0.0,65.14237367444557,0.0,3,3,D_pure_quant_vr1.2,True
2244,002244.SZ,滨江集团,区域地产,20240513,7.97,46.2407430609433,46.2407430609433,0.0,1.67,6.351,11744.88,4.436450839328539,weak_momentum,BULL_TREND,36.99240513496637,100.0,100.0,100.0,49.7278330349596,0.0,0.0,37.94588193798897,0.0,1,1,E_ablate_sector_vr1.2,True
925,000925.SZ,众合科技,运输设备,20240513,6.95,46.29467061504007,46.29467061504007,0.0,3.39,11.5661,-3372.39,4.663923182441699,weak_momentum,BULL_TREND,88.06426366808097,100.0,0.0,60.0,49.30735753836096,20.0,0.0,64.59284956049187,0.0,1,1,E_ablate_inflow_vr1.2,True
601099,601099.SH,太平洋,证券,20240513,3.72,49.29212166972343,49.29212166972343,0.0,1.58,10.6099,18467.98,3.124999999999991,weak_momentum,BULL_TREND,32.99622792011891,100.0,100.0,60.0,65.61791654470395,30.0,0.0,30.781681949838067,0.0,1,1,E_ablate_wyckoff_vr1.2,True
2244,002244.SZ,滨江集团,区域地产,20240513,7.97,48.008035725488895,48.008035725488895,0.0,1.67,6.351,11744.88,4.436450839328539,weak_momentum,BULL_TREND,36.99240513496637,100.0,100.0,100.0,49.7278330349596,0.0,0.0,37.94588193798897,0.0,2,2,E_ablate_wyckoff_vr1.2,True
601099,601099.SH,太平洋,证券,20240513,3.72,53.90937396219914,53.90937396219914,0.0,1.58,10.6099,18467.98,3.124999999999991,weak_momentum,BULL_TREND,32.99622792011891,100.0,100.0,60.0,65.61791654470395,30.0,0.0,30.781681949838067,0.0,1,1,E_ablate_accel_vr1.2,True
2244,002244.SZ,滨江集团,区域地产,20240513,7.97,53.69991801618724,53.69991801618724,0.0,1.67,6.351,11744.88,4.436450839328539,weak_momentum,BULL_TREND,36.99240513496637,100.0,100.0,100.0,49.7278330349596,0.0,0.0,37.94588193798897,0.0,2,2,E_ablate_accel_vr1.2,True
2959,002959.SZ,小熊电器,家用电器,20240513,62.5,52.701827758195456,52.701827758195456,0.0,2.41,4.6239,4824.61,4.623836410804214,weak_momentum,BULL_TREND,63.45165732276185,100.0,48.2461,80.0,54.85616739076228,10.0,0.0,65.14237367444557,0.0,3,3,E_ablate_accel_vr1.2,True
2400,002400.SZ,省广集团,广告包装,20240514,5.33,65.6983368680977,59.83734050751492,5.860996360582776,1.65,4.0349,7839.78,8.103448275862064,sideways,BULL_TREND,36.12330122355455,100.0,78.3978,80.0,58.60996360582776,20.0,0.0,67.4248641454896,0.0,1,1,A_recovered_proxy_vr1.5,True
2292,002292.SZ,奥飞娱乐,影视音像,20240514,6.9,46.93770155484479,40.8686304389812,6.069071115863597,1.59,6.78,4714.95,4.827586206896547,sideways,BULL_TREND,33.45133827548153,48.275862068965466,47.1495,100.0,60.69071115863596,20.0,0.0,31.05916407839556,0.0,2,2,A_recovered_proxy_vr1.5,True
2400,002400.SZ,省广集团,广告包装,20240514,5.33,59.83734050751492,59.83734050751492,0.0,1.65,4.0349,7839.78,8.103448275862064,sideways,BULL_TREND,36.12330122355455,100.0,78.3978,80.0,58.60996360582776,20.0,0.0,67.4248641454896,0.0,1,1,B_pure_quant_vr1.5,True
2400,002400.SZ,省广集团,广告包装,20240514,5.33,57.55551874163457,57.55551874163457,0.0,1.65,4.0349,7839.78,8.103448275862064,sideways,BULL_TREND,36.12330122355455,100.0,78.3978,80.0,43.39781849995879,20.0,0.0,67.4248641454896,0.0,1,1,A_recovered_proxy_vr1.2,True
751,000751.SZ,锌业股份,铅锌,20240514,3.3,48.43134108992491,48.43134108992491,0.0,1.36,5.0586,2546.43,9.589041095890414,sideways,BULL_TREND,22.180332573780746,100.0,25.4643,100.0,47.17072289029881,10.0,0.0,60.16952908456945,0.0,2,2,A_recovered_proxy_vr1.2,True
2400,002400.SZ,省广集团,广告包装,20240514,5.33,57.55551874163457,57.55551874163457,0.0,1.65,4.0349,7839.78,8.103448275862064,sideways,BULL_TREND,36.12330122355455,100.0,78.3978,80.0,43.39781849995879,20.0,0.0,67.4248641454896,0.0,1,1,D_pure_quant_vr1.2,True
751,000751.SZ,锌业股份,铅锌,20240514,3.3,48.43134108992491,48.43134108992491,0.0,1.36,5.0586,2546.43,9.589041095890414,sideways,BULL_TREND,22.180332573780746,100.0,25.4643,100.0,47.17072289029881,10.0,0.0,60.16952908456945,0.0,2,2,D_pure_quant_vr1.2,True
2400,002400.SZ,省广集团,广告包装,20240514,5.33,51.04584596664076,51.04584596664076,0.0,1.65,4.0349,7839.78,8.103448275862064,sideways,BULL_TREND,36.12330122355455,100.0,78.3978,80.0,43.39781849995879,20.0,0.0,67.4248641454896,0.0,1,1,E_ablate_sector_vr1.2,True
2400,002400.SZ,省广集团,广告包装,20240514,5.33,48.14778274163457,48.14778274163457,0.0,1.65,4.0349,7839.78,8.103448275862064,sideways,BULL_TREND,36.12330122355455,100.0,78.3978,80.0,43.39781849995879,20.0,0.0,67.4248641454896,0.0,1,1,E_ablate_inflow_vr1.2,True
751,000751.SZ,锌业股份,铅锌,20240514,3.3,45.37562508992492,45.37562508992492,0.0,1.36,5.0586,2546.43,9.589041095890414,sideways,BULL_TREND,22.180332573780746,100.0,25.4643,100.0,47.17072289029881,10.0,0.0,60.16952908456945,0.0,2,2,E_ablate_inflow_vr1.2,True
2400,002400.SZ,省广集团,广告包装,20240514,5.33,49.46453504417582,49.46453504417582,0.0,1.65,4.0349,7839.78,8.103448275862064,sideways,BULL_TREND,36.12330122355455,100.0,78.3978,80.0,43.39781849995879,20.0,0.0,67.4248641454896,0.0,1,1,E_ablate_wyckoff_vr1.2,True
2400,002400.SZ,省广集团,广告包装,20240514,5.33,57.55551874163457,57.55551874163457,0.0,1.65,4.0349,7839.78,8.103448275862064,sideways,BULL_TREND,36.12330122355455,100.0,78.3978,80.0,43.39781849995879,20.0,0.0,67.4248641454896,0.0,1,1,E_ablate_accel_vr1.2,True
751,000751.SZ,锌业股份,铅锌,20240514,3.3,48.43134108992491,48.43134108992491,0.0,1.36,5.0586,2546.43,9.589041095890414,sideways,BULL_TREND,22.180332573780746,100.0,25.4643,100.0,47.17072289029881,10.0,0.0,60.16952908456945,0.0,2,2,E_ablate_accel_vr1.2,True
801,000801.SZ,四川九洲,家用电器,20240515,12.77,50.79824184398285,50.79824184398285,0.0,1.5,6.7489,8575.42,16.699282452707113,sideways,BULL_TREND,29.24812503605781,83.00717547292888,85.7542,100.0,54.05129925685443,66.66666666666666,0.0,19.754529251202356,0.0,1,1,A_recovered_proxy_vr1.5,True
158,000158.SZ,常山北明,软件服务,20240515,7.26,48.44065018807814,48.44065018807814,0.0,1.86,3.2697,4575.68,6.803594351732994,sideways,BULL_TREND,44.76513106666534,80.05990586221657,45.756800000000005,80.0,29.680905558854263,43.333333333333336,0.0,58.07936302691092,0.0,2,2,A_recovered_proxy_vr1.5,True
801,000801.SZ,四川九洲,家用电器,20240515,12.77,50.79824184398285,50.79824184398285,0.0,1.5,6.7489,8575.42,16.699282452707113,sideways,BULL_TREND,29.24812503605781,83.00717547292888,85.7542,100.0,54.05129925685443,66.66666666666666,0.0,19.754529251202356,0.0,1,1,B_pure_quant_vr1.5,True
158,000158.SZ,常山北明,软件服务,20240515,7.26,48.44065018807814,48.44065018807814,0.0,1.86,3.2697,4575.68,6.803594351732994,sideways,BULL_TREND,44.76513106666534,80.05990586221657,45.756800000000005,80.0,29.680905558854263,43.333333333333336,0.0,58.07936302691092,0.0,2,2,B_pure_quant_vr1.5,True
801,000801.SZ,四川九洲,家用电器,20240515,12.77,50.5173566830056,50.5173566830056,0.0,1.5,6.7489,8575.42,16.699282452707113,sideways,BULL_TREND,29.24812503605781,83.00717547292888,85.7542,100.0,52.178731517006085,66.66666666666666,0.0,19.754529251202356,0.0,1,1,A_recovered_proxy_vr1.2,True
158,000158.SZ,常山北明,软件服务,20240515,7.26,48.35389149926073,48.35389149926073,0.0,1.86,3.2697,4575.68,6.803594351732994,sideways,BULL_TREND,44.76513106666534,80.05990586221657,45.756800000000005,80.0,29.10251430007156,43.333333333333336,0.0,58.07936302691092,0.0,2,2,A_recovered_proxy_vr1.2,True
801,000801.SZ,四川九洲,家用电器,20240515,12.77,50.5173566830056,50.5173566830056,0.0,1.5,6.7489,8575.42,16.699282452707113,sideways,BULL_TREND,29.24812503605781,83.00717547292888,85.7542,100.0,52.178731517006085,66.66666666666666,0.0,19.754529251202356,0.0,1,1,D_pure_quant_vr1.2,True
158,000158.SZ,常山北明,软件服务,20240515,7.26,48.35389149926073,48.35389149926073,0.0,1.86,3.2697,4575.68,6.803594351732994,sideways,BULL_TREND,44.76513106666534,80.05990586221657,45.756800000000005,80.0,29.10251430007156,43.333333333333336,0.0,58.07936302691092,0.0,2,2,D_pure_quant_vr1.2,True
801,000801.SZ,四川九洲,家用电器,20240515,12.77,48.146813172861314,48.146813172861314,0.0,1.5,6.7489,8575.42,16.699282452707113,sideways,BULL_TREND,29.24812503605781,83.00717547292888,85.7542,100.0,52.178731517006085,66.66666666666666,0.0,19.754529251202356,0.0,1,1,E_ablate_wyckoff_vr1.2,True
801,000801.SZ,四川九洲,家用电器,20240515,12.77,50.5173566830056,50.5173566830056,0.0,1.5,6.7489,8575.42,16.699282452707113,sideways,BULL_TREND,29.24812503605781,83.00717547292888,85.7542,100.0,52.178731517006085,66.66666666666666,0.0,19.754529251202356,0.0,1,1,E_ablate_accel_vr1.2,True
158,000158.SZ,常山北明,软件服务,20240515,7.26,48.35389149926073,48.35389149926073,0.0,1.86,3.2697,4575.68,6.803594351732994,sideways,BULL_TREND,44.76513106666534,80.05990586221657,45.756800000000005,80.0,29.10251430007156,43.333333333333336,0.0,58.07936302691092,0.0,2,2,E_ablate_accel_vr1.2,True
2281,002281.SZ,光迅科技,通信设备,20240516,35.25,64.15745115010311,64.15745115010311,0.0,1.87,7.0071,22917.31,8.441558441558442,sideways,BULL_TREND,45.1519135056456,100.0,100.0,100.0,80.1618183194347,33.33333333333333,0.0,29.4424230356601,0.0,1,1,A_recovered_proxy_vr1.5,True
301589,301589.SZ,诺瓦星云,IT设备,20240516,414.89,56.20662015050159,56.20662015050159,0.0,1.96,8.0233,5496.44,13.496101080021688,sideways,BULL_TREND,48.54268271702418,100.0,54.9644,60.0,60.0593061618925,66.66666666666666,0.0,34.910605792825585,0.0,2,2,A_recovered_proxy_vr1.5,True
600720,600720.SH,中交设计,建筑工程,20240516,10.87,51.291747891850925,51.291747891850925,0.0,2.05,4.3681,1649.91,12.97037630104084,sideways,BULL_TREND,51.781195486536056,100.0,16.499100000000002,65.0,56.52958898885019,53.333333333333336,0.0,31.44906558182331,0.0,3,3,A_recovered_proxy_vr1.5,True
2281,002281.SZ,光迅科技,通信设备,20240516,35.25,64.15745115010311,64.15745115010311,0.0,1.87,7.0071,22917.31,8.441558441558442,sideways,BULL_TREND,45.1519135056456,100.0,100.0,100.0,80.1618183194347,33.33333333333333,0.0,29.4424230356601,0.0,1,1,B_pure_quant_vr1.5,True
301589,301589.SZ,诺瓦星云,IT设备,20240516,414.89,56.20662015050159,56.20662015050159,0.0,1.96,8.0233,5496.44,13.496101080021688,sideways,BULL_TREND,48.54268271702418,100.0,54.9644,60.0,60.0593061618925,66.66666666666666,0.0,34.910605792825585,0.0,2,2,B_pure_quant_vr1.5,True
600720,600720.SH,中交设计,建筑工程,20240516,10.87,51.291747891850925,51.291747891850925,0.0,2.05,4.3681,1649.91,12.97037630104084,sideways,BULL_TREND,51.781195486536056,100.0,16.499100000000002,65.0,56.52958898885019,53.333333333333336,0.0,31.44906558182331,0.0,3,3,B_pure_quant_vr1.5,True
2281,002281.SZ,光迅科技,通信设备,20240516,35.25,70.61763425641121,62.90385191472189,7.713782341689319,1.87,7.0071,22917.31,8.441558441558442,sideways,BULL_TREND,45.1519135056456,100.0,100.0,80.0,77.13782341689318,33.33333333333333,0.0,29.4424230356601,0.0,1,1,A_recovered_proxy_vr1.2,True
612,000612.SZ,焦作万方,铝,20240516,7.91,58.14466655325058,58.14466655325058,0.0,1.39,7.8004,12220.46,9.6,sideways,BULL_TREND,23.75424414743913,100.0,100.0,100.0,59.65791421601724,43.333333333333336,0.0,42.52815868120599,0.0,2,2,A_recovered_proxy_vr1.2,True
301589,301589.SZ,诺瓦星云,IT设备,20240516,414.89,57.352887122611904,57.352887122611904,0.0,1.96,8.0233,5496.44,13.496101080021688,sideways,BULL_TREND,48.54268271702418,100.0,54.9644,80.0,62.3677526426279,66.66666666666666,0.0,34.910605792825585,0.0,3,3,A_recovered_proxy_vr1.2,True
2281,002281.SZ,光迅科技,通信设备,20240516,35.25,62.90385191472189,62.90385191472189,0.0,1.87,7.0071,22917.31,8.441558441558442,sideways,BULL_TREND,45.1519135056456,100.0,100.0,80.0,77.13782341689318,33.33333333333333,0.0,29.4424230356601,0.0,1,1,D_pure_quant_vr1.2,True
612,000612.SZ,焦作万方,铝,20240516,7.91,58.14466655325058,58.14466655325058,0.0,1.39,7.8004,12220.46,9.6,sideways,BULL_TREND,23.75424414743913,100.0,100.0,100.0,59.65791421601724,43.333333333333336,0.0,42.52815868120599,0.0,2,2,D_pure_quant_vr1.2,True
301589,301589.SZ,诺瓦星云,IT设备,20240516,414.89,57.352887122611904,57.352887122611904,0.0,1.96,8.0233,5496.44,13.496101080021688,sideways,BULL_TREND,48.54268271702418,100.0,54.9644,80.0,62.3677526426279,66.66666666666666,0.0,34.910605792825585,0.0,3,3,D_pure_quant_vr1.2,True
2281,002281.SZ,光迅科技,通信设备,20240516,35.25,51.33317840218791,51.33317840218791,0.0,1.87,7.0071,22917.31,8.441558441558442,sideways,BULL_TREND,45.1519135056456,100.0,100.0,80.0,77.13782341689318,33.33333333333333,0.0,29.4424230356601,0.0,1,1,E_ablate_sector_vr1.2,True
612,000612.SZ,焦作万方,铝,20240516,7.91,49.19597942084799,49.19597942084799,0.0,1.39,7.8004,12220.46,9.6,sideways,BULL_TREND,23.75424414743913,100.0,100.0,100.0,59.65791421601724,43.333333333333336,0.0,42.52815868120599,0.0,2,2,E_ablate_sector_vr1.2,True
301589,301589.SZ,诺瓦星云,IT设备,20240516,414.89,47.99772422621772,47.99772422621772,0.0,1.96,8.0233,5496.44,13.496101080021688,sideways,BULL_TREND,48.54268271702418,100.0,54.9644,80.0,62.3677526426279,66.66666666666666,0.0,34.910605792825585,0.0,3,3,E_ablate_sector_vr1.2,True
301589,301589.SZ,诺瓦星云,IT设备,20240516,414.89,51.344968264172,51.344968264172,0.0,1.96,8.0233,5496.44,13.496101080021688,sideways,BULL_TREND,48.54268271702418,100.0,54.9644,80.0,66.28648025302849,66.66666666666666,0.0,34.910605792825585,0.0,1,1,E_ablate_inflow_vr1.2,True
2281,002281.SZ,光迅科技,通信设备,20240516,35.25,50.23163055978641,50.23163055978641,0.0,1.87,7.0071,22917.31,8.441558441558442,sideways,BULL_TREND,45.1519135056456,100.0,100.0,80.0,72.65634771732333,33.33333333333333,0.0,29.4424230356601,0.0,2,2,E_ablate_inflow_vr1.2,True
600720,600720.SH,中交设计,建筑工程,20240516,10.87,48.40864287856053,48.40864287856053,0.0,2.05,4.3681,1649.91,12.97037630104084,sideways,BULL_TREND,51.781195486536056,100.0,16.499100000000002,65.0,50.50816890024757,53.333333333333336,0.0,31.44906558182331,0.0,3,3,E_ablate_inflow_vr1.2,True
2281,002281.SZ,光迅科技,通信设备,20240516,35.25,59.37076115044268,59.37076115044268,0.0,1.87,7.0071,22917.31,8.441558441558442,sideways,BULL_TREND,45.1519135056456,100.0,100.0,80.0,77.13782341689318,33.33333333333333,0.0,29.4424230356601,0.0,1,1,E_ablate_wyckoff_vr1.2,True
301589,301589.SZ,诺瓦星云,IT设备,20240516,414.89,53.16361442747284,53.16361442747284,0.0,1.96,8.0233,5496.44,13.496101080021688,sideways,BULL_TREND,48.54268271702418,100.0,54.9644,80.0,62.3677526426279,66.66666666666666,0.0,34.910605792825585,0.0,2,2,E_ablate_wyckoff_vr1.2,True
612,000612.SZ,焦作万方,铝,20240516,7.91,53.04128751150586,53.04128751150586,0.0,1.39,7.8004,12220.46,9.6,sideways,BULL_TREND,23.75424414743913,100.0,100.0,100.0,59.65791421601724,43.333333333333336,0.0,42.52815868120599,0.0,3,3,E_ablate_wyckoff_vr1.2,True
2281,002281.SZ,光迅科技,通信设备,20240516,35.25,62.90385191472189,62.90385191472189,0.0,1.87,7.0071,22917.31,8.441558441558442,sideways,BULL_TREND,45.1519135056456,100.0,100.0,80.0,77.13782341689318,33.33333333333333,0.0,29.4424230356601,0.0,1,1,E_ablate_accel_vr1.2,True
612,000612.SZ,焦作万方,铝,20240516,7.91,58.14466655325058,58.14466655325058,0.0,1.39,7.8004,12220.46,9.6,sideways,BULL_TREND,23.75424414743913,100.0,100.0,100.0,59.65791421601724,43.333333333333336,0.0,42.52815868120599,0.0,2,2,E_ablate_accel_vr1.2,True
301589,301589.SZ,诺瓦星云,IT设备,20240516,414.89,57.352887122611904,57.352887122611904,0.0,1.96,8.0233,5496.44,13.496101080021688,sideways,BULL_TREND,48.54268271702418,100.0,54.9644,80.0,62.3677526426279,66.66666666666666,0.0,34.910605792825585,0.0,3,3,E_ablate_accel_vr1.2,True
34,000034.SZ,神州数码,软件服务,20240517,30.4,77.14695480791954,67.27229477545133,9.874660032468215,2.39,7.7507,23391.67,4.251968503937013,weak_momentum,BULL_TREND,62.8505309103012,100.0,100.0,80.0,98.74660032468216,30.0,0.0,50.21816726802549,0.0,1,1,A_recovered_proxy_vr1.5,True
600536,600536.SH,中国软件,软件服务,20240517,31.68,75.09813234539929,65.22347231293108,9.874660032468215,2.69,4.163,24272.06,1.0000000000000009,weak_momentum,BULL_TREND,71.38030863909496,40.00000000000003,100.0,65.0,98.74660032468216,66.66666666666666,0.0,68.8073509002078,0.0,2,2,A_recovered_proxy_vr1.5,True
600577,600577.SH,精达股份,电气设备,20240517,4.58,66.07100198970467,58.627559111852,7.443442877852674,1.88,4.0535,8063.0,4.384133611691022,weak_momentum,BULL_TREND,45.53663309514563,100.0,80.63,80.0,74.43442877852674,63.33333333333333,0.0,46.3455544275632,0.0,3,3,A_recovered_proxy_vr1.5,True
34,000034.SZ,神州数码,软件服务,20240517,30.4,67.27229477545133,67.27229477545133,0.0,2.39,7.7507,23391.67,4.251968503937013,weak_momentum,BULL_TREND,62.8505309103012,100.0,100.0,80.0,98.74660032468216,30.0,0.0,50.21816726802549,0.0,1,1,B_pure_quant_vr1.5,True
600536,600536.SH,中国软件,软件服务,20240517,31.68,65.22347231293108,65.22347231293108,0.0,2.69,4.163,24272.06,1.0000000000000009,weak_momentum,BULL_TREND,71.38030863909496,40.00000000000003,100.0,65.0,98.74660032468216,66.66666666666666,0.0,68.8073509002078,0.0,2,2,B_pure_quant_vr1.5,True
600577,600577.SH,精达股份,电气设备,20240517,4.58,58.627559111852,58.627559111852,0.0,1.88,4.0535,8063.0,4.384133611691022,weak_momentum,BULL_TREND,45.53663309514563,100.0,80.63,80.0,74.43442877852674,63.33333333333333,0.0,46.3455544275632,0.0,3,3,B_pure_quant_vr1.5,True
34,000034.SZ,神州数码,软件服务,20240517,30.4,72.93229323089764,64.74349782923818,8.188795401659457,2.39,7.7507,23391.67,4.251968503937013,weak_momentum,BULL_TREND,62.8505309103012,100.0,100.0,80.0,81.88795401659456,30.0,0.0,50.21816726802549,0.0,1,1,A_recovered_proxy_vr1.2,True
600536,600536.SH,中国软件,软件服务,20240517,31.68,70.88347076837739,62.69467536671793,8.188795401659457,2.69,4.163,24272.06,1.0000000000000009,weak_momentum,BULL_TREND,71.38030863909496,40.00000000000003,100.0,65.0,81.88795401659456,66.66666666666666,0.0,68.8073509002078,0.0,2,2,A_recovered_proxy_vr1.2,True
2212,002212.SZ,天融信,软件服务,20240517,6.05,59.08142600368021,50.89263060202075,8.188795401659457,2.07,3.978,2753.56,4.724409448818895,weak_momentum,BULL_TREND,52.48153838623002,100.0,27.5356,65.0,81.88795401659456,66.66666666666666,0.0,47.98310272175821,0.0,3,3,A_recovered_proxy_vr1.2,True
34,000034.SZ,神州数码,软件服务,20240517,30.4,64.74349782923818,64.74349782923818,0.0,2.39,7.7507,23391.67,4.251968503937013,weak_momentum,BULL_TREND,62.8505309103012,100.0,100.0,80.0,81.88795401659456,30.0,0.0,50.21816726802549,0.0,1,1,D_pure_quant_vr1.2,True
600536,600536.SH,中国软件,软件服务,20240517,31.68,62.69467536671793,62.69467536671793,0.0,2.69,4.163,24272.06,1.0000000000000009,weak_momentum,BULL_TREND,71.38030863909496,40.00000000000003,100.0,65.0,81.88795401659456,66.66666666666666,0.0,68.8073509002078,0.0,2,2,D_pure_quant_vr1.2,True
600577,600577.SH,精达股份,电气设备,20240517,4.58,57.16642814324387,57.16642814324387,0.0,1.88,4.0535,8063.0,4.384133611691022,weak_momentum,BULL_TREND,45.53663309514563,100.0,80.63,80.0,64.69355565447253,63.33333333333333,0.0,46.3455544275632,0.0,3,3,D_pure_quant_vr1.2,True
34,000034.SZ,神州数码,软件服务,20240517,30.4,52.460304726749,52.460304726749,0.0,2.39,7.7507,23391.67,4.251968503937013,weak_momentum,BULL_TREND,62.8505309103012,100.0,100.0,80.0,81.88795401659456,30.0,0.0,50.21816726802549,0.0,1,1,E_ablate_sector_vr1.2,True
600536,600536.SH,中国软件,软件服务,20240517,31.68,50.41148226422875,50.41148226422875,0.0,2.69,4.163,24272.06,1.0000000000000009,weak_momentum,BULL_TREND,71.38030863909496,40.00000000000003,100.0,65.0,81.88795401659456,66.66666666666666,0.0,68.8073509002078,0.0,2,2,E_ablate_sector_vr1.2,True
600577,600577.SH,精达股份,电气设备,20240517,4.58,47.46239479507299,47.46239479507299,0.0,1.88,4.0535,8063.0,4.384133611691022,weak_momentum,BULL_TREND,45.53663309514563,100.0,80.63,80.0,64.69355565447253,63.33333333333333,0.0,46.3455544275632,0.0,3,3,E_ablate_sector_vr1.2,True
34,000034.SZ,神州数码,软件服务,20240517,30.4,46.74349782923819,46.74349782923819,0.0,2.39,7.7507,23391.67,4.251968503937013,weak_momentum,BULL_TREND,62.8505309103012,100.0,100.0,80.0,81.88795401659456,30.0,0.0,50.21816726802549,0.0,1,1,E_ablate_inflow_vr1.2,True
2212,002212.SZ,天融信,软件服务,20240517,6.05,45.93622260202075,45.93622260202075,0.0,2.07,3.978,2753.56,4.724409448818895,weak_momentum,BULL_TREND,52.48153838623002,100.0,27.5356,65.0,81.88795401659456,66.66666666666666,0.0,47.98310272175821,0.0,2,2,E_ablate_inflow_vr1.2,True
34,000034.SZ,神州数码,软件服务,20240517,30.4,57.21077273903436,57.21077273903436,0.0,2.39,7.7507,23391.67,4.251968503937013,weak_momentum,BULL_TREND,62.8505309103012,100.0,100.0,80.0,81.88795401659456,30.0,0.0,50.21816726802549,0.0,1,1,E_ablate_wyckoff_vr1.2,True
600536,600536.SH,中国软件,软件服务,20240517,31.68,52.37357273168677,52.37357273168677,0.0,2.69,4.163,24272.06,1.0000000000000009,weak_momentum,BULL_TREND,71.38030863909496,40.00000000000003,100.0,65.0,81.88795401659456,66.66666666666666,0.0,68.8073509002078,0.0,2,2,E_ablate_wyckoff_vr1.2,True
600580,600580.SH,卧龙电驱,电气设备,20240517,15.0,50.91810087488098,50.91810087488098,0.0,1.57,8.4483,19528.79,7.862407862407869,weak_momentum,BULL_TREND,32.53822795584512,100.0,100.0,60.0,64.69355565447253,66.66666666666666,0.0,26.661666101367484,0.0,3,3,E_ablate_wyckoff_vr1.2,True
34,000034.SZ,神州数码,软件服务,20240517,30.4,64.74349782923818,64.74349782923818,0.0,2.39,7.7507,23391.67,4.251968503937013,weak_momentum,BULL_TREND,62.8505309103012,100.0,100.0,80.0,81.88795401659456,30.0,0.0,50.21816726802549,0.0,1,1,E_ablate_accel_vr1.2,True
600536,600536.SH,中国软件,软件服务,20240517,31.68,62.69467536671793,62.69467536671793,0.0,2.69,4.163,24272.06,1.0000000000000009,weak_momentum,BULL_TREND,71.38030863909496,40.00000000000003,100.0,65.0,81.88795401659456,66.66666666666666,0.0,68.8073509002078,0.0,2,2,E_ablate_accel_vr1.2,True
600577,600577.SH,精达股份,电气设备,20240517,4.58,57.16642814324387,57.16642814324387,0.0,1.88,4.0535,8063.0,4.384133611691022,weak_momentum,BULL_TREND,45.53663309514563,100.0,80.63,80.0,64.69355565447253,63.33333333333333,0.0,46.3455544275632,0.0,3,3,E_ablate_accel_vr1.2,True
960,000960.SZ,锡业股份,小金属,20240520,17.94,75.24623492247079,66.25018158376328,8.99605333870751,1.69,4.2596,13618.54,7.382550335570468,weak_momentum,BULL_TREND,37.851162325372975,100.0,100.0,65.0,89.9605333870751,53.333333333333336,0.0,74.41173706819598,0.0,1,1,A_recovered_proxy_vr1.5,True
2281,002281.SZ,光迅科技,通信设备,20240520,37.01,71.32172726096954,62.3792160584364,8.942511202533144,1.82,7.556,46731.1,3.870129870129875,weak_momentum,BULL_TREND,43.19692252119858,100.0,100.0,80.0,89.42511202533143,66.66666666666666,0.0,34.350516954157115,0.0,2,2,A_recovered_proxy_vr1.5,True
600549,600549.SH,厦门钨业,小金属,20240520,20.51,70.91897848906738,61.92292515035987,8.99605333870751,1.78,3.059,20689.52,3.4823529411764635,weak_momentum,BULL_TREND,41.59386205958365,100.0,100.0,40.0,89.9605333870751,20.0,0.0,61.26510555574042,0.0,3,3,A_recovered_proxy_vr1.5,True
960,000960.SZ,锡业股份,小金属,20240520,17.94,66.25018158376328,66.25018158376328,0.0,1.69,4.2596,13618.54,7.382550335570468,weak_momentum,BULL_TREND,37.851162325372975,100.0,100.0,65.0,89.9605333870751,53.333333333333336,0.0,74.41173706819598,0.0,1,1,B_pure_quant_vr1.5,True
601061,601061.SH,中信金属,商贸代理,20240520,8.7,63.67155151581104,63.67155151581104,0.0,2.3,10.1329,8915.49,9.937888198757774,weak_momentum,BULL_TREND,60.08169305848252,100.0,89.1549,60.0,57.391064107095154,53.333333333333336,0.0,82.24059516205149,0.0,2,2,B_pure_quant_vr1.5,True
2281,002281.SZ,光迅科技,通信设备,20240520,37.01,62.3792160584364,62.3792160584364,0.0,1.82,7.556,46731.1,3.870129870129875,weak_momentum,BULL_TREND,43.19692252119858,100.0,100.0,80.0,89.42511202533143,66.66666666666666,0.0,34.350516954157115,0.0,3,3,B_pure_quant_vr1.5,True
960,000960.SZ,锡业股份,小金属,20240520,17.94,73.57357297755544,65.24658441681407,8.326988560741373,1.69,4.2596,13618.54,7.382550335570468,weak_momentum,BULL_TREND,37.851162325372975,100.0,100.0,65.0,83.26988560741373,53.333333333333336,0.0,74.41173706819598,0.0,1,1,A_recovered_proxy_vr1.2,True
600549,600549.SH,厦门钨业,小金属,20240520,20.51,69.24631654415204,60.91932798341067,8.326988560741373,1.78,3.059,20689.52,3.4823529411764635,weak_momentum,BULL_TREND,41.59386205958365,100.0,100.0,40.0,83.26988560741373,20.0,0.0,61.26510555574042,0.0,2,2,A_recovered_proxy_vr1.2,True
2281,002281.SZ,光迅科技,通信设备,20240520,37.01,69.03662981019224,61.00815758797002,8.028472222222224,1.82,7.556,46731.1,3.870129870129875,weak_momentum,BULL_TREND,43.19692252119858,100.0,100.0,80.0,80.28472222222223,66.66666666666666,0.0,34.350516954157115,0.0,3,3,A_recovered_proxy_vr1.2,True
960,000960.SZ,锡业股份,小金属,20240520,17.94,65.24658441681407,65.24658441681407,0.0,1.69,4.2596,13618.54,7.382550335570468,weak_momentum,BULL_TREND,37.851162325372975,100.0,100.0,65.0,83.26988560741373,53.333333333333336,0.0,74.41173706819598,0.0,1,1,D_pure_quant_vr1.2,True
601061,601061.SH,中信金属,商贸代理,20240520,8.7,63.6134961195095,63.6134961195095,0.0,2.3,10.1329,8915.49,9.937888198757774,weak_momentum,BULL_TREND,60.08169305848252,100.0,89.1549,60.0,57.004028131751575,53.333333333333336,0.0,82.24059516205149,0.0,2,2,D_pure_quant_vr1.2,True
2281,002281.SZ,光迅科技,通信设备,20240520,37.01,61.00815758797002,61.00815758797002,0.0,1.82,7.556,46731.1,3.870129870129875,weak_momentum,BULL_TREND,43.19692252119858,100.0,100.0,80.0,80.28472222222223,66.66666666666666,0.0,34.350516954157115,0.0,3,3,D_pure_quant_vr1.2,True
601061,601061.SH,中信金属,商贸代理,20240520,8.7,55.06289189974677,55.06289189974677,0.0,2.3,10.1329,8915.49,9.937888198757774,weak_momentum,BULL_TREND,60.08169305848252,100.0,89.1549,60.0,57.004028131751575,53.333333333333336,0.0,82.24059516205149,0.0,1,1,E_ablate_sector_vr1.2,True
519,000519.SZ,中兵红箭,专用机械,20240520,14.07,53.76107614244164,53.76107614244164,0.0,2.57,4.351,12645.72,7.434210526315783,weak_momentum,BULL_TREND,68.08841797095766,100.0,100.0,65.0,44.393270802369685,63.33333333333333,0.0,47.5409785342088,0.0,2,2,E_ablate_sector_vr1.2,True
960,000960.SZ,锡业股份,小金属,20240520,17.94,52.75610157570201,52.75610157570201,0.0,1.69,4.2596,13618.54,7.382550335570468,weak_momentum,BULL_TREND,37.851162325372975,100.0,100.0,65.0,83.26988560741373,53.333333333333336,0.0,74.41173706819598,0.0,3,3,E_ablate_sector_vr1.2,True
2383,002383.SZ,合众思壮,通信设备,20240520,6.72,54.30982053409794,54.30982053409794,0.0,4.43,9.1411,-2755.96,3.03030303030303,weak_momentum,BULL_TREND,100.0,100.0,0.0,80.0,73.65385737628385,33.33333333333333,0.0,70.63383507325797,0.0,1,1,E_ablate_inflow_vr1.2,True
960,000960.SZ,锡业股份,小金属,20240520,17.94,47.86100827245912,47.86100827245912,0.0,1.69,4.2596,13618.54,7.382550335570468,weak_momentum,BULL_TREND,37.851162325372975,100.0,100.0,65.0,87.3660446450474,53.333333333333336,0.0,74.41173706819598,0.0,2,2,E_ablate_inflow_vr1.2,True
601061,601061.SH,中信金属,商贸代理,20240520,8.7,47.671719561556905,47.671719561556905,0.0,2.3,10.1329,8915.49,9.937888198757774,weak_momentum,BULL_TREND,60.08169305848252,100.0,89.1549,60.0,57.71139774540092,53.333333333333336,0.0,82.24059516205149,0.0,3,3,E_ablate_inflow_vr1.2,True
2281,002281.SZ,光迅科技,通信设备,20240520,37.01,55.855580044846455,55.855580044846455,0.0,1.82,7.556,46731.1,3.870129870129875,weak_momentum,BULL_TREND,43.19692252119858,100.0,100.0,80.0,80.28472222222223,66.66666666666666,0.0,34.350516954157115,0.0,1,1,E_ablate_wyckoff_vr1.2,True
960,000960.SZ,锡业股份,小金属,20240520,17.94,54.08482385658467,54.08482385658467,0.0,1.69,4.2596,13618.54,7.382550335570468,weak_momentum,BULL_TREND,37.851162325372975,100.0,100.0,65.0,83.26988560741373,53.333333333333336,0.0,74.41173706819598,0.0,2,2,E_ablate_wyckoff_vr1.2,True
519,000519.SZ,中兵红箭,专用机械,20240520,14.07,53.28891998266577,53.28891998266577,0.0,2.57,4.351,12645.72,7.434210526315783,weak_momentum,BULL_TREND,68.08841797095766,100.0,100.0,65.0,44.393270802369685,63.33333333333333,0.0,47.5409785342088,0.0,3,3,E_ablate_wyckoff_vr1.2,True
960,000960.SZ,锡业股份,小金属,20240520,17.94,65.24658441681407,65.24658441681407,0.0,1.69,4.2596,13618.54,7.382550335570468,weak_momentum,BULL_TREND,37.851162325372975,100.0,100.0,65.0,83.26988560741373,53.333333333333336,0.0,74.41173706819598,0.0,1,1,E_ablate_accel_vr1.2,True
601061,601061.SH,中信金属,商贸代理,20240520,8.7,63.6134961195095,63.6134961195095,0.0,2.3,10.1329,8915.49,9.937888198757774,weak_momentum,BULL_TREND,60.08169305848252,100.0,89.1549,60.0,57.004028131751575,53.333333333333336,0.0,82.24059516205149,0.0,2,2,E_ablate_accel_vr1.2,True
2281,002281.SZ,光迅科技,通信设备,20240520,37.01,61.00815758797002,61.00815758797002,0.0,1.82,7.556,46731.1,3.870129870129875,weak_momentum,BULL_TREND,43.19692252119858,100.0,100.0,80.0,80.28472222222223,66.66666666666666,0.0,34.350516954157115,0.0,3,3,E_ablate_accel_vr1.2,True
600733,600733.SH,北汽蓝谷,汽车整车,20240521,6.86,59.83275590278888,54.23196458311154,5.600791319677335,1.6,6.2701,27286.73,7.91946308724832,weak_momentum,BULL_TREND,33.903595255631885,100.0,100.0,100.0,56.00791319677335,20.0,0.0,31.634922101671695,0.0,1,1,A_recovered_proxy_vr1.5,True
600975,600975.SH,新五丰,农业综合,20240521,9.62,59.335769202599565,59.335769202599565,0.0,2.0,8.1311,8460.29,3.510531594784367,weak_momentum,BULL_TREND,50.0,100.0,84.6029,100.0,52.52500941033716,10.0,0.0,74.85663860699327,0.0,2,2,A_recovered_proxy_vr1.5,True
2640,002640.SZ,跨境通,互联网,20240521,2.35,54.60071472864768,54.60071472864768,0.0,2.27,9.3596,5981.87,3.688524590163929,weak_momentum,BULL_TREND,59.13461487580951,100.0,59.8187,65.0,55.92104331517498,0.0,0.0,75.5,0.0,3,3,A_recovered_proxy_vr1.5,True
600975,600975.SH,新五丰,农业综合,20240521,9.62,59.335769202599565,59.335769202599565,0.0,2.0,8.1311,8460.29,3.510531594784367,weak_momentum,BULL_TREND,50.0,100.0,84.6029,100.0,52.52500941033716,10.0,0.0,74.85663860699327,0.0,1,1,B_pure_quant_vr1.5,True
2640,002640.SZ,跨境通,互联网,20240521,2.35,54.60071472864768,54.60071472864768,0.0,2.27,9.3596,5981.87,3.688524590163929,weak_momentum,BULL_TREND,59.13461487580951,100.0,59.8187,65.0,55.92104331517498,0.0,0.0,75.5,0.0,2,2,B_pure_quant_vr1.5,True
600733,600733.SH,北汽蓝谷,汽车整车,20240521,6.86,54.23196458311154,54.23196458311154,0.0,1.6,6.2701,27286.73,7.91946308724832,weak_momentum,BULL_TREND,33.903595255631885,100.0,100.0,100.0,56.00791319677335,20.0,0.0,31.634922101671695,0.0,3,3,B_pure_quant_vr1.5,True
600733,600733.SH,北汽蓝谷,汽车整车,20240521,6.86,60.83525197387738,54.133462225764646,6.701789748112737,1.6,6.2701,27286.73,7.91946308724832,weak_momentum,BULL_TREND,33.903595255631885,100.0,100.0,65.0,67.01789748112736,20.0,0.0,31.634922101671695,0.0,1,1,A_recovered_proxy_vr1.2,True
600975,600975.SH,新五丰,农业综合,20240521,9.62,59.335769202599565,59.335769202599565,0.0,2.0,8.1311,8460.29,3.510531594784367,weak_momentum,BULL_TREND,50.0,100.0,84.6029,100.0,52.52500941033716,10.0,0.0,74.85663860699327,0.0,2,2,A_recovered_proxy_vr1.2,True
2640,002640.SZ,跨境通,互联网,20240521,2.35,54.60071472864768,54.60071472864768,0.0,2.27,9.3596,5981.87,3.688524590163929,weak_momentum,BULL_TREND,59.13461487580951,100.0,59.8187,65.0,55.92104331517498,0.0,0.0,75.5,0.0,3,3,A_recovered_proxy_vr1.2,True
600975,600975.SH,新五丰,农业综合,20240521,9.62,59.335769202599565,59.335769202599565,0.0,2.0,8.1311,8460.29,3.510531594784367,weak_momentum,BULL_TREND,50.0,100.0,84.6029,100.0,52.52500941033716,10.0,0.0,74.85663860699327,0.0,1,1,D_pure_quant_vr1.2,True
2640,002640.SZ,跨境通,互联网,20240521,2.35,54.60071472864768,54.60071472864768,0.0,2.27,9.3596,5981.87,3.688524590163929,weak_momentum,BULL_TREND,59.13461487580951,100.0,59.8187,65.0,55.92104331517498,0.0,0.0,75.5,0.0,2,2,D_pure_quant_vr1.2,True
600733,600733.SH,北汽蓝谷,汽车整车,20240521,6.86,54.133462225764646,54.133462225764646,0.0,1.6,6.2701,27286.73,7.91946308724832,weak_momentum,BULL_TREND,33.903595255631885,100.0,100.0,65.0,67.01789748112736,20.0,0.0,31.634922101671695,0.0,3,3,D_pure_quant_vr1.2,True
600975,600975.SH,新五丰,农业综合,20240521,9.62,51.45701779104899,51.45701779104899,0.0,2.0,8.1311,8460.29,3.510531594784367,weak_momentum,BULL_TREND,50.0,100.0,84.6029,100.0,52.52500941033716,10.0,0.0,74.85663860699327,0.0,1,1,E_ablate_sector_vr1.2,True
2640,002640.SZ,跨境通,互联网,20240521,2.35,46.21255823137143,46.21255823137143,0.0,2.27,9.3596,5981.87,3.688524590163929,weak_momentum,BULL_TREND,59.13461487580951,100.0,59.8187,65.0,55.92104331517498,0.0,0.0,75.5,0.0,2,2,E_ablate_sector_vr1.2,True
536,000536.SZ,华映科技,元器件,20240521,2.57,45.68873302930088,45.68873302930088,0.0,2.74,5.4682,3613.66,3.3834586466165524,weak_momentum,BULL_TREND,72.7087946592901,100.0,36.1366,65.0,34.30419743984904,30.0,0.0,76.85217220271578,0.0,3,3,E_ablate_sector_vr1.2,True
2012,002012.SZ,凯恩股份,造纸,20240521,4.35,53.12076201598098,53.12076201598098,0.0,7.26,9.9977,-2536.43,4.814004376367628,weak_momentum,BULL_TREND,100.0,100.0,0.0,60.0,48.691602004526345,33.33333333333333,0.0,94.33570032423576,0.0,1,1,E_ablate_inflow_vr1.2,True
600173,600173.SH,卧龙新能,全国地产,20240521,5.16,49.00514230557449,49.00514230557449,0.0,2.32,8.0965,-1273.75,3.007518796992484,weak_momentum,BULL_TREND,60.706240267642364,100.0,0.0,60.0,93.46558761720011,33.33333333333333,0.0,61.41800970787633,0.0,2,2,E_ablate_inflow_vr1.2,True
600733,600733.SH,北汽蓝谷,汽车整车,20240521,6.86,49.38822391051389,49.38822391051389,0.0,1.6,6.2701,27286.73,7.91946308724832,weak_momentum,BULL_TREND,33.903595255631885,100.0,100.0,65.0,67.01789748112736,20.0,0.0,31.634922101671695,0.0,1,1,E_ablate_wyckoff_vr1.2,True
600975,600975.SH,新五丰,农业综合,20240521,9.62,48.10727341155057,48.10727341155057,0.0,2.0,8.1311,8460.29,3.510531594784367,weak_momentum,BULL_TREND,50.0,100.0,84.6029,100.0,52.52500941033716,10.0,0.0,74.85663860699327,0.0,2,2,E_ablate_wyckoff_vr1.2,True
600975,600975.SH,新五丰,农业综合,20240521,9.62,59.335769202599565,59.335769202599565,0.0,2.0,8.1311,8460.29,3.510531594784367,weak_momentum,BULL_TREND,50.0,100.0,84.6029,100.0,52.52500941033716,10.0,0.0,74.85663860699327,0.0,1,1,E_ablate_accel_vr1.2,True
2640,002640.SZ,跨境通,互联网,20240521,2.35,54.60071472864768,54.60071472864768,0.0,2.27,9.3596,5981.87,3.688524590163929,weak_momentum,BULL_TREND,59.13461487580951,100.0,59.8187,65.0,55.92104331517498,0.0,0.0,75.5,0.0,2,2,E_ablate_accel_vr1.2,True
600733,600733.SH,北汽蓝谷,汽车整车,20240521,6.86,54.133462225764646,54.133462225764646,0.0,1.6,6.2701,27286.73,7.91946308724832,weak_momentum,BULL_TREND,33.903595255631885,100.0,100.0,65.0,67.01789748112736,20.0,0.0,31.634922101671695,0.0,3,3,E_ablate_accel_vr1.2,True
603218,603218.SH,日月股份,电气设备,20240522,12.44,74.70101096606561,68.55391243947302,6.147098526592587,3.09,3.3652,13208.93,1.4263074484944511,momentum,BULL_TREND,81.38034190648249,100.0,100.0,80.0,61.47098526592587,66.66666666666666,0.0,67.19330766982142,0.0,1,1,A_recovered_proxy_vr1.5,True
831,000831.SZ,中国稀土,小金属,20240522,29.41,52.42130172531129,52.42130172531129,0.0,1.65,3.0357,16462.89,3.5421449655624744,momentum,BULL_TREND,36.12330122355455,96.74713020662516,100.0,80.0,32.64566955723423,33.33333333333333,0.0,51.32292943002079,0.0,2,2,A_recovered_proxy_vr1.5,True
603218,603218.SH,日月股份,电气设备,20240522,12.44,68.55391243947302,68.55391243947302,0.0,3.09,3.3652,13208.93,1.4263074484944511,momentum,BULL_TREND,81.38034190648249,100.0,100.0,80.0,61.47098526592587,66.66666666666666,0.0,67.19330766982142,0.0,1,1,B_pure_quant_vr1.5,True
831,000831.SZ,中国稀土,小金属,20240522,29.41,52.42130172531129,52.42130172531129,0.0,1.65,3.0357,16462.89,3.5421449655624744,momentum,BULL_TREND,36.12330122355455,96.74713020662516,100.0,80.0,32.64566955723423,33.33333333333333,0.0,51.32292943002079,0.0,2,2,B_pure_quant_vr1.5,True
603218,603218.SH,日月股份,电气设备,20240522,12.44,75.15025543495094,68.18674208539657,6.963513349554361,3.09,3.3652,13208.93,1.4263074484944511,momentum,BULL_TREND,81.38034190648249,100.0,100.0,40.0,69.63513349554361,66.66666666666666,0.0,67.19330766982142,0.0,1,1,A_recovered_proxy_vr1.2,True
600266,600266.SH,城建发展,区域地产,20240522,5.3,55.61531673996963,49.7746477677774,5.840668972192237,1.32,11.1629,10245.68,4.159132007233281,momentum,BULL_TREND,20.02689647918644,93.04520795660032,100.0,60.0,58.40668972192237,10.0,0.0,22.84754555854921,0.0,2,2,A_recovered_proxy_vr1.2,True
831,000831.SZ,中国稀土,小金属,20240522,29.41,55.16182723854489,55.16182723854489,0.0,1.65,3.0357,16462.89,3.5421449655624744,momentum,BULL_TREND,36.12330122355455,96.74713020662516,100.0,80.0,46.348297123402205,33.33333333333333,0.0,51.32292943002079,0.0,3,3,A_recovered_proxy_vr1.2,True
603218,603218.SH,日月股份,电气设备,20240522,12.44,68.18674208539657,68.18674208539657,0.0,3.09,3.3652,13208.93,1.4263074484944511,momentum,BULL_TREND,81.38034190648249,100.0,100.0,40.0,69.63513349554361,66.66666666666666,0.0,67.19330766982142,0.0,1,1,D_pure_quant_vr1.2,True
831,000831.SZ,中国稀土,小金属,20240522,29.41,55.16182723854489,55.16182723854489,0.0,1.65,3.0357,16462.89,3.5421449655624744,momentum,BULL_TREND,36.12330122355455,96.74713020662516,100.0,80.0,46.348297123402205,33.33333333333333,0.0,51.32292943002079,0.0,2,2,D_pure_quant_vr1.2,True
603018,603018.SH,华设集团,建筑工程,20240522,10.65,51.64651543384601,51.64651543384601,0.0,1.25,9.3821,12191.24,2.739726027397251,momentum,BULL_TREND,16.09640474436812,100.0,100.0,60.0,53.00855681697644,33.33333333333333,0.0,39.636766921288384,0.0,3,3,D_pure_quant_vr1.2,True
603218,603218.SH,日月股份,电气设备,20240522,12.44,54.25971538628785,54.25971538628785,0.0,3.09,3.3652,13208.93,1.4263074484944511,momentum,BULL_TREND,81.38034190648249,100.0,100.0,40.0,69.63513349554361,66.66666666666666,0.0,67.19330766982142,0.0,1,1,E_ablate_sector_vr1.2,True
831,000831.SZ,中国稀土,小金属,20240522,29.41,45.89216781386445,45.89216781386445,0.0,1.65,3.0357,16462.89,3.5421449655624744,momentum,BULL_TREND,36.12330122355455,96.74713020662516,100.0,80.0,46.348297123402205,33.33333333333333,0.0,51.32292943002079,0.0,2,2,E_ablate_sector_vr1.2,True
603218,603218.SH,日月股份,电气设备,20240522,12.44,47.82541543272979,47.82541543272979,0.0,3.09,3.3652,13208.93,1.4263074484944511,momentum,BULL_TREND,81.38034190648249,100.0,100.0,40.0,67.82850023220969,66.66666666666666,0.0,67.19330766982142,0.0,1,1,E_ablate_inflow_vr1.2,True
603218,603218.SH,日月股份,电气设备,20240522,12.44,61.46741131841443,61.46741131841443,0.0,3.09,3.3652,13208.93,1.4263074484944511,momentum,BULL_TREND,81.38034190648249,100.0,100.0,40.0,69.63513349554361,66.66666666666666,0.0,67.19330766982142,0.0,1,1,E_ablate_wyckoff_vr1.2,True
831,000831.SZ,中国稀土,小金属,20240522,29.41,50.0295342955428,50.0295342955428,0.0,1.65,3.0357,16462.89,3.5421449655624744,momentum,BULL_TREND,36.12330122355455,96.74713020662516,100.0,80.0,46.348297123402205,33.33333333333333,0.0,51.32292943002079,0.0,2,2,E_ablate_wyckoff_vr1.2,True
603018,603018.SH,华设集团,建筑工程,20240522,10.65,47.68283874171718,47.68283874171718,0.0,1.25,9.3821,12191.24,2.739726027397251,momentum,BULL_TREND,16.09640474436812,100.0,100.0,60.0,53.00855681697644,33.33333333333333,0.0,39.636766921288384,0.0,3,3,E_ablate_wyckoff_vr1.2,True
603218,603218.SH,日月股份,电气设备,20240522,12.44,68.18674208539657,68.18674208539657,0.0,3.09,3.3652,13208.93,1.4263074484944511,momentum,BULL_TREND,81.38034190648249,100.0,100.0,40.0,69.63513349554361,66.66666666666666,0.0,67.19330766982142,0.0,1,1,E_ablate_accel_vr1.2,True
831,000831.SZ,中国稀土,小金属,20240522,29.41,55.16182723854489,55.16182723854489,0.0,1.65,3.0357,16462.89,3.5421449655624744,momentum,BULL_TREND,36.12330122355455,96.74713020662516,100.0,80.0,46.348297123402205,33.33333333333333,0.0,51.32292943002079,0.0,2,2,E_ablate_accel_vr1.2,True
603018,603018.SH,华设集团,建筑工程,20240522,10.65,51.64651543384601,51.64651543384601,0.0,1.25,9.3821,12191.24,2.739726027397251,momentum,BULL_TREND,16.09640474436812,100.0,100.0,60.0,53.00855681697644,33.33333333333333,0.0,39.636766921288384,0.0,3,3,E_ablate_accel_vr1.2,True
519,000519.SZ,中兵红箭,专用机械,20240523,14.18,88.32053058101116,79.97087263659265,8.349657944418507,3.13,6.79,20939.66,6.710526315789471,sideways,BULL_TREND,82.30813285789468,78.50877192982452,100.0,100.0,83.49657944418506,53.333333333333336,100.0,100.0,0.0,1,1,A_recovered_proxy_vr1.5,True
2389,002389.SZ,航天彩虹,航空,20240523,16.44,74.14439608771274,67.43958532671095,6.704810761001776,3.0,4.1407,14214.51,4.585026117237372,sideways,BULL_TREND,79.2481250360578,45.85026117237372,100.0,80.0,67.04810761001775,63.33333333333333,100.0,86.61714627238909,0.0,2,2,A_recovered_proxy_vr1.5,True
600478,600478.SH,科力远,电气设备,20240523,4.67,61.54568397068225,55.08922878743977,6.456455183242472,2.16,3.4934,1379.4,8.070866141732285,sideways,BULL_TREND,55.55156561943719,100.0,13.794,40.0,64.56455183242471,66.66666666666666,75.904,35.978902024721286,0.0,3,3,A_recovered_proxy_vr1.5,True
519,000519.SZ,中兵红箭,专用机械,20240523,14.18,79.97087263659265,79.97087263659265,0.0,3.13,6.79,20939.66,6.710526315789471,sideways,BULL_TREND,82.30813285789468,78.50877192982452,100.0,100.0,83.49657944418506,53.333333333333336,100.0,100.0,0.0,1,1,B_pure_quant_vr1.5,True
2389,002389.SZ,航天彩虹,航空,20240523,16.44,67.43958532671095,67.43958532671095,0.0,3.0,4.1407,14214.51,4.585026117237372,sideways,BULL_TREND,79.2481250360578,45.85026117237372,100.0,80.0,67.04810761001775,63.33333333333333,100.0,86.61714627238909,0.0,2,2,B_pure_quant_vr1.5,True
2929,002929.SZ,润建股份,通信设备,20240523,35.19,59.48222006829891,59.48222006829891,0.0,2.38,7.988,6064.05,6.4095744680851165,sideways,BULL_TREND,62.548078676660936,73.49290780141861,60.6405,100.0,54.684605043963394,66.66666666666666,100.0,47.83599127661306,0.0,3,3,B_pure_quant_vr1.5,True
519,000519.SZ,中兵红箭,专用机械,20240523,14.18,88.32053058101116,79.97087263659265,8.349657944418507,3.13,6.79,20939.66,6.710526315789471,sideways,BULL_TREND,82.30813285789468,78.50877192982452,100.0,100.0,83.49657944418506,53.333333333333336,100.0,100.0,0.0,1,1,A_recovered_proxy_vr1.2,True
2389,002389.SZ,航天彩虹,航空,20240523,16.44,74.14439608771274,67.43958532671095,6.704810761001776,3.0,4.1407,14214.51,4.585026117237372,sideways,BULL_TREND,79.2481250360578,45.85026117237372,100.0,80.0,67.04810761001775,63.33333333333333,100.0,86.61714627238909,0.0,2,2,A_recovered_proxy_vr1.2,True
600478,600478.SH,科力远,电气设备,20240523,4.67,61.54568397068225,55.08922878743977,6.456455183242472,2.16,3.4934,1379.4,8.070866141732285,sideways,BULL_TREND,55.55156561943719,100.0,13.794,40.0,64.56455183242471,66.66666666666666,75.904,35.978902024721286,0.0,3,3,A_recovered_proxy_vr1.2,True
519,000519.SZ,中兵红箭,专用机械,20240523,14.18,79.97087263659265,79.97087263659265,0.0,3.13,6.79,20939.66,6.710526315789471,sideways,BULL_TREND,82.30813285789468,78.50877192982452,100.0,100.0,83.49657944418506,53.333333333333336,100.0,100.0,0.0,1,1,D_pure_quant_vr1.2,True
2389,002389.SZ,航天彩虹,航空,20240523,16.44,67.43958532671095,67.43958532671095,0.0,3.0,4.1407,14214.51,4.585026117237372,sideways,BULL_TREND,79.2481250360578,45.85026117237372,100.0,80.0,67.04810761001775,63.33333333333333,100.0,86.61714627238909,0.0,2,2,D_pure_quant_vr1.2,True
2929,002929.SZ,润建股份,通信设备,20240523,35.19,59.48222006829891,59.48222006829891,0.0,2.38,7.988,6064.05,6.4095744680851165,sideways,BULL_TREND,62.548078676660936,73.49290780141861,60.6405,100.0,54.684605043963394,66.66666666666666,100.0,47.83599127661306,0.0,3,3,D_pure_quant_vr1.2,True
519,000519.SZ,中兵红箭,专用机械,20240523,14.18,67.4463857199649,67.4463857199649,0.0,3.13,6.79,20939.66,6.710526315789471,sideways,BULL_TREND,82.30813285789468,78.50877192982452,100.0,100.0,83.49657944418506,53.333333333333336,100.0,100.0,0.0,1,1,E_ablate_sector_vr1.2,True
2389,002389.SZ,航天彩虹,航空,20240523,16.44,57.38236918520829,57.38236918520829,0.0,3.0,4.1407,14214.51,4.585026117237372,sideways,BULL_TREND,79.2481250360578,45.85026117237372,100.0,80.0,67.04810761001775,63.33333333333333,100.0,86.61714627238909,0.0,2,2,E_ablate_sector_vr1.2,True
2915,002915.SZ,中欣氟材,化工原料,20240523,12.29,53.86058600863338,53.86058600863338,0.0,2.61,6.9179,1995.15,8.827893175074193,sideways,BULL_TREND,69.20249033975799,100.0,19.9515,100.0,21.111188071281227,63.33333333333333,66.382,58.19776222683302,0.0,3,3,E_ablate_sector_vr1.2,True
519,000519.SZ,中兵红箭,专用机械,20240523,14.18,67.97087263659265,67.97087263659265,0.0,3.13,6.79,20939.66,6.710526315789471,sideways,BULL_TREND,82.30813285789468,78.50877192982452,100.0,100.0,83.49657944418506,53.333333333333336,100.0,100.0,0.0,1,1,E_ablate_inflow_vr1.2,True
2915,002915.SZ,中欣氟材,化工原料,20240523,12.29,54.63308421932557,54.63308421932557,0.0,2.61,6.9179,1995.15,8.827893175074193,sideways,BULL_TREND,69.20249033975799,100.0,19.9515,100.0,21.111188071281227,63.33333333333333,66.382,58.19776222683302,0.0,2,2,E_ablate_inflow_vr1.2,True
2389,002389.SZ,航天彩虹,航空,20240523,16.44,53.44719854545215,53.44719854545215,0.0,3.0,4.1407,14214.51,4.585026117237372,sideways,BULL_TREND,79.2481250360578,45.85026117237372,100.0,80.0,53.7655290682924,63.33333333333333,100.0,86.61714627238909,0.0,3,3,E_ablate_inflow_vr1.2,True
519,000519.SZ,中兵红箭,专用机械,20240523,14.18,67.97087263659265,67.97087263659265,0.0,3.13,6.79,20939.66,6.710526315789471,sideways,BULL_TREND,82.30813285789468,78.50877192982452,100.0,100.0,83.49657944418506,53.333333333333336,100.0,100.0,0.0,1,1,E_ablate_wyckoff_vr1.2,True
2389,002389.SZ,航天彩虹,航空,20240523,16.44,57.045527774024265,57.045527774024265,0.0,3.0,4.1407,14214.51,4.585026117237372,sideways,BULL_TREND,79.2481250360578,45.85026117237372,100.0,80.0,67.04810761001775,63.33333333333333,100.0,86.61714627238909,0.0,2,2,E_ablate_wyckoff_vr1.2,True
2929,002929.SZ,润建股份,通信设备,20240523,35.19,53.74190111510534,53.74190111510534,0.0,2.38,7.988,6064.05,6.4095744680851165,sideways,BULL_TREND,62.548078676660936,73.49290780141861,60.6405,100.0,54.684605043963394,66.66666666666666,100.0,47.83599127661306,0.0,3,3,E_ablate_wyckoff_vr1.2,True
519,000519.SZ,中兵红箭,专用机械,20240523,14.18,79.97087263659265,79.97087263659265,0.0,3.13,6.79,20939.66,6.710526315789471,sideways,BULL_TREND,82.30813285789468,78.50877192982452,100.0,100.0,83.49657944418506,53.333333333333336,100.0,100.0,0.0,1,1,E_ablate_accel_vr1.2,True
2389,002389.SZ,航天彩虹,航空,20240523,16.44,67.43958532671095,67.43958532671095,0.0,3.0,4.1407,14214.51,4.585026117237372,sideways,BULL_TREND,79.2481250360578,45.85026117237372,100.0,80.0,67.04810761001775,63.33333333333333,100.0,86.61714627238909,0.0,2,2,E_ablate_accel_vr1.2,True
2929,002929.SZ,润建股份,通信设备,20240523,35.19,59.48222006829891,59.48222006829891,0.0,2.38,7.988,6064.05,6.4095744680851165,sideways,BULL_TREND,62.548078676660936,73.49290780141861,60.6405,100.0,54.684605043963394,66.66666666666666,100.0,47.83599127661306,0.0,3,3,E_ablate_accel_vr1.2,True
37,000037.SZ,深南电A,火力发电,20240524,9.36,74.13176000479433,65.907548706781,8.224211298013325,2.1,9.548,6385.86,8.949416342412452,bear,BULL_TREND,53.5194663945699,100.0,63.8586,60.0,82.24211298013324,33.33333333333333,100.0,50.56042071907471,0.0,1,1,A_recovered_proxy_vr1.5,True
600853,600853.SH,龙建股份,建筑工程,20240524,3.74,73.84983246462787,66.09919953939668,7.750632925231184,2.04,6.0875,6962.44,11.5839243498818,bear,BULL_TREND,51.42845760983854,100.0,69.6244,100.0,77.50632925231183,0.0,100.0,48.367178978211925,0.0,2,2,A_recovered_proxy_vr1.5,True
2298,002298.SZ,中电鑫龙,电气设备,20240524,5.12,70.18136780003964,62.01601211248516,8.165355687554484,2.13,7.7617,4430.35,11.418685121107268,bear,BULL_TREND,54.54267152255567,100.0,44.30350000000001,100.0,81.65355687554484,33.33333333333333,74.244,29.651534829370988,0.0,3,3,A_recovered_proxy_vr1.5,True
600853,600853.SH,龙建股份,建筑工程,20240524,3.74,66.09919953939668,66.09919953939668,0.0,2.04,6.0875,6962.44,11.5839243498818,bear,BULL_TREND,51.42845760983854,100.0,69.6244,100.0,77.50632925231183,0.0,100.0,48.367178978211925,0.0,1,1,B_pure_quant_vr1.5,True
37,000037.SZ,深南电A,火力发电,20240524,9.36,65.907548706781,65.907548706781,0.0,2.1,9.548,6385.86,8.949416342412452,bear,BULL_TREND,53.5194663945699,100.0,63.8586,60.0,82.24211298013324,33.33333333333333,100.0,50.56042071907471,0.0,2,2,B_pure_quant_vr1.5,True
2298,002298.SZ,中电鑫龙,电气设备,20240524,5.12,62.01601211248516,62.01601211248516,0.0,2.13,7.7617,4430.35,11.418685121107268,bear,BULL_TREND,54.54267152255567,100.0,44.30350000000001,100.0,81.65355687554484,33.33333333333333,74.244,29.651534829370988,0.0,3,3,B_pure_quant_vr1.5,True
2298,002298.SZ,中电鑫龙,电气设备,20240524,5.12,69.28781693878042,61.15988159572963,8.127935343050797,2.13,7.7617,4430.35,11.418685121107268,bear,BULL_TREND,54.54267152255567,100.0,44.30350000000001,80.0,81.27935343050797,33.33333333333333,74.244,29.651534829370988,0.0,1,1,A_recovered_proxy_vr1.2,True
37,000037.SZ,深南电A,火力发电,20240524,9.36,68.31038784940327,62.41472541354637,5.895662435856906,2.1,9.548,6385.86,8.949416342412452,bear,BULL_TREND,53.5194663945699,100.0,63.8586,60.0,58.95662435856905,33.33333333333333,100.0,50.56042071907471,0.0,2,2,A_recovered_proxy_vr1.2,True
601179,601179.SH,中国西电,电气设备,20240524,6.84,68.06043772293985,59.93250237988905,8.127935343050797,1.48,3.6035,25745.83,15.031055900621126,bear,BULL_TREND,28.279858792711256,99.68944099378874,100.0,40.0,81.27935343050797,43.333333333333336,82.38,22.07738954680162,0.0,3,3,A_recovered_proxy_vr1.2,True
37,000037.SZ,深南电A,火力发电,20240524,9.36,62.41472541354637,62.41472541354637,0.0,2.1,9.548,6385.86,8.949416342412452,bear,BULL_TREND,53.5194663945699,100.0,63.8586,60.0,58.95662435856905,33.33333333333333,100.0,50.56042071907471,0.0,1,1,D_pure_quant_vr1.2,True
2298,002298.SZ,中电鑫龙,电气设备,20240524,5.12,61.15988159572963,61.15988159572963,0.0,2.13,7.7617,4430.35,11.418685121107268,bear,BULL_TREND,54.54267152255567,100.0,44.30350000000001,80.0,81.27935343050797,33.33333333333333,74.244,29.651534829370988,0.0,2,2,D_pure_quant_vr1.2,True
600853,600853.SH,龙建股份,建筑工程,20240524,3.74,60.56006120763605,60.56006120763605,0.0,2.04,6.0875,6962.44,11.5839243498818,bear,BULL_TREND,51.42845760983854,100.0,69.6244,100.0,40.578740373907664,0.0,100.0,48.367178978211925,0.0,3,3,D_pure_quant_vr1.2,True
600853,600853.SH,龙建股份,建筑工程,20240524,3.74,54.47325015154991,54.47325015154991,0.0,2.04,6.0875,6962.44,11.5839243498818,bear,BULL_TREND,51.42845760983854,100.0,69.6244,100.0,40.578740373907664,0.0,100.0,48.367178978211925,0.0,1,1,E_ablate_sector_vr1.2,True
37,000037.SZ,深南电A,火力发电,20240524,9.36,53.57123175976101,53.57123175976101,0.0,2.1,9.548,6385.86,8.949416342412452,bear,BULL_TREND,53.5194663945699,100.0,63.8586,60.0,58.95662435856905,33.33333333333333,100.0,50.56042071907471,0.0,2,2,E_ablate_sector_vr1.2,True
2298,002298.SZ,中电鑫龙,电气设备,20240524,5.12,48.96797858115343,48.96797858115343,0.0,2.13,7.7617,4430.35,11.418685121107268,bear,BULL_TREND,54.54267152255567,100.0,44.30350000000001,80.0,81.27935343050797,33.33333333333333,74.244,29.651534829370988,0.0,3,3,E_ablate_sector_vr1.2,True
2298,002298.SZ,中电鑫龙,电气设备,20240524,5.12,55.84346159572963,55.84346159572963,0.0,2.13,7.7617,4430.35,11.418685121107268,bear,BULL_TREND,54.54267152255567,100.0,44.30350000000001,80.0,81.27935343050797,33.33333333333333,74.244,29.651534829370988,0.0,1,1,E_ablate_inflow_vr1.2,True
37,000037.SZ,深南电A,火力发电,20240524,9.36,54.75169341354637,54.75169341354637,0.0,2.1,9.548,6385.86,8.949416342412452,bear,BULL_TREND,53.5194663945699,100.0,63.8586,60.0,58.95662435856905,33.33333333333333,100.0,50.56042071907471,0.0,2,2,E_ablate_inflow_vr1.2,True
600853,600853.SH,龙建股份,建筑工程,20240524,3.74,52.20513320763606,52.20513320763606,0.0,2.04,6.0875,6962.44,11.5839243498818,bear,BULL_TREND,51.42845760983854,100.0,69.6244,100.0,40.578740373907664,0.0,100.0,48.367178978211925,0.0,3,3,E_ablate_inflow_vr1.2,True
2298,002298.SZ,中电鑫龙,电气设备,20240524,5.12,57.60169741620511,57.60169741620511,0.0,2.13,7.7617,4430.35,11.418685121107268,bear,BULL_TREND,54.54267152255567,100.0,44.30350000000001,80.0,81.27935343050797,33.33333333333333,74.244,29.651534829370988,0.0,1,1,E_ablate_wyckoff_vr1.2,True
601179,601179.SH,中国西电,电气设备,20240524,6.84,57.28321563427286,57.28321563427286,0.0,1.48,3.6035,25745.83,15.031055900621126,bear,BULL_TREND,28.279858792711256,99.68944099378874,100.0,40.0,81.27935343050797,43.333333333333336,82.38,22.07738954680162,0.0,2,2,E_ablate_wyckoff_vr1.2,True
37,000037.SZ,深南电A,火力发电,20240524,9.36,56.3474749272574,56.3474749272574,0.0,2.1,9.548,6385.86,8.949416342412452,bear,BULL_TREND,53.5194663945699,100.0,63.8586,60.0,58.95662435856905,33.33333333333333,100.0,50.56042071907471,0.0,3,3,E_ablate_wyckoff_vr1.2,True
37,000037.SZ,深南电A,火力发电,20240524,9.36,62.41472541354637,62.41472541354637,0.0,2.1,9.548,6385.86,8.949416342412452,bear,BULL_TREND,53.5194663945699,100.0,63.8586,60.0,58.95662435856905,33.33333333333333,100.0,50.56042071907471,0.0,1,1,E_ablate_accel_vr1.2,True
2298,002298.SZ,中电鑫龙,电气设备,20240524,5.12,61.15988159572963,61.15988159572963,0.0,2.13,7.7617,4430.35,11.418685121107268,bear,BULL_TREND,54.54267152255567,100.0,44.30350000000001,80.0,81.27935343050797,33.33333333333333,74.244,29.651534829370988,0.0,2,2,E_ablate_accel_vr1.2,True
600853,600853.SH,龙建股份,建筑工程,20240524,3.74,60.56006120763605,60.56006120763605,0.0,2.04,6.0875,6962.44,11.5839243498818,bear,BULL_TREND,51.42845760983854,100.0,69.6244,100.0,40.578740373907664,0.0,100.0,48.367178978211925,0.0,3,3,E_ablate_accel_vr1.2,True
603005,603005.SH,晶方科技,半导体,20240527,17.91,58.92296559445468,52.98452494169515,5.938440652759528,1.63,4.5114,6952.66,6.718749999999996,sideways,BULL_TREND,35.24359822281764,78.64583333333326,69.5266,80.0,59.38440652759528,33.33333333333333,0.0,56.7610862794666,0.0,1,1,A_recovered_proxy_vr1.5,True
37,000037.SZ,深南电A,火力发电,20240527,9.51,58.605829724569865,51.00253689398957,7.603292830580298,1.63,9.236,1679.48,7.490272373540853,sideways,BULL_TREND,35.24359822281764,91.50453955901423,16.7948,80.0,76.03292830580298,20.0,0.0,50.8135944676342,0.0,2,2,A_recovered_proxy_vr1.5,True
2090,002090.SZ,金智科技,电气设备,20240527,9.28,53.18572400540516,53.18572400540516,0.0,1.98,6.2286,3480.85,11.450381679389322,sideways,BULL_TREND,49.27502151524424,100.0,34.8085,100.0,47.12627437741425,53.333333333333336,0.0,33.604928739771886,0.0,3,3,A_recovered_proxy_vr1.5,True
2090,002090.SZ,金智科技,电气设备,20240527,9.28,53.18572400540516,53.18572400540516,0.0,1.98,6.2286,3480.85,11.450381679389322,sideways,BULL_TREND,49.27502151524424,100.0,34.8085,100.0,47.12627437741425,53.333333333333336,0.0,33.604928739771886,0.0,1,1,B_pure_quant_vr1.5,True
603005,603005.SH,晶方科技,半导体,20240527,17.91,52.98452494169515,52.98452494169515,0.0,1.63,4.5114,6952.66,6.718749999999996,sideways,BULL_TREND,35.24359822281764,78.64583333333326,69.5266,80.0,59.38440652759528,33.33333333333333,0.0,56.7610862794666,0.0,2,2,B_pure_quant_vr1.5,True
37,000037.SZ,深南电A,火力发电,20240527,9.51,51.00253689398957,51.00253689398957,0.0,1.63,9.236,1679.48,7.490272373540853,sideways,BULL_TREND,35.24359822281764,91.50453955901423,16.7948,80.0,76.03292830580298,20.0,0.0,50.8135944676342,0.0,3,3,B_pure_quant_vr1.5,True
603005,603005.SH,晶方科技,半导体,20240527,17.91,65.61638566461205,57.00057698378957,8.615808680822477,1.63,4.5114,6952.66,6.718749999999996,sideways,BULL_TREND,35.24359822281764,78.64583333333326,69.5266,80.0,86.15808680822477,33.33333333333333,0.0,56.7610862794666,0.0,1,1,A_recovered_proxy_vr1.2,True
2090,002090.SZ,金智科技,电气设备,20240527,9.28,60.70934065004757,54.55231752954575,6.157023120501819,1.98,6.2286,3480.85,11.450381679389322,sideways,BULL_TREND,49.27502151524424,100.0,34.8085,80.0,61.57023120501818,53.333333333333336,0.0,33.604928739771886,0.0,2,2,A_recovered_proxy_vr1.2,True
601179,601179.SH,中国西电,电气设备,20240527,6.97,59.48571721219149,53.32869409168967,6.157023120501819,1.45,3.723,9474.31,13.41614906832299,sideways,BULL_TREND,26.802645012010483,100.0,94.7431,40.0,61.57023120501818,33.33333333333333,0.0,21.339490346899787,0.0,3,3,A_recovered_proxy_vr1.2,True
603005,603005.SH,晶方科技,半导体,20240527,17.91,57.00057698378957,57.00057698378957,0.0,1.63,4.5114,6952.66,6.718749999999996,sideways,BULL_TREND,35.24359822281764,78.64583333333326,69.5266,80.0,86.15808680822477,33.33333333333333,0.0,56.7610862794666,0.0,1,1,D_pure_quant_vr1.2,True
2090,002090.SZ,金智科技,电气设备,20240527,9.28,54.55231752954575,54.55231752954575,0.0,1.98,6.2286,3480.85,11.450381679389322,sideways,BULL_TREND,49.27502151524424,100.0,34.8085,80.0,61.57023120501818,53.333333333333336,0.0,33.604928739771886,0.0,2,2,D_pure_quant_vr1.2,True
601179,601179.SH,中国西电,电气设备,20240527,6.97,53.32869409168967,53.32869409168967,0.0,1.45,3.723,9474.31,13.41614906832299,sideways,BULL_TREND,26.802645012010483,100.0,94.7431,40.0,61.57023120501818,33.33333333333333,0.0,21.339490346899787,0.0,3,3,D_pure_quant_vr1.2,True
2090,002090.SZ,金智科技,电气设备,20240527,9.28,45.31678284879303,45.31678284879303,0.0,1.98,6.2286,3480.85,11.450381679389322,sideways,BULL_TREND,49.27502151524424,100.0,34.8085,80.0,61.57023120501818,53.333333333333336,0.0,33.604928739771886,0.0,1,1,E_ablate_sector_vr1.2,True
2090,002090.SZ,金智科技,电气设备,20240527,9.28,50.37529752954576,50.37529752954576,0.0,1.98,6.2286,3480.85,11.450381679389322,sideways,BULL_TREND,49.27502151524424,100.0,34.8085,80.0,61.57023120501818,53.333333333333336,0.0,33.604928739771886,0.0,1,1,E_ablate_inflow_vr1.2,True
37,000037.SZ,深南电A,火力发电,20240527,9.51,48.85249657296881,48.85249657296881,0.0,1.63,9.236,1679.48,7.490272373540853,sideways,BULL_TREND,35.24359822281764,91.50453955901423,16.7948,80.0,75.13516616566466,20.0,0.0,50.8135944676342,0.0,2,2,E_ablate_inflow_vr1.2,True
2869,002869.SZ,金溢科技,通信设备,20240527,19.23,48.44347821658863,48.44347821658863,0.0,1.87,7.1766,334.51,8.472156116135178,sideways,BULL_TREND,45.1519135056456,100.0,3.3451,100.0,35.229743004180726,20.0,0.0,56.87996495599575,0.0,3,3,E_ablate_inflow_vr1.2,True
601179,601179.SH,中国西电,电气设备,20240527,6.97,50.767955250061696,50.767955250061696,0.0,1.45,3.723,9474.31,13.41614906832299,sideways,BULL_TREND,26.802645012010483,100.0,94.7431,40.0,61.57023120501818,33.33333333333333,0.0,21.339490346899787,0.0,1,1,E_ablate_wyckoff_vr1.2,True
2090,002090.SZ,金智科技,电气设备,20240527,9.28,50.519726080773125,50.519726080773125,0.0,1.98,6.2286,3480.85,11.450381679389322,sideways,BULL_TREND,49.27502151524424,100.0,34.8085,80.0,61.57023120501818,53.333333333333336,0.0,33.604928739771886,0.0,2,2,E_ablate_wyckoff_vr1.2,True
603005,603005.SH,晶方科技,半导体,20240527,17.91,50.18924663025358,50.18924663025358,0.0,1.63,4.5114,6952.66,6.718749999999996,sideways,BULL_TREND,35.24359822281764,78.64583333333326,69.5266,80.0,86.15808680822477,33.33333333333333,0.0,56.7610862794666,0.0,3,3,E_ablate_wyckoff_vr1.2,True
603005,603005.SH,晶方科技,半导体,20240527,17.91,57.00057698378957,57.00057698378957,0.0,1.63,4.5114,6952.66,6.718749999999996,sideways,BULL_TREND,35.24359822281764,78.64583333333326,69.5266,80.0,86.15808680822477,33.33333333333333,0.0,56.7610862794666,0.0,1,1,E_ablate_accel_vr1.2,True
2090,002090.SZ,金智科技,电气设备,20240527,9.28,54.55231752954575,54.55231752954575,0.0,1.98,6.2286,3480.85,11.450381679389322,sideways,BULL_TREND,49.27502151524424,100.0,34.8085,80.0,61.57023120501818,53.333333333333336,0.0,33.604928739771886,0.0,2,2,E_ablate_accel_vr1.2,True
601179,601179.SH,中国西电,电气设备,20240527,6.97,53.32869409168967,53.32869409168967,0.0,1.45,3.723,9474.31,13.41614906832299,sideways,BULL_TREND,26.802645012010483,100.0,94.7431,40.0,61.57023120501818,33.33333333333333,0.0,21.339490346899787,0.0,3,3,E_ablate_accel_vr1.2,True
603619,603619.SH,中曼石油,石油开采,20240528,26.79,62.37963385433952,56.39979453942523,5.9798393149142965,2.56,5.534,9622.22,3.7715517241379337,bear,BULL_TREND,67.80719051126377,37.71551724137934,96.2222,100.0,59.79839314914296,33.33333333333333,0.0,66.68090995671362,0.0,1,1,A_recovered_proxy_vr1.5,True
3035,003035.SZ,南网能源,新型电力,20240528,5.24,61.89881890450504,56.51814944106312,5.380669463441918,3.98,3.3602,3716.22,3.853211009174312,bear,BULL_TREND,99.6384215384462,38.53211009174312,37.1622,65.0,53.80669463441917,10.0,0.0,89.91803572715492,0.0,2,2,A_recovered_proxy_vr1.5,True
605090,605090.SH,九丰能源,供气供热,20240528,26.65,58.12523473892696,58.12523473892696,0.0,2.97,4.3486,4640.41,6.785589366911513,bear,BULL_TREND,78.52314655130206,79.75982278185855,46.4041,80.0,44.48636425949432,53.333333333333336,0.0,56.6239015003401,0.0,3,3,A_recovered_proxy_vr1.5,True
605090,605090.SH,九丰能源,供气供热,20240528,26.65,58.12523473892696,58.12523473892696,0.0,2.97,4.3486,4640.41,6.785589366911513,bear,BULL_TREND,78.52314655130206,79.75982278185855,46.4041,80.0,44.48636425949432,53.333333333333336,0.0,56.6239015003401,0.0,1,1,B_pure_quant_vr1.5,True
3035,003035.SZ,南网能源,新型电力,20240528,5.24,56.51814944106312,56.51814944106312,0.0,3.98,3.3602,3716.22,3.853211009174312,bear,BULL_TREND,99.6384215384462,38.53211009174312,37.1622,65.0,53.80669463441917,10.0,0.0,89.91803572715492,0.0,2,2,B_pure_quant_vr1.5,True
603619,603619.SH,中曼石油,石油开采,20240528,26.79,56.39979453942523,56.39979453942523,0.0,2.56,5.534,9622.22,3.7715517241379337,bear,BULL_TREND,67.80719051126377,37.71551724137934,96.2222,100.0,59.79839314914296,33.33333333333333,0.0,66.68090995671362,0.0,3,3,B_pure_quant_vr1.5,True
603619,603619.SH,中曼石油,石油开采,20240528,26.79,62.37963385433952,56.39979453942523,5.9798393149142965,2.56,5.534,9622.22,3.7715517241379337,bear,BULL_TREND,67.80719051126377,37.71551724137934,96.2222,100.0,59.79839314914296,33.33333333333333,0.0,66.68090995671362,0.0,1,1,A_recovered_proxy_vr1.2,True
3035,003035.SZ,南网能源,新型电力,20240528,5.24,61.89881890450504,56.51814944106312,5.380669463441918,3.98,3.3602,3716.22,3.853211009174312,bear,BULL_TREND,99.6384215384462,38.53211009174312,37.1622,65.0,53.80669463441917,10.0,0.0,89.91803572715492,0.0,2,2,A_recovered_proxy_vr1.2,True
605090,605090.SH,九丰能源,供气供热,20240528,26.65,58.12523473892696,58.12523473892696,0.0,2.97,4.3486,4640.41,6.785589366911513,bear,BULL_TREND,78.52314655130206,79.75982278185855,46.4041,80.0,44.48636425949432,53.333333333333336,0.0,56.6239015003401,0.0,3,3,A_recovered_proxy_vr1.2,True
605090,605090.SH,九丰能源,供气供热,20240528,26.65,58.12523473892696,58.12523473892696,0.0,2.97,4.3486,4640.41,6.785589366911513,bear,BULL_TREND,78.52314655130206,79.75982278185855,46.4041,80.0,44.48636425949432,53.333333333333336,0.0,56.6239015003401,0.0,1,1,D_pure_quant_vr1.2,True
2298,002298.SZ,中电鑫龙,电气设备,20240528,5.18,56.65377091207637,56.65377091207637,0.0,1.95,8.7269,3087.51,10.380622837370252,bear,BULL_TREND,48.1737061987443,100.0,30.875100000000003,65.0,50.57745483871835,43.333333333333336,0.0,77.4771554656517,0.0,2,2,D_pure_quant_vr1.2,True
3035,003035.SZ,南网能源,新型电力,20240528,5.24,56.51814944106312,56.51814944106312,0.0,3.98,3.3602,3716.22,3.853211009174312,bear,BULL_TREND,99.6384215384462,38.53211009174312,37.1622,65.0,53.80669463441917,10.0,0.0,89.91803572715492,0.0,3,3,D_pure_quant_vr1.2,True
2654,002654.SZ,万润科技,互联网,20240528,9.44,52.27070161241296,52.27070161241296,0.0,2.8,6.4927,334.51,11.111111111111107,bear,BULL_TREND,74.27134135851209,100.0,3.3451,100.0,24.813571465451982,43.333333333333336,0.0,72.19106539061366,0.0,1,1,E_ablate_sector_vr1.2,True
605090,605090.SH,九丰能源,供气供热,20240528,26.65,51.45228010000282,51.45228010000282,0.0,2.97,4.3486,4640.41,6.785589366911513,bear,BULL_TREND,78.52314655130206,79.75982278185855,46.4041,80.0,44.48636425949432,53.333333333333336,0.0,56.6239015003401,0.0,2,2,E_ablate_sector_vr1.2,True
2298,002298.SZ,中电鑫龙,电气设备,20240528,5.18,49.06715268626862,49.06715268626862,0.0,1.95,8.7269,3087.51,10.380622837370252,bear,BULL_TREND,48.1737061987443,100.0,30.875100000000003,65.0,50.57745483871835,43.333333333333336,0.0,77.4771554656517,0.0,3,3,E_ablate_sector_vr1.2,True
2654,002654.SZ,万润科技,互联网,20240528,9.44,55.59132533223077,55.59132533223077,0.0,2.8,6.4927,334.51,11.111111111111107,bear,BULL_TREND,74.27134135851209,100.0,3.3451,100.0,24.813571465451982,43.333333333333336,0.0,72.19106539061366,0.0,1,1,E_ablate_inflow_vr1.2,True
2298,002298.SZ,中电鑫龙,电气设备,20240528,5.18,52.86382760817774,52.86382760817774,0.0,1.95,8.7269,3087.51,10.380622837370252,bear,BULL_TREND,48.1737061987443,100.0,30.875100000000003,65.0,50.011246146060856,43.333333333333336,0.0,77.4771554656517,0.0,2,2,E_ablate_inflow_vr1.2,True
605090,605090.SH,九丰能源,供气供热,20240528,26.65,52.55674273892696,52.55674273892696,0.0,2.97,4.3486,4640.41,6.785589366911513,bear,BULL_TREND,78.52314655130206,79.75982278185855,46.4041,80.0,44.48636425949432,53.333333333333336,0.0,56.6239015003401,0.0,3,3,E_ablate_inflow_vr1.2,True
605090,605090.SH,九丰能源,供气供热,20240528,26.65,51.33036655888615,51.33036655888615,0.0,2.97,4.3486,4640.41,6.785589366911513,bear,BULL_TREND,78.52314655130206,79.75982278185855,46.4041,80.0,44.48636425949432,53.333333333333336,0.0,56.6239015003401,0.0,1,1,E_ablate_wyckoff_vr1.2,True
962,000962.SZ,东方钽业,小金属,20240528,11.25,51.329768323968366,51.329768323968366,0.0,2.21,5.8749,5099.2,11.34751773049645,bear,BULL_TREND,57.20231848083535,100.0,50.992,80.0,45.06367727678617,33.33333333333333,0.0,30.96850597144436,0.0,2,2,E_ablate_wyckoff_vr1.2,True
603619,603619.SH,中曼石油,石油开采,20240528,26.79,48.3980853446196,48.3980853446196,0.0,2.56,5.534,9622.22,3.7715517241379337,bear,BULL_TREND,67.80719051126377,37.71551724137934,96.2222,100.0,59.79839314914296,33.33333333333333,0.0,66.68090995671362,0.0,3,3,E_ablate_wyckoff_vr1.2,True
605090,605090.SH,九丰能源,供气供热,20240528,26.65,58.12523473892696,58.12523473892696,0.0,2.97,4.3486,4640.41,6.785589366911513,bear,BULL_TREND,78.52314655130206,79.75982278185855,46.4041,80.0,44.48636425949432,53.333333333333336,0.0,56.6239015003401,0.0,1,1,E_ablate_accel_vr1.2,True
2298,002298.SZ,中电鑫龙,电气设备,20240528,5.18,56.65377091207637,56.65377091207637,0.0,1.95,8.7269,3087.51,10.380622837370252,bear,BULL_TREND,48.1737061987443,100.0,30.875100000000003,65.0,50.57745483871835,43.333333333333336,0.0,77.4771554656517,0.0,2,2,E_ablate_accel_vr1.2,True
3035,003035.SZ,南网能源,新型电力,20240528,5.24,56.51814944106312,56.51814944106312,0.0,3.98,3.3602,3716.22,3.853211009174312,bear,BULL_TREND,99.6384215384462,38.53211009174312,37.1622,65.0,53.80669463441917,10.0,0.0,89.91803572715492,0.0,3,3,E_ablate_accel_vr1.2,True
600338,600338.SH,西藏珠峰,铅锌,20240529,10.42,75.36516159372151,65.79510100206177,9.570060591659738,2.94,5.5371,14294.49,3.963133640552993,bear,BULL_TREND,77.79080775308198,39.63133640552993,100.0,80.0,95.70060591659735,66.66666666666666,0.0,75.61504221953507,0.0,1,1,A_recovered_proxy_vr1.5,True
751,000751.SZ,锌业股份,铅锌,20240529,3.24,71.27198995379352,61.70192936213378,9.570060591659738,2.14,4.9584,5457.24,7.163323782234957,bear,BULL_TREND,54.88053983132112,86.05539637058261,54.5724,80.0,95.70060591659735,66.66666666666666,0.0,43.82425980743351,0.0,2,2,A_recovered_proxy_vr1.5,True
2428,002428.SZ,云南锗业,小金属,20240529,10.45,67.53710895484609,61.485919969553606,6.05118898529248,1.87,5.2938,7696.53,7.848324514991186,bear,BULL_TREND,45.1519135056456,97.4720752498531,76.9653,100.0,60.5118898529248,63.33333333333333,0.0,54.41130248948751,0.0,3,3,A_recovered_proxy_vr1.5,True
600338,600338.SH,西藏珠峰,铅锌,20240529,10.42,65.79510100206177,65.79510100206177,0.0,2.94,5.5371,14294.49,3.963133640552993,bear,BULL_TREND,77.79080775308198,39.63133640552993,100.0,80.0,95.70060591659735,66.66666666666666,0.0,75.61504221953507,0.0,1,1,B_pure_quant_vr1.5,True
751,000751.SZ,锌业股份,铅锌,20240529,3.24,61.70192936213378,61.70192936213378,0.0,2.14,4.9584,5457.24,7.163323782234957,bear,BULL_TREND,54.88053983132112,86.05539637058261,54.5724,80.0,95.70060591659735,66.66666666666666,0.0,43.82425980743351,0.0,2,2,B_pure_quant_vr1.5,True
2428,002428.SZ,云南锗业,小金属,20240529,10.45,61.485919969553606,61.485919969553606,0.0,1.87,5.2938,7696.53,7.848324514991186,bear,BULL_TREND,45.1519135056456,97.4720752498531,76.9653,100.0,60.5118898529248,63.33333333333333,0.0,54.41130248948751,0.0,3,3,B_pure_quant_vr1.5,True
600338,600338.SH,西藏珠峰,铅锌,20240529,10.42,73.53014630994207,64.69409183179411,8.836054478147965,2.94,5.5371,14294.49,3.963133640552993,bear,BULL_TREND,77.79080775308198,39.63133640552993,100.0,80.0,88.36054478147965,66.66666666666666,0.0,75.61504221953507,0.0,1,1,A_recovered_proxy_vr1.2,True
751,000751.SZ,锌业股份,铅锌,20240529,3.24,68.83697467001409,60.00092019186612,8.836054478147965,2.14,4.9584,5457.24,7.163323782234957,bear,BULL_TREND,54.88053983132112,86.05539637058261,54.5724,65.0,88.36054478147965,66.66666666666666,0.0,43.82425980743351,0.0,2,2,A_recovered_proxy_vr1.2,True
888,000888.SZ,峨眉山A,旅游景点,20240529,12.38,61.09141555193439,55.37521418695737,5.716201364977014,1.44,9.4909,10649.91,8.903605592347308,bear,BULL_TREND,26.303440583379377,100.0,100.0,60.0,57.16201364977013,66.66666666666666,0.0,27.340182315125485,0.0,3,3,A_recovered_proxy_vr1.2,True
600338,600338.SH,西藏珠峰,铅锌,20240529,10.42,64.69409183179411,64.69409183179411,0.0,2.94,5.5371,14294.49,3.963133640552993,bear,BULL_TREND,77.79080775308198,39.63133640552993,100.0,80.0,88.36054478147965,66.66666666666666,0.0,75.61504221953507,0.0,1,1,D_pure_quant_vr1.2,True
751,000751.SZ,锌业股份,铅锌,20240529,3.24,60.00092019186612,60.00092019186612,0.0,2.14,4.9584,5457.24,7.163323782234957,bear,BULL_TREND,54.88053983132112,86.05539637058261,54.5724,65.0,88.36054478147965,66.66666666666666,0.0,43.82425980743351,0.0,2,2,D_pure_quant_vr1.2,True
2428,002428.SZ,云南锗业,小金属,20240529,10.45,59.29548560566398,59.29548560566398,0.0,1.87,5.2938,7696.53,7.848324514991186,bear,BULL_TREND,45.1519135056456,97.4720752498531,76.9653,80.0,51.24232742699397,63.33333333333333,0.0,54.41130248948751,0.0,3,3,D_pure_quant_vr1.2,True
2366,002366.SZ,融发核电,专用机械,20240529,4.39,52.428865043045626,52.428865043045626,0.0,3.19,3.9754,314.1,7.38396624472575,bear,BULL_TREND,83.67782119950724,89.73277074542916,3.141,80.0,27.9990761773796,0.0,0.0,89.18012345966346,0.0,1,1,E_ablate_sector_vr1.2,True
2428,002428.SZ,云南锗业,小金属,20240529,10.45,51.60913649161488,51.60913649161488,0.0,1.87,5.2938,7696.53,7.848324514991186,bear,BULL_TREND,45.1519135056456,97.4720752498531,76.9653,80.0,51.24232742699397,63.33333333333333,0.0,54.41130248948751,0.0,2,2,E_ablate_sector_vr1.2,True
600338,600338.SH,西藏珠峰,铅锌,20240529,10.42,51.44001011457216,51.44001011457216,0.0,2.94,5.5371,14294.49,3.963133640552993,bear,BULL_TREND,77.79080775308198,39.63133640552993,100.0,80.0,88.36054478147965,66.66666666666666,0.0,75.61504221953507,0.0,3,3,E_ablate_sector_vr1.2,True
2366,002366.SZ,融发核电,专用机械,20240529,4.39,56.25180646965256,56.25180646965256,0.0,3.19,3.9754,314.1,7.38396624472575,bear,BULL_TREND,83.67782119950724,89.73277074542916,3.141,80.0,27.9990761773796,0.0,0.0,89.18012345966346,0.0,1,1,E_ablate_inflow_vr1.2,True
751,000751.SZ,锌业股份,铅锌,20240529,3.24,53.45223219186612,53.45223219186612,0.0,2.14,4.9584,5457.24,7.163323782234957,bear,BULL_TREND,54.88053983132112,86.05539637058261,54.5724,65.0,88.36054478147965,66.66666666666666,0.0,43.82425980743351,0.0,2,2,E_ablate_inflow_vr1.2,True
2298,002298.SZ,中电鑫龙,电气设备,20240529,5.34,52.74066167907316,52.74066167907316,0.0,2.08,11.6483,-3078.77,7.612456747404852,bear,BULL_TREND,52.82917641831838,93.54094579008084,0.0,100.0,25.453409028123104,66.66666666666666,0.0,94.89908421394608,0.0,3,3,E_ablate_inflow_vr1.2,True
600338,600338.SH,西藏珠峰,铅锌,20240529,10.42,55.6202867654499,55.6202867654499,0.0,2.94,5.5371,14294.49,3.963133640552993,bear,BULL_TREND,77.79080775308198,39.63133640552993,100.0,80.0,88.36054478147965,66.66666666666666,0.0,75.61504221953507,0.0,1,1,E_ablate_wyckoff_vr1.2,True
751,000751.SZ,锌业股份,铅锌,20240529,3.24,54.7420090149741,54.7420090149741,0.0,2.14,4.9584,5457.24,7.163323782234957,bear,BULL_TREND,54.88053983132112,86.05539637058261,54.5724,65.0,88.36054478147965,66.66666666666666,0.0,43.82425980743351,0.0,2,2,E_ablate_wyckoff_vr1.2,True
2428,002428.SZ,云南锗业,小金属,20240529,10.45,52.76612930692548,52.76612930692548,0.0,1.87,5.2938,7696.53,7.848324514991186,bear,BULL_TREND,45.1519135056456,97.4720752498531,76.9653,80.0,51.24232742699397,63.33333333333333,0.0,54.41130248948751,0.0,3,3,E_ablate_wyckoff_vr1.2,True
600338,600338.SH,西藏珠峰,铅锌,20240529,10.42,64.69409183179411,64.69409183179411,0.0,2.94,5.5371,14294.49,3.963133640552993,bear,BULL_TREND,77.79080775308198,39.63133640552993,100.0,80.0,88.36054478147965,66.66666666666666,0.0,75.61504221953507,0.0,1,1,E_ablate_accel_vr1.2,True
751,000751.SZ,锌业股份,铅锌,20240529,3.24,60.00092019186612,60.00092019186612,0.0,2.14,4.9584,5457.24,7.163323782234957,bear,BULL_TREND,54.88053983132112,86.05539637058261,54.5724,65.0,88.36054478147965,66.66666666666666,0.0,43.82425980743351,0.0,2,2,E_ablate_accel_vr1.2,True
2428,002428.SZ,云南锗业,小金属,20240529,10.45,59.29548560566398,59.29548560566398,0.0,1.87,5.2938,7696.53,7.848324514991186,bear,BULL_TREND,45.1519135056456,97.4720752498531,76.9653,80.0,51.24232742699397,63.33333333333333,0.0,54.41130248948751,0.0,3,3,E_ablate_accel_vr1.2,True
2655,002655.SZ,共达电声,元器件,20240530,10.81,61.694853733513874,52.91536613234389,8.77948760116999,2.6,7.7396,985.56,4.673721340388001,sideways,BULL_TREND,68.92558116268648,46.737213403880006,9.8556,80.0,87.7948760116999,0.0,0.0,82.64706604953557,0.0,1,1,A_recovered_proxy_vr1.5,True
603267,603267.SH,鸿远电子,元器件,20240530,34.75,60.60617384299633,51.82668624182634,8.77948760116999,1.68,3.0664,5941.08,6.106457714131311,sideways,BULL_TREND,37.42306165020178,68.44096190218852,59.4108,40.0,87.7948760116999,30.0,0.0,50.31728048787906,0.0,2,2,A_recovered_proxy_vr1.5,True
603283,603283.SH,赛腾股份,专用机械,20240530,71.1,58.57964832123804,58.57964832123804,0.0,1.66,6.9799,7535.02,8.25806451612904,sideways,BULL_TREND,36.55916207861,100.0,75.3502,100.0,49.34990025754587,30.0,0.0,62.43436354426637,0.0,3,3,A_recovered_proxy_vr1.5,True
603283,603283.SH,赛腾股份,专用机械,20240530,71.1,58.57964832123804,58.57964832123804,0.0,1.66,6.9799,7535.02,8.25806451612904,sideways,BULL_TREND,36.55916207861,100.0,75.3502,100.0,49.34990025754587,30.0,0.0,62.43436354426637,0.0,1,1,B_pure_quant_vr1.5,True
601136,601136.SH,首创证券,证券,20240530,20.91,58.39570890562871,58.39570890562871,0.0,1.74,9.5483,10061.84,15.481002425222307,sideways,BULL_TREND,39.95436530370018,95.18997574777693,100.0,60.0,55.53180033513397,63.33333333333333,0.0,38.89597631139157,0.0,2,2,B_pure_quant_vr1.5,True
2655,002655.SZ,共达电声,元器件,20240530,10.81,52.91536613234389,52.91536613234389,0.0,2.6,7.7396,985.56,4.673721340388001,sideways,BULL_TREND,68.92558116268648,46.737213403880006,9.8556,80.0,87.7948760116999,0.0,0.0,82.64706604953557,0.0,3,3,B_pure_quant_vr1.5,True
2655,002655.SZ,共达电声,元器件,20240530,10.81,61.694853733513874,52.91536613234389,8.77948760116999,2.6,7.7396,985.56,4.673721340388001,sideways,BULL_TREND,68.92558116268648,46.737213403880006,9.8556,80.0,87.7948760116999,0.0,0.0,82.64706604953557,0.0,1,1,A_recovered_proxy_vr1.2,True
603267,603267.SH,鸿远电子,元器件,20240530,34.75,60.60617384299633,51.82668624182634,8.77948760116999,1.68,3.0664,5941.08,6.106457714131311,sideways,BULL_TREND,37.42306165020178,68.44096190218852,59.4108,40.0,87.7948760116999,30.0,0.0,50.31728048787906,0.0,2,2,A_recovered_proxy_vr1.2,True
603283,603283.SH,赛腾股份,专用机械,20240530,71.1,58.57964832123804,58.57964832123804,0.0,1.66,6.9799,7535.02,8.25806451612904,sideways,BULL_TREND,36.55916207861,100.0,75.3502,100.0,49.34990025754587,30.0,0.0,62.43436354426637,0.0,3,3,A_recovered_proxy_vr1.2,True
603283,603283.SH,赛腾股份,专用机械,20240530,71.1,58.57964832123804,58.57964832123804,0.0,1.66,6.9799,7535.02,8.25806451612904,sideways,BULL_TREND,36.55916207861,100.0,75.3502,100.0,49.34990025754587,30.0,0.0,62.43436354426637,0.0,1,1,D_pure_quant_vr1.2,True
601136,601136.SH,首创证券,证券,20240530,20.91,58.39570890562871,58.39570890562871,0.0,1.74,9.5483,10061.84,15.481002425222307,sideways,BULL_TREND,39.95436530370018,95.18997574777693,100.0,60.0,55.53180033513397,63.33333333333333,0.0,38.89597631139157,0.0,2,2,D_pure_quant_vr1.2,True
2655,002655.SZ,共达电声,元器件,20240530,10.81,52.91536613234389,52.91536613234389,0.0,2.6,7.7396,985.56,4.673721340388001,sideways,BULL_TREND,68.92558116268648,46.737213403880006,9.8556,80.0,87.7948760116999,0.0,0.0,82.64706604953557,0.0,3,3,D_pure_quant_vr1.2,True
603283,603283.SH,赛腾股份,专用机械,20240530,71.1,51.17716328260616,51.17716328260616,0.0,1.66,6.9799,7535.02,8.25806451612904,sideways,BULL_TREND,36.55916207861,100.0,75.3502,100.0,49.34990025754587,30.0,0.0,62.43436354426637,0.0,1,1,E_ablate_sector_vr1.2,True
601136,601136.SH,首创证券,证券,20240530,20.91,50.06593885535862,50.06593885535862,0.0,1.74,9.5483,10061.84,15.481002425222307,sideways,BULL_TREND,39.95436530370018,95.18997574777693,100.0,60.0,55.53180033513397,63.33333333333333,0.0,38.89597631139157,0.0,2,2,E_ablate_sector_vr1.2,True
605577,605577.SH,龙版传媒,出版业,20240530,16.89,63.02737744730966,63.02737744730966,0.0,3.34,6.3151,-365.5,10.397877984084884,sideways,BULL_TREND,86.99240513496638,100.0,0.0,100.0,44.01437817899893,53.333333333333336,0.0,85.16854103417124,0.0,1,1,E_ablate_inflow_vr1.2,True
2655,002655.SZ,共达电声,元器件,20240530,10.81,51.73269413234388,51.73269413234388,0.0,2.6,7.7396,985.56,4.673721340388001,sideways,BULL_TREND,68.92558116268648,46.737213403880006,9.8556,80.0,87.7948760116999,0.0,0.0,82.64706604953557,0.0,2,2,E_ablate_inflow_vr1.2,True
603283,603283.SH,赛腾股份,专用机械,20240530,71.1,49.53762432123804,49.53762432123804,0.0,1.66,6.9799,7535.02,8.25806451612904,sideways,BULL_TREND,36.55916207861,100.0,75.3502,100.0,49.34990025754587,30.0,0.0,62.43436354426637,0.0,3,3,E_ablate_inflow_vr1.2,True
601136,601136.SH,首创证券,证券,20240530,20.91,53.72819174826172,53.72819174826172,0.0,1.74,9.5483,10061.84,15.481002425222307,sideways,BULL_TREND,39.95436530370018,95.18997574777693,100.0,60.0,55.53180033513397,63.33333333333333,0.0,38.89597631139157,0.0,1,1,E_ablate_wyckoff_vr1.2,True
603283,603283.SH,赛腾股份,专用机械,20240530,71.1,51.08752469592608,51.08752469592608,0.0,1.66,6.9799,7535.02,8.25806451612904,sideways,BULL_TREND,36.55916207861,100.0,75.3502,100.0,49.34990025754587,30.0,0.0,62.43436354426637,0.0,2,2,E_ablate_wyckoff_vr1.2,True
2312,002312.SZ,川发龙蟒,化工原料,20240530,8.09,47.07399693981437,47.07399693981437,0.0,1.73,4.969,4687.38,8.896396396396405,sideways,BULL_TREND,39.5386018931,100.0,46.8738,80.0,44.55987904443797,43.333333333333336,0.0,7.775327852832398,0.0,3,3,E_ablate_wyckoff_vr1.2,True
603283,603283.SH,赛腾股份,专用机械,20240530,71.1,58.57964832123804,58.57964832123804,0.0,1.66,6.9799,7535.02,8.25806451612904,sideways,BULL_TREND,36.55916207861,100.0,75.3502,100.0,49.34990025754587,30.0,0.0,62.43436354426637,0.0,1,1,E_ablate_accel_vr1.2,True
601136,601136.SH,首创证券,证券,20240530,20.91,58.39570890562871,58.39570890562871,0.0,1.74,9.5483,10061.84,15.481002425222307,sideways,BULL_TREND,39.95436530370018,95.18997574777693,100.0,60.0,55.53180033513397,63.33333333333333,0.0,38.89597631139157,0.0,2,2,E_ablate_accel_vr1.2,True
2655,002655.SZ,共达电声,元器件,20240530,10.81,52.91536613234389,52.91536613234389,0.0,2.6,7.7396,985.56,4.673721340388001,sideways,BULL_TREND,68.92558116268648,46.737213403880006,9.8556,80.0,87.7948760116999,0.0,0.0,82.64706604953557,0.0,3,3,E_ablate_accel_vr1.2,True
301236,301236.SZ,软通动力,软件服务,20240531,39.78,74.21955717867931,66.95757373979205,7.261983438887253,2.0,7.7703,30969.72,10.727109515260324,sideways,BULL_TREND,50.0,100.0,100.0,100.0,72.61983438887253,10.0,0.0,57.204988178843095,0.0,1,1,A_recovered_proxy_vr1.5,True
601127,601127.SH,赛力斯,汽车整车,20240531,88.93,68.43954522034014,59.98090626353492,8.458638956805215,1.77,3.0745,59508.12,5.774528501801218,sideways,BULL_TREND,41.18746801541364,62.90880836335363,100.0,80.0,84.58638956805216,43.333333333333336,0.0,69.37583631943025,0.0,2,2,A_recovered_proxy_vr1.5,True
603712,603712.SH,七一二,通信设备,20240531,21.2,62.04799077898876,62.04799077898876,0.0,2.57,3.7287,5932.94,14.100486223662886,sideways,BULL_TREND,68.08841797095766,100.0,59.32939999999999,80.0,44.19303634056708,0.0,0.0,67.66712811910844,0.0,3,3,A_recovered_proxy_vr1.5,True
301236,301236.SZ,软通动力,软件服务,20240531,39.78,66.95757373979205,66.95757373979205,0.0,2.0,7.7703,30969.72,10.727109515260324,sideways,BULL_TREND,50.0,100.0,100.0,100.0,72.61983438887253,10.0,0.0,57.204988178843095,0.0,1,1,B_pure_quant_vr1.5,True
603712,603712.SH,七一二,通信设备,20240531,21.2,62.04799077898876,62.04799077898876,0.0,2.57,3.7287,5932.94,14.100486223662886,sideways,BULL_TREND,68.08841797095766,100.0,59.32939999999999,80.0,44.19303634056708,0.0,0.0,67.66712811910844,0.0,2,2,B_pure_quant_vr1.5,True
601127,601127.SH,赛力斯,汽车整车,20240531,88.93,59.98090626353492,59.98090626353492,0.0,1.77,3.0745,59508.12,5.774528501801218,sideways,BULL_TREND,41.18746801541364,62.90880836335363,100.0,80.0,84.58638956805216,43.333333333333336,0.0,69.37583631943025,0.0,3,3,B_pure_quant_vr1.5,True
301236,301236.SZ,软通动力,软件服务,20240531,39.78,74.21955717867931,66.95757373979205,7.261983438887253,2.0,7.7703,30969.72,10.727109515260324,sideways,BULL_TREND,50.0,100.0,100.0,100.0,72.61983438887253,10.0,0.0,57.204988178843095,0.0,1,1,A_recovered_proxy_vr1.2,True
601127,601127.SH,赛力斯,汽车整车,20240531,88.93,68.43954522034014,59.98090626353492,8.458638956805215,1.77,3.0745,59508.12,5.774528501801218,sideways,BULL_TREND,41.18746801541364,62.90880836335363,100.0,80.0,84.58638956805216,43.333333333333336,0.0,69.37583631943025,0.0,2,2,A_recovered_proxy_vr1.2,True
603712,603712.SH,七一二,通信设备,20240531,21.2,60.33909475265543,60.33909475265543,0.0,2.57,3.7287,5932.94,14.100486223662886,sideways,BULL_TREND,68.08841797095766,100.0,59.32939999999999,40.0,43.46706283167818,0.0,0.0,67.66712811910844,0.0,3,3,A_recovered_proxy_vr1.2,True
301236,301236.SZ,软通动力,软件服务,20240531,39.78,66.95757373979205,66.95757373979205,0.0,2.0,7.7703,30969.72,10.727109515260324,sideways,BULL_TREND,50.0,100.0,100.0,100.0,72.61983438887253,10.0,0.0,57.204988178843095,0.0,1,1,D_pure_quant_vr1.2,True
603712,603712.SH,七一二,通信设备,20240531,21.2,60.33909475265543,60.33909475265543,0.0,2.57,3.7287,5932.94,14.100486223662886,sideways,BULL_TREND,68.08841797095766,100.0,59.32939999999999,40.0,43.46706283167818,0.0,0.0,67.66712811910844,0.0,2,2,D_pure_quant_vr1.2,True
601127,601127.SH,赛力斯,汽车整车,20240531,88.93,59.98090626353492,59.98090626353492,0.0,1.77,3.0745,59508.12,5.774528501801218,sideways,BULL_TREND,41.18746801541364,62.90880836335363,100.0,80.0,84.58638956805216,43.333333333333336,0.0,69.37583631943025,0.0,3,3,D_pure_quant_vr1.2,True
301236,301236.SZ,软通动力,软件服务,20240531,39.78,56.06459858146117,56.06459858146117,0.0,2.0,7.7703,30969.72,10.727109515260324,sideways,BULL_TREND,50.0,100.0,100.0,100.0,72.61983438887253,10.0,0.0,57.204988178843095,0.0,1,1,E_ablate_sector_vr1.2,True
603712,603712.SH,七一二,通信设备,20240531,21.2,53.8190353279037,53.8190353279037,0.0,2.57,3.7287,5932.94,14.100486223662886,sideways,BULL_TREND,68.08841797095766,100.0,59.32939999999999,40.0,43.46706283167818,0.0,0.0,67.66712811910844,0.0,2,2,E_ablate_sector_vr1.2,True
603662,603662.SH,柯力传感,电器仪表,20240531,27.08,48.546571508710805,48.546571508710805,0.0,1.98,3.449,3554.73,12.560542460445594,sideways,BULL_TREND,49.27502151524424,100.0,35.5473,80.0,22.150370894217524,33.33333333333333,0.0,63.11436757242005,0.0,3,3,E_ablate_sector_vr1.2,True
301236,301236.SZ,软通动力,软件服务,20240531,39.78,53.3709042626914,53.3709042626914,0.0,2.0,7.7703,30969.72,10.727109515260324,sideways,BULL_TREND,50.0,100.0,100.0,100.0,62.04203787486817,10.0,0.0,57.204988178843095,0.0,1,1,E_ablate_inflow_vr1.2,True
603712,603712.SH,七一二,通信设备,20240531,21.2,53.21956675265543,53.21956675265543,0.0,2.57,3.7287,5932.94,14.100486223662886,sideways,BULL_TREND,68.08841797095766,100.0,59.32939999999999,40.0,43.46706283167818,0.0,0.0,67.66712811910844,0.0,2,2,E_ablate_inflow_vr1.2,True
601127,601127.SH,赛力斯,汽车整车,20240531,88.93,47.98090626353492,47.98090626353492,0.0,1.77,3.0745,59508.12,5.774528501801218,sideways,BULL_TREND,41.18746801541364,62.90880836335363,100.0,80.0,84.58638956805216,43.333333333333336,0.0,69.37583631943025,0.0,3,3,E_ablate_inflow_vr1.2,True
301236,301236.SZ,软通动力,软件服务,20240531,39.78,60.09297515833088,60.09297515833088,0.0,2.0,7.7703,30969.72,10.727109515260324,sideways,BULL_TREND,50.0,100.0,100.0,100.0,72.61983438887253,10.0,0.0,57.204988178843095,0.0,1,1,E_ablate_wyckoff_vr1.2,True
603712,603712.SH,七一二,通信设备,20240531,21.2,52.21903937836241,52.21903937836241,0.0,2.57,3.7287,5932.94,14.100486223662886,sideways,BULL_TREND,68.08841797095766,100.0,59.32939999999999,40.0,43.46706283167818,0.0,0.0,67.66712811910844,0.0,2,2,E_ablate_wyckoff_vr1.2,True
601127,601127.SH,赛力斯,汽车整车,20240531,88.93,51.65580590520329,51.65580590520329,0.0,1.77,3.0745,59508.12,5.774528501801218,sideways,BULL_TREND,41.18746801541364,62.90880836335363,100.0,80.0,84.58638956805216,43.333333333333336,0.0,69.37583631943025,0.0,3,3,E_ablate_wyckoff_vr1.2,True
301236,301236.SZ,软通动力,软件服务,20240531,39.78,66.95757373979205,66.95757373979205,0.0,2.0,7.7703,30969.72,10.727109515260324,sideways,BULL_TREND,50.0,100.0,100.0,100.0,72.61983438887253,10.0,0.0,57.204988178843095,0.0,1,1,E_ablate_accel_vr1.2,True
603712,603712.SH,七一二,通信设备,20240531,21.2,60.33909475265543,60.33909475265543,0.0,2.57,3.7287,5932.94,14.100486223662886,sideways,BULL_TREND,68.08841797095766,100.0,59.32939999999999,40.0,43.46706283167818,0.0,0.0,67.66712811910844,0.0,2,2,E_ablate_accel_vr1.2,True
601127,601127.SH,赛力斯,汽车整车,20240531,88.93,59.98090626353492,59.98090626353492,0.0,1.77,3.0745,59508.12,5.774528501801218,sideways,BULL_TREND,41.18746801541364,62.90880836335363,100.0,80.0,84.58638956805216,43.333333333333336,0.0,69.37583631943025,0.0,3,3,E_ablate_accel_vr1.2,True
301308,301308.SZ,江波龙,半导体,20240603,91.05,75.36685116019032,65.36685116019032,10.0,2.11,9.7884,8722.84,6.797010953014639,sideways,BULL_TREND,53.86214994662302,79.95018255024398,87.22840000000001,60.0,100.0,20.0,0.0,63.83941675732986,0.0,1,1,A_recovered_proxy_vr1.5,True
2281,002281.SZ,光迅科技,通信设备,20240603,33.75,48.29982294437213,48.29982294437213,0.0,1.5,4.2523,5162.96,10.54863503843095,sideways,BULL_TREND,29.24812503605781,100.0,51.6296,80.0,41.40976080280738,43.333333333333336,0.0,28.26293874459696,0.0,2,2,A_recovered_proxy_vr1.5,True
601059,601059.SH,信达证券,证券,20240603,14.88,46.8331262328478,46.8331262328478,0.0,1.83,3.2947,2961.05,9.818181818181811,sideways,BULL_TREND,43.59218242546589,100.0,29.6105,80.0,18.638877166428337,33.33333333333333,0.0,41.89239881345327,0.0,3,3,A_recovered_proxy_vr1.5,True
301308,301308.SZ,江波龙,半导体,20240603,91.05,65.36685116019032,65.36685116019032,0.0,2.11,9.7884,8722.84,6.797010953014639,sideways,BULL_TREND,53.86214994662302,79.95018255024398,87.22840000000001,60.0,100.0,20.0,0.0,63.83941675732986,0.0,1,1,B_pure_quant_vr1.5,True
2281,002281.SZ,光迅科技,通信设备,20240603,33.75,48.29982294437213,48.29982294437213,0.0,1.5,4.2523,5162.96,10.54863503843095,sideways,BULL_TREND,29.24812503605781,100.0,51.6296,80.0,41.40976080280738,43.333333333333336,0.0,28.26293874459696,0.0,2,2,B_pure_quant_vr1.5,True
601059,601059.SH,信达证券,证券,20240603,14.88,46.8331262328478,46.8331262328478,0.0,1.83,3.2947,2961.05,9.818181818181811,sideways,BULL_TREND,43.59218242546589,100.0,29.6105,80.0,18.638877166428337,33.33333333333333,0.0,41.89239881345327,0.0,3,3,B_pure_quant_vr1.5,True
301308,301308.SZ,江波龙,半导体,20240603,91.05,74.74369939716125,65.63296010237288,9.110739294788374,2.11,9.7884,8722.84,6.797010953014639,sideways,BULL_TREND,53.86214994662302,79.95018255024398,87.22840000000001,100.0,91.10739294788374,20.0,0.0,63.83941675732986,0.0,1,1,A_recovered_proxy_vr1.2,True
2130,002130.SZ,沃尔核材,电气设备,20240603,13.86,69.40422471727979,60.00348654491547,9.400738172364315,1.47,10.1702,19764.12,12.939698492462314,sideways,BULL_TREND,27.790807753081985,100.0,100.0,60.0,94.00738172364316,66.66666666666666,0.0,17.125568727980216,0.0,2,2,A_recovered_proxy_vr1.2,True
2281,002281.SZ,光迅科技,通信设备,20240603,33.75,46.48643673014909,46.48643673014909,0.0,1.5,4.2523,5162.96,10.54863503843095,sideways,BULL_TREND,29.24812503605781,100.0,51.6296,65.0,33.32051937465381,43.333333333333336,0.0,28.26293874459696,0.0,3,3,A_recovered_proxy_vr1.2,True
301308,301308.SZ,江波龙,半导体,20240603,91.05,65.63296010237288,65.63296010237288,0.0,2.11,9.7884,8722.84,6.797010953014639,sideways,BULL_TREND,53.86214994662302,79.95018255024398,87.22840000000001,100.0,91.10739294788374,20.0,0.0,63.83941675732986,0.0,1,1,D_pure_quant_vr1.2,True
2130,002130.SZ,沃尔核材,电气设备,20240603,13.86,60.00348654491547,60.00348654491547,0.0,1.47,10.1702,19764.12,12.939698492462314,sideways,BULL_TREND,27.790807753081985,100.0,100.0,60.0,94.00738172364316,66.66666666666666,0.0,17.125568727980216,0.0,2,2,D_pure_quant_vr1.2,True
2281,002281.SZ,光迅科技,通信设备,20240603,33.75,46.48643673014909,46.48643673014909,0.0,1.5,4.2523,5162.96,10.54863503843095,sideways,BULL_TREND,29.24812503605781,100.0,51.6296,65.0,33.32051937465381,43.333333333333336,0.0,28.26293874459696,0.0,3,3,D_pure_quant_vr1.2,True
301308,301308.SZ,江波龙,半导体,20240603,91.05,51.96685116019032,51.96685116019032,0.0,2.11,9.7884,8722.84,6.797010953014639,sideways,BULL_TREND,53.86214994662302,79.95018255024398,87.22840000000001,100.0,91.10739294788374,20.0,0.0,63.83941675732986,0.0,1,1,E_ablate_sector_vr1.2,True
2130,002130.SZ,沃尔核材,电气设备,20240603,13.86,45.902379286369,45.902379286369,0.0,1.47,10.1702,19764.12,12.939698492462314,sideways,BULL_TREND,27.790807753081985,100.0,100.0,60.0,94.00738172364316,66.66666666666666,0.0,17.125568727980216,0.0,2,2,E_ablate_sector_vr1.2,True
301308,301308.SZ,江波龙,半导体,20240603,91.05,50.48452923454629,50.48452923454629,0.0,2.11,9.7884,8722.84,6.797010953014639,sideways,BULL_TREND,53.86214994662302,79.95018255024398,87.22840000000001,80.0,65.23390716237314,20.0,0.0,63.83941675732986,0.0,1,1,E_ablate_inflow_vr1.2,True
2130,002130.SZ,沃尔核材,电气设备,20240603,13.86,48.902379286369,48.902379286369,0.0,1.47,10.1702,19764.12,12.939698492462314,sideways,BULL_TREND,27.790807753081985,100.0,100.0,60.0,100.0,66.66666666666666,0.0,17.125568727980216,0.0,2,2,E_ablate_inflow_vr1.2,True
2997,002997.SZ,瑞鹄模具,汽车配件,20240603,27.29,46.91625927395449,46.91625927395449,0.0,2.06,4.2487,-2111.27,10.671031096563016,sideways,BULL_TREND,52.132216870424685,100.0,0.0,65.0,22.599202660552358,10.0,0.0,60.477426361485,0.0,3,3,E_ablate_inflow_vr1.2,True
301308,301308.SZ,江波龙,半导体,20240603,91.05,57.9722300914933,57.9722300914933,0.0,2.11,9.7884,8722.84,6.797010953014639,sideways,BULL_TREND,53.86214994662302,79.95018255024398,87.22840000000001,100.0,91.10739294788374,20.0,0.0,63.83941675732986,0.0,1,1,E_ablate_wyckoff_vr1.2,True
2130,002130.SZ,沃尔核材,电气设备,20240603,13.86,57.94841829755784,57.94841829755784,0.0,1.47,10.1702,19764.12,12.939698492462314,sideways,BULL_TREND,27.790807753081985,100.0,100.0,60.0,94.00738172364316,66.66666666666666,0.0,17.125568727980216,0.0,2,2,E_ablate_wyckoff_vr1.2,True
301308,301308.SZ,江波龙,半导体,20240603,91.05,65.63296010237288,65.63296010237288,0.0,2.11,9.7884,8722.84,6.797010953014639,sideways,BULL_TREND,53.86214994662302,79.95018255024398,87.22840000000001,100.0,91.10739294788374,20.0,0.0,63.83941675732986,0.0,1,1,E_ablate_accel_vr1.2,True
2130,002130.SZ,沃尔核材,电气设备,20240603,13.86,60.00348654491547,60.00348654491547,0.0,1.47,10.1702,19764.12,12.939698492462314,sideways,BULL_TREND,27.790807753081985,100.0,100.0,60.0,94.00738172364316,66.66666666666666,0.0,17.125568727980216,0.0,2,2,E_ablate_accel_vr1.2,True
2281,002281.SZ,光迅科技,通信设备,20240603,33.75,46.48643673014909,46.48643673014909,0.0,1.5,4.2523,5162.96,10.54863503843095,sideways,BULL_TREND,29.24812503605781,100.0,51.6296,65.0,33.32051937465381,43.333333333333336,0.0,28.26293874459696,0.0,3,3,E_ablate_accel_vr1.2,True
2703,002703.SZ,浙江世宝,汽车配件,20240604,12.1,57.42924895644446,57.42924895644446,0.0,2.15,3.5696,2609.77,10.237388724035611,sideways,BULL_TREND,55.216832990736776,100.0,26.0977,80.0,45.40614618458591,33.33333333333333,0.0,78.93527586773179,0.0,1,1,A_recovered_proxy_vr1.5,True
601059,601059.SH,信达证券,证券,20240604,15.15,46.92900759288587,46.92900759288587,0.0,1.68,3.5084,2012.48,8.18181818181818,sideways,BULL_TREND,37.42306165020178,100.0,20.1248,80.0,29.304170297615407,53.333333333333336,0.0,46.82221515443746,0.0,2,2,A_recovered_proxy_vr1.5,True
2703,002703.SZ,浙江世宝,汽车配件,20240604,12.1,57.42924895644446,57.42924895644446,0.0,2.15,3.5696,2609.77,10.237388724035611,sideways,BULL_TREND,55.216832990736776,100.0,26.0977,80.0,45.40614618458591,33.33333333333333,0.0,78.93527586773179,0.0,1,1,B_pure_quant_vr1.5,True
601059,601059.SH,信达证券,证券,20240604,15.15,46.92900759288587,46.92900759288587,0.0,1.68,3.5084,2012.48,8.18181818181818,sideways,BULL_TREND,37.42306165020178,100.0,20.1248,80.0,29.304170297615407,53.333333333333336,0.0,46.82221515443746,0.0,2,2,B_pure_quant_vr1.5,True
2703,002703.SZ,浙江世宝,汽车配件,20240604,12.1,55.22166596209498,55.22166596209498,0.0,2.15,3.5696,2609.77,10.237388724035611,sideways,BULL_TREND,55.216832990736776,100.0,26.0977,80.0,30.68892622225604,33.33333333333333,0.0,78.93527586773179,0.0,1,1,A_recovered_proxy_vr1.2,True
601059,601059.SH,信达证券,证券,20240604,15.15,46.07221405280217,46.07221405280217,0.0,1.68,3.5084,2012.48,8.18181818181818,sideways,BULL_TREND,37.42306165020178,100.0,20.1248,80.0,23.592213363724092,53.333333333333336,0.0,46.82221515443746,0.0,2,2,A_recovered_proxy_vr1.2,True
2703,002703.SZ,浙江世宝,汽车配件,20240604,12.1,55.22166596209498,55.22166596209498,0.0,2.15,3.5696,2609.77,10.237388724035611,sideways,BULL_TREND,55.216832990736776,100.0,26.0977,80.0,30.68892622225604,33.33333333333333,0.0,78.93527586773179,0.0,1,1,D_pure_quant_vr1.2,True
601059,601059.SH,信达证券,证券,20240604,15.15,46.07221405280217,46.07221405280217,0.0,1.68,3.5084,2012.48,8.18181818181818,sideways,BULL_TREND,37.42306165020178,100.0,20.1248,80.0,23.592213363724092,53.333333333333336,0.0,46.82221515443746,0.0,2,2,D_pure_quant_vr1.2,True
2703,002703.SZ,浙江世宝,汽车配件,20240604,12.1,50.618327028756575,50.618327028756575,0.0,2.15,3.5696,2609.77,10.237388724035611,sideways,BULL_TREND,55.216832990736776,100.0,26.0977,80.0,30.68892622225604,33.33333333333333,0.0,78.93527586773179,0.0,1,1,E_ablate_sector_vr1.2,True
2703,002703.SZ,浙江世宝,汽车配件,20240604,12.1,52.089941962094976,52.089941962094976,0.0,2.15,3.5696,2609.77,10.237388724035611,sideways,BULL_TREND,55.216832990736776,100.0,26.0977,80.0,30.68892622225604,33.33333333333333,0.0,78.93527586773179,0.0,1,1,E_ablate_inflow_vr1.2,True
2703,002703.SZ,浙江世宝,汽车配件,20240604,12.1,45.749432857967165,45.749432857967165,0.0,2.15,3.5696,2609.77,10.237388724035611,sideways,BULL_TREND,55.216832990736776,100.0,26.0977,80.0,30.68892622225604,33.33333333333333,0.0,78.93527586773179,0.0,1,1,E_ablate_wyckoff_vr1.2,True
2703,002703.SZ,浙江世宝,汽车配件,20240604,12.1,55.22166596209498,55.22166596209498,0.0,2.15,3.5696,2609.77,10.237388724035611,sideways,BULL_TREND,55.216832990736776,100.0,26.0977,80.0,30.68892622225604,33.33333333333333,0.0,78.93527586773179,0.0,1,1,E_ablate_accel_vr1.2,True
601059,601059.SH,信达证券,证券,20240604,15.15,46.07221405280217,46.07221405280217,0.0,1.68,3.5084,2012.48,8.18181818181818,sideways,BULL_TREND,37.42306165020178,100.0,20.1248,80.0,23.592213363724092,53.333333333333336,0.0,46.82221515443746,0.0,2,2,E_ablate_accel_vr1.2,True
2049,002049.SZ,紫光国微,半导体,20240605,57.86,76.31171625531759,66.92523243350169,9.3864838218159,2.73,4.5456,34790.3,5.069729286300252,sideways,BULL_TREND,72.44504755725639,51.16215477167086,100.0,80.0,93.864838218159,43.333333333333336,0.0,79.87712934789319,0.0,1,1,A_recovered_proxy_vr1.5,True
2432,002432.SZ,九安医疗,医疗保健,20240605,43.01,73.87557983671394,73.87557983671394,0.0,2.79,3.2541,12502.86,7.960624866252941,sideways,BULL_TREND,74.01325610272315,99.34374777088236,100.0,80.0,52.88866918288532,53.333333333333336,0.0,96.14226617017722,0.0,2,2,A_recovered_proxy_vr1.5,True
2703,002703.SZ,浙江世宝,汽车配件,20240605,12.64,65.24118352030361,59.45791921962209,5.7832643006815125,3.28,6.8293,5450.0,4.819277108433727,sideways,BULL_TREND,85.68479074216795,48.19277108433727,54.5,100.0,57.83264300681512,10.0,0.0,88.24965972307233,0.0,3,3,A_recovered_proxy_vr1.5,True
2432,002432.SZ,九安医疗,医疗保健,20240605,43.01,73.87557983671394,73.87557983671394,0.0,2.79,3.2541,12502.86,7.960624866252941,sideways,BULL_TREND,74.01325610272315,99.34374777088236,100.0,80.0,52.88866918288532,53.333333333333336,0.0,96.14226617017722,0.0,1,1,B_pure_quant_vr1.5,True
2049,002049.SZ,紫光国微,半导体,20240605,57.86,66.92523243350169,66.92523243350169,0.0,2.73,4.5456,34790.3,5.069729286300252,sideways,BULL_TREND,72.44504755725639,51.16215477167086,100.0,80.0,93.864838218159,43.333333333333336,0.0,79.87712934789319,0.0,2,2,B_pure_quant_vr1.5,True
600621,600621.SH,华鑫股份,证券,20240605,13.56,62.31504107223995,62.31504107223995,0.0,3.19,3.652,7004.11,6.740027510316359,sideways,BULL_TREND,83.67782119950724,79.00045850527266,70.0411,80.0,25.13855832721375,33.33333333333333,0.0,87.36197601199704,0.0,3,3,B_pure_quant_vr1.5,True
2432,002432.SZ,九安医疗,医疗保健,20240605,43.01,73.7046483334367,73.7046483334367,0.0,2.79,3.2541,12502.86,7.960624866252941,sideways,BULL_TREND,74.01325610272315,99.34374777088236,100.0,80.0,51.74912582770365,53.333333333333336,0.0,96.14226617017722,0.0,1,1,A_recovered_proxy_vr1.2,True
2049,002049.SZ,紫光国微,半导体,20240605,57.86,73.13629947661364,65.01998236627932,8.11631711033432,2.73,4.5456,34790.3,5.069729286300252,sideways,BULL_TREND,72.44504755725639,51.16215477167086,100.0,80.0,81.16317110334319,43.333333333333336,0.0,79.87712934789319,0.0,2,2,A_recovered_proxy_vr1.2,True
2703,002703.SZ,浙江世宝,汽车配件,20240605,12.64,65.1170017073876,59.38341013187249,5.73359157551511,3.28,6.8293,5450.0,4.819277108433727,sideways,BULL_TREND,85.68479074216795,48.19277108433727,54.5,100.0,57.33591575515109,10.0,0.0,88.24965972307233,0.0,3,3,A_recovered_proxy_vr1.2,True
2432,002432.SZ,九安医疗,医疗保健,20240605,43.01,73.7046483334367,73.7046483334367,0.0,2.79,3.2541,12502.86,7.960624866252941,sideways,BULL_TREND,74.01325610272315,99.34374777088236,100.0,80.0,51.74912582770365,53.333333333333336,0.0,96.14226617017722,0.0,1,1,D_pure_quant_vr1.2,True
2049,002049.SZ,紫光国微,半导体,20240605,57.86,65.01998236627932,65.01998236627932,0.0,2.73,4.5456,34790.3,5.069729286300252,sideways,BULL_TREND,72.44504755725639,51.16215477167086,100.0,80.0,81.16317110334319,43.333333333333336,0.0,79.87712934789319,0.0,2,2,D_pure_quant_vr1.2,True
600621,600621.SH,华鑫股份,证券,20240605,13.56,62.21928513708438,62.21928513708438,0.0,3.19,3.652,7004.11,6.740027510316359,sideways,BULL_TREND,83.67782119950724,79.00045850527266,70.0411,80.0,24.500185426176596,33.33333333333333,0.0,87.36197601199704,0.0,3,3,D_pure_quant_vr1.2,True
2432,002432.SZ,九安医疗,医疗保健,20240605,43.01,65.94227945928114,65.94227945928114,0.0,2.79,3.2541,12502.86,7.960624866252941,sideways,BULL_TREND,74.01325610272315,99.34374777088236,100.0,80.0,51.74912582770365,53.333333333333336,0.0,96.14226617017722,0.0,1,1,E_ablate_sector_vr1.2,True
600621,600621.SH,华鑫股份,证券,20240605,13.56,58.544257323157886,58.544257323157886,0.0,3.19,3.652,7004.11,6.740027510316359,sideways,BULL_TREND,83.67782119950724,79.00045850527266,70.0411,80.0,24.500185426176596,33.33333333333333,0.0,87.36197601199704,0.0,2,2,E_ablate_sector_vr1.2,True
2049,002049.SZ,紫光国微,半导体,20240605,57.86,52.84550670077785,52.84550670077785,0.0,2.73,4.5456,34790.3,5.069729286300252,sideways,BULL_TREND,72.44504755725639,51.16215477167086,100.0,80.0,81.16317110334319,43.333333333333336,0.0,79.87712934789319,0.0,3,3,E_ablate_sector_vr1.2,True
2432,002432.SZ,九安医疗,医疗保健,20240605,43.01,61.8483921610685,61.8483921610685,0.0,2.79,3.2541,12502.86,7.960624866252941,sideways,BULL_TREND,74.01325610272315,99.34374777088236,100.0,80.0,52.70741801191572,53.333333333333336,0.0,96.14226617017722,0.0,1,1,E_ablate_inflow_vr1.2,True
600621,600621.SH,华鑫股份,证券,20240605,13.56,53.87639708321922,53.87639708321922,0.0,3.19,3.652,7004.11,6.740027510316359,sideways,BULL_TREND,83.67782119950724,79.00045850527266,70.0411,80.0,24.9138117337422,33.33333333333333,0.0,87.36197601199704,0.0,2,2,E_ablate_inflow_vr1.2,True
2049,002049.SZ,紫光国微,半导体,20240605,57.86,53.14826247939466,53.14826247939466,0.0,2.73,4.5456,34790.3,5.069729286300252,sideways,BULL_TREND,72.44504755725639,51.16215477167086,100.0,80.0,82.01837185744543,43.333333333333336,0.0,79.87712934789319,0.0,3,3,E_ablate_inflow_vr1.2,True
2432,002432.SZ,九安医疗,医疗保健,20240605,43.01,62.16757639301542,62.16757639301542,0.0,2.79,3.2541,12502.86,7.960624866252941,sideways,BULL_TREND,74.01325610272315,99.34374777088236,100.0,80.0,51.74912582770365,53.333333333333336,0.0,96.14226617017722,0.0,1,1,E_ablate_wyckoff_vr1.2,True
2049,002049.SZ,紫光国微,半导体,20240605,57.86,55.43472684453214,55.43472684453214,0.0,2.73,4.5456,34790.3,5.069729286300252,sideways,BULL_TREND,72.44504755725639,51.16215477167086,100.0,80.0,81.16317110334319,43.333333333333336,0.0,79.87712934789319,0.0,2,2,E_ablate_wyckoff_vr1.2,True
600621,600621.SH,华鑫股份,证券,20240605,13.56,51.735848015644734,51.735848015644734,0.0,3.19,3.652,7004.11,6.740027510316359,sideways,BULL_TREND,83.67782119950724,79.00045850527266,70.0411,80.0,24.500185426176596,33.33333333333333,0.0,87.36197601199704,0.0,3,3,E_ablate_wyckoff_vr1.2,True
2432,002432.SZ,九安医疗,医疗保健,20240605,43.01,73.7046483334367,73.7046483334367,0.0,2.79,3.2541,12502.86,7.960624866252941,sideways,BULL_TREND,74.01325610272315,99.34374777088236,100.0,80.0,51.74912582770365,53.333333333333336,0.0,96.14226617017722,0.0,1,1,E_ablate_accel_vr1.2,True
2049,002049.SZ,紫光国微,半导体,20240605,57.86,65.01998236627932,65.01998236627932,0.0,2.73,4.5456,34790.3,5.069729286300252,sideways,BULL_TREND,72.44504755725639,51.16215477167086,100.0,80.0,81.16317110334319,43.333333333333336,0.0,79.87712934789319,0.0,2,2,E_ablate_accel_vr1.2,True
600621,600621.SH,华鑫股份,证券,20240605,13.56,62.21928513708438,62.21928513708438,0.0,3.19,3.652,7004.11,6.740027510316359,sideways,BULL_TREND,83.67782119950724,79.00045850527266,70.0411,80.0,24.500185426176596,33.33333333333333,0.0,87.36197601199704,0.0,3,3,E_ablate_accel_vr1.2,True
938,000938.SZ,紫光股份,IT设备,20240606,22.68,62.7754498847097,55.09196649060796,7.683483394101744,1.94,3.4234,32488.14,5.892116182572621,sideways,BULL_TREND,47.802832620620144,64.86860304287701,100.0,65.0,76.83483394101744,33.33333333333333,0.0,29.26965739016087,0.0,1,1,A_recovered_proxy_vr1.5,True
938,000938.SZ,紫光股份,IT设备,20240606,22.68,55.09196649060796,55.09196649060796,0.0,1.94,3.4234,32488.14,5.892116182572621,sideways,BULL_TREND,47.802832620620144,64.86860304287701,100.0,65.0,76.83483394101744,33.33333333333333,0.0,29.26965739016087,0.0,1,1,B_pure_quant_vr1.5,True
938,000938.SZ,紫光股份,IT设备,20240606,22.68,62.82861639945534,55.12386639945535,7.704750000000001,1.94,3.4234,32488.14,5.892116182572621,sideways,BULL_TREND,47.802832620620144,64.86860304287701,100.0,65.0,77.0475,33.33333333333333,0.0,29.26965739016087,0.0,1,1,A_recovered_proxy_vr1.2,True
938,000938.SZ,紫光股份,IT设备,20240606,22.68,55.12386639945535,55.12386639945535,0.0,1.94,3.4234,32488.14,5.892116182572621,sideways,BULL_TREND,47.802832620620144,64.86860304287701,100.0,65.0,77.0475,33.33333333333333,0.0,29.26965739016087,0.0,1,1,D_pure_quant_vr1.2,True
938,000938.SZ,紫光股份,IT设备,20240606,22.68,51.61150751263604,51.61150751263604,0.0,1.94,3.4234,32488.14,5.892116182572621,sideways,BULL_TREND,47.802832620620144,64.86860304287701,100.0,65.0,77.0475,33.33333333333333,0.0,29.26965739016087,0.0,1,1,E_ablate_wyckoff_vr1.2,True
938,000938.SZ,紫光股份,IT设备,20240606,22.68,55.12386639945535,55.12386639945535,0.0,1.94,3.4234,32488.14,5.892116182572621,sideways,BULL_TREND,47.802832620620144,64.86860304287701,100.0,65.0,77.0475,33.33333333333333,0.0,29.26965739016087,0.0,1,1,E_ablate_accel_vr1.2,True
1309,001309.SZ,德明利,半导体,20240611,84.25,63.597198728487776,54.18115560551839,9.416043122969382,1.24,8.2759,5613.01,8.612647792602232,sideways,BULL_TREND,15.517006030607524,100.0,56.1301,65.0,94.1604312296938,33.33333333333333,0.0,38.67559106386667,0.0,1,1,A_recovered_proxy_vr1.2,True
2409,002409.SZ,雅克科技,半导体,20240611,61.1,54.18487436541088,44.76883124244149,9.416043122969382,1.35,3.9164,9054.05,3.1849152273807606,sideways,BULL_TREND,21.647970363805317,31.849152273807608,90.5405,40.0,94.1604312296938,33.33333333333333,0.0,47.865607592049294,0.0,2,2,A_recovered_proxy_vr1.2,True
2085,002085.SZ,万丰奥威,汽车配件,20240611,15.22,52.568738269264266,45.10935542912038,7.459382840143888,1.3,10.1723,40303.66,19.385593220338976,sideways,BULL_TREND,18.92558116268649,56.14406779661024,100.0,60.0,74.59382840143888,33.33333333333333,0.0,19.485764426604984,0.0,3,3,A_recovered_proxy_vr1.2,True
1309,001309.SZ,德明利,半导体,20240611,84.25,54.18115560551839,54.18115560551839,0.0,1.24,8.2759,5613.01,8.612647792602232,sideways,BULL_TREND,15.517006030607524,100.0,56.1301,65.0,94.1604312296938,33.33333333333333,0.0,38.67559106386667,0.0,1,1,D_pure_quant_vr1.2,True
2085,002085.SZ,万丰奥威,汽车配件,20240611,15.22,45.10935542912038,45.10935542912038,0.0,1.3,10.1723,40303.66,19.385593220338976,sideways,BULL_TREND,18.92558116268649,56.14406779661024,100.0,60.0,74.59382840143888,33.33333333333333,0.0,19.485764426604984,0.0,2,2,D_pure_quant_vr1.2,True
1309,001309.SZ,德明利,半导体,20240611,84.25,47.4455436055184,47.4455436055184,0.0,1.24,8.2759,5613.01,8.612647792602232,sideways,BULL_TREND,15.517006030607524,100.0,56.1301,65.0,94.1604312296938,33.33333333333333,0.0,38.67559106386667,0.0,1,1,E_ablate_inflow_vr1.2,True
1309,001309.SZ,德明利,半导体,20240611,84.25,49.5400846778544,49.5400846778544,0.0,1.24,8.2759,5613.01,8.612647792602232,sideways,BULL_TREND,15.517006030607524,100.0,56.1301,65.0,94.1604312296938,33.33333333333333,0.0,38.67559106386667,0.0,1,1,E_ablate_wyckoff_vr1.2,True
1309,001309.SZ,德明利,半导体,20240611,84.25,54.18115560551839,54.18115560551839,0.0,1.24,8.2759,5613.01,8.612647792602232,sideways,BULL_TREND,15.517006030607524,100.0,56.1301,65.0,94.1604312296938,33.33333333333333,0.0,38.67559106386667,0.0,1,1,E_ablate_accel_vr1.2,True
2085,002085.SZ,万丰奥威,汽车配件,20240611,15.22,45.10935542912038,45.10935542912038,0.0,1.3,10.1723,40303.66,19.385593220338976,sideways,BULL_TREND,18.92558116268649,56.14406779661024,100.0,60.0,74.59382840143888,33.33333333333333,0.0,19.485764426604984,0.0,2,2,E_ablate_accel_vr1.2,True
600866,600866.SH,星湖科技,饲料,20240612,6.55,71.37991054472013,64.70377996046652,6.676130584253613,2.01,7.8465,11421.22,15.26520051746443,bear,BULL_TREND,50.35977507021019,97.3479948253557,100.0,100.0,66.76130584253613,66.66666666666666,0.0,40.50451144773554,0.0,1,1,A_recovered_proxy_vr1.5,True
2456,002456.SZ,欧菲光,元器件,20240612,7.98,59.70204607584812,50.659773093422274,9.04227298242584,1.7,3.7591,6228.6,5.225653206650825,bear,BULL_TREND,38.27673731814885,53.76088677751375,62.286,80.0,90.42272982425838,0.0,0.0,51.44805265614791,0.0,2,2,A_recovered_proxy_vr1.5,True
600727,600727.SH,鲁北化工,化工原料,20240612,6.95,54.07812145065429,48.48277663633307,5.59534481432122,2.12,7.2036,2688.14,18.042452830188683,bear,BULL_TREND,54.20321323942373,69.57547169811316,26.8814,100.0,55.9534481432122,66.66666666666666,0.0,35.827894960498256,0.0,3,3,A_recovered_proxy_vr1.5,True
600866,600866.SH,星湖科技,饲料,20240612,6.55,64.70377996046652,64.70377996046652,0.0,2.01,7.8465,11421.22,15.26520051746443,bear,BULL_TREND,50.35977507021019,97.3479948253557,100.0,100.0,66.76130584253613,66.66666666666666,0.0,40.50451144773554,0.0,1,1,B_pure_quant_vr1.5,True
2456,002456.SZ,欧菲光,元器件,20240612,7.98,50.659773093422274,50.659773093422274,0.0,1.7,3.7591,6228.6,5.225653206650825,bear,BULL_TREND,38.27673731814885,53.76088677751375,62.286,80.0,90.42272982425838,0.0,0.0,51.44805265614791,0.0,2,2,B_pure_quant_vr1.5,True
600727,600727.SH,鲁北化工,化工原料,20240612,6.95,48.48277663633307,48.48277663633307,0.0,2.12,7.2036,2688.14,18.042452830188683,bear,BULL_TREND,54.20321323942373,69.57547169811316,26.8814,100.0,55.9534481432122,66.66666666666666,0.0,35.827894960498256,0.0,3,3,B_pure_quant_vr1.5,True
600866,600866.SH,星湖科技,饲料,20240612,6.55,70.05261595337362,63.9074032056586,6.145212747715007,2.01,7.8465,11421.22,15.26520051746443,bear,BULL_TREND,50.35977507021019,97.3479948253557,100.0,100.0,61.45212747715007,66.66666666666666,0.0,40.50451144773554,0.0,1,1,A_recovered_proxy_vr1.2,True
601059,601059.SH,信达证券,证券,20240612,15.16,55.203497385178586,55.203497385178586,0.0,1.34,4.0514,7300.53,8.121212121212121,bear,BULL_TREND,21.11165003415239,100.0,73.00529999999999,80.0,46.04575342488678,30.0,0.0,75.76196136610037,0.0,2,2,A_recovered_proxy_vr1.2,True
2456,002456.SZ,欧菲光,元器件,20240612,7.98,54.9063122358723,47.14233278943679,7.763979446435511,1.7,3.7591,6228.6,5.225653206650825,bear,BULL_TREND,38.27673731814885,53.76088677751375,62.286,40.0,77.6397944643551,0.0,0.0,51.44805265614791,0.0,3,3,A_recovered_proxy_vr1.2,True
600866,600866.SH,星湖科技,饲料,20240612,6.55,63.9074032056586,63.9074032056586,0.0,2.01,7.8465,11421.22,15.26520051746443,bear,BULL_TREND,50.35977507021019,97.3479948253557,100.0,100.0,61.45212747715007,66.66666666666666,0.0,40.50451144773554,0.0,1,1,D_pure_quant_vr1.2,True
601059,601059.SH,信达证券,证券,20240612,15.16,55.203497385178586,55.203497385178586,0.0,1.34,4.0514,7300.53,8.121212121212121,bear,BULL_TREND,21.11165003415239,100.0,73.00529999999999,80.0,46.04575342488678,30.0,0.0,75.76196136610037,0.0,2,2,D_pure_quant_vr1.2,True
2292,002292.SZ,奥飞娱乐,影视音像,20240612,6.51,53.2372410312515,53.2372410312515,0.0,1.47,4.3234,6596.92,7.920792079207928,bear,BULL_TREND,27.790807753081985,98.6798679867988,65.9692,80.0,52.55738307798625,33.33333333333333,0.0,47.89261866760937,0.0,3,3,D_pure_quant_vr1.2,True
600866,600866.SH,星湖科技,饲料,20240612,6.55,54.68958408408609,54.68958408408609,0.0,2.01,7.8465,11421.22,15.26520051746443,bear,BULL_TREND,50.35977507021019,97.3479948253557,100.0,100.0,61.45212747715007,66.66666666666666,0.0,40.50451144773554,0.0,1,1,E_ablate_sector_vr1.2,True
601059,601059.SH,信达证券,证券,20240612,15.16,48.29663437144557,48.29663437144557,0.0,1.34,4.0514,7300.53,8.121212121212121,bear,BULL_TREND,21.11165003415239,100.0,73.00529999999999,80.0,46.04575342488678,30.0,0.0,75.76196136610037,0.0,2,2,E_ablate_sector_vr1.2,True
2292,002292.SZ,奥飞娱乐,影视音像,20240612,6.51,45.353633569553566,45.353633569553566,0.0,1.47,4.3234,6596.92,7.920792079207928,bear,BULL_TREND,27.790807753081985,98.6798679867988,65.9692,80.0,52.55738307798625,33.33333333333333,0.0,47.89261866760937,0.0,3,3,E_ablate_sector_vr1.2,True
600866,600866.SH,星湖科技,饲料,20240612,6.55,52.08168475582089,52.08168475582089,0.0,2.01,7.8465,11421.22,15.26520051746443,bear,BULL_TREND,50.35977507021019,97.3479948253557,100.0,100.0,62.61400447823196,66.66666666666666,0.0,40.50451144773554,0.0,1,1,E_ablate_inflow_vr1.2,True
2559,002559.SZ,亚威股份,机床制造,20240612,8.16,46.73186888808642,46.73186888808642,0.0,1.91,7.4319,578.38,12.446351931330474,bear,BULL_TREND,46.67863191305119,100.0,5.7838,100.0,35.86365969550128,20.0,0.0,39.02517427408301,0.0,2,2,E_ablate_inflow_vr1.2,True
601059,601059.SH,信达证券,证券,20240612,15.16,46.54220537085719,46.54220537085719,0.0,1.34,4.0514,7300.53,8.121212121212121,bear,BULL_TREND,21.11165003415239,100.0,73.00529999999999,80.0,46.70804666274415,30.0,0.0,75.76196136610037,0.0,3,3,E_ablate_inflow_vr1.2,True
600866,600866.SH,星湖科技,饲料,20240612,6.55,59.046861831930336,59.046861831930336,0.0,2.01,7.8465,11421.22,15.26520051746443,bear,BULL_TREND,50.35977507021019,97.3479948253557,100.0,100.0,61.45212747715007,66.66666666666666,0.0,40.50451144773554,0.0,1,1,E_ablate_wyckoff_vr1.2,True
2292,002292.SZ,奥飞娱乐,影视音像,20240612,6.51,47.49012679113838,47.49012679113838,0.0,1.47,4.3234,6596.92,7.920792079207928,bear,BULL_TREND,27.790807753081985,98.6798679867988,65.9692,80.0,52.55738307798625,33.33333333333333,0.0,47.89261866760937,0.0,2,2,E_ablate_wyckoff_vr1.2,True
601059,601059.SH,信达证券,证券,20240612,15.16,46.112062021246544,46.112062021246544,0.0,1.34,4.0514,7300.53,8.121212121212121,bear,BULL_TREND,21.11165003415239,100.0,73.00529999999999,80.0,46.04575342488678,30.0,0.0,75.76196136610037,0.0,3,3,E_ablate_wyckoff_vr1.2,True
600866,600866.SH,星湖科技,饲料,20240612,6.55,63.9074032056586,63.9074032056586,0.0,2.01,7.8465,11421.22,15.26520051746443,bear,BULL_TREND,50.35977507021019,97.3479948253557,100.0,100.0,61.45212747715007,66.66666666666666,0.0,40.50451144773554,0.0,1,1,E_ablate_accel_vr1.2,True
601059,601059.SH,信达证券,证券,20240612,15.16,55.203497385178586,55.203497385178586,0.0,1.34,4.0514,7300.53,8.121212121212121,bear,BULL_TREND,21.11165003415239,100.0,73.00529999999999,80.0,46.04575342488678,30.0,0.0,75.76196136610037,0.0,2,2,E_ablate_accel_vr1.2,True
2292,002292.SZ,奥飞娱乐,影视音像,20240612,6.51,53.2372410312515,53.2372410312515,0.0,1.47,4.3234,6596.92,7.920792079207928,bear,BULL_TREND,27.790807753081985,98.6798679867988,65.9692,80.0,52.55738307798625,33.33333333333333,0.0,47.89261866760937,0.0,3,3,E_ablate_accel_vr1.2,True
600733,600733.SH,北汽蓝谷,汽车整车,20240613,7.29,66.00802630860196,57.15492188597792,8.85310442262404,1.54,4.5258,24627.93,6.538461538461536,bear,BULL_TREND,31.146517546008837,75.64102564102559,100.0,80.0,88.53104422624041,66.66666666666666,0.0,32.07227014634127,0.0,1,1,A_recovered_proxy_vr1.5,True
962,000962.SZ,东方钽业,小金属,20240613,11.08,54.16648595195124,54.16648595195124,0.0,2.24,6.2479,2500.83,10.500807754442656,bear,BULL_TREND,58.17493661414398,100.0,25.0083,100.0,47.185157857345054,33.33333333333333,0.0,38.52136292975951,0.0,2,2,A_recovered_proxy_vr1.5,True
791,000791.SZ,甘肃能源,水力发电,20240613,6.84,49.64076195822555,49.64076195822555,0.0,1.96,3.9501,1997.76,14.500000000000002,bear,BULL_TREND,48.54268271702418,100.0,19.9776,80.0,53.38673305777362,43.333333333333336,0.0,20.74485945956271,0.0,3,3,A_recovered_proxy_vr1.5,True
600733,600733.SH,北汽蓝谷,汽车整车,20240613,7.29,57.15492188597792,57.15492188597792,0.0,1.54,4.5258,24627.93,6.538461538461536,bear,BULL_TREND,31.146517546008837,75.64102564102559,100.0,80.0,88.53104422624041,66.66666666666666,0.0,32.07227014634127,0.0,1,1,B_pure_quant_vr1.5,True
962,000962.SZ,东方钽业,小金属,20240613,11.08,54.16648595195124,54.16648595195124,0.0,2.24,6.2479,2500.83,10.500807754442656,bear,BULL_TREND,58.17493661414398,100.0,25.0083,100.0,47.185157857345054,33.33333333333333,0.0,38.52136292975951,0.0,2,2,B_pure_quant_vr1.5,True
791,000791.SZ,甘肃能源,水力发电,20240613,6.84,49.64076195822555,49.64076195822555,0.0,1.96,3.9501,1997.76,14.500000000000002,bear,BULL_TREND,48.54268271702418,100.0,19.9776,80.0,53.38673305777362,43.333333333333336,0.0,20.74485945956271,0.0,3,3,B_pure_quant_vr1.5,True
600733,600733.SH,北汽蓝谷,汽车整车,20240613,7.29,66.00802630860196,57.15492188597792,8.85310442262404,1.54,4.5258,24627.93,6.538461538461536,bear,BULL_TREND,31.146517546008837,75.64102564102559,100.0,80.0,88.53104422624041,66.66666666666666,0.0,32.07227014634127,0.0,1,1,A_recovered_proxy_vr1.2,True
962,000962.SZ,东方钽业,小金属,20240613,11.08,54.16648595195124,54.16648595195124,0.0,2.24,6.2479,2500.83,10.500807754442656,bear,BULL_TREND,58.17493661414398,100.0,25.0083,100.0,47.185157857345054,33.33333333333333,0.0,38.52136292975951,0.0,2,2,A_recovered_proxy_vr1.2,True
791,000791.SZ,甘肃能源,水力发电,20240613,6.84,49.64076195822555,49.64076195822555,0.0,1.96,3.9501,1997.76,14.500000000000002,bear,BULL_TREND,48.54268271702418,100.0,19.9776,80.0,53.38673305777362,43.333333333333336,0.0,20.74485945956271,0.0,3,3,A_recovered_proxy_vr1.2,True
600733,600733.SH,北汽蓝谷,汽车整车,20240613,7.29,57.15492188597792,57.15492188597792,0.0,1.54,4.5258,24627.93,6.538461538461536,bear,BULL_TREND,31.146517546008837,75.64102564102559,100.0,80.0,88.53104422624041,66.66666666666666,0.0,32.07227014634127,0.0,1,1,D_pure_quant_vr1.2,True
962,000962.SZ,东方钽业,小金属,20240613,11.08,54.16648595195124,54.16648595195124,0.0,2.24,6.2479,2500.83,10.500807754442656,bear,BULL_TREND,58.17493661414398,100.0,25.0083,100.0,47.185157857345054,33.33333333333333,0.0,38.52136292975951,0.0,2,2,D_pure_quant_vr1.2,True
791,000791.SZ,甘肃能源,水力发电,20240613,6.84,49.64076195822555,49.64076195822555,0.0,1.96,3.9501,1997.76,14.500000000000002,bear,BULL_TREND,48.54268271702418,100.0,19.9776,80.0,53.38673305777362,43.333333333333336,0.0,20.74485945956271,0.0,3,3,D_pure_quant_vr1.2,True
962,000962.SZ,东方钽业,小金属,20240613,11.08,47.08871227334948,47.08871227334948,0.0,2.24,6.2479,2500.83,10.500807754442656,bear,BULL_TREND,58.17493661414398,100.0,25.0083,100.0,47.185157857345054,33.33333333333333,0.0,38.52136292975951,0.0,1,1,E_ablate_sector_vr1.2,True
962,000962.SZ,东方钽业,小金属,20240613,11.08,51.21678181051128,51.21678181051128,0.0,2.24,6.2479,2500.83,10.500807754442656,bear,BULL_TREND,58.17493661414398,100.0,25.0083,100.0,47.52710358107862,33.33333333333333,0.0,38.52136292975951,0.0,1,1,E_ablate_inflow_vr1.2,True
600733,600733.SH,北汽蓝谷,汽车整车,20240613,7.29,45.43405151737013,45.43405151737013,0.0,1.54,4.5258,24627.93,6.538461538461536,bear,BULL_TREND,31.146517546008837,75.64102564102559,100.0,80.0,90.39190843552176,66.66666666666666,0.0,32.07227014634127,0.0,2,2,E_ablate_inflow_vr1.2,True
600733,600733.SH,北汽蓝谷,汽车整车,20240613,7.29,53.30624946841697,53.30624946841697,0.0,1.54,4.5258,24627.93,6.538461538461536,bear,BULL_TREND,31.146517546008837,75.64102564102559,100.0,80.0,88.53104422624041,66.66666666666666,0.0,32.07227014634127,0.0,1,1,E_ablate_wyckoff_vr1.2,True
962,000962.SZ,东方钽业,小金属,20240613,11.08,49.5439224003801,49.5439224003801,0.0,2.24,6.2479,2500.83,10.500807754442656,bear,BULL_TREND,58.17493661414398,100.0,25.0083,100.0,47.185157857345054,33.33333333333333,0.0,38.52136292975951,0.0,2,2,E_ablate_wyckoff_vr1.2,True
791,000791.SZ,甘肃能源,水力发电,20240613,6.84,47.151378823078026,47.151378823078026,0.0,1.96,3.9501,1997.76,14.500000000000002,bear,BULL_TREND,48.54268271702418,100.0,19.9776,80.0,53.38673305777362,43.333333333333336,0.0,20.74485945956271,0.0,3,3,E_ablate_wyckoff_vr1.2,True
600733,600733.SH,北汽蓝谷,汽车整车,20240613,7.29,57.15492188597792,57.15492188597792,0.0,1.54,4.5258,24627.93,6.538461538461536,bear,BULL_TREND,31.146517546008837,75.64102564102559,100.0,80.0,88.53104422624041,66.66666666666666,0.0,32.07227014634127,0.0,1,1,E_ablate_accel_vr1.2,True
962,000962.SZ,东方钽业,小金属,20240613,11.08,54.16648595195124,54.16648595195124,0.0,2.24,6.2479,2500.83,10.500807754442656,bear,BULL_TREND,58.17493661414398,100.0,25.0083,100.0,47.185157857345054,33.33333333333333,0.0,38.52136292975951,0.0,2,2,E_ablate_accel_vr1.2,True
791,000791.SZ,甘肃能源,水力发电,20240613,6.84,49.64076195822555,49.64076195822555,0.0,1.96,3.9501,1997.76,14.500000000000002,bear,BULL_TREND,48.54268271702418,100.0,19.9776,80.0,53.38673305777362,43.333333333333336,0.0,20.74485945956271,0.0,3,3,E_ablate_accel_vr1.2,True
601099,601099.SH,太平洋,证券,20240614,3.21,80.19701077872686,71.76346507724949,8.433545701477376,2.22,4.9312,18272.11,10.584958217270191,sideways,BULL_TREND,57.52798382876907,100.0,100.0,80.0,84.33545701477377,53.333333333333336,0.0,68.25269513364644,0.0,1,1,A_recovered_proxy_vr1.5,True
601456,601456.SH,国联民生,证券,20240614,10.68,72.60569269676628,64.17214699528891,8.433545701477376,1.99,3.0242,10705.57,17.080745341614914,sideways,BULL_TREND,49.63842153844621,79.19254658385086,100.0,65.0,84.33545701477377,53.333333333333336,0.0,62.60290657917352,0.0,2,2,A_recovered_proxy_vr1.5,True
988,000988.SZ,华工科技,专用机械,20240614,30.78,68.50740676243028,61.12465892293431,7.382747839495974,2.36,4.856,38840.39,5.204804434862943,sideways,BULL_TREND,61.93934297935583,53.41340724771572,100.0,80.0,73.82747839495974,30.0,0.0,73.94110094778841,0.0,3,3,A_recovered_proxy_vr1.5,True
601099,601099.SH,太平洋,证券,20240614,3.21,71.76346507724949,71.76346507724949,0.0,2.22,4.9312,18272.11,10.584958217270191,sideways,BULL_TREND,57.52798382876907,100.0,100.0,80.0,84.33545701477377,53.333333333333336,0.0,68.25269513364644,0.0,1,1,B_pure_quant_vr1.5,True
601456,601456.SH,国联民生,证券,20240614,10.68,64.17214699528891,64.17214699528891,0.0,1.99,3.0242,10705.57,17.080745341614914,sideways,BULL_TREND,49.63842153844621,79.19254658385086,100.0,65.0,84.33545701477377,53.333333333333336,0.0,62.60290657917352,0.0,2,2,B_pure_quant_vr1.5,True
988,000988.SZ,华工科技,专用机械,20240614,30.78,61.12465892293431,61.12465892293431,0.0,2.36,4.856,38840.39,5.204804434862943,sideways,BULL_TREND,61.93934297935583,53.41340724771572,100.0,80.0,73.82747839495974,30.0,0.0,73.94110094778841,0.0,3,3,B_pure_quant_vr1.5,True
601099,601099.SH,太平洋,证券,20240614,3.21,80.19701077872686,71.76346507724949,8.433545701477376,2.22,4.9312,18272.11,10.584958217270191,sideways,BULL_TREND,57.52798382876907,100.0,100.0,80.0,84.33545701477377,53.333333333333336,0.0,68.25269513364644,0.0,1,1,A_recovered_proxy_vr1.2,True
601456,601456.SH,国联民生,证券,20240614,10.68,72.60569269676628,64.17214699528891,8.433545701477376,1.99,3.0242,10705.57,17.080745341614914,sideways,BULL_TREND,49.63842153844621,79.19254658385086,100.0,65.0,84.33545701477377,53.333333333333336,0.0,62.60290657917352,0.0,2,2,A_recovered_proxy_vr1.2,True
988,000988.SZ,华工科技,专用机械,20240614,30.78,68.50740676243028,61.12465892293431,7.382747839495974,2.36,4.856,38840.39,5.204804434862943,sideways,BULL_TREND,61.93934297935583,53.41340724771572,100.0,80.0,73.82747839495974,30.0,0.0,73.94110094778841,0.0,3,3,A_recovered_proxy_vr1.2,True
601099,601099.SH,太平洋,证券,20240614,3.21,71.76346507724949,71.76346507724949,0.0,2.22,4.9312,18272.11,10.584958217270191,sideways,BULL_TREND,57.52798382876907,100.0,100.0,80.0,84.33545701477377,53.333333333333336,0.0,68.25269513364644,0.0,1,1,D_pure_quant_vr1.2,True
601456,601456.SH,国联民生,证券,20240614,10.68,64.17214699528891,64.17214699528891,0.0,1.99,3.0242,10705.57,17.080745341614914,sideways,BULL_TREND,49.63842153844621,79.19254658385086,100.0,65.0,84.33545701477377,53.333333333333336,0.0,62.60290657917352,0.0,2,2,D_pure_quant_vr1.2,True
988,000988.SZ,华工科技,专用机械,20240614,30.78,61.12465892293431,61.12465892293431,0.0,2.36,4.856,38840.39,5.204804434862943,sideways,BULL_TREND,61.93934297935583,53.41340724771572,100.0,80.0,73.82747839495974,30.0,0.0,73.94110094778841,0.0,3,3,D_pure_quant_vr1.2,True
601099,601099.SH,太平洋,证券,20240614,3.21,59.11314652503344,59.11314652503344,0.0,2.22,4.9312,18272.11,10.584958217270191,sideways,BULL_TREND,57.52798382876907,100.0,100.0,80.0,84.33545701477377,53.333333333333336,0.0,68.25269513364644,0.0,1,1,E_ablate_sector_vr1.2,True
601456,601456.SH,国联民生,证券,20240614,10.68,51.52182844307284,51.52182844307284,0.0,1.99,3.0242,10705.57,17.080745341614914,sideways,BULL_TREND,49.63842153844621,79.19254658385086,100.0,65.0,84.33545701477377,53.333333333333336,0.0,62.60290657917352,0.0,2,2,E_ablate_sector_vr1.2,True
2436,002436.SZ,兴森科技,元器件,20240614,11.47,50.11047435128231,50.11047435128231,0.0,2.08,6.7824,13680.6,5.983606557377039,sideways,BULL_TREND,52.82917641831838,66.39344262295064,100.0,80.0,66.66621816465654,33.33333333333333,0.0,66.79026246280375,0.0,3,3,E_ablate_sector_vr1.2,True
600884,600884.SH,杉杉股份,电气设备,20240614,10.07,60.391312863942645,60.391312863942645,0.0,3.1,3.2548,115.04,12.129144851657944,sideways,BULL_TREND,81.61341077497565,100.0,1.1504,40.0,79.84106133421386,33.33333333333333,0.0,51.61280522207716,0.0,1,1,E_ablate_inflow_vr1.2,True
601099,601099.SH,太平洋,证券,20240614,3.21,59.13338590846651,59.13338590846651,0.0,2.22,4.9312,18272.11,10.584958217270191,sideways,BULL_TREND,57.52798382876907,100.0,100.0,80.0,80.13492922288718,53.333333333333336,0.0,68.25269513364644,0.0,2,2,E_ablate_inflow_vr1.2,True
2670,002670.SZ,国盛证券,证券,20240614,9.22,58.14081317701204,58.14081317701204,0.0,2.27,4.2092,-522.13,14.471243042671604,sideways,BULL_TREND,59.13461487580951,100.0,0.0,65.0,80.13492922288718,20.0,0.0,67.59132100750726,0.0,3,3,E_ablate_inflow_vr1.2,True
601099,601099.SH,太平洋,证券,20240614,3.21,63.57314166121193,63.57314166121193,0.0,2.22,4.9312,18272.11,10.584958217270191,sideways,BULL_TREND,57.52798382876907,100.0,100.0,80.0,84.33545701477377,53.333333333333336,0.0,68.25269513364644,0.0,1,1,E_ablate_wyckoff_vr1.2,True
601456,601456.SH,国联民生,证券,20240614,10.68,56.659798205788086,56.659798205788086,0.0,1.99,3.0242,10705.57,17.080745341614914,sideways,BULL_TREND,49.63842153844621,79.19254658385086,100.0,65.0,84.33545701477377,53.333333333333336,0.0,62.60290657917352,0.0,2,2,E_ablate_wyckoff_vr1.2,True
600884,600884.SH,杉杉股份,电气设备,20240614,10.07,54.2752052778136,54.2752052778136,0.0,3.1,3.2548,115.04,12.129144851657944,sideways,BULL_TREND,81.61341077497565,100.0,1.1504,40.0,79.43693493768191,33.33333333333333,0.0,51.61280522207716,0.0,3,3,E_ablate_wyckoff_vr1.2,True
601099,601099.SH,太平洋,证券,20240614,3.21,71.76346507724949,71.76346507724949,0.0,2.22,4.9312,18272.11,10.584958217270191,sideways,BULL_TREND,57.52798382876907,100.0,100.0,80.0,84.33545701477377,53.333333333333336,0.0,68.25269513364644,0.0,1,1,E_ablate_accel_vr1.2,True
601456,601456.SH,国联民生,证券,20240614,10.68,64.17214699528891,64.17214699528891,0.0,1.99,3.0242,10705.57,17.080745341614914,sideways,BULL_TREND,49.63842153844621,79.19254658385086,100.0,65.0,84.33545701477377,53.333333333333336,0.0,62.60290657917352,0.0,2,2,E_ablate_accel_vr1.2,True
988,000988.SZ,华工科技,专用机械,20240614,30.78,61.12465892293431,61.12465892293431,0.0,2.36,4.856,38840.39,5.204804434862943,sideways,BULL_TREND,61.93934297935583,53.41340724771572,100.0,80.0,73.82747839495974,30.0,0.0,73.94110094778841,0.0,3,3,E_ablate_accel_vr1.2,True
600418,600418.SH,江淮汽车,汽车整车,20240617,16.46,76.43818546931706,68.96930663923213,7.468878830084932,2.5,5.8993,19963.65,6.900452488687776,sideways,BULL_TREND,66.09640474436812,81.67420814479627,100.0,100.0,74.68878830084931,53.333333333333336,0.0,68.2482240985158,0.0,1,1,A_recovered_proxy_vr1.5,True
2232,002232.SZ,启明信息,软件服务,20240617,12.38,59.53469719049794,54.15583104832842,5.378866142169515,2.09,4.4813,2999.18,7.7496274217585635,sideways,BULL_TREND,53.17514711530789,95.82712369597606,29.9918,80.0,53.788661421695146,10.0,0.0,52.56680213826403,0.0,2,2,A_recovered_proxy_vr1.5,True
2708,002708.SZ,光洋股份,汽车配件,20240617,7.83,59.18349133126404,59.18349133126404,0.0,2.54,7.1035,2282.26,10.921501706484632,sideways,BULL_TREND,67.24142484987206,100.0,22.8226,100.0,53.2829723482086,43.333333333333336,0.0,56.60461121161856,0.0,3,3,A_recovered_proxy_vr1.5,True
600418,600418.SH,江淮汽车,汽车整车,20240617,16.46,68.96930663923213,68.96930663923213,0.0,2.5,5.8993,19963.65,6.900452488687776,sideways,BULL_TREND,66.09640474436812,81.67420814479627,100.0,100.0,74.68878830084931,53.333333333333336,0.0,68.2482240985158,0.0,1,1,B_pure_quant_vr1.5,True
2708,002708.SZ,光洋股份,汽车配件,20240617,7.83,59.18349133126404,59.18349133126404,0.0,2.54,7.1035,2282.26,10.921501706484632,sideways,BULL_TREND,67.24142484987206,100.0,22.8226,100.0,53.2829723482086,43.333333333333336,0.0,56.60461121161856,0.0,2,2,B_pure_quant_vr1.5,True
2530,002530.SZ,金财互联,专用机械,20240617,7.45,54.60656817781887,54.60656817781887,0.0,2.87,4.6291,3678.64,6.171284634760708,sideways,BULL_TREND,76.05253684504815,69.52141057934513,36.7864,80.0,27.05526545016203,33.33333333333333,0.0,85.34146050217811,0.0,3,3,B_pure_quant_vr1.5,True
600418,600418.SH,江淮汽车,汽车整车,20240617,16.46,77.63749938875115,69.68889499089258,7.948604397858569,2.5,5.8993,19963.65,6.900452488687776,sideways,BULL_TREND,66.09640474436812,81.67420814479627,100.0,100.0,79.48604397858568,53.333333333333336,0.0,68.2482240985158,0.0,1,1,A_recovered_proxy_vr1.2,True
2232,002232.SZ,启明信息,软件服务,20240617,12.38,59.49631497538576,54.13280171926112,5.363513256124641,2.09,4.4813,2999.18,7.7496274217585635,sideways,BULL_TREND,53.17514711530789,95.82712369597606,29.9918,80.0,53.63513256124641,10.0,0.0,52.56680213826403,0.0,2,2,A_recovered_proxy_vr1.2,True
2708,002708.SZ,光洋股份,汽车配件,20240617,7.83,59.16794834569625,59.16794834569625,0.0,2.54,7.1035,2282.26,10.921501706484632,sideways,BULL_TREND,67.24142484987206,100.0,22.8226,100.0,53.179352444423394,43.333333333333336,0.0,56.60461121161856,0.0,3,3,A_recovered_proxy_vr1.2,True
600418,600418.SH,江淮汽车,汽车整车,20240617,16.46,69.68889499089258,69.68889499089258,0.0,2.5,5.8993,19963.65,6.900452488687776,sideways,BULL_TREND,66.09640474436812,81.67420814479627,100.0,100.0,79.48604397858568,53.333333333333336,0.0,68.2482240985158,0.0,1,1,D_pure_quant_vr1.2,True
2708,002708.SZ,光洋股份,汽车配件,20240617,7.83,59.16794834569625,59.16794834569625,0.0,2.54,7.1035,2282.26,10.921501706484632,sideways,BULL_TREND,67.24142484987206,100.0,22.8226,100.0,53.179352444423394,43.333333333333336,0.0,56.60461121161856,0.0,2,2,D_pure_quant_vr1.2,True
2530,002530.SZ,金财互联,专用机械,20240617,7.45,54.58151535805729,54.58151535805729,0.0,2.87,4.6291,3678.64,6.171284634760708,sideways,BULL_TREND,76.05253684504815,69.52141057934513,36.7864,80.0,26.88824665175151,33.33333333333333,0.0,85.34146050217811,0.0,3,3,D_pure_quant_vr1.2,True
600418,600418.SH,江淮汽车,汽车整车,20240617,16.46,57.76598839410473,57.76598839410473,0.0,2.5,5.8993,19963.65,6.900452488687776,sideways,BULL_TREND,66.09640474436812,81.67420814479627,100.0,100.0,79.48604397858568,53.333333333333336,0.0,68.2482240985158,0.0,1,1,E_ablate_sector_vr1.2,True
2708,002708.SZ,光洋股份,汽车配件,20240617,7.83,51.191045479032745,51.191045479032745,0.0,2.54,7.1035,2282.26,10.921501706484632,sideways,BULL_TREND,67.24142484987206,100.0,22.8226,100.0,53.179352444423394,43.333333333333336,0.0,56.60461121161856,0.0,2,2,E_ablate_sector_vr1.2,True
2530,002530.SZ,金财互联,专用机械,20240617,7.45,50.54827836029456,50.54827836029456,0.0,2.87,4.6291,3678.64,6.171284634760708,sideways,BULL_TREND,76.05253684504815,69.52141057934513,36.7864,80.0,26.88824665175151,33.33333333333333,0.0,85.34146050217811,0.0,3,3,E_ablate_sector_vr1.2,True
600418,600418.SH,江淮汽车,汽车整车,20240617,16.46,58.34075002788595,58.34075002788595,0.0,2.5,5.8993,19963.65,6.900452488687776,sideways,BULL_TREND,66.09640474436812,81.67420814479627,100.0,100.0,83.83174422520817,53.333333333333336,0.0,68.2482240985158,0.0,1,1,E_ablate_inflow_vr1.2,True
2708,002708.SZ,光洋股份,汽车配件,20240617,7.83,52.75782217683402,52.75782217683402,0.0,2.54,7.1035,2282.26,10.921501706484632,sideways,BULL_TREND,67.24142484987206,100.0,22.8226,100.0,28.70325798534181,43.333333333333336,0.0,56.60461121161856,0.0,2,2,E_ablate_inflow_vr1.2,True
2232,002232.SZ,启明信息,软件服务,20240617,12.38,50.75023815756225,50.75023815756225,0.0,2.09,4.4813,2999.18,7.7496274217585635,sideways,BULL_TREND,53.17514711530789,95.82712369597606,29.9918,80.0,55.07814881658733,10.0,0.0,52.56680213826403,0.0,3,3,E_ablate_inflow_vr1.2,True
600418,600418.SH,江淮汽车,汽车整车,20240617,16.46,61.49910809907068,61.49910809907068,0.0,2.5,5.8993,19963.65,6.900452488687776,sideways,BULL_TREND,66.09640474436812,81.67420814479627,100.0,100.0,79.48604397858568,53.333333333333336,0.0,68.2482240985158,0.0,1,1,E_ablate_wyckoff_vr1.2,True
2708,002708.SZ,光洋股份,汽车配件,20240617,7.83,52.37539500030203,52.37539500030203,0.0,2.54,7.1035,2282.26,10.921501706484632,sideways,BULL_TREND,67.24142484987206,100.0,22.8226,100.0,53.179352444423394,43.333333333333336,0.0,56.60461121161856,0.0,2,2,E_ablate_wyckoff_vr1.2,True
2232,002232.SZ,启明信息,软件服务,20240617,12.38,47.82478546266943,47.82478546266943,0.0,2.09,4.4813,2999.18,7.7496274217585635,sideways,BULL_TREND,53.17514711530789,95.82712369597606,29.9918,80.0,53.63513256124641,10.0,0.0,52.56680213826403,0.0,3,3,E_ablate_wyckoff_vr1.2,True
600418,600418.SH,江淮汽车,汽车整车,20240617,16.46,69.68889499089258,69.68889499089258,0.0,2.5,5.8993,19963.65,6.900452488687776,sideways,BULL_TREND,66.09640474436812,81.67420814479627,100.0,100.0,79.48604397858568,53.333333333333336,0.0,68.2482240985158,0.0,1,1,E_ablate_accel_vr1.2,True
2708,002708.SZ,光洋股份,汽车配件,20240617,7.83,59.16794834569625,59.16794834569625,0.0,2.54,7.1035,2282.26,10.921501706484632,sideways,BULL_TREND,67.24142484987206,100.0,22.8226,100.0,53.179352444423394,43.333333333333336,0.0,56.60461121161856,0.0,2,2,E_ablate_accel_vr1.2,True
2530,002530.SZ,金财互联,专用机械,20240617,7.45,54.58151535805729,54.58151535805729,0.0,2.87,4.6291,3678.64,6.171284634760708,sideways,BULL_TREND,76.05253684504815,69.52141057934513,36.7864,80.0,26.88824665175151,33.33333333333333,0.0,85.34146050217811,0.0,3,3,E_ablate_accel_vr1.2,True
977,000977.SZ,浪潮信息,IT设备,20240618,37.28,57.98971464855212,57.98971464855212,0.0,1.54,4.9805,16073.32,8.086785009861936,sideways,BULL_TREND,31.146517546008837,100.0,100.0,80.0,46.46176875829291,20.0,0.0,54.73512895571864,0.0,1,1,A_recovered_proxy_vr1.5,True
603018,603018.SH,华设集团,建筑工程,20240618,9.26,56.68240746227868,56.68240746227868,0.0,1.71,4.1619,7021.29,15.433789954337897,sideways,BULL_TREND,38.69981625555866,95.66210045662103,70.2129,80.0,44.39916543883034,63.33333333333333,0.0,63.08913585923265,0.0,2,2,A_recovered_proxy_vr1.5,True
2703,002703.SZ,浙江世宝,汽车配件,20240618,11.98,55.91914625169117,55.91914625169117,0.0,2.03,3.4813,4422.01,7.775211701308697,sideways,BULL_TREND,51.073986370522576,96.25352835514497,44.2201,80.0,50.800142365096576,63.33333333333333,0.0,50.949941588443046,0.0,3,3,A_recovered_proxy_vr1.5,True
977,000977.SZ,浪潮信息,IT设备,20240618,37.28,57.98971464855212,57.98971464855212,0.0,1.54,4.9805,16073.32,8.086785009861936,sideways,BULL_TREND,31.146517546008837,100.0,100.0,80.0,46.46176875829291,20.0,0.0,54.73512895571864,0.0,1,1,B_pure_quant_vr1.5,True
603018,603018.SH,华设集团,建筑工程,20240618,9.26,56.68240746227868,56.68240746227868,0.0,1.71,4.1619,7021.29,15.433789954337897,sideways,BULL_TREND,38.69981625555866,95.66210045662103,70.2129,80.0,44.39916543883034,63.33333333333333,0.0,63.08913585923265,0.0,2,2,B_pure_quant_vr1.5,True
2703,002703.SZ,浙江世宝,汽车配件,20240618,11.98,55.91914625169117,55.91914625169117,0.0,2.03,3.4813,4422.01,7.775211701308697,sideways,BULL_TREND,51.073986370522576,96.25352835514497,44.2201,80.0,50.800142365096576,63.33333333333333,0.0,50.949941588443046,0.0,3,3,B_pure_quant_vr1.5,True
600418,600418.SH,江淮汽车,汽车整车,20240618,16.76,60.305923701925856,52.14453134617086,8.161392355754998,1.44,4.5611,22559.76,5.203619909502252,sideways,BULL_TREND,26.303440583379377,53.39366515837087,100.0,65.0,81.61392355754998,20.0,0.0,61.40899624461087,0.0,1,1,A_recovered_proxy_vr1.2,True
977,000977.SZ,浪潮信息,IT设备,20240618,37.28,57.429815094758055,57.429815094758055,0.0,1.54,4.9805,16073.32,8.086785009861936,sideways,BULL_TREND,31.146517546008837,100.0,100.0,80.0,42.72910506633248,20.0,0.0,54.73512895571864,0.0,2,2,A_recovered_proxy_vr1.2,True
603018,603018.SH,华设集团,建筑工程,20240618,9.26,56.68913585333919,56.68913585333919,0.0,1.71,4.1619,7021.29,15.433789954337897,sideways,BULL_TREND,38.69981625555866,95.66210045662103,70.2129,80.0,44.44402137923377,63.33333333333333,0.0,63.08913585923265,0.0,3,3,A_recovered_proxy_vr1.2,True
977,000977.SZ,浪潮信息,IT设备,20240618,37.28,57.429815094758055,57.429815094758055,0.0,1.54,4.9805,16073.32,8.086785009861936,sideways,BULL_TREND,31.146517546008837,100.0,100.0,80.0,42.72910506633248,20.0,0.0,54.73512895571864,0.0,1,1,D_pure_quant_vr1.2,True
603018,603018.SH,华设集团,建筑工程,20240618,9.26,56.68913585333919,56.68913585333919,0.0,1.71,4.1619,7021.29,15.433789954337897,sideways,BULL_TREND,38.69981625555866,95.66210045662103,70.2129,80.0,44.44402137923377,63.33333333333333,0.0,63.08913585923265,0.0,2,2,D_pure_quant_vr1.2,True
2703,002703.SZ,浙江世宝,汽车配件,20240618,11.98,55.81413431014592,55.81413431014592,0.0,2.03,3.4813,4422.01,7.775211701308697,sideways,BULL_TREND,51.073986370522576,96.25352835514497,44.2201,80.0,50.10006275479492,63.33333333333333,0.0,50.949941588443046,0.0,3,3,D_pure_quant_vr1.2,True
977,000977.SZ,浪潮信息,IT设备,20240618,37.28,51.02044933480818,51.02044933480818,0.0,1.54,4.9805,16073.32,8.086785009861936,sideways,BULL_TREND,31.146517546008837,100.0,100.0,80.0,42.72910506633248,20.0,0.0,54.73512895571864,0.0,1,1,E_ablate_sector_vr1.2,True
603018,603018.SH,华设集团,建筑工程,20240618,9.26,50.02253264645413,50.02253264645413,0.0,1.71,4.1619,7021.29,15.433789954337897,sideways,BULL_TREND,38.69981625555866,95.66210045662103,70.2129,80.0,44.44402137923377,63.33333333333333,0.0,63.08913585923265,0.0,2,2,E_ablate_sector_vr1.2,True
2703,002703.SZ,浙江世宝,汽车配件,20240618,11.98,48.299124896926685,48.299124896926685,0.0,2.03,3.4813,4422.01,7.775211701308697,sideways,BULL_TREND,51.073986370522576,96.25352835514497,44.2201,80.0,50.10006275479492,63.33333333333333,0.0,50.949941588443046,0.0,3,3,E_ablate_sector_vr1.2,True
158,000158.SZ,常山北明,软件服务,20240618,6.98,51.35011463841782,51.35011463841782,0.0,1.92,3.0649,3708.51,8.519003931847962,sideways,BULL_TREND,47.05531554732157,100.0,37.0851,40.0,58.16677942955903,53.333333333333336,0.0,63.385513640887936,0.0,1,1,E_ablate_inflow_vr1.2,True
603018,603018.SH,华设集团,建筑工程,20240618,9.26,48.26358785333919,48.26358785333919,0.0,1.71,4.1619,7021.29,15.433789954337897,sideways,BULL_TREND,38.69981625555866,95.66210045662103,70.2129,80.0,44.44402137923377,63.33333333333333,0.0,63.08913585923265,0.0,2,2,E_ablate_inflow_vr1.2,True
2703,002703.SZ,浙江世宝,汽车配件,20240618,11.98,47.115064714214775,47.115064714214775,0.0,2.03,3.4813,4422.01,7.775211701308697,sideways,BULL_TREND,51.073986370522576,96.25352835514497,44.2201,40.0,38.14901211525394,63.33333333333333,0.0,50.949941588443046,0.0,3,3,E_ablate_inflow_vr1.2,True
977,000977.SZ,浪潮信息,IT设备,20240618,37.28,50.86159962007181,50.86159962007181,0.0,1.54,4.9805,16073.32,8.086785009861936,sideways,BULL_TREND,31.146517546008837,100.0,100.0,80.0,42.72910506633248,20.0,0.0,54.73512895571864,0.0,1,1,E_ablate_wyckoff_vr1.2,True
2703,002703.SZ,浙江世宝,汽车配件,20240618,11.98,49.70014131953276,49.70014131953276,0.0,2.03,3.4813,4422.01,7.775211701308697,sideways,BULL_TREND,51.073986370522576,96.25352835514497,44.2201,80.0,50.10006275479492,63.33333333333333,0.0,50.949941588443046,0.0,2,2,E_ablate_wyckoff_vr1.2,True
2611,002611.SZ,东方精工,轻工机械,20240618,5.64,49.38748094952715,49.38748094952715,0.0,1.88,4.4401,5423.28,10.900473933649296,sideways,BULL_TREND,45.53663309514563,100.0,54.2328,80.0,42.63212667952298,63.33333333333333,0.0,30.60738896182271,0.0,3,3,E_ablate_wyckoff_vr1.2,True
977,000977.SZ,浪潮信息,IT设备,20240618,37.28,57.429815094758055,57.429815094758055,0.0,1.54,4.9805,16073.32,8.086785009861936,sideways,BULL_TREND,31.146517546008837,100.0,100.0,80.0,42.72910506633248,20.0,0.0,54.73512895571864,0.0,1,1,E_ablate_accel_vr1.2,True
603018,603018.SH,华设集团,建筑工程,20240618,9.26,56.68913585333919,56.68913585333919,0.0,1.71,4.1619,7021.29,15.433789954337897,sideways,BULL_TREND,38.69981625555866,95.66210045662103,70.2129,80.0,44.44402137923377,63.33333333333333,0.0,63.08913585923265,0.0,2,2,E_ablate_accel_vr1.2,True
2703,002703.SZ,浙江世宝,汽车配件,20240618,11.98,55.81413431014592,55.81413431014592,0.0,2.03,3.4813,4422.01,7.775211701308697,sideways,BULL_TREND,51.073986370522576,96.25352835514497,44.2201,80.0,50.10006275479492,63.33333333333333,0.0,50.949941588443046,0.0,3,3,E_ablate_accel_vr1.2,True
2085,002085.SZ,万丰奥威,汽车配件,20240619,15.51,69.55583795306394,61.80705112448001,7.748786828583926,1.8,11.6609,39027.73,16.925549009105527,sideways,BULL_TREND,42.39984532774751,80.74450990894474,100.0,60.0,77.48786828583926,53.333333333333336,0.0,63.5453838572097,0.0,1,1,A_recovered_proxy_vr1.5,True
603357,603357.SH,设计总院,建筑工程,20240619,9.71,60.81924107440727,60.81924107440727,0.0,2.93,5.6361,3484.96,8.136234626300846,sideways,BULL_TREND,77.54503323237616,100.0,34.8496,100.0,28.512852821300573,43.333333333333336,0.0,70.28155977852306,0.0,2,2,A_recovered_proxy_vr1.5,True
603018,603018.SH,华设集团,建筑工程,20240619,9.39,60.56003024767155,60.56003024767155,0.0,2.59,7.049,3313.06,14.246575342465745,sideways,BULL_TREND,68.64760489559146,100.0,33.1306,100.0,28.512852821300573,33.33333333333333,0.0,87.81908817316399,0.0,3,3,A_recovered_proxy_vr1.5,True
2085,002085.SZ,万丰奥威,汽车配件,20240619,15.51,61.80705112448001,61.80705112448001,0.0,1.8,11.6609,39027.73,16.925549009105527,sideways,BULL_TREND,42.39984532774751,80.74450990894474,100.0,60.0,77.48786828583926,53.333333333333336,0.0,63.5453838572097,0.0,1,1,B_pure_quant_vr1.5,True
603357,603357.SH,设计总院,建筑工程,20240619,9.71,60.81924107440727,60.81924107440727,0.0,2.93,5.6361,3484.96,8.136234626300846,sideways,BULL_TREND,77.54503323237616,100.0,34.8496,100.0,28.512852821300573,43.333333333333336,0.0,70.28155977852306,0.0,2,2,B_pure_quant_vr1.5,True
603018,603018.SH,华设集团,建筑工程,20240619,9.39,60.56003024767155,60.56003024767155,0.0,2.59,7.049,3313.06,14.246575342465745,sideways,BULL_TREND,68.64760489559146,100.0,33.1306,100.0,28.512852821300573,33.33333333333333,0.0,87.81908817316399,0.0,3,3,B_pure_quant_vr1.5,True
2085,002085.SZ,万丰奥威,汽车配件,20240619,15.51,69.55583795306394,61.80705112448001,7.748786828583926,1.8,11.6609,39027.73,16.925549009105527,sideways,BULL_TREND,42.39984532774751,80.74450990894474,100.0,60.0,77.48786828583926,53.333333333333336,0.0,63.5453838572097,0.0,1,1,A_recovered_proxy_vr1.2,True
603357,603357.SH,设计总院,建筑工程,20240619,9.71,60.81924107440727,60.81924107440727,0.0,2.93,5.6361,3484.96,8.136234626300846,sideways,BULL_TREND,77.54503323237616,100.0,34.8496,100.0,28.512852821300573,43.333333333333336,0.0,70.28155977852306,0.0,2,2,A_recovered_proxy_vr1.2,True
603018,603018.SH,华设集团,建筑工程,20240619,9.39,60.56003024767155,60.56003024767155,0.0,2.59,7.049,3313.06,14.246575342465745,sideways,BULL_TREND,68.64760489559146,100.0,33.1306,100.0,28.512852821300573,33.33333333333333,0.0,87.81908817316399,0.0,3,3,A_recovered_proxy_vr1.2,True
2085,002085.SZ,万丰奥威,汽车配件,20240619,15.51,61.80705112448001,61.80705112448001,0.0,1.8,11.6609,39027.73,16.925549009105527,sideways,BULL_TREND,42.39984532774751,80.74450990894474,100.0,60.0,77.48786828583926,53.333333333333336,0.0,63.5453838572097,0.0,1,1,D_pure_quant_vr1.2,True
603357,603357.SH,设计总院,建筑工程,20240619,9.71,60.81924107440727,60.81924107440727,0.0,2.93,5.6361,3484.96,8.136234626300846,sideways,BULL_TREND,77.54503323237616,100.0,34.8496,100.0,28.512852821300573,43.333333333333336,0.0,70.28155977852306,0.0,2,2,D_pure_quant_vr1.2,True
603018,603018.SH,华设集团,建筑工程,20240619,9.39,60.56003024767155,60.56003024767155,0.0,2.59,7.049,3313.06,14.246575342465745,sideways,BULL_TREND,68.64760489559146,100.0,33.1306,100.0,28.512852821300573,33.33333333333333,0.0,87.81908817316399,0.0,3,3,D_pure_quant_vr1.2,True
603357,603357.SH,设计总院,建筑工程,20240619,9.71,56.54231315121218,56.54231315121218,0.0,2.93,5.6361,3484.96,8.136234626300846,sideways,BULL_TREND,77.54503323237616,100.0,34.8496,100.0,28.512852821300573,43.333333333333336,0.0,70.28155977852306,0.0,1,1,E_ablate_sector_vr1.2,True
603018,603018.SH,华设集团,建筑工程,20240619,9.39,56.28310232447647,56.28310232447647,0.0,2.59,7.049,3313.06,14.246575342465745,sideways,BULL_TREND,68.64760489559146,100.0,33.1306,100.0,28.512852821300573,33.33333333333333,0.0,87.81908817316399,0.0,2,2,E_ablate_sector_vr1.2,True
2085,002085.SZ,万丰奥威,汽车配件,20240619,15.51,50.18387088160412,50.18387088160412,0.0,1.8,11.6609,39027.73,16.925549009105527,sideways,BULL_TREND,42.39984532774751,80.74450990894474,100.0,60.0,77.48786828583926,53.333333333333336,0.0,63.5453838572097,0.0,3,3,E_ablate_sector_vr1.2,True
603357,603357.SH,设计总院,建筑工程,20240619,9.71,56.63728907440727,56.63728907440727,0.0,2.93,5.6361,3484.96,8.136234626300846,sideways,BULL_TREND,77.54503323237616,100.0,34.8496,100.0,28.512852821300573,43.333333333333336,0.0,70.28155977852306,0.0,1,1,E_ablate_inflow_vr1.2,True
603018,603018.SH,华设集团,建筑工程,20240619,9.39,56.58435824767155,56.58435824767155,0.0,2.59,7.049,3313.06,14.246575342465745,sideways,BULL_TREND,68.64760489559146,100.0,33.1306,100.0,28.512852821300573,33.33333333333333,0.0,87.81908817316399,0.0,2,2,E_ablate_inflow_vr1.2,True
2085,002085.SZ,万丰奥威,汽车配件,20240619,15.51,48.43838829569965,48.43838829569965,0.0,1.8,11.6609,39027.73,16.925549009105527,sideways,BULL_TREND,42.39984532774751,80.74450990894474,100.0,65.0,67.03011609397022,53.333333333333336,0.0,63.5453838572097,0.0,3,3,E_ablate_inflow_vr1.2,True
2085,002085.SZ,万丰奥威,汽车配件,20240619,15.51,54.181605061614846,54.181605061614846,0.0,1.8,11.6609,39027.73,16.925549009105527,sideways,BULL_TREND,42.39984532774751,80.74450990894474,100.0,60.0,77.48786828583926,53.333333333333336,0.0,63.5453838572097,0.0,1,1,E_ablate_wyckoff_vr1.2,True
603357,603357.SH,设计总院,建筑工程,20240619,9.71,52.38545390098451,52.38545390098451,0.0,2.93,5.6361,3484.96,8.136234626300846,sideways,BULL_TREND,77.54503323237616,100.0,34.8496,100.0,28.512852821300573,43.333333333333336,0.0,70.28155977852306,0.0,2,2,E_ablate_wyckoff_vr1.2,True
603018,603018.SH,华设集团,建筑工程,20240619,9.39,50.02173966689188,50.02173966689188,0.0,2.59,7.049,3313.06,14.246575342465745,sideways,BULL_TREND,68.64760489559146,100.0,33.1306,100.0,28.512852821300573,33.33333333333333,0.0,87.81908817316399,0.0,3,3,E_ablate_wyckoff_vr1.2,True
2085,002085.SZ,万丰奥威,汽车配件,20240619,15.51,61.80705112448001,61.80705112448001,0.0,1.8,11.6609,39027.73,16.925549009105527,sideways,BULL_TREND,42.39984532774751,80.74450990894474,100.0,60.0,77.48786828583926,53.333333333333336,0.0,63.5453838572097,0.0,1,1,E_ablate_accel_vr1.2,True
603357,603357.SH,设计总院,建筑工程,20240619,9.71,60.81924107440727,60.81924107440727,0.0,2.93,5.6361,3484.96,8.136234626300846,sideways,BULL_TREND,77.54503323237616,100.0,34.8496,100.0,28.512852821300573,43.333333333333336,0.0,70.28155977852306,0.0,2,2,E_ablate_accel_vr1.2,True
603018,603018.SH,华设集团,建筑工程,20240619,9.39,60.56003024767155,60.56003024767155,0.0,2.59,7.049,3313.06,14.246575342465745,sideways,BULL_TREND,68.64760489559146,100.0,33.1306,100.0,28.512852821300573,33.33333333333333,0.0,87.81908817316399,0.0,3,3,E_ablate_accel_vr1.2,True
301089,301089.SZ,拓新药业,化学制药,20240620,33.49,62.1719804161129,62.1719804161129,0.0,3.54,8.8334,-639.19,12.604384133611688,sideways,BULL_PULLBACK,91.18746801541364,100.0,0.0,60.0,49.97612225405921,53.333333333333336,0.0,76.23043706621958,0.0,1,1,E_ablate_inflow_vr1.2,True
603050,603050.SH,科林电气,电气设备,20240626,26.96,87.33471103255366,77.79811103255365,9.5366,5.03,11.2458,26155.22,16.221255438160345,sideways,BEAR_BOUNCE_OVERRIDE,100.0,87.78744561839656,100.0,60.0,95.366,63.33333333333333,0.0,54.27755274866448,0.0,1,1,A_recovered_proxy_vr1.5,True
603050,603050.SH,科林电气,电气设备,20240626,26.96,87.33471103255366,77.79811103255365,9.5366,5.03,11.2458,26155.22,16.221255438160345,sideways,BEAR_BOUNCE_OVERRIDE,100.0,87.78744561839656,100.0,60.0,95.366,63.33333333333333,0.0,54.27755274866448,0.0,1,1,A_recovered_proxy_vr1.2,True
603799,603799.SH,华友钴业,小金属,20240711,24.33,74.38235760548018,65.5047254405842,8.877632164895985,1.96,3.8731,16002.32,5.587892898719446,weak_momentum,BULL_PULLBACK_OVERRIDE,48.54268271702418,100.0,100.0,65.0,88.77632164895985,33.33333333333333,0.0,66.60138746013286,0.0,1,1,A_recovered_proxy_vr1.5,True
603799,603799.SH,华友钴业,小金属,20240711,24.33,65.5047254405842,65.5047254405842,0.0,1.96,3.8731,16002.32,5.587892898719446,weak_momentum,BULL_PULLBACK_OVERRIDE,48.54268271702418,100.0,100.0,65.0,88.77632164895985,33.33333333333333,0.0,66.60138746013286,0.0,1,1,B_pure_quant_vr1.5,True
603799,603799.SH,华友钴业,小金属,20240711,24.33,72.68304580491024,63.98513836024223,8.697907444668008,1.96,3.8731,16002.32,5.587892898719446,weak_momentum,BULL_PULLBACK_OVERRIDE,48.54268271702418,100.0,100.0,40.0,86.97907444668007,33.33333333333333,0.0,66.60138746013286,0.0,1,1,A_recovered_proxy_vr1.2,True
2756,002756.SZ,永兴材料,小金属,20240830,32.49,81.77959091247446,74.12302924359149,7.656561668882978,3.93,4.4508,19722.6,5.414847161572051,weak_momentum,BEAR_BOUNCE_OVERRIDE,98.72646562419408,100.0,100.0,65.0,76.56561668882978,43.333333333333336,0.0,82.75033486647493,0.0,1,1,A_recovered_proxy_vr1.5,True
2756,002756.SZ,永兴材料,小金属,20240830,32.49,81.01101544704893,73.66188396433617,7.349131482712766,3.93,4.4508,19722.6,5.414847161572051,weak_momentum,BEAR_BOUNCE_OVERRIDE,98.72646562419408,100.0,100.0,65.0,73.49131482712765,43.333333333333336,0.0,82.75033486647493,0.0,1,1,A_recovered_proxy_vr1.2,True
2738,002738.SZ,中矿资源,小金属,20240924,29.93,76.34444937599947,66.91566862113666,9.428780754862812,1.94,3.3594,15598.98,3.8856775850995535,momentum,BULL_PULLBACK_OVERRIDE,47.802832620620144,94.68593448940268,100.0,65.0,94.28780754862812,66.66666666666666,0.0,48.35755436044417,0.0,1,1,A_recovered_proxy_vr1.5,True
762,000762.SZ,西藏矿业,小金属,20240924,18.73,74.47129503962277,65.04251428475996,9.428780754862812,2.2,3.5534,8115.73,3.453608247422671,momentum,BULL_PULLBACK_OVERRIDE,56.87517618749676,97.27835051546396,81.15729999999999,65.0,94.28780754862812,66.66666666666666,0.0,51.110479620300985,0.0,2,2,A_recovered_proxy_vr1.5,True
2738,002738.SZ,中矿资源,小金属,20240924,29.93,66.91566862113666,66.91566862113666,0.0,1.94,3.3594,15598.98,3.8856775850995535,momentum,BULL_PULLBACK_OVERRIDE,47.802832620620144,94.68593448940268,100.0,65.0,94.28780754862812,66.66666666666666,0.0,48.35755436044417,0.0,1,1,B_pure_quant_vr1.5,True
2555,002555.SZ,三七互娱,互联网,20240924,13.85,65.81367212323632,65.81367212323632,0.0,2.11,5.5808,16075.72,3.146853146853154,momentum,BULL_PULLBACK_OVERRIDE,53.86214994662302,99.11888111888108,100.0,80.0,68.09958464242784,66.66666666666666,0.0,68.69211257535845,0.0,2,2,B_pure_quant_vr1.5,True
2738,002738.SZ,中矿资源,小金属,20240924,29.93,76.27270645425912,66.86784000664309,9.404866447616024,1.94,3.3594,15598.98,3.8856775850995535,momentum,BULL_PULLBACK_OVERRIDE,47.802832620620144,94.68593448940268,100.0,65.0,94.04866447616024,66.66666666666666,0.0,48.35755436044417,0.0,1,1,A_recovered_proxy_vr1.2,True
762,000762.SZ,西藏矿业,小金属,20240924,18.73,74.39955211788242,64.99468567026639,9.404866447616024,2.2,3.5534,8115.73,3.453608247422671,momentum,BULL_PULLBACK_OVERRIDE,56.87517618749676,97.27835051546396,81.15729999999999,65.0,94.04866447616024,66.66666666666666,0.0,51.110479620300985,0.0,2,2,A_recovered_proxy_vr1.2,True
2738,002738.SZ,中矿资源,小金属,20240924,29.93,66.86784000664309,66.86784000664309,0.0,1.94,3.3594,15598.98,3.8856775850995535,momentum,BULL_PULLBACK_OVERRIDE,47.802832620620144,94.68593448940268,100.0,65.0,94.04866447616024,66.66666666666666,0.0,48.35755436044417,0.0,1,1,D_pure_quant_vr1.2,True
2555,002555.SZ,三七互娱,互联网,20240924,13.85,65.77379137826179,65.77379137826179,0.0,2.11,5.5808,16075.72,3.146853146853154,momentum,BULL_PULLBACK_OVERRIDE,53.86214994662302,99.11888111888108,100.0,80.0,67.90018091755528,66.66666666666666,0.0,68.69211257535845,0.0,2,2,D_pure_quant_vr1.2,True
2738,002738.SZ,中矿资源,小金属,20240924,29.93,66.86784000664309,66.86784000664309,0.0,1.94,3.3594,15598.98,3.8856775850995535,momentum,BULL_PULLBACK_OVERRIDE,47.802832620620144,94.68593448940268,100.0,65.0,94.04866447616024,66.66666666666666,0.0,48.35755436044417,0.0,1,1,E_ablate_accel_vr1.2,True
2555,002555.SZ,三七互娱,互联网,20240924,13.85,65.77379137826179,65.77379137826179,0.0,2.11,5.5808,16075.72,3.146853146853154,momentum,BULL_PULLBACK_OVERRIDE,53.86214994662302,99.11888111888108,100.0,80.0,67.90018091755528,66.66666666666666,0.0,68.69211257535845,0.0,2,2,E_ablate_accel_vr1.2,True
601375,601375.SH,中原证券,证券,20240926,4.01,77.81839887731576,68.65349467080476,9.164904206510997,2.36,4.2682,9894.82,0.4962779156327658,momentum,BULL_PULLBACK_OVERRIDE,61.93934297935583,100.0,98.9482,65.0,91.64904206510997,33.33333333333333,0.0,63.264781442127216,0.0,1,1,A_recovered_proxy_vr1.5,True
2797,002797.SZ,第一创业,证券,20240926,5.86,76.45438683039126,67.28948262388026,9.164904206510997,1.89,3.6049,12998.39,0.1703577512776795,momentum,BULL_PULLBACK_OVERRIDE,45.9193117223174,100.0,100.0,65.0,91.64904206510997,33.33333333333333,0.0,71.55110785843988,0.0,2,2,A_recovered_proxy_vr1.5,True
601375,601375.SH,中原证券,证券,20240926,4.01,68.65349467080476,68.65349467080476,0.0,2.36,4.2682,9894.82,0.4962779156327658,momentum,BULL_PULLBACK_OVERRIDE,61.93934297935583,100.0,98.9482,65.0,91.64904206510997,33.33333333333333,0.0,63.264781442127216,0.0,1,1,B_pure_quant_vr1.5,True
2797,002797.SZ,第一创业,证券,20240926,5.86,67.28948262388026,67.28948262388026,0.0,1.89,3.6049,12998.39,0.1703577512776795,momentum,BULL_PULLBACK_OVERRIDE,45.9193117223174,100.0,100.0,65.0,91.64904206510997,33.33333333333333,0.0,71.55110785843988,0.0,2,2,B_pure_quant_vr1.5,True
601375,601375.SH,中原证券,证券,20240926,4.01,77.81839887731576,68.65349467080476,9.164904206510997,2.36,4.2682,9894.82,0.4962779156327658,momentum,BULL_PULLBACK_OVERRIDE,61.93934297935583,100.0,98.9482,65.0,91.64904206510997,33.33333333333333,0.0,63.264781442127216,0.0,1,1,A_recovered_proxy_vr1.2,True
2797,002797.SZ,第一创业,证券,20240926,5.86,76.45438683039126,67.28948262388026,9.164904206510997,1.89,3.6049,12998.39,0.1703577512776795,momentum,BULL_PULLBACK_OVERRIDE,45.9193117223174,100.0,100.0,65.0,91.64904206510997,33.33333333333333,0.0,71.55110785843988,0.0,2,2,A_recovered_proxy_vr1.2,True
601375,601375.SH,中原证券,证券,20240926,4.01,68.65349467080476,68.65349467080476,0.0,2.36,4.2682,9894.82,0.4962779156327658,momentum,BULL_PULLBACK_OVERRIDE,61.93934297935583,100.0,98.9482,65.0,91.64904206510997,33.33333333333333,0.0,63.264781442127216,0.0,1,1,D_pure_quant_vr1.2,True
2797,002797.SZ,第一创业,证券,20240926,5.86,67.28948262388026,67.28948262388026,0.0,1.89,3.6049,12998.39,0.1703577512776795,momentum,BULL_PULLBACK_OVERRIDE,45.9193117223174,100.0,100.0,65.0,91.64904206510997,33.33333333333333,0.0,71.55110785843988,0.0,2,2,D_pure_quant_vr1.2,True
601375,601375.SH,中原证券,证券,20240926,4.01,68.65349467080476,68.65349467080476,0.0,2.36,4.2682,9894.82,0.4962779156327658,momentum,BULL_PULLBACK_OVERRIDE,61.93934297935583,100.0,98.9482,65.0,91.64904206510997,33.33333333333333,0.0,63.264781442127216,0.0,1,1,E_ablate_accel_vr1.2,True
2797,002797.SZ,第一创业,证券,20240926,5.86,67.28948262388026,67.28948262388026,0.0,1.89,3.6049,12998.39,0.1703577512776795,momentum,BULL_PULLBACK_OVERRIDE,45.9193117223174,100.0,100.0,65.0,91.64904206510997,33.33333333333333,0.0,71.55110785843988,0.0,2,2,E_ablate_accel_vr1.2,True
2456,002456.SZ,欧菲光,元器件,20240927,9.05,74.35895871721495,65.46535693730968,8.893601779905273,1.86,9.3649,12537.37,1.6304347826086802,momentum,BULL_PULLBACK_OVERRIDE,44.76513106666534,100.0,100.0,80.0,88.93601779905273,30.0,0.0,54.63383717499328,0.0,1,1,A_recovered_proxy_vr1.5,True
988,000988.SZ,华工科技,专用机械,20240927,32.06,70.62325157128998,63.85742249459802,6.765829076691968,2.11,3.7061,16986.05,0.8044554455445483,momentum,BULL_PULLBACK_OVERRIDE,53.86214994662302,100.0,100.0,65.0,67.65829076691968,30.0,0.0,74.96441849220628,0.0,2,2,A_recovered_proxy_vr1.5,True
2456,002456.SZ,欧菲光,元器件,20240927,9.05,65.46535693730968,65.46535693730968,0.0,1.86,9.3649,12537.37,1.6304347826086802,momentum,BULL_PULLBACK_OVERRIDE,44.76513106666534,100.0,100.0,80.0,88.93601779905273,30.0,0.0,54.63383717499328,0.0,1,1,B_pure_quant_vr1.5,True
2456,002456.SZ,欧菲光,元器件,20240927,9.05,74.77230692518218,65.74092240928783,9.031384515894349,1.86,9.3649,12537.37,1.6304347826086802,momentum,BULL_PULLBACK_OVERRIDE,44.76513106666534,100.0,100.0,80.0,90.31384515894348,30.0,0.0,54.63383717499328,0.0,1,1,A_recovered_proxy_vr1.2,True
2222,002222.SZ,福晶科技,元器件,20240927,24.42,68.4203255467624,59.38894103086805,9.031384515894349,1.62,4.9935,7582.85,1.133603238866387,momentum,BULL_PULLBACK_OVERRIDE,34.799690655495006,100.0,75.8285,40.0,90.31384515894348,30.0,0.0,74.40518400755107,0.0,2,2,A_recovered_proxy_vr1.2,True
2456,002456.SZ,欧菲光,元器件,20240927,9.05,65.74092240928783,65.74092240928783,0.0,1.86,9.3649,12537.37,1.6304347826086802,momentum,BULL_PULLBACK_OVERRIDE,44.76513106666534,100.0,100.0,80.0,90.31384515894348,30.0,0.0,54.63383717499328,0.0,1,1,D_pure_quant_vr1.2,True
2456,002456.SZ,欧菲光,元器件,20240927,9.05,65.74092240928783,65.74092240928783,0.0,1.86,9.3649,12537.37,1.6304347826086802,momentum,BULL_PULLBACK_OVERRIDE,44.76513106666534,100.0,100.0,80.0,90.31384515894348,30.0,0.0,54.63383717499328,0.0,1,1,E_ablate_accel_vr1.2,True
600418,600418.SH,江淮汽车,汽车整车,20241009,29.08,76.82369145020591,67.06214580281281,9.761545647393106,1.59,11.0723,44590.74,4.184514003294903,momentum,BULL_TREND,33.45133827548153,92.89291598023058,100.0,60.0,97.61545647393106,33.33333333333333,100.0,35.65395502014641,0.0,1,1,A_recovered_proxy_vr1.5,True
600099,600099.SH,林海股份,汽车整车,20241009,9.52,58.351058000740544,48.58951235334744,9.761545647393106,1.71,10.2676,410.01,3.8383838383838462,momentum,BULL_TREND,38.69981625555866,94.96969696969693,4.1001,60.0,97.61545647393106,33.33333333333333,100.0,32.77792256591064,0.0,2,2,A_recovered_proxy_vr1.5,True
605128,605128.SH,上海沿浦,汽车配件,20241009,36.95,47.60667417147606,47.60667417147606,0.0,2.0,5.4413,2453.86,4.001039230969081,momentum,BULL_TREND,50.0,93.99376461418552,24.5386,100.0,46.14864823342173,33.33333333333333,100.0,49.031813967064906,0.0,3,3,A_recovered_proxy_vr1.5,True
600418,600418.SH,江淮汽车,汽车整车,20241009,29.08,67.06214580281281,67.06214580281281,0.0,1.59,11.0723,44590.74,4.184514003294903,momentum,BULL_TREND,33.45133827548153,92.89291598023058,100.0,60.0,97.61545647393106,33.33333333333333,100.0,35.65395502014641,0.0,1,1,B_pure_quant_vr1.5,True
600099,600099.SH,林海股份,汽车整车,20241009,9.52,48.58951235334744,48.58951235334744,0.0,1.71,10.2676,410.01,3.8383838383838462,momentum,BULL_TREND,38.69981625555866,94.96969696969693,4.1001,60.0,97.61545647393106,33.33333333333333,100.0,32.77792256591064,0.0,2,2,B_pure_quant_vr1.5,True
605128,605128.SH,上海沿浦,汽车配件,20241009,36.95,47.60667417147606,47.60667417147606,0.0,2.0,5.4413,2453.86,4.001039230969081,momentum,BULL_TREND,50.0,93.99376461418552,24.5386,100.0,46.14864823342173,33.33333333333333,100.0,49.031813967064906,0.0,3,3,B_pure_quant_vr1.5,True
600418,600418.SH,江淮汽车,汽车整车,20241009,29.08,76.82369145020591,67.06214580281281,9.761545647393106,1.59,11.0723,44590.74,4.184514003294903,momentum,BULL_TREND,33.45133827548153,92.89291598023058,100.0,60.0,97.61545647393106,33.33333333333333,100.0,35.65395502014641,0.0,1,1,A_recovered_proxy_vr1.2,True
600895,600895.SH,张江高科,园区开发,20241009,27.56,71.19011643369626,62.49032418637658,8.699792247319678,1.49,11.5367,34943.42,4.6036690896504044,momentum,BULL_TREND,28.76561653437184,90.37798546209756,100.0,60.0,86.99792247319678,33.33333333333333,100.0,20.7143199870503,0.0,2,2,A_recovered_proxy_vr1.2,True
600099,600099.SH,林海股份,汽车整车,20241009,9.52,58.351058000740544,48.58951235334744,9.761545647393106,1.71,10.2676,410.01,3.8383838383838462,momentum,BULL_TREND,38.69981625555866,94.96969696969693,4.1001,60.0,97.61545647393106,33.33333333333333,100.0,32.77792256591064,0.0,3,3,A_recovered_proxy_vr1.2,True
600418,600418.SH,江淮汽车,汽车整车,20241009,29.08,67.06214580281281,67.06214580281281,0.0,1.59,11.0723,44590.74,4.184514003294903,momentum,BULL_TREND,33.45133827548153,92.89291598023058,100.0,60.0,97.61545647393106,33.33333333333333,100.0,35.65395502014641,0.0,1,1,D_pure_quant_vr1.2,True
600895,600895.SH,张江高科,园区开发,20241009,27.56,62.49032418637658,62.49032418637658,0.0,1.49,11.5367,34943.42,4.6036690896504044,momentum,BULL_TREND,28.76561653437184,90.37798546209756,100.0,60.0,86.99792247319678,33.33333333333333,100.0,20.7143199870503,0.0,2,2,D_pure_quant_vr1.2,True
600099,600099.SH,林海股份,汽车整车,20241009,9.52,48.58951235334744,48.58951235334744,0.0,1.71,10.2676,410.01,3.8383838383838462,momentum,BULL_TREND,38.69981625555866,94.96969696969693,4.1001,60.0,97.61545647393106,33.33333333333333,100.0,32.77792256591064,0.0,3,3,D_pure_quant_vr1.2,True
600418,600418.SH,江淮汽车,汽车整车,20241009,29.08,47.5390545080266,47.5390545080266,0.0,1.59,11.0723,44590.74,4.184514003294903,momentum,BULL_TREND,33.45133827548153,92.89291598023058,100.0,60.0,97.61545647393106,33.33333333333333,100.0,35.65395502014641,0.0,1,1,E_ablate_sector_vr1.2,True
600895,600895.SH,张江高科,园区开发,20241009,27.56,45.09073969173723,45.09073969173723,0.0,1.49,11.5367,34943.42,4.6036690896504044,momentum,BULL_TREND,28.76561653437184,90.37798546209756,100.0,60.0,86.99792247319678,33.33333333333333,100.0,20.7143199870503,0.0,2,2,E_ablate_sector_vr1.2,True
600099,600099.SH,林海股份,汽车整车,20241009,9.52,47.421302151693055,47.421302151693055,0.0,1.71,10.2676,410.01,3.8383838383838462,momentum,BULL_TREND,38.69981625555866,94.96969696969693,4.1001,60.0,95.87450546565915,33.33333333333333,100.0,32.77792256591064,0.0,1,1,E_ablate_inflow_vr1.2,True
600418,600418.SH,江淮汽车,汽车整车,20241009,29.08,46.71395560115843,46.71395560115843,0.0,1.59,11.0723,44590.74,4.184514003294903,momentum,BULL_TREND,33.45133827548153,92.89291598023058,100.0,60.0,95.87450546565915,33.33333333333333,100.0,35.65395502014641,0.0,2,2,E_ablate_inflow_vr1.2,True
600418,600418.SH,江淮汽车,汽车整车,20241009,29.08,63.49675030079817,63.49675030079817,0.0,1.59,11.0723,44590.74,4.184514003294903,momentum,BULL_TREND,33.45133827548153,92.89291598023058,100.0,60.0,97.61545647393106,33.33333333333333,100.0,35.65395502014641,0.0,1,1,E_ablate_wyckoff_vr1.2,True
600895,600895.SH,张江高科,园区开发,20241009,27.56,60.41889218767155,60.41889218767155,0.0,1.49,11.5367,34943.42,4.6036690896504044,momentum,BULL_TREND,28.76561653437184,90.37798546209756,100.0,60.0,86.99792247319678,33.33333333333333,100.0,20.7143199870503,0.0,2,2,E_ablate_wyckoff_vr1.2,True
600099,600099.SH,林海股份,汽车整车,20241009,9.52,45.31172009675637,45.31172009675637,0.0,1.71,10.2676,410.01,3.8383838383838462,momentum,BULL_TREND,38.69981625555866,94.96969696969693,4.1001,60.0,97.61545647393106,33.33333333333333,100.0,32.77792256591064,0.0,3,3,E_ablate_wyckoff_vr1.2,True
600418,600418.SH,江淮汽车,汽车整车,20241009,29.08,67.06214580281281,67.06214580281281,0.0,1.59,11.0723,44590.74,4.184514003294903,momentum,BULL_TREND,33.45133827548153,92.89291598023058,100.0,60.0,97.61545647393106,33.33333333333333,100.0,35.65395502014641,0.0,1,1,E_ablate_accel_vr1.2,True
600895,600895.SH,张江高科,园区开发,20241009,27.56,62.49032418637658,62.49032418637658,0.0,1.49,11.5367,34943.42,4.6036690896504044,momentum,BULL_TREND,28.76561653437184,90.37798546209756,100.0,60.0,86.99792247319678,33.33333333333333,100.0,20.7143199870503,0.0,2,2,E_ablate_accel_vr1.2,True
600099,600099.SH,林海股份,汽车整车,20241009,9.52,48.58951235334744,48.58951235334744,0.0,1.71,10.2676,410.01,3.8383838383838462,momentum,BULL_TREND,38.69981625555866,94.96969696969693,4.1001,60.0,97.61545647393106,33.33333333333333,100.0,32.77792256591064,0.0,3,3,E_ablate_accel_vr1.2,True
2563,002563.SZ,森马服饰,服饰,20241010,6.74,71.01559558246456,61.065077467062736,9.95051811540182,1.54,3.4103,9548.44,4.261363636363634,momentum,BULL_TREND,31.146517546008837,92.4318181818182,95.4844,80.0,99.5051811540182,10.0,0.0,36.52001786175949,0.0,1,1,A_recovered_proxy_vr1.5,True
2563,002563.SZ,森马服饰,服饰,20241010,6.74,61.065077467062736,61.065077467062736,0.0,1.54,3.4103,9548.44,4.261363636363634,momentum,BULL_TREND,31.146517546008837,92.4318181818182,95.4844,80.0,99.5051811540182,10.0,0.0,36.52001786175949,0.0,1,1,B_pure_quant_vr1.5,True
2563,002563.SZ,森马服饰,服饰,20241010,6.74,66.35818437750181,57.96013666375424,8.398047713747571,1.54,3.4103,9548.44,4.261363636363634,momentum,BULL_TREND,31.146517546008837,92.4318181818182,95.4844,80.0,83.9804771374757,10.0,0.0,36.52001786175949,0.0,1,1,A_recovered_proxy_vr1.2,True
2563,002563.SZ,森马服饰,服饰,20241010,6.74,57.96013666375424,57.96013666375424,0.0,1.54,3.4103,9548.44,4.261363636363634,momentum,BULL_TREND,31.146517546008837,92.4318181818182,95.4844,80.0,83.9804771374757,10.0,0.0,36.52001786175949,0.0,1,1,D_pure_quant_vr1.2,True
2563,002563.SZ,森马服饰,服饰,20241010,6.74,54.30813487757829,54.30813487757829,0.0,1.54,3.4103,9548.44,4.261363636363634,momentum,BULL_TREND,31.146517546008837,92.4318181818182,95.4844,80.0,83.9804771374757,10.0,0.0,36.52001786175949,0.0,1,1,E_ablate_wyckoff_vr1.2,True
2563,002563.SZ,森马服饰,服饰,20241010,6.74,57.96013666375424,57.96013666375424,0.0,1.54,3.4103,9548.44,4.261363636363634,momentum,BULL_TREND,31.146517546008837,92.4318181818182,95.4844,80.0,83.9804771374757,10.0,0.0,36.52001786175949,0.0,1,1,E_ablate_accel_vr1.2,True
2443,002443.SZ,金洲管道,钢加工,20241011,6.84,64.41117737450615,55.82150459729232,8.58967277721383,1.26,10.8746,6733.02,4.735376044568243,momentum,BULL_TREND,16.67118668625959,89.58774373259054,67.3302,60.0,85.89672777213829,33.33333333333333,100.0,40.5,0.0,1,1,A_recovered_proxy_vr1.2,True
2443,002443.SZ,金洲管道,钢加工,20241011,6.84,55.82150459729232,55.82150459729232,0.0,1.26,10.8746,6733.02,4.735376044568243,momentum,BULL_TREND,16.67118668625959,89.58774373259054,67.3302,60.0,85.89672777213829,33.33333333333333,100.0,40.5,0.0,1,1,D_pure_quant_vr1.2,True
2443,002443.SZ,金洲管道,钢加工,20241011,6.84,51.77150459729232,51.77150459729232,0.0,1.26,10.8746,6733.02,4.735376044568243,momentum,BULL_TREND,16.67118668625959,89.58774373259054,67.3302,60.0,85.89672777213829,33.33333333333333,100.0,40.5,0.0,1,1,E_ablate_wyckoff_vr1.2,True
2443,002443.SZ,金洲管道,钢加工,20241011,6.84,55.82150459729232,55.82150459729232,0.0,1.26,10.8746,6733.02,4.735376044568243,momentum,BULL_TREND,16.67118668625959,89.58774373259054,67.3302,60.0,85.89672777213829,33.33333333333333,100.0,40.5,0.0,1,1,E_ablate_accel_vr1.2,True
701,000701.SZ,厦门信达,商贸代理,20241015,4.44,60.24097466534478,50.24097466534478,10.0,1.73,9.0382,2893.25,7.499999999999988,weak_momentum,BULL_TREND,39.5386018931,100.0,28.9325,60.0,100.0,20.0,100.0,20.682229209198532,0.0,1,1,A_recovered_proxy_vr1.5,True
701,000701.SZ,厦门信达,商贸代理,20241015,4.44,50.24097466534478,50.24097466534478,0.0,1.73,9.0382,2893.25,7.499999999999988,weak_momentum,BULL_TREND,39.5386018931,100.0,28.9325,60.0,100.0,20.0,100.0,20.682229209198532,0.0,1,1,B_pure_quant_vr1.5,True
2085,002085.SZ,万丰奥威,汽车配件,20241015,14.89,65.15172017030783,57.36196289364351,7.789757276664317,1.32,11.5575,27363.8,10.516826923076923,weak_momentum,BULL_TREND,20.02689647918644,100.0,100.0,60.0,77.89757276664317,20.0,100.0,24.4886167117938,0.0,1,1,A_recovered_proxy_vr1.2,True
701,000701.SZ,厦门信达,商贸代理,20241015,4.44,48.86117124537388,43.41309261336224,5.448078632011639,1.73,9.0382,2893.25,7.499999999999988,weak_momentum,BULL_TREND,39.5386018931,100.0,28.9325,60.0,54.48078632011639,20.0,100.0,20.682229209198532,0.0,2,2,A_recovered_proxy_vr1.2,True
2085,002085.SZ,万丰奥威,汽车配件,20241015,14.89,57.36196289364351,57.36196289364351,0.0,1.32,11.5575,27363.8,10.516826923076923,weak_momentum,BULL_TREND,20.02689647918644,100.0,100.0,60.0,77.89757276664317,20.0,100.0,24.4886167117938,0.0,1,1,D_pure_quant_vr1.2,True
2085,002085.SZ,万丰奥威,汽车配件,20241015,14.89,45.67732697864704,45.67732697864704,0.0,1.32,11.5575,27363.8,10.516826923076923,weak_momentum,BULL_TREND,20.02689647918644,100.0,100.0,60.0,77.89757276664317,20.0,100.0,24.4886167117938,0.0,1,1,E_ablate_sector_vr1.2,True
2565,002565.SZ,顺灏股份,造纸,20241015,2.98,45.46801279694561,45.46801279694561,0.0,2.75,11.9837,-2086.42,10.240963855421684,weak_momentum,BULL_TREND,72.97158093186486,100.0,0.0,60.0,49.648504381105845,20.0,100.0,40.5,0.0,1,1,E_ablate_inflow_vr1.2,True
2085,002085.SZ,万丰奥威,汽车配件,20241015,14.89,53.68867038687444,53.68867038687444,0.0,1.32,11.5575,27363.8,10.516826923076923,weak_momentum,BULL_TREND,20.02689647918644,100.0,100.0,60.0,77.89757276664317,20.0,100.0,24.4886167117938,0.0,1,1,E_ablate_wyckoff_vr1.2,True
2085,002085.SZ,万丰奥威,汽车配件,20241015,14.89,57.36196289364351,57.36196289364351,0.0,1.32,11.5575,27363.8,10.516826923076923,weak_momentum,BULL_TREND,20.02689647918644,100.0,100.0,60.0,77.89757276664317,20.0,100.0,24.4886167117938,0.0,1,1,E_ablate_accel_vr1.2,True
2043,002043.SZ,兔宝宝,其他建材,20241016,11.89,60.96919012695199,52.83988368363863,8.129306443313352,1.58,4.1089,4996.27,10.331825037707384,bear,BULL_TREND,32.99622792011891,100.0,49.962700000000005,80.0,81.29306443313351,0.0,0.0,18.26024896868704,0.0,1,1,A_recovered_proxy_vr1.5,True
2043,002043.SZ,兔宝宝,其他建材,20241016,11.89,52.83988368363863,52.83988368363863,0.0,1.58,4.1089,4996.27,10.331825037707384,bear,BULL_TREND,32.99622792011891,100.0,49.962700000000005,80.0,81.29306443313351,0.0,0.0,18.26024896868704,0.0,1,1,B_pure_quant_vr1.5,True
600369,600369.SH,西南证券,证券,20241016,4.65,59.12961454693742,51.99918053170329,7.130434015234132,1.2,3.3483,12176.61,15.30054644808743,bear,BULL_TREND,13.151720291689688,96.9945355191257,100.0,80.0,71.30434015234131,10.0,0.0,13.927943587272525,0.0,1,1,A_recovered_proxy_vr1.2,True
600331,600331.SH,宏达股份,农药化肥,20241016,7.11,57.17770304986061,51.17726999932828,6.00043305053232,1.23,3.1457,11306.09,9.195402298850572,bear,BULL_TREND,14.93291577822576,100.0,100.0,80.0,60.0043305053232,33.33333333333333,0.0,8.53926904711222,0.0,2,2,A_recovered_proxy_vr1.2,True
2155,002155.SZ,湖南黄金,黄金,20241016,16.52,52.85250887038249,52.85250887038249,0.0,1.23,5.472,13063.34,14.270887389724962,bear,BULL_TREND,14.93291577822576,100.0,100.0,100.0,57.90355882515536,33.33333333333333,0.0,18.45889090610715,0.0,3,3,A_recovered_proxy_vr1.2,True
2155,002155.SZ,湖南黄金,黄金,20241016,16.52,52.85250887038249,52.85250887038249,0.0,1.23,5.472,13063.34,14.270887389724962,bear,BULL_TREND,14.93291577822576,100.0,100.0,100.0,57.90355882515536,33.33333333333333,0.0,18.45889090610715,0.0,1,1,D_pure_quant_vr1.2,True
600369,600369.SH,西南证券,证券,20241016,4.65,51.99918053170329,51.99918053170329,0.0,1.2,3.3483,12176.61,15.30054644808743,bear,BULL_TREND,13.151720291689688,96.9945355191257,100.0,80.0,71.30434015234131,10.0,0.0,13.927943587272525,0.0,2,2,D_pure_quant_vr1.2,True
600331,600331.SH,宏达股份,农药化肥,20241016,7.11,51.17726999932828,51.17726999932828,0.0,1.23,3.1457,11306.09,9.195402298850572,bear,BULL_TREND,14.93291577822576,100.0,100.0,80.0,60.0043305053232,33.33333333333333,0.0,8.53926904711222,0.0,3,3,D_pure_quant_vr1.2,True
2155,002155.SZ,湖南黄金,黄金,20241016,16.52,50.63744196164964,50.63744196164964,0.0,1.23,5.472,13063.34,14.270887389724962,bear,BULL_TREND,14.93291577822576,100.0,100.0,100.0,57.90355882515536,33.33333333333333,0.0,18.45889090610715,0.0,1,1,E_ablate_wyckoff_vr1.2,True
600369,600369.SH,西南证券,证券,20241016,4.65,50.327827301230585,50.327827301230585,0.0,1.2,3.3483,12176.61,15.30054644808743,bear,BULL_TREND,13.151720291689688,96.9945355191257,100.0,80.0,71.30434015234131,10.0,0.0,13.927943587272525,0.0,2,2,E_ablate_wyckoff_vr1.2,True
600331,600331.SH,宏达股份,农药化肥,20241016,7.11,50.15255771367481,50.15255771367481,0.0,1.23,3.1457,11306.09,9.195402298850572,bear,BULL_TREND,14.93291577822576,100.0,100.0,80.0,60.0043305053232,33.33333333333333,0.0,8.53926904711222,0.0,3,3,E_ablate_wyckoff_vr1.2,True
2155,002155.SZ,湖南黄金,黄金,20241016,16.52,52.85250887038249,52.85250887038249,0.0,1.23,5.472,13063.34,14.270887389724962,bear,BULL_TREND,14.93291577822576,100.0,100.0,100.0,57.90355882515536,33.33333333333333,0.0,18.45889090610715,0.0,1,1,E_ablate_accel_vr1.2,True
600369,600369.SH,西南证券,证券,20241016,4.65,51.99918053170329,51.99918053170329,0.0,1.2,3.3483,12176.61,15.30054644808743,bear,BULL_TREND,13.151720291689688,96.9945355191257,100.0,80.0,71.30434015234131,10.0,0.0,13.927943587272525,0.0,2,2,E_ablate_accel_vr1.2,True
600331,600331.SH,宏达股份,农药化肥,20241016,7.11,51.17726999932828,51.17726999932828,0.0,1.23,3.1457,11306.09,9.195402298850572,bear,BULL_TREND,14.93291577822576,100.0,100.0,80.0,60.0043305053232,33.33333333333333,0.0,8.53926904711222,0.0,3,3,E_ablate_accel_vr1.2,True
600189,600189.SH,泉阳泉,软饮料,20241017,8.35,60.46500432049479,55.15032450032297,5.314679820171827,1.96,4.7209,5390.76,13.828689370485035,bear,BULL_TREND,48.54268271702418,100.0,53.9076,80.0,53.14679820171827,10.0,100.0,13.583354769332551,0.0,1,1,A_recovered_proxy_vr1.5,True
600463,600463.SH,空港股份,园区开发,20241017,12.06,46.91681268898815,46.91681268898815,0.0,1.63,9.4933,1222.2,10.732790525536634,bear,BULL_TREND,35.24359822281764,100.0,12.222,60.0,51.35498497756623,66.66666666666666,100.0,10.5,0.0,2,2,A_recovered_proxy_vr1.5,True
600189,600189.SH,泉阳泉,软饮料,20241017,8.35,55.15032450032297,55.15032450032297,0.0,1.96,4.7209,5390.76,13.828689370485035,bear,BULL_TREND,48.54268271702418,100.0,53.9076,80.0,53.14679820171827,10.0,100.0,13.583354769332551,0.0,1,1,B_pure_quant_vr1.5,True
600463,600463.SH,空港股份,园区开发,20241017,12.06,46.91681268898815,46.91681268898815,0.0,1.63,9.4933,1222.2,10.732790525536634,bear,BULL_TREND,35.24359822281764,100.0,12.222,60.0,51.35498497756623,66.66666666666666,100.0,10.5,0.0,2,2,B_pure_quant_vr1.5,True
2230,002230.SZ,科大讯飞,软件服务,20241017,44.4,62.38172057800218,54.627077738816176,7.754642839186005,1.35,3.6553,40225.23,11.447945751894698,bear,BULL_TREND,21.647970363805317,100.0,100.0,40.0,77.54642839186005,0.0,87.752,0.0,0.0,1,1,A_recovered_proxy_vr1.2,True
600189,600189.SH,泉阳泉,软饮料,20241017,8.35,54.89012960931299,54.89012960931299,0.0,1.96,4.7209,5390.76,13.828689370485035,bear,BULL_TREND,48.54268271702418,100.0,53.9076,80.0,51.41216559498514,10.0,100.0,13.583354769332551,0.0,2,2,A_recovered_proxy_vr1.2,True
2269,002269.SZ,美邦服饰,服饰,20241017,1.58,50.05515421199992,50.05515421199992,0.0,1.37,6.7572,8480.07,15.053763440860216,bear,BULL_TREND,22.708794659290103,99.46236559139784,84.80069999999999,100.0,38.41023304565714,30.0,87.996,0.0,0.0,3,3,A_recovered_proxy_vr1.2,True
600189,600189.SH,泉阳泉,软饮料,20241017,8.35,54.89012960931299,54.89012960931299,0.0,1.96,4.7209,5390.76,13.828689370485035,bear,BULL_TREND,48.54268271702418,100.0,53.9076,80.0,51.41216559498514,10.0,100.0,13.583354769332551,0.0,1,1,D_pure_quant_vr1.2,True
2230,002230.SZ,科大讯飞,软件服务,20241017,44.4,54.627077738816176,54.627077738816176,0.0,1.35,3.6553,40225.23,11.447945751894698,bear,BULL_TREND,21.647970363805317,100.0,100.0,40.0,77.54642839186005,0.0,87.752,0.0,0.0,2,2,D_pure_quant_vr1.2,True
2269,002269.SZ,美邦服饰,服饰,20241017,1.58,50.05515421199992,50.05515421199992,0.0,1.37,6.7572,8480.07,15.053763440860216,bear,BULL_TREND,22.708794659290103,99.46236559139784,84.80069999999999,100.0,38.41023304565714,30.0,87.996,0.0,0.0,3,3,D_pure_quant_vr1.2,True
600189,600189.SH,泉阳泉,软饮料,20241017,8.35,47.178304770065225,47.178304770065225,0.0,1.96,4.7209,5390.76,13.828689370485035,bear,BULL_TREND,48.54268271702418,100.0,53.9076,80.0,51.41216559498514,10.0,100.0,13.583354769332551,0.0,1,1,E_ablate_sector_vr1.2,True
600189,600189.SH,泉阳泉,软饮料,20241017,8.35,48.421217609313,48.421217609313,0.0,1.96,4.7209,5390.76,13.828689370485035,bear,BULL_TREND,48.54268271702418,100.0,53.9076,80.0,51.41216559498514,10.0,100.0,13.583354769332551,0.0,1,1,E_ablate_inflow_vr1.2,True
600463,600463.SH,空港股份,园区开发,20241017,12.06,45.39118097060477,45.39118097060477,0.0,1.63,9.4933,1222.2,10.732790525536634,bear,BULL_TREND,35.24359822281764,100.0,12.222,60.0,50.96170685501038,66.66666666666666,100.0,10.5,0.0,2,2,E_ablate_inflow_vr1.2,True
2230,002230.SZ,科大讯飞,软件服务,20241017,44.4,54.627077738816176,54.627077738816176,0.0,1.35,3.6553,40225.23,11.447945751894698,bear,BULL_TREND,21.647970363805317,100.0,100.0,40.0,77.54642839186005,0.0,87.752,0.0,0.0,1,1,E_ablate_wyckoff_vr1.2,True
600189,600189.SH,泉阳泉,软饮料,20241017,8.35,53.26012703699309,53.26012703699309,0.0,1.96,4.7209,5390.76,13.828689370485035,bear,BULL_TREND,48.54268271702418,100.0,53.9076,80.0,51.41216559498514,10.0,100.0,13.583354769332551,0.0,2,2,E_ablate_wyckoff_vr1.2,True
2269,002269.SZ,美邦服饰,服饰,20241017,1.58,50.05515421199992,50.05515421199992,0.0,1.37,6.7572,8480.07,15.053763440860216,bear,BULL_TREND,22.708794659290103,99.46236559139784,84.80069999999999,100.0,38.41023304565714,30.0,87.996,0.0,0.0,3,3,E_ablate_wyckoff_vr1.2,True
600189,600189.SH,泉阳泉,软饮料,20241017,8.35,54.89012960931299,54.89012960931299,0.0,1.96,4.7209,5390.76,13.828689370485035,bear,BULL_TREND,48.54268271702418,100.0,53.9076,80.0,51.41216559498514,10.0,100.0,13.583354769332551,0.0,1,1,E_ablate_accel_vr1.2,True
2230,002230.SZ,科大讯飞,软件服务,20241017,44.4,54.627077738816176,54.627077738816176,0.0,1.35,3.6553,40225.23,11.447945751894698,bear,BULL_TREND,21.647970363805317,100.0,100.0,40.0,77.54642839186005,0.0,87.752,0.0,0.0,2,2,E_ablate_accel_vr1.2,True
2269,002269.SZ,美邦服饰,服饰,20241017,1.58,50.05515421199992,50.05515421199992,0.0,1.37,6.7572,8480.07,15.053763440860216,bear,BULL_TREND,22.708794659290103,99.46236559139784,84.80069999999999,100.0,38.41023304565714,30.0,87.996,0.0,0.0,3,3,E_ablate_accel_vr1.2,True
603220,603220.SH,中贝通信,通信设备,20241018,23.29,63.69098158206325,54.77781619740717,8.91316538465608,1.52,9.8491,12628.65,5.093724531377343,weak_momentum,BULL_TREND,30.203566183443044,100.0,100.0,80.0,89.1316538465608,20.0,0.0,12.516887952710626,0.0,1,1,A_recovered_proxy_vr1.5,True
63,000063.SZ,中兴通讯,通信设备,20241018,30.88,59.67013221704888,50.75696683239279,8.91316538465608,1.5,4.2503,84290.92,9.8920338488474,weak_momentum,BULL_TREND,29.24812503605781,100.0,100.0,40.0,89.1316538465608,20.0,0.0,0.0,0.0,2,2,A_recovered_proxy_vr1.5,True
600498,600498.SH,烽火通信,通信设备,20241018,17.0,58.30152873426,49.38836334960392,8.91316538465608,1.73,3.2956,7880.62,9.957627118644064,weak_momentum,BULL_TREND,39.5386018931,100.0,78.8062,40.0,89.1316538465608,20.0,0.0,6.018059924365375,0.0,3,3,A_recovered_proxy_vr1.5,True
2230,002230.SZ,科大讯飞,软件服务,20241018,45.83,55.486335438147975,55.486335438147975,0.0,2.01,5.1673,52227.06,8.595931392102118,weak_momentum,BULL_TREND,50.35977507021019,100.0,100.0,100.0,64.29876610988867,20.0,0.0,15.250361740887644,0.0,1,1,B_pure_quant_vr1.5,True
603220,603220.SH,中贝通信,通信设备,20241018,23.29,54.77781619740717,54.77781619740717,0.0,1.52,9.8491,12628.65,5.093724531377343,weak_momentum,BULL_TREND,30.203566183443044,100.0,100.0,80.0,89.1316538465608,20.0,0.0,12.516887952710626,0.0,2,2,B_pure_quant_vr1.5,True
600552,600552.SH,凯盛科技,元器件,20241018,12.83,54.52462513826588,54.52462513826588,0.0,1.61,11.0646,11367.32,7.230657989877079,weak_momentum,BULL_TREND,34.35303441699462,100.0,100.0,80.0,69.75557761588904,66.66666666666666,0.0,10.5,0.0,3,3,B_pure_quant_vr1.5,True
600552,600552.SH,凯盛科技,元器件,20241018,12.83,66.52195157002134,57.937686340365815,8.584265229655527,1.61,11.0646,11367.32,7.230657989877079,weak_momentum,BULL_TREND,34.35303441699462,100.0,100.0,100.0,85.84265229655526,66.66666666666666,0.0,10.5,0.0,1,1,A_recovered_proxy_vr1.2,True
2241,002241.SZ,歌尔股份,元器件,20241018,22.5,63.49078898833575,54.90652375868022,8.584265229655527,1.68,4.1411,49376.68,9.783480352846835,weak_momentum,BULL_TREND,37.42306165020178,100.0,100.0,65.0,85.84265229655526,63.33333333333333,0.0,0.0,0.0,2,2,A_recovered_proxy_vr1.2,True
2600,002600.SZ,领益智造,元器件,20241018,8.44,63.35184394396819,54.76757871431266,8.584265229655527,1.4,8.0789,72571.61,4.954954954954969,weak_momentum,BULL_TREND,24.27134135851208,100.0,100.0,80.0,85.84265229655526,20.0,0.0,21.66986444035044,0.0,3,3,A_recovered_proxy_vr1.2,True
600552,600552.SH,凯盛科技,元器件,20241018,12.83,57.937686340365815,57.937686340365815,0.0,1.61,11.0646,11367.32,7.230657989877079,weak_momentum,BULL_TREND,34.35303441699462,100.0,100.0,100.0,85.84265229655526,66.66666666666666,0.0,10.5,0.0,1,1,D_pure_quant_vr1.2,True
2241,002241.SZ,歌尔股份,元器件,20241018,22.5,54.90652375868022,54.90652375868022,0.0,1.68,4.1411,49376.68,9.783480352846835,weak_momentum,BULL_TREND,37.42306165020178,100.0,100.0,65.0,85.84265229655526,63.33333333333333,0.0,0.0,0.0,2,2,D_pure_quant_vr1.2,True
2600,002600.SZ,领益智造,元器件,20241018,8.44,54.76757871431266,54.76757871431266,0.0,1.4,8.0789,72571.61,4.954954954954969,weak_momentum,BULL_TREND,24.27134135851208,100.0,100.0,80.0,85.84265229655526,20.0,0.0,21.66986444035044,0.0,3,3,D_pure_quant_vr1.2,True
600552,600552.SH,凯盛科技,元器件,20241018,12.83,45.06128849588252,45.06128849588252,0.0,1.61,11.0646,11367.32,7.230657989877079,weak_momentum,BULL_TREND,34.35303441699462,100.0,100.0,100.0,85.84265229655526,66.66666666666666,0.0,10.5,0.0,1,1,E_ablate_sector_vr1.2,True
600552,600552.SH,凯盛科技,元器件,20241018,12.83,56.36268634036581,56.36268634036581,0.0,1.61,11.0646,11367.32,7.230657989877079,weak_momentum,BULL_TREND,34.35303441699462,100.0,100.0,100.0,85.84265229655526,66.66666666666666,0.0,10.5,0.0,1,1,E_ablate_wyckoff_vr1.2,True
2241,002241.SZ,歌尔股份,元器件,20241018,22.5,54.90652375868022,54.90652375868022,0.0,1.68,4.1411,49376.68,9.783480352846835,weak_momentum,BULL_TREND,37.42306165020178,100.0,100.0,65.0,85.84265229655526,63.33333333333333,0.0,0.0,0.0,2,2,E_ablate_wyckoff_vr1.2,True
2600,002600.SZ,领益智造,元器件,20241018,8.44,51.5170990482601,51.5170990482601,0.0,1.4,8.0789,72571.61,4.954954954954969,weak_momentum,BULL_TREND,24.27134135851208,100.0,100.0,80.0,85.84265229655526,20.0,0.0,21.66986444035044,0.0,3,3,E_ablate_wyckoff_vr1.2,True
600552,600552.SH,凯盛科技,元器件,20241018,12.83,57.937686340365815,57.937686340365815,0.0,1.61,11.0646,11367.32,7.230657989877079,weak_momentum,BULL_TREND,34.35303441699462,100.0,100.0,100.0,85.84265229655526,66.66666666666666,0.0,10.5,0.0,1,1,E_ablate_accel_vr1.2,True
2241,002241.SZ,歌尔股份,元器件,20241018,22.5,54.90652375868022,54.90652375868022,0.0,1.68,4.1411,49376.68,9.783480352846835,weak_momentum,BULL_TREND,37.42306165020178,100.0,100.0,65.0,85.84265229655526,63.33333333333333,0.0,0.0,0.0,2,2,E_ablate_accel_vr1.2,True
2600,002600.SZ,领益智造,元器件,20241018,8.44,54.76757871431266,54.76757871431266,0.0,1.4,8.0789,72571.61,4.954954954954969,weak_momentum,BULL_TREND,24.27134135851208,100.0,100.0,80.0,85.84265229655526,20.0,0.0,21.66986444035044,0.0,3,3,E_ablate_accel_vr1.2,True
600246,600246.SH,万通发展,区域地产,20241021,8.77,65.4624205535693,58.80130069311916,6.661119860450144,2.22,7.1967,18734.08,4.673913043478258,weak_momentum,BULL_TREND,57.52798382876907,100.0,100.0,100.0,66.61119860450144,0.0,0.0,34.53615552085722,0.0,1,1,A_recovered_proxy_vr1.5,True
600703,600703.SH,三安光电,半导体,20241021,13.38,61.65478099987434,53.71530073052488,7.939480269349461,2.13,3.1852,9529.27,7.340720221606639,weak_momentum,BULL_TREND,54.54267152255567,100.0,95.2927,40.0,79.39480269349461,10.0,0.0,13.146623987448905,0.0,2,2,A_recovered_proxy_vr1.5,True
2167,002167.SZ,东方锆业,小金属,20241021,6.33,59.213842286799455,52.622531032153695,6.591311254645757,1.87,8.6182,7937.73,9.700427960057056,weak_momentum,BULL_TREND,45.1519135056456,100.0,79.37729999999999,100.0,65.91311254645757,33.33333333333333,0.0,20.05464305114371,0.0,3,3,A_recovered_proxy_vr1.5,True
600246,600246.SH,万通发展,区域地产,20241021,8.77,58.80130069311916,58.80130069311916,0.0,2.22,7.1967,18734.08,4.673913043478258,weak_momentum,BULL_TREND,57.52798382876907,100.0,100.0,100.0,66.61119860450144,0.0,0.0,34.53615552085722,0.0,1,1,B_pure_quant_vr1.5,True
600703,600703.SH,三安光电,半导体,20241021,13.38,53.71530073052488,53.71530073052488,0.0,2.13,3.1852,9529.27,7.340720221606639,weak_momentum,BULL_TREND,54.54267152255567,100.0,95.2927,40.0,79.39480269349461,10.0,0.0,13.146623987448905,0.0,2,2,B_pure_quant_vr1.5,True
600879,600879.SH,航天电子,航空,20241021,8.87,53.35261290643346,53.35261290643346,0.0,1.84,4.0618,17685.13,4.004329004329015,weak_momentum,BULL_TREND,43.98528831411441,100.0,100.0,80.0,61.019517335717474,20.0,0.0,17.34594705972453,0.0,3,3,B_pure_quant_vr1.5,True
600703,600703.SH,三安光电,半导体,20241021,13.38,61.59457227165447,53.67917549359296,7.915396778061515,2.13,3.1852,9529.27,7.340720221606639,weak_momentum,BULL_TREND,54.54267152255567,100.0,95.2927,40.0,79.15396778061515,10.0,0.0,13.146623987448905,0.0,1,1,A_recovered_proxy_vr1.2,True
2167,002167.SZ,东方锆业,小金属,20241021,6.33,59.48618491619515,52.78593660979112,6.700248306404035,1.87,8.6182,7937.73,9.700427960057056,weak_momentum,BULL_TREND,45.1519135056456,100.0,79.37729999999999,100.0,67.00248306404035,33.33333333333333,0.0,20.05464305114371,0.0,2,2,A_recovered_proxy_vr1.2,True
600246,600246.SH,万通发展,区域地产,20241021,8.77,58.78781035403131,58.78781035403131,0.0,2.22,7.1967,18734.08,4.673913043478258,weak_momentum,BULL_TREND,57.52798382876907,100.0,100.0,100.0,66.52126301058243,0.0,0.0,34.53615552085722,0.0,3,3,A_recovered_proxy_vr1.2,True
600246,600246.SH,万通发展,区域地产,20241021,8.77,58.78781035403131,58.78781035403131,0.0,2.22,7.1967,18734.08,4.673913043478258,weak_momentum,BULL_TREND,57.52798382876907,100.0,100.0,100.0,66.52126301058243,0.0,0.0,34.53615552085722,0.0,1,1,D_pure_quant_vr1.2,True
600703,600703.SH,三安光电,半导体,20241021,13.38,53.67917549359296,53.67917549359296,0.0,2.13,3.1852,9529.27,7.340720221606639,weak_momentum,BULL_TREND,54.54267152255567,100.0,95.2927,40.0,79.15396778061515,10.0,0.0,13.146623987448905,0.0,2,2,D_pure_quant_vr1.2,True
2167,002167.SZ,东方锆业,小金属,20241021,6.33,52.78593660979112,52.78593660979112,0.0,1.87,8.6182,7937.73,9.700427960057056,weak_momentum,BULL_TREND,45.1519135056456,100.0,79.37729999999999,100.0,67.00248306404035,33.33333333333333,0.0,20.05464305114371,0.0,3,3,D_pure_quant_vr1.2,True
600246,600246.SH,万通发展,区域地产,20241021,8.77,48.80962090244394,48.80962090244394,0.0,2.22,7.1967,18734.08,4.673913043478258,weak_momentum,BULL_TREND,57.52798382876907,100.0,100.0,100.0,66.52126301058243,0.0,0.0,34.53615552085722,0.0,1,1,E_ablate_sector_vr1.2,True
600246,600246.SH,万通发展,区域地产,20241021,8.77,53.607387025902725,53.607387025902725,0.0,2.22,7.1967,18734.08,4.673913043478258,weak_momentum,BULL_TREND,57.52798382876907,100.0,100.0,100.0,66.52126301058243,0.0,0.0,34.53615552085722,0.0,1,1,E_ablate_wyckoff_vr1.2,True
600703,600703.SH,三安光电,半导体,20241021,13.38,51.70718189547563,51.70718189547563,0.0,2.13,3.1852,9529.27,7.340720221606639,weak_momentum,BULL_TREND,54.54267152255567,100.0,95.2927,40.0,79.15396778061515,10.0,0.0,13.146623987448905,0.0,2,2,E_ablate_wyckoff_vr1.2,True
600879,600879.SH,航天电子,航空,20241021,8.87,49.81458259318481,49.81458259318481,0.0,1.84,4.0618,17685.13,4.004329004329015,weak_momentum,BULL_TREND,43.98528831411441,100.0,100.0,65.0,59.77859564045096,20.0,0.0,17.34594705972453,0.0,3,3,E_ablate_wyckoff_vr1.2,True
600246,600246.SH,万通发展,区域地产,20241021,8.77,58.78781035403131,58.78781035403131,0.0,2.22,7.1967,18734.08,4.673913043478258,weak_momentum,BULL_TREND,57.52798382876907,100.0,100.0,100.0,66.52126301058243,0.0,0.0,34.53615552085722,0.0,1,1,E_ablate_accel_vr1.2,True
600703,600703.SH,三安光电,半导体,20241021,13.38,53.67917549359296,53.67917549359296,0.0,2.13,3.1852,9529.27,7.340720221606639,weak_momentum,BULL_TREND,54.54267152255567,100.0,95.2927,40.0,79.15396778061515,10.0,0.0,13.146623987448905,0.0,2,2,E_ablate_accel_vr1.2,True
2167,002167.SZ,东方锆业,小金属,20241021,6.33,52.78593660979112,52.78593660979112,0.0,1.87,8.6182,7937.73,9.700427960057056,weak_momentum,BULL_TREND,45.1519135056456,100.0,79.37729999999999,100.0,67.00248306404035,33.33333333333333,0.0,20.05464305114371,0.0,3,3,E_ablate_accel_vr1.2,True
601012,601012.SH,隆基绿能,电气设备,20241022,18.38,67.3208540150642,59.16878927924071,8.152064735823492,2.08,4.5072,70616.95,4.865424430641829,momentum,BULL_TREND,52.82917641831838,88.80745341614903,100.0,65.0,81.52064735823492,33.33333333333333,0.0,11.428713365644054,0.0,1,1,A_recovered_proxy_vr1.5,True
600562,600562.SH,国睿科技,通信设备,20241022,18.28,61.53373853252146,56.23517661872338,5.298561913798081,2.01,3.3001,9748.97,1.0822510822510785,momentum,BULL_TREND,50.35977507021019,100.0,97.4897,65.0,52.985619137980805,30.0,0.0,38.3614653059569,0.0,2,2,A_recovered_proxy_vr1.5,True
600487,600487.SH,亨通光电,通信设备,20241022,17.94,58.568865924413885,53.2703040106158,5.298561913798081,1.87,3.6106,34967.29,3.5483870967741944,momentum,BULL_TREND,45.1519135056456,96.70967741935485,100.0,65.0,52.985619137980805,30.0,0.0,14.794254152373153,0.0,3,3,A_recovered_proxy_vr1.5,True
601012,601012.SH,隆基绿能,电气设备,20241022,18.38,59.16878927924071,59.16878927924071,0.0,2.08,4.5072,70616.95,4.865424430641829,momentum,BULL_TREND,52.82917641831838,88.80745341614903,100.0,65.0,81.52064735823492,33.33333333333333,0.0,11.428713365644054,0.0,1,1,B_pure_quant_vr1.5,True
600313,600313.SH,农发种业,种植业,20241022,6.67,57.00966540792712,57.00966540792712,0.0,2.51,6.1091,9330.89,4.985754985754981,momentum,BULL_TREND,66.38436820880236,88.08547008547012,93.3089,65.0,49.581884777127385,33.33333333333333,0.0,47.4863954596761,0.0,2,2,B_pure_quant_vr1.5,True
600562,600562.SH,国睿科技,通信设备,20241022,18.28,56.23517661872338,56.23517661872338,0.0,2.01,3.3001,9748.97,1.0822510822510785,momentum,BULL_TREND,50.35977507021019,100.0,97.4897,65.0,52.985619137980805,30.0,0.0,38.3614653059569,0.0,3,3,B_pure_quant_vr1.5,True
601012,601012.SH,隆基绿能,电气设备,20241022,18.38,67.00577567866677,58.95873705497576,8.047038623691012,2.08,4.5072,70616.95,4.865424430641829,momentum,BULL_TREND,52.82917641831838,88.80745341614903,100.0,65.0,80.47038623691012,33.33333333333333,0.0,11.428713365644054,0.0,1,1,A_recovered_proxy_vr1.2,True
600313,600313.SH,农发种业,种植业,20241022,6.67,56.71107795589203,56.71107795589203,0.0,2.51,6.1091,9330.89,4.985754985754981,momentum,BULL_TREND,66.38436820880236,88.08547008547012,93.3089,65.0,48.08894751695193,33.33333333333333,0.0,47.4863954596761,0.0,2,2,A_recovered_proxy_vr1.2,True
600562,600562.SH,国睿科技,通信设备,20241022,18.28,54.20847975032272,54.20847975032272,0.0,2.01,3.3001,9748.97,1.0822510822510785,momentum,BULL_TREND,50.35977507021019,100.0,97.4897,40.0,49.10213479597749,30.0,0.0,38.3614653059569,0.0,3,3,A_recovered_proxy_vr1.2,True
601012,601012.SH,隆基绿能,电气设备,20241022,18.38,58.95873705497576,58.95873705497576,0.0,2.08,4.5072,70616.95,4.865424430641829,momentum,BULL_TREND,52.82917641831838,88.80745341614903,100.0,65.0,80.47038623691012,33.33333333333333,0.0,11.428713365644054,0.0,1,1,D_pure_quant_vr1.2,True
600313,600313.SH,农发种业,种植业,20241022,6.67,56.71107795589203,56.71107795589203,0.0,2.51,6.1091,9330.89,4.985754985754981,momentum,BULL_TREND,66.38436820880236,88.08547008547012,93.3089,65.0,48.08894751695193,33.33333333333333,0.0,47.4863954596761,0.0,2,2,D_pure_quant_vr1.2,True
600562,600562.SH,国睿科技,通信设备,20241022,18.28,54.20847975032272,54.20847975032272,0.0,2.01,3.3001,9748.97,1.0822510822510785,momentum,BULL_TREND,50.35977507021019,100.0,97.4897,40.0,49.10213479597749,30.0,0.0,38.3614653059569,0.0,3,3,D_pure_quant_vr1.2,True
600313,600313.SH,农发种业,种植业,20241022,6.67,47.093288452501646,47.093288452501646,0.0,2.51,6.1091,9330.89,4.985754985754981,momentum,BULL_TREND,66.38436820880236,88.08547008547012,93.3089,65.0,48.08894751695193,33.33333333333333,0.0,47.4863954596761,0.0,1,1,E_ablate_sector_vr1.2,True
601012,601012.SH,隆基绿能,电气设备,20241022,18.38,57.81586571841135,57.81586571841135,0.0,2.08,4.5072,70616.95,4.865424430641829,momentum,BULL_TREND,52.82917641831838,88.80745341614903,100.0,65.0,80.47038623691012,33.33333333333333,0.0,11.428713365644054,0.0,1,1,E_ablate_wyckoff_vr1.2,True
600313,600313.SH,农发种业,种植业,20241022,6.67,51.96243840992442,51.96243840992442,0.0,2.51,6.1091,9330.89,4.985754985754981,momentum,BULL_TREND,66.38436820880236,88.08547008547012,93.3089,65.0,48.08894751695193,33.33333333333333,0.0,47.4863954596761,0.0,2,2,E_ablate_wyckoff_vr1.2,True
600562,600562.SH,国睿科技,通信设备,20241022,18.28,50.37233321972703,50.37233321972703,0.0,2.01,3.3001,9748.97,1.0822510822510785,momentum,BULL_TREND,50.35977507021019,100.0,97.4897,40.0,49.10213479597749,30.0,0.0,38.3614653059569,0.0,3,3,E_ablate_wyckoff_vr1.2,True
601012,601012.SH,隆基绿能,电气设备,20241022,18.38,58.95873705497576,58.95873705497576,0.0,2.08,4.5072,70616.95,4.865424430641829,momentum,BULL_TREND,52.82917641831838,88.80745341614903,100.0,65.0,80.47038623691012,33.33333333333333,0.0,11.428713365644054,0.0,1,1,E_ablate_accel_vr1.2,True
600313,600313.SH,农发种业,种植业,20241022,6.67,56.71107795589203,56.71107795589203,0.0,2.51,6.1091,9330.89,4.985754985754981,momentum,BULL_TREND,66.38436820880236,88.08547008547012,93.3089,65.0,48.08894751695193,33.33333333333333,0.0,47.4863954596761,0.0,2,2,E_ablate_accel_vr1.2,True
600562,600562.SH,国睿科技,通信设备,20241022,18.28,54.20847975032272,54.20847975032272,0.0,2.01,3.3001,9748.97,1.0822510822510785,momentum,BULL_TREND,50.35977507021019,100.0,97.4897,40.0,49.10213479597749,30.0,0.0,38.3614653059569,0.0,3,3,E_ablate_accel_vr1.2,True
601615,601615.SH,明阳智能,电气设备,20241023,12.07,74.23784522727107,65.96275021805235,8.275095009218717,2.69,5.4564,24539.78,2.346278317152097,momentum,BULL_TREND,71.38030863909496,100.0,100.0,65.0,82.75095009218717,33.33333333333333,0.0,37.88847237084012,0.0,1,1,A_recovered_proxy_vr1.5,True
2202,002202.SZ,金风科技,电气设备,20241023,11.12,69.69030748386288,61.41521247464416,8.275095009218717,2.34,4.2286,14522.66,2.626970227670759,momentum,BULL_TREND,61.32542649043399,100.0,100.0,40.0,82.75095009218717,10.0,0.0,31.662084826416272,0.0,2,2,A_recovered_proxy_vr1.5,True
600580,600580.SH,卧龙电驱,电气设备,20241023,13.6,65.02560726692076,56.750512257702034,8.275095009218717,1.6,7.1115,8774.3,3.202846975088976,momentum,BULL_TREND,33.903595255631885,98.78291814946614,87.743,80.0,82.75095009218717,10.0,0.0,31.878911359732037,0.0,3,3,A_recovered_proxy_vr1.5,True
601615,601615.SH,明阳智能,电气设备,20241023,12.07,65.96275021805235,65.96275021805235,0.0,2.69,5.4564,24539.78,2.346278317152097,momentum,BULL_TREND,71.38030863909496,100.0,100.0,65.0,82.75095009218717,33.33333333333333,0.0,37.88847237084012,0.0,1,1,B_pure_quant_vr1.5,True
2202,002202.SZ,金风科技,电气设备,20241023,11.12,61.41521247464416,61.41521247464416,0.0,2.34,4.2286,14522.66,2.626970227670759,momentum,BULL_TREND,61.32542649043399,100.0,100.0,40.0,82.75095009218717,10.0,0.0,31.662084826416272,0.0,2,2,B_pure_quant_vr1.5,True
600580,600580.SH,卧龙电驱,电气设备,20241023,13.6,56.750512257702034,56.750512257702034,0.0,1.6,7.1115,8774.3,3.202846975088976,momentum,BULL_TREND,33.903595255631885,98.78291814946614,87.743,80.0,82.75095009218717,10.0,0.0,31.878911359732037,0.0,3,3,B_pure_quant_vr1.5,True
601615,601615.SH,明阳智能,电气设备,20241023,12.07,74.14797653562717,65.90283775695642,8.245138778670745,2.69,5.4564,24539.78,2.346278317152097,momentum,BULL_TREND,71.38030863909496,100.0,100.0,65.0,82.45138778670744,33.33333333333333,0.0,37.88847237084012,0.0,1,1,A_recovered_proxy_vr1.2,True
2202,002202.SZ,金风科技,电气设备,20241023,11.12,69.60043879221897,61.35530001354822,8.245138778670745,2.34,4.2286,14522.66,2.626970227670759,momentum,BULL_TREND,61.32542649043399,100.0,100.0,40.0,82.45138778670744,10.0,0.0,31.662084826416272,0.0,2,2,A_recovered_proxy_vr1.2,True
600580,600580.SH,卧龙电驱,电气设备,20241023,13.6,64.93573857527683,56.69059979660609,8.245138778670745,1.6,7.1115,8774.3,3.202846975088976,momentum,BULL_TREND,33.903595255631885,98.78291814946614,87.743,80.0,82.45138778670744,10.0,0.0,31.878911359732037,0.0,3,3,A_recovered_proxy_vr1.2,True
601615,601615.SH,明阳智能,电气设备,20241023,12.07,65.90283775695642,65.90283775695642,0.0,2.69,5.4564,24539.78,2.346278317152097,momentum,BULL_TREND,71.38030863909496,100.0,100.0,65.0,82.45138778670744,33.33333333333333,0.0,37.88847237084012,0.0,1,1,D_pure_quant_vr1.2,True
2202,002202.SZ,金风科技,电气设备,20241023,11.12,61.35530001354822,61.35530001354822,0.0,2.34,4.2286,14522.66,2.626970227670759,momentum,BULL_TREND,61.32542649043399,100.0,100.0,40.0,82.45138778670744,10.0,0.0,31.662084826416272,0.0,2,2,D_pure_quant_vr1.2,True
600580,600580.SH,卧龙电驱,电气设备,20241023,13.6,56.69059979660609,56.69059979660609,0.0,1.6,7.1115,8774.3,3.202846975088976,momentum,BULL_TREND,33.903595255631885,98.78291814946614,87.743,80.0,82.45138778670744,10.0,0.0,31.878911359732037,0.0,3,3,D_pure_quant_vr1.2,True
601615,601615.SH,明阳智能,电气设备,20241023,12.07,49.41256019961492,49.41256019961492,0.0,2.69,5.4564,24539.78,2.346278317152097,momentum,BULL_TREND,71.38030863909496,100.0,100.0,65.0,82.45138778670744,33.33333333333333,0.0,37.88847237084012,0.0,1,1,E_ablate_sector_vr1.2,True
601615,601615.SH,明阳智能,电气设备,20241023,12.07,45.39413864328367,45.39413864328367,0.0,2.69,5.4564,24539.78,2.346278317152097,momentum,BULL_TREND,71.38030863909496,100.0,100.0,65.0,79.90789221834373,33.33333333333333,0.0,37.88847237084012,0.0,1,1,E_ablate_inflow_vr1.2,True
601615,601615.SH,明阳智能,电气设备,20241023,12.07,62.1139905198724,62.1139905198724,0.0,2.69,5.4564,24539.78,2.346278317152097,momentum,BULL_TREND,71.38030863909496,100.0,100.0,65.0,82.45138778670744,33.33333333333333,0.0,37.88847237084012,0.0,1,1,E_ablate_wyckoff_vr1.2,True
2202,002202.SZ,金风科技,电气设备,20241023,11.12,58.18909153090659,58.18909153090659,0.0,2.34,4.2286,14522.66,2.626970227670759,momentum,BULL_TREND,61.32542649043399,100.0,100.0,40.0,82.45138778670744,10.0,0.0,31.662084826416272,0.0,2,2,E_ablate_wyckoff_vr1.2,True
2079,002079.SZ,苏州固锝,电气设备,20241023,11.6,55.64195622653399,55.64195622653399,0.0,1.38,10.2893,19882.8,0.7698887938408885,momentum,BULL_TREND,23.233413350172214,100.0,100.0,80.0,82.45138778670744,33.33333333333333,0.0,6.990823187072433,0.0,3,3,E_ablate_wyckoff_vr1.2,True
601615,601615.SH,明阳智能,电气设备,20241023,12.07,65.90283775695642,65.90283775695642,0.0,2.69,5.4564,24539.78,2.346278317152097,momentum,BULL_TREND,71.38030863909496,100.0,100.0,65.0,82.45138778670744,33.33333333333333,0.0,37.88847237084012,0.0,1,1,E_ablate_accel_vr1.2,True
2202,002202.SZ,金风科技,电气设备,20241023,11.12,61.35530001354822,61.35530001354822,0.0,2.34,4.2286,14522.66,2.626970227670759,momentum,BULL_TREND,61.32542649043399,100.0,100.0,40.0,82.45138778670744,10.0,0.0,31.662084826416272,0.0,2,2,E_ablate_accel_vr1.2,True
600580,600580.SH,卧龙电驱,电气设备,20241023,13.6,56.69059979660609,56.69059979660609,0.0,1.6,7.1115,8774.3,3.202846975088976,momentum,BULL_TREND,33.903595255631885,98.78291814946614,87.743,80.0,82.45138778670744,10.0,0.0,31.878911359732037,0.0,3,3,E_ablate_accel_vr1.2,True
600498,600498.SH,烽火通信,通信设备,20241024,18.32,80.2113355772234,72.10329707196622,8.108038505257175,2.83,7.6299,10727.33,2.966101694915248,momentum,BULL_TREND,75.04010265285788,100.0,100.0,65.0,81.08038505257176,20.0,100.0,53.8120466352319,0.0,1,1,A_recovered_proxy_vr1.5,True
2335,002335.SZ,科华数据,电气设备,20241024,26.52,69.65310407122209,63.38402549159101,6.269078579631081,1.92,8.4467,9928.39,1.7049666419570082,momentum,BULL_TREND,47.05531554732157,100.0,99.2839,80.0,62.690785796310806,33.33333333333333,100.0,32.64124333563942,0.0,2,2,A_recovered_proxy_vr1.5,True
600509,600509.SH,天富能源,火力发电,20241024,6.32,58.28025258319548,58.28025258319548,0.0,1.94,5.4055,7711.56,2.167182662538695,momentum,BULL_TREND,47.802832620620144,100.0,77.1156,100.0,44.75656678377195,33.33333333333333,100.0,50.68727666681397,0.0,3,3,A_recovered_proxy_vr1.5,True
600498,600498.SH,烽火通信,通信设备,20241024,18.32,72.10329707196622,72.10329707196622,0.0,2.83,7.6299,10727.33,2.966101694915248,momentum,BULL_TREND,75.04010265285788,100.0,100.0,65.0,81.08038505257176,20.0,100.0,53.8120466352319,0.0,1,1,B_pure_quant_vr1.5,True
2335,002335.SZ,科华数据,电气设备,20241024,26.52,63.38402549159101,63.38402549159101,0.0,1.92,8.4467,9928.39,1.7049666419570082,momentum,BULL_TREND,47.05531554732157,100.0,99.2839,80.0,62.690785796310806,33.33333333333333,100.0,32.64124333563942,0.0,2,2,B_pure_quant_vr1.5,True
600509,600509.SH,天富能源,火力发电,20241024,6.32,58.28025258319548,58.28025258319548,0.0,1.94,5.4055,7711.56,2.167182662538695,momentum,BULL_TREND,47.802832620620144,100.0,77.1156,100.0,44.75656678377195,33.33333333333333,100.0,50.68727666681397,0.0,3,3,B_pure_quant_vr1.5,True
600498,600498.SH,烽火通信,通信设备,20241024,18.32,80.59227052915624,72.35725370658811,8.235016822568122,2.83,7.6299,10727.33,2.966101694915248,momentum,BULL_TREND,75.04010265285788,100.0,100.0,65.0,82.35016822568122,20.0,100.0,53.8120466352319,0.0,1,1,A_recovered_proxy_vr1.2,True
2335,002335.SZ,科华数据,电气设备,20241024,26.52,70.99200245174836,64.27662441194185,6.715378039806507,1.92,8.4467,9928.39,1.7049666419570082,momentum,BULL_TREND,47.05531554732157,100.0,99.2839,80.0,67.15378039806507,33.33333333333333,100.0,32.64124333563942,0.0,2,2,A_recovered_proxy_vr1.2,True
600509,600509.SH,天富能源,火力发电,20241024,6.32,58.616631384527,58.616631384527,0.0,1.94,5.4055,7711.56,2.167182662538695,momentum,BULL_TREND,47.802832620620144,100.0,77.1156,100.0,46.43846079042954,33.33333333333333,100.0,50.68727666681397,0.0,3,3,A_recovered_proxy_vr1.2,True
600498,600498.SH,烽火通信,通信设备,20241024,18.32,72.35725370658811,72.35725370658811,0.0,2.83,7.6299,10727.33,2.966101694915248,momentum,BULL_TREND,75.04010265285788,100.0,100.0,65.0,82.35016822568122,20.0,100.0,53.8120466352319,0.0,1,1,D_pure_quant_vr1.2,True
2335,002335.SZ,科华数据,电气设备,20241024,26.52,64.27662441194185,64.27662441194185,0.0,1.92,8.4467,9928.39,1.7049666419570082,momentum,BULL_TREND,47.05531554732157,100.0,99.2839,80.0,67.15378039806507,33.33333333333333,100.0,32.64124333563942,0.0,2,2,D_pure_quant_vr1.2,True
600509,600509.SH,天富能源,火力发电,20241024,6.32,58.616631384527,58.616631384527,0.0,1.94,5.4055,7711.56,2.167182662538695,momentum,BULL_TREND,47.802832620620144,100.0,77.1156,100.0,46.43846079042954,33.33333333333333,100.0,50.68727666681397,0.0,3,3,D_pure_quant_vr1.2,True
600498,600498.SH,烽火通信,通信设备,20241024,18.32,55.88722006145187,55.88722006145187,0.0,2.83,7.6299,10727.33,2.966101694915248,momentum,BULL_TREND,75.04010265285788,100.0,100.0,65.0,82.35016822568122,20.0,100.0,53.8120466352319,0.0,1,1,E_ablate_sector_vr1.2,True
2335,002335.SZ,科华数据,电气设备,20241024,26.52,50.84586833232885,50.84586833232885,0.0,1.92,8.4467,9928.39,1.7049666419570082,momentum,BULL_TREND,47.05531554732157,100.0,99.2839,80.0,67.15378039806507,33.33333333333333,100.0,32.64124333563942,0.0,2,2,E_ablate_sector_vr1.2,True
600509,600509.SH,天富能源,火力发电,20241024,6.32,49.328939226441086,49.328939226441086,0.0,1.94,5.4055,7711.56,2.167182662538695,momentum,BULL_TREND,47.802832620620144,100.0,77.1156,100.0,46.43846079042954,33.33333333333333,100.0,50.68727666681397,0.0,3,3,E_ablate_sector_vr1.2,True
600668,600668.SH,尖峰集团,水泥,20241024,10.98,51.8266790170039,51.8266790170039,0.0,3.8,6.0162,455.13,2.1390374331550817,momentum,BULL_TREND,96.29997092781116,100.0,4.5513,100.0,41.59988167298147,66.66666666666666,100.0,57.28373709902603,0.0,1,1,E_ablate_inflow_vr1.2,True
600498,600498.SH,烽火通信,通信设备,20241024,18.32,51.276357488893,51.276357488893,0.0,2.83,7.6299,10727.33,2.966101694915248,momentum,BULL_TREND,75.04010265285788,100.0,100.0,65.0,76.94568713720561,20.0,100.0,53.8120466352319,0.0,2,2,E_ablate_inflow_vr1.2,True
600498,600498.SH,烽火通信,通信设备,20241024,18.32,66.97604904306493,66.97604904306493,0.0,2.83,7.6299,10727.33,2.966101694915248,momentum,BULL_TREND,75.04010265285788,100.0,100.0,65.0,82.35016822568122,20.0,100.0,53.8120466352319,0.0,1,1,E_ablate_wyckoff_vr1.2,True
2335,002335.SZ,科华数据,电气设备,20241024,26.52,61.01250007837792,61.01250007837792,0.0,1.92,8.4467,9928.39,1.7049666419570082,momentum,BULL_TREND,47.05531554732157,100.0,99.2839,80.0,67.15378039806507,33.33333333333333,100.0,32.64124333563942,0.0,2,2,E_ablate_wyckoff_vr1.2,True
600509,600509.SH,天富能源,火力发电,20241024,6.32,53.5479037178456,53.5479037178456,0.0,1.94,5.4055,7711.56,2.167182662538695,momentum,BULL_TREND,47.802832620620144,100.0,77.1156,100.0,46.43846079042954,33.33333333333333,100.0,50.68727666681397,0.0,3,3,E_ablate_wyckoff_vr1.2,True
600498,600498.SH,烽火通信,通信设备,20241024,18.32,72.35725370658811,72.35725370658811,0.0,2.83,7.6299,10727.33,2.966101694915248,momentum,BULL_TREND,75.04010265285788,100.0,100.0,65.0,82.35016822568122,20.0,100.0,53.8120466352319,0.0,1,1,E_ablate_accel_vr1.2,True
2335,002335.SZ,科华数据,电气设备,20241024,26.52,64.27662441194185,64.27662441194185,0.0,1.92,8.4467,9928.39,1.7049666419570082,momentum,BULL_TREND,47.05531554732157,100.0,99.2839,80.0,67.15378039806507,33.33333333333333,100.0,32.64124333563942,0.0,2,2,E_ablate_accel_vr1.2,True
600509,600509.SH,天富能源,火力发电,20241024,6.32,58.616631384527,58.616631384527,0.0,1.94,5.4055,7711.56,2.167182662538695,momentum,BULL_TREND,47.802832620620144,100.0,77.1156,100.0,46.43846079042954,33.33333333333333,100.0,50.68727666681397,0.0,3,3,E_ablate_accel_vr1.2,True
2106,002106.SZ,莱宝高科,元器件,20241025,10.37,62.89653325554247,54.02592737731669,8.870605878225783,1.98,5.4537,4596.11,1.9848771266540728,momentum,BULL_TREND,49.27502151524424,100.0,45.9611,80.0,88.70605878225783,30.0,0.0,42.01242393578484,0.0,1,1,A_recovered_proxy_vr1.5,True
2895,002895.SZ,川恒股份,化工原料,20241025,22.54,57.13067816957684,57.13067816957684,0.0,2.32,3.0746,8996.31,2.424242424242434,momentum,BULL_TREND,60.706240267642364,100.0,89.9631,65.0,43.93851235128389,66.66666666666666,0.0,46.61086325840374,0.0,2,2,A_recovered_proxy_vr1.5,True
2445,002445.SZ,中南文化,钢加工,20241025,2.28,55.825832738280816,55.825832738280816,0.0,2.62,4.601,7397.1,3.38983050847458,momentum,BULL_TREND,69.47834058813628,97.66101694915253,73.971,80.0,51.49116097137468,43.333333333333336,0.0,43.78881094203514,0.0,3,3,A_recovered_proxy_vr1.5,True
2895,002895.SZ,川恒股份,化工原料,20241025,22.54,57.13067816957684,57.13067816957684,0.0,2.32,3.0746,8996.31,2.424242424242434,momentum,BULL_TREND,60.706240267642364,100.0,89.9631,65.0,43.93851235128389,66.66666666666666,0.0,46.61086325840374,0.0,1,1,B_pure_quant_vr1.5,True
2445,002445.SZ,中南文化,钢加工,20241025,2.28,55.825832738280816,55.825832738280816,0.0,2.62,4.601,7397.1,3.38983050847458,momentum,BULL_TREND,69.47834058813628,97.66101694915253,73.971,80.0,51.49116097137468,43.333333333333336,0.0,43.78881094203514,0.0,2,2,B_pure_quant_vr1.5,True
600096,600096.SH,云天化,农药化肥,20241025,24.0,54.53218229241864,54.53218229241864,0.0,1.62,3.2581,23663.36,3.5757332261952617,momentum,BULL_TREND,34.799690655495006,96.54560064282845,100.0,80.0,51.64302938487623,30.0,0.0,38.29062752836297,0.0,3,3,B_pure_quant_vr1.5,True
2106,002106.SZ,莱宝高科,元器件,20241025,10.37,63.80995238562436,54.634873464037945,9.175078921586412,1.98,5.4537,4596.11,1.9848771266540728,momentum,BULL_TREND,49.27502151524424,100.0,45.9611,80.0,91.75078921586412,30.0,0.0,42.01242393578484,0.0,1,1,A_recovered_proxy_vr1.2,True
2895,002895.SZ,川恒股份,化工原料,20241025,22.54,56.95488564604676,56.95488564604676,0.0,2.32,3.0746,8996.31,2.424242424242434,momentum,BULL_TREND,60.706240267642364,100.0,89.9631,65.0,43.05954973363347,66.66666666666666,0.0,46.61086325840374,0.0,2,2,A_recovered_proxy_vr1.2,True
420,000420.SZ,吉林化纤,化纤,20241025,3.62,53.66267525710301,53.66267525710301,0.0,1.64,5.9206,11358.16,3.723404255319141,momentum,BULL_TREND,35.68479074216794,95.65957446808515,100.0,100.0,37.941740824093365,33.33333333333333,0.0,44.889843674839554,0.0,3,3,A_recovered_proxy_vr1.2,True
2895,002895.SZ,川恒股份,化工原料,20241025,22.54,56.95488564604676,56.95488564604676,0.0,2.32,3.0746,8996.31,2.424242424242434,momentum,BULL_TREND,60.706240267642364,100.0,89.9631,65.0,43.05954973363347,66.66666666666666,0.0,46.61086325840374,0.0,1,1,D_pure_quant_vr1.2,True
2106,002106.SZ,莱宝高科,元器件,20241025,10.37,54.634873464037945,54.634873464037945,0.0,1.98,5.4537,4596.11,1.9848771266540728,momentum,BULL_TREND,49.27502151524424,100.0,45.9611,80.0,91.75078921586412,30.0,0.0,42.01242393578484,0.0,2,2,D_pure_quant_vr1.2,True
420,000420.SZ,吉林化纤,化纤,20241025,3.62,53.66267525710301,53.66267525710301,0.0,1.64,5.9206,11358.16,3.723404255319141,momentum,BULL_TREND,35.68479074216794,95.65957446808515,100.0,100.0,37.941740824093365,33.33333333333333,0.0,44.889843674839554,0.0,3,3,D_pure_quant_vr1.2,True
2895,002895.SZ,川恒股份,化工原料,20241025,22.54,48.34297569932006,48.34297569932006,0.0,2.32,3.0746,8996.31,2.424242424242434,momentum,BULL_TREND,60.706240267642364,100.0,89.9631,65.0,43.05954973363347,66.66666666666666,0.0,46.61086325840374,0.0,1,1,E_ablate_sector_vr1.2,True
420,000420.SZ,吉林化纤,化纤,20241025,3.62,46.07432709228433,46.07432709228433,0.0,1.64,5.9206,11358.16,3.723404255319141,momentum,BULL_TREND,35.68479074216794,95.65957446808515,100.0,100.0,37.941740824093365,33.33333333333333,0.0,44.889843674839554,0.0,2,2,E_ablate_sector_vr1.2,True
2106,002106.SZ,莱宝高科,元器件,20241025,10.37,45.442653464037946,45.442653464037946,0.0,1.98,5.4537,4596.11,1.9848771266540728,momentum,BULL_TREND,49.27502151524424,100.0,45.9611,80.0,91.75078921586412,30.0,0.0,42.01242393578484,0.0,1,1,E_ablate_inflow_vr1.2,True
2895,002895.SZ,川恒股份,化工原料,20241025,22.54,52.29379932020638,52.29379932020638,0.0,2.32,3.0746,8996.31,2.424242424242434,momentum,BULL_TREND,60.706240267642364,100.0,89.9631,65.0,43.05954973363347,66.66666666666666,0.0,46.61086325840374,0.0,1,1,E_ablate_wyckoff_vr1.2,True
2106,002106.SZ,莱宝高科,元器件,20241025,10.37,50.43363107045946,50.43363107045946,0.0,1.98,5.4537,4596.11,1.9848771266540728,momentum,BULL_TREND,49.27502151524424,100.0,45.9611,80.0,91.75078921586412,30.0,0.0,42.01242393578484,0.0,2,2,E_ablate_wyckoff_vr1.2,True
420,000420.SZ,吉林化纤,化纤,20241025,3.62,49.173690889619046,49.173690889619046,0.0,1.64,5.9206,11358.16,3.723404255319141,momentum,BULL_TREND,35.68479074216794,95.65957446808515,100.0,100.0,37.941740824093365,33.33333333333333,0.0,44.889843674839554,0.0,3,3,E_ablate_wyckoff_vr1.2,True
2895,002895.SZ,川恒股份,化工原料,20241025,22.54,56.95488564604676,56.95488564604676,0.0,2.32,3.0746,8996.31,2.424242424242434,momentum,BULL_TREND,60.706240267642364,100.0,89.9631,65.0,43.05954973363347,66.66666666666666,0.0,46.61086325840374,0.0,1,1,E_ablate_accel_vr1.2,True
2106,002106.SZ,莱宝高科,元器件,20241025,10.37,54.634873464037945,54.634873464037945,0.0,1.98,5.4537,4596.11,1.9848771266540728,momentum,BULL_TREND,49.27502151524424,100.0,45.9611,80.0,91.75078921586412,30.0,0.0,42.01242393578484,0.0,2,2,E_ablate_accel_vr1.2,True
420,000420.SZ,吉林化纤,化纤,20241025,3.62,53.66267525710301,53.66267525710301,0.0,1.64,5.9206,11358.16,3.723404255319141,momentum,BULL_TREND,35.68479074216794,95.65957446808515,100.0,100.0,37.941740824093365,33.33333333333333,0.0,44.889843674839554,0.0,3,3,E_ablate_accel_vr1.2,True
2467,002467.SZ,二六三,互联网,20241028,4.31,58.16108673132056,58.16108673132056,0.0,1.51,5.639,10061.73,3.794642857142875,momentum,BULL_TREND,29.727427477517708,95.23214285714276,100.0,100.0,66.29366502514864,33.33333333333333,0.0,42.53358652282233,0.0,1,1,A_recovered_proxy_vr1.5,True
600268,600268.SH,国电南自,电气设备,20241028,7.2,55.72179838395412,47.12870491201925,8.59309347193487,1.99,4.5121,1422.56,4.761904761904755,momentum,BULL_TREND,49.63842153844621,89.42857142857147,14.2256,40.0,85.9309347193487,66.66666666666666,0.0,53.754442611920986,0.0,2,2,A_recovered_proxy_vr1.5,True
2138,002138.SZ,顺络电子,元器件,20241028,29.5,54.63677099962932,54.63677099962932,0.0,1.73,3.0797,9922.34,4.930712213986468,momentum,BULL_TREND,39.5386018931,88.4157267160812,99.2234,80.0,50.99535849966944,33.33333333333333,0.0,41.53989677455645,0.0,3,3,A_recovered_proxy_vr1.5,True
2467,002467.SZ,二六三,互联网,20241028,4.31,58.16108673132056,58.16108673132056,0.0,1.51,5.639,10061.73,3.794642857142875,momentum,BULL_TREND,29.727427477517708,95.23214285714276,100.0,100.0,66.29366502514864,33.33333333333333,0.0,42.53358652282233,0.0,1,1,B_pure_quant_vr1.5,True
2138,002138.SZ,顺络电子,元器件,20241028,29.5,54.63677099962932,54.63677099962932,0.0,1.73,3.0797,9922.34,4.930712213986468,momentum,BULL_TREND,39.5386018931,88.4157267160812,99.2234,80.0,50.99535849966944,33.33333333333333,0.0,41.53989677455645,0.0,2,2,B_pure_quant_vr1.5,True
600185,600185.SH,珠免集团,旅游服务,20241028,6.95,50.51014213637368,50.51014213637368,0.0,1.64,3.3273,6678.9,1.4184397163120517,momentum,BULL_TREND,35.68479074216794,100.0,66.789,80.0,58.47911217707099,66.66666666666666,0.0,27.704677563009536,0.0,3,3,B_pure_quant_vr1.5,True
2467,002467.SZ,二六三,互联网,20241028,4.31,66.1975907535948,58.51584507782681,7.681745675767988,1.51,5.639,10061.73,3.794642857142875,momentum,BULL_TREND,29.727427477517708,95.23214285714276,100.0,65.0,76.81745675767988,33.33333333333333,0.0,42.53358652282233,0.0,1,1,A_recovered_proxy_vr1.2,True
2195,002195.SZ,岩山科技,软件服务,20241028,3.0,65.62260903471798,57.10134386621937,8.521265168498607,1.48,3.7843,12800.87,3.84615384615385,momentum,BULL_TREND,28.279858792711256,94.9230769230769,100.0,40.0,85.21265168498606,20.0,0.0,33.2452701800778,0.0,2,2,A_recovered_proxy_vr1.2,True
2063,002063.SZ,远光软件,软件服务,20241028,6.13,61.93378312745271,53.412517958954105,8.521265168498607,1.64,5.4307,6358.3,4.218750000000007,momentum,BULL_TREND,35.68479074216794,92.68749999999996,63.583,65.0,85.21265168498606,33.33333333333333,0.0,41.1525234396504,0.0,3,3,A_recovered_proxy_vr1.2,True
2467,002467.SZ,二六三,互联网,20241028,4.31,58.51584507782681,58.51584507782681,0.0,1.51,5.639,10061.73,3.794642857142875,momentum,BULL_TREND,29.727427477517708,95.23214285714276,100.0,65.0,76.81745675767988,33.33333333333333,0.0,42.53358652282233,0.0,1,1,D_pure_quant_vr1.2,True
2195,002195.SZ,岩山科技,软件服务,20241028,3.0,57.10134386621937,57.10134386621937,0.0,1.48,3.7843,12800.87,3.84615384615385,momentum,BULL_TREND,28.279858792711256,94.9230769230769,100.0,40.0,85.21265168498606,20.0,0.0,33.2452701800778,0.0,2,2,D_pure_quant_vr1.2,True
672,000672.SZ,上峰材料,水泥,20241028,8.56,54.72781679742535,54.72781679742535,0.0,1.49,4.2031,8848.32,2.3945267958950867,momentum,BULL_TREND,28.76561653437184,100.0,88.4832,80.0,60.032379124934,33.33333333333333,0.0,50.43191825616108,0.0,3,3,D_pure_quant_vr1.2,True
2467,002467.SZ,二六三,互联网,20241028,4.31,54.26248642554457,54.26248642554457,0.0,1.51,5.639,10061.73,3.794642857142875,momentum,BULL_TREND,29.727427477517708,95.23214285714276,100.0,65.0,76.81745675767988,33.33333333333333,0.0,42.53358652282233,0.0,1,1,E_ablate_wyckoff_vr1.2,True
2195,002195.SZ,岩山科技,软件服务,20241028,3.0,53.7768168482116,53.7768168482116,0.0,1.48,3.7843,12800.87,3.84615384615385,momentum,BULL_TREND,28.279858792711256,94.9230769230769,100.0,40.0,85.21265168498606,20.0,0.0,33.2452701800778,0.0,2,2,E_ablate_wyckoff_vr1.2,True
2558,002558.SZ,巨人网络,互联网,20241028,12.95,50.75977995994719,50.75977995994719,0.0,1.22,3.8547,9872.34,1.370906321401382,momentum,BULL_TREND,14.344057389408077,100.0,98.7234,40.0,76.81745675767988,30.0,0.0,26.117552364246663,0.0,3,3,E_ablate_wyckoff_vr1.2,True
2467,002467.SZ,二六三,互联网,20241028,4.31,58.51584507782681,58.51584507782681,0.0,1.51,5.639,10061.73,3.794642857142875,momentum,BULL_TREND,29.727427477517708,95.23214285714276,100.0,65.0,76.81745675767988,33.33333333333333,0.0,42.53358652282233,0.0,1,1,E_ablate_accel_vr1.2,True
2195,002195.SZ,岩山科技,软件服务,20241028,3.0,57.10134386621937,57.10134386621937,0.0,1.48,3.7843,12800.87,3.84615384615385,momentum,BULL_TREND,28.279858792711256,94.9230769230769,100.0,40.0,85.21265168498606,20.0,0.0,33.2452701800778,0.0,2,2,E_ablate_accel_vr1.2,True
672,000672.SZ,上峰材料,水泥,20241028,8.56,54.72781679742535,54.72781679742535,0.0,1.49,4.2031,8848.32,2.3945267958950867,momentum,BULL_TREND,28.76561653437184,100.0,88.4832,80.0,60.032379124934,33.33333333333333,0.0,50.43191825616108,0.0,3,3,E_ablate_accel_vr1.2,True
2065,002065.SZ,东华软件,软件服务,20241029,6.23,67.77520523717142,61.03853536189805,6.736669875273366,2.62,5.249,9072.31,3.110419906687392,momentum,BULL_TREND,69.47834058813628,99.33748055987564,90.7231,40.0,67.36669875273365,33.33333333333333,0.0,53.98409800476648,0.0,1,1,A_recovered_proxy_vr1.5,True
600629,600629.SH,华建集团,建筑工程,20241029,5.54,53.4704280884072,53.4704280884072,0.0,3.81,7.9226,2766.98,4.482758620689651,momentum,BULL_TREND,96.48954988592988,91.10344827586208,27.6698,100.0,47.01273843721879,66.66666666666666,0.0,66.1680975715442,0.0,2,2,A_recovered_proxy_vr1.5,True
2855,002855.SZ,捷荣技术,元器件,20241029,24.3,53.32985040623439,47.50769572678264,5.822154679451748,1.81,9.221,4762.04,2.9165001997602893,momentum,BULL_TREND,42.799484865424034,100.0,47.6204,80.0,58.22154679451747,66.66666666666666,0.0,25.860503047322094,0.0,3,3,A_recovered_proxy_vr1.5,True
2065,002065.SZ,东华软件,软件服务,20241029,6.23,61.03853536189805,61.03853536189805,0.0,2.62,5.249,9072.31,3.110419906687392,momentum,BULL_TREND,69.47834058813628,99.33748055987564,90.7231,40.0,67.36669875273365,33.33333333333333,0.0,53.98409800476648,0.0,1,1,B_pure_quant_vr1.5,True
600629,600629.SH,华建集团,建筑工程,20241029,5.54,53.4704280884072,53.4704280884072,0.0,3.81,7.9226,2766.98,4.482758620689651,momentum,BULL_TREND,96.48954988592988,91.10344827586208,27.6698,100.0,47.01273843721879,66.66666666666666,0.0,66.1680975715442,0.0,2,2,B_pure_quant_vr1.5,True
2328,002328.SZ,新朋股份,汽车配件,20241029,5.7,51.07600564905847,51.07600564905847,0.0,2.3,10.206,6003.54,0.8695652173913012,momentum,BULL_TREND,60.08169305848252,100.0,60.0354,65.0,46.22968019033429,33.33333333333333,0.0,58.94068985552558,0.0,3,3,B_pure_quant_vr1.5,True
2065,002065.SZ,东华软件,软件服务,20241029,6.23,65.82161865700012,59.73614430845051,6.085474348549598,2.62,5.249,9072.31,3.110419906687392,momentum,BULL_TREND,69.47834058813628,99.33748055987564,90.7231,40.0,60.85474348549597,33.33333333333333,0.0,53.98409800476648,0.0,1,1,A_recovered_proxy_vr1.2,True
2268,002268.SZ,电科网安,IT设备,20241029,19.12,56.31019514767609,49.183439592120536,7.126755555555556,1.42,5.6018,7951.84,3.33670374115268,momentum,BULL_TREND,25.294546486497865,97.97977755308392,79.5184,65.0,71.26755555555556,0.0,0.0,21.840887527263504,0.0,2,2,A_recovered_proxy_vr1.2,True
2855,002855.SZ,捷荣技术,元器件,20241029,24.3,53.85585562717963,47.85836587407947,5.99748975310016,1.81,9.221,4762.04,2.9165001997602893,momentum,BULL_TREND,42.799484865424034,100.0,47.6204,80.0,59.9748975310016,66.66666666666666,0.0,25.860503047322094,0.0,3,3,A_recovered_proxy_vr1.2,True
2065,002065.SZ,东华软件,软件服务,20241029,6.23,59.73614430845051,59.73614430845051,0.0,2.62,5.249,9072.31,3.110419906687392,momentum,BULL_TREND,69.47834058813628,99.33748055987564,90.7231,40.0,60.85474348549597,33.33333333333333,0.0,53.98409800476648,0.0,1,1,D_pure_quant_vr1.2,True
600629,600629.SH,华建集团,建筑工程,20241029,5.54,52.19410198399145,52.19410198399145,0.0,3.81,7.9226,2766.98,4.482758620689651,momentum,BULL_TREND,96.48954988592988,91.10344827586208,27.6698,65.0,49.38110791514004,66.66666666666666,0.0,66.1680975715442,0.0,2,2,D_pure_quant_vr1.2,True
2328,002328.SZ,新朋股份,汽车配件,20241029,5.7,50.166706321767386,50.166706321767386,0.0,2.3,10.206,6003.54,0.8695652173913012,momentum,BULL_TREND,60.08169305848252,100.0,60.0354,65.0,41.68318355387889,33.33333333333333,0.0,58.94068985552558,0.0,3,3,D_pure_quant_vr1.2,True
2065,002065.SZ,东华软件,软件服务,20241029,6.23,47.56519561135132,47.56519561135132,0.0,2.62,5.249,9072.31,3.110419906687392,momentum,BULL_TREND,69.47834058813628,99.33748055987564,90.7231,40.0,60.85474348549597,33.33333333333333,0.0,53.98409800476648,0.0,1,1,E_ablate_sector_vr1.2,True
600629,600629.SH,华建集团,建筑工程,20241029,5.54,46.36635031972706,46.36635031972706,0.0,3.81,7.9226,2766.98,4.482758620689651,momentum,BULL_TREND,96.48954988592988,91.10344827586208,27.6698,65.0,47.91214959381808,66.66666666666666,0.0,66.1680975715442,0.0,1,1,E_ablate_inflow_vr1.2,True
2065,002065.SZ,东华软件,软件服务,20241029,6.23,54.33773450797387,54.33773450797387,0.0,2.62,5.249,9072.31,3.110419906687392,momentum,BULL_TREND,69.47834058813628,99.33748055987564,90.7231,40.0,60.85474348549597,33.33333333333333,0.0,53.98409800476648,0.0,1,1,E_ablate_wyckoff_vr1.2,True
2268,002268.SZ,电科网安,IT设备,20241029,19.12,46.99935083939419,46.99935083939419,0.0,1.42,5.6018,7951.84,3.33670374115268,momentum,BULL_TREND,25.294546486497865,97.97977755308392,79.5184,65.0,71.26755555555556,0.0,0.0,21.840887527263504,0.0,2,2,E_ablate_wyckoff_vr1.2,True
600629,600629.SH,华建集团,建筑工程,20241029,5.54,45.57729222683703,45.57729222683703,0.0,3.81,7.9226,2766.98,4.482758620689651,momentum,BULL_TREND,96.48954988592988,91.10344827586208,27.6698,65.0,49.38110791514004,66.66666666666666,0.0,66.1680975715442,0.0,3,3,E_ablate_wyckoff_vr1.2,True
2065,002065.SZ,东华软件,软件服务,20241029,6.23,59.73614430845051,59.73614430845051,0.0,2.62,5.249,9072.31,3.110419906687392,momentum,BULL_TREND,69.47834058813628,99.33748055987564,90.7231,40.0,60.85474348549597,33.33333333333333,0.0,53.98409800476648,0.0,1,1,E_ablate_accel_vr1.2,True
600629,600629.SH,华建集团,建筑工程,20241029,5.54,52.19410198399145,52.19410198399145,0.0,3.81,7.9226,2766.98,4.482758620689651,momentum,BULL_TREND,96.48954988592988,91.10344827586208,27.6698,65.0,49.38110791514004,66.66666666666666,0.0,66.1680975715442,0.0,2,2,E_ablate_accel_vr1.2,True
2328,002328.SZ,新朋股份,汽车配件,20241029,5.7,50.166706321767386,50.166706321767386,0.0,2.3,10.206,6003.54,0.8695652173913012,momentum,BULL_TREND,60.08169305848252,100.0,60.0354,65.0,41.68318355387889,33.33333333333333,0.0,58.94068985552558,0.0,3,3,E_ablate_accel_vr1.2,True
2436,002436.SZ,兴森科技,元器件,20241030,11.19,72.9070110058204,64.38866653352855,8.518344472291842,1.81,11.5249,10747.26,4.522184300341307,momentum,BULL_TREND,42.799484865424034,90.86689419795216,100.0,100.0,85.18344472291841,30.0,0.0,53.45365439336047,0.0,1,1,A_recovered_proxy_vr1.5,True
2426,002426.SZ,胜利精密,元器件,20241030,2.36,69.4563959627592,60.938051490467366,8.518344472291842,1.58,6.1875,8649.24,1.6666666666666683,momentum,BULL_TREND,32.99622792011891,100.0,86.4924,65.0,85.18344472291841,66.66666666666666,0.0,50.70115024532512,0.0,2,2,A_recovered_proxy_vr1.5,True
50,000050.SZ,深天马A,元器件,20241030,8.87,65.32220603461137,56.803861562319526,8.518344472291842,2.87,4.6049,4603.65,4.418103448275864,momentum,BULL_TREND,76.05253684504815,91.4913793103448,46.0365,65.0,85.18344472291841,0.0,0.0,67.52854159944134,0.0,3,3,A_recovered_proxy_vr1.5,True
2436,002436.SZ,兴森科技,元器件,20241030,11.19,64.38866653352855,64.38866653352855,0.0,1.81,11.5249,10747.26,4.522184300341307,momentum,BULL_TREND,42.799484865424034,90.86689419795216,100.0,100.0,85.18344472291841,30.0,0.0,53.45365439336047,0.0,1,1,B_pure_quant_vr1.5,True
2602,002602.SZ,世纪华通,互联网,20241030,4.85,62.76090379094008,62.76090379094008,0.0,3.1,9.2754,27362.46,1.2219959266802545,momentum,BULL_TREND,81.61341077497565,100.0,100.0,80.0,34.464841140393155,66.66666666666666,0.0,62.92590613281772,0.0,2,2,B_pure_quant_vr1.5,True
603708,603708.SH,家家悦,超市连锁,20241030,11.33,61.52952025818879,61.52952025818879,0.0,4.73,7.5131,7283.51,3.901611535199314,momentum,BULL_TREND,100.0,94.59033078880412,72.8351,100.0,50.54456766249649,10.0,0.0,68.94553646809078,0.0,3,3,B_pure_quant_vr1.5,True
2436,002436.SZ,兴森科技,元器件,20241030,11.19,71.01869646947954,63.12979017596798,7.888906293511557,1.81,11.5249,10747.26,4.522184300341307,momentum,BULL_TREND,42.799484865424034,90.86689419795216,100.0,100.0,78.88906293511556,30.0,0.0,53.45365439336047,0.0,1,1,A_recovered_proxy_vr1.2,True
2426,002426.SZ,胜利精密,元器件,20241030,2.36,68.31808142641836,60.4291751329068,7.888906293511557,1.58,6.1875,8649.24,1.6666666666666683,momentum,BULL_TREND,32.99622792011891,100.0,86.4924,80.0,78.88906293511556,66.66666666666666,0.0,50.70115024532512,0.0,2,2,A_recovered_proxy_vr1.2,True
50,000050.SZ,深天马A,元器件,20241030,8.87,63.43389149827051,55.54498520475895,7.888906293511557,2.87,4.6049,4603.65,4.418103448275864,momentum,BULL_TREND,76.05253684504815,91.4913793103448,46.0365,65.0,78.88906293511556,0.0,0.0,67.52854159944134,0.0,3,3,A_recovered_proxy_vr1.2,True
2436,002436.SZ,兴森科技,元器件,20241030,11.19,63.12979017596798,63.12979017596798,0.0,1.81,11.5249,10747.26,4.522184300341307,momentum,BULL_TREND,42.799484865424034,90.86689419795216,100.0,100.0,78.88906293511556,30.0,0.0,53.45365439336047,0.0,1,1,D_pure_quant_vr1.2,True
2602,002602.SZ,世纪华通,互联网,20241030,4.85,61.831559009561445,61.831559009561445,0.0,3.1,9.2754,27362.46,1.2219959266802545,momentum,BULL_TREND,81.61341077497565,100.0,100.0,80.0,29.81811723349996,66.66666666666666,0.0,62.92590613281772,0.0,2,2,D_pure_quant_vr1.2,True
603708,603708.SH,家家悦,超市连锁,20241030,11.33,61.47713960599685,61.47713960599685,0.0,4.73,7.5131,7283.51,3.901611535199314,momentum,BULL_TREND,100.0,94.59033078880412,72.8351,100.0,50.28266440153678,10.0,0.0,68.94553646809078,0.0,3,3,D_pure_quant_vr1.2,True
2602,002602.SZ,世纪华通,互联网,20241030,4.85,55.86793556286145,55.86793556286145,0.0,3.1,9.2754,27362.46,1.2219959266802545,momentum,BULL_TREND,81.61341077497565,100.0,100.0,80.0,29.81811723349996,66.66666666666666,0.0,62.92590613281772,0.0,1,1,E_ablate_sector_vr1.2,True
603708,603708.SH,家家悦,超市连锁,20241030,11.33,51.42060672568949,51.42060672568949,0.0,4.73,7.5131,7283.51,3.901611535199314,momentum,BULL_TREND,100.0,94.59033078880412,72.8351,100.0,50.28266440153678,10.0,0.0,68.94553646809078,0.0,2,2,E_ablate_sector_vr1.2,True
603496,603496.SH,恒为科技,IT设备,20241030,28.75,50.58540994973807,50.58540994973807,0.0,2.06,10.3532,13874.57,2.277362338545213,momentum,BULL_TREND,52.132216870424685,100.0,100.0,100.0,49.581584447392856,66.66666666666666,0.0,44.322440858410346,0.0,3,3,E_ablate_sector_vr1.2,True
603708,603708.SH,家家悦,超市连锁,20241030,11.33,46.97945263102165,46.97945263102165,0.0,4.73,7.5131,7283.51,3.901611535199314,momentum,BULL_TREND,100.0,94.59033078880412,72.8351,100.0,50.62932952666082,10.0,0.0,68.94553646809078,0.0,1,1,E_ablate_inflow_vr1.2,True
50,000050.SZ,深天马A,元器件,20241030,8.87,46.01144798472474,46.01144798472474,0.0,2.87,4.6049,4603.65,4.418103448275864,momentum,BULL_TREND,76.05253684504815,91.4913793103448,46.0365,65.0,77.25787683494451,0.0,0.0,67.52854159944134,0.0,2,2,E_ablate_inflow_vr1.2,True
2436,002436.SZ,兴森科技,元器件,20241030,11.19,57.784424736631934,57.784424736631934,0.0,1.81,11.5249,10747.26,4.522184300341307,momentum,BULL_TREND,42.799484865424034,90.86689419795216,100.0,100.0,78.88906293511556,30.0,0.0,53.45365439336047,0.0,1,1,E_ablate_wyckoff_vr1.2,True
603496,603496.SH,恒为科技,IT设备,20241030,28.75,56.06948275337561,56.06948275337561,0.0,2.06,10.3532,13874.57,2.277362338545213,momentum,BULL_TREND,52.132216870424685,100.0,100.0,100.0,49.581584447392856,66.66666666666666,0.0,44.322440858410346,0.0,2,2,E_ablate_wyckoff_vr1.2,True
2602,002602.SZ,世纪华通,互联网,20241030,4.85,55.53896839627967,55.53896839627967,0.0,3.1,9.2754,27362.46,1.2219959266802545,momentum,BULL_TREND,81.61341077497565,100.0,100.0,80.0,29.81811723349996,66.66666666666666,0.0,62.92590613281772,0.0,3,3,E_ablate_wyckoff_vr1.2,True
2436,002436.SZ,兴森科技,元器件,20241030,11.19,63.12979017596798,63.12979017596798,0.0,1.81,11.5249,10747.26,4.522184300341307,momentum,BULL_TREND,42.799484865424034,90.86689419795216,100.0,100.0,78.88906293511556,30.0,0.0,53.45365439336047,0.0,1,1,E_ablate_accel_vr1.2,True
2602,002602.SZ,世纪华通,互联网,20241030,4.85,61.831559009561445,61.831559009561445,0.0,3.1,9.2754,27362.46,1.2219959266802545,momentum,BULL_TREND,81.61341077497565,100.0,100.0,80.0,29.81811723349996,66.66666666666666,0.0,62.92590613281772,0.0,2,2,E_ablate_accel_vr1.2,True
603708,603708.SH,家家悦,超市连锁,20241030,11.33,61.47713960599685,61.47713960599685,0.0,4.73,7.5131,7283.51,3.901611535199314,momentum,BULL_TREND,100.0,94.59033078880412,72.8351,100.0,50.28266440153678,10.0,0.0,68.94553646809078,0.0,3,3,E_ablate_accel_vr1.2,True
977,000977.SZ,浪潮信息,IT设备,20241031,46.78,74.3610521303672,65.76520576031,8.595846370057203,1.92,11.2233,47405.47,1.515789473684208,momentum,BULL_TREND,47.05531554732157,100.0,100.0,65.0,85.95846370057203,53.333333333333336,0.0,55.98549021430688,0.0,1,1,A_recovered_proxy_vr1.5,True
938,000938.SZ,紫光股份,IT设备,20241031,26.25,72.12759957159057,63.53175320153336,8.595846370057203,1.91,6.4199,42495.07,4.1970802919707975,momentum,BULL_TREND,46.67863191305119,92.81751824817522,100.0,40.0,85.95846370057203,33.33333333333333,0.0,63.8984718297708,0.0,2,2,A_recovered_proxy_vr1.5,True
603019,603019.SH,中科曙光,IT设备,20241031,61.2,69.43892610261666,60.84307973255946,8.595846370057203,1.68,11.757,55524.81,3.087885985748212,momentum,BULL_TREND,37.42306165020178,99.47268408551074,100.0,65.0,85.95846370057203,30.0,0.0,33.406593363637086,0.0,3,3,A_recovered_proxy_vr1.5,True
977,000977.SZ,浪潮信息,IT设备,20241031,46.78,65.76520576031,65.76520576031,0.0,1.92,11.2233,47405.47,1.515789473684208,momentum,BULL_TREND,47.05531554732157,100.0,100.0,65.0,85.95846370057203,53.333333333333336,0.0,55.98549021430688,0.0,1,1,B_pure_quant_vr1.5,True
938,000938.SZ,紫光股份,IT设备,20241031,26.25,63.53175320153336,63.53175320153336,0.0,1.91,6.4199,42495.07,4.1970802919707975,momentum,BULL_TREND,46.67863191305119,92.81751824817522,100.0,40.0,85.95846370057203,33.33333333333333,0.0,63.8984718297708,0.0,2,2,B_pure_quant_vr1.5,True
603019,603019.SH,中科曙光,IT设备,20241031,61.2,60.84307973255946,60.84307973255946,0.0,1.68,11.757,55524.81,3.087885985748212,momentum,BULL_TREND,37.42306165020178,99.47268408551074,100.0,65.0,85.95846370057203,30.0,0.0,33.406593363637086,0.0,3,3,B_pure_quant_vr1.5,True
977,000977.SZ,浪潮信息,IT设备,20241031,46.78,72.22331403253163,64.34004702841962,7.883267004112011,1.92,11.2233,47405.47,1.515789473684208,momentum,BULL_TREND,47.05531554732157,100.0,100.0,65.0,78.83267004112011,53.333333333333336,0.0,55.98549021430688,0.0,1,1,A_recovered_proxy_vr1.2,True
938,000938.SZ,紫光股份,IT设备,20241031,26.25,69.98986147375498,62.10659446964297,7.883267004112011,1.91,6.4199,42495.07,4.1970802919707975,momentum,BULL_TREND,46.67863191305119,92.81751824817522,100.0,40.0,78.83267004112011,33.33333333333333,0.0,63.8984718297708,0.0,2,2,A_recovered_proxy_vr1.2,True
603019,603019.SH,中科曙光,IT设备,20241031,61.2,67.30118800478108,59.41792100066908,7.883267004112011,1.68,11.757,55524.81,3.087885985748212,momentum,BULL_TREND,37.42306165020178,99.47268408551074,100.0,65.0,78.83267004112011,30.0,0.0,33.406593363637086,0.0,3,3,A_recovered_proxy_vr1.2,True
977,000977.SZ,浪潮信息,IT设备,20241031,46.78,64.34004702841962,64.34004702841962,0.0,1.92,11.2233,47405.47,1.515789473684208,momentum,BULL_TREND,47.05531554732157,100.0,100.0,65.0,78.83267004112011,53.333333333333336,0.0,55.98549021430688,0.0,1,1,D_pure_quant_vr1.2,True
938,000938.SZ,紫光股份,IT设备,20241031,26.25,62.10659446964297,62.10659446964297,0.0,1.91,6.4199,42495.07,4.1970802919707975,momentum,BULL_TREND,46.67863191305119,92.81751824817522,100.0,40.0,78.83267004112011,33.33333333333333,0.0,63.8984718297708,0.0,2,2,D_pure_quant_vr1.2,True
603019,603019.SH,中科曙光,IT设备,20241031,61.2,59.41792100066908,59.41792100066908,0.0,1.68,11.757,55524.81,3.087885985748212,momentum,BULL_TREND,37.42306165020178,99.47268408551074,100.0,65.0,78.83267004112011,30.0,0.0,33.406593363637086,0.0,3,3,D_pure_quant_vr1.2,True
2271,002271.SZ,东方雨虹,其他建材,20241031,14.59,50.198850248675214,50.198850248675214,0.0,1.82,6.9588,15707.93,3.823335530652604,momentum,BULL_TREND,43.19692252119858,95.05998681608438,100.0,100.0,42.61635160432749,63.33333333333333,0.0,60.4664652222032,0.0,1,1,E_ablate_sector_vr1.2,True
977,000977.SZ,浪潮信息,IT设备,20241031,46.78,48.57351302019559,48.57351302019559,0.0,1.92,11.2233,47405.47,1.515789473684208,momentum,BULL_TREND,47.05531554732157,100.0,100.0,65.0,78.83267004112011,53.333333333333336,0.0,55.98549021430688,0.0,2,2,E_ablate_sector_vr1.2,True
2104,002104.SZ,恒宝股份,通信设备,20241031,7.23,47.91804781217474,47.91804781217474,0.0,2.81,8.1469,5239.68,3.083109919571039,momentum,BULL_TREND,74.52850652231007,99.50134048257377,52.396800000000006,80.0,34.85734915556315,66.66666666666666,0.0,89.75944452237519,0.0,3,3,E_ablate_sector_vr1.2,True
823,000823.SZ,超声电子,元器件,20241031,10.02,46.38713566013721,46.38713566013721,0.0,2.31,5.3446,4172.92,0.0997008973080736,momentum,BULL_TREND,60.39464258206665,100.0,41.7292,65.0,63.45672771068146,66.66666666666666,0.0,80.53260397357586,0.0,1,1,E_ablate_inflow_vr1.2,True
2362,002362.SZ,汉王科技,软件服务,20241031,20.38,45.50713213515661,45.50713213515661,0.0,2.28,11.5355,4728.74,2.952380952380957,momentum,BULL_TREND,59.451691219500844,100.0,47.2874,80.0,67.13829696556564,53.333333333333336,0.0,64.95052392451684,0.0,2,2,E_ablate_inflow_vr1.2,True
2279,002279.SZ,久其软件,软件服务,20241031,6.54,45.0931048635983,45.0931048635983,0.0,1.96,11.7078,5141.63,2.6785714285714244,momentum,BULL_TREND,48.54268271702418,100.0,51.4163,80.0,67.13829696556564,66.66666666666666,0.0,70.50709729598206,0.0,3,3,E_ablate_inflow_vr1.2,True
977,000977.SZ,浪潮信息,IT设备,20241031,46.78,58.74149800698893,58.74149800698893,0.0,1.92,11.2233,47405.47,1.515789473684208,momentum,BULL_TREND,47.05531554732157,100.0,100.0,65.0,78.83267004112011,53.333333333333336,0.0,55.98549021430688,0.0,1,1,E_ablate_wyckoff_vr1.2,True
603019,603019.SH,中科曙光,IT设备,20241031,61.2,56.07726166430537,56.07726166430537,0.0,1.68,11.757,55524.81,3.087885985748212,momentum,BULL_TREND,37.42306165020178,99.47268408551074,100.0,65.0,78.83267004112011,30.0,0.0,33.406593363637086,0.0,2,2,E_ablate_wyckoff_vr1.2,True
938,000938.SZ,紫光股份,IT设备,20241031,26.25,55.71674728666589,55.71674728666589,0.0,1.91,6.4199,42495.07,4.1970802919707975,momentum,BULL_TREND,46.67863191305119,92.81751824817522,100.0,40.0,78.83267004112011,33.33333333333333,0.0,63.8984718297708,0.0,3,3,E_ablate_wyckoff_vr1.2,True
977,000977.SZ,浪潮信息,IT设备,20241031,46.78,64.34004702841962,64.34004702841962,0.0,1.92,11.2233,47405.47,1.515789473684208,momentum,BULL_TREND,47.05531554732157,100.0,100.0,65.0,78.83267004112011,53.333333333333336,0.0,55.98549021430688,0.0,1,1,E_ablate_accel_vr1.2,True
938,000938.SZ,紫光股份,IT设备,20241031,26.25,62.10659446964297,62.10659446964297,0.0,1.91,6.4199,42495.07,4.1970802919707975,momentum,BULL_TREND,46.67863191305119,92.81751824817522,100.0,40.0,78.83267004112011,33.33333333333333,0.0,63.8984718297708,0.0,2,2,E_ablate_accel_vr1.2,True
603019,603019.SH,中科曙光,IT设备,20241031,61.2,59.41792100066908,59.41792100066908,0.0,1.68,11.757,55524.81,3.087885985748212,momentum,BULL_TREND,37.42306165020178,99.47268408551074,100.0,65.0,78.83267004112011,30.0,0.0,33.406593363637086,0.0,3,3,E_ablate_accel_vr1.2,True
2340,002340.SZ,格林美,小金属,20241101,7.14,73.614888820815,65.76444439262764,7.850444428187355,2.38,6.2991,34151.93,8.928571428571432,momentum,BULL_TREND,62.548078676660936,64.69387755102039,100.0,65.0,78.50444428187355,76.66666666666667,0.0,71.28622646318411,0.0,1,1,A_recovered_proxy_vr1.5,True
603799,603799.SH,华友钴业,小金属,20241101,31.94,71.32969662897813,63.479252200790775,7.850444428187355,1.91,5.87,25198.63,3.621001810500904,momentum,BULL_TREND,46.67863191305119,96.27398913699456,100.0,65.0,78.50444428187355,33.33333333333333,0.0,62.32502977092263,0.0,2,2,A_recovered_proxy_vr1.5,True
600497,600497.SH,驰宏锌锗,铅锌,20241101,6.05,67.39314013323735,67.39314013323735,0.0,3.24,7.3872,20191.28,3.968253968253968,momentum,BULL_TREND,84.79969065549501,94.1904761904762,100.0,65.0,58.83576161306021,10.0,0.0,97.36986593253444,0.0,3,3,A_recovered_proxy_vr1.5,True
600497,600497.SH,驰宏锌锗,铅锌,20241101,6.05,67.39314013323735,67.39314013323735,0.0,3.24,7.3872,20191.28,3.968253968253968,momentum,BULL_TREND,84.79969065549501,94.1904761904762,100.0,65.0,58.83576161306021,10.0,0.0,97.36986593253444,0.0,1,1,B_pure_quant_vr1.5,True
2340,002340.SZ,格林美,小金属,20241101,7.14,65.76444439262764,65.76444439262764,0.0,2.38,6.2991,34151.93,8.928571428571432,momentum,BULL_TREND,62.548078676660936,64.69387755102039,100.0,65.0,78.50444428187355,76.66666666666667,0.0,71.28622646318411,0.0,2,2,B_pure_quant_vr1.5,True
603799,603799.SH,华友钴业,小金属,20241101,31.94,63.479252200790775,63.479252200790775,0.0,1.91,5.87,25198.63,3.621001810500904,momentum,BULL_TREND,46.67863191305119,96.27398913699456,100.0,65.0,78.50444428187355,33.33333333333333,0.0,62.32502977092263,0.0,3,3,B_pure_quant_vr1.5,True
2340,002340.SZ,格林美,小金属,20241101,7.14,72.86582157133167,65.26506622630542,7.600755345026245,2.38,6.2991,34151.93,8.928571428571432,momentum,BULL_TREND,62.548078676660936,64.69387755102039,100.0,65.0,76.00755345026245,76.66666666666667,0.0,71.28622646318411,0.0,1,1,A_recovered_proxy_vr1.2,True
603799,603799.SH,华友钴业,小金属,20241101,31.94,70.58062937949481,62.97987403446856,7.600755345026245,1.91,5.87,25198.63,3.621001810500904,momentum,BULL_TREND,46.67863191305119,96.27398913699456,100.0,65.0,76.00755345026245,33.33333333333333,0.0,62.32502977092263,0.0,2,2,A_recovered_proxy_vr1.2,True
600497,600497.SH,驰宏锌锗,铅锌,20241101,6.05,67.07462567278886,67.07462567278886,0.0,3.24,7.3872,20191.28,3.968253968253968,momentum,BULL_TREND,84.79969065549501,94.1904761904762,100.0,65.0,57.24318931081771,10.0,0.0,97.36986593253444,0.0,3,3,A_recovered_proxy_vr1.2,True
600497,600497.SH,驰宏锌锗,铅锌,20241101,6.05,67.07462567278886,67.07462567278886,0.0,3.24,7.3872,20191.28,3.968253968253968,momentum,BULL_TREND,84.79969065549501,94.1904761904762,100.0,65.0,57.24318931081771,10.0,0.0,97.36986593253444,0.0,1,1,D_pure_quant_vr1.2,True
2340,002340.SZ,格林美,小金属,20241101,7.14,65.26506622630542,65.26506622630542,0.0,2.38,6.2991,34151.93,8.928571428571432,momentum,BULL_TREND,62.548078676660936,64.69387755102039,100.0,65.0,76.00755345026245,76.66666666666667,0.0,71.28622646318411,0.0,2,2,D_pure_quant_vr1.2,True
603799,603799.SH,华友钴业,小金属,20241101,31.94,62.97987403446856,62.97987403446856,0.0,1.91,5.87,25198.63,3.621001810500904,momentum,BULL_TREND,46.67863191305119,96.27398913699456,100.0,65.0,76.00755345026245,33.33333333333333,0.0,62.32502977092263,0.0,3,3,D_pure_quant_vr1.2,True
600497,600497.SH,驰宏锌锗,铅锌,20241101,6.05,55.62598781062532,55.62598781062532,0.0,3.24,7.3872,20191.28,3.968253968253968,momentum,BULL_TREND,84.79969065549501,94.1904761904762,100.0,65.0,57.24318931081771,10.0,0.0,97.36986593253444,0.0,1,1,E_ablate_sector_vr1.2,True
2340,002340.SZ,格林美,小金属,20241101,7.14,50.06355553625293,50.06355553625293,0.0,2.38,6.2991,34151.93,8.928571428571432,momentum,BULL_TREND,62.548078676660936,64.69387755102039,100.0,65.0,76.00755345026245,76.66666666666667,0.0,71.28622646318411,0.0,2,2,E_ablate_sector_vr1.2,True
600206,600206.SH,有研新材,半导体,20241101,11.95,49.66858563141499,49.66858563141499,0.0,3.07,8.727,7159.41,3.629032258064525,momentum,BULL_TREND,80.91193277977273,96.22580645161284,71.5941,60.0,39.1678576385729,43.333333333333336,0.0,84.23728402621127,0.0,3,3,E_ablate_sector_vr1.2,True
600497,600497.SH,驰宏锌锗,铅锌,20241101,6.05,47.07462567278886,47.07462567278886,0.0,3.24,7.3872,20191.28,3.968253968253968,momentum,BULL_TREND,84.79969065549501,94.1904761904762,100.0,65.0,57.24318931081771,10.0,0.0,97.36986593253444,0.0,1,1,E_ablate_inflow_vr1.2,True
2340,002340.SZ,格林美,小金属,20241101,7.14,45.26506622630541,45.26506622630541,0.0,2.38,6.2991,34151.93,8.928571428571432,momentum,BULL_TREND,62.548078676660936,64.69387755102039,100.0,65.0,76.00755345026245,76.66666666666667,0.0,71.28622646318411,0.0,2,2,E_ablate_inflow_vr1.2,True
2340,002340.SZ,格林美,小金属,20241101,7.14,58.136443579987,58.136443579987,0.0,2.38,6.2991,34151.93,8.928571428571432,momentum,BULL_TREND,62.548078676660936,64.69387755102039,100.0,65.0,76.00755345026245,76.66666666666667,0.0,71.28622646318411,0.0,1,1,E_ablate_wyckoff_vr1.2,True
600497,600497.SH,驰宏锌锗,铅锌,20241101,6.05,57.33763907953541,57.33763907953541,0.0,3.24,7.3872,20191.28,3.968253968253968,momentum,BULL_TREND,84.79969065549501,94.1904761904762,100.0,65.0,57.24318931081771,10.0,0.0,97.36986593253444,0.0,2,2,E_ablate_wyckoff_vr1.2,True
603799,603799.SH,华友钴业,小金属,20241101,31.94,56.74737105737629,56.74737105737629,0.0,1.91,5.87,25198.63,3.621001810500904,momentum,BULL_TREND,46.67863191305119,96.27398913699456,100.0,65.0,76.00755345026245,33.33333333333333,0.0,62.32502977092263,0.0,3,3,E_ablate_wyckoff_vr1.2,True
600497,600497.SH,驰宏锌锗,铅锌,20241101,6.05,67.07462567278886,67.07462567278886,0.0,3.24,7.3872,20191.28,3.968253968253968,momentum,BULL_TREND,84.79969065549501,94.1904761904762,100.0,65.0,57.24318931081771,10.0,0.0,97.36986593253444,0.0,1,1,E_ablate_accel_vr1.2,True
2340,002340.SZ,格林美,小金属,20241101,7.14,65.26506622630542,65.26506622630542,0.0,2.38,6.2991,34151.93,8.928571428571432,momentum,BULL_TREND,62.548078676660936,64.69387755102039,100.0,65.0,76.00755345026245,76.66666666666667,0.0,71.28622646318411,0.0,2,2,E_ablate_accel_vr1.2,True
603799,603799.SH,华友钴业,小金属,20241101,31.94,62.97987403446856,62.97987403446856,0.0,1.91,5.87,25198.63,3.621001810500904,momentum,BULL_TREND,46.67863191305119,96.27398913699456,100.0,65.0,76.00755345026245,33.33333333333333,0.0,62.32502977092263,0.0,3,3,E_ablate_accel_vr1.2,True
2698,002698.SZ,博实股份,化工机械,20241104,14.84,79.07996820165354,69.07996820165354,10.0,1.99,4.9225,12744.63,8.111455108359127,weak_momentum,BULL_TREND,49.63842153844621,100.0,100.0,80.0,100.0,10.0,0.0,80.89469980591075,0.0,1,1,A_recovered_proxy_vr1.5,True
2074,002074.SZ,国轩高科,电气设备,20241104,23.37,67.73266918976137,59.38654861975331,8.34612057000806,1.68,3.6001,9112.73,8.02833530106257,weak_momentum,BULL_TREND,37.42306165020178,100.0,91.1273,80.0,83.4612057000806,0.0,0.0,59.006630114739735,0.0,2,2,A_recovered_proxy_vr1.5,True
603477,603477.SH,巨星农牧,农业综合,20241104,20.93,65.13402564725124,57.65788526548054,7.476140381770705,1.63,5.3861,7180.6,11.910774410774415,weak_momentum,BULL_TREND,35.24359822281764,100.0,71.806,100.0,74.76140381770705,33.33333333333333,0.0,63.76925528490112,0.0,3,3,A_recovered_proxy_vr1.5,True
2698,002698.SZ,博实股份,化工机械,20241104,14.84,69.07996820165354,69.07996820165354,0.0,1.99,4.9225,12744.63,8.111455108359127,weak_momentum,BULL_TREND,49.63842153844621,100.0,100.0,80.0,100.0,10.0,0.0,80.89469980591075,0.0,1,1,B_pure_quant_vr1.5,True
2074,002074.SZ,国轩高科,电气设备,20241104,23.37,59.38654861975331,59.38654861975331,0.0,1.68,3.6001,9112.73,8.02833530106257,weak_momentum,BULL_TREND,37.42306165020178,100.0,91.1273,80.0,83.4612057000806,0.0,0.0,59.006630114739735,0.0,2,2,B_pure_quant_vr1.5,True
603477,603477.SH,巨星农牧,农业综合,20241104,20.93,57.65788526548054,57.65788526548054,0.0,1.63,5.3861,7180.6,11.910774410774415,weak_momentum,BULL_TREND,35.24359822281764,100.0,71.806,100.0,74.76140381770705,33.33333333333333,0.0,63.76925528490112,0.0,3,3,B_pure_quant_vr1.5,True
2698,002698.SZ,博实股份,化工机械,20241104,14.84,77.68328000320054,68.24195528258174,9.4413247206188,1.99,4.9225,12744.63,8.111455108359127,weak_momentum,BULL_TREND,49.63842153844621,100.0,100.0,80.0,94.413247206188,10.0,0.0,80.89469980591075,0.0,1,1,A_recovered_proxy_vr1.2,True
2074,002074.SZ,国轩高科,电气设备,20241104,23.37,66.69286263697681,57.96266468808258,8.730197948894235,1.68,3.6001,9112.73,8.02833530106257,weak_momentum,BULL_TREND,37.42306165020178,100.0,91.1273,40.0,87.30197948894235,0.0,0.0,59.006630114739735,0.0,2,2,A_recovered_proxy_vr1.2,True
600072,600072.SH,中船科技,电气设备,20241104,14.12,57.417339551383776,48.68714160248954,8.730197948894235,1.26,4.6604,4262.79,11.473354231974922,weak_momentum,BULL_TREND,16.67118668625959,100.0,42.6279,65.0,87.30197948894235,20.0,0.0,61.12096450806166,0.0,3,3,A_recovered_proxy_vr1.2,True
2698,002698.SZ,博实股份,化工机械,20241104,14.84,68.24195528258174,68.24195528258174,0.0,1.99,4.9225,12744.63,8.111455108359127,weak_momentum,BULL_TREND,49.63842153844621,100.0,100.0,80.0,94.413247206188,10.0,0.0,80.89469980591075,0.0,1,1,D_pure_quant_vr1.2,True
2074,002074.SZ,国轩高科,电气设备,20241104,23.37,57.96266468808258,57.96266468808258,0.0,1.68,3.6001,9112.73,8.02833530106257,weak_momentum,BULL_TREND,37.42306165020178,100.0,91.1273,40.0,87.30197948894235,0.0,0.0,59.006630114739735,0.0,2,2,D_pure_quant_vr1.2,True
603477,603477.SH,巨星农牧,农业综合,20241104,20.93,57.185730674355725,57.185730674355725,0.0,1.63,5.3861,7180.6,11.910774410774415,weak_momentum,BULL_TREND,35.24359822281764,100.0,71.806,100.0,71.61370654354165,33.33333333333333,0.0,63.76925528490112,0.0,3,3,D_pure_quant_vr1.2,True
2698,002698.SZ,博实股份,化工机械,20241104,14.84,54.07996820165354,54.07996820165354,0.0,1.99,4.9225,12744.63,8.111455108359127,weak_momentum,BULL_TREND,49.63842153844621,100.0,100.0,80.0,94.413247206188,10.0,0.0,80.89469980591075,0.0,1,1,E_ablate_sector_vr1.2,True
603477,603477.SH,巨星农牧,农业综合,20241104,20.93,46.44367469282448,46.44367469282448,0.0,1.63,5.3861,7180.6,11.910774410774415,weak_momentum,BULL_TREND,35.24359822281764,100.0,71.806,100.0,71.61370654354165,33.33333333333333,0.0,63.76925528490112,0.0,2,2,E_ablate_sector_vr1.2,True
2698,002698.SZ,博实股份,化工机械,20241104,14.84,50.33108856525524,50.33108856525524,0.0,1.99,4.9225,12744.63,8.111455108359127,weak_momentum,BULL_TREND,49.63842153844621,100.0,100.0,80.0,95.00746909067794,10.0,0.0,80.89469980591075,0.0,1,1,E_ablate_inflow_vr1.2,True
603233,603233.SH,大参林,医药商业,20241104,16.73,47.423387665586816,47.423387665586816,0.0,3.39,3.8048,-1623.03,6.640625000000007,weak_momentum,BULL_TREND,88.06426366808097,100.0,0.0,80.0,26.62050962530079,20.0,0.0,88.13781114386366,0.0,2,2,E_ablate_inflow_vr1.2,True
2698,002698.SZ,博实股份,化工机械,20241104,14.84,56.107750311695135,56.107750311695135,0.0,1.99,4.9225,12744.63,8.111455108359127,weak_momentum,BULL_TREND,49.63842153844621,100.0,100.0,80.0,94.413247206188,10.0,0.0,80.89469980591075,0.0,1,1,E_ablate_wyckoff_vr1.2,True
2074,002074.SZ,国轩高科,电气设备,20241104,23.37,49.11167017087162,49.11167017087162,0.0,1.68,3.6001,9112.73,8.02833530106257,weak_momentum,BULL_TREND,37.42306165020178,100.0,91.1273,40.0,87.30197948894235,0.0,0.0,59.006630114739735,0.0,2,2,E_ablate_wyckoff_vr1.2,True
603477,603477.SH,巨星农牧,农业综合,20241104,20.93,47.62034238162056,47.62034238162056,0.0,1.63,5.3861,7180.6,11.910774410774415,weak_momentum,BULL_TREND,35.24359822281764,100.0,71.806,100.0,71.61370654354165,33.33333333333333,0.0,63.76925528490112,0.0,3,3,E_ablate_wyckoff_vr1.2,True
2698,002698.SZ,博实股份,化工机械,20241104,14.84,68.24195528258174,68.24195528258174,0.0,1.99,4.9225,12744.63,8.111455108359127,weak_momentum,BULL_TREND,49.63842153844621,100.0,100.0,80.0,94.413247206188,10.0,0.0,80.89469980591075,0.0,1,1,E_ablate_accel_vr1.2,True
2074,002074.SZ,国轩高科,电气设备,20241104,23.37,57.96266468808258,57.96266468808258,0.0,1.68,3.6001,9112.73,8.02833530106257,weak_momentum,BULL_TREND,37.42306165020178,100.0,91.1273,40.0,87.30197948894235,0.0,0.0,59.006630114739735,0.0,2,2,E_ablate_accel_vr1.2,True
603477,603477.SH,巨星农牧,农业综合,20241104,20.93,57.185730674355725,57.185730674355725,0.0,1.63,5.3861,7180.6,11.910774410774415,weak_momentum,BULL_TREND,35.24359822281764,100.0,71.806,100.0,71.61370654354165,33.33333333333333,0.0,63.76925528490112,0.0,3,3,E_ablate_accel_vr1.2,True
600879,600879.SH,航天电子,航空,20241105,10.15,66.28076241245651,60.52969795045583,5.751064462000691,2.29,9.3186,8995.01,1.551891367604269,momentum,BULL_TREND,59.76737991611096,100.0,89.9501,100.0,57.51064462000691,33.33333333333333,0.0,54.0577537237113,0.0,1,1,A_recovered_proxy_vr1.5,True
600038,600038.SH,中直股份,航空,20241105,43.6,65.82994631699316,60.07888185499246,5.751064462000691,2.05,3.2515,15789.53,1.3574660633484197,momentum,BULL_TREND,51.781195486536056,100.0,100.0,65.0,57.51064462000691,30.0,0.0,60.59573608010666,0.0,2,2,A_recovered_proxy_vr1.5,True
600518,600518.SH,康美药业,中成药,20241105,2.1,57.031495454089566,57.031495454089566,0.0,1.91,5.28,29712.37,1.408450704225343,momentum,BULL_TREND,46.67863191305119,100.0,100.0,100.0,43.38817160829923,30.0,0.0,48.52066345472044,0.0,3,3,A_recovered_proxy_vr1.5,True
600879,600879.SH,航天电子,航空,20241105,10.15,60.52969795045583,60.52969795045583,0.0,2.29,9.3186,8995.01,1.551891367604269,momentum,BULL_TREND,59.76737991611096,100.0,89.9501,100.0,57.51064462000691,33.33333333333333,0.0,54.0577537237113,0.0,1,1,B_pure_quant_vr1.5,True
600038,600038.SH,中直股份,航空,20241105,43.6,60.07888185499246,60.07888185499246,0.0,2.05,3.2515,15789.53,1.3574660633484197,momentum,BULL_TREND,51.781195486536056,100.0,100.0,65.0,57.51064462000691,30.0,0.0,60.59573608010666,0.0,2,2,B_pure_quant_vr1.5,True
600518,600518.SH,康美药业,中成药,20241105,2.1,57.031495454089566,57.031495454089566,0.0,1.91,5.28,29712.37,1.408450704225343,momentum,BULL_TREND,46.67863191305119,100.0,100.0,100.0,43.38817160829923,30.0,0.0,48.52066345472044,0.0,3,3,B_pure_quant_vr1.5,True
601555,601555.SH,东吴证券,证券,20241105,8.78,73.09698927911673,64.00642430619881,9.090564972917916,1.45,3.764,15011.7,4.043715846994546,momentum,BULL_TREND,26.802645012010483,93.73770491803272,100.0,65.0,90.90564972917916,33.33333333333333,0.0,75.14460450091465,0.0,1,1,A_recovered_proxy_vr1.2,True
2340,002340.SZ,格林美,小金属,20241105,7.34,64.7628027088048,58.44653785194157,6.316264856863231,1.79,6.2312,20436.8,2.9100529100529067,momentum,BULL_TREND,41.99797937447659,100.0,100.0,65.0,63.16264856863231,20.0,0.0,52.643112320436096,0.0,2,2,A_recovered_proxy_vr1.2,True
2195,002195.SZ,岩山科技,软件服务,20241105,3.04,62.34563847227212,55.38330950422301,6.962328968049116,1.22,4.4306,14221.49,2.5641025641025665,momentum,BULL_TREND,14.344057389408077,100.0,100.0,65.0,69.62328968049115,33.33333333333333,0.0,43.90376293046896,0.0,3,3,A_recovered_proxy_vr1.2,True
601555,601555.SH,东吴证券,证券,20241105,8.78,64.00642430619881,64.00642430619881,0.0,1.45,3.764,15011.7,4.043715846994546,momentum,BULL_TREND,26.802645012010483,93.73770491803272,100.0,65.0,90.90564972917916,33.33333333333333,0.0,75.14460450091465,0.0,1,1,D_pure_quant_vr1.2,True
600879,600879.SH,航天电子,航空,20241105,10.15,60.502990140348594,60.502990140348594,0.0,2.29,9.3186,8995.01,1.551891367604269,momentum,BULL_TREND,59.76737991611096,100.0,89.9501,100.0,57.37710556947077,33.33333333333333,0.0,54.0577537237113,0.0,2,2,D_pure_quant_vr1.2,True
600038,600038.SH,中直股份,航空,20241105,43.6,58.80217404488523,58.80217404488523,0.0,2.05,3.2515,15789.53,1.3574660633484197,momentum,BULL_TREND,51.781195486536056,100.0,100.0,40.0,57.37710556947077,30.0,0.0,60.59573608010666,0.0,3,3,D_pure_quant_vr1.2,True
600879,600879.SH,航天电子,航空,20241105,10.15,49.02756902645445,49.02756902645445,0.0,2.29,9.3186,8995.01,1.551891367604269,momentum,BULL_TREND,59.76737991611096,100.0,89.9501,100.0,57.37710556947077,33.33333333333333,0.0,54.0577537237113,0.0,1,1,E_ablate_sector_vr1.2,True
2936,002936.SZ,郑州银行,银行,20241105,2.15,48.77180094913432,48.77180094913432,0.0,1.72,4.0003,18032.18,5.286343612334806,momentum,BULL_TREND,39.12042824636866,86.28193832599116,100.0,65.0,34.916035739283984,66.66666666666666,0.0,76.92209546246572,0.0,2,2,E_ablate_sector_vr1.2,True
600518,600518.SH,康美药业,中成药,20241105,2.1,48.35386113242972,48.35386113242972,0.0,1.91,5.28,29712.37,1.408450704225343,momentum,BULL_TREND,46.67863191305119,100.0,100.0,100.0,45.41864879205312,30.0,0.0,48.52066345472044,0.0,3,3,E_ablate_sector_vr1.2,True
601555,601555.SH,东吴证券,证券,20241105,8.78,56.49196385610734,56.49196385610734,0.0,1.45,3.764,15011.7,4.043715846994546,momentum,BULL_TREND,26.802645012010483,93.73770491803272,100.0,65.0,90.90564972917916,33.33333333333333,0.0,75.14460450091465,0.0,1,1,E_ablate_wyckoff_vr1.2,True
600879,600879.SH,航天电子,航空,20241105,10.15,55.09721476797747,55.09721476797747,0.0,2.29,9.3186,8995.01,1.551891367604269,momentum,BULL_TREND,59.76737991611096,100.0,89.9501,100.0,57.37710556947077,33.33333333333333,0.0,54.0577537237113,0.0,2,2,E_ablate_wyckoff_vr1.2,True
2340,002340.SZ,格林美,小金属,20241105,7.34,53.18222661989795,53.18222661989795,0.0,1.79,6.2312,20436.8,2.9100529100529067,momentum,BULL_TREND,41.99797937447659,100.0,100.0,65.0,63.16264856863231,20.0,0.0,52.643112320436096,0.0,3,3,E_ablate_wyckoff_vr1.2,True
601555,601555.SH,东吴证券,证券,20241105,8.78,64.00642430619881,64.00642430619881,0.0,1.45,3.764,15011.7,4.043715846994546,momentum,BULL_TREND,26.802645012010483,93.73770491803272,100.0,65.0,90.90564972917916,33.33333333333333,0.0,75.14460450091465,0.0,1,1,E_ablate_accel_vr1.2,True
600879,600879.SH,航天电子,航空,20241105,10.15,60.502990140348594,60.502990140348594,0.0,2.29,9.3186,8995.01,1.551891367604269,momentum,BULL_TREND,59.76737991611096,100.0,89.9501,100.0,57.37710556947077,33.33333333333333,0.0,54.0577537237113,0.0,2,2,E_ablate_accel_vr1.2,True
600038,600038.SH,中直股份,航空,20241105,43.6,58.80217404488523,58.80217404488523,0.0,2.05,3.2515,15789.53,1.3574660633484197,momentum,BULL_TREND,51.781195486536056,100.0,100.0,40.0,57.37710556947077,30.0,0.0,60.59573608010666,0.0,3,3,E_ablate_accel_vr1.2,True
2555,002555.SZ,三七互娱,互联网,20241106,17.1,72.83056020014912,64.60561670123302,8.224943498916103,1.93,8.3223,23417.59,2.1739130434782554,momentum,BULL_TREND,47.430042374667785,100.0,100.0,80.0,82.24943498916102,20.0,0.0,60.41223347200638,0.0,1,1,A_recovered_proxy_vr1.5,True
2558,002558.SZ,巨人网络,互联网,20241106,13.01,70.06747580023466,61.84253230131856,8.224943498916103,1.88,4.0725,16375.64,2.1804511278195555,momentum,BULL_TREND,45.53663309514563,100.0,100.0,40.0,82.24943498916102,63.33333333333333,0.0,33.95483672547847,0.0,2,2,A_recovered_proxy_vr1.5,True
600487,600487.SH,亨通光电,通信设备,20241106,18.7,67.58398770341473,60.57779852913527,7.006189174279476,1.8,3.8658,28459.58,0.2666666666666705,momentum,BULL_TREND,42.39984532774751,100.0,100.0,65.0,70.06189174279476,33.33333333333333,0.0,52.8877671474752,0.0,3,3,A_recovered_proxy_vr1.5,True
2597,002597.SZ,金禾实业,食品,20241106,25.2,67.38625133071903,67.38625133071903,0.0,2.85,4.0704,11859.74,1.021209740769841,momentum,BULL_TREND,75.54809596386896,100.0,100.0,65.0,52.09089153646433,66.66666666666666,0.0,90.52525295512488,0.0,1,1,B_pure_quant_vr1.5,True
2555,002555.SZ,三七互娱,互联网,20241106,17.1,64.60561670123302,64.60561670123302,0.0,1.93,8.3223,23417.59,2.1739130434782554,momentum,BULL_TREND,47.430042374667785,100.0,100.0,80.0,82.24943498916102,20.0,0.0,60.41223347200638,0.0,2,2,B_pure_quant_vr1.5,True
2472,002472.SZ,双环传动,汽车配件,20241106,30.76,62.75798980797188,62.75798980797188,0.0,2.75,5.5909,12393.34,4.679268670591885,momentum,BULL_TREND,72.97158093186486,89.92438797644868,100.0,65.0,53.0436618749896,0.0,0.0,89.6108149554936,0.0,3,3,B_pure_quant_vr1.5,True
2555,002555.SZ,三七互娱,互联网,20241106,17.1,72.35272538089161,64.28706015506134,8.065665225830267,1.93,8.3223,23417.59,2.1739130434782554,momentum,BULL_TREND,47.430042374667785,100.0,100.0,80.0,80.65665225830267,20.0,0.0,60.41223347200638,0.0,1,1,A_recovered_proxy_vr1.2,True
2558,002558.SZ,巨人网络,互联网,20241106,13.01,69.58964098097717,61.52397575514689,8.065665225830267,1.88,4.0725,16375.64,2.1804511278195555,momentum,BULL_TREND,45.53663309514563,100.0,100.0,40.0,80.65665225830267,63.33333333333333,0.0,33.95483672547847,0.0,2,2,A_recovered_proxy_vr1.2,True
2131,002131.SZ,利欧股份,互联网,20241106,2.02,66.51595244632252,58.45028722049224,8.065665225830267,1.68,6.5947,8931.44,1.463414634146332,momentum,BULL_TREND,37.42306165020178,100.0,89.3144,65.0,80.65665225830267,30.0,0.0,40.92617521301436,0.0,3,3,A_recovered_proxy_vr1.2,True
2597,002597.SZ,金禾实业,食品,20241106,25.2,65.76533078733405,65.76533078733405,0.0,2.85,4.0704,11859.74,1.021209740769841,momentum,BULL_TREND,75.54809596386896,100.0,100.0,40.0,50.23628881953941,66.66666666666666,0.0,90.52525295512488,0.0,1,1,D_pure_quant_vr1.2,True
2555,002555.SZ,三七互娱,互联网,20241106,17.1,64.28706015506134,64.28706015506134,0.0,1.93,8.3223,23417.59,2.1739130434782554,momentum,BULL_TREND,47.430042374667785,100.0,100.0,80.0,80.65665225830267,20.0,0.0,60.41223347200638,0.0,2,2,D_pure_quant_vr1.2,True
2472,002472.SZ,双环传动,汽车配件,20241106,30.76,62.33268519714926,62.33268519714926,0.0,2.75,5.5909,12393.34,4.679268670591885,momentum,BULL_TREND,72.97158093186486,89.92438797644868,100.0,65.0,50.91713882087649,0.0,0.0,89.6108149554936,0.0,3,3,D_pure_quant_vr1.2,True
2597,002597.SZ,金禾实业,食品,20241106,25.2,55.718073023426165,55.718073023426165,0.0,2.85,4.0704,11859.74,1.021209740769841,momentum,BULL_TREND,75.54809596386896,100.0,100.0,40.0,50.23628881953941,66.66666666666666,0.0,90.52525295512488,0.0,1,1,E_ablate_sector_vr1.2,True
2472,002472.SZ,双环传动,汽车配件,20241106,30.76,52.149257432973954,52.149257432973954,0.0,2.75,5.5909,12393.34,4.679268670591885,momentum,BULL_TREND,72.97158093186486,89.92438797644868,100.0,65.0,50.91713882087649,0.0,0.0,89.6108149554936,0.0,2,2,E_ablate_sector_vr1.2,True
600170,600170.SH,上海建工,建筑工程,20241106,2.72,50.84115994951579,50.84115994951579,0.0,2.33,5.0194,21403.71,1.449275362318826,momentum,BULL_TREND,61.01649774397778,100.0,100.0,65.0,56.34876856503851,33.33333333333333,0.0,67.7201862125246,0.0,3,3,E_ablate_sector_vr1.2,True
603533,603533.SH,掌阅科技,互联网,20241106,20.13,47.25145826327845,47.25145826327845,0.0,2.59,7.1157,1163.66,3.2211538461538542,momentum,BULL_TREND,68.64760489559146,98.67307692307688,11.6366,65.0,81.35159984169026,66.66666666666666,0.0,42.33356534960653,0.0,1,1,E_ablate_inflow_vr1.2,True
600720,600720.SH,中交设计,建筑工程,20241106,10.28,46.65770441863887,46.65770441863887,0.0,3.34,6.217,3788.71,2.4667931688804536,momentum,BULL_TREND,86.99240513496638,100.0,37.8871,65.0,52.10253214871142,20.0,0.0,89.38337218651633,0.0,2,2,E_ablate_inflow_vr1.2,True
2597,002597.SZ,金禾实业,食品,20241106,25.2,45.94720482547813,45.94720482547813,0.0,2.85,4.0704,11859.74,1.021209740769841,momentum,BULL_TREND,75.54809596386896,100.0,100.0,40.0,51.14565901025978,66.66666666666666,0.0,90.52525295512488,0.0,3,3,E_ablate_inflow_vr1.2,True
2555,002555.SZ,三七互娱,互联网,20241106,17.1,58.24583680786071,58.24583680786071,0.0,1.93,8.3223,23417.59,2.1739130434782554,momentum,BULL_TREND,47.430042374667785,100.0,100.0,80.0,80.65665225830267,20.0,0.0,60.41223347200638,0.0,1,1,E_ablate_wyckoff_vr1.2,True
2558,002558.SZ,巨人网络,互联网,20241106,13.01,58.128492082599045,58.128492082599045,0.0,1.88,4.0725,16375.64,2.1804511278195555,momentum,BULL_TREND,45.53663309514563,100.0,100.0,40.0,80.65665225830267,63.33333333333333,0.0,33.95483672547847,0.0,2,2,E_ablate_wyckoff_vr1.2,True
2597,002597.SZ,金禾实业,食品,20241106,25.2,56.71280549182156,56.71280549182156,0.0,2.85,4.0704,11859.74,1.021209740769841,momentum,BULL_TREND,75.54809596386896,100.0,100.0,40.0,50.23628881953941,66.66666666666666,0.0,90.52525295512488,0.0,3,3,E_ablate_wyckoff_vr1.2,True
2597,002597.SZ,金禾实业,食品,20241106,25.2,65.76533078733405,65.76533078733405,0.0,2.85,4.0704,11859.74,1.021209740769841,momentum,BULL_TREND,75.54809596386896,100.0,100.0,40.0,50.23628881953941,66.66666666666666,0.0,90.52525295512488,0.0,1,1,E_ablate_accel_vr1.2,True
2555,002555.SZ,三七互娱,互联网,20241106,17.1,64.28706015506134,64.28706015506134,0.0,1.93,8.3223,23417.59,2.1739130434782554,momentum,BULL_TREND,47.430042374667785,100.0,100.0,80.0,80.65665225830267,20.0,0.0,60.41223347200638,0.0,2,2,E_ablate_accel_vr1.2,True
2472,002472.SZ,双环传动,汽车配件,20241106,30.76,62.33268519714926,62.33268519714926,0.0,2.75,5.5909,12393.34,4.679268670591885,momentum,BULL_TREND,72.97158093186486,89.92438797644868,100.0,65.0,50.91713882087649,0.0,0.0,89.6108149554936,0.0,3,3,E_ablate_accel_vr1.2,True
1227,001227.SZ,兰州银行,银行,20241107,2.67,83.38344913089878,75.7151840801381,7.668265050760678,1.87,7.4707,15353.62,0.3731343283582175,momentum,BULL_TREND,45.1519135056456,100.0,100.0,80.0,76.68265050760678,33.33333333333333,0.0,79.3920028610324,100.0,1,1,A_recovered_proxy_vr1.5,True
601860,601860.SH,紫金银行,银行,20241107,3.0,79.76117413899672,72.09290908823604,7.668265050760678,1.65,4.307,13507.9,0.0,momentum,BULL_TREND,36.12330122355455,100.0,100.0,65.0,76.68265050760678,33.33333333333333,0.0,64.21217136514832,100.0,2,2,A_recovered_proxy_vr1.5,True
601878,601878.SH,浙商证券,证券,20241107,14.2,79.20106009900068,69.68678861449152,9.514271484509171,2.05,7.4781,18496.13,2.203856749311297,momentum,BULL_TREND,51.781195486536056,100.0,100.0,80.0,95.14271484509172,33.33333333333333,0.0,72.24399655826096,0.0,3,3,A_recovered_proxy_vr1.5,True
1227,001227.SZ,兰州银行,银行,20241107,2.67,75.7151840801381,75.7151840801381,0.0,1.87,7.4707,15353.62,0.3731343283582175,momentum,BULL_TREND,45.1519135056456,100.0,100.0,80.0,76.68265050760678,33.33333333333333,0.0,79.3920028610324,100.0,1,1,B_pure_quant_vr1.5,True
601860,601860.SH,紫金银行,银行,20241107,3.0,72.09290908823604,72.09290908823604,0.0,1.65,4.307,13507.9,0.0,momentum,BULL_TREND,36.12330122355455,100.0,100.0,65.0,76.68265050760678,33.33333333333333,0.0,64.21217136514832,100.0,2,2,B_pure_quant_vr1.5,True
2958,002958.SZ,青农商行,银行,20241107,3.14,71.51472228318843,71.51472228318843,0.0,1.61,3.1552,15147.75,0.3174603174603106,momentum,BULL_TREND,34.35303441699462,100.0,100.0,40.0,76.68265050760678,33.33333333333333,0.0,73.58570352451218,100.0,3,3,B_pure_quant_vr1.5,True
601878,601878.SH,浙商证券,证券,20241107,14.2,79.45828747408046,69.85827353121137,9.600013942869095,2.05,7.4781,18496.13,2.203856749311297,momentum,BULL_TREND,51.781195486536056,100.0,100.0,80.0,96.00013942869094,33.33333333333333,0.0,72.24399655826096,0.0,1,1,A_recovered_proxy_vr1.2,True
1227,001227.SZ,兰州银行,银行,20241107,2.67,78.16450892784783,72.23589061143747,5.92861831641036,1.87,7.4707,15353.62,0.3731343283582175,momentum,BULL_TREND,45.1519135056456,100.0,100.0,80.0,59.2861831641036,33.33333333333333,0.0,79.3920028610324,100.0,2,2,A_recovered_proxy_vr1.2,True
2958,002958.SZ,青农商行,银行,20241107,3.14,75.21404713089817,69.2854288144878,5.92861831641036,1.61,3.1552,15147.75,0.3174603174603106,momentum,BULL_TREND,34.35303441699462,100.0,100.0,65.0,59.2861831641036,33.33333333333333,0.0,73.58570352451218,100.0,3,3,A_recovered_proxy_vr1.2,True
1227,001227.SZ,兰州银行,银行,20241107,2.67,72.23589061143747,72.23589061143747,0.0,1.87,7.4707,15353.62,0.3731343283582175,momentum,BULL_TREND,45.1519135056456,100.0,100.0,80.0,59.2861831641036,33.33333333333333,0.0,79.3920028610324,100.0,1,1,D_pure_quant_vr1.2,True
601878,601878.SH,浙商证券,证券,20241107,14.2,69.85827353121137,69.85827353121137,0.0,2.05,7.4781,18496.13,2.203856749311297,momentum,BULL_TREND,51.781195486536056,100.0,100.0,80.0,96.00013942869094,33.33333333333333,0.0,72.24399655826096,0.0,2,2,D_pure_quant_vr1.2,True
2958,002958.SZ,青农商行,银行,20241107,3.14,69.2854288144878,69.2854288144878,0.0,1.61,3.1552,15147.75,0.3174603174603106,momentum,BULL_TREND,34.35303441699462,100.0,100.0,65.0,59.2861831641036,33.33333333333333,0.0,73.58570352451218,100.0,3,3,D_pure_quant_vr1.2,True
1227,001227.SZ,兰州银行,银行,20241107,2.67,60.37865397861675,60.37865397861675,0.0,1.87,7.4707,15353.62,0.3731343283582175,momentum,BULL_TREND,45.1519135056456,100.0,100.0,80.0,59.2861831641036,33.33333333333333,0.0,79.3920028610324,100.0,1,1,E_ablate_sector_vr1.2,True
2958,002958.SZ,青农商行,银行,20241107,3.14,57.42819218166708,57.42819218166708,0.0,1.61,3.1552,15147.75,0.3174603174603106,momentum,BULL_TREND,34.35303441699462,100.0,100.0,65.0,59.2861831641036,33.33333333333333,0.0,73.58570352451218,100.0,2,2,E_ablate_sector_vr1.2,True
601860,601860.SH,紫金银行,银行,20241107,3.0,56.75637898671468,56.75637898671468,0.0,1.65,4.307,13507.9,0.0,momentum,BULL_TREND,36.12330122355455,100.0,100.0,65.0,59.2861831641036,33.33333333333333,0.0,64.21217136514832,100.0,3,3,E_ablate_sector_vr1.2,True
1227,001227.SZ,兰州银行,银行,20241107,2.67,52.25809059633314,52.25809059633314,0.0,1.87,7.4707,15353.62,0.3731343283582175,momentum,BULL_TREND,45.1519135056456,100.0,100.0,80.0,59.39718308858195,33.33333333333333,0.0,79.3920028610324,100.0,1,1,E_ablate_inflow_vr1.2,True
601878,601878.SH,浙商证券,证券,20241107,14.2,49.712015012989774,49.712015012989774,0.0,2.05,7.4781,18496.13,2.203856749311297,momentum,BULL_TREND,51.781195486536056,100.0,100.0,80.0,95.268846837583,33.33333333333333,0.0,72.24399655826096,0.0,2,2,E_ablate_inflow_vr1.2,True
2958,002958.SZ,青农商行,银行,20241107,3.14,49.307628799383465,49.307628799383465,0.0,1.61,3.1552,15147.75,0.3174603174603106,momentum,BULL_TREND,34.35303441699462,100.0,100.0,65.0,59.39718308858195,33.33333333333333,0.0,73.58570352451218,100.0,3,3,E_ablate_inflow_vr1.2,True
1227,001227.SZ,兰州银行,银行,20241107,2.67,64.29669032533423,64.29669032533423,0.0,1.87,7.4707,15353.62,0.3731343283582175,momentum,BULL_TREND,45.1519135056456,100.0,100.0,80.0,59.2861831641036,33.33333333333333,0.0,79.3920028610324,100.0,1,1,E_ablate_wyckoff_vr1.2,True
601878,601878.SH,浙商证券,证券,20241107,14.2,62.63387387538526,62.63387387538526,0.0,2.05,7.4781,18496.13,2.203856749311297,momentum,BULL_TREND,51.781195486536056,100.0,100.0,80.0,96.00013942869094,33.33333333333333,0.0,72.24399655826096,0.0,2,2,E_ablate_wyckoff_vr1.2,True
601860,601860.SH,紫金银行,银行,20241107,3.0,62.19239848302057,62.19239848302057,0.0,1.65,4.307,13507.9,0.0,momentum,BULL_TREND,36.12330122355455,100.0,100.0,65.0,59.2861831641036,33.33333333333333,0.0,64.21217136514832,100.0,3,3,E_ablate_wyckoff_vr1.2,True
601878,601878.SH,浙商证券,证券,20241107,14.2,69.85827353121137,69.85827353121137,0.0,2.05,7.4781,18496.13,2.203856749311297,momentum,BULL_TREND,51.781195486536056,100.0,100.0,80.0,96.00013942869094,33.33333333333333,0.0,72.24399655826096,0.0,1,1,E_ablate_accel_vr1.2,True
600109,600109.SH,国金证券,证券,20241107,10.01,65.08144703282407,65.08144703282407,0.0,1.56,4.6787,11051.31,1.184600197433376,momentum,BULL_TREND,32.07730145437618,100.0,100.0,65.0,96.00013942869094,33.33333333333333,0.0,61.53157262262792,0.0,2,2,E_ablate_accel_vr1.2,True
712,000712.SZ,锦龙股份,证券,20241107,14.2,64.71742515205356,64.71742515205356,0.0,1.63,8.5455,12219.53,2.739726027397263,momentum,BULL_TREND,35.24359822281764,100.0,100.0,80.0,96.00013942869094,66.66666666666666,0.0,28.975241995594008,0.0,3,3,E_ablate_accel_vr1.2,True
2151,002151.SZ,北斗星通,通信设备,20241108,30.73,82.39608900008093,72.93928065690895,9.45680834317198,2.31,8.9176,10229.04,3.938730853391679,momentum,BULL_TREND,60.39464258206665,94.36761487964992,100.0,65.0,94.5680834317198,0.0,99.956,72.81906095289992,0.0,1,1,A_recovered_proxy_vr1.5,True
2413,002413.SZ,雷科防务,通信设备,20241108,5.34,77.52536035167829,68.0685520085063,9.45680834317198,1.57,9.323,11272.75,0.9276437847866388,momentum,BULL_TREND,32.53822795584512,100.0,100.0,80.0,94.5680834317198,33.33333333333333,100.0,36.07534462118901,0.0,2,2,A_recovered_proxy_vr1.5,True
2465,002465.SZ,海格通信,通信设备,20241108,12.68,75.05837353261195,65.60156518943997,9.45680834317198,1.59,5.711,12016.92,3.5007610350076166,momentum,BULL_TREND,33.45133827548153,96.9954337899543,100.0,40.0,94.5680834317198,0.0,100.0,49.70704382778342,0.0,3,3,A_recovered_proxy_vr1.5,True
2151,002151.SZ,北斗星通,通信设备,20241108,30.73,72.93928065690895,72.93928065690895,0.0,2.31,8.9176,10229.04,3.938730853391679,momentum,BULL_TREND,60.39464258206665,94.36761487964992,100.0,65.0,94.5680834317198,0.0,99.956,72.81906095289992,0.0,1,1,B_pure_quant_vr1.5,True
521,000521.SZ,长虹美菱,家用电器,20241108,9.44,68.97420925949582,68.97420925949582,0.0,2.33,10.9713,5700.32,3.1794871794871846,momentum,BULL_TREND,61.01649774397778,98.92307692307688,57.0032,100.0,51.03806926619196,66.66666666666666,100.0,49.87839719019734,100.0,2,2,B_pure_quant_vr1.5,True
2413,002413.SZ,雷科防务,通信设备,20241108,5.34,68.0685520085063,68.0685520085063,0.0,1.57,9.323,11272.75,0.9276437847866388,momentum,BULL_TREND,32.53822795584512,100.0,100.0,80.0,94.5680834317198,33.33333333333333,100.0,36.07534462118901,0.0,3,3,B_pure_quant_vr1.5,True
2151,002151.SZ,北斗星通,通信设备,20241108,30.73,80.3229943550599,71.80721756022827,8.51577679483164,2.31,8.9176,10229.04,3.938730853391679,momentum,BULL_TREND,60.39464258206665,94.36761487964992,100.0,80.0,85.15776794831639,0.0,99.956,72.81906095289992,0.0,1,1,A_recovered_proxy_vr1.2,True
2413,002413.SZ,雷科防务,通信设备,20241108,5.34,74.70226570665726,66.18648891182562,8.51577679483164,1.57,9.323,11272.75,0.9276437847866388,momentum,BULL_TREND,32.53822795584512,100.0,100.0,80.0,85.15776794831639,33.33333333333333,100.0,36.07534462118901,0.0,2,2,A_recovered_proxy_vr1.2,True
2465,002465.SZ,海格通信,通信设备,20241108,12.68,73.48527888759092,64.96950209275929,8.51577679483164,1.59,5.711,12016.92,3.5007610350076166,momentum,BULL_TREND,33.45133827548153,96.9954337899543,100.0,65.0,85.15776794831639,0.0,100.0,49.70704382778342,0.0,3,3,A_recovered_proxy_vr1.2,True
2151,002151.SZ,北斗星通,通信设备,20241108,30.73,71.80721756022827,71.80721756022827,0.0,2.31,8.9176,10229.04,3.938730853391679,momentum,BULL_TREND,60.39464258206665,94.36761487964992,100.0,80.0,85.15776794831639,0.0,99.956,72.81906095289992,0.0,1,1,D_pure_quant_vr1.2,True
521,000521.SZ,长虹美菱,家用电器,20241108,9.44,68.82545898153413,68.82545898153413,0.0,2.33,10.9713,5700.32,3.1794871794871846,momentum,BULL_TREND,61.01649774397778,98.92307692307688,57.0032,80.0,55.29431787638351,66.66666666666666,100.0,49.87839719019734,100.0,2,2,D_pure_quant_vr1.2,True
2429,002429.SZ,兆驰股份,家用电器,20241108,5.45,66.67080334975017,66.67080334975017,0.0,1.83,4.1097,7900.08,1.2681159420289747,momentum,BULL_TREND,43.59218242546589,100.0,79.0008,40.0,55.29431787638351,63.33333333333333,88.404,36.86085743986924,100.0,3,3,D_pure_quant_vr1.2,True
521,000521.SZ,长虹美菱,家用电器,20241108,9.44,57.76659540625742,57.76659540625742,0.0,2.33,10.9713,5700.32,3.1794871794871846,momentum,BULL_TREND,61.01649774397778,98.92307692307688,57.0032,80.0,55.29431787638351,66.66666666666666,100.0,49.87839719019734,100.0,1,1,E_ablate_sector_vr1.2,True
2429,002429.SZ,兆驰股份,家用电器,20241108,5.45,55.61193977447348,55.61193977447348,0.0,1.83,4.1097,7900.08,1.2681159420289747,momentum,BULL_TREND,43.59218242546589,100.0,79.0008,40.0,55.29431787638351,63.33333333333333,88.404,36.86085743986924,100.0,2,2,E_ablate_sector_vr1.2,True
2151,002151.SZ,北斗星通,通信设备,20241108,30.73,54.775663970564985,54.775663970564985,0.0,2.31,8.9176,10229.04,3.938730853391679,momentum,BULL_TREND,60.39464258206665,94.36761487964992,100.0,80.0,85.15776794831639,0.0,99.956,72.81906095289992,0.0,3,3,E_ablate_sector_vr1.2,True
521,000521.SZ,长虹美菱,家用电器,20241108,9.44,57.454489597447775,57.454489597447775,0.0,2.33,10.9713,5700.32,3.1794871794871846,momentum,BULL_TREND,61.01649774397778,98.92307692307688,57.0032,80.0,55.44267095595177,66.66666666666666,100.0,49.87839719019734,100.0,1,1,E_ablate_inflow_vr1.2,True
2151,002151.SZ,北斗星通,通信设备,20241108,30.73,51.1663750998985,51.1663750998985,0.0,2.31,8.9176,10229.04,3.938730853391679,momentum,BULL_TREND,60.39464258206665,94.36761487964992,100.0,80.0,81.95355564666758,0.0,99.956,72.81906095289992,0.0,2,2,E_ablate_inflow_vr1.2,True
2429,002429.SZ,兆驰股份,家用电器,20241108,5.45,50.90031396566383,50.90031396566383,0.0,1.83,4.1097,7900.08,1.2681159420289747,momentum,BULL_TREND,43.59218242546589,100.0,79.0008,40.0,55.44267095595177,63.33333333333333,88.404,36.86085743986924,100.0,3,3,E_ablate_inflow_vr1.2,True
2151,002151.SZ,北斗星通,通信设备,20241108,30.73,64.52531146493827,64.52531146493827,0.0,2.31,8.9176,10229.04,3.938730853391679,momentum,BULL_TREND,60.39464258206665,94.36761487964992,100.0,80.0,85.15776794831639,0.0,99.956,72.81906095289992,0.0,1,1,E_ablate_wyckoff_vr1.2,True
521,000521.SZ,长虹美菱,家用电器,20241108,9.44,63.8376192625144,63.8376192625144,0.0,2.33,10.9713,5700.32,3.1794871794871846,momentum,BULL_TREND,61.01649774397778,98.92307692307688,57.0032,80.0,55.29431787638351,66.66666666666666,100.0,49.87839719019734,100.0,2,2,E_ablate_wyckoff_vr1.2,True
2429,002429.SZ,兆驰股份,家用电器,20241108,5.45,62.98471760576325,62.98471760576325,0.0,1.83,4.1097,7900.08,1.2681159420289747,momentum,BULL_TREND,43.59218242546589,100.0,79.0008,40.0,55.29431787638351,63.33333333333333,88.404,36.86085743986924,100.0,3,3,E_ablate_wyckoff_vr1.2,True
2151,002151.SZ,北斗星通,通信设备,20241108,30.73,71.80721756022827,71.80721756022827,0.0,2.31,8.9176,10229.04,3.938730853391679,momentum,BULL_TREND,60.39464258206665,94.36761487964992,100.0,80.0,85.15776794831639,0.0,99.956,72.81906095289992,0.0,1,1,E_ablate_accel_vr1.2,True
2413,002413.SZ,雷科防务,通信设备,20241108,5.34,66.18648891182562,66.18648891182562,0.0,1.57,9.323,11272.75,0.9276437847866388,momentum,BULL_TREND,32.53822795584512,100.0,100.0,80.0,85.15776794831639,33.33333333333333,100.0,36.07534462118901,0.0,2,2,E_ablate_accel_vr1.2,True
2465,002465.SZ,海格通信,通信设备,20241108,12.68,64.96950209275929,64.96950209275929,0.0,1.59,5.711,12016.92,3.5007610350076166,momentum,BULL_TREND,33.45133827548153,96.9954337899543,100.0,65.0,85.15776794831639,0.0,100.0,49.70704382778342,0.0,3,3,E_ablate_accel_vr1.2,True
603888,603888.SH,新华网,互联网,20241111,25.89,78.86268265535058,71.25982847130906,7.602854184041516,3.4,8.6656,14401.35,2.961019490254869,momentum,BULL_TREND,88.27673731814885,100.0,100.0,80.0,76.02854184041516,30.0,0.0,73.12609505503706,0.0,1,1,A_recovered_proxy_vr1.5,True
2241,002241.SZ,歌尔股份,元器件,20241111,24.37,74.89412463156293,65.85570911722733,9.038415514335597,1.82,6.5036,49062.52,1.336032388663961,momentum,BULL_TREND,43.19692252119858,100.0,100.0,65.0,90.38415514335595,33.33333333333333,0.0,63.82673043709689,0.0,2,2,A_recovered_proxy_vr1.5,True
2245,002245.SZ,蔚蓝锂芯,电气设备,20241111,9.91,68.95205610636717,61.73782811967882,7.214227986688346,1.82,5.4981,11025.07,0.3018108651911404,momentum,BULL_TREND,43.19692252119858,100.0,100.0,65.0,72.14227986688346,33.33333333333333,0.0,59.13167101455673,0.0,3,3,A_recovered_proxy_vr1.5,True
603888,603888.SH,新华网,互联网,20241111,25.89,71.25982847130906,71.25982847130906,0.0,3.4,8.6656,14401.35,2.961019490254869,momentum,BULL_TREND,88.27673731814885,100.0,100.0,80.0,76.02854184041516,30.0,0.0,73.12609505503706,0.0,1,1,B_pure_quant_vr1.5,True
2241,002241.SZ,歌尔股份,元器件,20241111,24.37,65.85570911722733,65.85570911722733,0.0,1.82,6.5036,49062.52,1.336032388663961,momentum,BULL_TREND,43.19692252119858,100.0,100.0,65.0,90.38415514335595,33.33333333333333,0.0,63.82673043709689,0.0,2,2,B_pure_quant_vr1.5,True
2236,002236.SZ,大华股份,IT设备,20241111,18.19,62.87819531632351,62.87819531632351,0.0,1.66,5.4936,32784.34,0.6010928961748602,momentum,BULL_TREND,36.55916207861,100.0,100.0,100.0,71.26977216368975,33.33333333333333,0.0,64.73699905127387,0.0,3,3,B_pure_quant_vr1.5,True
2245,002245.SZ,蔚蓝锂芯,电气设备,20241111,9.91,73.90155279085249,65.03749257600236,8.864060214850122,1.82,5.4981,11025.07,0.3018108651911404,momentum,BULL_TREND,43.19692252119858,100.0,100.0,65.0,88.64060214850122,33.33333333333333,0.0,59.13167101455673,0.0,1,1,A_recovered_proxy_vr1.2,True
2074,002074.SZ,国轩高科,电气设备,20241111,25.28,70.68059357320038,61.81653335835026,8.864060214850122,1.45,5.5312,19553.76,1.9014357780364703,momentum,BULL_TREND,26.802645012010483,100.0,100.0,65.0,88.64060214850122,20.0,0.0,58.18016176848448,0.0,2,2,A_recovered_proxy_vr1.2,True
2241,002241.SZ,歌尔股份,元器件,20241111,24.37,69.02816678529872,61.9450705530512,7.083096232247526,1.82,6.5036,49062.52,1.336032388663961,momentum,BULL_TREND,43.19692252119858,100.0,100.0,65.0,70.83096232247526,33.33333333333333,0.0,63.82673043709689,0.0,3,3,A_recovered_proxy_vr1.2,True
603888,603888.SH,新华网,互联网,20241111,25.89,66.79502983752481,66.79502983752481,0.0,3.4,8.6656,14401.35,2.961019490254869,momentum,BULL_TREND,88.27673731814885,100.0,100.0,80.0,53.70454867149388,30.0,0.0,73.12609505503706,0.0,1,1,D_pure_quant_vr1.2,True
2245,002245.SZ,蔚蓝锂芯,电气设备,20241111,9.91,65.03749257600236,65.03749257600236,0.0,1.82,5.4981,11025.07,0.3018108651911404,momentum,BULL_TREND,43.19692252119858,100.0,100.0,65.0,88.64060214850122,33.33333333333333,0.0,59.13167101455673,0.0,2,2,D_pure_quant_vr1.2,True
2241,002241.SZ,歌尔股份,元器件,20241111,24.37,61.9450705530512,61.9450705530512,0.0,1.82,6.5036,49062.52,1.336032388663961,momentum,BULL_TREND,43.19692252119858,100.0,100.0,65.0,70.83096232247526,33.33333333333333,0.0,63.82673043709689,0.0,3,3,D_pure_quant_vr1.2,True
603888,603888.SH,新华网,互联网,20241111,25.89,56.05412010322603,56.05412010322603,0.0,3.4,8.6656,14401.35,2.961019490254869,momentum,BULL_TREND,88.27673731814885,100.0,100.0,80.0,53.70454867149388,30.0,0.0,73.12609505503706,0.0,1,1,E_ablate_sector_vr1.2,True
2241,002241.SZ,歌尔股份,元器件,20241111,24.37,47.77887808855614,47.77887808855614,0.0,1.82,6.5036,49062.52,1.336032388663961,momentum,BULL_TREND,43.19692252119858,100.0,100.0,65.0,70.83096232247526,33.33333333333333,0.0,63.82673043709689,0.0,2,2,E_ablate_sector_vr1.2,True
2245,002245.SZ,蔚蓝锂芯,电气设备,20241111,9.91,47.30937214630213,47.30937214630213,0.0,1.82,5.4981,11025.07,0.3018108651911404,momentum,BULL_TREND,43.19692252119858,100.0,100.0,65.0,88.64060214850122,33.33333333333333,0.0,59.13167101455673,0.0,3,3,E_ablate_sector_vr1.2,True
603888,603888.SH,新华网,互联网,20241111,25.89,46.84109311317932,46.84109311317932,0.0,3.4,8.6656,14401.35,2.961019490254869,momentum,BULL_TREND,88.27673731814885,100.0,100.0,80.0,53.93486504976642,30.0,0.0,73.12609505503706,0.0,1,1,E_ablate_inflow_vr1.2,True
1287,001287.SZ,中电港,元器件,20241111,21.79,46.54769200886959,46.54769200886959,0.0,2.61,8.4233,3979.13,1.3134057971014457,momentum,BULL_TREND,69.20249033975799,100.0,39.7913,80.0,68.33781540319025,30.0,0.0,69.99755377267837,0.0,2,2,E_ablate_inflow_vr1.2,True
600478,600478.SH,科力远,电气设备,20241111,4.97,45.01964816570059,45.01964816570059,0.0,1.9,6.4184,1141.46,2.165354330708668,momentum,BULL_TREND,46.29997092781115,100.0,11.4146,80.0,87.22643961154425,33.33333333333333,0.0,49.62697937553395,0.0,3,3,E_ablate_inflow_vr1.2,True
603888,603888.SH,新华网,互联网,20241111,25.89,59.4824203320211,59.4824203320211,0.0,3.4,8.6656,14401.35,2.961019490254869,momentum,BULL_TREND,88.27673731814885,100.0,100.0,80.0,53.70454867149388,30.0,0.0,73.12609505503706,0.0,1,1,E_ablate_wyckoff_vr1.2,True
2245,002245.SZ,蔚蓝锂芯,电气设备,20241111,9.91,59.12432547454669,59.12432547454669,0.0,1.82,5.4981,11025.07,0.3018108651911404,momentum,BULL_TREND,43.19692252119858,100.0,100.0,65.0,88.64060214850122,33.33333333333333,0.0,59.13167101455673,0.0,2,2,E_ablate_wyckoff_vr1.2,True
2074,002074.SZ,国轩高科,电气设备,20241111,25.28,55.99851718150182,55.99851718150182,0.0,1.45,5.5312,19553.76,1.9014357780364703,momentum,BULL_TREND,26.802645012010483,100.0,100.0,65.0,88.64060214850122,20.0,0.0,58.18016176848448,0.0,3,3,E_ablate_wyckoff_vr1.2,True
603888,603888.SH,新华网,互联网,20241111,25.89,66.79502983752481,66.79502983752481,0.0,3.4,8.6656,14401.35,2.961019490254869,momentum,BULL_TREND,88.27673731814885,100.0,100.0,80.0,53.70454867149388,30.0,0.0,73.12609505503706,0.0,1,1,E_ablate_accel_vr1.2,True
2245,002245.SZ,蔚蓝锂芯,电气设备,20241111,9.91,65.03749257600236,65.03749257600236,0.0,1.82,5.4981,11025.07,0.3018108651911404,momentum,BULL_TREND,43.19692252119858,100.0,100.0,65.0,88.64060214850122,33.33333333333333,0.0,59.13167101455673,0.0,2,2,E_ablate_accel_vr1.2,True
2241,002241.SZ,歌尔股份,元器件,20241111,24.37,61.9450705530512,61.9450705530512,0.0,1.82,6.5036,49062.52,1.336032388663961,momentum,BULL_TREND,43.19692252119858,100.0,100.0,65.0,70.83096232247526,33.33333333333333,0.0,63.82673043709689,0.0,3,3,E_ablate_accel_vr1.2,True
600511,600511.SH,国药股份,医药商业,20241112,35.12,75.21481738606157,67.55285905242945,7.661958333632111,2.77,4.5817,8088.05,2.9834254143646555,momentum,BULL_TREND,73.49429881372318,100.0,80.8805,40.0,76.61958333632111,20.0,100.0,70.28697563106748,0.0,1,1,A_recovered_proxy_vr1.5,True
603296,603296.SH,华勤技术,元器件,20241112,63.28,75.09931135312759,67.5612046127344,7.538106740393193,1.76,9.5437,26181.53,2.4360160345359207,momentum,BULL_TREND,40.77877144312863,100.0,100.0,80.0,75.38106740393192,10.0,100.0,68.68175415478714,0.0,2,2,A_recovered_proxy_vr1.5,True
2462,002462.SZ,嘉事堂,医药商业,20241112,14.07,72.06885848604526,64.40690015241314,7.661958333632111,2.95,7.2151,5077.72,3.4979423868312742,momentum,BULL_TREND,78.03574772372394,97.01234567901236,50.7772,80.0,76.61958333632111,20.0,100.0,75.20946758689095,0.0,3,3,A_recovered_proxy_vr1.5,True
603296,603296.SH,华勤技术,元器件,20241112,63.28,67.5612046127344,67.5612046127344,0.0,1.76,9.5437,26181.53,2.4360160345359207,momentum,BULL_TREND,40.77877144312863,100.0,100.0,80.0,75.38106740393192,10.0,100.0,68.68175415478714,0.0,1,1,B_pure_quant_vr1.5,True
600511,600511.SH,国药股份,医药商业,20241112,35.12,67.55285905242945,67.55285905242945,0.0,2.77,4.5817,8088.05,2.9834254143646555,momentum,BULL_TREND,73.49429881372318,100.0,80.8805,40.0,76.61958333632111,20.0,100.0,70.28697563106748,0.0,2,2,B_pure_quant_vr1.5,True
650,000650.SZ,仁和药业,中成药,20241112,6.27,65.93642338395925,65.93642338395925,0.0,2.41,10.388,10896.35,1.724137931034488,momentum,BULL_TREND,63.45165732276185,100.0,100.0,80.0,44.62710942354239,20.0,100.0,74.93252900836501,0.0,3,3,B_pure_quant_vr1.5,True
603296,603296.SH,华勤技术,元器件,20241112,63.28,75.0736467897909,67.54409490384327,7.5295518859476305,1.76,9.5437,26181.53,2.4360160345359207,momentum,BULL_TREND,40.77877144312863,100.0,100.0,80.0,75.2955188594763,10.0,100.0,68.68175415478714,0.0,1,1,A_recovered_proxy_vr1.2,True
600511,600511.SH,国药股份,医药商业,20241112,35.12,72.8280955333653,65.96171115063194,6.866384382733358,2.77,4.5817,8088.05,2.9834254143646555,momentum,BULL_TREND,73.49429881372318,100.0,80.8805,40.0,68.66384382733358,20.0,100.0,70.28697563106748,0.0,2,2,A_recovered_proxy_vr1.2,True
2462,002462.SZ,嘉事堂,医药商业,20241112,14.07,68.93213663334899,62.06575225061564,6.866384382733358,2.95,7.2151,5077.72,3.4979423868312742,momentum,BULL_TREND,78.03574772372394,97.01234567901236,50.7772,65.0,68.66384382733358,20.0,100.0,75.20946758689095,0.0,3,3,A_recovered_proxy_vr1.2,True
603296,603296.SH,华勤技术,元器件,20241112,63.28,67.54409490384327,67.54409490384327,0.0,1.76,9.5437,26181.53,2.4360160345359207,momentum,BULL_TREND,40.77877144312863,100.0,100.0,80.0,75.2955188594763,10.0,100.0,68.68175415478714,0.0,1,1,D_pure_quant_vr1.2,True
600511,600511.SH,国药股份,医药商业,20241112,35.12,65.96171115063194,65.96171115063194,0.0,2.77,4.5817,8088.05,2.9834254143646555,momentum,BULL_TREND,73.49429881372318,100.0,80.8805,40.0,68.66384382733358,20.0,100.0,70.28697563106748,0.0,2,2,D_pure_quant_vr1.2,True
650,000650.SZ,仁和药业,中成药,20241112,6.27,64.96932196960132,64.96932196960132,0.0,2.41,10.388,10896.35,1.724137931034488,momentum,BULL_TREND,63.45165732276185,100.0,100.0,80.0,39.79160235175272,20.0,100.0,74.93252900836501,0.0,3,3,D_pure_quant_vr1.2,True
650,000650.SZ,仁和药业,中成药,20241112,6.27,57.01100149925078,57.01100149925078,0.0,2.41,10.388,10896.35,1.724137931034488,momentum,BULL_TREND,63.45165732276185,100.0,100.0,80.0,39.79160235175272,20.0,100.0,74.93252900836501,0.0,1,1,E_ablate_sector_vr1.2,True
2396,002396.SZ,星网锐捷,通信设备,20241112,19.47,54.78864370891712,54.78864370891712,0.0,2.43,7.9374,8886.05,1.8154311649016612,momentum,BULL_TREND,64.04781569155281,100.0,88.86049999999999,100.0,47.94861538759473,33.33333333333333,100.0,57.42704688517525,0.0,2,2,E_ablate_sector_vr1.2,True
603296,603296.SH,华勤技术,元器件,20241112,63.28,52.48499113194801,52.48499113194801,0.0,1.76,9.5437,26181.53,2.4360160345359207,momentum,BULL_TREND,40.77877144312863,100.0,100.0,80.0,75.2955188594763,10.0,100.0,68.68175415478714,0.0,3,3,E_ablate_sector_vr1.2,True
2462,002462.SZ,嘉事堂,医药商业,20241112,14.07,50.49703681654449,50.49703681654449,0.0,2.95,7.2151,5077.72,3.4979423868312742,momentum,BULL_TREND,78.03574772372394,97.01234567901236,50.7772,65.0,61.59746665697782,20.0,100.0,75.20946758689095,0.0,1,1,E_ablate_inflow_vr1.2,True
506,000506.SZ,招金黄金,黄金,20241112,4.03,49.59473763614321,49.59473763614321,0.0,4.14,11.9654,-12259.29,0.0,momentum,BULL_TREND,100.0,100.0,0.0,60.0,44.8463699809662,33.33333333333333,100.0,59.58796973283303,0.0,2,2,E_ablate_inflow_vr1.2,True
756,000756.SZ,新华制药,化学制药,20241112,17.55,48.75028584173042,48.75028584173042,0.0,2.27,9.7801,5058.69,2.6622296173044946,momentum,BULL_TREND,59.13461487580951,100.0,50.58689999999999,100.0,65.91332064412822,0.0,89.11200000000001,72.41829481533347,0.0,3,3,E_ablate_inflow_vr1.2,True
603296,603296.SH,华勤技术,元器件,20241112,63.28,60.67591948836456,60.67591948836456,0.0,1.76,9.5437,26181.53,2.4360160345359207,momentum,BULL_TREND,40.77877144312863,100.0,100.0,80.0,75.2955188594763,10.0,100.0,68.68175415478714,0.0,1,1,E_ablate_wyckoff_vr1.2,True
600511,600511.SH,国药股份,医药商业,20241112,35.12,58.9330135875252,58.9330135875252,0.0,2.77,4.5817,8088.05,2.9834254143646555,momentum,BULL_TREND,73.49429881372318,100.0,80.8805,40.0,68.66384382733358,20.0,100.0,70.28697563106748,0.0,2,2,E_ablate_wyckoff_vr1.2,True
2396,002396.SZ,星网锐捷,通信设备,20241112,19.47,58.63566209791853,58.63566209791853,0.0,2.43,7.9374,8886.05,1.8154311649016612,momentum,BULL_TREND,64.04781569155281,100.0,88.86049999999999,100.0,47.94861538759473,33.33333333333333,100.0,57.42704688517525,0.0,3,3,E_ablate_wyckoff_vr1.2,True
603296,603296.SH,华勤技术,元器件,20241112,63.28,67.54409490384327,67.54409490384327,0.0,1.76,9.5437,26181.53,2.4360160345359207,momentum,BULL_TREND,40.77877144312863,100.0,100.0,80.0,75.2955188594763,10.0,100.0,68.68175415478714,0.0,1,1,E_ablate_accel_vr1.2,True
600511,600511.SH,国药股份,医药商业,20241112,35.12,65.96171115063194,65.96171115063194,0.0,2.77,4.5817,8088.05,2.9834254143646555,momentum,BULL_TREND,73.49429881372318,100.0,80.8805,40.0,68.66384382733358,20.0,100.0,70.28697563106748,0.0,2,2,E_ablate_accel_vr1.2,True
650,000650.SZ,仁和药业,中成药,20241112,6.27,64.96932196960132,64.96932196960132,0.0,2.41,10.388,10896.35,1.724137931034488,momentum,BULL_TREND,63.45165732276185,100.0,100.0,80.0,39.79160235175272,20.0,100.0,74.93252900836501,0.0,3,3,E_ablate_accel_vr1.2,True
2600,002600.SZ,领益智造,元器件,20241113,9.59,73.38597465326727,64.18340899495055,9.20256565831672,1.61,8.2256,73116.65,0.0,momentum,BULL_TREND,34.35303441699462,100.0,100.0,60.0,92.0256565831672,33.33333333333333,0.0,59.58655849101254,0.0,1,1,A_recovered_proxy_vr1.5,True
603613,603613.SH,国联股份,互联网,20241113,27.87,59.76688341545468,59.76688341545468,0.0,1.88,4.9972,17342.39,2.824267782426774,momentum,BULL_TREND,45.53663309514563,100.0,100.0,80.0,57.580050517964295,30.0,0.0,59.203783475899726,0.0,2,2,A_recovered_proxy_vr1.5,True
601858,601858.SH,中国科传,出版业,20241113,26.97,57.445452670244336,57.445452670244336,0.0,1.7,5.9346,13706.53,2.670516059184417,momentum,BULL_TREND,38.27673731814885,100.0,100.0,100.0,50.43081873347626,33.33333333333333,0.0,49.51111659160093,0.0,3,3,A_recovered_proxy_vr1.5,True
2600,002600.SZ,领益智造,元器件,20241113,9.59,64.18340899495055,64.18340899495055,0.0,1.61,8.2256,73116.65,0.0,momentum,BULL_TREND,34.35303441699462,100.0,100.0,60.0,92.0256565831672,33.33333333333333,0.0,59.58655849101254,0.0,1,1,B_pure_quant_vr1.5,True
603613,603613.SH,国联股份,互联网,20241113,27.87,59.76688341545468,59.76688341545468,0.0,1.88,4.9972,17342.39,2.824267782426774,momentum,BULL_TREND,45.53663309514563,100.0,100.0,80.0,57.580050517964295,30.0,0.0,59.203783475899726,0.0,2,2,B_pure_quant_vr1.5,True
601858,601858.SH,中国科传,出版业,20241113,26.97,57.445452670244336,57.445452670244336,0.0,1.7,5.9346,13706.53,2.670516059184417,momentum,BULL_TREND,38.27673731814885,100.0,100.0,100.0,50.43081873347626,33.33333333333333,0.0,49.51111659160093,0.0,3,3,B_pure_quant_vr1.5,True
600685,600685.SH,中船防务,船舶,20241113,27.24,72.4031278134047,63.20728092641712,9.19584688698758,1.4,3.5103,15284.63,0.2563163676309055,momentum,BULL_TREND,24.27134135851208,100.0,100.0,80.0,91.9584688698758,33.33333333333333,0.0,55.08219281998484,0.0,1,1,A_recovered_proxy_vr1.2,True
2600,002600.SZ,领益智造,元器件,20241113,9.59,71.16551308057903,62.78643461315839,8.37907846742064,1.61,8.2256,73116.65,0.0,momentum,BULL_TREND,34.35303441699462,100.0,100.0,65.0,83.7907846742064,33.33333333333333,0.0,59.58655849101254,0.0,2,2,A_recovered_proxy_vr1.2,True
603613,603613.SH,国联股份,互联网,20241113,27.87,58.160744388010585,58.160744388010585,0.0,1.88,4.9972,17342.39,2.824267782426774,momentum,BULL_TREND,45.53663309514563,100.0,100.0,65.0,53.29935538074385,30.0,0.0,59.203783475899726,0.0,3,3,A_recovered_proxy_vr1.2,True
600685,600685.SH,中船防务,船舶,20241113,27.24,63.20728092641712,63.20728092641712,0.0,1.4,3.5103,15284.63,0.2563163676309055,momentum,BULL_TREND,24.27134135851208,100.0,100.0,80.0,91.9584688698758,33.33333333333333,0.0,55.08219281998484,0.0,1,1,D_pure_quant_vr1.2,True
2600,002600.SZ,领益智造,元器件,20241113,9.59,62.78643461315839,62.78643461315839,0.0,1.61,8.2256,73116.65,0.0,momentum,BULL_TREND,34.35303441699462,100.0,100.0,65.0,83.7907846742064,33.33333333333333,0.0,59.58655849101254,0.0,2,2,D_pure_quant_vr1.2,True
603613,603613.SH,国联股份,互联网,20241113,27.87,58.160744388010585,58.160744388010585,0.0,1.88,4.9972,17342.39,2.824267782426774,momentum,BULL_TREND,45.53663309514563,100.0,100.0,65.0,53.29935538074385,30.0,0.0,59.203783475899726,0.0,3,3,D_pure_quant_vr1.2,True
601128,601128.SH,常熟银行,银行,20241113,7.49,54.24081148872514,54.24081148872514,0.0,2.77,3.5493,29799.84,0.0,momentum,BULL_TREND,73.49429881372318,100.0,100.0,80.0,62.42083783252011,33.33333333333333,0.0,75.5,0.0,1,1,E_ablate_sector_vr1.2,True
603613,603613.SH,国联股份,互联网,20241113,27.87,47.50087331186182,47.50087331186182,0.0,1.88,4.9972,17342.39,2.824267782426774,momentum,BULL_TREND,45.53663309514563,100.0,100.0,65.0,53.29935538074385,30.0,0.0,59.203783475899726,0.0,2,2,E_ablate_sector_vr1.2,True
601858,601858.SH,中国科传,出版业,20241113,26.97,47.35928892354909,47.35928892354909,0.0,1.7,5.9346,13706.53,2.670516059184417,momentum,BULL_TREND,38.27673731814885,100.0,100.0,100.0,52.15301613620505,33.33333333333333,0.0,49.51111659160093,0.0,3,3,E_ablate_sector_vr1.2,True
603311,603311.SH,金海高科,家用电器,20241113,11.31,50.4590088888525,50.4590088888525,0.0,3.63,10.8141,109.59,0.2645502645502589,momentum,BULL_TREND,92.9984774110513,100.0,1.0959,65.0,26.55123879393093,33.33333333333333,0.0,62.82322851741958,100.0,1,1,E_ablate_inflow_vr1.2,True
600685,600685.SH,中船防务,船舶,20241113,27.24,57.69906164441864,57.69906164441864,0.0,1.4,3.5103,15284.63,0.2563163676309055,momentum,BULL_TREND,24.27134135851208,100.0,100.0,80.0,91.9584688698758,33.33333333333333,0.0,55.08219281998484,0.0,1,1,E_ablate_wyckoff_vr1.2,True
2600,002600.SZ,领益智造,元器件,20241113,9.59,56.82777876405714,56.82777876405714,0.0,1.61,8.2256,73116.65,0.0,momentum,BULL_TREND,34.35303441699462,100.0,100.0,65.0,83.7907846742064,33.33333333333333,0.0,59.58655849101254,0.0,2,2,E_ablate_wyckoff_vr1.2,True
601858,601858.SH,中国科传,出版业,20241113,26.97,52.83878049163,52.83878049163,0.0,1.7,5.9346,13706.53,2.670516059184417,momentum,BULL_TREND,38.27673731814885,100.0,100.0,100.0,52.15301613620505,33.33333333333333,0.0,49.51111659160093,0.0,3,3,E_ablate_wyckoff_vr1.2,True
600685,600685.SH,中船防务,船舶,20241113,27.24,63.20728092641712,63.20728092641712,0.0,1.4,3.5103,15284.63,0.2563163676309055,momentum,BULL_TREND,24.27134135851208,100.0,100.0,80.0,91.9584688698758,33.33333333333333,0.0,55.08219281998484,0.0,1,1,E_ablate_accel_vr1.2,True
2600,002600.SZ,领益智造,元器件,20241113,9.59,62.78643461315839,62.78643461315839,0.0,1.61,8.2256,73116.65,0.0,momentum,BULL_TREND,34.35303441699462,100.0,100.0,65.0,83.7907846742064,33.33333333333333,0.0,59.58655849101254,0.0,2,2,E_ablate_accel_vr1.2,True
603613,603613.SH,国联股份,互联网,20241113,27.87,58.160744388010585,58.160744388010585,0.0,1.88,4.9972,17342.39,2.824267782426774,momentum,BULL_TREND,45.53663309514563,100.0,100.0,65.0,53.29935538074385,30.0,0.0,59.203783475899726,0.0,3,3,E_ablate_accel_vr1.2,True
601997,601997.SH,贵阳银行,银行,20241118,6.31,70.2663756494916,63.12735841580863,7.139017233682964,4.03,4.6795,13063.19,3.0721966205837203,bear,BULL_TREND,100.0,30.721966205837205,100.0,65.0,71.39017233682964,0.0,0.0,75.5,0.0,1,1,A_recovered_proxy_vr1.5,True
2948,002948.SZ,青岛银行,银行,20241118,3.81,59.54819013734036,52.40917290365739,7.139017233682964,2.53,3.1029,8332.05,3.05343511450382,bear,BULL_TREND,66.95686924597926,30.5343511450382,83.3205,40.0,71.39017233682964,33.33333333333333,0.0,66.56209917035366,0.0,2,2,A_recovered_proxy_vr1.5,True
2458,002458.SZ,益生股份,农业综合,20241118,9.65,55.6661536375594,55.6661536375594,0.0,2.76,5.8159,8441.58,3.8844621513944095,bear,BULL_TREND,73.23341335017221,38.844621513944105,84.4158,100.0,52.70260718334669,0.0,0.0,74.78082408293172,0.0,3,3,A_recovered_proxy_vr1.5,True
601997,601997.SH,贵阳银行,银行,20241118,6.31,63.12735841580863,63.12735841580863,0.0,4.03,4.6795,13063.19,3.0721966205837203,bear,BULL_TREND,100.0,30.721966205837205,100.0,65.0,71.39017233682964,0.0,0.0,75.5,0.0,1,1,B_pure_quant_vr1.5,True
2458,002458.SZ,益生股份,农业综合,20241118,9.65,55.6661536375594,55.6661536375594,0.0,2.76,5.8159,8441.58,3.8844621513944095,bear,BULL_TREND,73.23341335017221,38.844621513944105,84.4158,100.0,52.70260718334669,0.0,0.0,74.78082408293172,0.0,2,2,B_pure_quant_vr1.5,True
2948,002948.SZ,青岛银行,银行,20241118,3.81,52.40917290365739,52.40917290365739,0.0,2.53,3.1029,8332.05,3.05343511450382,bear,BULL_TREND,66.95686924597926,30.5343511450382,83.3205,40.0,71.39017233682964,33.33333333333333,0.0,66.56209917035366,0.0,3,3,B_pure_quant_vr1.5,True
601997,601997.SH,贵阳银行,银行,20241118,6.31,70.2663756494916,63.12735841580863,7.139017233682964,4.03,4.6795,13063.19,3.0721966205837203,bear,BULL_TREND,100.0,30.721966205837205,100.0,65.0,71.39017233682964,0.0,0.0,75.5,0.0,1,1,A_recovered_proxy_vr1.2,True
2948,002948.SZ,青岛银行,银行,20241118,3.81,59.54819013734036,52.40917290365739,7.139017233682964,2.53,3.1029,8332.05,3.05343511450382,bear,BULL_TREND,66.95686924597926,30.5343511450382,83.3205,40.0,71.39017233682964,33.33333333333333,0.0,66.56209917035366,0.0,2,2,A_recovered_proxy_vr1.2,True
2458,002458.SZ,益生股份,农业综合,20241118,9.65,55.6661536375594,55.6661536375594,0.0,2.76,5.8159,8441.58,3.8844621513944095,bear,BULL_TREND,73.23341335017221,38.844621513944105,84.4158,100.0,52.70260718334669,0.0,0.0,74.78082408293172,0.0,3,3,A_recovered_proxy_vr1.2,True
601997,601997.SH,贵阳银行,银行,20241118,6.31,63.12735841580863,63.12735841580863,0.0,4.03,4.6795,13063.19,3.0721966205837203,bear,BULL_TREND,100.0,30.721966205837205,100.0,65.0,71.39017233682964,0.0,0.0,75.5,0.0,1,1,D_pure_quant_vr1.2,True
2458,002458.SZ,益生股份,农业综合,20241118,9.65,55.6661536375594,55.6661536375594,0.0,2.76,5.8159,8441.58,3.8844621513944095,bear,BULL_TREND,73.23341335017221,38.844621513944105,84.4158,100.0,52.70260718334669,0.0,0.0,74.78082408293172,0.0,2,2,D_pure_quant_vr1.2,True
2948,002948.SZ,青岛银行,银行,20241118,3.81,52.40917290365739,52.40917290365739,0.0,2.53,3.1029,8332.05,3.05343511450382,bear,BULL_TREND,66.95686924597926,30.5343511450382,83.3205,40.0,71.39017233682964,33.33333333333333,0.0,66.56209917035366,0.0,3,3,D_pure_quant_vr1.2,True
601997,601997.SH,贵阳银行,银行,20241118,6.31,52.41883256528418,52.41883256528418,0.0,4.03,4.6795,13063.19,3.0721966205837203,bear,BULL_TREND,100.0,30.721966205837205,100.0,65.0,71.39017233682964,0.0,0.0,75.5,0.0,1,1,E_ablate_sector_vr1.2,True
2458,002458.SZ,益生股份,农业综合,20241118,9.65,47.760762560057394,47.760762560057394,0.0,2.76,5.8159,8441.58,3.8844621513944095,bear,BULL_TREND,73.23341335017221,38.844621513944105,84.4158,100.0,52.70260718334669,0.0,0.0,74.78082408293172,0.0,2,2,E_ablate_sector_vr1.2,True
601997,601997.SH,贵阳银行,银行,20241118,6.31,50.24834842296786,50.24834842296786,0.0,4.03,4.6795,13063.19,3.0721966205837203,bear,BULL_TREND,100.0,30.721966205837205,100.0,65.0,65.53010571789116,0.0,0.0,75.5,0.0,1,1,E_ablate_inflow_vr1.2,True
2458,002458.SZ,益生股份,农业综合,20241118,9.65,45.479115466075214,45.479115466075214,0.0,2.76,5.8159,8441.58,3.8844621513944095,bear,BULL_TREND,73.23341335017221,38.844621513944105,84.4158,100.0,52.321659373452114,0.0,0.0,74.78082408293172,0.0,2,2,E_ablate_inflow_vr1.2,True
601997,601997.SH,贵阳银行,银行,20241118,6.31,54.06735841580863,54.06735841580863,0.0,4.03,4.6795,13063.19,3.0721966205837203,bear,BULL_TREND,100.0,30.721966205837205,100.0,65.0,71.39017233682964,0.0,0.0,75.5,0.0,1,1,E_ablate_wyckoff_vr1.2,True
600567,600567.SH,山鹰国际,造纸,20241118,1.9,48.69580320451188,48.69580320451188,0.0,1.43,5.741,7065.97,12.844036697247718,bear,BULL_TREND,25.800757350183236,100.0,70.6597,100.0,52.49203947203273,33.33333333333333,0.0,19.14856151910844,0.0,2,2,E_ablate_wyckoff_vr1.2,True
2458,002458.SZ,益生股份,农业综合,20241118,9.65,46.69245474760759,46.69245474760759,0.0,2.76,5.8159,8441.58,3.8844621513944095,bear,BULL_TREND,73.23341335017221,38.844621513944105,84.4158,100.0,52.70260718334669,0.0,0.0,74.78082408293172,0.0,3,3,E_ablate_wyckoff_vr1.2,True
601997,601997.SH,贵阳银行,银行,20241118,6.31,63.12735841580863,63.12735841580863,0.0,4.03,4.6795,13063.19,3.0721966205837203,bear,BULL_TREND,100.0,30.721966205837205,100.0,65.0,71.39017233682964,0.0,0.0,75.5,0.0,1,1,E_ablate_accel_vr1.2,True
2458,002458.SZ,益生股份,农业综合,20241118,9.65,55.6661536375594,55.6661536375594,0.0,2.76,5.8159,8441.58,3.8844621513944095,bear,BULL_TREND,73.23341335017221,38.844621513944105,84.4158,100.0,52.70260718334669,0.0,0.0,74.78082408293172,0.0,2,2,E_ablate_accel_vr1.2,True
2948,002948.SZ,青岛银行,银行,20241118,3.81,52.40917290365739,52.40917290365739,0.0,2.53,3.1029,8332.05,3.05343511450382,bear,BULL_TREND,66.95686924597926,30.5343511450382,83.3205,40.0,71.39017233682964,33.33333333333333,0.0,66.56209917035366,0.0,3,3,E_ablate_accel_vr1.2,True
600510,600510.SH,黑牡丹,全国地产,20241119,5.35,63.85738868536359,58.09036781119259,5.767020874170992,2.39,7.2633,2481.6,9.780775716694777,bear,BULL_TREND,62.8505309103012,100.0,24.816,100.0,57.67020874170992,33.33333333333333,0.0,49.73444194169312,0.0,1,1,A_recovered_proxy_vr1.5,True
600510,600510.SH,黑牡丹,全国地产,20241119,5.35,58.09036781119259,58.09036781119259,0.0,2.39,7.2633,2481.6,9.780775716694777,bear,BULL_TREND,62.8505309103012,100.0,24.816,100.0,57.67020874170992,33.33333333333333,0.0,49.73444194169312,0.0,1,1,B_pure_quant_vr1.5,True
600988,600988.SH,赤峰黄金,黄金,20241119,17.4,57.98445826380078,50.0923773601593,7.89208090364148,1.22,4.3422,27695.06,17.063870352716883,bear,BULL_TREND,14.344057389408077,79.36129647283117,100.0,80.0,78.9208090364148,10.0,0.0,18.658984625037093,0.0,1,1,A_recovered_proxy_vr1.2,True
420,000420.SZ,吉林化纤,化纤,20241119,3.85,56.54046748728658,50.57798536953705,5.96248211774952,1.43,4.8276,5331.2,8.333333333333336,bear,BULL_TREND,25.800757350183236,100.0,53.312,80.0,59.62482117749519,66.66666666666666,0.0,25.227685354492785,0.0,2,2,A_recovered_proxy_vr1.2,True
600510,600510.SH,黑牡丹,全国地产,20241119,5.35,53.620565625420014,53.620565625420014,0.0,2.39,7.2633,2481.6,9.780775716694777,bear,BULL_TREND,62.8505309103012,100.0,24.816,100.0,27.87152750322606,33.33333333333333,0.0,49.73444194169312,0.0,3,3,A_recovered_proxy_vr1.2,True
600510,600510.SH,黑牡丹,全国地产,20241119,5.35,53.620565625420014,53.620565625420014,0.0,2.39,7.2633,2481.6,9.780775716694777,bear,BULL_TREND,62.8505309103012,100.0,24.816,100.0,27.87152750322606,33.33333333333333,0.0,49.73444194169312,0.0,1,1,D_pure_quant_vr1.2,True
420,000420.SZ,吉林化纤,化纤,20241119,3.85,50.57798536953705,50.57798536953705,0.0,1.43,4.8276,5331.2,8.333333333333336,bear,BULL_TREND,25.800757350183236,100.0,53.312,80.0,59.62482117749519,66.66666666666666,0.0,25.227685354492785,0.0,2,2,D_pure_quant_vr1.2,True
600988,600988.SH,赤峰黄金,黄金,20241119,17.4,50.0923773601593,50.0923773601593,0.0,1.22,4.3422,27695.06,17.063870352716883,bear,BULL_TREND,14.344057389408077,79.36129647283117,100.0,80.0,78.9208090364148,10.0,0.0,18.658984625037093,0.0,3,3,D_pure_quant_vr1.2,True
600510,600510.SH,黑牡丹,全国地产,20241119,5.35,49.439836499936106,49.439836499936106,0.0,2.39,7.2633,2481.6,9.780775716694777,bear,BULL_TREND,62.8505309103012,100.0,24.816,100.0,27.87152750322606,33.33333333333333,0.0,49.73444194169312,0.0,1,1,E_ablate_sector_vr1.2,True
600510,600510.SH,黑牡丹,全国地产,20241119,5.35,50.64264562542001,50.64264562542001,0.0,2.39,7.2633,2481.6,9.780775716694777,bear,BULL_TREND,62.8505309103012,100.0,24.816,100.0,27.87152750322606,33.33333333333333,0.0,49.73444194169312,0.0,1,1,E_ablate_inflow_vr1.2,True
600988,600988.SH,赤峰黄金,黄金,20241119,17.4,47.853299205154855,47.853299205154855,0.0,1.22,4.3422,27695.06,17.063870352716883,bear,BULL_TREND,14.344057389408077,79.36129647283117,100.0,80.0,78.9208090364148,10.0,0.0,18.658984625037093,0.0,1,1,E_ablate_wyckoff_vr1.2,True
600510,600510.SH,黑牡丹,全国地产,20241119,5.35,47.65243259241684,47.65243259241684,0.0,2.39,7.2633,2481.6,9.780775716694777,bear,BULL_TREND,62.8505309103012,100.0,24.816,100.0,27.87152750322606,33.33333333333333,0.0,49.73444194169312,0.0,2,2,E_ablate_wyckoff_vr1.2,True
420,000420.SZ,吉林化纤,化纤,20241119,3.85,47.550663126997925,47.550663126997925,0.0,1.43,4.8276,5331.2,8.333333333333336,bear,BULL_TREND,25.800757350183236,100.0,53.312,80.0,59.62482117749519,66.66666666666666,0.0,25.227685354492785,0.0,3,3,E_ablate_wyckoff_vr1.2,True
600510,600510.SH,黑牡丹,全国地产,20241119,5.35,53.620565625420014,53.620565625420014,0.0,2.39,7.2633,2481.6,9.780775716694777,bear,BULL_TREND,62.8505309103012,100.0,24.816,100.0,27.87152750322606,33.33333333333333,0.0,49.73444194169312,0.0,1,1,E_ablate_accel_vr1.2,True
420,000420.SZ,吉林化纤,化纤,20241119,3.85,50.57798536953705,50.57798536953705,0.0,1.43,4.8276,5331.2,8.333333333333336,bear,BULL_TREND,25.800757350183236,100.0,53.312,80.0,59.62482117749519,66.66666666666666,0.0,25.227685354492785,0.0,2,2,E_ablate_accel_vr1.2,True
600988,600988.SH,赤峰黄金,黄金,20241119,17.4,50.0923773601593,50.0923773601593,0.0,1.22,4.3422,27695.06,17.063870352716883,bear,BULL_TREND,14.344057389408077,79.36129647283117,100.0,80.0,78.9208090364148,10.0,0.0,18.658984625037093,0.0,3,3,E_ablate_accel_vr1.2,True
600141,600141.SH,兴发集团,农药化肥,20241120,24.72,61.34644373991705,53.182065391963285,8.164378347953766,2.2,3.3795,9283.6,4.445303440278322,bear,BULL_TREND,56.87517618749676,44.45303440278322,92.836,65.0,81.64378347953766,63.33333333333333,0.0,30.302540612536475,0.0,1,1,A_recovered_proxy_vr1.5,True
600961,600961.SH,株冶集团,铅锌,20241120,8.75,49.74233466096612,49.74233466096612,0.0,1.65,3.9468,3113.9,8.376963350785347,bear,BULL_TREND,36.12330122355455,100.0,31.139,80.0,55.977651422144696,66.66666666666666,0.0,26.07122787607573,0.0,2,2,A_recovered_proxy_vr1.5,True
603393,603393.SH,新天然气,供气供热,20241120,33.0,45.59568733813206,45.59568733813206,0.0,2.04,3.4145,5935.23,3.930131004366817,bear,BULL_TREND,51.42845760983854,39.30131004366817,59.35229999999999,80.0,42.01659184169895,33.33333333333333,0.0,69.53089176199234,0.0,3,3,A_recovered_proxy_vr1.5,True
600141,600141.SH,兴发集团,农药化肥,20241120,24.72,53.182065391963285,53.182065391963285,0.0,2.2,3.3795,9283.6,4.445303440278322,bear,BULL_TREND,56.87517618749676,44.45303440278322,92.836,65.0,81.64378347953766,63.33333333333333,0.0,30.302540612536475,0.0,1,1,B_pure_quant_vr1.5,True
600961,600961.SH,株冶集团,铅锌,20241120,8.75,49.74233466096612,49.74233466096612,0.0,1.65,3.9468,3113.9,8.376963350785347,bear,BULL_TREND,36.12330122355455,100.0,31.139,80.0,55.977651422144696,66.66666666666666,0.0,26.07122787607573,0.0,2,2,B_pure_quant_vr1.5,True
603393,603393.SH,新天然气,供气供热,20241120,33.0,45.59568733813206,45.59568733813206,0.0,2.04,3.4145,5935.23,3.930131004366817,bear,BULL_TREND,51.42845760983854,39.30131004366817,59.35229999999999,80.0,42.01659184169895,33.33333333333333,0.0,69.53089176199234,0.0,3,3,B_pure_quant_vr1.5,True
600141,600141.SH,兴发集团,农药化肥,20241120,24.72,61.012863173485165,52.98191705210415,8.030946121381012,2.2,3.3795,9283.6,4.445303440278322,bear,BULL_TREND,56.87517618749676,44.45303440278322,92.836,65.0,80.30946121381011,63.33333333333333,0.0,30.302540612536475,0.0,1,1,A_recovered_proxy_vr1.2,True
2470,002470.SZ,金正大,农药化肥,20241120,1.9,55.33842438696135,47.307478265580336,8.030946121381012,1.21,3.4737,4390.13,12.442396313364055,bear,BULL_TREND,13.750352374993488,100.0,43.9013,65.0,80.30946121381011,33.33333333333333,0.0,14.176324119529893,0.0,2,2,A_recovered_proxy_vr1.2,True
2797,002797.SZ,第一创业,证券,20241120,8.89,54.8907257452427,44.8907257452427,10.0,1.39,10.0956,31021.81,21.8804920913884,bear,BULL_TREND,23.75424414743913,40.59753954305799,100.0,60.0,100.0,66.66666666666666,0.0,0.0,0.0,3,3,A_recovered_proxy_vr1.2,True
600141,600141.SH,兴发集团,农药化肥,20241120,24.72,52.98191705210415,52.98191705210415,0.0,2.2,3.3795,9283.6,4.445303440278322,bear,BULL_TREND,56.87517618749676,44.45303440278322,92.836,65.0,80.30946121381011,63.33333333333333,0.0,30.302540612536475,0.0,1,1,D_pure_quant_vr1.2,True
600961,600961.SH,株冶集团,铅锌,20241120,8.75,49.529490847144885,49.529490847144885,0.0,1.65,3.9468,3113.9,8.376963350785347,bear,BULL_TREND,36.12330122355455,100.0,31.139,80.0,54.55869266333643,66.66666666666666,0.0,26.07122787607573,0.0,2,2,D_pure_quant_vr1.2,True
2681,002681.SZ,奋达科技,元器件,20241120,5.81,47.7589563606192,47.7589563606192,0.0,1.42,11.1736,6075.98,9.218750000000012,bear,BULL_TREND,25.294546486497865,100.0,60.7598,80.0,55.797645335042205,66.66666666666666,0.0,0.0,0.0,3,3,D_pure_quant_vr1.2,True
600961,600961.SH,株冶集团,铅锌,20241120,8.75,45.792810847144885,45.792810847144885,0.0,1.65,3.9468,3113.9,8.376963350785347,bear,BULL_TREND,36.12330122355455,100.0,31.139,80.0,54.55869266333643,66.66666666666666,0.0,26.07122787607573,0.0,1,1,E_ablate_inflow_vr1.2,True
2370,002370.SZ,亚太药业,化学制药,20241120,3.52,45.704599276366416,45.704599276366416,0.0,1.48,9.3669,1277.91,9.974424552429667,bear,BULL_TREND,28.279858792711256,100.0,12.7791,60.0,65.32813032040818,33.33333333333333,0.0,38.47620106035038,0.0,2,2,E_ablate_inflow_vr1.2,True
600141,600141.SH,兴发集团,农药化肥,20241120,24.72,49.34561217859977,49.34561217859977,0.0,2.2,3.3795,9283.6,4.445303440278322,bear,BULL_TREND,56.87517618749676,44.45303440278322,92.836,65.0,80.30946121381011,63.33333333333333,0.0,30.302540612536475,0.0,1,1,E_ablate_wyckoff_vr1.2,True
2681,002681.SZ,奋达科技,元器件,20241120,5.81,47.7589563606192,47.7589563606192,0.0,1.42,11.1736,6075.98,9.218750000000012,bear,BULL_TREND,25.294546486497865,100.0,60.7598,80.0,55.797645335042205,66.66666666666666,0.0,0.0,0.0,2,2,E_ablate_wyckoff_vr1.2,True
600961,600961.SH,株冶集团,铅锌,20241120,8.75,46.4009435020158,46.4009435020158,0.0,1.65,3.9468,3113.9,8.376963350785347,bear,BULL_TREND,36.12330122355455,100.0,31.139,80.0,54.55869266333643,66.66666666666666,0.0,26.07122787607573,0.0,3,3,E_ablate_wyckoff_vr1.2,True
600141,600141.SH,兴发集团,农药化肥,20241120,24.72,52.98191705210415,52.98191705210415,0.0,2.2,3.3795,9283.6,4.445303440278322,bear,BULL_TREND,56.87517618749676,44.45303440278322,92.836,65.0,80.30946121381011,63.33333333333333,0.0,30.302540612536475,0.0,1,1,E_ablate_accel_vr1.2,True
600961,600961.SH,株冶集团,铅锌,20241120,8.75,49.529490847144885,49.529490847144885,0.0,1.65,3.9468,3113.9,8.376963350785347,bear,BULL_TREND,36.12330122355455,100.0,31.139,80.0,54.55869266333643,66.66666666666666,0.0,26.07122787607573,0.0,2,2,E_ablate_accel_vr1.2,True
2681,002681.SZ,奋达科技,元器件,20241120,5.81,47.7589563606192,47.7589563606192,0.0,1.42,11.1736,6075.98,9.218750000000012,bear,BULL_TREND,25.294546486497865,100.0,60.7598,80.0,55.797645335042205,66.66666666666666,0.0,0.0,0.0,3,3,E_ablate_accel_vr1.2,True
682,000682.SZ,东方电子,电气设备,20241121,11.67,65.29543316302392,57.03892210871053,8.256511054313386,2.14,3.3216,9953.14,4.108463434675431,sideways,BULL_TREND,54.88053983132112,41.08463434675432,99.5314,40.0,82.56511054313386,63.33333333333333,0.0,72.76152117830993,0.0,1,1,A_recovered_proxy_vr1.5,True
922,000922.SZ,佳电股份,电气设备,20241121,12.28,53.18105167369845,44.92454061938506,8.256511054313386,1.96,4.0739,4204.09,3.761755485893421,sideways,BULL_TREND,48.54268271702418,37.617554858934206,42.0409,40.0,82.56511054313386,43.333333333333336,0.0,50.60789253781231,0.0,2,2,A_recovered_proxy_vr1.5,True
600550,600550.SH,保变电气,电气设备,20241121,9.72,51.15648353861674,42.89997248430336,8.256511054313386,1.53,5.3249,10900.24,25.74484339190221,sideways,BULL_TREND,30.67658264589636,21.275783040488943,100.0,65.0,82.56511054313386,66.66666666666666,0.0,26.269600987459818,0.0,3,3,A_recovered_proxy_vr1.5,True
682,000682.SZ,东方电子,电气设备,20241121,11.67,57.03892210871053,57.03892210871053,0.0,2.14,3.3216,9953.14,4.108463434675431,sideways,BULL_TREND,54.88053983132112,41.08463434675432,99.5314,40.0,82.56511054313386,63.33333333333333,0.0,72.76152117830993,0.0,1,1,B_pure_quant_vr1.5,True
2895,002895.SZ,川恒股份,化工原料,20241121,22.12,49.594015069356495,49.594015069356495,0.0,2.89,3.2588,5204.71,4.159445407279018,sideways,BULL_TREND,76.55347463629771,41.594454072790185,52.0471,40.0,40.50934563094189,53.333333333333336,0.0,71.7729186837434,0.0,2,2,B_pure_quant_vr1.5,True
600184,600184.SH,光电股份,专用机械,20241121,11.41,45.71731881322848,45.71731881322848,0.0,2.36,3.4937,2499.8,5.153782211138813,sideways,BULL_TREND,61.93934297935583,52.563036852313545,24.998,40.0,53.44137146424312,53.333333333333336,0.0,57.03469053298397,0.0,3,3,B_pure_quant_vr1.5,True
682,000682.SZ,东方电子,电气设备,20241121,11.67,65.068450624564,56.902732585634574,8.165718038929414,2.14,3.3216,9953.14,4.108463434675431,sideways,BULL_TREND,54.88053983132112,41.08463434675432,99.5314,40.0,81.65718038929414,63.33333333333333,0.0,72.76152117830993,0.0,1,1,A_recovered_proxy_vr1.2,True
922,000922.SZ,佳电股份,电气设备,20241121,12.28,52.95406913523852,44.78835109630911,8.165718038929414,1.96,4.0739,4204.09,3.761755485893421,sideways,BULL_TREND,48.54268271702418,37.617554858934206,42.0409,40.0,81.65718038929414,43.333333333333336,0.0,50.60789253781231,0.0,2,2,A_recovered_proxy_vr1.2,True
600550,600550.SH,保变电气,电气设备,20241121,9.72,50.92950100015681,42.7637829612274,8.165718038929414,1.53,5.3249,10900.24,25.74484339190221,sideways,BULL_TREND,30.67658264589636,21.275783040488943,100.0,65.0,81.65718038929414,66.66666666666666,0.0,26.269600987459818,0.0,3,3,A_recovered_proxy_vr1.2,True
682,000682.SZ,东方电子,电气设备,20241121,11.67,56.902732585634574,56.902732585634574,0.0,2.14,3.3216,9953.14,4.108463434675431,sideways,BULL_TREND,54.88053983132112,41.08463434675432,99.5314,40.0,81.65718038929414,63.33333333333333,0.0,72.76152117830993,0.0,1,1,D_pure_quant_vr1.2,True
2895,002895.SZ,川恒股份,化工原料,20241121,22.12,49.50317177134225,49.50317177134225,0.0,2.89,3.2588,5204.71,4.159445407279018,sideways,BULL_TREND,76.55347463629771,41.594454072790185,52.0471,40.0,39.90372364418027,53.333333333333336,0.0,71.7729186837434,0.0,2,2,D_pure_quant_vr1.2,True
21,000021.SZ,深科技,元器件,20241121,21.15,48.12167943728189,48.12167943728189,0.0,1.43,6.9807,6008.04,15.060240963855422,sideways,BULL_TREND,25.800757350183236,99.39759036144578,60.0804,65.0,39.602900248497065,53.333333333333336,0.0,31.34411030651893,0.0,3,3,D_pure_quant_vr1.2,True
682,000682.SZ,东方电子,电气设备,20241121,11.67,48.17135004423738,48.17135004423738,0.0,2.14,3.3216,9953.14,4.108463434675431,sideways,BULL_TREND,54.88053983132112,41.08463434675432,99.5314,40.0,81.65718038929414,63.33333333333333,0.0,72.76152117830993,0.0,1,1,E_ablate_wyckoff_vr1.2,True
682,000682.SZ,东方电子,电气设备,20241121,11.67,56.902732585634574,56.902732585634574,0.0,2.14,3.3216,9953.14,4.108463434675431,sideways,BULL_TREND,54.88053983132112,41.08463434675432,99.5314,40.0,81.65718038929414,63.33333333333333,0.0,72.76152117830993,0.0,1,1,E_ablate_accel_vr1.2,True
2895,002895.SZ,川恒股份,化工原料,20241121,22.12,49.50317177134225,49.50317177134225,0.0,2.89,3.2588,5204.71,4.159445407279018,sideways,BULL_TREND,76.55347463629771,41.594454072790185,52.0471,40.0,39.90372364418027,53.333333333333336,0.0,71.7729186837434,0.0,2,2,E_ablate_accel_vr1.2,True
21,000021.SZ,深科技,元器件,20241121,21.15,48.12167943728189,48.12167943728189,0.0,1.43,6.9807,6008.04,15.060240963855422,sideways,BULL_TREND,25.800757350183236,99.39759036144578,60.0804,65.0,39.602900248497065,53.333333333333336,0.0,31.34411030651893,0.0,3,3,E_ablate_accel_vr1.2,True
561,000561.SZ,烽火电子,通信设备,20241122,9.78,72.14353785277422,72.14353785277422,0.0,3.08,7.6088,6043.63,13.52785145888595,bear,BULL_TREND,81.14651754600884,100.0,60.4363,100.0,60.52895011369314,33.33333333333333,100.0,69.10782340776362,0.0,1,1,A_recovered_proxy_vr1.5,True
722,000722.SZ,湖南发展,水力发电,20241122,10.85,70.09037653974309,70.09037653974309,0.0,4.58,7.9918,3207.46,7.97285835453774,bear,BULL_TREND,100.0,99.54763924229567,32.074600000000004,100.0,44.92757502998168,33.33333333333333,100.0,66.1261748772844,0.0,2,2,A_recovered_proxy_vr1.5,True
603296,603296.SH,华勤技术,元器件,20241122,61.81,64.266772031422,57.56275326853889,6.7040187628831065,1.78,7.3923,16940.62,6.560846560846565,bear,BULL_TREND,41.59386205958365,76.01410934744275,100.0,65.0,67.04018762883106,0.0,100.0,33.60809512223686,0.0,3,3,A_recovered_proxy_vr1.5,True
561,000561.SZ,烽火电子,通信设备,20241122,9.78,72.14353785277422,72.14353785277422,0.0,3.08,7.6088,6043.63,13.52785145888595,bear,BULL_TREND,81.14651754600884,100.0,60.4363,100.0,60.52895011369314,33.33333333333333,100.0,69.10782340776362,0.0,1,1,B_pure_quant_vr1.5,True
722,000722.SZ,湖南发展,水力发电,20241122,10.85,70.09037653974309,70.09037653974309,0.0,4.58,7.9918,3207.46,7.97285835453774,bear,BULL_TREND,100.0,99.54763924229567,32.074600000000004,100.0,44.92757502998168,33.33333333333333,100.0,66.1261748772844,0.0,2,2,B_pure_quant_vr1.5,True
603296,603296.SH,华勤技术,元器件,20241122,61.81,57.56275326853889,57.56275326853889,0.0,1.78,7.3923,16940.62,6.560846560846565,bear,BULL_TREND,41.59386205958365,76.01410934744275,100.0,65.0,67.04018762883106,0.0,100.0,33.60809512223686,0.0,3,3,B_pure_quant_vr1.5,True
561,000561.SZ,烽火电子,通信设备,20241122,9.78,71.7068908071889,71.7068908071889,0.0,3.08,7.6088,6043.63,13.52785145888595,bear,BULL_TREND,81.14651754600884,100.0,60.4363,100.0,57.617969809790985,33.33333333333333,100.0,69.10782340776362,0.0,1,1,A_recovered_proxy_vr1.2,True
722,000722.SZ,湖南发展,水力发电,20241122,10.85,67.65175581281493,67.65175581281493,0.0,4.58,7.9918,3207.46,7.97285835453774,bear,BULL_TREND,100.0,99.54763924229567,32.074600000000004,100.0,28.670103517127277,33.33333333333333,100.0,66.1261748772844,0.0,2,2,A_recovered_proxy_vr1.2,True
603296,603296.SH,华勤技术,元器件,20241122,61.81,55.67443476427101,55.67443476427101,0.0,1.78,7.3923,16940.62,6.560846560846565,bear,BULL_TREND,41.59386205958365,76.01410934744275,100.0,65.0,54.45139760037853,0.0,100.0,33.60809512223686,0.0,3,3,A_recovered_proxy_vr1.2,True
561,000561.SZ,烽火电子,通信设备,20241122,9.78,71.7068908071889,71.7068908071889,0.0,3.08,7.6088,6043.63,13.52785145888595,bear,BULL_TREND,81.14651754600884,100.0,60.4363,100.0,57.617969809790985,33.33333333333333,100.0,69.10782340776362,0.0,1,1,D_pure_quant_vr1.2,True
722,000722.SZ,湖南发展,水力发电,20241122,10.85,67.65175581281493,67.65175581281493,0.0,4.58,7.9918,3207.46,7.97285835453774,bear,BULL_TREND,100.0,99.54763924229567,32.074600000000004,100.0,28.670103517127277,33.33333333333333,100.0,66.1261748772844,0.0,2,2,D_pure_quant_vr1.2,True
603296,603296.SH,华勤技术,元器件,20241122,61.81,55.67443476427101,55.67443476427101,0.0,1.78,7.3923,16940.62,6.560846560846565,bear,BULL_TREND,41.59386205958365,76.01410934744275,100.0,65.0,54.45139760037853,0.0,100.0,33.60809512223686,0.0,3,3,D_pure_quant_vr1.2,True
722,000722.SZ,湖南发展,水力发电,20241122,10.85,63.35124028524584,63.35124028524584,0.0,4.58,7.9918,3207.46,7.97285835453774,bear,BULL_TREND,100.0,99.54763924229567,32.074600000000004,100.0,28.670103517127277,33.33333333333333,100.0,66.1261748772844,0.0,1,1,E_ablate_sector_vr1.2,True
561,000561.SZ,烽火电子,通信设备,20241122,9.78,63.06419533572024,63.06419533572024,0.0,3.08,7.6088,6043.63,13.52785145888595,bear,BULL_TREND,81.14651754600884,100.0,60.4363,100.0,57.617969809790985,33.33333333333333,100.0,69.10782340776362,0.0,2,2,E_ablate_sector_vr1.2,True
600063,600063.SH,皖维高新,化纤,20241122,4.31,50.45318383188626,50.45318383188626,0.0,2.76,4.4075,3371.72,6.70995670995672,bear,BULL_TREND,73.23341335017221,78.49927849927866,33.7172,80.0,20.026282561285846,0.0,0.0,81.88273020839222,0.0,3,3,E_ablate_sector_vr1.2,True
561,000561.SZ,烽火电子,通信设备,20241122,9.78,63.96367071022895,63.96367071022895,0.0,3.08,7.6088,6043.63,13.52785145888595,bear,BULL_TREND,81.14651754600884,100.0,60.4363,100.0,54.34554249672468,33.33333333333333,100.0,69.10782340776362,0.0,1,1,E_ablate_inflow_vr1.2,True
722,000722.SZ,湖南发展,水力发电,20241122,10.85,63.56314766563632,63.56314766563632,0.0,4.58,7.9918,3207.46,7.97285835453774,bear,BULL_TREND,100.0,99.54763924229567,32.074600000000004,100.0,27.07239586926989,33.33333333333333,100.0,66.1261748772844,0.0,2,2,E_ablate_inflow_vr1.2,True
2988,002988.SZ,豪美新材,铝,20241122,20.42,60.33206688400143,60.33206688400143,0.0,3.19,7.3422,-4907.31,14.84570475396163,bear,BULL_TREND,83.67782119950724,100.0,0.0,100.0,50.0,33.33333333333333,100.0,39.63566294535976,0.0,3,3,E_ablate_inflow_vr1.2,True
561,000561.SZ,烽火电子,通信设备,20241122,9.78,63.41395199825726,63.41395199825726,0.0,3.08,7.6088,6043.63,13.52785145888595,bear,BULL_TREND,81.14651754600884,100.0,60.4363,100.0,57.617969809790985,33.33333333333333,100.0,69.10782340776362,0.0,1,1,E_ablate_wyckoff_vr1.2,True
722,000722.SZ,湖南发展,水力发电,20241122,10.85,59.7166148275408,59.7166148275408,0.0,4.58,7.9918,3207.46,7.97285835453774,bear,BULL_TREND,100.0,99.54763924229567,32.074600000000004,100.0,28.670103517127277,33.33333333333333,100.0,66.1261748772844,0.0,2,2,E_ablate_wyckoff_vr1.2,True
600366,600366.SH,宁波韵升,矿物制品,20241122,7.56,53.02487550536397,53.02487550536397,0.0,2.72,5.0243,2309.15,14.0909090909091,bear,BULL_TREND,72.18033257378073,100.0,23.0915,100.0,30.05037114977032,43.333333333333336,100.0,10.154502224644414,0.0,3,3,E_ablate_wyckoff_vr1.2,True
561,000561.SZ,烽火电子,通信设备,20241122,9.78,71.7068908071889,71.7068908071889,0.0,3.08,7.6088,6043.63,13.52785145888595,bear,BULL_TREND,81.14651754600884,100.0,60.4363,100.0,57.617969809790985,33.33333333333333,100.0,69.10782340776362,0.0,1,1,E_ablate_accel_vr1.2,True
722,000722.SZ,湖南发展,水力发电,20241122,10.85,67.65175581281493,67.65175581281493,0.0,4.58,7.9918,3207.46,7.97285835453774,bear,BULL_TREND,100.0,99.54763924229567,32.074600000000004,100.0,28.670103517127277,33.33333333333333,100.0,66.1261748772844,0.0,2,2,E_ablate_accel_vr1.2,True
603296,603296.SH,华勤技术,元器件,20241122,61.81,55.67443476427101,55.67443476427101,0.0,1.78,7.3923,16940.62,6.560846560846565,bear,BULL_TREND,41.59386205958365,76.01410934744275,100.0,65.0,54.45139760037853,0.0,100.0,33.60809512223686,0.0,3,3,E_ablate_accel_vr1.2,True
2340,002340.SZ,格林美,小金属,20241125,7.16,78.27954127299923,68.81076017583847,9.468781097160765,2.25,4.7944,26850.62,7.61290322580645,bear,BULL_TREND,58.49625007211562,93.54838709677418,100.0,80.0,94.68781097160765,43.333333333333336,0.0,42.42584738562412,0.0,1,1,A_recovered_proxy_vr1.5,True
2157,002157.SZ,正邦科技,农业综合,20241125,3.22,64.83100814110304,58.94834292665121,5.882665214451828,2.26,3.1821,5749.67,12.737127371273708,bear,BULL_TREND,58.81613863202314,100.0,57.4967,80.0,58.82665214451828,53.333333333333336,0.0,33.48769949384756,0.0,2,2,A_recovered_proxy_vr1.5,True
2083,002083.SZ,孚日股份,纺织,20241125,5.04,57.28252490142751,57.28252490142751,0.0,1.81,5.6098,5826.43,8.363636363636363,bear,BULL_TREND,42.799484865424034,100.0,58.264300000000006,100.0,54.59428676056947,66.66666666666666,0.0,44.60371569679553,0.0,3,3,A_recovered_proxy_vr1.5,True
2340,002340.SZ,格林美,小金属,20241125,7.16,68.81076017583847,68.81076017583847,0.0,2.25,4.7944,26850.62,7.61290322580645,bear,BULL_TREND,58.49625007211562,93.54838709677418,100.0,80.0,94.68781097160765,43.333333333333336,0.0,42.42584738562412,0.0,1,1,B_pure_quant_vr1.5,True
2157,002157.SZ,正邦科技,农业综合,20241125,3.22,58.94834292665121,58.94834292665121,0.0,2.26,3.1821,5749.67,12.737127371273708,bear,BULL_TREND,58.81613863202314,100.0,57.4967,80.0,58.82665214451828,53.333333333333336,0.0,33.48769949384756,0.0,2,2,B_pure_quant_vr1.5,True
2083,002083.SZ,孚日股份,纺织,20241125,5.04,57.28252490142751,57.28252490142751,0.0,1.81,5.6098,5826.43,8.363636363636363,bear,BULL_TREND,42.799484865424034,100.0,58.264300000000006,100.0,54.59428676056947,66.66666666666666,0.0,44.60371569679553,0.0,3,3,B_pure_quant_vr1.5,True
2340,002340.SZ,格林美,小金属,20241125,7.16,78.27954127299923,68.81076017583847,9.468781097160765,2.25,4.7944,26850.62,7.61290322580645,bear,BULL_TREND,58.49625007211562,93.54838709677418,100.0,80.0,94.68781097160765,43.333333333333336,0.0,42.42584738562412,0.0,1,1,A_recovered_proxy_vr1.2,True
2157,002157.SZ,正邦科技,农业综合,20241125,3.22,64.83100814110304,58.94834292665121,5.882665214451828,2.26,3.1821,5749.67,12.737127371273708,bear,BULL_TREND,58.81613863202314,100.0,57.4967,80.0,58.82665214451828,53.333333333333336,0.0,33.48769949384756,0.0,2,2,A_recovered_proxy_vr1.2,True
301236,301236.SZ,软通动力,软件服务,20241125,63.01,60.17418826123888,53.52310157929136,6.6510866819475245,1.43,9.3015,10163.88,16.65343915343915,bear,BULL_TREND,25.800757350183236,83.46560846560848,100.0,60.0,66.51086681947524,66.66666666666666,0.0,31.454481196354664,0.0,3,3,A_recovered_proxy_vr1.2,True
2340,002340.SZ,格林美,小金属,20241125,7.16,68.81076017583847,68.81076017583847,0.0,2.25,4.7944,26850.62,7.61290322580645,bear,BULL_TREND,58.49625007211562,93.54838709677418,100.0,80.0,94.68781097160765,43.333333333333336,0.0,42.42584738562412,0.0,1,1,D_pure_quant_vr1.2,True
2157,002157.SZ,正邦科技,农业综合,20241125,3.22,58.94834292665121,58.94834292665121,0.0,2.26,3.1821,5749.67,12.737127371273708,bear,BULL_TREND,58.81613863202314,100.0,57.4967,80.0,58.82665214451828,53.333333333333336,0.0,33.48769949384756,0.0,2,2,D_pure_quant_vr1.2,True
2083,002083.SZ,孚日股份,纺织,20241125,5.04,57.28252490142751,57.28252490142751,0.0,1.81,5.6098,5826.43,8.363636363636363,bear,BULL_TREND,42.799484865424034,100.0,58.264300000000006,100.0,54.59428676056947,66.66666666666666,0.0,44.60371569679553,0.0,3,3,D_pure_quant_vr1.2,True
2340,002340.SZ,格林美,小金属,20241125,7.16,54.60758853009732,54.60758853009732,0.0,2.25,4.7944,26850.62,7.61290322580645,bear,BULL_TREND,58.49625007211562,93.54838709677418,100.0,80.0,94.68781097160765,43.333333333333336,0.0,42.42584738562412,0.0,1,1,E_ablate_sector_vr1.2,True
2157,002157.SZ,正邦科技,农业综合,20241125,3.22,50.124345104973465,50.124345104973465,0.0,2.26,3.1821,5749.67,12.737127371273708,bear,BULL_TREND,58.81613863202314,100.0,57.4967,80.0,58.82665214451828,53.333333333333336,0.0,33.48769949384756,0.0,2,2,E_ablate_sector_vr1.2,True
2083,002083.SZ,孚日股份,纺织,20241125,5.04,49.09338188734208,49.09338188734208,0.0,1.81,5.6098,5826.43,8.363636363636363,bear,BULL_TREND,42.799484865424034,100.0,58.264300000000006,100.0,54.59428676056947,66.66666666666666,0.0,44.60371569679553,0.0,3,3,E_ablate_sector_vr1.2,True
2340,002340.SZ,格林美,小金属,20241125,7.16,54.57271736497272,54.57271736497272,0.0,2.25,4.7944,26850.62,7.61290322580645,bear,BULL_TREND,58.49625007211562,93.54838709677418,100.0,80.0,79.767525565836,43.333333333333336,0.0,42.42584738562412,0.0,1,1,E_ablate_inflow_vr1.2,True
2157,002157.SZ,正邦科技,农业综合,20241125,3.22,52.1993536073763,52.1993536073763,0.0,2.26,3.1821,5749.67,12.737127371273708,bear,BULL_TREND,58.81613863202314,100.0,57.4967,80.0,59.83075001601894,53.333333333333336,0.0,33.48769949384756,0.0,2,2,E_ablate_inflow_vr1.2,True
2083,002083.SZ,孚日股份,纺织,20241125,5.04,50.443434338055546,50.443434338055546,0.0,1.81,5.6098,5826.43,8.363636363636363,bear,BULL_TREND,42.799484865424034,100.0,58.264300000000006,100.0,55.61178967142306,66.66666666666666,0.0,44.60371569679553,0.0,3,3,E_ablate_inflow_vr1.2,True
2340,002340.SZ,格林美,小金属,20241125,7.16,63.71965848956357,63.71965848956357,0.0,2.25,4.7944,26850.62,7.61290322580645,bear,BULL_TREND,58.49625007211562,93.54838709677418,100.0,80.0,94.68781097160765,43.333333333333336,0.0,42.42584738562412,0.0,1,1,E_ablate_wyckoff_vr1.2,True
2157,002157.SZ,正邦科技,农业综合,20241125,3.22,54.929818987389496,54.929818987389496,0.0,2.26,3.1821,5749.67,12.737127371273708,bear,BULL_TREND,58.81613863202314,100.0,57.4967,80.0,58.82665214451828,53.333333333333336,0.0,33.48769949384756,0.0,2,2,E_ablate_wyckoff_vr1.2,True
2083,002083.SZ,孚日股份,纺织,20241125,5.04,51.93007901781204,51.93007901781204,0.0,1.81,5.6098,5826.43,8.363636363636363,bear,BULL_TREND,42.799484865424034,100.0,58.264300000000006,100.0,54.59428676056947,66.66666666666666,0.0,44.60371569679553,0.0,3,3,E_ablate_wyckoff_vr1.2,True
2340,002340.SZ,格林美,小金属,20241125,7.16,68.81076017583847,68.81076017583847,0.0,2.25,4.7944,26850.62,7.61290322580645,bear,BULL_TREND,58.49625007211562,93.54838709677418,100.0,80.0,94.68781097160765,43.333333333333336,0.0,42.42584738562412,0.0,1,1,E_ablate_accel_vr1.2,True
2157,002157.SZ,正邦科技,农业综合,20241125,3.22,58.94834292665121,58.94834292665121,0.0,2.26,3.1821,5749.67,12.737127371273708,bear,BULL_TREND,58.81613863202314,100.0,57.4967,80.0,58.82665214451828,53.333333333333336,0.0,33.48769949384756,0.0,2,2,E_ablate_accel_vr1.2,True
2083,002083.SZ,孚日股份,纺织,20241125,5.04,57.28252490142751,57.28252490142751,0.0,1.81,5.6098,5826.43,8.363636363636363,bear,BULL_TREND,42.799484865424034,100.0,58.264300000000006,100.0,54.59428676056947,66.66666666666666,0.0,44.60371569679553,0.0,3,3,E_ablate_accel_vr1.2,True
2682,002682.SZ,龙洲股份,仓储物流,20241126,4.9,60.879022956880256,55.35512631997082,5.523896636909436,1.95,11.6908,6938.99,10.583941605839415,bear,BULL_TREND,48.1737061987443,100.0,69.3899,60.0,55.23896636909436,66.66666666666666,0.0,20.09120556291325,0.0,1,1,A_recovered_proxy_vr1.5,True
600601,600601.SH,方正科技,元器件,20241126,3.74,50.6637189466458,50.6637189466458,0.0,1.83,3.5293,4279.33,14.416475972540043,bear,BULL_TREND,43.59218242546589,100.0,42.7933,80.0,45.64934003685645,33.33333333333333,0.0,26.868126173734776,0.0,2,2,A_recovered_proxy_vr1.5,True
2728,002728.SZ,特一药业,中成药,20241126,9.23,49.53199107468525,49.53199107468525,0.0,2.0,8.6694,2604.35,11.249999999999998,bear,BULL_TREND,50.0,100.0,26.0435,60.0,44.3623885842844,63.33333333333333,0.0,25.714551003132684,0.0,3,3,A_recovered_proxy_vr1.5,True
2682,002682.SZ,龙洲股份,仓储物流,20241126,4.9,55.35512631997082,55.35512631997082,0.0,1.95,11.6908,6938.99,10.583941605839415,bear,BULL_TREND,48.1737061987443,100.0,69.3899,60.0,55.23896636909436,66.66666666666666,0.0,20.09120556291325,0.0,1,1,B_pure_quant_vr1.5,True
600601,600601.SH,方正科技,元器件,20241126,3.74,50.6637189466458,50.6637189466458,0.0,1.83,3.5293,4279.33,14.416475972540043,bear,BULL_TREND,43.59218242546589,100.0,42.7933,80.0,45.64934003685645,33.33333333333333,0.0,26.868126173734776,0.0,2,2,B_pure_quant_vr1.5,True
2728,002728.SZ,特一药业,中成药,20241126,9.23,49.53199107468525,49.53199107468525,0.0,2.0,8.6694,2604.35,11.249999999999998,bear,BULL_TREND,50.0,100.0,26.0435,60.0,44.3623885842844,63.33333333333333,0.0,25.714551003132684,0.0,3,3,B_pure_quant_vr1.5,True
2682,002682.SZ,龙洲股份,仓储物流,20241126,4.9,60.879022956880256,55.35512631997082,5.523896636909436,1.95,11.6908,6938.99,10.583941605839415,bear,BULL_TREND,48.1737061987443,100.0,69.3899,60.0,55.23896636909436,66.66666666666666,0.0,20.09120556291325,0.0,1,1,A_recovered_proxy_vr1.2,True
600601,600601.SH,方正科技,元器件,20241126,3.74,50.6637189466458,50.6637189466458,0.0,1.83,3.5293,4279.33,14.416475972540043,bear,BULL_TREND,43.59218242546589,100.0,42.7933,80.0,45.64934003685645,33.33333333333333,0.0,26.868126173734776,0.0,2,2,A_recovered_proxy_vr1.2,True
2728,002728.SZ,特一药业,中成药,20241126,9.23,49.53199107468525,49.53199107468525,0.0,2.0,8.6694,2604.35,11.249999999999998,bear,BULL_TREND,50.0,100.0,26.0435,60.0,44.3623885842844,63.33333333333333,0.0,25.714551003132684,0.0,3,3,A_recovered_proxy_vr1.2,True
2682,002682.SZ,龙洲股份,仓储物流,20241126,4.9,55.35512631997082,55.35512631997082,0.0,1.95,11.6908,6938.99,10.583941605839415,bear,BULL_TREND,48.1737061987443,100.0,69.3899,60.0,55.23896636909436,66.66666666666666,0.0,20.09120556291325,0.0,1,1,D_pure_quant_vr1.2,True
600601,600601.SH,方正科技,元器件,20241126,3.74,50.6637189466458,50.6637189466458,0.0,1.83,3.5293,4279.33,14.416475972540043,bear,BULL_TREND,43.59218242546589,100.0,42.7933,80.0,45.64934003685645,33.33333333333333,0.0,26.868126173734776,0.0,2,2,D_pure_quant_vr1.2,True
2728,002728.SZ,特一药业,中成药,20241126,9.23,49.53199107468525,49.53199107468525,0.0,2.0,8.6694,2604.35,11.249999999999998,bear,BULL_TREND,50.0,100.0,26.0435,60.0,44.3623885842844,63.33333333333333,0.0,25.714551003132684,0.0,3,3,D_pure_quant_vr1.2,True
2682,002682.SZ,龙洲股份,仓储物流,20241126,4.9,47.06928136460667,47.06928136460667,0.0,1.95,11.6908,6938.99,10.583941605839415,bear,BULL_TREND,48.1737061987443,100.0,69.3899,60.0,55.23896636909436,66.66666666666666,0.0,20.09120556291325,0.0,1,1,E_ablate_sector_vr1.2,True
507,000507.SZ,珠海港,新型电力,20241126,5.34,49.857450622484535,49.857450622484535,0.0,3.32,6.8627,-1436.6,4.812834224598939,bear,BULL_TREND,86.55916207861,48.128342245989394,0.0,100.0,47.77466447381779,0.0,0.0,75.5,0.0,1,1,E_ablate_inflow_vr1.2,True
2682,002682.SZ,龙洲股份,仓储物流,20241126,4.9,47.02833831997082,47.02833831997082,0.0,1.95,11.6908,6938.99,10.583941605839415,bear,BULL_TREND,48.1737061987443,100.0,69.3899,60.0,55.23896636909436,66.66666666666666,0.0,20.09120556291325,0.0,2,2,E_ablate_inflow_vr1.2,True
2728,002728.SZ,特一药业,中成药,20241126,9.23,46.406771074685246,46.406771074685246,0.0,2.0,8.6694,2604.35,11.249999999999998,bear,BULL_TREND,50.0,100.0,26.0435,60.0,44.3623885842844,63.33333333333333,0.0,25.714551003132684,0.0,3,3,E_ablate_inflow_vr1.2,True
2682,002682.SZ,龙洲股份,仓储物流,20241126,4.9,52.94418165242123,52.94418165242123,0.0,1.95,11.6908,6938.99,10.583941605839415,bear,BULL_TREND,48.1737061987443,100.0,69.3899,60.0,55.23896636909436,66.66666666666666,0.0,20.09120556291325,0.0,1,1,E_ablate_wyckoff_vr1.2,True
600601,600601.SH,方正科技,元器件,20241126,3.74,47.439543805797626,47.439543805797626,0.0,1.83,3.5293,4279.33,14.416475972540043,bear,BULL_TREND,43.59218242546589,100.0,42.7933,80.0,45.64934003685645,33.33333333333333,0.0,26.868126173734776,0.0,2,2,E_ablate_wyckoff_vr1.2,True
2728,002728.SZ,特一药业,中成药,20241126,9.23,46.44624495430933,46.44624495430933,0.0,2.0,8.6694,2604.35,11.249999999999998,bear,BULL_TREND,50.0,100.0,26.0435,60.0,44.3623885842844,63.33333333333333,0.0,25.714551003132684,0.0,3,3,E_ablate_wyckoff_vr1.2,True
2682,002682.SZ,龙洲股份,仓储物流,20241126,4.9,55.35512631997082,55.35512631997082,0.0,1.95,11.6908,6938.99,10.583941605839415,bear,BULL_TREND,48.1737061987443,100.0,69.3899,60.0,55.23896636909436,66.66666666666666,0.0,20.09120556291325,0.0,1,1,E_ablate_accel_vr1.2,True
600601,600601.SH,方正科技,元器件,20241126,3.74,50.6637189466458,50.6637189466458,0.0,1.83,3.5293,4279.33,14.416475972540043,bear,BULL_TREND,43.59218242546589,100.0,42.7933,80.0,45.64934003685645,33.33333333333333,0.0,26.868126173734776,0.0,2,2,E_ablate_accel_vr1.2,True
2728,002728.SZ,特一药业,中成药,20241126,9.23,49.53199107468525,49.53199107468525,0.0,2.0,8.6694,2604.35,11.249999999999998,bear,BULL_TREND,50.0,100.0,26.0435,60.0,44.3623885842844,63.33333333333333,0.0,25.714551003132684,0.0,3,3,E_ablate_accel_vr1.2,True
603712,603712.SH,七一二,通信设备,20241127,19.0,75.33547673727178,66.27107673727177,9.0644,3.12,8.122,10175.59,5.331340308918786,sideways,BULL_TREND,82.07730145437618,55.52233848197976,100.0,65.0,90.644,66.66666666666666,0.0,53.9101884828344,0.0,1,1,A_recovered_proxy_vr1.5,True
799,000799.SZ,酒鬼酒,白酒,20241127,59.5,72.5704375130518,64.07480881521175,8.495628697840049,1.82,5.0033,16050.32,10.63382397116251,sideways,BULL_TREND,43.19692252119858,100.0,100.0,100.0,84.95628697840048,66.66666666666666,0.0,20.789245670455536,0.0,2,2,A_recovered_proxy_vr1.5,True
2017,002017.SZ,东信和平,通信设备,20241127,10.94,61.588353129517095,52.523953129517096,9.0644,2.06,7.544,4243.36,5.363321799307967,sideways,BULL_TREND,52.132216870424685,56.055363321799454,42.4336,65.0,90.644,33.33333333333333,0.0,56.39489017134263,0.0,3,3,A_recovered_proxy_vr1.5,True
603712,603712.SH,七一二,通信设备,20241127,19.0,66.27107673727177,66.27107673727177,0.0,3.12,8.122,10175.59,5.331340308918786,sideways,BULL_TREND,82.07730145437618,55.52233848197976,100.0,65.0,90.644,66.66666666666666,0.0,53.9101884828344,0.0,1,1,B_pure_quant_vr1.5,True
799,000799.SZ,酒鬼酒,白酒,20241127,59.5,64.07480881521175,64.07480881521175,0.0,1.82,5.0033,16050.32,10.63382397116251,sideways,BULL_TREND,43.19692252119858,100.0,100.0,100.0,84.95628697840048,66.66666666666666,0.0,20.789245670455536,0.0,2,2,B_pure_quant_vr1.5,True
2157,002157.SZ,正邦科技,农业综合,20241127,3.36,55.77134853491053,55.77134853491053,0.0,1.65,3.0896,5628.54,8.943089430894311,sideways,BULL_TREND,36.12330122355455,100.0,56.2854,80.0,69.84844656461229,66.66666666666666,0.0,33.82811623086128,0.0,3,3,B_pure_quant_vr1.5,True
799,000799.SZ,酒鬼酒,白酒,20241127,59.5,68.88653406004984,61.30446674341058,7.582067316639265,1.82,5.0033,16050.32,10.63382397116251,sideways,BULL_TREND,43.19692252119858,100.0,100.0,65.0,75.82067316639265,66.66666666666666,0.0,20.789245670455536,0.0,1,1,A_recovered_proxy_vr1.2,True
600601,600601.SH,方正科技,元器件,20241127,3.83,68.2226738329963,59.259173832996304,8.9635,1.59,3.5594,7933.93,12.356979405034323,sideways,BULL_TREND,33.45133827548153,100.0,79.33930000000001,65.0,89.63499999999999,66.66666666666666,0.0,25.004833992141943,0.0,2,2,A_recovered_proxy_vr1.2,True
603712,603712.SH,七一二,通信设备,20241127,19.0,68.1714756167493,61.972676064958286,6.198799551791016,3.12,8.122,10175.59,5.331340308918786,sideways,BULL_TREND,82.07730145437618,55.52233848197976,100.0,65.0,61.98799551791015,66.66666666666666,0.0,53.9101884828344,0.0,3,3,A_recovered_proxy_vr1.2,True
603712,603712.SH,七一二,通信设备,20241127,19.0,61.972676064958286,61.972676064958286,0.0,3.12,8.122,10175.59,5.331340308918786,sideways,BULL_TREND,82.07730145437618,55.52233848197976,100.0,65.0,61.98799551791015,66.66666666666666,0.0,53.9101884828344,0.0,1,1,D_pure_quant_vr1.2,True
799,000799.SZ,酒鬼酒,白酒,20241127,59.5,61.30446674341058,61.30446674341058,0.0,1.82,5.0033,16050.32,10.63382397116251,sideways,BULL_TREND,43.19692252119858,100.0,100.0,65.0,75.82067316639265,66.66666666666666,0.0,20.789245670455536,0.0,2,2,D_pure_quant_vr1.2,True
600601,600601.SH,方正科技,元器件,20241127,3.83,59.259173832996304,59.259173832996304,0.0,1.59,3.5594,7933.93,12.356979405034323,sideways,BULL_TREND,33.45133827548153,100.0,79.33930000000001,65.0,89.63499999999999,66.66666666666666,0.0,25.004833992141943,0.0,3,3,D_pure_quant_vr1.2,True
603712,603712.SH,七一二,通信设备,20241127,19.0,52.67447673727177,52.67447673727177,0.0,3.12,8.122,10175.59,5.331340308918786,sideways,BULL_TREND,82.07730145437618,55.52233848197976,100.0,65.0,61.98799551791015,66.66666666666666,0.0,53.9101884828344,0.0,1,1,E_ablate_sector_vr1.2,True
799,000799.SZ,酒鬼酒,白酒,20241127,59.5,49.93136576845168,49.93136576845168,0.0,1.82,5.0033,16050.32,10.63382397116251,sideways,BULL_TREND,43.19692252119858,100.0,100.0,65.0,75.82067316639265,66.66666666666666,0.0,20.789245670455536,0.0,2,2,E_ablate_sector_vr1.2,True
600702,600702.SH,舍得酒业,白酒,20241127,76.99,47.05571265158606,47.05571265158606,0.0,1.47,4.7049,20103.52,10.736231884057975,sideways,BULL_TREND,27.790807753081985,100.0,100.0,65.0,75.82067316639265,66.66666666666666,0.0,25.07001343812245,0.0,3,3,E_ablate_sector_vr1.2,True
701,000701.SZ,厦门信达,商贸代理,20241127,5.19,50.77986457703971,50.77986457703971,0.0,2.58,8.4502,2793.01,7.155635062611797,sideways,BULL_TREND,68.36855328242648,85.92725104352994,27.930100000000003,60.0,47.27471760146278,66.66666666666666,0.0,50.08538876480459,0.0,1,1,E_ablate_inflow_vr1.2,True
603712,603712.SH,七一二,通信设备,20241127,19.0,49.972676064958286,49.972676064958286,0.0,3.12,8.122,10175.59,5.331340308918786,sideways,BULL_TREND,82.07730145437618,55.52233848197976,100.0,65.0,61.98799551791015,66.66666666666666,0.0,53.9101884828344,0.0,2,2,E_ablate_inflow_vr1.2,True
600601,600601.SH,方正科技,元器件,20241127,3.83,49.7384578329963,49.7384578329963,0.0,1.59,3.5594,7933.93,12.356979405034323,sideways,BULL_TREND,33.45133827548153,100.0,79.33930000000001,65.0,89.63499999999999,66.66666666666666,0.0,25.004833992141943,0.0,3,3,E_ablate_inflow_vr1.2,True
799,000799.SZ,酒鬼酒,白酒,20241127,59.5,58.80975726295592,58.80975726295592,0.0,1.82,5.0033,16050.32,10.63382397116251,sideways,BULL_TREND,43.19692252119858,100.0,100.0,65.0,75.82067316639265,66.66666666666666,0.0,20.789245670455536,0.0,1,1,E_ablate_wyckoff_vr1.2,True
600601,600601.SH,方正科技,元器件,20241127,3.83,56.25859375393927,56.25859375393927,0.0,1.59,3.5594,7933.93,12.356979405034323,sideways,BULL_TREND,33.45133827548153,100.0,79.33930000000001,65.0,89.63499999999999,66.66666666666666,0.0,25.004833992141943,0.0,2,2,E_ablate_wyckoff_vr1.2,True
603712,603712.SH,七一二,通信设备,20241127,19.0,55.50345344701816,55.50345344701816,0.0,3.12,8.122,10175.59,5.331340308918786,sideways,BULL_TREND,82.07730145437618,55.52233848197976,100.0,65.0,61.98799551791015,66.66666666666666,0.0,53.9101884828344,0.0,3,3,E_ablate_wyckoff_vr1.2,True
603712,603712.SH,七一二,通信设备,20241127,19.0,61.972676064958286,61.972676064958286,0.0,3.12,8.122,10175.59,5.331340308918786,sideways,BULL_TREND,82.07730145437618,55.52233848197976,100.0,65.0,61.98799551791015,66.66666666666666,0.0,53.9101884828344,0.0,1,1,E_ablate_accel_vr1.2,True
799,000799.SZ,酒鬼酒,白酒,20241127,59.5,61.30446674341058,61.30446674341058,0.0,1.82,5.0033,16050.32,10.63382397116251,sideways,BULL_TREND,43.19692252119858,100.0,100.0,65.0,75.82067316639265,66.66666666666666,0.0,20.789245670455536,0.0,2,2,E_ablate_accel_vr1.2,True
600601,600601.SH,方正科技,元器件,20241127,3.83,59.259173832996304,59.259173832996304,0.0,1.59,3.5594,7933.93,12.356979405034323,sideways,BULL_TREND,33.45133827548153,100.0,79.33930000000001,65.0,89.63499999999999,66.66666666666666,0.0,25.004833992141943,0.0,3,3,E_ablate_accel_vr1.2,True
603019,603019.SH,中科曙光,IT设备,20241128,81.74,69.87891746167553,60.41955084868573,9.459366612989802,1.53,10.3627,125346.44,9.107083287001014,sideways,BULL_TREND,30.67658264589636,100.0,100.0,60.0,94.59366612989804,33.33333333333333,0.0,20.124884003642947,0.0,1,1,A_recovered_proxy_vr1.5,True
2675,002675.SZ,东诚药业,化学制药,20241128,13.41,65.88142057635459,65.88142057635459,0.0,4.76,5.0005,7182.02,6.158152554233723,sideways,BULL_TREND,100.0,69.30254257056205,71.8202,100.0,43.58370653037902,33.33333333333333,0.0,73.43512137172841,0.0,2,2,A_recovered_proxy_vr1.5,True
600354,600354.SH,敦煌种业,种植业,20241128,6.12,60.929850533730544,60.929850533730544,0.0,2.86,8.9518,5367.44,8.656716417910449,sideways,BULL_TREND,75.80075735018323,100.0,53.6744,60.0,48.21634679422584,63.33333333333333,0.0,40.94697692408075,0.0,3,3,A_recovered_proxy_vr1.5,True
2675,002675.SZ,东诚药业,化学制药,20241128,13.41,65.88142057635459,65.88142057635459,0.0,4.76,5.0005,7182.02,6.158152554233723,sideways,BULL_TREND,100.0,69.30254257056205,71.8202,100.0,43.58370653037902,33.33333333333333,0.0,73.43512137172841,0.0,1,1,B_pure_quant_vr1.5,True
600354,600354.SH,敦煌种业,种植业,20241128,6.12,60.929850533730544,60.929850533730544,0.0,2.86,8.9518,5367.44,8.656716417910449,sideways,BULL_TREND,75.80075735018323,100.0,53.6744,60.0,48.21634679422584,63.33333333333333,0.0,40.94697692408075,0.0,2,2,B_pure_quant_vr1.5,True
603019,603019.SH,中科曙光,IT设备,20241128,81.74,60.41955084868573,60.41955084868573,0.0,1.53,10.3627,125346.44,9.107083287001014,sideways,BULL_TREND,30.67658264589636,100.0,100.0,60.0,94.59366612989804,33.33333333333333,0.0,20.124884003642947,0.0,3,3,B_pure_quant_vr1.5,True
603019,603019.SH,中科曙光,IT设备,20241128,81.74,70.45223152043745,60.76353928394288,9.688692236494571,1.53,10.3627,125346.44,9.107083287001014,sideways,BULL_TREND,30.67658264589636,100.0,100.0,60.0,96.8869223649457,33.33333333333333,0.0,20.124884003642947,0.0,1,1,A_recovered_proxy_vr1.2,True
2675,002675.SZ,东诚药业,化学制药,20241128,13.41,63.209462277223935,63.209462277223935,0.0,4.76,5.0005,7182.02,6.158152554233723,sideways,BULL_TREND,100.0,69.30254257056205,71.8202,40.0,41.77065120284137,33.33333333333333,0.0,73.43512137172841,0.0,2,2,A_recovered_proxy_vr1.2,True
600354,600354.SH,敦煌种业,种植业,20241128,6.12,61.90798831742215,61.90798831742215,0.0,2.86,8.9518,5367.44,8.656716417910449,sideways,BULL_TREND,75.80075735018323,100.0,53.6744,65.0,53.4039320188365,63.33333333333333,0.0,40.94697692408075,0.0,3,3,A_recovered_proxy_vr1.2,True
2675,002675.SZ,东诚药业,化学制药,20241128,13.41,63.209462277223935,63.209462277223935,0.0,4.76,5.0005,7182.02,6.158152554233723,sideways,BULL_TREND,100.0,69.30254257056205,71.8202,40.0,41.77065120284137,33.33333333333333,0.0,73.43512137172841,0.0,1,1,D_pure_quant_vr1.2,True
600354,600354.SH,敦煌种业,种植业,20241128,6.12,61.90798831742215,61.90798831742215,0.0,2.86,8.9518,5367.44,8.656716417910449,sideways,BULL_TREND,75.80075735018323,100.0,53.6744,65.0,53.4039320188365,63.33333333333333,0.0,40.94697692408075,0.0,2,2,D_pure_quant_vr1.2,True
603019,603019.SH,中科曙光,IT设备,20241128,81.74,60.76353928394288,60.76353928394288,0.0,1.53,10.3627,125346.44,9.107083287001014,sideways,BULL_TREND,30.67658264589636,100.0,100.0,60.0,96.8869223649457,33.33333333333333,0.0,20.124884003642947,0.0,3,3,D_pure_quant_vr1.2,True
2675,002675.SZ,东诚药业,化学制药,20241128,13.41,56.94386459679773,56.94386459679773,0.0,4.76,5.0005,7182.02,6.158152554233723,sideways,BULL_TREND,100.0,69.30254257056205,71.8202,40.0,41.77065120284137,33.33333333333333,0.0,73.43512137172841,0.0,1,1,E_ablate_sector_vr1.2,True
600354,600354.SH,敦煌种业,种植业,20241128,6.12,53.89739851459667,53.89739851459667,0.0,2.86,8.9518,5367.44,8.656716417910449,sideways,BULL_TREND,75.80075735018323,100.0,53.6744,65.0,53.4039320188365,63.33333333333333,0.0,40.94697692408075,0.0,2,2,E_ablate_sector_vr1.2,True
603000,603000.SH,人民网,互联网,20241128,25.69,53.52078390555231,53.52078390555231,0.0,2.18,8.8795,47379.65,8.965272856130396,sideways,BULL_TREND,56.216406750110096,100.0,100.0,60.0,46.79188271719511,33.33333333333333,0.0,34.054231282178506,0.0,3,3,E_ablate_sector_vr1.2,True
600354,600354.SH,敦煌种业,种植业,20241128,6.12,55.33030691753479,55.33030691753479,0.0,2.86,8.9518,5367.44,8.656716417910449,sideways,BULL_TREND,75.80075735018323,100.0,53.6744,65.0,52.49224268625415,63.33333333333333,0.0,40.94697692408075,0.0,1,1,E_ablate_inflow_vr1.2,True
2675,002675.SZ,东诚药业,化学制药,20241128,13.41,54.48689838002319,54.48689838002319,0.0,4.76,5.0005,7182.02,6.158152554233723,sideways,BULL_TREND,100.0,69.30254257056205,71.8202,40.0,41.07638522150312,33.33333333333333,0.0,73.43512137172841,0.0,2,2,E_ablate_inflow_vr1.2,True
603069,603069.SH,海汽集团,公共交通,20241128,20.1,51.8285547851638,51.8285547851638,0.0,2.28,3.813,2186.88,10.307898259705482,sideways,BULL_TREND,59.451691219500844,100.0,21.8688,80.0,46.69009835413571,43.333333333333336,0.0,47.325010809054966,0.0,3,3,E_ablate_inflow_vr1.2,True
603019,603019.SH,中科曙光,IT设备,20241128,81.74,58.34855320350572,58.34855320350572,0.0,1.53,10.3627,125346.44,9.107083287001014,sideways,BULL_TREND,30.67658264589636,100.0,100.0,60.0,96.8869223649457,33.33333333333333,0.0,20.124884003642947,0.0,1,1,E_ablate_wyckoff_vr1.2,True
600354,600354.SH,敦煌种业,种植业,20241128,6.12,56.99435108653245,56.99435108653245,0.0,2.86,8.9518,5367.44,8.656716417910449,sideways,BULL_TREND,75.80075735018323,100.0,53.6744,65.0,53.4039320188365,63.33333333333333,0.0,40.94697692408075,0.0,2,2,E_ablate_wyckoff_vr1.2,True
603000,603000.SH,人民网,互联网,20241128,25.69,56.45305855927016,56.45305855927016,0.0,2.18,8.8795,47379.65,8.965272856130396,sideways,BULL_TREND,56.216406750110096,100.0,100.0,60.0,46.79188271719511,33.33333333333333,0.0,34.054231282178506,0.0,3,3,E_ablate_wyckoff_vr1.2,True
2675,002675.SZ,东诚药业,化学制药,20241128,13.41,63.209462277223935,63.209462277223935,0.0,4.76,5.0005,7182.02,6.158152554233723,sideways,BULL_TREND,100.0,69.30254257056205,71.8202,40.0,41.77065120284137,33.33333333333333,0.0,73.43512137172841,0.0,1,1,E_ablate_accel_vr1.2,True
600354,600354.SH,敦煌种业,种植业,20241128,6.12,61.90798831742215,61.90798831742215,0.0,2.86,8.9518,5367.44,8.656716417910449,sideways,BULL_TREND,75.80075735018323,100.0,53.6744,65.0,53.4039320188365,63.33333333333333,0.0,40.94697692408075,0.0,2,2,E_ablate_accel_vr1.2,True
603019,603019.SH,中科曙光,IT设备,20241128,81.74,60.76353928394288,60.76353928394288,0.0,1.53,10.3627,125346.44,9.107083287001014,sideways,BULL_TREND,30.67658264589636,100.0,100.0,60.0,96.8869223649457,33.33333333333333,0.0,20.124884003642947,0.0,3,3,E_ablate_accel_vr1.2,True
2279,002279.SZ,久其软件,软件服务,20241129,6.9,59.285925970872405,51.44690340383311,7.839022567039295,1.56,9.0663,7475.48,11.196911196911188,weak_momentum,BULL_TREND,32.07730145437618,100.0,74.75479999999999,80.0,78.39022567039295,66.66666666666666,0.0,13.917180011896072,0.0,1,1,A_recovered_proxy_vr1.5,True
2537,002537.SZ,海联金汇,汽车配件,20241129,6.77,59.18450353019436,59.18450353019436,0.0,2.67,5.0188,7706.91,5.578800557880061,weak_momentum,BULL_TREND,70.84198709564146,100.0,77.06909999999999,100.0,43.58260180811672,53.333333333333336,0.0,56.54473685309317,0.0,2,2,A_recovered_proxy_vr1.5,True
600570,600570.SH,恒生电子,软件服务,20241129,30.68,56.25283649039405,48.41381392335476,7.839022567039295,1.58,4.7411,18927.05,17.747989276139407,weak_momentum,BULL_TREND,32.99622792011891,52.10008936550494,100.0,40.0,78.39022567039295,43.333333333333336,0.0,21.91445662833812,0.0,3,3,A_recovered_proxy_vr1.5,True
2537,002537.SZ,海联金汇,汽车配件,20241129,6.77,59.18450353019436,59.18450353019436,0.0,2.67,5.0188,7706.91,5.578800557880061,weak_momentum,BULL_TREND,70.84198709564146,100.0,77.06909999999999,100.0,43.58260180811672,53.333333333333336,0.0,56.54473685309317,0.0,1,1,B_pure_quant_vr1.5,True
600383,600383.SH,金地集团,全国地产,20241129,5.81,52.94035996374136,52.94035996374136,0.0,1.52,3.8243,15310.24,14.053254437869825,weak_momentum,BULL_TREND,30.203566183443044,82.88954635108479,100.0,80.0,61.0598958904519,53.333333333333336,0.0,30.91618949240187,0.0,2,2,B_pure_quant_vr1.5,True
2279,002279.SZ,久其软件,软件服务,20241129,6.9,51.44690340383311,51.44690340383311,0.0,1.56,9.0663,7475.48,11.196911196911188,weak_momentum,BULL_TREND,32.07730145437618,100.0,74.75479999999999,80.0,78.39022567039295,66.66666666666666,0.0,13.917180011896072,0.0,3,3,B_pure_quant_vr1.5,True
2845,002845.SZ,同兴达,元器件,20241129,16.71,60.198945261024654,53.44011898262764,6.758826278397018,1.77,10.3198,5076.85,11.258629845990429,weak_momentum,BULL_TREND,41.18746801541364,100.0,50.7685,100.0,67.58826278397018,63.33333333333333,0.0,52.125084640356015,0.0,1,1,A_recovered_proxy_vr1.2,True
2649,002649.SZ,博彦科技,软件服务,20241129,12.53,59.33183556762143,51.74390136078642,7.587934206834998,1.39,5.1258,7322.16,7.867647058823532,weak_momentum,BULL_TREND,23.75424414743913,100.0,73.2216,65.0,75.87934206834997,63.33333333333333,0.0,34.68205841167595,0.0,2,2,A_recovered_proxy_vr1.2,True
2139,002139.SZ,拓邦股份,元器件,20241129,12.41,59.26725846059221,52.50843218219519,6.758826278397018,1.2,6.1857,16877.22,6.551204819277102,weak_momentum,BULL_TREND,13.151720291689688,100.0,100.0,80.0,67.58826278397018,33.33333333333333,0.0,31.538453694530325,0.0,3,3,A_recovered_proxy_vr1.2,True
2537,002537.SZ,海联金汇,汽车配件,20241129,6.77,57.71899422850164,57.71899422850164,0.0,2.67,5.0188,7706.91,5.578800557880061,weak_momentum,BULL_TREND,70.84198709564146,100.0,77.06909999999999,65.0,45.479206463498514,53.333333333333336,0.0,56.54473685309317,0.0,1,1,D_pure_quant_vr1.2,True
2845,002845.SZ,同兴达,元器件,20241129,16.71,53.44011898262764,53.44011898262764,0.0,1.77,10.3198,5076.85,11.258629845990429,weak_momentum,BULL_TREND,41.18746801541364,100.0,50.7685,100.0,67.58826278397018,63.33333333333333,0.0,52.125084640356015,0.0,2,2,D_pure_quant_vr1.2,True
2139,002139.SZ,拓邦股份,元器件,20241129,12.41,52.50843218219519,52.50843218219519,0.0,1.2,6.1857,16877.22,6.551204819277102,weak_momentum,BULL_TREND,13.151720291689688,100.0,100.0,80.0,67.58826278397018,33.33333333333333,0.0,31.538453694530325,0.0,3,3,D_pure_quant_vr1.2,True
2537,002537.SZ,海联金汇,汽车配件,20241129,6.77,50.89711325897686,50.89711325897686,0.0,2.67,5.0188,7706.91,5.578800557880061,weak_momentum,BULL_TREND,70.84198709564146,100.0,77.06909999999999,65.0,45.479206463498514,53.333333333333336,0.0,56.54473685309317,0.0,1,1,E_ablate_sector_vr1.2,True
2537,002537.SZ,海联金汇,汽车配件,20241129,6.77,49.23728370053766,49.23728370053766,0.0,2.67,5.0188,7706.91,5.578800557880061,weak_momentum,BULL_TREND,70.84198709564146,100.0,77.06909999999999,65.0,45.479206463498514,53.333333333333336,0.0,56.54473685309317,0.0,1,1,E_ablate_wyckoff_vr1.2,True
2279,002279.SZ,久其软件,软件服务,20241129,6.9,48.982693861742256,48.982693861742256,0.0,1.56,9.0663,7475.48,11.196911196911188,weak_momentum,BULL_TREND,32.07730145437618,100.0,74.75479999999999,80.0,75.87934206834997,66.66666666666666,0.0,13.917180011896072,0.0,2,2,E_ablate_wyckoff_vr1.2,True
2139,002139.SZ,拓邦股份,元器件,20241129,12.41,47.77766412801565,47.77766412801565,0.0,1.2,6.1857,16877.22,6.551204819277102,weak_momentum,BULL_TREND,13.151720291689688,100.0,100.0,80.0,67.58826278397018,33.33333333333333,0.0,31.538453694530325,0.0,3,3,E_ablate_wyckoff_vr1.2,True
2537,002537.SZ,海联金汇,汽车配件,20241129,6.77,57.71899422850164,57.71899422850164,0.0,2.67,5.0188,7706.91,5.578800557880061,weak_momentum,BULL_TREND,70.84198709564146,100.0,77.06909999999999,65.0,45.479206463498514,53.333333333333336,0.0,56.54473685309317,0.0,1,1,E_ablate_accel_vr1.2,True
2845,002845.SZ,同兴达,元器件,20241129,16.71,53.44011898262764,53.44011898262764,0.0,1.77,10.3198,5076.85,11.258629845990429,weak_momentum,BULL_TREND,41.18746801541364,100.0,50.7685,100.0,67.58826278397018,63.33333333333333,0.0,52.125084640356015,0.0,2,2,E_ablate_accel_vr1.2,True
2139,002139.SZ,拓邦股份,元器件,20241129,12.41,52.50843218219519,52.50843218219519,0.0,1.2,6.1857,16877.22,6.551204819277102,weak_momentum,BULL_TREND,13.151720291689688,100.0,100.0,80.0,67.58826278397018,33.33333333333333,0.0,31.538453694530325,0.0,3,3,E_ablate_accel_vr1.2,True
2334,002334.SZ,英威腾,电气设备,20241202,7.77,65.65051504587424,65.65051504587424,0.0,2.24,8.2368,9528.63,1.019108280254778,momentum,BULL_TREND,58.17493661414398,100.0,95.2863,100.0,63.13181908547874,30.0,0.0,87.406507366569,0.0,1,1,A_recovered_proxy_vr1.5,True
2243,002243.SZ,力合科创,广告包装,20241202,9.42,62.19101877239903,62.19101877239903,0.0,2.23,6.2668,10648.24,3.384615384615385,momentum,BULL_TREND,57.852185507279,97.6923076923077,100.0,100.0,47.48278764785092,66.66666666666666,0.0,59.14069314172892,0.0,2,2,A_recovered_proxy_vr1.5,True
571,000571.SZ,新大洲A,煤炭开采,20241202,3.98,58.93903982172502,58.93903982172502,0.0,3.2,6.6256,4668.29,2.4509803921568647,momentum,BULL_TREND,83.90359525563188,100.0,46.6829,100.0,50.69410652486715,66.66666666666666,0.0,85.44765895073469,0.0,3,3,A_recovered_proxy_vr1.5,True
2334,002334.SZ,英威腾,电气设备,20241202,7.77,65.65051504587424,65.65051504587424,0.0,2.24,8.2368,9528.63,1.019108280254778,momentum,BULL_TREND,58.17493661414398,100.0,95.2863,100.0,63.13181908547874,30.0,0.0,87.406507366569,0.0,1,1,B_pure_quant_vr1.5,True
2243,002243.SZ,力合科创,广告包装,20241202,9.42,62.19101877239903,62.19101877239903,0.0,2.23,6.2668,10648.24,3.384615384615385,momentum,BULL_TREND,57.852185507279,97.6923076923077,100.0,100.0,47.48278764785092,66.66666666666666,0.0,59.14069314172892,0.0,2,2,B_pure_quant_vr1.5,True
571,000571.SZ,新大洲A,煤炭开采,20241202,3.98,58.93903982172502,58.93903982172502,0.0,3.2,6.6256,4668.29,2.4509803921568647,momentum,BULL_TREND,83.90359525563188,100.0,46.6829,100.0,50.69410652486715,66.66666666666666,0.0,85.44765895073469,0.0,3,3,B_pure_quant_vr1.5,True
2334,002334.SZ,英威腾,电气设备,20241202,7.77,64.7452392276258,64.7452392276258,0.0,2.24,8.2368,9528.63,1.019108280254778,momentum,BULL_TREND,58.17493661414398,100.0,95.2863,80.0,63.60543999423649,30.0,0.0,87.406507366569,0.0,1,1,A_recovered_proxy_vr1.2,True
2243,002243.SZ,力合科创,广告包装,20241202,9.42,63.084826963009945,63.084826963009945,0.0,2.23,6.2668,10648.24,3.384615384615385,momentum,BULL_TREND,57.852185507279,97.6923076923077,100.0,100.0,51.9518286009055,66.66666666666666,0.0,59.14069314172892,0.0,2,2,A_recovered_proxy_vr1.2,True
571,000571.SZ,新大洲A,煤炭开采,20241202,3.98,58.73125187158408,58.73125187158408,0.0,3.2,6.6256,4668.29,2.4509803921568647,momentum,BULL_TREND,83.90359525563188,100.0,46.6829,100.0,49.65516677416246,66.66666666666666,0.0,85.44765895073469,0.0,3,3,A_recovered_proxy_vr1.2,True
2334,002334.SZ,英威腾,电气设备,20241202,7.77,64.7452392276258,64.7452392276258,0.0,2.24,8.2368,9528.63,1.019108280254778,momentum,BULL_TREND,58.17493661414398,100.0,95.2863,80.0,63.60543999423649,30.0,0.0,87.406507366569,0.0,1,1,D_pure_quant_vr1.2,True
2243,002243.SZ,力合科创,广告包装,20241202,9.42,63.084826963009945,63.084826963009945,0.0,2.23,6.2668,10648.24,3.384615384615385,momentum,BULL_TREND,57.852185507279,97.6923076923077,100.0,100.0,51.9518286009055,66.66666666666666,0.0,59.14069314172892,0.0,2,2,D_pure_quant_vr1.2,True
571,000571.SZ,新大洲A,煤炭开采,20241202,3.98,58.73125187158408,58.73125187158408,0.0,3.2,6.6256,4668.29,2.4509803921568647,momentum,BULL_TREND,83.90359525563188,100.0,46.6829,100.0,49.65516677416246,66.66666666666666,0.0,85.44765895073469,0.0,3,3,D_pure_quant_vr1.2,True
2243,002243.SZ,力合科创,广告包装,20241202,9.42,52.69446124282885,52.69446124282885,0.0,2.23,6.2668,10648.24,3.384615384615385,momentum,BULL_TREND,57.852185507279,97.6923076923077,100.0,100.0,51.9518286009055,66.66666666666666,0.0,59.14069314172892,0.0,1,1,E_ablate_sector_vr1.2,True
2334,002334.SZ,英威腾,电气设备,20241202,7.77,52.0241512287785,52.0241512287785,0.0,2.24,8.2368,9528.63,1.019108280254778,momentum,BULL_TREND,58.17493661414398,100.0,95.2863,80.0,63.60543999423649,30.0,0.0,87.406507366569,0.0,2,2,E_ablate_sector_vr1.2,True
2458,002458.SZ,益生股份,农业综合,20241202,10.21,49.22990377418791,49.22990377418791,0.0,4.21,6.883,5038.6,2.94676806083649,momentum,BULL_TREND,100.0,100.0,50.386,80.0,37.05809600113828,53.333333333333336,0.0,74.86037107521241,0.0,3,3,E_ablate_sector_vr1.2,True
571,000571.SZ,新大洲A,煤炭开采,20241202,3.98,49.39467187158408,49.39467187158408,0.0,3.2,6.6256,4668.29,2.4509803921568647,momentum,BULL_TREND,83.90359525563188,100.0,46.6829,100.0,49.65516677416246,66.66666666666666,0.0,85.44765895073469,0.0,1,1,E_ablate_inflow_vr1.2,True
603686,603686.SH,福龙马,环境保护,20241202,9.61,47.53727674414127,47.53727674414127,0.0,3.51,6.6459,2500.48,1.435897435897442,momentum,BULL_TREND,90.5735515264918,100.0,25.0048,100.0,39.335500620696806,43.333333333333336,0.0,89.17477224361471,0.0,2,2,E_ablate_inflow_vr1.2,True
2367,002367.SZ,康力电梯,运输设备,20241202,7.29,47.52786401692296,47.52786401692296,0.0,3.07,5.8485,2550.06,0.1369863013698601,momentum,BULL_TREND,80.91193277977273,100.0,25.5006,100.0,41.52389095967256,66.66666666666666,0.0,87.52962574689201,0.0,3,3,E_ablate_inflow_vr1.2,True
2243,002243.SZ,力合科创,广告包装,20241202,9.42,57.17075764883705,57.17075764883705,0.0,2.23,6.2668,10648.24,3.384615384615385,momentum,BULL_TREND,57.852185507279,97.6923076923077,100.0,100.0,51.9518286009055,66.66666666666666,0.0,59.14069314172892,0.0,1,1,E_ablate_wyckoff_vr1.2,True
2334,002334.SZ,英威腾,电气设备,20241202,7.77,56.0045884909689,56.0045884909689,0.0,2.24,8.2368,9528.63,1.019108280254778,momentum,BULL_TREND,58.17493661414398,100.0,95.2863,80.0,63.60543999423649,30.0,0.0,87.406507366569,0.0,2,2,E_ablate_wyckoff_vr1.2,True
603296,603296.SH,华勤技术,元器件,20241202,65.9,52.78795198142833,52.78795198142833,0.0,1.4,5.3193,12230.78,1.1994002998500706,momentum,BULL_TREND,24.27134135851208,100.0,100.0,65.0,63.65292055492425,63.33333333333333,0.0,39.23534773635254,0.0,3,3,E_ablate_wyckoff_vr1.2,True
2334,002334.SZ,英威腾,电气设备,20241202,7.77,64.7452392276258,64.7452392276258,0.0,2.24,8.2368,9528.63,1.019108280254778,momentum,BULL_TREND,58.17493661414398,100.0,95.2863,80.0,63.60543999423649,30.0,0.0,87.406507366569,0.0,1,1,E_ablate_accel_vr1.2,True
2243,002243.SZ,力合科创,广告包装,20241202,9.42,63.084826963009945,63.084826963009945,0.0,2.23,6.2668,10648.24,3.384615384615385,momentum,BULL_TREND,57.852185507279,97.6923076923077,100.0,100.0,51.9518286009055,66.66666666666666,0.0,59.14069314172892,0.0,2,2,E_ablate_accel_vr1.2,True
571,000571.SZ,新大洲A,煤炭开采,20241202,3.98,58.73125187158408,58.73125187158408,0.0,3.2,6.6256,4668.29,2.4509803921568647,momentum,BULL_TREND,83.90359525563188,100.0,46.6829,100.0,49.65516677416246,66.66666666666666,0.0,85.44765895073469,0.0,3,3,E_ablate_accel_vr1.2,True
601016,601016.SH,节能风电,新型电力,20241203,3.4,70.59033674132436,70.59033674132436,0.0,3.68,3.6979,14422.18,2.85714285714286,momentum,BULL_TREND,93.9852883141144,100.0,100.0,80.0,54.487876746008425,53.333333333333336,0.0,89.28301478338848,0.0,1,1,A_recovered_proxy_vr1.5,True
936,000936.SZ,华西股份,化纤,20241203,7.9,64.02156481709612,64.02156481709612,0.0,3.15,8.0322,8478.16,1.618929016189278,momentum,BULL_TREND,82.7675914306277,100.0,84.7816,60.0,50.66181587872371,66.66666666666666,0.0,81.84409593423885,0.0,2,2,A_recovered_proxy_vr1.5,True
2145,002145.SZ,钛能化学,化工原料,20241203,4.92,62.41461357143674,62.41461357143674,0.0,2.51,3.1104,13565.87,0.6060606060606111,momentum,BULL_TREND,66.38436820880236,100.0,100.0,40.0,47.95334028222883,66.66666666666666,0.0,75.32956950337282,0.0,3,3,A_recovered_proxy_vr1.5,True
601016,601016.SH,节能风电,新型电力,20241203,3.4,70.59033674132436,70.59033674132436,0.0,3.68,3.6979,14422.18,2.85714285714286,momentum,BULL_TREND,93.9852883141144,100.0,100.0,80.0,54.487876746008425,53.333333333333336,0.0,89.28301478338848,0.0,1,1,B_pure_quant_vr1.5,True
936,000936.SZ,华西股份,化纤,20241203,7.9,64.02156481709612,64.02156481709612,0.0,3.15,8.0322,8478.16,1.618929016189278,momentum,BULL_TREND,82.7675914306277,100.0,84.7816,60.0,50.66181587872371,66.66666666666666,0.0,81.84409593423885,0.0,2,2,B_pure_quant_vr1.5,True
2145,002145.SZ,钛能化学,化工原料,20241203,4.92,62.41461357143674,62.41461357143674,0.0,2.51,3.1104,13565.87,0.6060606060606111,momentum,BULL_TREND,66.38436820880236,100.0,100.0,40.0,47.95334028222883,66.66666666666666,0.0,75.32956950337282,0.0,3,3,B_pure_quant_vr1.5,True
601016,601016.SH,节能风电,新型电力,20241203,3.4,67.74678280699628,67.74678280699628,0.0,3.68,3.6979,14422.18,2.85714285714286,momentum,BULL_TREND,93.9852883141144,100.0,100.0,40.0,50.270107074368006,53.333333333333336,0.0,89.28301478338848,0.0,1,1,A_recovered_proxy_vr1.2,True
936,000936.SZ,华西股份,化纤,20241203,7.9,63.99866223570122,63.99866223570122,0.0,3.15,8.0322,8478.16,1.618929016189278,momentum,BULL_TREND,82.7675914306277,100.0,84.7816,60.0,50.54730297174921,66.66666666666666,0.0,81.84409593423885,0.0,2,2,A_recovered_proxy_vr1.2,True
2145,002145.SZ,钛能化学,化工原料,20241203,4.92,62.360010125817695,62.360010125817695,0.0,2.51,3.1104,13565.87,0.6060606060606111,momentum,BULL_TREND,66.38436820880236,100.0,100.0,40.0,47.68032305413362,66.66666666666666,0.0,75.32956950337282,0.0,3,3,A_recovered_proxy_vr1.2,True
601016,601016.SH,节能风电,新型电力,20241203,3.4,67.74678280699628,67.74678280699628,0.0,3.68,3.6979,14422.18,2.85714285714286,momentum,BULL_TREND,93.9852883141144,100.0,100.0,40.0,50.270107074368006,53.333333333333336,0.0,89.28301478338848,0.0,1,1,D_pure_quant_vr1.2,True
936,000936.SZ,华西股份,化纤,20241203,7.9,63.99866223570122,63.99866223570122,0.0,3.15,8.0322,8478.16,1.618929016189278,momentum,BULL_TREND,82.7675914306277,100.0,84.7816,60.0,50.54730297174921,66.66666666666666,0.0,81.84409593423885,0.0,2,2,D_pure_quant_vr1.2,True
2145,002145.SZ,钛能化学,化工原料,20241203,4.92,62.360010125817695,62.360010125817695,0.0,2.51,3.1104,13565.87,0.6060606060606111,momentum,BULL_TREND,66.38436820880236,100.0,100.0,40.0,47.68032305413362,66.66666666666666,0.0,75.32956950337282,0.0,3,3,D_pure_quant_vr1.2,True
601016,601016.SH,节能风电,新型电力,20241203,3.4,57.69276139212268,57.69276139212268,0.0,3.68,3.6979,14422.18,2.85714285714286,momentum,BULL_TREND,93.9852883141144,100.0,100.0,40.0,50.270107074368006,53.333333333333336,0.0,89.28301478338848,0.0,1,1,E_ablate_sector_vr1.2,True
936,000936.SZ,华西股份,化纤,20241203,7.9,53.88920164135138,53.88920164135138,0.0,3.15,8.0322,8478.16,1.618929016189278,momentum,BULL_TREND,82.7675914306277,100.0,84.7816,60.0,50.54730297174921,66.66666666666666,0.0,81.84409593423885,0.0,2,2,E_ablate_sector_vr1.2,True
2145,002145.SZ,钛能化学,化工原料,20241203,4.92,52.82394551499097,52.82394551499097,0.0,2.51,3.1104,13565.87,0.6060606060606111,momentum,BULL_TREND,66.38436820880236,100.0,100.0,40.0,47.68032305413362,66.66666666666666,0.0,75.32956950337282,0.0,3,3,E_ablate_sector_vr1.2,True
601016,601016.SH,节能风电,新型电力,20241203,3.4,47.13939678703147,47.13939678703147,0.0,3.68,3.6979,14422.18,2.85714285714286,momentum,BULL_TREND,93.9852883141144,100.0,100.0,40.0,47.23317697454397,53.333333333333336,0.0,89.28301478338848,0.0,1,1,E_ablate_inflow_vr1.2,True
2479,002479.SZ,富春环保,新型电力,20241203,5.2,47.09651775998421,47.09651775998421,0.0,4.76,7.5817,704.99,4.0590405904059,momentum,BULL_TREND,100.0,93.6457564575646,7.0499,80.0,47.23317697454397,0.0,0.0,92.8530671931895,0.0,2,2,E_ablate_inflow_vr1.2,True
936,000936.SZ,华西股份,化纤,20241203,7.9,46.285671748892334,46.285671748892334,0.0,3.15,8.0322,8478.16,1.618929016189278,momentum,BULL_TREND,82.7675914306277,100.0,84.7816,60.0,46.76395053770481,66.66666666666666,0.0,81.84409593423885,0.0,3,3,E_ablate_inflow_vr1.2,True
601016,601016.SH,节能风电,新型电力,20241203,3.4,58.81848132865744,58.81848132865744,0.0,3.68,3.6979,14422.18,2.85714285714286,momentum,BULL_TREND,93.9852883141144,100.0,100.0,40.0,50.270107074368006,53.333333333333336,0.0,89.28301478338848,0.0,1,1,E_ablate_wyckoff_vr1.2,True
936,000936.SZ,华西股份,化纤,20241203,7.9,55.81425264227733,55.81425264227733,0.0,3.15,8.0322,8478.16,1.618929016189278,momentum,BULL_TREND,82.7675914306277,100.0,84.7816,60.0,50.54730297174921,66.66666666666666,0.0,81.84409593423885,0.0,2,2,E_ablate_wyckoff_vr1.2,True
2145,002145.SZ,钛能化学,化工原料,20241203,4.92,54.827053175480415,54.827053175480415,0.0,2.51,3.1104,13565.87,0.6060606060606111,momentum,BULL_TREND,66.38436820880236,100.0,100.0,40.0,47.68032305413362,66.66666666666666,0.0,75.32956950337282,0.0,3,3,E_ablate_wyckoff_vr1.2,True
601016,601016.SH,节能风电,新型电力,20241203,3.4,67.74678280699628,67.74678280699628,0.0,3.68,3.6979,14422.18,2.85714285714286,momentum,BULL_TREND,93.9852883141144,100.0,100.0,40.0,50.270107074368006,53.333333333333336,0.0,89.28301478338848,0.0,1,1,E_ablate_accel_vr1.2,True
936,000936.SZ,华西股份,化纤,20241203,7.9,63.99866223570122,63.99866223570122,0.0,3.15,8.0322,8478.16,1.618929016189278,momentum,BULL_TREND,82.7675914306277,100.0,84.7816,60.0,50.54730297174921,66.66666666666666,0.0,81.84409593423885,0.0,2,2,E_ablate_accel_vr1.2,True
2145,002145.SZ,钛能化学,化工原料,20241203,4.92,62.360010125817695,62.360010125817695,0.0,2.51,3.1104,13565.87,0.6060606060606111,momentum,BULL_TREND,66.38436820880236,100.0,100.0,40.0,47.68032305413362,66.66666666666666,0.0,75.32956950337282,0.0,3,3,E_ablate_accel_vr1.2,True
601901,601901.SH,方正证券,证券,20241204,8.93,82.66419880765797,74.48238062583978,8.181818181818183,3.26,3.0245,19673.18,11.584158415841584,weak_momentum,BULL_TREND,85.24359822281764,100.0,100.0,80.0,81.81818181818183,33.33333333333333,0.0,91.70964635348795,0.0,1,1,A_recovered_proxy_vr1.5,True
605277,605277.SH,新亚电子,元器件,20241204,14.43,62.52216487574803,62.52216487574803,0.0,4.09,10.5704,5101.84,4.752475247524757,weak_momentum,BULL_TREND,100.0,100.0,51.0184,60.0,55.41609419772109,33.33333333333333,0.0,89.0651471961547,0.0,2,2,A_recovered_proxy_vr1.5,True
603348,603348.SH,文灿股份,汽车配件,20241204,27.72,61.22769298928674,61.22769298928674,0.0,2.35,4.7931,5898.07,7.538358905937296,weak_momentum,BULL_TREND,61.63303783951375,100.0,58.9807,65.0,72.96609306016778,63.33333333333333,0.0,80.030871251119,0.0,3,3,A_recovered_proxy_vr1.5,True
601901,601901.SH,方正证券,证券,20241204,8.93,74.48238062583978,74.48238062583978,0.0,3.26,3.0245,19673.18,11.584158415841584,weak_momentum,BULL_TREND,85.24359822281764,100.0,100.0,80.0,81.81818181818183,33.33333333333333,0.0,91.70964635348795,0.0,1,1,B_pure_quant_vr1.5,True
605277,605277.SH,新亚电子,元器件,20241204,14.43,62.52216487574803,62.52216487574803,0.0,4.09,10.5704,5101.84,4.752475247524757,weak_momentum,BULL_TREND,100.0,100.0,51.0184,60.0,55.41609419772109,33.33333333333333,0.0,89.0651471961547,0.0,2,2,B_pure_quant_vr1.5,True
603348,603348.SH,文灿股份,汽车配件,20241204,27.72,61.22769298928674,61.22769298928674,0.0,2.35,4.7931,5898.07,7.538358905937296,weak_momentum,BULL_TREND,61.63303783951375,100.0,58.9807,65.0,72.96609306016778,63.33333333333333,0.0,80.030871251119,0.0,3,3,B_pure_quant_vr1.5,True
601901,601901.SH,方正证券,证券,20241204,8.93,77.77022753167594,71.54599786025057,6.224229671425371,3.26,3.0245,19673.18,11.584158415841584,weak_momentum,BULL_TREND,85.24359822281764,100.0,100.0,80.0,62.242296714253705,33.33333333333333,0.0,91.70964635348795,0.0,1,1,A_recovered_proxy_vr1.2,True
603348,603348.SH,文灿股份,汽车配件,20241204,27.72,69.98974122033077,62.10695634430309,7.88278487602768,2.35,4.7931,5898.07,7.538358905937296,weak_momentum,BULL_TREND,61.63303783951375,100.0,58.9807,65.0,78.8278487602768,63.33333333333333,0.0,80.030871251119,0.0,2,2,A_recovered_proxy_vr1.2,True
2965,002965.SZ,祥鑫科技,汽车配件,20241204,31.0,63.63507886166263,55.75229398563495,7.88278487602768,2.16,5.8521,4977.5,4.615384615384616,weak_momentum,BULL_TREND,55.55156561943719,100.0,49.775,65.0,78.8278487602768,66.66666666666666,0.0,53.683656635630136,0.0,3,3,A_recovered_proxy_vr1.2,True
601901,601901.SH,方正证券,证券,20241204,8.93,71.54599786025057,71.54599786025057,0.0,3.26,3.0245,19673.18,11.584158415841584,weak_momentum,BULL_TREND,85.24359822281764,100.0,100.0,80.0,62.242296714253705,33.33333333333333,0.0,91.70964635348795,0.0,1,1,D_pure_quant_vr1.2,True
603348,603348.SH,文灿股份,汽车配件,20241204,27.72,62.10695634430309,62.10695634430309,0.0,2.35,4.7931,5898.07,7.538358905937296,weak_momentum,BULL_TREND,61.63303783951375,100.0,58.9807,65.0,78.8278487602768,63.33333333333333,0.0,80.030871251119,0.0,2,2,D_pure_quant_vr1.2,True
605277,605277.SH,新亚电子,元器件,20241204,14.43,61.42256560347339,61.42256560347339,0.0,4.09,10.5704,5101.84,4.752475247524757,weak_momentum,BULL_TREND,100.0,100.0,51.0184,65.0,46.4187657158901,33.33333333333333,0.0,89.0651471961547,0.0,3,3,D_pure_quant_vr1.2,True
601901,601901.SH,方正证券,证券,20241204,8.93,62.20965335311251,62.20965335311251,0.0,3.26,3.0245,19673.18,11.584158415841584,weak_momentum,BULL_TREND,85.24359822281764,100.0,100.0,80.0,62.242296714253705,33.33333333333333,0.0,91.70964635348795,0.0,1,1,E_ablate_sector_vr1.2,True
605277,605277.SH,新亚电子,元器件,20241204,14.43,54.45975074608987,54.45975074608987,0.0,4.09,10.5704,5101.84,4.752475247524757,weak_momentum,BULL_TREND,100.0,100.0,51.0184,65.0,46.4187657158901,33.33333333333333,0.0,89.0651471961547,0.0,2,2,E_ablate_sector_vr1.2,True
837,000837.SZ,秦川机床,机床制造,20241204,10.04,52.46782886760928,52.46782886760928,0.0,1.94,6.8532,9157.82,4.015296367112827,weak_momentum,BULL_TREND,47.802832620620144,100.0,91.5782,100.0,31.97002716736753,0.0,0.0,78.75551983010837,0.0,3,3,E_ablate_sector_vr1.2,True
601901,601901.SH,方正证券,证券,20241204,8.93,53.68896674406269,53.68896674406269,0.0,3.26,3.0245,19673.18,11.584158415841584,weak_momentum,BULL_TREND,85.24359822281764,100.0,100.0,80.0,63.19542260633455,33.33333333333333,0.0,91.70964635348795,0.0,1,1,E_ablate_inflow_vr1.2,True
600784,600784.SH,鲁银投资,综合类,20241204,6.62,53.07038673662736,53.07038673662736,0.0,7.35,10.3712,-14046.63,5.2932761087267535,weak_momentum,BULL_TREND,100.0,100.0,0.0,60.0,44.6690817588234,33.33333333333333,0.0,98.02238537424785,0.0,2,2,E_ablate_inflow_vr1.2,True
605277,605277.SH,新亚电子,元器件,20241204,14.43,51.914078092942106,51.914078092942106,0.0,4.09,10.5704,5101.84,4.752475247524757,weak_momentum,BULL_TREND,100.0,100.0,51.0184,80.0,39.25092897901492,33.33333333333333,0.0,89.0651471961547,0.0,3,3,E_ablate_inflow_vr1.2,True
601901,601901.SH,方正证券,证券,20241204,8.93,57.789550907227365,57.789550907227365,0.0,3.26,3.0245,19673.18,11.584158415841584,weak_momentum,BULL_TREND,85.24359822281764,100.0,100.0,80.0,62.242296714253705,33.33333333333333,0.0,91.70964635348795,0.0,1,1,E_ablate_wyckoff_vr1.2,True
603348,603348.SH,文灿股份,汽车配件,20241204,27.72,50.10232565663525,50.10232565663525,0.0,2.35,4.7931,5898.07,7.538358905937296,weak_momentum,BULL_TREND,61.63303783951375,100.0,58.9807,65.0,78.8278487602768,63.33333333333333,0.0,80.030871251119,0.0,2,2,E_ablate_wyckoff_vr1.2,True
605277,605277.SH,新亚电子,元器件,20241204,14.43,48.06279352405018,48.06279352405018,0.0,4.09,10.5704,5101.84,4.752475247524757,weak_momentum,BULL_TREND,100.0,100.0,51.0184,65.0,46.4187657158901,33.33333333333333,0.0,89.0651471961547,0.0,3,3,E_ablate_wyckoff_vr1.2,True
601901,601901.SH,方正证券,证券,20241204,8.93,71.54599786025057,71.54599786025057,0.0,3.26,3.0245,19673.18,11.584158415841584,weak_momentum,BULL_TREND,85.24359822281764,100.0,100.0,80.0,62.242296714253705,33.33333333333333,0.0,91.70964635348795,0.0,1,1,E_ablate_accel_vr1.2,True
603348,603348.SH,文灿股份,汽车配件,20241204,27.72,62.10695634430309,62.10695634430309,0.0,2.35,4.7931,5898.07,7.538358905937296,weak_momentum,BULL_TREND,61.63303783951375,100.0,58.9807,65.0,78.8278487602768,63.33333333333333,0.0,80.030871251119,0.0,2,2,E_ablate_accel_vr1.2,True
605277,605277.SH,新亚电子,元器件,20241204,14.43,61.42256560347339,61.42256560347339,0.0,4.09,10.5704,5101.84,4.752475247524757,weak_momentum,BULL_TREND,100.0,100.0,51.0184,65.0,46.4187657158901,33.33333333333333,0.0,89.0651471961547,0.0,3,3,E_ablate_accel_vr1.2,True
519,000519.SZ,中兵红箭,专用机械,20241205,16.07,78.62277465409338,69.40402465409338,9.21875,1.91,4.8526,20828.93,7.377521613832859,weak_momentum,BULL_TREND,46.67863191305119,100.0,100.0,80.0,92.1875,66.66666666666666,0.0,74.93847689201571,0.0,1,1,A_recovered_proxy_vr1.5,True
2446,002446.SZ,盛路通信,通信设备,20241205,7.56,72.55903359429085,66.08381106758402,6.475222526706832,1.99,7.0572,11332.34,6.5512978986403,weak_momentum,BULL_TREND,49.63842153844621,100.0,100.0,65.0,64.75222526706831,66.66666666666666,0.0,82.27920475615673,0.0,2,2,A_recovered_proxy_vr1.5,True
2471,002471.SZ,中超控股,电气设备,20241205,2.98,71.30447859299842,64.22165611273779,7.082822480260635,2.39,9.8478,9458.51,3.559870550161808,weak_momentum,BULL_TREND,62.8505309103012,100.0,94.5851,80.0,70.82822480260634,20.0,0.0,67.63016503867779,0.0,3,3,A_recovered_proxy_vr1.5,True
519,000519.SZ,中兵红箭,专用机械,20241205,16.07,69.40402465409338,69.40402465409338,0.0,1.91,4.8526,20828.93,7.377521613832859,weak_momentum,BULL_TREND,46.67863191305119,100.0,100.0,80.0,92.1875,66.66666666666666,0.0,74.93847689201571,0.0,1,1,B_pure_quant_vr1.5,True
2446,002446.SZ,盛路通信,通信设备,20241205,7.56,66.08381106758402,66.08381106758402,0.0,1.99,7.0572,11332.34,6.5512978986403,weak_momentum,BULL_TREND,49.63842153844621,100.0,100.0,65.0,64.75222526706831,66.66666666666666,0.0,82.27920475615673,0.0,2,2,B_pure_quant_vr1.5,True
2471,002471.SZ,中超控股,电气设备,20241205,2.98,64.22165611273779,64.22165611273779,0.0,2.39,9.8478,9458.51,3.559870550161808,weak_momentum,BULL_TREND,62.8505309103012,100.0,94.5851,80.0,70.82822480260634,20.0,0.0,67.63016503867779,0.0,3,3,B_pure_quant_vr1.5,True
519,000519.SZ,中兵红箭,专用机械,20241205,16.07,74.0163509055303,66.34017040495553,7.676180500574773,1.91,4.8526,20828.93,7.377521613832859,weak_momentum,BULL_TREND,46.67863191305119,100.0,100.0,65.0,76.76180500574773,66.66666666666666,0.0,74.93847689201571,0.0,1,1,A_recovered_proxy_vr1.2,True
2471,002471.SZ,中超控股,电气设备,20241205,2.98,69.1679569000972,62.63974309699705,6.528213803100141,2.39,9.8478,9458.51,3.559870550161808,weak_momentum,BULL_TREND,62.8505309103012,100.0,94.5851,65.0,65.28213803100141,20.0,0.0,67.63016503867779,0.0,2,2,A_recovered_proxy_vr1.2,True
601788,601788.SH,光大证券,证券,20241205,20.19,67.05751635479288,57.17441635479288,9.8831,1.36,3.9922,53038.23,3.258265452803065,weak_momentum,BULL_TREND,22.180332573780746,100.0,100.0,80.0,98.831,33.33333333333333,0.0,22.37366534706072,0.0,3,3,A_recovered_proxy_vr1.2,True
519,000519.SZ,中兵红箭,专用机械,20241205,16.07,66.34017040495553,66.34017040495553,0.0,1.91,4.8526,20828.93,7.377521613832859,weak_momentum,BULL_TREND,46.67863191305119,100.0,100.0,65.0,76.76180500574773,66.66666666666666,0.0,74.93847689201571,0.0,1,1,D_pure_quant_vr1.2,True
2446,002446.SZ,盛路通信,通信设备,20241205,7.56,65.73075052131415,65.73075052131415,0.0,1.99,7.0572,11332.34,6.5512978986403,weak_momentum,BULL_TREND,49.63842153844621,100.0,100.0,65.0,62.39848829193584,66.66666666666666,0.0,82.27920475615673,0.0,2,2,D_pure_quant_vr1.2,True
2471,002471.SZ,中超控股,电气设备,20241205,2.98,62.63974309699705,62.63974309699705,0.0,2.39,9.8478,9458.51,3.559870550161808,weak_momentum,BULL_TREND,62.8505309103012,100.0,94.5851,65.0,65.28213803100141,20.0,0.0,67.63016503867779,0.0,3,3,D_pure_quant_vr1.2,True
2446,002446.SZ,盛路通信,通信设备,20241205,7.56,56.37097727752377,56.37097727752377,0.0,1.99,7.0572,11332.34,6.5512978986403,weak_momentum,BULL_TREND,49.63842153844621,100.0,100.0,65.0,62.39848829193584,66.66666666666666,0.0,82.27920475615673,0.0,1,1,E_ablate_sector_vr1.2,True
519,000519.SZ,中兵红箭,专用机械,20241205,16.07,54.82589965409337,54.82589965409337,0.0,1.91,4.8526,20828.93,7.377521613832859,weak_momentum,BULL_TREND,46.67863191305119,100.0,100.0,65.0,76.76180500574773,66.66666666666666,0.0,74.93847689201571,0.0,2,2,E_ablate_sector_vr1.2,True
2471,002471.SZ,中超控股,电气设备,20241205,2.98,52.84742239234684,52.84742239234684,0.0,2.39,9.8478,9458.51,3.559870550161808,weak_momentum,BULL_TREND,62.8505309103012,100.0,94.5851,65.0,65.28213803100141,20.0,0.0,67.63016503867779,0.0,3,3,E_ablate_sector_vr1.2,True
605188,605188.SH,国光连锁,超市连锁,20241205,8.47,51.24131817381664,51.24131817381664,0.0,4.43,7.9005,-3324.31,3.4207525655644124,weak_momentum,BULL_TREND,100.0,100.0,0.0,100.0,49.118362075514696,33.33333333333333,0.0,68.04598130548516,0.0,1,1,E_ablate_inflow_vr1.2,True
519,000519.SZ,中兵红箭,专用机械,20241205,16.07,48.76700757437344,48.76700757437344,0.0,1.91,4.8526,20828.93,7.377521613832859,weak_momentum,BULL_TREND,46.67863191305119,100.0,100.0,65.0,79.6073861352005,66.66666666666666,0.0,74.93847689201571,0.0,2,2,E_ablate_inflow_vr1.2,True
2446,002446.SZ,盛路通信,通信设备,20241205,7.56,48.647079240227086,48.647079240227086,0.0,1.99,7.0572,11332.34,6.5512978986403,weak_momentum,BULL_TREND,49.63842153844621,100.0,100.0,65.0,68.50734641802208,66.66666666666666,0.0,82.27920475615673,0.0,3,3,E_ablate_inflow_vr1.2,True
519,000519.SZ,中兵红箭,专用机械,20241205,16.07,55.09939887115317,55.09939887115317,0.0,1.91,4.8526,20828.93,7.377521613832859,weak_momentum,BULL_TREND,46.67863191305119,100.0,100.0,65.0,76.76180500574773,66.66666666666666,0.0,74.93847689201571,0.0,1,1,E_ablate_wyckoff_vr1.2,True
601788,601788.SH,光大证券,证券,20241205,20.19,53.81836655273378,53.81836655273378,0.0,1.36,3.9922,53038.23,3.258265452803065,weak_momentum,BULL_TREND,22.180332573780746,100.0,100.0,80.0,98.831,33.33333333333333,0.0,22.37366534706072,0.0,2,2,E_ablate_wyckoff_vr1.2,True
2446,002446.SZ,盛路通信,通信设备,20241205,7.56,53.38886980789064,53.38886980789064,0.0,1.99,7.0572,11332.34,6.5512978986403,weak_momentum,BULL_TREND,49.63842153844621,100.0,100.0,65.0,62.39848829193584,66.66666666666666,0.0,82.27920475615673,0.0,3,3,E_ablate_wyckoff_vr1.2,True
519,000519.SZ,中兵红箭,专用机械,20241205,16.07,66.34017040495553,66.34017040495553,0.0,1.91,4.8526,20828.93,7.377521613832859,weak_momentum,BULL_TREND,46.67863191305119,100.0,100.0,65.0,76.76180500574773,66.66666666666666,0.0,74.93847689201571,0.0,1,1,E_ablate_accel_vr1.2,True
2446,002446.SZ,盛路通信,通信设备,20241205,7.56,65.73075052131415,65.73075052131415,0.0,1.99,7.0572,11332.34,6.5512978986403,weak_momentum,BULL_TREND,49.63842153844621,100.0,100.0,65.0,62.39848829193584,66.66666666666666,0.0,82.27920475615673,0.0,2,2,E_ablate_accel_vr1.2,True
2471,002471.SZ,中超控股,电气设备,20241205,2.98,62.63974309699705,62.63974309699705,0.0,2.39,9.8478,9458.51,3.559870550161808,weak_momentum,BULL_TREND,62.8505309103012,100.0,94.5851,65.0,65.28213803100141,20.0,0.0,67.63016503867779,0.0,3,3,E_ablate_accel_vr1.2,True
600010,600010.SH,包钢股份,普钢,20241206,2.05,78.63945749566821,69.18819602170761,9.451261473960594,1.91,3.3394,77131.35,8.482142857142874,weak_momentum,BULL_TREND,46.67863191305119,100.0,100.0,80.0,94.51261473960594,63.33333333333333,0.0,72.28561571428254,0.0,1,1,A_recovered_proxy_vr1.5,True
601005,601005.SH,重庆钢铁,普钢,20241206,1.68,75.06182430521028,65.61056283124968,9.451261473960594,1.95,4.5562,11729.5,5.6179775280898925,weak_momentum,BULL_TREND,48.1737061987443,100.0,100.0,80.0,94.51261473960594,33.33333333333333,0.0,56.93965349220316,0.0,2,2,A_recovered_proxy_vr1.5,True
2236,002236.SZ,大华股份,IT设备,20241206,16.87,74.30029259697224,67.41272703725943,6.887565559712806,2.68,4.4619,36085.34,8.414766558089038,weak_momentum,BULL_TREND,71.11165003415239,100.0,100.0,80.0,68.87565559712806,43.333333333333336,0.0,68.3197635060046,0.0,3,3,A_recovered_proxy_vr1.5,True
600010,600010.SH,包钢股份,普钢,20241206,2.05,69.18819602170761,69.18819602170761,0.0,1.91,3.3394,77131.35,8.482142857142874,weak_momentum,BULL_TREND,46.67863191305119,100.0,100.0,80.0,94.51261473960594,63.33333333333333,0.0,72.28561571428254,0.0,1,1,B_pure_quant_vr1.5,True
600369,600369.SH,西南证券,证券,20241206,5.1,68.18113863813178,68.18113863813178,0.0,3.28,3.1387,13717.19,5.027932960893863,weak_momentum,BULL_TREND,85.68479074216795,100.0,100.0,80.0,55.44791264975513,0.0,0.0,86.74155419562213,0.0,2,2,B_pure_quant_vr1.5,True
2236,002236.SZ,大华股份,IT设备,20241206,16.87,67.41272703725943,67.41272703725943,0.0,2.68,4.4619,36085.34,8.414766558089038,weak_momentum,BULL_TREND,71.11165003415239,100.0,100.0,80.0,68.87565559712806,43.333333333333336,0.0,68.3197635060046,0.0,3,3,B_pure_quant_vr1.5,True
600010,600010.SH,包钢股份,普钢,20241206,2.05,78.17528349705127,68.90969162253745,9.26559187451382,1.91,3.3394,77131.35,8.482142857142874,weak_momentum,BULL_TREND,46.67863191305119,100.0,100.0,80.0,92.6559187451382,63.33333333333333,0.0,72.28561571428254,0.0,1,1,A_recovered_proxy_vr1.2,True
2236,002236.SZ,大华股份,IT设备,20241206,16.87,77.6603153054895,69.42874066236979,8.23157464311972,2.68,4.4619,36085.34,8.414766558089038,weak_momentum,BULL_TREND,71.11165003415239,100.0,100.0,80.0,82.3157464311972,43.333333333333336,0.0,68.3197635060046,0.0,2,2,A_recovered_proxy_vr1.2,True
601005,601005.SH,重庆钢铁,普钢,20241206,1.68,74.59765030659332,65.3320584320795,9.26559187451382,1.95,4.5562,11729.5,5.6179775280898925,weak_momentum,BULL_TREND,48.1737061987443,100.0,100.0,80.0,92.6559187451382,33.33333333333333,0.0,56.93965349220316,0.0,3,3,A_recovered_proxy_vr1.2,True
2236,002236.SZ,大华股份,IT设备,20241206,16.87,69.42874066236979,69.42874066236979,0.0,2.68,4.4619,36085.34,8.414766558089038,weak_momentum,BULL_TREND,71.11165003415239,100.0,100.0,80.0,82.3157464311972,43.333333333333336,0.0,68.3197635060046,0.0,1,1,D_pure_quant_vr1.2,True
600010,600010.SH,包钢股份,普钢,20241206,2.05,68.90969162253745,68.90969162253745,0.0,1.91,3.3394,77131.35,8.482142857142874,weak_momentum,BULL_TREND,46.67863191305119,100.0,100.0,80.0,92.6559187451382,63.33333333333333,0.0,72.28561571428254,0.0,2,2,D_pure_quant_vr1.2,True
600369,600369.SH,西南证券,证券,20241206,5.1,67.48111717880336,67.48111717880336,0.0,3.28,3.1387,13717.19,5.027932960893863,weak_momentum,BULL_TREND,85.68479074216795,100.0,100.0,80.0,50.781102920899,0.0,0.0,86.74155419562213,0.0,3,3,D_pure_quant_vr1.2,True
600369,600369.SH,西南证券,证券,20241206,5.1,59.86395174066851,59.86395174066851,0.0,3.28,3.1387,13717.19,5.027932960893863,weak_momentum,BULL_TREND,85.68479074216795,100.0,100.0,80.0,50.781102920899,0.0,0.0,86.74155419562213,0.0,1,1,E_ablate_sector_vr1.2,True
2236,002236.SZ,大华股份,IT设备,20241206,16.87,57.08137869769021,57.08137869769021,0.0,2.68,4.4619,36085.34,8.414766558089038,weak_momentum,BULL_TREND,71.11165003415239,100.0,100.0,80.0,82.3157464311972,43.333333333333336,0.0,68.3197635060046,0.0,2,2,E_ablate_sector_vr1.2,True
600252,600252.SH,中恒集团,中成药,20241206,2.9,56.48863501982856,56.48863501982856,0.0,2.18,3.7103,9269.29,5.53745928338762,weak_momentum,BULL_TREND,56.216406750110096,100.0,92.6929,80.0,68.85337066626087,66.66666666666666,0.0,80.25412449319141,0.0,3,3,E_ablate_sector_vr1.2,True
600010,600010.SH,包钢股份,普钢,20241206,2.05,51.03925698234672,51.03925698234672,0.0,1.91,3.3394,77131.35,8.482142857142874,weak_momentum,BULL_TREND,46.67863191305119,100.0,100.0,80.0,93.51968781053328,63.33333333333333,0.0,72.28561571428254,0.0,1,1,E_ablate_inflow_vr1.2,True
600252,600252.SH,中恒集团,中成药,20241206,2.9,50.135422919052495,50.135422919052495,0.0,2.18,3.7103,9269.29,5.53745928338762,weak_momentum,BULL_TREND,56.216406750110096,100.0,92.6929,80.0,68.8767326614929,66.66666666666666,0.0,80.25412449319141,0.0,2,2,E_ablate_inflow_vr1.2,True
2236,002236.SZ,大华股份,IT设备,20241206,16.87,49.51759147489175,49.51759147489175,0.0,2.68,4.4619,36085.34,8.414766558089038,weak_momentum,BULL_TREND,71.11165003415239,100.0,100.0,65.0,74.57475184801018,43.333333333333336,0.0,68.3197635060046,0.0,3,3,E_ablate_inflow_vr1.2,True
2236,002236.SZ,大华股份,IT设备,20241206,16.87,59.18077613646911,59.18077613646911,0.0,2.68,4.4619,36085.34,8.414766558089038,weak_momentum,BULL_TREND,71.11165003415239,100.0,100.0,80.0,82.3157464311972,43.333333333333336,0.0,68.3197635060046,0.0,1,1,E_ablate_wyckoff_vr1.2,True
600010,600010.SH,包钢股份,普钢,20241206,2.05,58.06684926539507,58.06684926539507,0.0,1.91,3.3394,77131.35,8.482142857142874,weak_momentum,BULL_TREND,46.67863191305119,100.0,100.0,80.0,92.6559187451382,63.33333333333333,0.0,72.28561571428254,0.0,2,2,E_ablate_wyckoff_vr1.2,True
2936,002936.SZ,郑州银行,银行,20241206,2.23,57.36686713348136,57.36686713348136,0.0,1.66,3.7587,14569.61,3.0434782608695583,weak_momentum,BULL_TREND,36.55916207861,100.0,100.0,65.0,43.10884103348796,43.333333333333336,0.0,35.197677619312365,100.0,3,3,E_ablate_wyckoff_vr1.2,True
2236,002236.SZ,大华股份,IT设备,20241206,16.87,69.42874066236979,69.42874066236979,0.0,2.68,4.4619,36085.34,8.414766558089038,weak_momentum,BULL_TREND,71.11165003415239,100.0,100.0,80.0,82.3157464311972,43.333333333333336,0.0,68.3197635060046,0.0,1,1,E_ablate_accel_vr1.2,True
600010,600010.SH,包钢股份,普钢,20241206,2.05,68.90969162253745,68.90969162253745,0.0,1.91,3.3394,77131.35,8.482142857142874,weak_momentum,BULL_TREND,46.67863191305119,100.0,100.0,80.0,92.6559187451382,63.33333333333333,0.0,72.28561571428254,0.0,2,2,E_ablate_accel_vr1.2,True
600369,600369.SH,西南证券,证券,20241206,5.1,67.48111717880336,67.48111717880336,0.0,3.28,3.1387,13717.19,5.027932960893863,weak_momentum,BULL_TREND,85.68479074216795,100.0,100.0,80.0,50.781102920899,0.0,0.0,86.74155419562213,0.0,3,3,E_ablate_accel_vr1.2,True
2407,002407.SZ,多氟多,化工原料,20241209,13.8,73.43696504179806,65.65246605762319,7.784498984174871,2.23,5.1174,11179.82,7.93862575050033,weak_momentum,BULL_TREND,57.852185507279,100.0,100.0,65.0,77.84498984174871,63.33333333333333,0.0,59.208153924015726,0.0,1,1,A_recovered_proxy_vr1.5,True
2922,002922.SZ,伊戈尔,电气设备,20241209,17.44,69.03419654252193,69.03419654252193,0.0,3.08,8.6051,8190.57,6.186121570736948,weak_momentum,BULL_TREND,81.14651754600884,100.0,81.9057,80.0,52.13543549657649,86.66666666666667,0.0,93.1036283520053,0.0,2,2,A_recovered_proxy_vr1.5,True
600101,600101.SH,明星电力,水力发电,20241209,9.8,63.48847150732328,63.48847150732328,0.0,2.75,10.0558,7550.16,6.04026845637583,weak_momentum,BULL_TREND,72.97158093186486,100.0,75.5016,60.0,43.72965416332532,53.333333333333336,0.0,98.1755438425206,0.0,3,3,A_recovered_proxy_vr1.5,True
2922,002922.SZ,伊戈尔,电气设备,20241209,17.44,69.03419654252193,69.03419654252193,0.0,3.08,8.6051,8190.57,6.186121570736948,weak_momentum,BULL_TREND,81.14651754600884,100.0,81.9057,80.0,52.13543549657649,86.66666666666667,0.0,93.1036283520053,0.0,1,1,B_pure_quant_vr1.5,True
2407,002407.SZ,多氟多,化工原料,20241209,13.8,65.65246605762319,65.65246605762319,0.0,2.23,5.1174,11179.82,7.93862575050033,weak_momentum,BULL_TREND,57.852185507279,100.0,100.0,65.0,77.84498984174871,63.33333333333333,0.0,59.208153924015726,0.0,2,2,B_pure_quant_vr1.5,True
600101,600101.SH,明星电力,水力发电,20241209,9.8,63.48847150732328,63.48847150732328,0.0,2.75,10.0558,7550.16,6.04026845637583,weak_momentum,BULL_TREND,72.97158093186486,100.0,75.5016,60.0,43.72965416332532,53.333333333333336,0.0,98.1755438425206,0.0,3,3,B_pure_quant_vr1.5,True
2407,002407.SZ,多氟多,化工原料,20241209,13.8,73.43696504179806,65.65246605762319,7.784498984174871,2.23,5.1174,11179.82,7.93862575050033,weak_momentum,BULL_TREND,57.852185507279,100.0,100.0,65.0,77.84498984174871,63.33333333333333,0.0,59.208153924015726,0.0,1,1,A_recovered_proxy_vr1.2,True
2922,002922.SZ,伊戈尔,电气设备,20241209,17.44,69.03419654252193,69.03419654252193,0.0,3.08,8.6051,8190.57,6.186121570736948,weak_momentum,BULL_TREND,81.14651754600884,100.0,81.9057,80.0,52.13543549657649,86.66666666666667,0.0,93.1036283520053,0.0,2,2,A_recovered_proxy_vr1.2,True
600101,600101.SH,明星电力,水力发电,20241209,9.8,63.48847150732328,63.48847150732328,0.0,2.75,10.0558,7550.16,6.04026845637583,weak_momentum,BULL_TREND,72.97158093186486,100.0,75.5016,60.0,43.72965416332532,53.333333333333336,0.0,98.1755438425206,0.0,3,3,A_recovered_proxy_vr1.2,True
2922,002922.SZ,伊戈尔,电气设备,20241209,17.44,69.03419654252193,69.03419654252193,0.0,3.08,8.6051,8190.57,6.186121570736948,weak_momentum,BULL_TREND,81.14651754600884,100.0,81.9057,80.0,52.13543549657649,86.66666666666667,0.0,93.1036283520053,0.0,1,1,D_pure_quant_vr1.2,True
2407,002407.SZ,多氟多,化工原料,20241209,13.8,65.65246605762319,65.65246605762319,0.0,2.23,5.1174,11179.82,7.93862575050033,weak_momentum,BULL_TREND,57.852185507279,100.0,100.0,65.0,77.84498984174871,63.33333333333333,0.0,59.208153924015726,0.0,2,2,D_pure_quant_vr1.2,True
600101,600101.SH,明星电力,水力发电,20241209,9.8,63.48847150732328,63.48847150732328,0.0,2.75,10.0558,7550.16,6.04026845637583,weak_momentum,BULL_TREND,72.97158093186486,100.0,75.5016,60.0,43.72965416332532,53.333333333333336,0.0,98.1755438425206,0.0,3,3,D_pure_quant_vr1.2,True
2922,002922.SZ,伊戈尔,电气设备,20241209,17.44,61.21388121803545,61.21388121803545,0.0,3.08,8.6051,8190.57,6.186121570736948,weak_momentum,BULL_TREND,81.14651754600884,100.0,81.9057,80.0,52.13543549657649,86.66666666666667,0.0,93.1036283520053,0.0,1,1,E_ablate_sector_vr1.2,True
600101,600101.SH,明星电力,水力发电,20241209,9.8,56.92902338282448,56.92902338282448,0.0,2.75,10.0558,7550.16,6.04026845637583,weak_momentum,BULL_TREND,72.97158093186486,100.0,75.5016,60.0,43.72965416332532,53.333333333333336,0.0,98.1755438425206,0.0,2,2,E_ablate_sector_vr1.2,True
2407,002407.SZ,多氟多,化工原料,20241209,13.8,53.97571758136088,53.97571758136088,0.0,2.23,5.1174,11179.82,7.93862575050033,weak_momentum,BULL_TREND,57.852185507279,100.0,100.0,65.0,77.84498984174871,63.33333333333333,0.0,59.208153924015726,0.0,3,3,E_ablate_sector_vr1.2,True
2552,002552.SZ,宝鼎科技,元器件,20241209,13.19,54.49816647344912,54.49816647344912,0.0,4.97,4.8931,3013.73,3.722627737226276,weak_momentum,BULL_TREND,100.0,100.0,30.1373,65.0,51.74933173015934,43.333333333333336,0.0,95.46066698172366,0.0,1,1,E_ablate_inflow_vr1.2,True
2922,002922.SZ,伊戈尔,电气设备,20241209,17.44,54.14821481201541,54.14821481201541,0.0,3.08,8.6051,8190.57,6.186121570736948,weak_momentum,BULL_TREND,81.14651754600884,100.0,81.9057,80.0,51.1823972931997,86.66666666666667,0.0,93.1036283520053,0.0,2,2,E_ablate_inflow_vr1.2,True
2623,002623.SZ,亚玛顿,玻璃,20241209,17.95,51.816126753633945,51.816126753633945,0.0,4.08,5.7232,-1863.45,6.020942408376974,weak_momentum,BULL_TREND,100.0,100.0,0.0,100.0,30.426709386150147,33.33333333333333,0.0,90.56969119363173,0.0,3,3,E_ablate_inflow_vr1.2,True
2407,002407.SZ,多氟多,化工原料,20241209,13.8,56.771242969020825,56.771242969020825,0.0,2.23,5.1174,11179.82,7.93862575050033,weak_momentum,BULL_TREND,57.852185507279,100.0,100.0,65.0,77.84498984174871,63.33333333333333,0.0,59.208153924015726,0.0,1,1,E_ablate_wyckoff_vr1.2,True
2922,002922.SZ,伊戈尔,电气设备,20241209,17.44,55.06865228972113,55.06865228972113,0.0,3.08,8.6051,8190.57,6.186121570736948,weak_momentum,BULL_TREND,81.14651754600884,100.0,81.9057,80.0,52.13543549657649,86.66666666666667,0.0,93.1036283520053,0.0,2,2,E_ablate_wyckoff_vr1.2,True
600101,600101.SH,明星电力,水力发电,20241209,9.8,48.7621399309452,48.7621399309452,0.0,2.75,10.0558,7550.16,6.04026845637583,weak_momentum,BULL_TREND,72.97158093186486,100.0,75.5016,60.0,43.72965416332532,53.333333333333336,0.0,98.1755438425206,0.0,3,3,E_ablate_wyckoff_vr1.2,True
2922,002922.SZ,伊戈尔,电气设备,20241209,17.44,69.03419654252193,69.03419654252193,0.0,3.08,8.6051,8190.57,6.186121570736948,weak_momentum,BULL_TREND,81.14651754600884,100.0,81.9057,80.0,52.13543549657649,86.66666666666667,0.0,93.1036283520053,0.0,1,1,E_ablate_accel_vr1.2,True
2407,002407.SZ,多氟多,化工原料,20241209,13.8,65.65246605762319,65.65246605762319,0.0,2.23,5.1174,11179.82,7.93862575050033,weak_momentum,BULL_TREND,57.852185507279,100.0,100.0,65.0,77.84498984174871,63.33333333333333,0.0,59.208153924015726,0.0,2,2,E_ablate_accel_vr1.2,True
600101,600101.SH,明星电力,水力发电,20241209,9.8,63.48847150732328,63.48847150732328,0.0,2.75,10.0558,7550.16,6.04026845637583,weak_momentum,BULL_TREND,72.97158093186486,100.0,75.5016,60.0,43.72965416332532,53.333333333333336,0.0,98.1755438425206,0.0,3,3,E_ablate_accel_vr1.2,True
600879,600879.SH,航天电子,航空,20241210,9.83,63.43914322448375,63.43914322448375,0.0,2.71,3.2258,18705.67,7.786116322701689,weak_momentum,BULL_TREND,71.91464257895734,100.0,100.0,40.0,50.738694996260726,43.333333333333336,0.0,72.49650614356251,0.0,1,1,A_recovered_proxy_vr1.5,True
2739,002739.SZ,儒意电影,影视音像,20241210,13.0,60.4361982741075,60.4361982741075,0.0,2.98,3.5338,14514.43,4.622157006603088,weak_momentum,BULL_TREND,78.76561653437184,100.0,100.0,40.0,34.70249059554862,0.0,0.0,76.10654803079619,0.0,2,2,A_recovered_proxy_vr1.5,True
2617,002617.SZ,露笑科技,电气设备,20241210,7.04,55.938109917943095,55.938109917943095,0.0,2.09,4.9385,7967.36,7.12401055408971,weak_momentum,BULL_TREND,53.17514711530789,100.0,79.6736,40.0,43.84067665679213,43.333333333333336,0.0,72.5188112364095,0.0,3,3,A_recovered_proxy_vr1.5,True
600879,600879.SH,航天电子,航空,20241210,9.83,63.43914322448375,63.43914322448375,0.0,2.71,3.2258,18705.67,7.786116322701689,weak_momentum,BULL_TREND,71.91464257895734,100.0,100.0,40.0,50.738694996260726,43.333333333333336,0.0,72.49650614356251,0.0,1,1,B_pure_quant_vr1.5,True
2739,002739.SZ,儒意电影,影视音像,20241210,13.0,60.4361982741075,60.4361982741075,0.0,2.98,3.5338,14514.43,4.622157006603088,weak_momentum,BULL_TREND,78.76561653437184,100.0,100.0,40.0,34.70249059554862,0.0,0.0,76.10654803079619,0.0,2,2,B_pure_quant_vr1.5,True
2617,002617.SZ,露笑科技,电气设备,20241210,7.04,55.938109917943095,55.938109917943095,0.0,2.09,4.9385,7967.36,7.12401055408971,weak_momentum,BULL_TREND,53.17514711530789,100.0,79.6736,40.0,43.84067665679213,43.333333333333336,0.0,72.5188112364095,0.0,3,3,B_pure_quant_vr1.5,True
600879,600879.SH,航天电子,航空,20241210,9.83,63.5191075167925,63.5191075167925,0.0,2.71,3.2258,18705.67,7.786116322701689,weak_momentum,BULL_TREND,71.91464257895734,100.0,100.0,40.0,51.27179027831907,43.333333333333336,0.0,72.49650614356251,0.0,1,1,A_recovered_proxy_vr1.2,True
2739,002739.SZ,儒意电影,影视音像,20241210,13.0,60.47671032594171,60.47671032594171,0.0,2.98,3.5338,14514.43,4.622157006603088,weak_momentum,BULL_TREND,78.76561653437184,100.0,100.0,40.0,34.972570941110035,0.0,0.0,76.10654803079619,0.0,2,2,A_recovered_proxy_vr1.2,True
2617,002617.SZ,露笑科技,电气设备,20241210,7.04,55.872598369855424,55.872598369855424,0.0,2.09,4.9385,7967.36,7.12401055408971,weak_momentum,BULL_TREND,53.17514711530789,100.0,79.6736,40.0,43.40393300287436,43.333333333333336,0.0,72.5188112364095,0.0,3,3,A_recovered_proxy_vr1.2,True
600879,600879.SH,航天电子,航空,20241210,9.83,63.5191075167925,63.5191075167925,0.0,2.71,3.2258,18705.67,7.786116322701689,weak_momentum,BULL_TREND,71.91464257895734,100.0,100.0,40.0,51.27179027831907,43.333333333333336,0.0,72.49650614356251,0.0,1,1,D_pure_quant_vr1.2,True
2739,002739.SZ,儒意电影,影视音像,20241210,13.0,60.47671032594171,60.47671032594171,0.0,2.98,3.5338,14514.43,4.622157006603088,weak_momentum,BULL_TREND,78.76561653437184,100.0,100.0,40.0,34.972570941110035,0.0,0.0,76.10654803079619,0.0,2,2,D_pure_quant_vr1.2,True
2617,002617.SZ,露笑科技,电气设备,20241210,7.04,55.872598369855424,55.872598369855424,0.0,2.09,4.9385,7967.36,7.12401055408971,weak_momentum,BULL_TREND,53.17514711530789,100.0,79.6736,40.0,43.40393300287436,43.333333333333336,0.0,72.5188112364095,0.0,3,3,D_pure_quant_vr1.2,True
600879,600879.SH,航天电子,航空,20241210,9.83,55.828338975044645,55.828338975044645,0.0,2.71,3.2258,18705.67,7.786116322701689,weak_momentum,BULL_TREND,71.91464257895734,100.0,100.0,40.0,51.27179027831907,43.333333333333336,0.0,72.49650614356251,0.0,1,1,E_ablate_sector_vr1.2,True
2739,002739.SZ,儒意电影,影视音像,20241210,13.0,55.23082468477521,55.23082468477521,0.0,2.98,3.5338,14514.43,4.622157006603088,weak_momentum,BULL_TREND,78.76561653437184,100.0,100.0,40.0,34.972570941110035,0.0,0.0,76.10654803079619,0.0,2,2,E_ablate_sector_vr1.2,True
2617,002617.SZ,露笑科技,电气设备,20241210,7.04,49.36200841942427,49.36200841942427,0.0,2.09,4.9385,7967.36,7.12401055408971,weak_momentum,BULL_TREND,53.17514711530789,100.0,79.6736,40.0,43.40393300287436,43.333333333333336,0.0,72.5188112364095,0.0,3,3,E_ablate_sector_vr1.2,True
697,000697.SZ,炼石航空,航空,20241210,8.75,48.04439192768814,48.04439192768814,0.0,2.47,4.1578,2009.17,8.759124087591239,weak_momentum,BULL_TREND,65.22555209049766,100.0,20.0917,65.0,56.756574982462,33.33333333333333,0.0,85.53604133385016,0.0,1,1,E_ablate_inflow_vr1.2,True
600879,600879.SH,航天电子,航空,20241210,9.83,46.341825222413945,46.341825222413945,0.0,2.71,3.2258,18705.67,7.786116322701689,weak_momentum,BULL_TREND,71.91464257895734,100.0,100.0,40.0,56.756574982462,43.333333333333336,0.0,72.49650614356251,0.0,2,2,E_ablate_inflow_vr1.2,True
301246,301246.SZ,宏源药业,化学制药,20241210,15.96,45.27015647984203,45.27015647984203,0.0,3.46,10.4541,3029.13,5.729474305965734,weak_momentum,BULL_TREND,89.5386018931,100.0,30.2913,100.0,29.239495828679917,63.33333333333333,0.0,48.57850103272249,0.0,3,3,E_ablate_inflow_vr1.2,True
600879,600879.SH,航天电子,航空,20241210,9.83,52.644631595258126,52.644631595258126,0.0,2.71,3.2258,18705.67,7.786116322701689,weak_momentum,BULL_TREND,71.91464257895734,100.0,100.0,40.0,51.27179027831907,43.333333333333336,0.0,72.49650614356251,0.0,1,1,E_ablate_wyckoff_vr1.2,True
2739,002739.SZ,儒意电影,影视音像,20241210,13.0,49.060728121322285,49.060728121322285,0.0,2.98,3.5338,14514.43,4.622157006603088,weak_momentum,BULL_TREND,78.76561653437184,100.0,100.0,40.0,34.972570941110035,0.0,0.0,76.10654803079619,0.0,2,2,E_ablate_wyckoff_vr1.2,True
600699,600699.SH,均胜电子,汽车配件,20241210,16.09,45.5791443613378,45.5791443613378,0.0,2.07,3.6562,11280.08,8.786848072562362,weak_momentum,BULL_TREND,52.48153838623002,100.0,100.0,40.0,38.04609068935532,0.0,0.0,55.28485456101362,0.0,3,3,E_ablate_wyckoff_vr1.2,True
600879,600879.SH,航天电子,航空,20241210,9.83,63.5191075167925,63.5191075167925,0.0,2.71,3.2258,18705.67,7.786116322701689,weak_momentum,BULL_TREND,71.91464257895734,100.0,100.0,40.0,51.27179027831907,43.333333333333336,0.0,72.49650614356251,0.0,1,1,E_ablate_accel_vr1.2,True
2739,002739.SZ,儒意电影,影视音像,20241210,13.0,60.47671032594171,60.47671032594171,0.0,2.98,3.5338,14514.43,4.622157006603088,weak_momentum,BULL_TREND,78.76561653437184,100.0,100.0,40.0,34.972570941110035,0.0,0.0,76.10654803079619,0.0,2,2,E_ablate_accel_vr1.2,True
2617,002617.SZ,露笑科技,电气设备,20241210,7.04,55.872598369855424,55.872598369855424,0.0,2.09,4.9385,7967.36,7.12401055408971,weak_momentum,BULL_TREND,53.17514711530789,100.0,79.6736,40.0,43.40393300287436,43.333333333333336,0.0,72.5188112364095,0.0,3,3,E_ablate_accel_vr1.2,True
603936,603936.SH,博敏电子,元器件,20241211,9.19,69.6843149412985,60.96335005661116,8.720964884687339,2.59,7.4413,5554.64,4.66804979253113,weak_momentum,BULL_TREND,68.64760489559146,100.0,55.546400000000006,80.0,87.20964884687339,10.0,0.0,73.9093999682762,0.0,1,1,A_recovered_proxy_vr1.5,True
2701,002701.SZ,奥瑞金,广告包装,20241211,5.79,68.50419828117079,63.357328331582735,5.146869949588045,2.4,3.0323,9476.37,3.0150753768844174,weak_momentum,BULL_TREND,63.151720291689685,100.0,94.7637,80.0,51.46869949588045,20.0,0.0,80.71199575631476,0.0,2,2,A_recovered_proxy_vr1.5,True
2947,002947.SZ,恒铭达,元器件,20241211,36.07,59.4896914052692,50.76872652058186,8.720964884687339,2.01,4.2782,1845.39,3.115766854687072,weak_momentum,BULL_TREND,50.35977507021019,100.0,18.4539,40.0,87.20964884687339,63.33333333333333,0.0,64.29962844235101,0.0,3,3,A_recovered_proxy_vr1.5,True
2701,002701.SZ,奥瑞金,广告包装,20241211,5.79,63.357328331582735,63.357328331582735,0.0,2.4,3.0323,9476.37,3.0150753768844174,weak_momentum,BULL_TREND,63.151720291689685,100.0,94.7637,80.0,51.46869949588045,20.0,0.0,80.71199575631476,0.0,1,1,B_pure_quant_vr1.5,True
603936,603936.SH,博敏电子,元器件,20241211,9.19,60.96335005661116,60.96335005661116,0.0,2.59,7.4413,5554.64,4.66804979253113,weak_momentum,BULL_TREND,68.64760489559146,100.0,55.546400000000006,80.0,87.20964884687339,10.0,0.0,73.9093999682762,0.0,2,2,B_pure_quant_vr1.5,True
603107,603107.SH,上海汽配,汽车配件,20241211,17.58,55.18644910568889,55.18644910568889,0.0,3.16,5.6702,2902.78,4.40456769983688,weak_momentum,BULL_TREND,82.99622792011891,100.0,29.027800000000003,100.0,35.01452652824967,33.33333333333333,0.0,90.62110181177955,0.0,3,3,B_pure_quant_vr1.5,True
603936,603936.SH,博敏电子,元器件,20241211,9.19,68.03286243693518,59.97247855399316,8.06038388294201,2.59,7.4413,5554.64,4.66804979253113,weak_momentum,BULL_TREND,68.64760489559146,100.0,55.546400000000006,80.0,80.60383882942008,10.0,0.0,73.9093999682762,0.0,1,1,A_recovered_proxy_vr1.2,True
2701,002701.SZ,奥瑞金,广告包装,20241211,5.79,63.34316512681975,63.34316512681975,0.0,2.4,3.0323,9476.37,3.0150753768844174,weak_momentum,BULL_TREND,63.151720291689685,100.0,94.7637,80.0,51.37427813079387,20.0,0.0,80.71199575631476,0.0,2,2,A_recovered_proxy_vr1.2,True
2947,002947.SZ,恒铭达,元器件,20241211,36.07,57.83823890090586,49.77785501796386,8.06038388294201,2.01,4.2782,1845.39,3.115766854687072,weak_momentum,BULL_TREND,50.35977507021019,100.0,18.4539,40.0,80.60383882942008,63.33333333333333,0.0,64.29962844235101,0.0,3,3,A_recovered_proxy_vr1.2,True
2701,002701.SZ,奥瑞金,广告包装,20241211,5.79,63.34316512681975,63.34316512681975,0.0,2.4,3.0323,9476.37,3.0150753768844174,weak_momentum,BULL_TREND,63.151720291689685,100.0,94.7637,80.0,51.37427813079387,20.0,0.0,80.71199575631476,0.0,1,1,D_pure_quant_vr1.2,True
603936,603936.SH,博敏电子,元器件,20241211,9.19,59.97247855399316,59.97247855399316,0.0,2.59,7.4413,5554.64,4.66804979253113,weak_momentum,BULL_TREND,68.64760489559146,100.0,55.546400000000006,80.0,80.60383882942008,10.0,0.0,73.9093999682762,0.0,2,2,D_pure_quant_vr1.2,True
603107,603107.SH,上海汽配,汽车配件,20241211,17.58,53.609569537513885,53.609569537513885,0.0,3.16,5.6702,2902.78,4.40456769983688,weak_momentum,BULL_TREND,82.99622792011891,100.0,29.027800000000003,65.0,36.16866274041633,33.33333333333333,0.0,90.62110181177955,0.0,3,3,D_pure_quant_vr1.2,True
2701,002701.SZ,奥瑞金,广告包装,20241211,5.79,55.63702340720067,55.63702340720067,0.0,2.4,3.0323,9476.37,3.0150753768844174,weak_momentum,BULL_TREND,63.151720291689685,100.0,94.7637,80.0,51.37427813079387,20.0,0.0,80.71199575631476,0.0,1,1,E_ablate_sector_vr1.2,True
603107,603107.SH,上海汽配,汽车配件,20241211,17.58,48.18427012645144,48.18427012645144,0.0,3.16,5.6702,2902.78,4.40456769983688,weak_momentum,BULL_TREND,82.99622792011891,100.0,29.027800000000003,65.0,36.16866274041633,33.33333333333333,0.0,90.62110181177955,0.0,2,2,E_ablate_sector_vr1.2,True
603936,603936.SH,博敏电子,元器件,20241211,9.19,47.88190272958015,47.88190272958015,0.0,2.59,7.4413,5554.64,4.66804979253113,weak_momentum,BULL_TREND,68.64760489559146,100.0,55.546400000000006,80.0,80.60383882942008,10.0,0.0,73.9093999682762,0.0,3,3,E_ablate_sector_vr1.2,True
603936,603936.SH,博敏电子,元器件,20241211,9.19,49.97412655399316,49.97412655399316,0.0,2.59,7.4413,5554.64,4.66804979253113,weak_momentum,BULL_TREND,68.64760489559146,100.0,55.546400000000006,80.0,80.60383882942008,10.0,0.0,73.9093999682762,0.0,1,1,E_ablate_inflow_vr1.2,True
603890,603890.SH,春秋电子,元器件,20241211,11.92,48.52823034633567,48.52823034633567,0.0,2.09,4.9299,,4.487179487179491,weak_momentum,BULL_TREND,53.17514711530789,100.0,0.0,65.0,80.60383882942008,33.33333333333333,0.0,76.96477191973203,0.0,2,2,E_ablate_inflow_vr1.2,True
603107,603107.SH,上海汽配,汽车配件,20241211,17.58,48.0051657337972,48.0051657337972,0.0,3.16,5.6702,2902.78,4.40456769983688,weak_momentum,BULL_TREND,82.99622792011891,100.0,29.027800000000003,65.0,33.63933071563841,33.33333333333333,0.0,90.62110181177955,0.0,3,3,E_ablate_inflow_vr1.2,True
2701,002701.SZ,奥瑞金,广告包装,20241211,5.79,51.23636576337253,51.23636576337253,0.0,2.4,3.0323,9476.37,3.0150753768844174,weak_momentum,BULL_TREND,63.151720291689685,100.0,94.7637,80.0,51.37427813079387,20.0,0.0,80.71199575631476,0.0,1,1,E_ablate_wyckoff_vr1.2,True
603936,603936.SH,博敏电子,元器件,20241211,9.19,48.88606855875173,48.88606855875173,0.0,2.59,7.4413,5554.64,4.66804979253113,weak_momentum,BULL_TREND,68.64760489559146,100.0,55.546400000000006,80.0,80.60383882942008,10.0,0.0,73.9093999682762,0.0,2,2,E_ablate_wyckoff_vr1.2,True
600635,600635.SH,大众公用,供气供热,20241211,4.66,46.97564981865544,46.97564981865544,0.0,1.59,6.2177,12065.72,5.858585858585859,weak_momentum,BULL_TREND,33.45133827548153,100.0,100.0,100.0,43.05299384888807,10.0,0.0,33.16418134042042,0.0,3,3,E_ablate_wyckoff_vr1.2,True
2701,002701.SZ,奥瑞金,广告包装,20241211,5.79,63.34316512681975,63.34316512681975,0.0,2.4,3.0323,9476.37,3.0150753768844174,weak_momentum,BULL_TREND,63.151720291689685,100.0,94.7637,80.0,51.37427813079387,20.0,0.0,80.71199575631476,0.0,1,1,E_ablate_accel_vr1.2,True
603936,603936.SH,博敏电子,元器件,20241211,9.19,59.97247855399316,59.97247855399316,0.0,2.59,7.4413,5554.64,4.66804979253113,weak_momentum,BULL_TREND,68.64760489559146,100.0,55.546400000000006,80.0,80.60383882942008,10.0,0.0,73.9093999682762,0.0,2,2,E_ablate_accel_vr1.2,True
603107,603107.SH,上海汽配,汽车配件,20241211,17.58,53.609569537513885,53.609569537513885,0.0,3.16,5.6702,2902.78,4.40456769983688,weak_momentum,BULL_TREND,82.99622792011891,100.0,29.027800000000003,65.0,36.16866274041633,33.33333333333333,0.0,90.62110181177955,0.0,3,3,E_ablate_accel_vr1.2,True
2603,002603.SZ,以岭药业,中成药,20241212,17.64,73.91767073173905,68.10283549782244,5.814835233916614,3.51,3.5584,19625.41,1.5075376884422087,momentum,BULL_TREND,90.5735515264918,100.0,100.0,65.0,58.14835233916613,20.0,0.0,86.37132301015441,0.0,1,1,A_recovered_proxy_vr1.5,True
600422,600422.SH,昆药集团,中成药,20241212,16.79,72.88720087229125,67.07236563837463,5.814835233916614,3.17,4.8742,10119.66,2.8356481481481595,momentum,BULL_TREND,83.22414201823413,100.0,100.0,65.0,58.14835233916613,30.0,0.0,82.0907386780628,0.0,2,2,A_recovered_proxy_vr1.5,True
600559,600559.SH,老白干酒,白酒,20241212,23.4,70.8263893658004,64.03294503926367,6.793444326536722,2.12,6.9597,21018.1,0.2132196162046938,momentum,BULL_TREND,54.20321323942373,100.0,100.0,65.0,67.93444326536722,33.33333333333333,0.0,73.98907733609997,0.0,3,3,A_recovered_proxy_vr1.5,True
600586,600586.SH,金晶科技,玻璃,20241212,6.31,70.09850491279775,70.09850491279775,0.0,4.06,4.7996,13044.33,1.4062500000000115,momentum,BULL_TREND,100.0,100.0,100.0,80.0,51.0758578973221,66.66666666666666,0.0,75.5,0.0,1,1,B_pure_quant_vr1.5,True
2603,002603.SZ,以岭药业,中成药,20241212,17.64,68.10283549782244,68.10283549782244,0.0,3.51,3.5584,19625.41,1.5075376884422087,momentum,BULL_TREND,90.5735515264918,100.0,100.0,65.0,58.14835233916613,20.0,0.0,86.37132301015441,0.0,2,2,B_pure_quant_vr1.5,True
600422,600422.SH,昆药集团,中成药,20241212,16.79,67.07236563837463,67.07236563837463,0.0,3.17,4.8742,10119.66,2.8356481481481595,momentum,BULL_TREND,83.22414201823413,100.0,100.0,65.0,58.14835233916613,30.0,0.0,82.0907386780628,0.0,3,3,B_pure_quant_vr1.5,True
600559,600559.SH,老白干酒,白酒,20241212,23.4,70.87255938037033,64.31372504897696,6.558834331393371,2.12,6.9597,21018.1,0.2132196162046938,momentum,BULL_TREND,54.20321323942373,100.0,100.0,80.0,65.5883433139337,33.33333333333333,0.0,73.98907733609997,0.0,1,1,A_recovered_proxy_vr1.2,True
860,000860.SZ,顺鑫农业,白酒,20241212,20.98,70.32665148723466,63.767817155841286,6.558834331393371,2.14,6.6616,19223.81,0.0952380952380932,momentum,BULL_TREND,54.88053983132112,100.0,100.0,80.0,65.5883433139337,33.33333333333333,0.0,67.51400851689712,0.0,2,2,A_recovered_proxy_vr1.2,True
600586,600586.SH,金晶科技,玻璃,20241212,6.31,70.09850491279775,70.09850491279775,0.0,4.06,4.7996,13044.33,1.4062500000000115,momentum,BULL_TREND,100.0,100.0,100.0,80.0,51.0758578973221,66.66666666666666,0.0,75.5,0.0,3,3,A_recovered_proxy_vr1.2,True
600586,600586.SH,金晶科技,玻璃,20241212,6.31,70.09850491279775,70.09850491279775,0.0,4.06,4.7996,13044.33,1.4062500000000115,momentum,BULL_TREND,100.0,100.0,100.0,80.0,51.0758578973221,66.66666666666666,0.0,75.5,0.0,1,1,D_pure_quant_vr1.2,True
2603,002603.SZ,以岭药业,中成药,20241212,17.64,68.10283549782244,68.10283549782244,0.0,3.51,3.5584,19625.41,1.5075376884422087,momentum,BULL_TREND,90.5735515264918,100.0,100.0,65.0,58.14835233916613,20.0,0.0,86.37132301015441,0.0,2,2,D_pure_quant_vr1.2,True
600422,600422.SH,昆药集团,中成药,20241212,16.79,67.07236563837463,67.07236563837463,0.0,3.17,4.8742,10119.66,2.8356481481481595,momentum,BULL_TREND,83.22414201823413,100.0,100.0,65.0,58.14835233916613,30.0,0.0,82.0907386780628,0.0,3,3,D_pure_quant_vr1.2,True
600586,600586.SH,金晶科技,玻璃,20241212,6.31,59.88333333333333,59.88333333333333,0.0,4.06,4.7996,13044.33,1.4062500000000115,momentum,BULL_TREND,100.0,100.0,100.0,80.0,51.0758578973221,66.66666666666666,0.0,75.5,0.0,1,1,E_ablate_sector_vr1.2,True
2603,002603.SZ,以岭药业,中成药,20241212,17.64,56.47316502998921,56.47316502998921,0.0,3.51,3.5584,19625.41,1.5075376884422087,momentum,BULL_TREND,90.5735515264918,100.0,100.0,65.0,58.14835233916613,20.0,0.0,86.37132301015441,0.0,2,2,E_ablate_sector_vr1.2,True
600422,600422.SH,昆药集团,中成药,20241212,16.79,55.4426951705414,55.4426951705414,0.0,3.17,4.8742,10119.66,2.8356481481481595,momentum,BULL_TREND,83.22414201823413,100.0,100.0,65.0,58.14835233916613,30.0,0.0,82.0907386780628,0.0,3,3,E_ablate_sector_vr1.2,True
600586,600586.SH,金晶科技,玻璃,20241212,6.31,50.329549636663714,50.329549636663714,0.0,4.06,4.7996,13044.33,1.4062500000000115,momentum,BULL_TREND,100.0,100.0,100.0,80.0,52.23108151665189,66.66666666666666,0.0,75.5,0.0,1,1,E_ablate_inflow_vr1.2,True
301058,301058.SZ,中粮科工,建筑工程,20241212,12.22,48.26141479602556,48.26141479602556,0.0,3.29,5.34,3505.66,3.3227848101265813,momentum,BULL_TREND,85.90437919802584,98.0632911392405,35.0566,65.0,39.36081365088526,100.0,0.0,94.47266072220584,0.0,2,2,E_ablate_inflow_vr1.2,True
2603,002603.SZ,以岭药业,中成药,20241212,17.64,48.25183602425544,48.25183602425544,0.0,3.51,3.5584,19625.41,1.5075376884422087,momentum,BULL_TREND,90.5735515264918,100.0,100.0,65.0,58.89335497133112,20.0,0.0,86.37132301015441,0.0,3,3,E_ablate_inflow_vr1.2,True
600586,600586.SH,金晶科技,玻璃,20241212,6.31,62.54850491279775,62.54850491279775,0.0,4.06,4.7996,13044.33,1.4062500000000115,momentum,BULL_TREND,100.0,100.0,100.0,80.0,51.0758578973221,66.66666666666666,0.0,75.5,0.0,1,1,E_ablate_wyckoff_vr1.2,True
2603,002603.SZ,以岭药业,中成药,20241212,17.64,59.465703196807,59.465703196807,0.0,3.51,3.5584,19625.41,1.5075376884422087,momentum,BULL_TREND,90.5735515264918,100.0,100.0,65.0,58.14835233916613,20.0,0.0,86.37132301015441,0.0,2,2,E_ablate_wyckoff_vr1.2,True
600422,600422.SH,昆药集团,中成药,20241212,16.79,58.863291770568345,58.863291770568345,0.0,3.17,4.8742,10119.66,2.8356481481481595,momentum,BULL_TREND,83.22414201823413,100.0,100.0,65.0,58.14835233916613,30.0,0.0,82.0907386780628,0.0,3,3,E_ablate_wyckoff_vr1.2,True
600586,600586.SH,金晶科技,玻璃,20241212,6.31,70.09850491279775,70.09850491279775,0.0,4.06,4.7996,13044.33,1.4062500000000115,momentum,BULL_TREND,100.0,100.0,100.0,80.0,51.0758578973221,66.66666666666666,0.0,75.5,0.0,1,1,E_ablate_accel_vr1.2,True
2603,002603.SZ,以岭药业,中成药,20241212,17.64,68.10283549782244,68.10283549782244,0.0,3.51,3.5584,19625.41,1.5075376884422087,momentum,BULL_TREND,90.5735515264918,100.0,100.0,65.0,58.14835233916613,20.0,0.0,86.37132301015441,0.0,2,2,E_ablate_accel_vr1.2,True
600422,600422.SH,昆药集团,中成药,20241212,16.79,67.07236563837463,67.07236563837463,0.0,3.17,4.8742,10119.66,2.8356481481481595,momentum,BULL_TREND,83.22414201823413,100.0,100.0,65.0,58.14835233916613,30.0,0.0,82.0907386780628,0.0,3,3,E_ablate_accel_vr1.2,True
2065,002065.SZ,东华软件,软件服务,20241213,8.27,75.86121586761938,68.60812674947518,7.253089118144198,2.18,7.8803,29685.43,7.906458797327404,weak_momentum,BULL_TREND,56.216406750110096,100.0,100.0,65.0,72.53089118144197,43.333333333333336,79.266,66.10710262050463,0.0,1,1,A_recovered_proxy_vr1.5,True
2463,002463.SZ,沪电股份,元器件,20241213,37.9,75.32805212890538,69.07278582008645,6.255266308818928,2.65,5.2558,24678.18,4.485887096774197,weak_momentum,BULL_TREND,70.29961798379183,100.0,100.0,65.0,62.55266308818928,10.0,86.602,73.76562439526191,0.0,2,2,A_recovered_proxy_vr1.5,True
156,000156.SZ,华数传媒,影视音像,20241213,8.4,66.18844961365193,66.18844961365193,0.0,3.38,4.8856,7129.11,3.337169159953961,weak_momentum,BULL_TREND,87.85116232537298,100.0,71.2911,40.0,58.35095631737749,10.0,100.0,79.50489211492908,0.0,3,3,A_recovered_proxy_vr1.5,True
2463,002463.SZ,沪电股份,元器件,20241213,37.9,69.07278582008645,69.07278582008645,0.0,2.65,5.2558,24678.18,4.485887096774197,weak_momentum,BULL_TREND,70.29961798379183,100.0,100.0,65.0,62.55266308818928,10.0,86.602,73.76562439526191,0.0,1,1,B_pure_quant_vr1.5,True
2065,002065.SZ,东华软件,软件服务,20241213,8.27,68.60812674947518,68.60812674947518,0.0,2.18,7.8803,29685.43,7.906458797327404,weak_momentum,BULL_TREND,56.216406750110096,100.0,100.0,65.0,72.53089118144197,43.333333333333336,79.266,66.10710262050463,0.0,2,2,B_pure_quant_vr1.5,True
156,000156.SZ,华数传媒,影视音像,20241213,8.4,66.18844961365193,66.18844961365193,0.0,3.38,4.8856,7129.11,3.337169159953961,weak_momentum,BULL_TREND,87.85116232537298,100.0,71.2911,40.0,58.35095631737749,10.0,100.0,79.50489211492908,0.0,3,3,B_pure_quant_vr1.5,True
2065,002065.SZ,东华软件,软件服务,20241213,8.27,75.48154211929507,68.38032250048059,7.101219618814479,2.18,7.8803,29685.43,7.906458797327404,weak_momentum,BULL_TREND,56.216406750110096,100.0,100.0,65.0,71.01219618814478,43.333333333333336,79.266,66.10710262050463,0.0,1,1,A_recovered_proxy_vr1.2,True
2463,002463.SZ,沪电股份,元器件,20241213,37.9,73.86362406482112,68.1941289816359,5.669495083185229,2.65,5.2558,24678.18,4.485887096774197,weak_momentum,BULL_TREND,70.29961798379183,100.0,100.0,65.0,56.69495083185228,10.0,86.602,73.76562439526191,0.0,2,2,A_recovered_proxy_vr1.2,True
156,000156.SZ,华数传媒,影视音像,20241213,8.4,66.13684364296583,66.13684364296583,0.0,3.38,4.8856,7129.11,3.337169159953961,weak_momentum,BULL_TREND,87.85116232537298,100.0,71.2911,65.0,49.6735831794701,10.0,100.0,79.50489211492908,0.0,3,3,A_recovered_proxy_vr1.2,True
2065,002065.SZ,东华软件,软件服务,20241213,8.27,68.38032250048059,68.38032250048059,0.0,2.18,7.8803,29685.43,7.906458797327404,weak_momentum,BULL_TREND,56.216406750110096,100.0,100.0,65.0,71.01219618814478,43.333333333333336,79.266,66.10710262050463,0.0,1,1,D_pure_quant_vr1.2,True
2463,002463.SZ,沪电股份,元器件,20241213,37.9,68.1941289816359,68.1941289816359,0.0,2.65,5.2558,24678.18,4.485887096774197,weak_momentum,BULL_TREND,70.29961798379183,100.0,100.0,65.0,56.69495083185228,10.0,86.602,73.76562439526191,0.0,2,2,D_pure_quant_vr1.2,True
156,000156.SZ,华数传媒,影视音像,20241213,8.4,66.13684364296583,66.13684364296583,0.0,3.38,4.8856,7129.11,3.337169159953961,weak_momentum,BULL_TREND,87.85116232537298,100.0,71.2911,65.0,49.6735831794701,10.0,100.0,79.50489211492908,0.0,3,3,D_pure_quant_vr1.2,True
2463,002463.SZ,沪电股份,元器件,20241213,37.9,59.68988635685806,59.68988635685806,0.0,2.65,5.2558,24678.18,4.485887096774197,weak_momentum,BULL_TREND,70.29961798379183,100.0,100.0,65.0,56.69495083185228,10.0,86.602,73.76562439526191,0.0,1,1,E_ablate_sector_vr1.2,True
156,000156.SZ,华数传媒,影视音像,20241213,8.4,58.68580616604531,58.68580616604531,0.0,3.38,4.8856,7129.11,3.337169159953961,weak_momentum,BULL_TREND,87.85116232537298,100.0,71.2911,65.0,49.6735831794701,10.0,100.0,79.50489211492908,0.0,2,2,E_ablate_sector_vr1.2,True
2065,002065.SZ,东华软件,软件服务,20241213,8.27,57.72849307225888,57.72849307225888,0.0,2.18,7.8803,29685.43,7.906458797327404,weak_momentum,BULL_TREND,56.216406750110096,100.0,100.0,65.0,71.01219618814478,43.333333333333336,79.266,66.10710262050463,0.0,3,3,E_ablate_sector_vr1.2,True
156,000156.SZ,华数传媒,影视音像,20241213,8.4,53.304445642965824,53.304445642965824,0.0,3.38,4.8856,7129.11,3.337169159953961,weak_momentum,BULL_TREND,87.85116232537298,100.0,71.2911,65.0,49.6735831794701,10.0,100.0,79.50489211492908,0.0,1,1,E_ablate_inflow_vr1.2,True
603917,603917.SH,合力科技,汽车配件,20241213,14.14,53.198783515228605,53.198783515228605,0.0,3.57,11.0353,4166.42,4.4594594594594605,weak_momentum,BULL_TREND,91.79620371271876,100.0,41.6642,80.0,45.12286815016995,0.0,100.0,77.73948490530199,0.0,2,2,E_ablate_inflow_vr1.2,True
2463,002463.SZ,沪电股份,元器件,20241213,37.9,51.034829748551736,51.034829748551736,0.0,2.65,5.2558,24678.18,4.485887096774197,weak_momentum,BULL_TREND,70.29961798379183,100.0,100.0,65.0,62.29962261129116,10.0,86.602,73.76562439526191,0.0,3,3,E_ablate_inflow_vr1.2,True
2065,002065.SZ,东华软件,软件服务,20241213,8.27,58.4642571074049,58.4642571074049,0.0,2.18,7.8803,29685.43,7.906458797327404,weak_momentum,BULL_TREND,56.216406750110096,100.0,100.0,65.0,71.01219618814478,43.333333333333336,79.266,66.10710262050463,0.0,1,1,E_ablate_wyckoff_vr1.2,True
2463,002463.SZ,沪电股份,元器件,20241213,37.9,57.12928532234662,57.12928532234662,0.0,2.65,5.2558,24678.18,4.485887096774197,weak_momentum,BULL_TREND,70.29961798379183,100.0,100.0,65.0,56.69495083185228,10.0,86.602,73.76562439526191,0.0,2,2,E_ablate_wyckoff_vr1.2,True
156,000156.SZ,华数传媒,影视音像,20241213,8.4,54.21110982572646,54.21110982572646,0.0,3.38,4.8856,7129.11,3.337169159953961,weak_momentum,BULL_TREND,87.85116232537298,100.0,71.2911,65.0,49.6735831794701,10.0,100.0,79.50489211492908,0.0,3,3,E_ablate_wyckoff_vr1.2,True
2065,002065.SZ,东华软件,软件服务,20241213,8.27,68.38032250048059,68.38032250048059,0.0,2.18,7.8803,29685.43,7.906458797327404,weak_momentum,BULL_TREND,56.216406750110096,100.0,100.0,65.0,71.01219618814478,43.333333333333336,79.266,66.10710262050463,0.0,1,1,E_ablate_accel_vr1.2,True
2463,002463.SZ,沪电股份,元器件,20241213,37.9,68.1941289816359,68.1941289816359,0.0,2.65,5.2558,24678.18,4.485887096774197,weak_momentum,BULL_TREND,70.29961798379183,100.0,100.0,65.0,56.69495083185228,10.0,86.602,73.76562439526191,0.0,2,2,E_ablate_accel_vr1.2,True
156,000156.SZ,华数传媒,影视音像,20241213,8.4,66.13684364296583,66.13684364296583,0.0,3.38,4.8856,7129.11,3.337169159953961,weak_momentum,BULL_TREND,87.85116232537298,100.0,71.2911,65.0,49.6735831794701,10.0,100.0,79.50489211492908,0.0,3,3,E_ablate_accel_vr1.2,True
2436,002436.SZ,兴森科技,元器件,20241216,11.92,81.8915772941369,72.94973621298034,8.941841081156548,2.17,8.214,29250.08,8.237105465742882,sideways,BULL_TREND,55.88475213348772,100.0,100.0,80.0,89.41841081156548,33.33333333333333,0.0,78.13052046009624,0.0,1,1,A_recovered_proxy_vr1.5,True
600071,600071.SH,凤凰光学,元器件,20241216,23.35,54.25267669177315,45.31083561061661,8.941841081156548,1.96,4.8671,2969.99,4.1854739433729975,sideways,BULL_TREND,48.54268271702418,41.854739433729975,29.6999,40.0,89.41841081156548,30.0,0.0,52.05544263096563,0.0,2,2,A_recovered_proxy_vr1.5,True
570,000570.SZ,苏常柴A,农用机械,20241216,5.72,53.4950288618262,53.4950288618262,0.0,3.39,6.3539,1205.71,4.983388704318934,sideways,BULL_TREND,88.06426366808097,49.83388704318934,12.0571,100.0,42.94360377388844,66.66666666666666,0.0,82.79758171608445,0.0,3,3,A_recovered_proxy_vr1.5,True
2436,002436.SZ,兴森科技,元器件,20241216,11.92,72.94973621298034,72.94973621298034,0.0,2.17,8.214,29250.08,8.237105465742882,sideways,BULL_TREND,55.88475213348772,100.0,100.0,80.0,89.41841081156548,33.33333333333333,0.0,78.13052046009624,0.0,1,1,B_pure_quant_vr1.5,True
570,000570.SZ,苏常柴A,农用机械,20241216,5.72,53.4950288618262,53.4950288618262,0.0,3.39,6.3539,1205.71,4.983388704318934,sideways,BULL_TREND,88.06426366808097,49.83388704318934,12.0571,100.0,42.94360377388844,66.66666666666666,0.0,82.79758171608445,0.0,2,2,B_pure_quant_vr1.5,True
600071,600071.SH,凤凰光学,元器件,20241216,23.35,45.31083561061661,45.31083561061661,0.0,1.96,4.8671,2969.99,4.1854739433729975,sideways,BULL_TREND,48.54268271702418,41.854739433729975,29.6999,40.0,89.41841081156548,30.0,0.0,52.05544263096563,0.0,3,3,B_pure_quant_vr1.5,True
2436,002436.SZ,兴森科技,元器件,20241216,11.92,81.8915772941369,72.94973621298034,8.941841081156548,2.17,8.214,29250.08,8.237105465742882,sideways,BULL_TREND,55.88475213348772,100.0,100.0,80.0,89.41841081156548,33.33333333333333,0.0,78.13052046009624,0.0,1,1,A_recovered_proxy_vr1.2,True
600071,600071.SH,凤凰光学,元器件,20241216,23.35,54.25267669177315,45.31083561061661,8.941841081156548,1.96,4.8671,2969.99,4.1854739433729975,sideways,BULL_TREND,48.54268271702418,41.854739433729975,29.6999,40.0,89.41841081156548,30.0,0.0,52.05544263096563,0.0,2,2,A_recovered_proxy_vr1.2,True
570,000570.SZ,苏常柴A,农用机械,20241216,5.72,53.11371799556487,53.11371799556487,0.0,3.39,6.3539,1205.71,4.983388704318934,sideways,BULL_TREND,88.06426366808097,49.83388704318934,12.0571,100.0,40.40153133214623,66.66666666666666,0.0,82.79758171608445,0.0,3,3,A_recovered_proxy_vr1.2,True
2436,002436.SZ,兴森科技,元器件,20241216,11.92,72.94973621298034,72.94973621298034,0.0,2.17,8.214,29250.08,8.237105465742882,sideways,BULL_TREND,55.88475213348772,100.0,100.0,80.0,89.41841081156548,33.33333333333333,0.0,78.13052046009624,0.0,1,1,D_pure_quant_vr1.2,True
570,000570.SZ,苏常柴A,农用机械,20241216,5.72,53.11371799556487,53.11371799556487,0.0,3.39,6.3539,1205.71,4.983388704318934,sideways,BULL_TREND,88.06426366808097,49.83388704318934,12.0571,100.0,40.40153133214623,66.66666666666666,0.0,82.79758171608445,0.0,2,2,D_pure_quant_vr1.2,True
600071,600071.SH,凤凰光学,元器件,20241216,23.35,45.31083561061661,45.31083561061661,0.0,1.96,4.8671,2969.99,4.1854739433729975,sideways,BULL_TREND,48.54268271702418,41.854739433729975,29.6999,40.0,89.41841081156548,30.0,0.0,52.05544263096563,0.0,3,3,D_pure_quant_vr1.2,True
2436,002436.SZ,兴森科技,元器件,20241216,11.92,59.53697459124552,59.53697459124552,0.0,2.17,8.214,29250.08,8.237105465742882,sideways,BULL_TREND,55.88475213348772,100.0,100.0,80.0,89.41841081156548,33.33333333333333,0.0,78.13052046009624,0.0,1,1,E_ablate_sector_vr1.2,True
570,000570.SZ,苏常柴A,农用机械,20241216,5.72,47.05348829574294,47.05348829574294,0.0,3.39,6.3539,1205.71,4.983388704318934,sideways,BULL_TREND,88.06426366808097,49.83388704318934,12.0571,100.0,40.40153133214623,66.66666666666666,0.0,82.79758171608445,0.0,2,2,E_ablate_sector_vr1.2,True
2436,002436.SZ,兴森科技,元器件,20241216,11.92,59.42800663963816,59.42800663963816,0.0,2.17,8.214,29250.08,8.237105465742882,sideways,BULL_TREND,55.88475213348772,100.0,100.0,65.0,83.27354698928434,33.33333333333333,0.0,78.13052046009624,0.0,1,1,E_ablate_inflow_vr1.2,True
570,000570.SZ,苏常柴A,农用机械,20241216,5.72,51.66686599556487,51.66686599556487,0.0,3.39,6.3539,1205.71,4.983388704318934,sideways,BULL_TREND,88.06426366808097,49.83388704318934,12.0571,100.0,40.40153133214623,66.66666666666666,0.0,82.79758171608445,0.0,2,2,E_ablate_inflow_vr1.2,True
2436,002436.SZ,兴森科技,元器件,20241216,11.92,63.57407375776879,63.57407375776879,0.0,2.17,8.214,29250.08,8.237105465742882,sideways,BULL_TREND,55.88475213348772,100.0,100.0,80.0,89.41841081156548,33.33333333333333,0.0,78.13052046009624,0.0,1,1,E_ablate_wyckoff_vr1.2,True
2436,002436.SZ,兴森科技,元器件,20241216,11.92,72.94973621298034,72.94973621298034,0.0,2.17,8.214,29250.08,8.237105465742882,sideways,BULL_TREND,55.88475213348772,100.0,100.0,80.0,89.41841081156548,33.33333333333333,0.0,78.13052046009624,0.0,1,1,E_ablate_accel_vr1.2,True
570,000570.SZ,苏常柴A,农用机械,20241216,5.72,53.11371799556487,53.11371799556487,0.0,3.39,6.3539,1205.71,4.983388704318934,sideways,BULL_TREND,88.06426366808097,49.83388704318934,12.0571,100.0,40.40153133214623,66.66666666666666,0.0,82.79758171608445,0.0,2,2,E_ablate_accel_vr1.2,True
600071,600071.SH,凤凰光学,元器件,20241216,23.35,45.31083561061661,45.31083561061661,0.0,1.96,4.8671,2969.99,4.1854739433729975,sideways,BULL_TREND,48.54268271702418,41.854739433729975,29.6999,40.0,89.41841081156548,30.0,0.0,52.05544263096563,0.0,3,3,E_ablate_accel_vr1.2,True
938,000938.SZ,紫光股份,IT设备,20241217,25.6,58.35417084559214,52.790476413585054,5.56369443200708,2.19,4.2453,20997.9,3.1037093111279344,bear,BULL_TREND,56.54654349132243,31.037093111279347,100.0,80.0,55.6369443200708,33.33333333333333,0.0,77.58223371946147,0.0,1,1,A_recovered_proxy_vr1.5,True
605167,605167.SH,利柏特,建筑工程,20241217,10.6,52.65035593138742,52.65035593138742,0.0,2.67,4.7771,3372.5,4.504504504504505,bear,BULL_TREND,70.84198709564146,45.04504504504504,33.725,80.0,43.8325035140204,66.66666666666666,0.0,100.0,0.0,2,2,A_recovered_proxy_vr1.5,True
600072,600072.SH,中船科技,电气设备,20241217,13.65,49.8485672699419,49.8485672699419,0.0,2.29,4.0077,8866.26,3.2600992204110493,bear,BULL_TREND,59.76737991611096,32.60099220411049,88.6626,40.0,55.607741688772265,0.0,0.0,74.55710125147789,0.0,3,3,A_recovered_proxy_vr1.5,True
938,000938.SZ,紫光股份,IT设备,20241217,25.6,52.790476413585054,52.790476413585054,0.0,2.19,4.2453,20997.9,3.1037093111279344,bear,BULL_TREND,56.54654349132243,31.037093111279347,100.0,80.0,55.6369443200708,33.33333333333333,0.0,77.58223371946147,0.0,1,1,B_pure_quant_vr1.5,True
605167,605167.SH,利柏特,建筑工程,20241217,10.6,52.65035593138742,52.65035593138742,0.0,2.67,4.7771,3372.5,4.504504504504505,bear,BULL_TREND,70.84198709564146,45.04504504504504,33.725,80.0,43.8325035140204,66.66666666666666,0.0,100.0,0.0,2,2,B_pure_quant_vr1.5,True
600072,600072.SH,中船科技,电气设备,20241217,13.65,49.8485672699419,49.8485672699419,0.0,2.29,4.0077,8866.26,3.2600992204110493,bear,BULL_TREND,59.76737991611096,32.60099220411049,88.6626,40.0,55.607741688772265,0.0,0.0,74.55710125147789,0.0,3,3,B_pure_quant_vr1.5,True
605167,605167.SH,利柏特,建筑工程,20241217,10.6,52.364119490155645,52.364119490155645,0.0,2.67,4.7771,3372.5,4.504504504504505,bear,BULL_TREND,70.84198709564146,45.04504504504504,33.725,80.0,41.92426057247519,66.66666666666666,0.0,100.0,0.0,1,1,A_recovered_proxy_vr1.2,True
938,000938.SZ,紫光股份,IT设备,20241217,25.6,51.00830764580424,51.00830764580424,0.0,2.19,4.2453,20997.9,3.1037093111279344,bear,BULL_TREND,56.54654349132243,31.037093111279347,100.0,80.0,43.75581920153202,33.33333333333333,0.0,77.58223371946147,0.0,2,2,A_recovered_proxy_vr1.2,True
600072,600072.SH,中船科技,电气设备,20241217,13.65,49.72349139213537,49.72349139213537,0.0,2.29,4.0077,8866.26,3.2600992204110493,bear,BULL_TREND,59.76737991611096,32.60099220411049,88.6626,40.0,54.77390250339539,0.0,0.0,74.55710125147789,0.0,3,3,A_recovered_proxy_vr1.2,True
605167,605167.SH,利柏特,建筑工程,20241217,10.6,52.364119490155645,52.364119490155645,0.0,2.67,4.7771,3372.5,4.504504504504505,bear,BULL_TREND,70.84198709564146,45.04504504504504,33.725,80.0,41.92426057247519,66.66666666666666,0.0,100.0,0.0,1,1,D_pure_quant_vr1.2,True
938,000938.SZ,紫光股份,IT设备,20241217,25.6,51.00830764580424,51.00830764580424,0.0,2.19,4.2453,20997.9,3.1037093111279344,bear,BULL_TREND,56.54654349132243,31.037093111279347,100.0,80.0,43.75581920153202,33.33333333333333,0.0,77.58223371946147,0.0,2,2,D_pure_quant_vr1.2,True
600072,600072.SH,中船科技,电气设备,20241217,13.65,49.72349139213537,49.72349139213537,0.0,2.29,4.0077,8866.26,3.2600992204110493,bear,BULL_TREND,59.76737991611096,32.60099220411049,88.6626,40.0,54.77390250339539,0.0,0.0,74.55710125147789,0.0,3,3,D_pure_quant_vr1.2,True
605167,605167.SH,利柏特,建筑工程,20241217,10.6,46.07548040428436,46.07548040428436,0.0,2.67,4.7771,3372.5,4.504504504504505,bear,BULL_TREND,70.84198709564146,45.04504504504504,33.725,80.0,41.92426057247519,66.66666666666666,0.0,100.0,0.0,1,1,E_ablate_sector_vr1.2,True
605167,605167.SH,利柏特,建筑工程,20241217,10.6,47.9884904680503,47.9884904680503,0.0,2.67,4.7771,3372.5,4.504504504504505,bear,BULL_TREND,70.84198709564146,45.04504504504504,33.725,80.0,39.73340042510623,66.66666666666666,0.0,100.0,0.0,1,1,E_ablate_inflow_vr1.2,True
605167,605167.SH,利柏特,建筑工程,20241217,10.6,52.364119490155645,52.364119490155645,0.0,2.67,4.7771,3372.5,4.504504504504505,bear,BULL_TREND,70.84198709564146,45.04504504504504,33.725,80.0,41.92426057247519,66.66666666666666,0.0,100.0,0.0,1,1,E_ablate_accel_vr1.2,True
938,000938.SZ,紫光股份,IT设备,20241217,25.6,51.00830764580424,51.00830764580424,0.0,2.19,4.2453,20997.9,3.1037093111279344,bear,BULL_TREND,56.54654349132243,31.037093111279347,100.0,80.0,43.75581920153202,33.33333333333333,0.0,77.58223371946147,0.0,2,2,E_ablate_accel_vr1.2,True
600072,600072.SH,中船科技,电气设备,20241217,13.65,49.72349139213537,49.72349139213537,0.0,2.29,4.0077,8866.26,3.2600992204110493,bear,BULL_TREND,59.76737991611096,32.60099220411049,88.6626,40.0,54.77390250339539,0.0,0.0,74.55710125147789,0.0,3,3,E_ablate_accel_vr1.2,True
301175,301175.SZ,中科环保,环境保护,20241218,5.61,55.1674352964263,55.1674352964263,0.0,3.07,10.3241,7613.21,4.102564102564092,sideways,BULL_TREND,80.91193277977273,41.02564102564092,76.1321,60.0,48.96878039490198,20.0,0.0,75.5,0.0,1,1,A_recovered_proxy_vr1.5,True
1289,001289.SZ,龙源电力,新型电力,20241218,17.47,50.34944522232752,50.34944522232752,0.0,3.64,9.8261,2854.83,2.944444444444451,sideways,BULL_TREND,93.19692252119856,29.444444444444507,28.5483,60.0,43.405294999727374,43.333333333333336,0.0,84.70906311050223,0.0,2,2,A_recovered_proxy_vr1.5,True
570,000570.SZ,苏常柴A,农用机械,20241218,5.71,45.24585229052566,45.24585229052566,0.0,1.97,6.3651,2287.32,5.1495016611295625,sideways,BULL_TREND,48.90978148408258,52.49169435215938,22.8732,100.0,46.70396407856415,20.0,0.0,73.22624162306508,0.0,3,3,A_recovered_proxy_vr1.5,True
301175,301175.SZ,中科环保,环境保护,20241218,5.61,55.1674352964263,55.1674352964263,0.0,3.07,10.3241,7613.21,4.102564102564092,sideways,BULL_TREND,80.91193277977273,41.02564102564092,76.1321,60.0,48.96878039490198,20.0,0.0,75.5,0.0,1,1,B_pure_quant_vr1.5,True
1289,001289.SZ,龙源电力,新型电力,20241218,17.47,50.34944522232752,50.34944522232752,0.0,3.64,9.8261,2854.83,2.944444444444451,sideways,BULL_TREND,93.19692252119856,29.444444444444507,28.5483,60.0,43.405294999727374,43.333333333333336,0.0,84.70906311050223,0.0,2,2,B_pure_quant_vr1.5,True
570,000570.SZ,苏常柴A,农用机械,20241218,5.71,45.24585229052566,45.24585229052566,0.0,1.97,6.3651,2287.32,5.1495016611295625,sideways,BULL_TREND,48.90978148408258,52.49169435215938,22.8732,100.0,46.70396407856415,20.0,0.0,73.22624162306508,0.0,3,3,B_pure_quant_vr1.5,True
2017,002017.SZ,东信和平,通信设备,20241218,11.11,61.07372428266179,52.32762573450529,8.746098548156501,1.34,5.0345,4224.89,7.877280265339976,sideways,BULL_TREND,21.11165003415239,97.9546710889996,42.248900000000006,65.0,87.46098548156502,20.0,0.0,41.20016054314252,0.0,1,1,A_recovered_proxy_vr1.2,True
301175,301175.SZ,中科环保,环境保护,20241218,5.61,55.16086643580903,55.16086643580903,0.0,3.07,10.3241,7613.21,4.102564102564092,sideways,BULL_TREND,80.91193277977273,41.02564102564092,76.1321,60.0,48.92498799078687,20.0,0.0,75.5,0.0,2,2,A_recovered_proxy_vr1.2,True
1289,001289.SZ,龙源电力,新型电力,20241218,17.47,50.34698200637052,50.34698200637052,0.0,3.64,9.8261,2854.83,2.944444444444451,sideways,BULL_TREND,93.19692252119856,29.444444444444507,28.5483,60.0,43.38887356001405,43.333333333333336,0.0,84.70906311050223,0.0,3,3,A_recovered_proxy_vr1.2,True
301175,301175.SZ,中科环保,环境保护,20241218,5.61,55.16086643580903,55.16086643580903,0.0,3.07,10.3241,7613.21,4.102564102564092,sideways,BULL_TREND,80.91193277977273,41.02564102564092,76.1321,60.0,48.92498799078687,20.0,0.0,75.5,0.0,1,1,D_pure_quant_vr1.2,True
2017,002017.SZ,东信和平,通信设备,20241218,11.11,52.32762573450529,52.32762573450529,0.0,1.34,5.0345,4224.89,7.877280265339976,sideways,BULL_TREND,21.11165003415239,97.9546710889996,42.248900000000006,65.0,87.46098548156502,20.0,0.0,41.20016054314252,0.0,2,2,D_pure_quant_vr1.2,True
1289,001289.SZ,龙源电力,新型电力,20241218,17.47,50.34698200637052,50.34698200637052,0.0,3.64,9.8261,2854.83,2.944444444444451,sideways,BULL_TREND,93.19692252119856,29.444444444444507,28.5483,60.0,43.38887356001405,43.333333333333336,0.0,84.70906311050223,0.0,3,3,D_pure_quant_vr1.2,True
301175,301175.SZ,中科环保,环境保护,20241218,5.61,47.822118237191,47.822118237191,0.0,3.07,10.3241,7613.21,4.102564102564092,sideways,BULL_TREND,80.91193277977273,41.02564102564092,76.1321,60.0,48.92498799078687,20.0,0.0,75.5,0.0,1,1,E_ablate_sector_vr1.2,True
603213,603213.SH,镇洋发展,化工原料,20241218,10.86,51.71712581527723,51.71712581527723,0.0,2.74,4.8212,-550.11,8.892617449664433,sideways,BULL_TREND,72.7087946592901,100.0,0.0,80.0,34.103219830450456,33.33333333333333,0.0,39.49201124165976,0.0,1,1,E_ablate_inflow_vr1.2,True
2017,002017.SZ,东信和平,通信设备,20241218,11.11,47.25775773450529,47.25775773450529,0.0,1.34,5.0345,4224.89,7.877280265339976,sideways,BULL_TREND,21.11165003415239,97.9546710889996,42.248900000000006,65.0,87.46098548156502,20.0,0.0,41.20016054314252,0.0,2,2,E_ablate_inflow_vr1.2,True
1289,001289.SZ,龙源电力,新型电力,20241218,17.47,46.92118600637052,46.92118600637052,0.0,3.64,9.8261,2854.83,2.944444444444451,sideways,BULL_TREND,93.19692252119856,29.444444444444507,28.5483,60.0,43.38887356001405,43.333333333333336,0.0,84.70906311050223,0.0,3,3,E_ablate_inflow_vr1.2,True
2017,002017.SZ,东信和平,通信设备,20241218,11.11,47.383606469328186,47.383606469328186,0.0,1.34,5.0345,4224.89,7.877280265339976,sideways,BULL_TREND,21.11165003415239,97.9546710889996,42.248900000000006,65.0,87.46098548156502,20.0,0.0,41.20016054314252,0.0,1,1,E_ablate_wyckoff_vr1.2,True
301175,301175.SZ,中科环保,环境保护,20241218,5.61,46.100866435809024,46.100866435809024,0.0,3.07,10.3241,7613.21,4.102564102564092,sideways,BULL_TREND,80.91193277977273,41.02564102564092,76.1321,60.0,48.92498799078687,20.0,0.0,75.5,0.0,2,2,E_ablate_wyckoff_vr1.2,True
301175,301175.SZ,中科环保,环境保护,20241218,5.61,55.16086643580903,55.16086643580903,0.0,3.07,10.3241,7613.21,4.102564102564092,sideways,BULL_TREND,80.91193277977273,41.02564102564092,76.1321,60.0,48.92498799078687,20.0,0.0,75.5,0.0,1,1,E_ablate_accel_vr1.2,True
2017,002017.SZ,东信和平,通信设备,20241218,11.11,52.32762573450529,52.32762573450529,0.0,1.34,5.0345,4224.89,7.877280265339976,sideways,BULL_TREND,21.11165003415239,97.9546710889996,42.248900000000006,65.0,87.46098548156502,20.0,0.0,41.20016054314252,0.0,2,2,E_ablate_accel_vr1.2,True
1289,001289.SZ,龙源电力,新型电力,20241218,17.47,50.34698200637052,50.34698200637052,0.0,3.64,9.8261,2854.83,2.944444444444451,sideways,BULL_TREND,93.19692252119856,29.444444444444507,28.5483,60.0,43.38887356001405,43.333333333333336,0.0,84.70906311050223,0.0,3,3,E_ablate_accel_vr1.2,True
600584,600584.SH,长电科技,半导体,20241219,38.87,65.41500962950688,57.325879861922274,8.089129767584609,1.66,3.4154,27300.5,6.337349397590368,bear,BULL_TREND,36.55916207861,72.28915662650614,100.0,40.0,80.89129767584609,63.33333333333333,0.0,53.1574035729429,0.0,1,1,A_recovered_proxy_vr1.5,True
2771,002771.SZ,真视通,软件服务,20241219,18.99,56.71607592518798,51.16050674934972,5.555569175838258,1.76,8.5619,4181.27,7.365853658536594,bear,BULL_TREND,40.77877144312863,89.43089430894322,41.81270000000001,80.0,55.55569175838258,33.33333333333333,0.0,44.140298778915486,0.0,2,2,A_recovered_proxy_vr1.5,True
603300,603300.SH,海南华铁,多元金融,20241219,5.92,54.98891808372434,49.42185820919952,5.5670598745248245,1.67,5.4222,7863.4,6.031746031746031,bear,BULL_TREND,36.99240513496637,67.19576719576717,78.634,100.0,55.67059874524824,20.0,0.0,35.94825403875757,0.0,3,3,A_recovered_proxy_vr1.5,True
600584,600584.SH,长电科技,半导体,20241219,38.87,57.325879861922274,57.325879861922274,0.0,1.66,3.4154,27300.5,6.337349397590368,bear,BULL_TREND,36.55916207861,72.28915662650614,100.0,40.0,80.89129767584609,63.33333333333333,0.0,53.1574035729429,0.0,1,1,B_pure_quant_vr1.5,True
2771,002771.SZ,真视通,软件服务,20241219,18.99,51.16050674934972,51.16050674934972,0.0,1.76,8.5619,4181.27,7.365853658536594,bear,BULL_TREND,40.77877144312863,89.43089430894322,41.81270000000001,80.0,55.55569175838258,33.33333333333333,0.0,44.140298778915486,0.0,2,2,B_pure_quant_vr1.5,True
603300,603300.SH,海南华铁,多元金融,20241219,5.92,49.42185820919952,49.42185820919952,0.0,1.67,5.4222,7863.4,6.031746031746031,bear,BULL_TREND,36.99240513496637,67.19576719576717,78.634,100.0,55.67059874524824,20.0,0.0,35.94825403875757,0.0,3,3,B_pure_quant_vr1.5,True
301236,301236.SZ,软通动力,软件服务,20241219,60.91,58.53595312564417,53.466761467160985,5.069191658483184,1.34,6.7543,18244.84,9.61566998070931,bear,BULL_TREND,21.11165003415239,100.0,100.0,65.0,50.69191658483184,53.333333333333336,0.0,29.597869210466783,0.0,1,1,A_recovered_proxy_vr1.2,True
21,000021.SZ,深科技,元器件,20241219,20.0,57.57347235083068,49.22218272641809,8.351289624412585,1.47,3.881,17762.33,4.716531681753209,bear,BULL_TREND,27.790807753081985,47.165316817532094,100.0,40.0,83.51289624412584,66.66666666666666,0.0,43.92972959108987,0.0,2,2,A_recovered_proxy_vr1.2,True
600536,600536.SH,中国软件,软件服务,20241219,51.94,57.1433780205577,52.074186362074514,5.069191658483184,1.35,4.3655,19188.69,11.274342330030752,bear,BULL_TREND,21.647970363805317,100.0,100.0,40.0,50.69191658483184,30.0,0.0,29.23204495260471,0.0,3,3,A_recovered_proxy_vr1.2,True
301236,301236.SZ,软通动力,软件服务,20241219,60.91,53.466761467160985,53.466761467160985,0.0,1.34,6.7543,18244.84,9.61566998070931,bear,BULL_TREND,21.11165003415239,100.0,100.0,65.0,50.69191658483184,53.333333333333336,0.0,29.597869210466783,0.0,1,1,D_pure_quant_vr1.2,True
32,000032.SZ,深桑达A,建筑工程,20241219,18.49,52.825276472076695,52.825276472076695,0.0,1.47,3.3688,6781.95,8.826429980276147,bear,BULL_TREND,27.790807753081985,100.0,67.8195,80.0,45.339236622582426,66.66666666666666,0.0,43.65616616398299,0.0,2,2,D_pure_quant_vr1.2,True
600536,600536.SH,中国软件,软件服务,20241219,51.94,52.074186362074514,52.074186362074514,0.0,1.35,4.3655,19188.69,11.274342330030752,bear,BULL_TREND,21.647970363805317,100.0,100.0,40.0,50.69191658483184,30.0,0.0,29.23204495260471,0.0,3,3,D_pure_quant_vr1.2,True
32,000032.SZ,深桑达A,建筑工程,20241219,18.49,46.024390978689325,46.024390978689325,0.0,1.47,3.3688,6781.95,8.826429980276147,bear,BULL_TREND,27.790807753081985,100.0,67.8195,80.0,45.339236622582426,66.66666666666666,0.0,43.65616616398299,0.0,1,1,E_ablate_sector_vr1.2,True
301236,301236.SZ,软通动力,软件服务,20241219,60.91,45.862973979436205,45.862973979436205,0.0,1.34,6.7543,18244.84,9.61566998070931,bear,BULL_TREND,21.11165003415239,100.0,100.0,65.0,50.69191658483184,53.333333333333336,0.0,29.597869210466783,0.0,2,2,E_ablate_sector_vr1.2,True
2156,002156.SZ,通富微电,半导体,20241219,29.34,45.21893484426844,45.21893484426844,0.0,1.39,5.5262,8696.52,10.275229357798176,bear,BULL_TREND,23.75424414743913,100.0,86.96520000000001,65.0,41.45274409071144,30.0,0.0,36.30980943193191,0.0,3,3,E_ablate_sector_vr1.2,True
2771,002771.SZ,真视通,软件服务,20241219,18.99,45.27751473444784,45.27751473444784,0.0,1.76,8.5619,4181.27,7.365853658536594,bear,BULL_TREND,40.77877144312863,89.43089430894322,41.81270000000001,80.0,49.78590499237005,33.33333333333333,0.0,44.140298778915486,0.0,1,1,E_ablate_inflow_vr1.2,True
301236,301236.SZ,软通动力,软件服务,20241219,60.91,49.91501716190497,49.91501716190497,0.0,1.34,6.7543,18244.84,9.61566998070931,bear,BULL_TREND,21.11165003415239,100.0,100.0,65.0,50.69191658483184,53.333333333333336,0.0,29.597869210466783,0.0,1,1,E_ablate_wyckoff_vr1.2,True
600536,600536.SH,中国软件,软件服务,20241219,51.94,48.566340967761946,48.566340967761946,0.0,1.35,4.3655,19188.69,11.274342330030752,bear,BULL_TREND,21.647970363805317,100.0,100.0,40.0,50.69191658483184,30.0,0.0,29.23204495260471,0.0,2,2,E_ablate_wyckoff_vr1.2,True
32,000032.SZ,深桑达A,建筑工程,20241219,18.49,47.58653653239873,47.58653653239873,0.0,1.47,3.3688,6781.95,8.826429980276147,bear,BULL_TREND,27.790807753081985,100.0,67.8195,80.0,45.339236622582426,66.66666666666666,0.0,43.65616616398299,0.0,3,3,E_ablate_wyckoff_vr1.2,True
301236,301236.SZ,软通动力,软件服务,20241219,60.91,53.466761467160985,53.466761467160985,0.0,1.34,6.7543,18244.84,9.61566998070931,bear,BULL_TREND,21.11165003415239,100.0,100.0,65.0,50.69191658483184,53.333333333333336,0.0,29.597869210466783,0.0,1,1,E_ablate_accel_vr1.2,True
32,000032.SZ,深桑达A,建筑工程,20241219,18.49,52.825276472076695,52.825276472076695,0.0,1.47,3.3688,6781.95,8.826429980276147,bear,BULL_TREND,27.790807753081985,100.0,67.8195,80.0,45.339236622582426,66.66666666666666,0.0,43.65616616398299,0.0,2,2,E_ablate_accel_vr1.2,True
600536,600536.SH,中国软件,软件服务,20241219,51.94,52.074186362074514,52.074186362074514,0.0,1.35,4.3655,19188.69,11.274342330030752,bear,BULL_TREND,21.647970363805317,100.0,100.0,40.0,50.69191658483184,30.0,0.0,29.23204495260471,0.0,3,3,E_ablate_accel_vr1.2,True
2156,002156.SZ,通富微电,半导体,20241220,30.18,71.11960764868869,64.00605337410595,7.113554274582737,1.96,8.4574,11291.16,7.706422018348633,sideways,BULL_TREND,48.54268271702418,95.10703363914388,100.0,80.0,71.13554274582737,53.333333333333336,0.0,45.55098081006841,0.0,1,1,A_recovered_proxy_vr1.5,True
301269,301269.SZ,华大九天,半导体,20241220,129.42,66.86674849330235,59.753194218719614,7.113554274582737,1.69,3.942,10891.84,11.283246503975876,sideways,BULL_TREND,37.851162325372975,100.0,100.0,40.0,71.13554274582737,43.333333333333336,0.0,35.741170238306594,0.0,2,2,A_recovered_proxy_vr1.5,True
2484,002484.SZ,江海股份,元器件,20241220,17.14,66.40087515786522,58.82649542154216,7.574379736323056,2.08,4.5553,3076.29,15.190499752597724,sideways,BULL_TREND,52.82917641831838,98.09500247402276,30.7629,65.0,75.74379736323056,43.333333333333336,0.0,59.19493161729884,0.0,3,3,A_recovered_proxy_vr1.5,True
2156,002156.SZ,通富微电,半导体,20241220,30.18,64.00605337410595,64.00605337410595,0.0,1.96,8.4574,11291.16,7.706422018348633,sideways,BULL_TREND,48.54268271702418,95.10703363914388,100.0,80.0,71.13554274582737,53.333333333333336,0.0,45.55098081006841,0.0,1,1,B_pure_quant_vr1.5,True
301269,301269.SZ,华大九天,半导体,20241220,129.42,59.753194218719614,59.753194218719614,0.0,1.69,3.942,10891.84,11.283246503975876,sideways,BULL_TREND,37.851162325372975,100.0,100.0,40.0,71.13554274582737,43.333333333333336,0.0,35.741170238306594,0.0,2,2,B_pure_quant_vr1.5,True
2484,002484.SZ,江海股份,元器件,20241220,17.14,58.82649542154216,58.82649542154216,0.0,2.08,4.5553,3076.29,15.190499752597724,sideways,BULL_TREND,52.82917641831838,98.09500247402276,30.7629,65.0,75.74379736323056,43.333333333333336,0.0,59.19493161729884,0.0,3,3,B_pure_quant_vr1.5,True
2156,002156.SZ,通富微电,半导体,20241220,30.18,72.85619998090431,65.04800877343533,7.808191207468983,1.96,8.4574,11291.16,7.706422018348633,sideways,BULL_TREND,48.54268271702418,95.10703363914388,100.0,80.0,78.08191207468982,53.333333333333336,0.0,45.55098081006841,0.0,1,1,A_recovered_proxy_vr1.2,True
301269,301269.SZ,华大九天,半导体,20241220,129.42,68.60334082551798,60.79514961804899,7.808191207468983,1.69,3.942,10891.84,11.283246503975876,sideways,BULL_TREND,37.851162325372975,100.0,100.0,40.0,78.08191207468982,43.333333333333336,0.0,35.741170238306594,0.0,2,2,A_recovered_proxy_vr1.2,True
600667,600667.SH,太极实业,半导体,20241220,7.86,67.674043111409,59.865851903940026,7.808191207468983,2.93,5.8633,11939.44,3.321033210332109,sideways,BULL_TREND,77.54503323237616,33.210332103321086,100.0,65.0,78.08191207468982,43.333333333333336,0.0,69.33931710180414,0.0,3,3,A_recovered_proxy_vr1.2,True
2156,002156.SZ,通富微电,半导体,20241220,30.18,65.04800877343533,65.04800877343533,0.0,1.96,8.4574,11291.16,7.706422018348633,sideways,BULL_TREND,48.54268271702418,95.10703363914388,100.0,80.0,78.08191207468982,53.333333333333336,0.0,45.55098081006841,0.0,1,1,D_pure_quant_vr1.2,True
301269,301269.SZ,华大九天,半导体,20241220,129.42,60.79514961804899,60.79514961804899,0.0,1.69,3.942,10891.84,11.283246503975876,sideways,BULL_TREND,37.851162325372975,100.0,100.0,40.0,78.08191207468982,43.333333333333336,0.0,35.741170238306594,0.0,2,2,D_pure_quant_vr1.2,True
600667,600667.SH,太极实业,半导体,20241220,7.86,59.865851903940026,59.865851903940026,0.0,2.93,5.8633,11939.44,3.321033210332109,sideways,BULL_TREND,77.54503323237616,33.210332103321086,100.0,65.0,78.08191207468982,43.333333333333336,0.0,69.33931710180414,0.0,3,3,D_pure_quant_vr1.2,True
2156,002156.SZ,通富微电,半导体,20241220,30.18,53.33572196223185,53.33572196223185,0.0,1.96,8.4574,11291.16,7.706422018348633,sideways,BULL_TREND,48.54268271702418,95.10703363914388,100.0,80.0,78.08191207468982,53.333333333333336,0.0,45.55098081006841,0.0,1,1,E_ablate_sector_vr1.2,True
600895,600895.SH,张江高科,园区开发,20241220,28.32,49.97636302903003,49.97636302903003,0.0,1.62,3.2306,18808.52,8.615682478218774,sideways,BULL_TREND,34.799690655495006,100.0,100.0,80.0,41.97980378991216,53.333333333333336,0.0,33.781370151287184,0.0,2,2,E_ablate_sector_vr1.2,True
301269,301269.SZ,华大九天,半导体,20241220,129.42,49.08286280684551,49.08286280684551,0.0,1.69,3.942,10891.84,11.283246503975876,sideways,BULL_TREND,37.851162325372975,100.0,100.0,40.0,78.08191207468982,43.333333333333336,0.0,35.741170238306594,0.0,3,3,E_ablate_sector_vr1.2,True
2484,002484.SZ,江海股份,元器件,20241220,17.14,55.2288045571023,55.2288045571023,0.0,2.08,4.5553,3076.29,15.190499752597724,sideways,BULL_TREND,52.82917641831838,98.09500247402276,30.7629,65.0,76.36951160029818,43.333333333333336,0.0,59.19493161729884,0.0,1,1,E_ablate_inflow_vr1.2,True
2156,002156.SZ,通富微电,半导体,20241220,30.18,53.14756761911582,53.14756761911582,0.0,1.96,8.4574,11291.16,7.706422018348633,sideways,BULL_TREND,48.54268271702418,95.10703363914388,100.0,80.0,78.7456377125598,53.333333333333336,0.0,45.55098081006841,0.0,2,2,E_ablate_inflow_vr1.2,True
301269,301269.SZ,华大九天,半导体,20241220,129.42,48.89470846372948,48.89470846372948,0.0,1.69,3.942,10891.84,11.283246503975876,sideways,BULL_TREND,37.851162325372975,100.0,100.0,40.0,78.7456377125598,43.333333333333336,0.0,35.741170238306594,0.0,3,3,E_ablate_inflow_vr1.2,True
2156,002156.SZ,通富微电,半导体,20241220,30.18,59.58189107622711,59.58189107622711,0.0,1.96,8.4574,11291.16,7.706422018348633,sideways,BULL_TREND,48.54268271702418,95.10703363914388,100.0,80.0,78.08191207468982,53.333333333333336,0.0,45.55098081006841,0.0,1,1,E_ablate_wyckoff_vr1.2,True
301269,301269.SZ,华大九天,半导体,20241220,129.42,56.50620918945219,56.50620918945219,0.0,1.69,3.942,10891.84,11.283246503975876,sideways,BULL_TREND,37.851162325372975,100.0,100.0,40.0,78.08191207468982,43.333333333333336,0.0,35.741170238306594,0.0,2,2,E_ablate_wyckoff_vr1.2,True
600895,600895.SH,张江高科,园区开发,20241220,28.32,52.21956917936239,52.21956917936239,0.0,1.62,3.2306,18808.52,8.615682478218774,sideways,BULL_TREND,34.799690655495006,100.0,100.0,80.0,41.97980378991216,53.333333333333336,0.0,33.781370151287184,0.0,3,3,E_ablate_wyckoff_vr1.2,True
2156,002156.SZ,通富微电,半导体,20241220,30.18,65.04800877343533,65.04800877343533,0.0,1.96,8.4574,11291.16,7.706422018348633,sideways,BULL_TREND,48.54268271702418,95.10703363914388,100.0,80.0,78.08191207468982,53.333333333333336,0.0,45.55098081006841,0.0,1,1,E_ablate_accel_vr1.2,True
301269,301269.SZ,华大九天,半导体,20241220,129.42,60.79514961804899,60.79514961804899,0.0,1.69,3.942,10891.84,11.283246503975876,sideways,BULL_TREND,37.851162325372975,100.0,100.0,40.0,78.08191207468982,43.333333333333336,0.0,35.741170238306594,0.0,2,2,E_ablate_accel_vr1.2,True
600667,600667.SH,太极实业,半导体,20241220,7.86,59.865851903940026,59.865851903940026,0.0,2.93,5.8633,11939.44,3.321033210332109,sideways,BULL_TREND,77.54503323237616,33.210332103321086,100.0,65.0,78.08191207468982,43.333333333333336,0.0,69.33931710180414,0.0,3,3,E_ablate_accel_vr1.2,True
519,000519.SZ,中兵红箭,专用机械,20241223,15.72,77.24248274485942,71.48143392228793,5.761048822571485,3.65,4.7798,20398.46,7.529411764705879,sideways,BULL_TREND,93.39482319963274,92.15686274509798,100.0,80.0,57.610488225714846,53.333333333333336,0.0,47.93185928269404,0.0,1,1,A_recovered_proxy_vr1.5,True
581,000581.SZ,威孚高科,汽车配件,20241223,18.72,73.85302613543358,66.03765612483662,7.815370010596962,5.7,4.4206,18620.07,2.702702702702701,sideways,BULL_TREND,100.0,27.027027027027007,100.0,65.0,78.15370010596962,66.66666666666666,0.0,86.96101524718253,0.0,2,2,A_recovered_proxy_vr1.5,True
2455,002455.SZ,百川股份,化工原料,20241223,8.44,57.13309040465486,57.13309040465486,0.0,2.83,9.0828,1378.13,9.442060085836918,sideways,BULL_TREND,75.04010265285788,100.0,13.781300000000002,65.0,40.27734525002909,66.66666666666666,0.0,58.29647250157024,0.0,3,3,A_recovered_proxy_vr1.5,True
519,000519.SZ,中兵红箭,专用机械,20241223,15.72,71.48143392228793,71.48143392228793,0.0,3.65,4.7798,20398.46,7.529411764705879,sideways,BULL_TREND,93.39482319963274,92.15686274509798,100.0,80.0,57.610488225714846,53.333333333333336,0.0,47.93185928269404,0.0,1,1,B_pure_quant_vr1.5,True
581,000581.SZ,威孚高科,汽车配件,20241223,18.72,66.03765612483662,66.03765612483662,0.0,5.7,4.4206,18620.07,2.702702702702701,sideways,BULL_TREND,100.0,27.027027027027007,100.0,65.0,78.15370010596962,66.66666666666666,0.0,86.96101524718253,0.0,2,2,B_pure_quant_vr1.5,True
2455,002455.SZ,百川股份,化工原料,20241223,8.44,57.13309040465486,57.13309040465486,0.0,2.83,9.0828,1378.13,9.442060085836918,sideways,BULL_TREND,75.04010265285788,100.0,13.781300000000002,65.0,40.27734525002909,66.66666666666666,0.0,58.29647250157024,0.0,3,3,B_pure_quant_vr1.5,True
519,000519.SZ,中兵红箭,专用机械,20241223,15.72,76.44268961929365,71.00155804694847,5.441131572345178,3.65,4.7798,20398.46,7.529411764705879,sideways,BULL_TREND,93.39482319963274,92.15686274509798,100.0,80.0,54.41131572345177,53.333333333333336,0.0,47.93185928269404,0.0,1,1,A_recovered_proxy_vr1.2,True
581,000581.SZ,威孚高科,汽车配件,20241223,18.72,73.3562233183962,65.7395744346142,7.61664888378201,5.7,4.4206,18620.07,2.702702702702701,sideways,BULL_TREND,100.0,27.027027027027007,100.0,65.0,76.1664888378201,66.66666666666666,0.0,86.96101524718253,0.0,2,2,A_recovered_proxy_vr1.2,True
2455,002455.SZ,百川股份,化工原料,20241223,8.44,56.78228392066036,56.78228392066036,0.0,2.83,9.0828,1378.13,9.442060085836918,sideways,BULL_TREND,75.04010265285788,100.0,13.781300000000002,65.0,37.93863535673239,66.66666666666666,0.0,58.29647250157024,0.0,3,3,A_recovered_proxy_vr1.2,True
519,000519.SZ,中兵红箭,专用机械,20241223,15.72,71.00155804694847,71.00155804694847,0.0,3.65,4.7798,20398.46,7.529411764705879,sideways,BULL_TREND,93.39482319963274,92.15686274509798,100.0,80.0,54.41131572345177,53.333333333333336,0.0,47.93185928269404,0.0,1,1,D_pure_quant_vr1.2,True
581,000581.SZ,威孚高科,汽车配件,20241223,18.72,65.7395744346142,65.7395744346142,0.0,5.7,4.4206,18620.07,2.702702702702701,sideways,BULL_TREND,100.0,27.027027027027007,100.0,65.0,76.1664888378201,66.66666666666666,0.0,86.96101524718253,0.0,2,2,D_pure_quant_vr1.2,True
2455,002455.SZ,百川股份,化工原料,20241223,8.44,56.78228392066036,56.78228392066036,0.0,2.83,9.0828,1378.13,9.442060085836918,sideways,BULL_TREND,75.04010265285788,100.0,13.781300000000002,65.0,37.93863535673239,66.66666666666666,0.0,58.29647250157024,0.0,3,3,D_pure_quant_vr1.2,True
519,000519.SZ,中兵红箭,专用机械,20241223,15.72,62.83986068843071,62.83986068843071,0.0,3.65,4.7798,20398.46,7.529411764705879,sideways,BULL_TREND,93.39482319963274,92.15686274509798,100.0,80.0,54.41131572345177,53.333333333333336,0.0,47.93185928269404,0.0,1,1,E_ablate_sector_vr1.2,True
581,000581.SZ,威孚高科,汽车配件,20241223,18.72,54.314601108941176,54.314601108941176,0.0,5.7,4.4206,18620.07,2.702702702702701,sideways,BULL_TREND,100.0,27.027027027027007,100.0,65.0,76.1664888378201,66.66666666666666,0.0,86.96101524718253,0.0,2,2,E_ablate_sector_vr1.2,True
2455,002455.SZ,百川股份,化工原料,20241223,8.44,51.091488617150496,51.091488617150496,0.0,2.83,9.0828,1378.13,9.442060085836918,sideways,BULL_TREND,75.04010265285788,100.0,13.781300000000002,65.0,37.93863535673239,66.66666666666666,0.0,58.29647250157024,0.0,3,3,E_ablate_sector_vr1.2,True
519,000519.SZ,中兵红箭,专用机械,20241223,15.72,58.10523791366053,58.10523791366053,0.0,3.65,4.7798,20398.46,7.529411764705879,sideways,BULL_TREND,93.39482319963274,92.15686274509798,100.0,80.0,48.4358481681988,53.333333333333336,0.0,47.93185928269404,0.0,1,1,E_ablate_inflow_vr1.2,True
2455,002455.SZ,百川股份,化工原料,20241223,8.44,55.17667849943447,55.17667849943447,0.0,2.83,9.0828,1378.13,9.442060085836918,sideways,BULL_TREND,75.04010265285788,100.0,13.781300000000002,65.0,38.25963921522653,66.66666666666666,0.0,58.29647250157024,0.0,2,2,E_ablate_inflow_vr1.2,True
581,000581.SZ,威孚高科,汽车配件,20241223,18.72,53.2001118197094,53.2001118197094,0.0,5.7,4.4206,18620.07,2.702702702702701,sideways,BULL_TREND,100.0,27.027027027027007,100.0,65.0,72.57007140512147,66.66666666666666,0.0,86.96101524718253,0.0,3,3,E_ablate_inflow_vr1.2,True
519,000519.SZ,中兵红箭,专用机械,20241223,15.72,65.2497349330252,65.2497349330252,0.0,3.65,4.7798,20398.46,7.529411764705879,sideways,BULL_TREND,93.39482319963274,92.15686274509798,100.0,80.0,54.41131572345177,53.333333333333336,0.0,47.93185928269404,0.0,1,1,E_ablate_wyckoff_vr1.2,True
581,000581.SZ,威孚高科,汽车配件,20241223,18.72,55.30425260495229,55.30425260495229,0.0,5.7,4.4206,18620.07,2.702702702702701,sideways,BULL_TREND,100.0,27.027027027027007,100.0,65.0,76.1664888378201,66.66666666666666,0.0,86.96101524718253,0.0,2,2,E_ablate_wyckoff_vr1.2,True
2455,002455.SZ,百川股份,化工原料,20241223,8.44,49.786707220471925,49.786707220471925,0.0,2.83,9.0828,1378.13,9.442060085836918,sideways,BULL_TREND,75.04010265285788,100.0,13.781300000000002,65.0,37.93863535673239,66.66666666666666,0.0,58.29647250157024,0.0,3,3,E_ablate_wyckoff_vr1.2,True
519,000519.SZ,中兵红箭,专用机械,20241223,15.72,71.00155804694847,71.00155804694847,0.0,3.65,4.7798,20398.46,7.529411764705879,sideways,BULL_TREND,93.39482319963274,92.15686274509798,100.0,80.0,54.41131572345177,53.333333333333336,0.0,47.93185928269404,0.0,1,1,E_ablate_accel_vr1.2,True
581,000581.SZ,威孚高科,汽车配件,20241223,18.72,65.7395744346142,65.7395744346142,0.0,5.7,4.4206,18620.07,2.702702702702701,sideways,BULL_TREND,100.0,27.027027027027007,100.0,65.0,76.1664888378201,66.66666666666666,0.0,86.96101524718253,0.0,2,2,E_ablate_accel_vr1.2,True
2455,002455.SZ,百川股份,化工原料,20241223,8.44,56.78228392066036,56.78228392066036,0.0,2.83,9.0828,1378.13,9.442060085836918,sideways,BULL_TREND,75.04010265285788,100.0,13.781300000000002,65.0,37.93863535673239,66.66666666666666,0.0,58.29647250157024,0.0,3,3,E_ablate_accel_vr1.2,True
2249,002249.SZ,大洋电机,电气设备,20241224,5.76,74.92465604516536,66.49112343991388,8.433532605251484,3.24,4.2815,7374.63,4.000000000000004,weak_momentum,BULL_TREND,84.79969065549501,100.0,73.7463,65.0,84.33532605251483,53.333333333333336,0.0,66.19913511363828,0.0,1,1,A_recovered_proxy_vr1.5,True
2922,002922.SZ,伊戈尔,电气设备,20241224,17.01,53.659661427325645,45.22612882207416,8.433532605251484,1.68,4.2081,1789.28,5.918141592920336,weak_momentum,BULL_TREND,37.42306165020178,100.0,17.8928,65.0,84.33532605251483,33.33333333333333,0.0,45.5,0.0,2,2,A_recovered_proxy_vr1.5,True
852,000852.SZ,石化机械,化工机械,20241224,6.29,49.88949085795071,49.88949085795071,0.0,2.42,4.8328,3709.5,3.23076923076923,weak_momentum,BULL_TREND,63.75035237499349,100.0,37.095,80.0,35.95354387205504,33.33333333333333,0.0,70.60093169484509,0.0,3,3,A_recovered_proxy_vr1.5,True
2249,002249.SZ,大洋电机,电气设备,20241224,5.76,66.49112343991388,66.49112343991388,0.0,3.24,4.2815,7374.63,4.000000000000004,weak_momentum,BULL_TREND,84.79969065549501,100.0,73.7463,65.0,84.33532605251483,53.333333333333336,0.0,66.19913511363828,0.0,1,1,B_pure_quant_vr1.5,True
852,000852.SZ,石化机械,化工机械,20241224,6.29,49.88949085795071,49.88949085795071,0.0,2.42,4.8328,3709.5,3.23076923076923,weak_momentum,BULL_TREND,63.75035237499349,100.0,37.095,80.0,35.95354387205504,33.33333333333333,0.0,70.60093169484509,0.0,2,2,B_pure_quant_vr1.5,True
2922,002922.SZ,伊戈尔,电气设备,20241224,17.01,45.22612882207416,45.22612882207416,0.0,1.68,4.2081,1789.28,5.918141592920336,weak_momentum,BULL_TREND,37.42306165020178,100.0,17.8928,65.0,84.33532605251483,33.33333333333333,0.0,45.5,0.0,3,3,B_pure_quant_vr1.5,True
2249,002249.SZ,大洋电机,电气设备,20241224,5.76,69.50438982722471,63.238963709149495,6.265426118075226,3.24,4.2815,7374.63,4.000000000000004,weak_momentum,BULL_TREND,84.79969065549501,100.0,73.7463,65.0,62.65426118075226,53.333333333333336,0.0,66.19913511363828,0.0,1,1,A_recovered_proxy_vr1.2,True
600418,600418.SH,江淮汽车,汽车整车,20241224,38.66,64.01191863526282,56.03932864767489,7.97258998758792,1.34,4.1972,48299.06,4.140838085792218,weak_momentum,BULL_TREND,21.11165003415239,100.0,100.0,80.0,79.7258998758792,30.0,0.0,36.09130774113437,0.0,2,2,A_recovered_proxy_vr1.2,True
600446,600446.SH,金证股份,软件服务,20241224,18.0,60.846898659742266,54.51213872859661,6.334759931145658,1.29,3.3104,12893.53,6.2499999999999964,weak_momentum,BULL_TREND,18.368553282426472,100.0,100.0,80.0,63.34759931145658,33.33333333333333,0.0,43.92032781898325,0.0,3,3,A_recovered_proxy_vr1.2,True
2249,002249.SZ,大洋电机,电气设备,20241224,5.76,63.238963709149495,63.238963709149495,0.0,3.24,4.2815,7374.63,4.000000000000004,weak_momentum,BULL_TREND,84.79969065549501,100.0,73.7463,65.0,62.65426118075226,53.333333333333336,0.0,66.19913511363828,0.0,1,1,D_pure_quant_vr1.2,True
600418,600418.SH,江淮汽车,汽车整车,20241224,38.66,56.03932864767489,56.03932864767489,0.0,1.34,4.1972,48299.06,4.140838085792218,weak_momentum,BULL_TREND,21.11165003415239,100.0,100.0,80.0,79.7258998758792,30.0,0.0,36.09130774113437,0.0,2,2,D_pure_quant_vr1.2,True
600446,600446.SH,金证股份,软件服务,20241224,18.0,54.51213872859661,54.51213872859661,0.0,1.29,3.3104,12893.53,6.2499999999999964,weak_momentum,BULL_TREND,18.368553282426472,100.0,100.0,80.0,63.34759931145658,33.33333333333333,0.0,43.92032781898325,0.0,3,3,D_pure_quant_vr1.2,True
2249,002249.SZ,大洋电机,电气设备,20241224,5.76,53.840824532036656,53.840824532036656,0.0,3.24,4.2815,7374.63,4.000000000000004,weak_momentum,BULL_TREND,84.79969065549501,100.0,73.7463,65.0,62.65426118075226,53.333333333333336,0.0,66.19913511363828,0.0,1,1,E_ablate_sector_vr1.2,True
600446,600446.SH,金证股份,软件服务,20241224,18.0,45.00999883187813,45.00999883187813,0.0,1.29,3.3104,12893.53,6.2499999999999964,weak_momentum,BULL_TREND,18.368553282426472,100.0,100.0,80.0,63.34759931145658,33.33333333333333,0.0,43.92032781898325,0.0,2,2,E_ablate_sector_vr1.2,True
2249,002249.SZ,大洋电机,电气设备,20241224,5.76,49.268562574255945,49.268562574255945,0.0,3.24,4.2815,7374.63,4.000000000000004,weak_momentum,BULL_TREND,84.79969065549501,100.0,73.7463,65.0,58.01381361479525,53.333333333333336,0.0,66.19913511363828,0.0,1,1,E_ablate_inflow_vr1.2,True
2249,002249.SZ,大洋电机,电气设备,20241224,5.76,53.30909344210376,53.30909344210376,0.0,3.24,4.2815,7374.63,4.000000000000004,weak_momentum,BULL_TREND,84.79969065549501,100.0,73.7463,65.0,62.65426118075226,53.333333333333336,0.0,66.19913511363828,0.0,1,1,E_ablate_wyckoff_vr1.2,True
600418,600418.SH,江淮汽车,汽车整车,20241224,38.66,50.625632486504735,50.625632486504735,0.0,1.34,4.1972,48299.06,4.140838085792218,weak_momentum,BULL_TREND,21.11165003415239,100.0,100.0,80.0,79.7258998758792,30.0,0.0,36.09130774113437,0.0,2,2,E_ablate_wyckoff_vr1.2,True
600446,600446.SH,金证股份,软件服务,20241224,18.0,47.92408955574913,47.92408955574913,0.0,1.29,3.3104,12893.53,6.2499999999999964,weak_momentum,BULL_TREND,18.368553282426472,100.0,100.0,80.0,63.34759931145658,33.33333333333333,0.0,43.92032781898325,0.0,3,3,E_ablate_wyckoff_vr1.2,True
2249,002249.SZ,大洋电机,电气设备,20241224,5.76,63.238963709149495,63.238963709149495,0.0,3.24,4.2815,7374.63,4.000000000000004,weak_momentum,BULL_TREND,84.79969065549501,100.0,73.7463,65.0,62.65426118075226,53.333333333333336,0.0,66.19913511363828,0.0,1,1,E_ablate_accel_vr1.2,True
600418,600418.SH,江淮汽车,汽车整车,20241224,38.66,56.03932864767489,56.03932864767489,0.0,1.34,4.1972,48299.06,4.140838085792218,weak_momentum,BULL_TREND,21.11165003415239,100.0,100.0,80.0,79.7258998758792,30.0,0.0,36.09130774113437,0.0,2,2,E_ablate_accel_vr1.2,True
600446,600446.SH,金证股份,软件服务,20241224,18.0,54.51213872859661,54.51213872859661,0.0,1.29,3.3104,12893.53,6.2499999999999964,weak_momentum,BULL_TREND,18.368553282426472,100.0,100.0,80.0,63.34759931145658,33.33333333333333,0.0,43.92032781898325,0.0,3,3,E_ablate_accel_vr1.2,True
601059,601059.SH,信达证券,证券,20241225,15.72,68.51771435310435,68.51771435310435,0.0,4.08,9.6183,19850.33,5.755395683453232,sideways,BULL_PULLBACK,100.0,62.58992805755386,100.0,60.0,58.07036328552724,43.333333333333336,0.0,73.08924184122299,0.0,1,1,A_recovered_proxy_vr1.5,True
301091,301091.SZ,深城交,建筑工程,20241225,50.53,68.39100057864728,68.39100057864728,0.0,2.4,6.1339,10491.04,12.879310344827584,sideways,BULL_PULLBACK,63.151720291689685,100.0,100.0,100.0,49.48323470596233,63.33333333333333,0.0,65.07058534928773,0.0,2,2,A_recovered_proxy_vr1.5,True
601059,601059.SH,信达证券,证券,20241225,15.72,68.51771435310435,68.51771435310435,0.0,4.08,9.6183,19850.33,5.755395683453232,sideways,BULL_PULLBACK,100.0,62.58992805755386,100.0,60.0,58.07036328552724,43.333333333333336,0.0,73.08924184122299,0.0,1,1,B_pure_quant_vr1.5,True
301091,301091.SZ,深城交,建筑工程,20241225,50.53,68.39100057864728,68.39100057864728,0.0,2.4,6.1339,10491.04,12.879310344827584,sideways,BULL_PULLBACK,63.151720291689685,100.0,100.0,100.0,49.48323470596233,63.33333333333333,0.0,65.07058534928773,0.0,2,2,B_pure_quant_vr1.5,True
301091,301091.SZ,深城交,建筑工程,20241225,50.53,67.80002399644977,67.80002399644977,0.0,2.4,6.1339,10491.04,12.879310344827584,sideways,BULL_PULLBACK,63.151720291689685,100.0,100.0,100.0,45.54339082464563,63.33333333333333,0.0,65.07058534928773,0.0,1,1,A_recovered_proxy_vr1.2,True
601059,601059.SH,信达证券,证券,20241225,15.72,66.9189903964864,66.9189903964864,0.0,4.08,9.6183,19850.33,5.755395683453232,sideways,BULL_PULLBACK,100.0,62.58992805755386,100.0,60.0,47.412203574740765,43.333333333333336,0.0,73.08924184122299,0.0,2,2,A_recovered_proxy_vr1.2,True
301091,301091.SZ,深城交,建筑工程,20241225,50.53,67.80002399644977,67.80002399644977,0.0,2.4,6.1339,10491.04,12.879310344827584,sideways,BULL_PULLBACK,63.151720291689685,100.0,100.0,100.0,45.54339082464563,63.33333333333333,0.0,65.07058534928773,0.0,1,1,D_pure_quant_vr1.2,True
601059,601059.SH,信达证券,证券,20241225,15.72,66.9189903964864,66.9189903964864,0.0,4.08,9.6183,19850.33,5.755395683453232,sideways,BULL_PULLBACK,100.0,62.58992805755386,100.0,60.0,47.412203574740765,43.333333333333336,0.0,73.08924184122299,0.0,2,2,D_pure_quant_vr1.2,True
301091,301091.SZ,深城交,建筑工程,20241225,50.53,60.968515372752925,60.968515372752925,0.0,2.4,6.1339,10491.04,12.879310344827584,sideways,BULL_PULLBACK,63.151720291689685,100.0,100.0,100.0,45.54339082464563,63.33333333333333,0.0,65.07058534928773,0.0,1,1,E_ablate_sector_vr1.2,True
2132,002132.SZ,恒星科技,钢加工,20241225,2.95,62.95457678345022,62.95457678345022,0.0,4.07,7.0,-4537.14,10.606060606060597,sideways,BULL_PULLBACK,100.0,100.0,0.0,100.0,47.3791855947707,43.333333333333336,0.0,58.17526897973289,0.0,1,1,E_ablate_inflow_vr1.2,True
301091,301091.SZ,深城交,建筑工程,20241225,50.53,67.80002399644977,67.80002399644977,0.0,2.4,6.1339,10491.04,12.879310344827584,sideways,BULL_PULLBACK,63.151720291689685,100.0,100.0,100.0,45.54339082464563,63.33333333333333,0.0,65.07058534928773,0.0,1,1,E_ablate_accel_vr1.2,True
601059,601059.SH,信达证券,证券,20241225,15.72,66.9189903964864,66.9189903964864,0.0,4.08,9.6183,19850.33,5.755395683453232,sideways,BULL_PULLBACK,100.0,62.58992805755386,100.0,60.0,47.412203574740765,43.333333333333336,0.0,73.08924184122299,0.0,2,2,E_ablate_accel_vr1.2,True
600733,600733.SH,北汽蓝谷,汽车整车,20241226,8.47,77.82002892214184,68.59396823089052,9.22606069125132,1.88,4.9501,41369.28,9.605122732123784,sideways,BULL_PULLBACK,45.53663309514563,100.0,100.0,80.0,92.2606069125132,66.66666666666666,0.0,51.69570483123482,0.0,1,1,A_recovered_proxy_vr1.5,True
603283,603283.SH,赛腾股份,专用机械,20241226,74.03,65.10002550134271,65.10002550134271,0.0,1.72,5.289,21836.5,9.365817825661123,sideways,BULL_PULLBACK,39.12042824636866,100.0,100.0,100.0,71.55905798603553,33.33333333333333,0.0,59.10838268808014,0.0,2,2,A_recovered_proxy_vr1.5,True
600733,600733.SH,北汽蓝谷,汽车整车,20241226,8.47,68.59396823089052,68.59396823089052,0.0,1.88,4.9501,41369.28,9.605122732123784,sideways,BULL_PULLBACK,45.53663309514563,100.0,100.0,80.0,92.2606069125132,66.66666666666666,0.0,51.69570483123482,0.0,1,1,B_pure_quant_vr1.5,True
603283,603283.SH,赛腾股份,专用机械,20241226,74.03,65.10002550134271,65.10002550134271,0.0,1.72,5.289,21836.5,9.365817825661123,sideways,BULL_PULLBACK,39.12042824636866,100.0,100.0,100.0,71.55905798603553,33.33333333333333,0.0,59.10838268808014,0.0,2,2,B_pure_quant_vr1.5,True
2456,002456.SZ,欧菲光,元器件,20241226,12.73,65.63246527790196,57.47170838545063,8.16075689245133,1.31,5.08,44942.98,13.283378746594002,sideways,BULL_PULLBACK,19.47834058813628,100.0,100.0,65.0,81.60756892451329,33.33333333333333,0.0,30.655595422641568,0.0,1,1,A_recovered_proxy_vr1.2,True
2156,002156.SZ,通富微电,半导体,20241226,30.9,65.3104264516126,56.55337909098712,8.757047360625482,1.48,7.9565,76469.76,5.504587155963316,sideways,BULL_PULLBACK,28.279858792711256,58.40978593272193,100.0,80.0,87.57047360625481,33.33333333333333,0.0,70.66182953155771,0.0,2,2,A_recovered_proxy_vr1.2,True
600733,600733.SH,北汽蓝谷,汽车整车,20241226,8.47,64.33717235374318,64.33717235374318,0.0,1.88,4.9501,41369.28,9.605122732123784,sideways,BULL_PULLBACK,45.53663309514563,100.0,100.0,80.0,63.88196773153089,66.66666666666666,0.0,51.69570483123482,0.0,1,1,D_pure_quant_vr1.2,True
603283,603283.SH,赛腾股份,专用机械,20241226,74.03,62.23032665424909,62.23032665424909,0.0,1.72,5.289,21836.5,9.365817825661123,sideways,BULL_PULLBACK,39.12042824636866,100.0,100.0,65.0,61.761065672078,33.33333333333333,0.0,59.10838268808014,0.0,2,2,D_pure_quant_vr1.2,True
600733,600733.SH,北汽蓝谷,汽车整车,20241226,8.47,64.33717235374318,64.33717235374318,0.0,1.88,4.9501,41369.28,9.605122732123784,sideways,BULL_PULLBACK,45.53663309514563,100.0,100.0,80.0,63.88196773153089,66.66666666666666,0.0,51.69570483123482,0.0,1,1,E_ablate_accel_vr1.2,True
603283,603283.SH,赛腾股份,专用机械,20241226,74.03,62.23032665424909,62.23032665424909,0.0,1.72,5.289,21836.5,9.365817825661123,sideways,BULL_PULLBACK,39.12042824636866,100.0,100.0,65.0,61.761065672078,33.33333333333333,0.0,59.10838268808014,0.0,2,2,E_ablate_accel_vr1.2,True
988,000988.SZ,华工科技,专用机械,20241230,44.7,65.63770556461846,56.59725971117663,9.040445853441836,1.44,8.2064,41582.54,3.5182387222102216,weak_momentum,BULL_PULLBACK,26.303440583379377,100.0,100.0,60.0,90.40445853441835,0.0,0.0,40.60716562337977,0.0,1,1,A_recovered_proxy_vr1.2,True
2832,002832.SZ,比音勒芬,服饰,20241231,21.41,82.37789906045671,72.425511736356,9.952387324100712,2.85,8.428,12846.47,6.424825174825171,sideways,BULL_TREND,75.54809596386896,73.74708624708617,100.0,60.0,99.52387324100712,53.333333333333336,100.0,51.544366642734445,0.0,1,1,A_recovered_proxy_vr1.5,True
603318,603318.SH,水发燃气,供气供热,20241231,7.2,63.376601283165456,57.53247193187617,5.844129351289293,2.61,7.9894,350.85,13.772455089820356,sideways,BULL_TREND,69.20249033975799,100.0,3.5085,100.0,58.441293512892926,53.333333333333336,100.0,25.45036136274004,0.0,2,2,A_recovered_proxy_vr1.5,True
603393,603393.SH,新天然气,供气供热,20241231,30.27,62.97539602283992,57.13126667155063,5.844129351289293,2.51,3.4234,6974.61,5.198872533667398,sideways,BULL_TREND,66.38436820880236,53.31454222778997,69.7461,80.0,58.441293512892926,10.0,91.264,62.69883623805316,0.0,3,3,A_recovered_proxy_vr1.5,True
2832,002832.SZ,比音勒芬,服饰,20241231,21.41,72.425511736356,72.425511736356,0.0,2.85,8.428,12846.47,6.424825174825171,sideways,BULL_TREND,75.54809596386896,73.74708624708617,100.0,60.0,99.52387324100712,53.333333333333336,100.0,51.544366642734445,0.0,1,1,B_pure_quant_vr1.5,True
603318,603318.SH,水发燃气,供气供热,20241231,7.2,57.53247193187617,57.53247193187617,0.0,2.61,7.9894,350.85,13.772455089820356,sideways,BULL_TREND,69.20249033975799,100.0,3.5085,100.0,58.441293512892926,53.333333333333336,100.0,25.45036136274004,0.0,2,2,B_pure_quant_vr1.5,True
603393,603393.SH,新天然气,供气供热,20241231,30.27,57.13126667155063,57.13126667155063,0.0,2.51,3.4234,6974.61,5.198872533667398,sideways,BULL_TREND,66.38436820880236,53.31454222778997,69.7461,80.0,58.441293512892926,10.0,91.264,62.69883623805316,0.0,3,3,B_pure_quant_vr1.5,True
2832,002832.SZ,比音勒芬,服饰,20241231,21.41,82.37789906045671,72.425511736356,9.952387324100712,2.85,8.428,12846.47,6.424825174825171,sideways,BULL_TREND,75.54809596386896,73.74708624708617,100.0,60.0,99.52387324100712,53.333333333333336,100.0,51.544366642734445,0.0,1,1,A_recovered_proxy_vr1.2,True
603318,603318.SH,水发燃气,供气供热,20241231,7.2,63.376601283165456,57.53247193187617,5.844129351289293,2.61,7.9894,350.85,13.772455089820356,sideways,BULL_TREND,69.20249033975799,100.0,3.5085,100.0,58.441293512892926,53.333333333333336,100.0,25.45036136274004,0.0,2,2,A_recovered_proxy_vr1.2,True
603393,603393.SH,新天然气,供气供热,20241231,30.27,62.97539602283992,57.13126667155063,5.844129351289293,2.51,3.4234,6974.61,5.198872533667398,sideways,BULL_TREND,66.38436820880236,53.31454222778997,69.7461,80.0,58.441293512892926,10.0,91.264,62.69883623805316,0.0,3,3,A_recovered_proxy_vr1.2,True
2832,002832.SZ,比音勒芬,服饰,20241231,21.41,72.425511736356,72.425511736356,0.0,2.85,8.428,12846.47,6.424825174825171,sideways,BULL_TREND,75.54809596386896,73.74708624708617,100.0,60.0,99.52387324100712,53.333333333333336,100.0,51.544366642734445,0.0,1,1,D_pure_quant_vr1.2,True
603318,603318.SH,水发燃气,供气供热,20241231,7.2,57.53247193187617,57.53247193187617,0.0,2.61,7.9894,350.85,13.772455089820356,sideways,BULL_TREND,69.20249033975799,100.0,3.5085,100.0,58.441293512892926,53.333333333333336,100.0,25.45036136274004,0.0,2,2,D_pure_quant_vr1.2,True
603393,603393.SH,新天然气,供气供热,20241231,30.27,57.13126667155063,57.13126667155063,0.0,2.51,3.4234,6974.61,5.198872533667398,sideways,BULL_TREND,66.38436820880236,53.31454222778997,69.7461,80.0,58.441293512892926,10.0,91.264,62.69883623805316,0.0,3,3,D_pure_quant_vr1.2,True
2832,002832.SZ,比音勒芬,服饰,20241231,21.41,57.496930750204925,57.496930750204925,0.0,2.85,8.428,12846.47,6.424825174825171,sideways,BULL_TREND,75.54809596386896,73.74708624708617,100.0,60.0,99.52387324100712,53.333333333333336,100.0,51.544366642734445,0.0,1,1,E_ablate_sector_vr1.2,True
603318,603318.SH,水发燃气,供气供热,20241231,7.2,48.76627790494223,48.76627790494223,0.0,2.61,7.9894,350.85,13.772455089820356,sideways,BULL_TREND,69.20249033975799,100.0,3.5085,100.0,58.441293512892926,53.333333333333336,100.0,25.45036136274004,0.0,2,2,E_ablate_sector_vr1.2,True
603393,603393.SH,新天然气,供气供热,20241231,30.27,48.36507264461669,48.36507264461669,0.0,2.51,3.4234,6974.61,5.198872533667398,sideways,BULL_TREND,66.38436820880236,53.31454222778997,69.7461,80.0,58.441293512892926,10.0,91.264,62.69883623805316,0.0,3,3,E_ablate_sector_vr1.2,True
2832,002832.SZ,比音勒芬,服饰,20241231,21.41,60.496930750204925,60.496930750204925,0.0,2.85,8.428,12846.47,6.424825174825171,sideways,BULL_TREND,75.54809596386896,73.74708624708617,100.0,60.0,100.0,53.333333333333336,100.0,51.544366642734445,0.0,1,1,E_ablate_inflow_vr1.2,True
603318,603318.SH,水发燃气,供气供热,20241231,7.2,57.1726406632442,57.1726406632442,0.0,2.61,7.9894,350.85,13.772455089820356,sideways,BULL_TREND,69.20249033975799,100.0,3.5085,100.0,58.84921838867978,53.333333333333336,100.0,25.45036136274004,0.0,2,2,E_ablate_inflow_vr1.2,True
811,000811.SZ,冰轮环境,工程机械,20241231,12.26,49.94904008596532,49.94904008596532,0.0,1.82,6.9692,5157.31,11.352133044107015,sideways,BULL_TREND,43.19692252119858,100.0,51.5731,100.0,58.57097296209756,66.66666666666666,100.0,11.05614878044721,0.0,3,3,E_ablate_inflow_vr1.2,True
2832,002832.SZ,比音勒芬,服饰,20241231,21.41,66.24018773922786,66.24018773922786,0.0,2.85,8.428,12846.47,6.424825174825171,sideways,BULL_TREND,75.54809596386896,73.74708624708617,100.0,60.0,99.52387324100712,53.333333333333336,100.0,51.544366642734445,0.0,1,1,E_ablate_wyckoff_vr1.2,True
811,000811.SZ,冰轮环境,工程机械,20241231,12.26,54.75779218106916,54.75779218106916,0.0,1.82,6.9692,5157.31,11.352133044107015,sideways,BULL_TREND,43.19692252119858,100.0,51.5731,100.0,58.21575928714756,66.66666666666666,100.0,11.05614878044721,0.0,2,2,E_ablate_wyckoff_vr1.2,True
603318,603318.SH,水发燃气,供气供热,20241231,7.2,54.47842856834736,54.47842856834736,0.0,2.61,7.9894,350.85,13.772455089820356,sideways,BULL_TREND,69.20249033975799,100.0,3.5085,100.0,58.441293512892926,53.333333333333336,100.0,25.45036136274004,0.0,3,3,E_ablate_wyckoff_vr1.2,True
2832,002832.SZ,比音勒芬,服饰,20241231,21.41,72.425511736356,72.425511736356,0.0,2.85,8.428,12846.47,6.424825174825171,sideways,BULL_TREND,75.54809596386896,73.74708624708617,100.0,60.0,99.52387324100712,53.333333333333336,100.0,51.544366642734445,0.0,1,1,E_ablate_accel_vr1.2,True
603318,603318.SH,水发燃气,供气供热,20241231,7.2,57.53247193187617,57.53247193187617,0.0,2.61,7.9894,350.85,13.772455089820356,sideways,BULL_TREND,69.20249033975799,100.0,3.5085,100.0,58.441293512892926,53.333333333333336,100.0,25.45036136274004,0.0,2,2,E_ablate_accel_vr1.2,True
603393,603393.SH,新天然气,供气供热,20241231,30.27,57.13126667155063,57.13126667155063,0.0,2.51,3.4234,6974.61,5.198872533667398,sideways,BULL_TREND,66.38436820880236,53.31454222778997,69.7461,80.0,58.441293512892926,10.0,91.264,62.69883623805316,0.0,3,3,E_ablate_accel_vr1.2,True
