code,ts_code,name,industry,select_date,close,score,score_base,news_proxy_boost,volume_ratio,turnover,main_net_inflow,drawdown_from_high,market_style,regime,factor_volume_ratio,factor_drawdown,factor_inflow,factor_turnover,factor_sector,factor_pattern,factor_counter_trend,factor_wyckoff,factor_accel,pre_threshold_rank,candidate_rank,variant,selected
600988,600988.SH,赤峰黄金,黄金,20250102,16.24,81.33768219493183,73.28947705609191,8.048205138839924,2.58,4.0708,25985.26,7.093821510297495,bear,BEAR_BOUNCE,68.36855328242648,84.89702517162492,100.0,80.0,80.48205138839924,63.33333333333333,100.0,66.93396184395039,0.0,1,1,A_recovered_proxy_vr1.5,True
600988,600988.SH,赤峰黄金,黄金,20250102,16.24,77.9210993945497,71.23952737586262,6.681572018687072,2.58,4.0708,25985.26,7.093821510297495,bear,BEAR_BOUNCE,68.36855328242648,84.89702517162492,100.0,80.0,66.81572018687072,63.33333333333333,100.0,66.93396184395039,0.0,1,1,A_recovered_proxy_vr1.2,True
2129,002129.SZ,TCL中环,电气设备,20250226,9.45,62.95671003061841,54.35351813195561,8.603191898662798,2.01,3.0147,13752.06,0.5263157894736916,weak_momentum,BULL_TREND,50.35977507021019,7.017543859649221,100.0,40.0,86.03191898662797,63.33333333333333,0.0,65.90661395736876,0.0,1,1,A_recovered_proxy_vr1.5,True
2745,002745.SZ,木林森,元器件,20250226,9.35,55.99502280390375,55.99502280390375,0.0,2.76,9.3605,6360.28,3.3092037228541917,weak_momentum,BULL_TREND,73.23341335017221,100.0,63.6028,65.0,57.00460151203981,0.0,0.0,65.07211049714635,0.0,2,2,A_recovered_proxy_vr1.5,True
601929,601929.SH,吉视传媒,影视音像,20250226,2.17,52.40177973308451,46.56570592711328,5.836073805971235,1.56,8.468,10788.7,7.659574468085113,weak_momentum,BULL_TREND,32.07730145437618,100.0,100.0,60.0,58.360738059712354,0.0,0.0,0.0,0.0,3,3,A_recovered_proxy_vr1.5,True
2745,002745.SZ,木林森,元器件,20250226,9.35,55.99502280390375,55.99502280390375,0.0,2.76,9.3605,6360.28,3.3092037228541917,weak_momentum,BULL_TREND,73.23341335017221,100.0,63.6028,65.0,57.00460151203981,0.0,0.0,65.07211049714635,0.0,1,1,B_pure_quant_vr1.5,True
2129,002129.SZ,TCL中环,电气设备,20250226,9.45,54.35351813195561,54.35351813195561,0.0,2.01,3.0147,13752.06,0.5263157894736916,weak_momentum,BULL_TREND,50.35977507021019,7.017543859649221,100.0,40.0,86.03191898662797,63.33333333333333,0.0,65.90661395736876,0.0,2,2,B_pure_quant_vr1.5,True
2043,002043.SZ,兔宝宝,其他建材,20250226,10.73,51.01185823623269,51.01185823623269,0.0,2.98,3.5874,3430.8,4.2818911685994685,weak_momentum,BULL_TREND,78.76561653437184,100.0,34.308,80.0,31.28120495013476,33.33333333333333,0.0,71.08485564593357,0.0,3,3,B_pure_quant_vr1.5,True
2050,002050.SZ,三花智控,家用电器,20250226,34.72,60.99137971373592,60.99137971373592,0.0,1.24,5.472,61578.13,6.060606060606066,weak_momentum,BULL_TREND,15.517006030607524,100.0,100.0,100.0,54.03784012108023,0.0,0.0,37.05435193988501,100.0,1,1,A_recovered_proxy_vr1.2,True
2129,002129.SZ,TCL中环,电气设备,20250226,9.45,59.93446840443682,52.54017315624666,7.394295248190161,2.01,3.0147,13752.06,0.5263157894736916,weak_momentum,BULL_TREND,50.35977507021019,7.017543859649221,100.0,40.0,73.94295248190161,63.33333333333333,0.0,65.90661395736876,0.0,2,2,A_recovered_proxy_vr1.2,True
601099,601099.SH,太平洋,证券,20250226,4.17,59.35030935808653,53.69646609636264,5.653843261723886,1.4,3.9419,35238.17,3.0232558139534857,weak_momentum,BULL_TREND,24.27134135851208,100.0,100.0,65.0,56.53843261723886,30.0,0.0,45.5,0.0,3,3,A_recovered_proxy_vr1.2,True
2050,002050.SZ,三花智控,家用电器,20250226,34.72,60.99137971373592,60.99137971373592,0.0,1.24,5.472,61578.13,6.060606060606066,weak_momentum,BULL_TREND,15.517006030607524,100.0,100.0,100.0,54.03784012108023,0.0,0.0,37.05435193988501,100.0,1,1,D_pure_quant_vr1.2,True
2745,002745.SZ,木林森,元器件,20250226,9.35,54.41338022096454,54.41338022096454,0.0,2.76,9.3605,6360.28,3.3092037228541917,weak_momentum,BULL_TREND,73.23341335017221,100.0,63.6028,65.0,46.4603176257784,0.0,0.0,65.07211049714635,0.0,2,2,D_pure_quant_vr1.2,True
601099,601099.SH,太平洋,证券,20250226,4.17,53.69646609636264,53.69646609636264,0.0,1.4,3.9419,35238.17,3.0232558139534857,weak_momentum,BULL_TREND,24.27134135851208,100.0,100.0,65.0,56.53843261723886,30.0,0.0,45.5,0.0,3,3,D_pure_quant_vr1.2,True
2050,002050.SZ,三花智控,家用电器,20250226,34.72,52.88570369557388,52.88570369557388,0.0,1.24,5.472,61578.13,6.060606060606066,weak_momentum,BULL_TREND,15.517006030607524,100.0,100.0,100.0,54.03784012108023,0.0,0.0,37.05435193988501,100.0,1,1,E_ablate_sector_vr1.2,True
2745,002745.SZ,木林森,元器件,20250226,9.35,47.44433257709778,47.44433257709778,0.0,2.76,9.3605,6360.28,3.3092037228541917,weak_momentum,BULL_TREND,73.23341335017221,100.0,63.6028,65.0,46.4603176257784,0.0,0.0,65.07211049714635,0.0,2,2,E_ablate_sector_vr1.2,True
2043,002043.SZ,兔宝宝,其他建材,20250226,10.73,46.31967749371248,46.31967749371248,0.0,2.98,3.5874,3430.8,4.2818911685994685,weak_momentum,BULL_TREND,78.76561653437184,100.0,34.308,80.0,29.74426643627445,33.33333333333333,0.0,71.08485564593357,0.0,3,3,E_ablate_sector_vr1.2,True
600810,600810.SH,神马股份,化纤,20250226,8.57,49.31967877723388,49.31967877723388,0.0,4.35,5.2153,-2097.47,4.777777777777774,weak_momentum,BULL_TREND,100.0,100.0,0.0,100.0,31.99402645427393,0.0,0.0,83.4704987272853,0.0,1,1,E_ablate_inflow_vr1.2,True
600963,600963.SH,岳阳林纸,造纸,20250226,4.92,46.84867364706142,46.84867364706142,0.0,3.01,3.5202,2073.28,4.093567251461987,weak_momentum,BULL_TREND,79.48817434924887,100.0,20.7328,80.0,48.47487205752937,20.0,0.0,71.02811124029789,0.0,2,2,E_ablate_inflow_vr1.2,True
601500,601500.SH,通用股份,汽车配件,20250226,5.57,45.08541011312536,45.08541011312536,0.0,2.57,5.8723,-1457.6,4.459691252144079,weak_momentum,BULL_TREND,68.08841797095766,100.0,0.0,65.0,35.87858980085138,53.333333333333336,0.0,77.15794853791556,0.0,3,3,E_ablate_inflow_vr1.2,True
2050,002050.SZ,三花智控,家用电器,20250226,34.72,55.43322692275317,55.43322692275317,0.0,1.24,5.472,61578.13,6.060606060606066,weak_momentum,BULL_TREND,15.517006030607524,100.0,100.0,100.0,54.03784012108023,0.0,0.0,37.05435193988501,100.0,1,1,E_ablate_wyckoff_vr1.2,True
601099,601099.SH,太平洋,证券,20250226,4.17,46.87146609636264,46.87146609636264,0.0,1.4,3.9419,35238.17,3.0232558139534857,weak_momentum,BULL_TREND,24.27134135851208,100.0,100.0,65.0,56.53843261723886,30.0,0.0,45.5,0.0,2,2,E_ablate_wyckoff_vr1.2,True
601929,601929.SH,吉视传媒,影视音像,20250226,2.17,45.60513952885822,45.60513952885822,0.0,1.56,8.468,10788.7,7.659574468085113,weak_momentum,BULL_TREND,32.07730145437618,100.0,100.0,60.0,51.95696207134526,0.0,0.0,0.0,0.0,3,3,E_ablate_wyckoff_vr1.2,True
2745,002745.SZ,木林森,元器件,20250226,9.35,54.41338022096454,54.41338022096454,0.0,2.76,9.3605,6360.28,3.3092037228541917,weak_momentum,BULL_TREND,73.23341335017221,100.0,63.6028,65.0,46.4603176257784,0.0,0.0,65.07211049714635,0.0,1,1,E_ablate_accel_vr1.2,True
601099,601099.SH,太平洋,证券,20250226,4.17,53.69646609636264,53.69646609636264,0.0,1.4,3.9419,35238.17,3.0232558139534857,weak_momentum,BULL_TREND,24.27134135851208,100.0,100.0,65.0,56.53843261723886,30.0,0.0,45.5,0.0,2,2,E_ablate_accel_vr1.2,True
2129,002129.SZ,TCL中环,电气设备,20250226,9.45,52.54017315624666,52.54017315624666,0.0,2.01,3.0147,13752.06,0.5263157894736916,weak_momentum,BULL_TREND,50.35977507021019,7.017543859649221,100.0,40.0,73.94295248190161,63.33333333333333,0.0,65.90661395736876,0.0,3,3,E_ablate_accel_vr1.2,True
600824,600824.SH,益民集团,百货,20250227,4.68,67.1996472508778,60.74242060594016,6.45722664493765,2.42,10.4976,8303.47,8.235294117647058,weak_momentum,BULL_TREND,63.75035237499349,100.0,83.03469999999999,80.0,64.5722664493765,63.33333333333333,0.0,49.20743410411994,0.0,1,1,A_recovered_proxy_vr1.5,True
2697,002697.SZ,红旗连锁,超市连锁,20250227,5.3,66.9530795424758,58.90409459146076,8.048984951015049,2.16,6.0185,5995.17,3.985507246376807,weak_momentum,BULL_TREND,55.55156561943719,100.0,59.9517,100.0,80.48984951015049,30.0,0.0,61.37717548015071,0.0,2,2,A_recovered_proxy_vr1.5,True
2460,002460.SZ,赣锋锂业,小金属,20250227,36.89,65.89379699131524,58.31276663208761,7.581030359227636,1.97,4.6957,15975.01,1.3636363636363584,weak_momentum,BULL_TREND,48.90978148408258,50.90909090909075,100.0,65.0,75.81030359227636,53.333333333333336,0.0,63.859975299174735,0.0,3,3,A_recovered_proxy_vr1.5,True
600824,600824.SH,益民集团,百货,20250227,4.68,60.74242060594016,60.74242060594016,0.0,2.42,10.4976,8303.47,8.235294117647058,weak_momentum,BULL_TREND,63.75035237499349,100.0,83.03469999999999,80.0,64.5722664493765,63.33333333333333,0.0,49.20743410411994,0.0,1,1,B_pure_quant_vr1.5,True
2697,002697.SZ,红旗连锁,超市连锁,20250227,5.3,58.90409459146076,58.90409459146076,0.0,2.16,6.0185,5995.17,3.985507246376807,weak_momentum,BULL_TREND,55.55156561943719,100.0,59.9517,100.0,80.48984951015049,30.0,0.0,61.37717548015071,0.0,2,2,B_pure_quant_vr1.5,True
2460,002460.SZ,赣锋锂业,小金属,20250227,36.89,58.31276663208761,58.31276663208761,0.0,1.97,4.6957,15975.01,1.3636363636363584,weak_momentum,BULL_TREND,48.90978148408258,50.90909090909075,100.0,65.0,75.81030359227636,53.333333333333336,0.0,63.859975299174735,0.0,3,3,B_pure_quant_vr1.5,True
600824,600824.SH,益民集团,百货,20250227,4.68,68.19224777821512,61.33798092234255,6.854266855872577,2.42,10.4976,8303.47,8.235294117647058,weak_momentum,BULL_TREND,63.75035237499349,100.0,83.03469999999999,80.0,68.54266855872577,63.33333333333333,0.0,49.20743410411994,0.0,1,1,A_recovered_proxy_vr1.2,True
2697,002697.SZ,红旗连锁,超市连锁,20250227,5.3,66.83170291385244,58.13126861428673,8.7004342995657,2.16,6.0185,5995.17,3.985507246376807,weak_momentum,BULL_TREND,55.55156561943719,100.0,59.9517,65.0,87.004342995657,30.0,0.0,61.37717548015071,0.0,2,2,A_recovered_proxy_vr1.2,True
2460,002460.SZ,赣锋锂业,小金属,20250227,36.89,65.82269619337244,58.270106153321926,7.552590040050514,1.97,4.6957,15975.01,1.3636363636363584,weak_momentum,BULL_TREND,48.90978148408258,50.90909090909075,100.0,65.0,75.52590040050514,53.333333333333336,0.0,63.859975299174735,0.0,3,3,A_recovered_proxy_vr1.2,True
600824,600824.SH,益民集团,百货,20250227,4.68,61.33798092234255,61.33798092234255,0.0,2.42,10.4976,8303.47,8.235294117647058,weak_momentum,BULL_TREND,63.75035237499349,100.0,83.03469999999999,80.0,68.54266855872577,63.33333333333333,0.0,49.20743410411994,0.0,1,1,D_pure_quant_vr1.2,True
2460,002460.SZ,赣锋锂业,小金属,20250227,36.89,58.270106153321926,58.270106153321926,0.0,1.97,4.6957,15975.01,1.3636363636363584,weak_momentum,BULL_TREND,48.90978148408258,50.90909090909075,100.0,65.0,75.52590040050514,53.333333333333336,0.0,63.859975299174735,0.0,2,2,D_pure_quant_vr1.2,True
2697,002697.SZ,红旗连锁,超市连锁,20250227,5.3,58.13126861428673,58.13126861428673,0.0,2.16,6.0185,5995.17,3.985507246376807,weak_momentum,BULL_TREND,55.55156561943719,100.0,59.9517,65.0,87.004342995657,30.0,0.0,61.37717548015071,0.0,3,3,D_pure_quant_vr1.2,True
600824,600824.SH,益民集团,百货,20250227,4.68,51.05658063853368,51.05658063853368,0.0,2.42,10.4976,8303.47,8.235294117647058,weak_momentum,BULL_TREND,63.75035237499349,100.0,83.03469999999999,80.0,68.54266855872577,63.33333333333333,0.0,49.20743410411994,0.0,1,1,E_ablate_sector_vr1.2,True
2249,002249.SZ,大洋电机,电气设备,20250227,6.78,49.25820757693326,49.25820757693326,0.0,1.8,10.9663,10685.68,4.101838755304102,weak_momentum,BULL_TREND,42.39984532774751,100.0,100.0,80.0,53.28736377948761,0.0,0.0,59.32153851847424,0.0,2,2,E_ablate_sector_vr1.2,True
521,000521.SZ,长虹美菱,家用电器,20250227,8.07,48.405233344794574,48.405233344794574,0.0,1.88,3.8384,4481.87,4.156769596199521,weak_momentum,BULL_TREND,45.53663309514563,100.0,44.8187,80.0,21.30583302186557,43.333333333333336,0.0,52.46294230693316,74.7126436781609,3,3,E_ablate_sector_vr1.2,True
600865,600865.SH,百大集团,百货,20250227,9.49,47.633041998546,47.633041998546,0.0,2.22,7.2694,1110.15,6.132542037586541,weak_momentum,BULL_TREND,57.52798382876907,100.0,11.1015,65.0,68.54266855872577,43.333333333333336,0.0,75.37184982503406,0.0,1,1,E_ablate_inflow_vr1.2,True
2697,002697.SZ,红旗连锁,超市连锁,20250227,5.3,47.33996261428673,47.33996261428673,0.0,2.16,6.0185,5995.17,3.985507246376807,weak_momentum,BULL_TREND,55.55156561943719,100.0,59.9517,65.0,87.004342995657,30.0,0.0,61.37717548015071,0.0,2,2,E_ablate_inflow_vr1.2,True
600824,600824.SH,益民集团,百货,20250227,4.68,46.39173492234254,46.39173492234254,0.0,2.42,10.4976,8303.47,8.235294117647058,weak_momentum,BULL_TREND,63.75035237499349,100.0,83.03469999999999,80.0,68.54266855872577,63.33333333333333,0.0,49.20743410411994,0.0,3,3,E_ablate_inflow_vr1.2,True
600824,600824.SH,益民集团,百货,20250227,4.68,53.95686580672455,53.95686580672455,0.0,2.42,10.4976,8303.47,8.235294117647058,weak_momentum,BULL_TREND,63.75035237499349,100.0,83.03469999999999,80.0,68.54266855872577,63.33333333333333,0.0,49.20743410411994,0.0,1,1,E_ablate_wyckoff_vr1.2,True
997,000997.SZ,新大陆,IT设备,20250227,23.94,50.48720090964761,50.48720090964761,0.0,1.82,4.6654,16707.68,4.239999999999995,weak_momentum,BULL_TREND,43.19692252119858,100.0,100.0,80.0,55.60663909867438,33.33333333333333,0.0,17.379369060310953,0.0,2,2,E_ablate_wyckoff_vr1.2,True
2697,002697.SZ,红旗连锁,超市连锁,20250227,5.3,48.924692292264126,48.924692292264126,0.0,2.16,6.0185,5995.17,3.985507246376807,weak_momentum,BULL_TREND,55.55156561943719,100.0,59.9517,65.0,87.004342995657,30.0,0.0,61.37717548015071,0.0,3,3,E_ablate_wyckoff_vr1.2,True
600824,600824.SH,益民集团,百货,20250227,4.68,61.33798092234255,61.33798092234255,0.0,2.42,10.4976,8303.47,8.235294117647058,weak_momentum,BULL_TREND,63.75035237499349,100.0,83.03469999999999,80.0,68.54266855872577,63.33333333333333,0.0,49.20743410411994,0.0,1,1,E_ablate_accel_vr1.2,True
2460,002460.SZ,赣锋锂业,小金属,20250227,36.89,58.270106153321926,58.270106153321926,0.0,1.97,4.6957,15975.01,1.3636363636363584,weak_momentum,BULL_TREND,48.90978148408258,50.90909090909075,100.0,65.0,75.52590040050514,53.333333333333336,0.0,63.859975299174735,0.0,2,2,E_ablate_accel_vr1.2,True
2697,002697.SZ,红旗连锁,超市连锁,20250227,5.3,58.13126861428673,58.13126861428673,0.0,2.16,6.0185,5995.17,3.985507246376807,weak_momentum,BULL_TREND,55.55156561943719,100.0,59.9517,65.0,87.004342995657,30.0,0.0,61.37717548015071,0.0,3,3,E_ablate_accel_vr1.2,True
2785,002785.SZ,万里石,其他建材,20250228,29.92,59.73252380929613,59.73252380929613,0.0,1.8,5.0652,5615.72,8.669108669108658,bear,BULL_TREND,42.39984532774751,100.0,56.1572,100.0,49.71708971432809,20.0,100.0,56.734419833687255,0.0,1,1,A_recovered_proxy_vr1.5,True
736,000736.SZ,中交发展,全国地产,20250228,7.1,57.41926851979679,57.41926851979679,0.0,2.0,10.082,1946.09,8.740359897172244,bear,BULL_TREND,50.0,100.0,19.4609,60.0,48.60280352153465,30.0,100.0,73.27949992972158,0.0,2,2,A_recovered_proxy_vr1.5,True
600714,600714.SH,金瑞矿业,化工原料,20250228,10.34,56.71789607719664,50.314184136792,6.403711940404641,2.24,7.1069,2562.8,3.903345724907063,bear,BULL_TREND,58.17493661414398,39.03345724907062,25.628,65.0,64.03711940404641,63.33333333333333,100.0,78.17285758009295,0.0,3,3,A_recovered_proxy_vr1.5,True
2785,002785.SZ,万里石,其他建材,20250228,29.92,59.73252380929613,59.73252380929613,0.0,1.8,5.0652,5615.72,8.669108669108658,bear,BULL_TREND,42.39984532774751,100.0,56.1572,100.0,49.71708971432809,20.0,100.0,56.734419833687255,0.0,1,1,B_pure_quant_vr1.5,True
736,000736.SZ,中交发展,全国地产,20250228,7.1,57.41926851979679,57.41926851979679,0.0,2.0,10.082,1946.09,8.740359897172244,bear,BULL_TREND,50.0,100.0,19.4609,60.0,48.60280352153465,30.0,100.0,73.27949992972158,0.0,2,2,B_pure_quant_vr1.5,True
600714,600714.SH,金瑞矿业,化工原料,20250228,10.34,50.314184136792,50.314184136792,0.0,2.24,7.1069,2562.8,3.903345724907063,bear,BULL_TREND,58.17493661414398,39.03345724907062,25.628,65.0,64.03711940404641,63.33333333333333,100.0,78.17285758009295,0.0,3,3,B_pure_quant_vr1.5,True
2785,002785.SZ,万里石,其他建材,20250228,29.92,59.06370798754094,59.06370798754094,0.0,1.8,5.0652,5615.72,8.669108669108658,bear,BULL_TREND,42.39984532774751,100.0,56.1572,100.0,45.25831756929345,20.0,100.0,56.734419833687255,0.0,1,1,A_recovered_proxy_vr1.2,True
736,000736.SZ,中交发展,全国地产,20250228,7.1,57.29964839771512,57.29964839771512,0.0,2.0,10.082,1946.09,8.740359897172244,bear,BULL_TREND,50.0,100.0,19.4609,60.0,47.80533604099024,30.0,100.0,73.27949992972158,0.0,2,2,A_recovered_proxy_vr1.2,True
600714,600714.SH,金瑞矿业,化工原料,20250228,10.34,54.67743433331894,49.08990709046538,5.5875272428535645,2.24,7.1069,2562.8,3.903345724907063,bear,BULL_TREND,58.17493661414398,39.03345724907062,25.628,65.0,55.87527242853564,63.33333333333333,100.0,78.17285758009295,0.0,3,3,A_recovered_proxy_vr1.2,True
2785,002785.SZ,万里石,其他建材,20250228,29.92,59.06370798754094,59.06370798754094,0.0,1.8,5.0652,5615.72,8.669108669108658,bear,BULL_TREND,42.39984532774751,100.0,56.1572,100.0,45.25831756929345,20.0,100.0,56.734419833687255,0.0,1,1,D_pure_quant_vr1.2,True
736,000736.SZ,中交发展,全国地产,20250228,7.1,57.29964839771512,57.29964839771512,0.0,2.0,10.082,1946.09,8.740359897172244,bear,BULL_TREND,50.0,100.0,19.4609,60.0,47.80533604099024,30.0,100.0,73.27949992972158,0.0,2,2,D_pure_quant_vr1.2,True
600714,600714.SH,金瑞矿业,化工原料,20250228,10.34,49.08990709046538,49.08990709046538,0.0,2.24,7.1069,2562.8,3.903345724907063,bear,BULL_TREND,58.17493661414398,39.03345724907062,25.628,65.0,55.87527242853564,63.33333333333333,100.0,78.17285758009295,0.0,3,3,D_pure_quant_vr1.2,True
2785,002785.SZ,万里石,其他建材,20250228,29.92,52.27496035214692,52.27496035214692,0.0,1.8,5.0652,5615.72,8.669108669108658,bear,BULL_TREND,42.39984532774751,100.0,56.1572,100.0,45.25831756929345,20.0,100.0,56.734419833687255,0.0,1,1,E_ablate_sector_vr1.2,True
736,000736.SZ,中交发展,全国地产,20250228,7.1,50.12884799156659,50.12884799156659,0.0,2.0,10.082,1946.09,8.740359897172244,bear,BULL_TREND,50.0,100.0,19.4609,60.0,47.80533604099024,30.0,100.0,73.27949992972158,0.0,2,2,E_ablate_sector_vr1.2,True
603863,603863.SH,松炀资源,造纸,20250228,16.86,56.21377422431112,56.21377422431112,0.0,2.28,7.1525,-127.84,10.604453870625663,bear,BULL_TREND,59.451691219500844,100.0,0.0,100.0,49.45294242617378,10.0,100.0,54.30383993412393,0.0,1,1,E_ablate_inflow_vr1.2,True
736,000736.SZ,中交发展,全国地产,20250228,7.1,54.21457045416959,54.21457045416959,0.0,2.0,10.082,1946.09,8.740359897172244,bear,BULL_TREND,50.0,100.0,19.4609,60.0,42.80686975068669,30.0,100.0,73.27949992972158,0.0,2,2,E_ablate_inflow_vr1.2,True
2785,002785.SZ,万里石,其他建材,20250228,29.92,51.80140349830492,51.80140349830492,0.0,1.8,5.0652,5615.72,8.669108669108658,bear,BULL_TREND,42.39984532774751,100.0,56.1572,100.0,41.76871430771999,20.0,100.0,56.734419833687255,0.0,3,3,E_ablate_inflow_vr1.2,True
2785,002785.SZ,万里石,其他建材,20250228,29.92,52.25557760749847,52.25557760749847,0.0,1.8,5.0652,5615.72,8.669108669108658,bear,BULL_TREND,42.39984532774751,100.0,56.1572,100.0,45.25831756929345,20.0,100.0,56.734419833687255,0.0,1,1,E_ablate_wyckoff_vr1.2,True
736,000736.SZ,中交发展,全国地产,20250228,7.1,48.506108406148535,48.506108406148535,0.0,2.0,10.082,1946.09,8.740359897172244,bear,BULL_TREND,50.0,100.0,19.4609,60.0,47.80533604099024,30.0,100.0,73.27949992972158,0.0,2,2,E_ablate_wyckoff_vr1.2,True
2785,002785.SZ,万里石,其他建材,20250228,29.92,59.06370798754094,59.06370798754094,0.0,1.8,5.0652,5615.72,8.669108669108658,bear,BULL_TREND,42.39984532774751,100.0,56.1572,100.0,45.25831756929345,20.0,100.0,56.734419833687255,0.0,1,1,E_ablate_accel_vr1.2,True
736,000736.SZ,中交发展,全国地产,20250228,7.1,57.29964839771512,57.29964839771512,0.0,2.0,10.082,1946.09,8.740359897172244,bear,BULL_TREND,50.0,100.0,19.4609,60.0,47.80533604099024,30.0,100.0,73.27949992972158,0.0,2,2,E_ablate_accel_vr1.2,True
600714,600714.SH,金瑞矿业,化工原料,20250228,10.34,49.08990709046538,49.08990709046538,0.0,2.24,7.1069,2562.8,3.903345724907063,bear,BULL_TREND,58.17493661414398,39.03345724907062,25.628,65.0,55.87527242853564,63.33333333333333,100.0,78.17285758009295,0.0,3,3,E_ablate_accel_vr1.2,True
2756,002756.SZ,永兴材料,小金属,20250303,35.8,81.13531393814579,72.26121004932365,8.87410388882214,2.3,6.0856,12928.45,10.878765247697295,sideways,BULL_TREND,60.08169305848252,100.0,100.0,80.0,88.7410388882214,30.0,0.0,66.10068119353568,0.0,1,1,A_recovered_proxy_vr1.5,True
2738,002738.SZ,中矿资源,小金属,20250303,35.05,72.80550127058298,63.93139738176084,8.87410388882214,1.65,3.228,10288.28,8.984679304076867,sideways,BULL_TREND,36.12330122355455,100.0,100.0,40.0,88.7410388882214,20.0,0.0,55.60929399454688,0.0,2,2,A_recovered_proxy_vr1.5,True
2497,002497.SZ,雅化集团,小金属,20250303,12.69,69.27977089867659,60.40566700985445,8.87410388882214,2.19,3.6221,10267.27,5.298507462686573,sideways,BULL_TREND,56.54654349132243,54.97512437810956,100.0,65.0,88.7410388882214,10.0,0.0,64.66453537788507,0.0,3,3,A_recovered_proxy_vr1.5,True
2756,002756.SZ,永兴材料,小金属,20250303,35.8,72.26121004932365,72.26121004932365,0.0,2.3,6.0856,12928.45,10.878765247697295,sideways,BULL_TREND,60.08169305848252,100.0,100.0,80.0,88.7410388882214,30.0,0.0,66.10068119353568,0.0,1,1,B_pure_quant_vr1.5,True
2738,002738.SZ,中矿资源,小金属,20250303,35.05,63.93139738176084,63.93139738176084,0.0,1.65,3.228,10288.28,8.984679304076867,sideways,BULL_TREND,36.12330122355455,100.0,100.0,40.0,88.7410388882214,20.0,0.0,55.60929399454688,0.0,2,2,B_pure_quant_vr1.5,True
2497,002497.SZ,雅化集团,小金属,20250303,12.69,60.40566700985445,60.40566700985445,0.0,2.19,3.6221,10267.27,5.298507462686573,sideways,BULL_TREND,56.54654349132243,54.97512437810956,100.0,65.0,88.7410388882214,10.0,0.0,64.66453537788507,0.0,3,3,B_pure_quant_vr1.5,True
2756,002756.SZ,永兴材料,小金属,20250303,35.8,81.13531393814579,72.26121004932365,8.87410388882214,2.3,6.0856,12928.45,10.878765247697295,sideways,BULL_TREND,60.08169305848252,100.0,100.0,80.0,88.7410388882214,30.0,0.0,66.10068119353568,0.0,1,1,A_recovered_proxy_vr1.2,True
2738,002738.SZ,中矿资源,小金属,20250303,35.05,72.80550127058298,63.93139738176084,8.87410388882214,1.65,3.228,10288.28,8.984679304076867,sideways,BULL_TREND,36.12330122355455,100.0,100.0,40.0,88.7410388882214,20.0,0.0,55.60929399454688,0.0,2,2,A_recovered_proxy_vr1.2,True
2497,002497.SZ,雅化集团,小金属,20250303,12.69,69.27977089867659,60.40566700985445,8.87410388882214,2.19,3.6221,10267.27,5.298507462686573,sideways,BULL_TREND,56.54654349132243,54.97512437810956,100.0,65.0,88.7410388882214,10.0,0.0,64.66453537788507,0.0,3,3,A_recovered_proxy_vr1.2,True
2756,002756.SZ,永兴材料,小金属,20250303,35.8,72.26121004932365,72.26121004932365,0.0,2.3,6.0856,12928.45,10.878765247697295,sideways,BULL_TREND,60.08169305848252,100.0,100.0,80.0,88.7410388882214,30.0,0.0,66.10068119353568,0.0,1,1,D_pure_quant_vr1.2,True
2738,002738.SZ,中矿资源,小金属,20250303,35.05,63.93139738176084,63.93139738176084,0.0,1.65,3.228,10288.28,8.984679304076867,sideways,BULL_TREND,36.12330122355455,100.0,100.0,40.0,88.7410388882214,20.0,0.0,55.60929399454688,0.0,2,2,D_pure_quant_vr1.2,True
2497,002497.SZ,雅化集团,小金属,20250303,12.69,60.40566700985445,60.40566700985445,0.0,2.19,3.6221,10267.27,5.298507462686573,sideways,BULL_TREND,56.54654349132243,54.97512437810956,100.0,65.0,88.7410388882214,10.0,0.0,64.66453537788507,0.0,3,3,D_pure_quant_vr1.2,True
2756,002756.SZ,永兴材料,小金属,20250303,35.8,58.95005421609044,58.95005421609044,0.0,2.3,6.0856,12928.45,10.878765247697295,sideways,BULL_TREND,60.08169305848252,100.0,100.0,80.0,88.7410388882214,30.0,0.0,66.10068119353568,0.0,1,1,E_ablate_sector_vr1.2,True
2738,002738.SZ,中矿资源,小金属,20250303,35.05,50.62024154852763,50.62024154852763,0.0,1.65,3.228,10288.28,8.984679304076867,sideways,BULL_TREND,36.12330122355455,100.0,100.0,40.0,88.7410388882214,20.0,0.0,55.60929399454688,0.0,2,2,E_ablate_sector_vr1.2,True
2155,002155.SZ,湖南黄金,黄金,20250303,17.87,49.22323870542741,49.22323870542741,0.0,1.85,6.5245,15466.72,6.586513329848395,sideways,BULL_TREND,44.376263537079375,76.44188883080659,100.0,100.0,46.65083612365782,0.0,0.0,55.36037653743748,0.0,3,3,E_ablate_sector_vr1.2,True
2756,002756.SZ,永兴材料,小金属,20250303,35.8,59.38978448161969,59.38978448161969,0.0,2.3,6.0856,12928.45,10.878765247697295,sideways,BULL_TREND,60.08169305848252,100.0,100.0,80.0,82.93153510352838,30.0,0.0,66.10068119353568,0.0,1,1,E_ablate_inflow_vr1.2,True
2738,002738.SZ,中矿资源,小金属,20250303,35.05,51.05997181405689,51.05997181405689,0.0,1.65,3.228,10288.28,8.984679304076867,sideways,BULL_TREND,36.12330122355455,100.0,100.0,40.0,82.93153510352838,20.0,0.0,55.60929399454688,0.0,2,2,E_ablate_inflow_vr1.2,True
2497,002497.SZ,雅化集团,小金属,20250303,12.69,46.5342414421505,46.5342414421505,0.0,2.19,3.6221,10267.27,5.298507462686573,sideways,BULL_TREND,56.54654349132243,54.97512437810956,100.0,40.0,82.93153510352838,10.0,0.0,64.66453537788507,0.0,3,3,E_ablate_inflow_vr1.2,True
2756,002756.SZ,永兴材料,小金属,20250303,35.8,64.32912830609936,64.32912830609936,0.0,2.3,6.0856,12928.45,10.878765247697295,sideways,BULL_TREND,60.08169305848252,100.0,100.0,80.0,88.7410388882214,30.0,0.0,66.10068119353568,0.0,1,1,E_ablate_wyckoff_vr1.2,True
2738,002738.SZ,中矿资源,小金属,20250303,35.05,57.25828210241521,57.25828210241521,0.0,1.65,3.228,10288.28,8.984679304076867,sideways,BULL_TREND,36.12330122355455,100.0,100.0,40.0,88.7410388882214,20.0,0.0,55.60929399454688,0.0,2,2,E_ablate_wyckoff_vr1.2,True
2497,002497.SZ,雅化集团,小金属,20250303,12.69,52.64592276450825,52.64592276450825,0.0,2.19,3.6221,10267.27,5.298507462686573,sideways,BULL_TREND,56.54654349132243,54.97512437810956,100.0,65.0,88.7410388882214,10.0,0.0,64.66453537788507,0.0,3,3,E_ablate_wyckoff_vr1.2,True
2756,002756.SZ,永兴材料,小金属,20250303,35.8,72.26121004932365,72.26121004932365,0.0,2.3,6.0856,12928.45,10.878765247697295,sideways,BULL_TREND,60.08169305848252,100.0,100.0,80.0,88.7410388882214,30.0,0.0,66.10068119353568,0.0,1,1,E_ablate_accel_vr1.2,True
2738,002738.SZ,中矿资源,小金属,20250303,35.05,63.93139738176084,63.93139738176084,0.0,1.65,3.228,10288.28,8.984679304076867,sideways,BULL_TREND,36.12330122355455,100.0,100.0,40.0,88.7410388882214,20.0,0.0,55.60929399454688,0.0,2,2,E_ablate_accel_vr1.2,True
2497,002497.SZ,雅化集团,小金属,20250303,12.69,60.40566700985445,60.40566700985445,0.0,2.19,3.6221,10267.27,5.298507462686573,sideways,BULL_TREND,56.54654349132243,54.97512437810956,100.0,65.0,88.7410388882214,10.0,0.0,64.66453537788507,0.0,3,3,E_ablate_accel_vr1.2,True
100,000100.SZ,TCL科技,元器件,20250304,4.84,65.32329957326922,56.94558947622193,8.377710097047284,1.64,3.4353,97671.81,6.382978723404256,sideways,BULL_TREND,35.68479074216794,73.04964539007094,100.0,40.0,83.77710097047284,20.0,0.0,53.81206984632046,0.0,1,1,A_recovered_proxy_vr1.5,True
601606,601606.SH,长城军工,专用机械,20250304,12.68,60.51548339575543,60.51548339575543,0.0,2.83,4.7644,11449.12,6.074074074074076,sideways,BULL_TREND,75.04010265285788,67.90123456790127,100.0,65.0,38.96148615816605,63.33333333333333,0.0,61.31249680664031,0.0,2,2,A_recovered_proxy_vr1.5,True
600765,600765.SH,中航重机,航空,20250304,17.53,59.93488812152916,59.93488812152916,0.0,1.86,3.0325,20301.23,8.507306889352813,sideways,BULL_TREND,44.76513106666534,100.0,100.0,80.0,41.09297268821108,30.0,0.0,51.02177819692602,0.0,3,3,A_recovered_proxy_vr1.5,True
601606,601606.SH,长城军工,专用机械,20250304,12.68,60.51548339575543,60.51548339575543,0.0,2.83,4.7644,11449.12,6.074074074074076,sideways,BULL_TREND,75.04010265285788,67.90123456790127,100.0,65.0,38.96148615816605,63.33333333333333,0.0,61.31249680664031,0.0,1,1,B_pure_quant_vr1.5,True
600765,600765.SH,中航重机,航空,20250304,17.53,59.93488812152916,59.93488812152916,0.0,1.86,3.0325,20301.23,8.507306889352813,sideways,BULL_TREND,44.76513106666534,100.0,100.0,80.0,41.09297268821108,30.0,0.0,51.02177819692602,0.0,2,2,B_pure_quant_vr1.5,True
100,000100.SZ,TCL科技,元器件,20250304,4.84,56.94558947622193,56.94558947622193,0.0,1.64,3.4353,97671.81,6.382978723404256,sideways,BULL_TREND,35.68479074216794,73.04964539007094,100.0,40.0,83.77710097047284,20.0,0.0,53.81206984632046,0.0,3,3,B_pure_quant_vr1.5,True
100,000100.SZ,TCL科技,元器件,20250304,4.84,67.42299737230387,58.60540815564272,8.817589216661142,1.64,3.4353,97671.81,6.382978723404256,sideways,BULL_TREND,35.68479074216794,73.04964539007094,100.0,65.0,88.17589216661142,20.0,0.0,53.81206984632046,0.0,1,1,A_recovered_proxy_vr1.2,True
600765,600765.SH,中航重机,航空,20250304,17.53,61.39604265737057,61.39604265737057,0.0,1.86,3.0325,20301.23,8.507306889352813,sideways,BULL_TREND,44.76513106666534,100.0,100.0,80.0,50.83400292715382,30.0,0.0,51.02177819692602,0.0,2,2,A_recovered_proxy_vr1.2,True
2044,002044.SZ,美年健康,医疗保健,20250304,6.68,60.96454216889832,53.990432564689854,6.974109604208467,1.37,8.423,35818.22,14.249037227214382,sideways,BULL_TREND,22.708794659290103,100.0,100.0,80.0,69.74109604208466,66.66666666666666,0.0,0.0,0.0,3,3,A_recovered_proxy_vr1.2,True
600765,600765.SH,中航重机,航空,20250304,17.53,61.39604265737057,61.39604265737057,0.0,1.86,3.0325,20301.23,8.507306889352813,sideways,BULL_TREND,44.76513106666534,100.0,100.0,80.0,50.83400292715382,30.0,0.0,51.02177819692602,0.0,1,1,D_pure_quant_vr1.2,True
601606,601606.SH,长城军工,专用机械,20250304,12.68,60.786685546881166,60.786685546881166,0.0,2.83,4.7644,11449.12,6.074074074074076,sideways,BULL_TREND,75.04010265285788,67.90123456790127,100.0,65.0,40.76950049900434,63.33333333333333,0.0,61.31249680664031,0.0,2,2,D_pure_quant_vr1.2,True
100,000100.SZ,TCL科技,元器件,20250304,4.84,58.60540815564272,58.60540815564272,0.0,1.64,3.4353,97671.81,6.382978723404256,sideways,BULL_TREND,35.68479074216794,73.04964539007094,100.0,65.0,88.17589216661142,20.0,0.0,53.81206984632046,0.0,3,3,D_pure_quant_vr1.2,True
601606,601606.SH,长城军工,专用机械,20250304,12.68,54.67126047203052,54.67126047203052,0.0,2.83,4.7644,11449.12,6.074074074074076,sideways,BULL_TREND,75.04010265285788,67.90123456790127,100.0,65.0,40.76950049900434,63.33333333333333,0.0,61.31249680664031,0.0,1,1,E_ablate_sector_vr1.2,True
600765,600765.SH,中航重机,航空,20250304,17.53,53.7709422182975,53.7709422182975,0.0,1.86,3.0325,20301.23,8.507306889352813,sideways,BULL_TREND,44.76513106666534,100.0,100.0,80.0,50.83400292715382,30.0,0.0,51.02177819692602,0.0,2,2,E_ablate_sector_vr1.2,True
600588,600588.SH,用友网络,软件服务,20250304,16.76,47.48966414480388,47.48966414480388,0.0,1.6,5.8038,18848.03,12.662845231891607,sideways,BULL_TREND,33.903595255631885,100.0,100.0,65.0,35.560975766302285,63.33333333333333,0.0,18.03505434915168,0.0,3,3,E_ablate_sector_vr1.2,True
600765,600765.SH,中航重机,航空,20250304,17.53,49.65740582036568,49.65740582036568,0.0,1.86,3.0325,20301.23,8.507306889352813,sideways,BULL_TREND,44.76513106666534,100.0,100.0,80.0,52.57642401378788,30.0,0.0,51.02177819692602,0.0,1,1,E_ablate_inflow_vr1.2,True
601606,601606.SH,长城军工,专用机械,20250304,12.68,49.07349009314754,49.07349009314754,0.0,2.83,4.7644,11449.12,6.074074074074076,sideways,BULL_TREND,75.04010265285788,67.90123456790127,100.0,65.0,42.68153080744681,63.33333333333333,0.0,61.31249680664031,0.0,2,2,E_ablate_inflow_vr1.2,True
100,000100.SZ,TCL科技,元器件,20250304,4.84,46.3498839041788,46.3498839041788,0.0,1.64,3.4353,97671.81,6.382978723404256,sideways,BULL_TREND,35.68479074216794,73.04964539007094,100.0,65.0,86.47239715685191,20.0,0.0,53.81206984632046,0.0,3,3,E_ablate_inflow_vr1.2,True
600765,600765.SH,中航重机,航空,20250304,17.53,55.273429273739445,55.273429273739445,0.0,1.86,3.0325,20301.23,8.507306889352813,sideways,BULL_TREND,44.76513106666534,100.0,100.0,80.0,50.83400292715382,30.0,0.0,51.02177819692602,0.0,1,1,E_ablate_wyckoff_vr1.2,True
2044,002044.SZ,美年健康,医疗保健,20250304,6.68,53.990432564689854,53.990432564689854,0.0,1.37,8.423,35818.22,14.249037227214382,sideways,BULL_TREND,22.708794659290103,100.0,100.0,80.0,69.74109604208466,66.66666666666666,0.0,0.0,0.0,2,2,E_ablate_wyckoff_vr1.2,True
601606,601606.SH,长城军工,专用机械,20250304,12.68,53.42918593008433,53.42918593008433,0.0,2.83,4.7644,11449.12,6.074074074074076,sideways,BULL_TREND,75.04010265285788,67.90123456790127,100.0,65.0,40.76950049900434,63.33333333333333,0.0,61.31249680664031,0.0,3,3,E_ablate_wyckoff_vr1.2,True
600765,600765.SH,中航重机,航空,20250304,17.53,61.39604265737057,61.39604265737057,0.0,1.86,3.0325,20301.23,8.507306889352813,sideways,BULL_TREND,44.76513106666534,100.0,100.0,80.0,50.83400292715382,30.0,0.0,51.02177819692602,0.0,1,1,E_ablate_accel_vr1.2,True
601606,601606.SH,长城军工,专用机械,20250304,12.68,60.786685546881166,60.786685546881166,0.0,2.83,4.7644,11449.12,6.074074074074076,sideways,BULL_TREND,75.04010265285788,67.90123456790127,100.0,65.0,40.76950049900434,63.33333333333333,0.0,61.31249680664031,0.0,2,2,E_ablate_accel_vr1.2,True
100,000100.SZ,TCL科技,元器件,20250304,4.84,58.60540815564272,58.60540815564272,0.0,1.64,3.4353,97671.81,6.382978723404256,sideways,BULL_TREND,35.68479074216794,73.04964539007094,100.0,65.0,88.17589216661142,20.0,0.0,53.81206984632046,0.0,3,3,E_ablate_accel_vr1.2,True
2441,002441.SZ,众业达,电气设备,20250305,9.28,51.764324843245326,51.764324843245326,0.0,1.79,5.5612,2985.16,10.338164251207733,sideways,BULL_TREND,41.99797937447659,100.0,29.8516,65.0,54.329916745651474,66.66666666666666,0.0,40.49797113066187,0.0,1,1,A_recovered_proxy_vr1.5,True
600198,600198.SH,大唐电信,通信设备,20250305,9.65,47.95825793961701,42.10294447055163,5.855313469065389,1.54,5.5771,1724.51,6.673114119922626,sideways,BULL_TREND,31.146517546008837,77.88523533204376,17.2451,65.0,58.55313469065389,20.0,0.0,35.52980528151643,0.0,2,2,A_recovered_proxy_vr1.5,True
2189,002189.SZ,中光学,元器件,20250305,21.45,46.74693297066679,46.74693297066679,0.0,1.73,4.3574,4628.88,5.423280423280425,sideways,BULL_TREND,39.5386018931,57.054673721340414,46.2888,80.0,57.56774488468058,66.66666666666666,0.0,56.44384391212071,0.0,3,3,A_recovered_proxy_vr1.5,True
2441,002441.SZ,众业达,电气设备,20250305,9.28,51.764324843245326,51.764324843245326,0.0,1.79,5.5612,2985.16,10.338164251207733,sideways,BULL_TREND,41.99797937447659,100.0,29.8516,65.0,54.329916745651474,66.66666666666666,0.0,40.49797113066187,0.0,1,1,B_pure_quant_vr1.5,True
2189,002189.SZ,中光学,元器件,20250305,21.45,46.74693297066679,46.74693297066679,0.0,1.73,4.3574,4628.88,5.423280423280425,sideways,BULL_TREND,39.5386018931,57.054673721340414,46.2888,80.0,57.56774488468058,66.66666666666666,0.0,56.44384391212071,0.0,2,2,B_pure_quant_vr1.5,True
600868,600868.SH,梅雁吉祥,水力发电,20250305,3.09,61.7810290407276,54.88209881610652,6.898930224621077,1.43,8.3041,8669.75,11.46131805157594,sideways,BULL_TREND,25.800757350183236,100.0,86.6975,60.0,68.98930224621077,33.33333333333333,0.0,28.22641829556608,0.0,1,1,A_recovered_proxy_vr1.2,True
737,000737.SZ,北方铜业,铜,20250305,9.09,52.435018035363285,52.435018035363285,0.0,1.29,3.1277,6603.36,12.847555129434324,sideways,BULL_TREND,18.368553282426472,100.0,66.03359999999999,80.0,53.31080669535163,63.33333333333333,0.0,50.055138685500445,0.0,2,2,A_recovered_proxy_vr1.2,True
2441,002441.SZ,众业达,电气设备,20250305,9.28,51.764324843245326,51.764324843245326,0.0,1.79,5.5612,2985.16,10.338164251207733,sideways,BULL_TREND,41.99797937447659,100.0,29.8516,65.0,54.329916745651474,66.66666666666666,0.0,40.49797113066187,0.0,3,3,A_recovered_proxy_vr1.2,True
600868,600868.SH,梅雁吉祥,水力发电,20250305,3.09,54.88209881610652,54.88209881610652,0.0,1.43,8.3041,8669.75,11.46131805157594,sideways,BULL_TREND,25.800757350183236,100.0,86.6975,60.0,68.98930224621077,33.33333333333333,0.0,28.22641829556608,0.0,1,1,D_pure_quant_vr1.2,True
737,000737.SZ,北方铜业,铜,20250305,9.09,52.435018035363285,52.435018035363285,0.0,1.29,3.1277,6603.36,12.847555129434324,sideways,BULL_TREND,18.368553282426472,100.0,66.03359999999999,80.0,53.31080669535163,63.33333333333333,0.0,50.055138685500445,0.0,2,2,D_pure_quant_vr1.2,True
2441,002441.SZ,众业达,电气设备,20250305,9.28,51.764324843245326,51.764324843245326,0.0,1.79,5.5612,2985.16,10.338164251207733,sideways,BULL_TREND,41.99797937447659,100.0,29.8516,65.0,54.329916745651474,66.66666666666666,0.0,40.49797113066187,0.0,3,3,D_pure_quant_vr1.2,True
2441,002441.SZ,众业达,电气设备,20250305,9.28,47.6674459843357,47.6674459843357,0.0,1.79,5.5612,2985.16,10.338164251207733,sideways,BULL_TREND,41.99797937447659,100.0,29.8516,65.0,50.8986710195873,66.66666666666666,0.0,40.49797113066187,0.0,1,1,E_ablate_inflow_vr1.2,True
600868,600868.SH,梅雁吉祥,水力发电,20250305,3.09,51.4949286206386,51.4949286206386,0.0,1.43,8.3041,8669.75,11.46131805157594,sideways,BULL_TREND,25.800757350183236,100.0,86.6975,60.0,68.98930224621077,33.33333333333333,0.0,28.22641829556608,0.0,1,1,E_ablate_wyckoff_vr1.2,True
2441,002441.SZ,众业达,电气设备,20250305,9.28,46.9045683075659,46.9045683075659,0.0,1.79,5.5612,2985.16,10.338164251207733,sideways,BULL_TREND,41.99797937447659,100.0,29.8516,65.0,54.329916745651474,66.66666666666666,0.0,40.49797113066187,0.0,2,2,E_ablate_wyckoff_vr1.2,True
737,000737.SZ,北方铜业,铜,20250305,9.09,46.42840139310324,46.42840139310324,0.0,1.29,3.1277,6603.36,12.847555129434324,sideways,BULL_TREND,18.368553282426472,100.0,66.03359999999999,80.0,53.31080669535163,63.33333333333333,0.0,50.055138685500445,0.0,3,3,E_ablate_wyckoff_vr1.2,True
600868,600868.SH,梅雁吉祥,水力发电,20250305,3.09,54.88209881610652,54.88209881610652,0.0,1.43,8.3041,8669.75,11.46131805157594,sideways,BULL_TREND,25.800757350183236,100.0,86.6975,60.0,68.98930224621077,33.33333333333333,0.0,28.22641829556608,0.0,1,1,E_ablate_accel_vr1.2,True
737,000737.SZ,北方铜业,铜,20250305,9.09,52.435018035363285,52.435018035363285,0.0,1.29,3.1277,6603.36,12.847555129434324,sideways,BULL_TREND,18.368553282426472,100.0,66.03359999999999,80.0,53.31080669535163,63.33333333333333,0.0,50.055138685500445,0.0,2,2,E_ablate_accel_vr1.2,True
2441,002441.SZ,众业达,电气设备,20250305,9.28,51.764324843245326,51.764324843245326,0.0,1.79,5.5612,2985.16,10.338164251207733,sideways,BULL_TREND,41.99797937447659,100.0,29.8516,65.0,54.329916745651474,66.66666666666666,0.0,40.49797113066187,0.0,3,3,E_ablate_accel_vr1.2,True
600050,600050.SH,中国联通,电信运营,20250306,6.53,67.34855096336891,58.013167090261135,9.335383873107771,1.61,3.2104,88222.69,5.772005772005764,weak_momentum,BULL_TREND,34.35303441699462,100.0,100.0,80.0,93.35383873107772,33.33333333333333,0.0,21.26979634255742,0.0,1,1,A_recovered_proxy_vr1.5,True
2797,002797.SZ,第一创业,证券,20250306,7.99,57.966350258305845,57.966350258305845,0.0,1.6,4.4805,34840.65,3.1515151515151487,weak_momentum,BULL_TREND,33.903595255631885,100.0,100.0,80.0,54.90055076264071,53.333333333333336,0.0,53.19374459265528,0.0,2,2,A_recovered_proxy_vr1.5,True
600645,600645.SH,中源协和,医疗保健,20250306,21.79,57.47788903214151,57.47788903214151,0.0,2.17,3.1006,7699.34,3.026257231864708,weak_momentum,BULL_TREND,55.88475213348772,100.0,76.99340000000001,80.0,47.16759528146249,63.33333333333333,0.0,59.96372168821539,0.0,3,3,A_recovered_proxy_vr1.5,True
600050,600050.SH,中国联通,电信运营,20250306,6.53,58.013167090261135,58.013167090261135,0.0,1.61,3.2104,88222.69,5.772005772005764,weak_momentum,BULL_TREND,34.35303441699462,100.0,100.0,80.0,93.35383873107772,33.33333333333333,0.0,21.26979634255742,0.0,1,1,B_pure_quant_vr1.5,True
2797,002797.SZ,第一创业,证券,20250306,7.99,57.966350258305845,57.966350258305845,0.0,1.6,4.4805,34840.65,3.1515151515151487,weak_momentum,BULL_TREND,33.903595255631885,100.0,100.0,80.0,54.90055076264071,53.333333333333336,0.0,53.19374459265528,0.0,2,2,B_pure_quant_vr1.5,True
600645,600645.SH,中源协和,医疗保健,20250306,21.79,57.47788903214151,57.47788903214151,0.0,2.17,3.1006,7699.34,3.026257231864708,weak_momentum,BULL_TREND,55.88475213348772,100.0,76.99340000000001,80.0,47.16759528146249,63.33333333333333,0.0,59.96372168821539,0.0,3,3,B_pure_quant_vr1.5,True
600050,600050.SH,中国联通,电信运营,20250306,6.53,63.95255534912853,55.9755697217169,7.9769856274116195,1.61,3.2104,88222.69,5.772005772005764,weak_momentum,BULL_TREND,34.35303441699462,100.0,100.0,80.0,79.7698562741162,33.33333333333333,0.0,21.26979634255742,0.0,1,1,A_recovered_proxy_vr1.2,True
600571,600571.SH,信雅达,软件服务,20250306,14.33,60.86262000651385,53.2174169892964,7.645203017217452,1.44,7.7382,7715.32,7.369101486748549,weak_momentum,BULL_TREND,26.303440583379377,100.0,77.1532,80.0,76.45203017217452,63.33333333333333,0.0,31.665691395311,0.0,2,2,A_recovered_proxy_vr1.2,True
600645,600645.SH,中源协和,医疗保健,20250306,21.79,59.81705381728271,59.81705381728271,0.0,2.17,3.1006,7699.34,3.026257231864708,weak_momentum,BULL_TREND,55.88475213348772,100.0,76.99340000000001,80.0,62.76202718240387,63.33333333333333,0.0,59.96372168821539,0.0,3,3,A_recovered_proxy_vr1.2,True
600645,600645.SH,中源协和,医疗保健,20250306,21.79,59.81705381728271,59.81705381728271,0.0,2.17,3.1006,7699.34,3.026257231864708,weak_momentum,BULL_TREND,55.88475213348772,100.0,76.99340000000001,80.0,62.76202718240387,63.33333333333333,0.0,59.96372168821539,0.0,1,1,D_pure_quant_vr1.2,True
2797,002797.SZ,第一创业,证券,20250306,7.99,59.2223531786692,59.2223531786692,0.0,1.6,4.4805,34840.65,3.1515151515151487,weak_momentum,BULL_TREND,33.903595255631885,100.0,100.0,65.0,68.27390356506308,53.333333333333336,0.0,53.19374459265528,0.0,2,2,D_pure_quant_vr1.2,True
2243,002243.SZ,力合科创,广告包装,20250306,9.21,56.63000528913613,56.63000528913613,0.0,1.9,3.21,7958.39,3.357817418677844,weak_momentum,BULL_TREND,46.29997092781115,100.0,79.5839,40.0,56.67803775343965,43.333333333333336,0.0,71.27690213521231,0.0,3,3,D_pure_quant_vr1.2,True
600645,600645.SH,中源协和,医疗保健,20250306,21.79,50.402749739922136,50.402749739922136,0.0,2.17,3.1006,7699.34,3.026257231864708,weak_momentum,BULL_TREND,55.88475213348772,100.0,76.99340000000001,80.0,62.76202718240387,63.33333333333333,0.0,59.96372168821539,0.0,1,1,E_ablate_sector_vr1.2,True
2797,002797.SZ,第一创业,证券,20250306,7.99,48.98126764390974,48.98126764390974,0.0,1.6,4.4805,34840.65,3.1515151515151487,weak_momentum,BULL_TREND,33.903595255631885,100.0,100.0,65.0,68.27390356506308,53.333333333333336,0.0,53.19374459265528,0.0,2,2,E_ablate_sector_vr1.2,True
2243,002243.SZ,力合科创,广告包装,20250306,9.21,48.12829962612018,48.12829962612018,0.0,1.9,3.21,7958.39,3.357817418677844,weak_momentum,BULL_TREND,46.29997092781115,100.0,79.5839,40.0,56.67803775343965,43.333333333333336,0.0,71.27690213521231,0.0,3,3,E_ablate_sector_vr1.2,True
603687,603687.SH,大胜达,广告包装,20250306,7.28,48.569005718569606,48.569005718569606,0.0,2.81,5.3263,970.47,3.957783641160948,weak_momentum,BULL_TREND,74.52850652231007,100.0,9.7047,40.0,56.67803775343965,33.33333333333333,0.0,88.14238273693655,0.0,1,1,E_ablate_inflow_vr1.2,True
599,000599.SZ,青岛双星,汽车配件,20250306,4.84,48.24322893292532,48.24322893292532,0.0,5.59,8.5379,432.82,4.724409448818902,weak_momentum,BULL_TREND,100.0,100.0,4.3282,65.0,28.29419515624924,0.0,0.0,91.66066439658624,0.0,2,2,E_ablate_inflow_vr1.2,True
600645,600645.SH,中源协和,医疗保健,20250306,21.79,45.95824181728271,45.95824181728271,0.0,2.17,3.1006,7699.34,3.026257231864708,weak_momentum,BULL_TREND,55.88475213348772,100.0,76.99340000000001,80.0,62.76202718240387,63.33333333333333,0.0,59.96372168821539,0.0,3,3,E_ablate_inflow_vr1.2,True
600050,600050.SH,中国联通,电信运营,20250306,6.53,52.78510027033329,52.78510027033329,0.0,1.61,3.2104,88222.69,5.772005772005764,weak_momentum,BULL_TREND,34.35303441699462,100.0,100.0,80.0,79.7698562741162,33.33333333333333,0.0,21.26979634255742,0.0,1,1,E_ablate_wyckoff_vr1.2,True
600143,600143.SH,金发科技,塑料,20250306,12.87,51.44667290983936,51.44667290983936,0.0,1.45,7.2732,28411.11,10.99585062240665,weak_momentum,BULL_TREND,26.802645012010483,100.0,100.0,100.0,61.73072994247418,63.33333333333333,0.0,10.5,0.0,2,2,E_ablate_wyckoff_vr1.2,True
2797,002797.SZ,第一创业,证券,20250306,7.99,51.24329148977091,51.24329148977091,0.0,1.6,4.4805,34840.65,3.1515151515151487,weak_momentum,BULL_TREND,33.903595255631885,100.0,100.0,65.0,68.27390356506308,53.333333333333336,0.0,53.19374459265528,0.0,3,3,E_ablate_wyckoff_vr1.2,True
600645,600645.SH,中源协和,医疗保健,20250306,21.79,59.81705381728271,59.81705381728271,0.0,2.17,3.1006,7699.34,3.026257231864708,weak_momentum,BULL_TREND,55.88475213348772,100.0,76.99340000000001,80.0,62.76202718240387,63.33333333333333,0.0,59.96372168821539,0.0,1,1,E_ablate_accel_vr1.2,True
2797,002797.SZ,第一创业,证券,20250306,7.99,59.2223531786692,59.2223531786692,0.0,1.6,4.4805,34840.65,3.1515151515151487,weak_momentum,BULL_TREND,33.903595255631885,100.0,100.0,65.0,68.27390356506308,53.333333333333336,0.0,53.19374459265528,0.0,2,2,E_ablate_accel_vr1.2,True
2243,002243.SZ,力合科创,广告包装,20250306,9.21,56.63000528913613,56.63000528913613,0.0,1.9,3.21,7958.39,3.357817418677844,weak_momentum,BULL_TREND,46.29997092781115,100.0,79.5839,40.0,56.67803775343965,43.333333333333336,0.0,71.27690213521231,0.0,3,3,E_ablate_accel_vr1.2,True
831,000831.SZ,中国稀土,小金属,20250307,30.65,73.86532456501276,65.51566794344654,8.349656621566217,2.18,5.2286,39008.42,3.1595576619273307,weak_momentum,BULL_TREND,56.216406750110096,100.0,100.0,80.0,83.49656621566216,0.0,0.0,70.39147999053802,0.0,1,1,A_recovered_proxy_vr1.5,True
600456,600456.SH,宝钛股份,小金属,20250307,29.86,72.90852743998265,64.55887081841644,8.349656621566217,2.72,4.1635,7573.52,3.677419354838712,weak_momentum,BULL_TREND,72.18033257378073,100.0,75.7352,65.0,83.49656621566216,20.0,0.0,75.5,0.0,2,2,A_recovered_proxy_vr1.5,True
600645,600645.SH,中源协和,医疗保健,20250307,22.75,66.88306787027429,66.88306787027429,0.0,3.2,5.6579,12633.3,3.191489361702128,weak_momentum,BULL_TREND,83.90359525563188,100.0,100.0,100.0,50.26516307725368,10.0,0.0,75.05169413560972,0.0,3,3,A_recovered_proxy_vr1.5,True
600645,600645.SH,中源协和,医疗保健,20250307,22.75,66.88306787027429,66.88306787027429,0.0,3.2,5.6579,12633.3,3.191489361702128,weak_momentum,BULL_TREND,83.90359525563188,100.0,100.0,100.0,50.26516307725368,10.0,0.0,75.05169413560972,0.0,1,1,B_pure_quant_vr1.5,True
831,000831.SZ,中国稀土,小金属,20250307,30.65,65.51566794344654,65.51566794344654,0.0,2.18,5.2286,39008.42,3.1595576619273307,weak_momentum,BULL_TREND,56.216406750110096,100.0,100.0,80.0,83.49656621566216,0.0,0.0,70.39147999053802,0.0,2,2,B_pure_quant_vr1.5,True
600428,600428.SH,中远海特,水运,20250307,6.38,65.19561843727246,65.19561843727246,0.0,3.09,3.711,8720.95,3.4795763993948627,weak_momentum,BULL_TREND,81.38034190648249,100.0,87.2095,80.0,45.32793656422281,63.33333333333333,0.0,75.5,0.0,3,3,B_pure_quant_vr1.5,True
831,000831.SZ,中国稀土,小金属,20250307,30.65,71.82642659080574,63.99232915892233,7.834097431883411,2.18,5.2286,39008.42,3.1595576619273307,weak_momentum,BULL_TREND,56.216406750110096,100.0,100.0,65.0,78.3409743188341,0.0,0.0,70.39147999053802,0.0,1,1,A_recovered_proxy_vr1.2,True
600456,600456.SH,宝钛股份,小金属,20250307,29.86,71.61962946577563,63.785532033892224,7.834097431883411,2.72,4.1635,7573.52,3.677419354838712,weak_momentum,BULL_TREND,72.18033257378073,100.0,75.7352,65.0,78.3409743188341,20.0,0.0,75.5,0.0,2,2,A_recovered_proxy_vr1.2,True
600645,600645.SH,中源协和,医疗保健,20250307,22.75,66.7173175926209,66.7173175926209,0.0,3.2,5.6579,12633.3,3.191489361702128,weak_momentum,BULL_TREND,83.90359525563188,100.0,100.0,100.0,49.160161226231125,10.0,0.0,75.05169413560972,0.0,3,3,A_recovered_proxy_vr1.2,True
600645,600645.SH,中源协和,医疗保健,20250307,22.75,66.7173175926209,66.7173175926209,0.0,3.2,5.6579,12633.3,3.191489361702128,weak_momentum,BULL_TREND,83.90359525563188,100.0,100.0,100.0,49.160161226231125,10.0,0.0,75.05169413560972,0.0,1,1,D_pure_quant_vr1.2,True
600428,600428.SH,中远海特,水运,20250307,6.38,65.08119861949712,65.08119861949712,0.0,3.09,3.711,8720.95,3.4795763993948627,weak_momentum,BULL_TREND,81.38034190648249,100.0,87.2095,80.0,44.56513777905384,63.33333333333333,0.0,75.5,0.0,2,2,D_pure_quant_vr1.2,True
600686,600686.SH,金龙汽车,汽车整车,20250307,14.61,64.06412235900008,64.06412235900008,0.0,2.4,8.2991,16760.28,5.068226120857707,weak_momentum,BULL_TREND,63.151720291689685,100.0,100.0,60.0,37.43323980392983,96.66666666666669,0.0,74.28696674215878,0.0,3,3,D_pure_quant_vr1.2,True
600645,600645.SH,中源协和,医疗保健,20250307,22.75,59.34329340868624,59.34329340868624,0.0,3.2,5.6579,12633.3,3.191489361702128,weak_momentum,BULL_TREND,83.90359525563188,100.0,100.0,100.0,49.160161226231125,10.0,0.0,75.05169413560972,0.0,1,1,E_ablate_sector_vr1.2,True
600686,600686.SH,金龙汽车,汽车整车,20250307,14.61,58.44913638841061,58.44913638841061,0.0,2.4,8.2991,16760.28,5.068226120857707,weak_momentum,BULL_TREND,63.151720291689685,100.0,100.0,60.0,37.43323980392983,96.66666666666669,0.0,74.28696674215878,0.0,2,2,E_ablate_sector_vr1.2,True
600428,600428.SH,中远海特,水运,20250307,6.38,58.39642795263904,58.39642795263904,0.0,3.09,3.711,8720.95,3.4795763993948627,weak_momentum,BULL_TREND,81.38034190648249,100.0,87.2095,80.0,44.56513777905384,63.33333333333333,0.0,75.5,0.0,3,3,E_ablate_sector_vr1.2,True
557,000557.SZ,西部创业,铁路,20250307,5.29,54.069473235545445,54.069473235545445,0.0,4.83,3.461,4506.9,4.166666666666659,weak_momentum,BULL_TREND,100.0,100.0,45.069,80.0,46.72219117429526,66.66666666666666,0.0,84.85207484045218,0.0,1,1,E_ablate_inflow_vr1.2,True
600456,600456.SH,宝钛股份,小金属,20250307,29.86,50.24243638823812,50.24243638823812,0.0,2.72,4.1635,7573.52,3.677419354838712,weak_momentum,BULL_TREND,72.18033257378073,100.0,75.7352,65.0,78.9359100144734,20.0,0.0,75.5,0.0,2,2,E_ablate_inflow_vr1.2,True
600428,600428.SH,中远海特,水运,20250307,6.38,49.499058476754925,49.499058476754925,0.0,3.09,3.711,8720.95,3.4795763993948627,weak_momentum,BULL_TREND,81.38034190648249,100.0,87.2095,80.0,45.3356034941059,63.33333333333333,0.0,75.5,0.0,3,3,E_ablate_inflow_vr1.2,True
600645,600645.SH,中源协和,医疗保健,20250307,22.75,55.45956347227945,55.45956347227945,0.0,3.2,5.6579,12633.3,3.191489361702128,weak_momentum,BULL_TREND,83.90359525563188,100.0,100.0,100.0,49.160161226231125,10.0,0.0,75.05169413560972,0.0,1,1,E_ablate_wyckoff_vr1.2,True
600428,600428.SH,中远海特,水运,20250307,6.38,53.75619861949711,53.75619861949711,0.0,3.09,3.711,8720.95,3.4795763993948627,weak_momentum,BULL_TREND,81.38034190648249,100.0,87.2095,80.0,44.56513777905384,63.33333333333333,0.0,75.5,0.0,2,2,E_ablate_wyckoff_vr1.2,True
831,000831.SZ,中国稀土,小金属,20250307,30.65,53.43360716034163,53.43360716034163,0.0,2.18,5.2286,39008.42,3.1595576619273307,weak_momentum,BULL_TREND,56.216406750110096,100.0,100.0,65.0,78.3409743188341,0.0,0.0,70.39147999053802,0.0,3,3,E_ablate_wyckoff_vr1.2,True
600645,600645.SH,中源协和,医疗保健,20250307,22.75,66.7173175926209,66.7173175926209,0.0,3.2,5.6579,12633.3,3.191489361702128,weak_momentum,BULL_TREND,83.90359525563188,100.0,100.0,100.0,49.160161226231125,10.0,0.0,75.05169413560972,0.0,1,1,E_ablate_accel_vr1.2,True
600428,600428.SH,中远海特,水运,20250307,6.38,65.08119861949712,65.08119861949712,0.0,3.09,3.711,8720.95,3.4795763993948627,weak_momentum,BULL_TREND,81.38034190648249,100.0,87.2095,80.0,44.56513777905384,63.33333333333333,0.0,75.5,0.0,2,2,E_ablate_accel_vr1.2,True
600686,600686.SH,金龙汽车,汽车整车,20250307,14.61,64.06412235900008,64.06412235900008,0.0,2.4,8.2991,16760.28,5.068226120857707,weak_momentum,BULL_TREND,63.151720291689685,100.0,100.0,60.0,37.43323980392983,96.66666666666669,0.0,74.28696674215878,0.0,3,3,E_ablate_accel_vr1.2,True
603368,603368.SH,柳药集团,医药商业,20250310,17.94,62.48233020052135,62.48233020052135,0.0,4.31,4.8679,5356.05,2.499999999999986,weak_momentum,BULL_TREND,100.0,84.99999999999957,53.560500000000005,80.0,53.22071244792046,86.66666666666667,0.0,75.5,0.0,1,1,A_recovered_proxy_vr1.5,True
2437,002437.SZ,誉衡药业,化学制药,20250310,2.49,57.04105866302528,57.04105866302528,0.0,2.53,3.9246,7215.38,5.323193916349798,weak_momentum,BULL_TREND,66.95686924597926,100.0,72.1538,80.0,38.95400782053676,53.333333333333336,0.0,63.33384290920806,0.0,2,2,A_recovered_proxy_vr1.5,True
2576,002576.SZ,通达动力,电气设备,20250310,16.7,51.0063084831832,42.59055006742479,8.415758415758416,1.54,10.6659,833.23,3.690888119953868,weak_momentum,BULL_TREND,31.146517546008837,100.0,8.3323,65.0,84.15758415758415,0.0,0.0,56.96747207923893,0.0,3,3,A_recovered_proxy_vr1.5,True
603368,603368.SH,柳药集团,医药商业,20250310,17.94,62.48233020052135,62.48233020052135,0.0,4.31,4.8679,5356.05,2.499999999999986,weak_momentum,BULL_TREND,100.0,84.99999999999957,53.560500000000005,80.0,53.22071244792046,86.66666666666667,0.0,75.5,0.0,1,1,B_pure_quant_vr1.5,True
2437,002437.SZ,誉衡药业,化学制药,20250310,2.49,57.04105866302528,57.04105866302528,0.0,2.53,3.9246,7215.38,5.323193916349798,weak_momentum,BULL_TREND,66.95686924597926,100.0,72.1538,80.0,38.95400782053676,53.333333333333336,0.0,63.33384290920806,0.0,2,2,B_pure_quant_vr1.5,True
603368,603368.SH,柳药集团,医药商业,20250310,17.94,62.11586001796428,62.11586001796428,0.0,4.31,4.8679,5356.05,2.499999999999986,weak_momentum,BULL_TREND,100.0,84.99999999999957,53.560500000000005,80.0,50.77757789753997,86.66666666666667,0.0,75.5,0.0,1,1,A_recovered_proxy_vr1.2,True
2437,002437.SZ,誉衡药业,化学制药,20250310,2.49,56.60479859974385,56.60479859974385,0.0,2.53,3.9246,7215.38,5.323193916349798,weak_momentum,BULL_TREND,66.95686924597926,100.0,72.1538,80.0,36.0456073986606,53.333333333333336,0.0,63.33384290920806,0.0,2,2,A_recovered_proxy_vr1.2,True
2576,002576.SZ,通达动力,电气设备,20250310,16.7,53.15447763135235,44.57945155632628,8.575026075026075,1.54,10.6659,833.23,3.690888119953868,weak_momentum,BULL_TREND,31.146517546008837,100.0,8.3323,100.0,85.75026075026075,0.0,0.0,56.96747207923893,0.0,3,3,A_recovered_proxy_vr1.2,True
603368,603368.SH,柳药集团,医药商业,20250310,17.94,62.11586001796428,62.11586001796428,0.0,4.31,4.8679,5356.05,2.499999999999986,weak_momentum,BULL_TREND,100.0,84.99999999999957,53.560500000000005,80.0,50.77757789753997,86.66666666666667,0.0,75.5,0.0,1,1,D_pure_quant_vr1.2,True
2437,002437.SZ,誉衡药业,化学制药,20250310,2.49,56.60479859974385,56.60479859974385,0.0,2.53,3.9246,7215.38,5.323193916349798,weak_momentum,BULL_TREND,66.95686924597926,100.0,72.1538,80.0,36.0456073986606,53.333333333333336,0.0,63.33384290920806,0.0,2,2,D_pure_quant_vr1.2,True
603368,603368.SH,柳药集团,医药商业,20250310,17.94,54.49922333333328,54.49922333333328,0.0,4.31,4.8679,5356.05,2.499999999999986,weak_momentum,BULL_TREND,100.0,84.99999999999957,53.560500000000005,80.0,50.77757789753997,86.66666666666667,0.0,75.5,0.0,1,1,E_ablate_sector_vr1.2,True
2437,002437.SZ,誉衡药业,化学制药,20250310,2.49,51.19795748994476,51.19795748994476,0.0,2.53,3.9246,7215.38,5.323193916349798,weak_momentum,BULL_TREND,66.95686924597926,100.0,72.1538,80.0,36.0456073986606,53.333333333333336,0.0,63.33384290920806,0.0,2,2,E_ablate_sector_vr1.2,True
603368,603368.SH,柳药集团,医药商业,20250310,17.94,52.52182126777124,52.52182126777124,0.0,4.31,4.8679,5356.05,2.499999999999986,weak_momentum,BULL_TREND,100.0,84.99999999999957,53.560500000000005,80.0,51.0899195629197,86.66666666666667,0.0,75.5,0.0,1,1,E_ablate_inflow_vr1.2,True
603368,603368.SH,柳药集团,医药商业,20250310,17.94,50.79086001796428,50.79086001796428,0.0,4.31,4.8679,5356.05,2.499999999999986,weak_momentum,BULL_TREND,100.0,84.99999999999957,53.560500000000005,80.0,50.77757789753997,86.66666666666667,0.0,75.5,0.0,1,1,E_ablate_wyckoff_vr1.2,True
2437,002437.SZ,誉衡药业,化学制药,20250310,2.49,47.104722163362645,47.104722163362645,0.0,2.53,3.9246,7215.38,5.323193916349798,weak_momentum,BULL_TREND,66.95686924597926,100.0,72.1538,80.0,36.0456073986606,53.333333333333336,0.0,63.33384290920806,0.0,2,2,E_ablate_wyckoff_vr1.2,True
603368,603368.SH,柳药集团,医药商业,20250310,17.94,62.11586001796428,62.11586001796428,0.0,4.31,4.8679,5356.05,2.499999999999986,weak_momentum,BULL_TREND,100.0,84.99999999999957,53.560500000000005,80.0,50.77757789753997,86.66666666666667,0.0,75.5,0.0,1,1,E_ablate_accel_vr1.2,True
2437,002437.SZ,誉衡药业,化学制药,20250310,2.49,56.60479859974385,56.60479859974385,0.0,2.53,3.9246,7215.38,5.323193916349798,weak_momentum,BULL_TREND,66.95686924597926,100.0,72.1538,80.0,36.0456073986606,53.333333333333336,0.0,63.33384290920806,0.0,2,2,E_ablate_accel_vr1.2,True
2739,002739.SZ,儒意电影,影视音像,20250311,11.8,67.16895267896582,67.16895267896582,0.0,2.77,3.5393,13969.49,14.55467052860246,weak_momentum,BULL_TREND,73.49429881372318,78.71107892831284,100.0,80.0,49.980044379213545,66.66666666666666,0.0,92.46092263529626,0.0,1,1,A_recovered_proxy_vr1.5,True
600975,600975.SH,新五丰,农业综合,20250311,6.4,64.0639051545399,64.0639051545399,0.0,3.59,7.1397,11721.52,0.6211180124223608,weak_momentum,BULL_TREND,92.19919220241631,8.28157349896481,100.0,100.0,48.03173160420216,100.0,0.0,93.56985175780898,0.0,2,2,A_recovered_proxy_vr1.5,True
2617,002617.SZ,露笑科技,电气设备,20250311,8.44,63.49933533840122,58.27232765217977,5.22700768622145,1.66,8.068,21158.01,6.430155210643017,weak_momentum,BULL_TREND,36.55916207861,100.0,100.0,65.0,52.270076862214495,63.33333333333333,0.0,56.87516762926285,0.0,3,3,A_recovered_proxy_vr1.5,True
2739,002739.SZ,儒意电影,影视音像,20250311,11.8,67.16895267896582,67.16895267896582,0.0,2.77,3.5393,13969.49,14.55467052860246,weak_momentum,BULL_TREND,73.49429881372318,78.71107892831284,100.0,80.0,49.980044379213545,66.66666666666666,0.0,92.46092263529626,0.0,1,1,B_pure_quant_vr1.5,True
600975,600975.SH,新五丰,农业综合,20250311,6.4,64.0639051545399,64.0639051545399,0.0,3.59,7.1397,11721.52,0.6211180124223608,weak_momentum,BULL_TREND,92.19919220241631,8.28157349896481,100.0,100.0,48.03173160420216,100.0,0.0,93.56985175780898,0.0,2,2,B_pure_quant_vr1.5,True
589,000589.SZ,贵州轮胎,汽车配件,20250311,5.0,58.47180745440379,58.47180745440379,0.0,4.2,4.5786,13289.3,0.0,weak_momentum,BULL_TREND,100.0,0.0,100.0,40.0,37.73102633468664,100.0,0.0,85.41435669467195,0.0,3,3,B_pure_quant_vr1.5,True
2739,002739.SZ,儒意电影,影视音像,20250311,11.8,65.25040736574006,65.25040736574006,0.0,2.77,3.5393,13969.49,14.55467052860246,weak_momentum,BULL_TREND,73.49429881372318,78.71107892831284,100.0,65.0,42.189742291041824,66.66666666666666,0.0,92.46092263529626,0.0,1,1,A_recovered_proxy_vr1.2,True
600975,600975.SH,新五丰,农业综合,20250311,6.4,63.92921714417994,63.92921714417994,0.0,3.59,7.1397,11721.52,0.6211180124223608,weak_momentum,BULL_TREND,92.19919220241631,8.28157349896481,100.0,100.0,47.133811535135806,100.0,0.0,93.56985175780898,0.0,2,2,A_recovered_proxy_vr1.2,True
2811,002811.SZ,郑中设计,装修装饰,20250311,11.31,60.04994152828143,54.898205308961565,5.151736219319867,2.77,8.5435,4370.36,11.154752553024352,weak_momentum,BULL_TREND,73.49429881372318,100.0,43.7036,60.0,51.51736219319866,66.66666666666666,0.0,66.30983216393308,0.0,3,3,A_recovered_proxy_vr1.2,True
2739,002739.SZ,儒意电影,影视音像,20250311,11.8,65.25040736574006,65.25040736574006,0.0,2.77,3.5393,13969.49,14.55467052860246,weak_momentum,BULL_TREND,73.49429881372318,78.71107892831284,100.0,65.0,42.189742291041824,66.66666666666666,0.0,92.46092263529626,0.0,1,1,D_pure_quant_vr1.2,True
600975,600975.SH,新五丰,农业综合,20250311,6.4,63.92921714417994,63.92921714417994,0.0,3.59,7.1397,11721.52,0.6211180124223608,weak_momentum,BULL_TREND,92.19919220241631,8.28157349896481,100.0,100.0,47.133811535135806,100.0,0.0,93.56985175780898,0.0,2,2,D_pure_quant_vr1.2,True
589,000589.SZ,贵州轮胎,汽车配件,20250311,5.0,58.26073476277623,58.26073476277623,0.0,4.2,4.5786,13289.3,0.0,weak_momentum,BULL_TREND,100.0,0.0,100.0,40.0,36.3238750571696,100.0,0.0,85.41435669467195,0.0,3,3,D_pure_quant_vr1.2,True
2739,002739.SZ,儒意电影,影视音像,20250311,11.8,58.92194602208379,58.92194602208379,0.0,2.77,3.5393,13969.49,14.55467052860246,weak_momentum,BULL_TREND,73.49429881372318,78.71107892831284,100.0,65.0,42.189742291041824,66.66666666666666,0.0,92.46092263529626,0.0,1,1,E_ablate_sector_vr1.2,True
600975,600975.SH,新五丰,农业综合,20250311,6.4,56.85914541390957,56.85914541390957,0.0,3.59,7.1397,11721.52,0.6211180124223608,weak_momentum,BULL_TREND,92.19919220241631,8.28157349896481,100.0,100.0,47.133811535135806,100.0,0.0,93.56985175780898,0.0,2,2,E_ablate_sector_vr1.2,True
589,000589.SZ,贵州轮胎,汽车配件,20250311,5.0,52.81215350420079,52.81215350420079,0.0,4.2,4.5786,13289.3,0.0,weak_momentum,BULL_TREND,100.0,0.0,100.0,40.0,36.3238750571696,100.0,0.0,85.41435669467195,0.0,3,3,E_ablate_sector_vr1.2,True
2612,002612.SZ,朗姿股份,服饰,20250311,15.45,48.86615808051395,48.86615808051395,0.0,3.01,6.2147,617.56,3.316645807259081,weak_momentum,BULL_TREND,79.48817434924887,100.0,6.175599999999999,100.0,36.34176840973304,63.33333333333333,0.0,75.5,0.0,1,1,E_ablate_inflow_vr1.2,True
2739,002739.SZ,儒意电影,影视音像,20250311,11.8,47.257315270122334,47.257315270122334,0.0,2.77,3.5393,13969.49,14.55467052860246,weak_momentum,BULL_TREND,73.49429881372318,78.71107892831284,100.0,65.0,42.23579498692364,66.66666666666666,0.0,92.46092263529626,0.0,2,2,E_ablate_inflow_vr1.2,True
2811,002811.SZ,郑中设计,装修装饰,20250311,11.31,47.03266765981945,47.03266765981945,0.0,2.77,8.5435,4370.36,11.154752553024352,weak_momentum,BULL_TREND,73.49429881372318,100.0,43.7036,60.0,51.52476453225124,66.66666666666666,0.0,66.30983216393308,0.0,3,3,E_ablate_inflow_vr1.2,True
2739,002739.SZ,儒意电影,影视音像,20250311,11.8,51.381268970445625,51.381268970445625,0.0,2.77,3.5393,13969.49,14.55467052860246,weak_momentum,BULL_TREND,73.49429881372318,78.71107892831284,100.0,65.0,42.189742291041824,66.66666666666666,0.0,92.46092263529626,0.0,1,1,E_ablate_wyckoff_vr1.2,True
600975,600975.SH,新五丰,农业综合,20250311,6.4,49.8937393805086,49.8937393805086,0.0,3.59,7.1397,11721.52,0.6211180124223608,weak_momentum,BULL_TREND,92.19919220241631,8.28157349896481,100.0,100.0,47.133811535135806,100.0,0.0,93.56985175780898,0.0,2,2,E_ablate_wyckoff_vr1.2,True
2617,002617.SZ,露笑科技,电气设备,20250311,8.44,48.61121556300615,48.61121556300615,0.0,1.66,8.068,21158.01,6.430155210643017,weak_momentum,BULL_TREND,36.55916207861,100.0,100.0,65.0,44.73783056365322,63.33333333333333,0.0,56.87516762926285,0.0,3,3,E_ablate_wyckoff_vr1.2,True
2739,002739.SZ,儒意电影,影视音像,20250311,11.8,65.25040736574006,65.25040736574006,0.0,2.77,3.5393,13969.49,14.55467052860246,weak_momentum,BULL_TREND,73.49429881372318,78.71107892831284,100.0,65.0,42.189742291041824,66.66666666666666,0.0,92.46092263529626,0.0,1,1,E_ablate_accel_vr1.2,True
600975,600975.SH,新五丰,农业综合,20250311,6.4,63.92921714417994,63.92921714417994,0.0,3.59,7.1397,11721.52,0.6211180124223608,weak_momentum,BULL_TREND,92.19919220241631,8.28157349896481,100.0,100.0,47.133811535135806,100.0,0.0,93.56985175780898,0.0,2,2,E_ablate_accel_vr1.2,True
589,000589.SZ,贵州轮胎,汽车配件,20250311,5.0,58.26073476277623,58.26073476277623,0.0,4.2,4.5786,13289.3,0.0,weak_momentum,BULL_TREND,100.0,0.0,100.0,40.0,36.3238750571696,100.0,0.0,85.41435669467195,0.0,3,3,E_ablate_accel_vr1.2,True
600552,600552.SH,凯盛科技,元器件,20250312,13.65,66.39076852245533,60.99322233581596,5.397546186639379,2.06,8.1536,16940.5,3.465346534653467,weak_momentum,BULL_TREND,52.132216870424685,100.0,100.0,80.0,53.975461866393786,33.33333333333333,0.0,62.7360257241768,0.0,1,1,A_recovered_proxy_vr1.5,True
600719,600719.SH,大连热电,供气供热,20250312,6.53,59.603916684995525,59.603916684995525,0.0,4.42,8.938,3405.84,4.252199413489737,weak_momentum,BULL_TREND,100.0,100.0,34.0584,80.0,42.25889909639962,43.333333333333336,0.0,93.11935435912612,0.0,2,2,A_recovered_proxy_vr1.5,True
2073,002073.SZ,软控股份,专用机械,20250312,9.88,58.19559169618104,53.00128075256709,5.194310943613948,2.63,9.0287,5900.45,3.797468354430368,weak_momentum,BULL_TREND,69.75313997587888,100.0,59.0045,60.0,51.94310943613947,0.0,0.0,60.84022227176227,0.0,3,3,A_recovered_proxy_vr1.5,True
600552,600552.SH,凯盛科技,元器件,20250312,13.65,60.99322233581596,60.99322233581596,0.0,2.06,8.1536,16940.5,3.465346534653467,weak_momentum,BULL_TREND,52.132216870424685,100.0,100.0,80.0,53.975461866393786,33.33333333333333,0.0,62.7360257241768,0.0,1,1,B_pure_quant_vr1.5,True
600719,600719.SH,大连热电,供气供热,20250312,6.53,59.603916684995525,59.603916684995525,0.0,4.42,8.938,3405.84,4.252199413489737,weak_momentum,BULL_TREND,100.0,100.0,34.0584,80.0,42.25889909639962,43.333333333333336,0.0,93.11935435912612,0.0,2,2,B_pure_quant_vr1.5,True
2953,002953.SZ,日丰股份,电气设备,20250312,11.86,57.98981419738736,57.98981419738736,0.0,2.06,10.6567,6381.4,5.873015873015875,weak_momentum,BULL_TREND,52.132216870424685,100.0,63.81399999999999,80.0,46.50689003646393,53.333333333333336,0.0,86.93840996458272,0.0,3,3,B_pure_quant_vr1.5,True
600552,600552.SH,凯盛科技,元器件,20250312,13.65,69.48383670829558,62.8490632473201,6.634773460975476,2.06,8.1536,16940.5,3.465346534653467,weak_momentum,BULL_TREND,52.132216870424685,100.0,100.0,80.0,66.34773460975475,33.33333333333333,0.0,62.7360257241768,0.0,1,1,A_recovered_proxy_vr1.2,True
2953,002953.SZ,日丰股份,电气设备,20250312,11.86,64.22810535708973,58.94237549102095,5.285729866068781,2.06,10.6567,6381.4,5.873015873015875,weak_momentum,BULL_TREND,52.132216870424685,100.0,63.81399999999999,80.0,52.8572986606878,53.333333333333336,0.0,86.93840996458272,0.0,2,2,A_recovered_proxy_vr1.2,True
605277,605277.SH,新亚电子,元器件,20250312,16.96,60.04233469744848,53.40756123647301,6.634773460975476,1.97,6.8085,6628.37,7.625272331154677,weak_momentum,BULL_TREND,48.90978148408258,100.0,66.2837,65.0,66.34773460975475,63.33333333333333,0.0,38.47467437153827,0.0,3,3,A_recovered_proxy_vr1.2,True
600552,600552.SH,凯盛科技,元器件,20250312,13.65,62.8490632473201,62.8490632473201,0.0,2.06,8.1536,16940.5,3.465346534653467,weak_momentum,BULL_TREND,52.132216870424685,100.0,100.0,80.0,66.34773460975475,33.33333333333333,0.0,62.7360257241768,0.0,1,1,D_pure_quant_vr1.2,True
600719,600719.SH,大连热电,供气供热,20250312,6.53,59.8208096916572,59.8208096916572,0.0,4.42,8.938,3405.84,4.252199413489737,weak_momentum,BULL_TREND,100.0,100.0,34.0584,80.0,43.70485247414409,43.333333333333336,0.0,93.11935435912612,0.0,2,2,D_pure_quant_vr1.2,True
3029,003029.SZ,吉大正元,软件服务,20250312,26.26,59.20532055031863,59.20532055031863,0.0,2.52,10.0492,5980.71,3.809523809523806,weak_momentum,BULL_TREND,66.67118668625959,100.0,59.8071,100.0,41.32999800401858,33.33333333333333,0.0,90.4879878674016,0.0,3,3,D_pure_quant_vr1.2,True
600719,600719.SH,大连热电,供气供热,20250312,6.53,53.26508182053559,53.26508182053559,0.0,4.42,8.938,3405.84,4.252199413489737,weak_momentum,BULL_TREND,100.0,100.0,34.0584,80.0,43.70485247414409,43.333333333333336,0.0,93.11935435912612,0.0,1,1,E_ablate_sector_vr1.2,True
3029,003029.SZ,吉大正元,软件服务,20250312,26.26,53.005820849715846,53.005820849715846,0.0,2.52,10.0492,5980.71,3.809523809523806,weak_momentum,BULL_TREND,66.67118668625959,100.0,59.8071,100.0,41.32999800401858,33.33333333333333,0.0,90.4879878674016,0.0,2,2,E_ablate_sector_vr1.2,True
600552,600552.SH,凯盛科技,元器件,20250312,13.65,52.89690305585689,52.89690305585689,0.0,2.06,8.1536,16940.5,3.465346534653467,weak_momentum,BULL_TREND,52.132216870424685,100.0,100.0,80.0,66.34773460975475,33.33333333333333,0.0,62.7360257241768,0.0,3,3,E_ablate_sector_vr1.2,True
600719,600719.SH,大连热电,供气供热,20250312,6.53,53.69263878318458,53.69263878318458,0.0,4.42,8.938,3405.84,4.252199413489737,weak_momentum,BULL_TREND,100.0,100.0,34.0584,80.0,43.72045975099334,43.333333333333336,0.0,93.11935435912612,0.0,1,1,E_ablate_inflow_vr1.2,True
2254,002254.SZ,泰和新材,化纤,20250312,10.68,48.73219435966875,48.73219435966875,0.0,2.57,3.9609,4901.42,5.985915492957744,weak_momentum,BULL_TREND,68.08841797095766,100.0,49.0142,80.0,39.7504000513452,86.66666666666667,0.0,81.48692215326659,0.0,2,2,E_ablate_inflow_vr1.2,True
603599,603599.SH,广信股份,农药化肥,20250312,12.46,48.16336643391716,48.16336643391716,0.0,4.65,3.3685,3055.02,3.634957463263719,weak_momentum,BULL_TREND,100.0,100.0,30.5502,65.0,32.436518613127,0.0,0.0,86.98592427965403,0.0,3,3,E_ablate_inflow_vr1.2,True
600552,600552.SH,凯盛科技,元器件,20250312,13.65,53.43865938869358,53.43865938869358,0.0,2.06,8.1536,16940.5,3.465346534653467,weak_momentum,BULL_TREND,52.132216870424685,100.0,100.0,80.0,66.34773460975475,33.33333333333333,0.0,62.7360257241768,0.0,1,1,E_ablate_wyckoff_vr1.2,True
605277,605277.SH,新亚电子,元器件,20250312,16.96,47.63636008074226,47.63636008074226,0.0,1.97,6.8085,6628.37,7.625272331154677,weak_momentum,BULL_TREND,48.90978148408258,100.0,66.2837,65.0,66.34773460975475,63.33333333333333,0.0,38.47467437153827,0.0,2,2,E_ablate_wyckoff_vr1.2,True
2953,002953.SZ,日丰股份,电气设备,20250312,11.86,45.90161399633354,45.90161399633354,0.0,2.06,10.6567,6381.4,5.873015873015875,weak_momentum,BULL_TREND,52.132216870424685,100.0,63.81399999999999,80.0,52.8572986606878,53.333333333333336,0.0,86.93840996458272,0.0,3,3,E_ablate_wyckoff_vr1.2,True
600552,600552.SH,凯盛科技,元器件,20250312,13.65,62.8490632473201,62.8490632473201,0.0,2.06,8.1536,16940.5,3.465346534653467,weak_momentum,BULL_TREND,52.132216870424685,100.0,100.0,80.0,66.34773460975475,33.33333333333333,0.0,62.7360257241768,0.0,1,1,E_ablate_accel_vr1.2,True
600719,600719.SH,大连热电,供气供热,20250312,6.53,59.8208096916572,59.8208096916572,0.0,4.42,8.938,3405.84,4.252199413489737,weak_momentum,BULL_TREND,100.0,100.0,34.0584,80.0,43.70485247414409,43.333333333333336,0.0,93.11935435912612,0.0,2,2,E_ablate_accel_vr1.2,True
3029,003029.SZ,吉大正元,软件服务,20250312,26.26,59.20532055031863,59.20532055031863,0.0,2.52,10.0492,5980.71,3.809523809523806,weak_momentum,BULL_TREND,66.67118668625959,100.0,59.8071,100.0,41.32999800401858,33.33333333333333,0.0,90.4879878674016,0.0,3,3,E_ablate_accel_vr1.2,True
600310,600310.SH,广西能源,水力发电,20250313,4.56,64.67757643443355,59.47512534383359,5.202451090599962,3.95,6.6438,3932.8,4.602510460251059,sideways,BULL_TREND,99.09263266448704,46.0251046025106,39.328,65.0,52.02451090599962,66.66666666666666,0.0,92.44044313217364,0.0,1,1,A_recovered_proxy_vr1.5,True
600824,600824.SH,益民集团,百货,20250313,4.54,64.14475282363036,64.14475282363036,0.0,2.73,9.2776,8334.09,7.34693877551021,sideways,BULL_TREND,72.44504755725639,89.1156462585035,83.3409,60.0,49.97167692275978,63.33333333333333,0.0,61.98394982568793,0.0,2,2,A_recovered_proxy_vr1.5,True
2256,002256.SZ,兆新股份,新型电力,20250313,2.47,62.284850559574544,62.284850559574544,0.0,3.46,7.5715,4762.5,6.439393939393937,sideways,BULL_TREND,89.5386018931,73.98989898989895,47.625,100.0,46.69010447259401,63.33333333333333,0.0,69.36165023132507,0.0,3,3,A_recovered_proxy_vr1.5,True
600824,600824.SH,益民集团,百货,20250313,4.54,64.14475282363036,64.14475282363036,0.0,2.73,9.2776,8334.09,7.34693877551021,sideways,BULL_TREND,72.44504755725639,89.1156462585035,83.3409,60.0,49.97167692275978,63.33333333333333,0.0,61.98394982568793,0.0,1,1,B_pure_quant_vr1.5,True
2256,002256.SZ,兆新股份,新型电力,20250313,2.47,62.284850559574544,62.284850559574544,0.0,3.46,7.5715,4762.5,6.439393939393937,sideways,BULL_TREND,89.5386018931,73.98989898989895,47.625,100.0,46.69010447259401,63.33333333333333,0.0,69.36165023132507,0.0,2,2,B_pure_quant_vr1.5,True
600310,600310.SH,广西能源,水力发电,20250313,4.56,59.47512534383359,59.47512534383359,0.0,3.95,6.6438,3932.8,4.602510460251059,sideways,BULL_TREND,99.09263266448704,46.0251046025106,39.328,65.0,52.02451090599962,66.66666666666666,0.0,92.44044313217364,0.0,3,3,B_pure_quant_vr1.5,True
600824,600824.SH,益民集团,百货,20250313,4.54,63.947494043445936,63.947494043445936,0.0,2.73,9.2776,8334.09,7.34693877551021,sideways,BULL_TREND,72.44504755725639,89.1156462585035,83.3409,60.0,48.65661838819696,63.33333333333333,0.0,61.98394982568793,0.0,1,1,A_recovered_proxy_vr1.2,True
2256,002256.SZ,兆新股份,新型电力,20250313,2.47,62.20656726488143,62.20656726488143,0.0,3.46,7.5715,4762.5,6.439393939393937,sideways,BULL_TREND,89.5386018931,73.98989898989895,47.625,100.0,46.16821584130657,63.33333333333333,0.0,69.36165023132507,0.0,2,2,A_recovered_proxy_vr1.2,True
600310,600310.SH,广西能源,水力发电,20250313,4.56,59.13737808909152,59.13737808909152,0.0,3.95,6.6438,3932.8,4.602510460251059,sideways,BULL_TREND,99.09263266448704,46.0251046025106,39.328,65.0,49.77286254105248,66.66666666666666,0.0,92.44044313217364,0.0,3,3,A_recovered_proxy_vr1.2,True
600824,600824.SH,益民集团,百货,20250313,4.54,63.947494043445936,63.947494043445936,0.0,2.73,9.2776,8334.09,7.34693877551021,sideways,BULL_TREND,72.44504755725639,89.1156462585035,83.3409,60.0,48.65661838819696,63.33333333333333,0.0,61.98394982568793,0.0,1,1,D_pure_quant_vr1.2,True
2256,002256.SZ,兆新股份,新型电力,20250313,2.47,62.20656726488143,62.20656726488143,0.0,3.46,7.5715,4762.5,6.439393939393937,sideways,BULL_TREND,89.5386018931,73.98989898989895,47.625,100.0,46.16821584130657,63.33333333333333,0.0,69.36165023132507,0.0,2,2,D_pure_quant_vr1.2,True
600310,600310.SH,广西能源,水力发电,20250313,4.56,59.13737808909152,59.13737808909152,0.0,3.95,6.6438,3932.8,4.602510460251059,sideways,BULL_TREND,99.09263266448704,46.0251046025106,39.328,65.0,49.77286254105248,66.66666666666666,0.0,92.44044313217364,0.0,3,3,D_pure_quant_vr1.2,True
600824,600824.SH,益民集团,百货,20250313,4.54,56.64900128521639,56.64900128521639,0.0,2.73,9.2776,8334.09,7.34693877551021,sideways,BULL_TREND,72.44504755725639,89.1156462585035,83.3409,60.0,48.65661838819696,63.33333333333333,0.0,61.98394982568793,0.0,1,1,E_ablate_sector_vr1.2,True
2256,002256.SZ,兆新股份,新型电力,20250313,2.47,55.28133488868544,55.28133488868544,0.0,3.46,7.5715,4762.5,6.439393939393937,sideways,BULL_TREND,89.5386018931,73.98989898989895,47.625,100.0,46.16821584130657,63.33333333333333,0.0,69.36165023132507,0.0,2,2,E_ablate_sector_vr1.2,True
600310,600310.SH,广西能源,水力发电,20250313,4.56,51.67144870793365,51.67144870793365,0.0,3.95,6.6438,3932.8,4.602510460251059,sideways,BULL_TREND,99.09263266448704,46.0251046025106,39.328,65.0,49.77286254105248,66.66666666666666,0.0,92.44044313217364,0.0,3,3,E_ablate_sector_vr1.2,True
2256,002256.SZ,兆新股份,新型电力,20250313,2.47,56.570789645384494,56.570789645384494,0.0,3.46,7.5715,4762.5,6.439393939393937,sideways,BULL_TREND,89.5386018931,73.98989898989895,47.625,100.0,46.696365044660375,63.33333333333333,0.0,69.36165023132507,0.0,1,1,E_ablate_inflow_vr1.2,True
600310,600310.SH,广西能源,水力发电,20250313,4.56,54.75981695734223,54.75981695734223,0.0,3.95,6.6438,3932.8,4.602510460251059,sideways,BULL_TREND,99.09263266448704,46.0251046025106,39.328,65.0,52.0515216627239,66.66666666666666,0.0,92.44044313217364,0.0,2,2,E_ablate_inflow_vr1.2,True
600824,600824.SH,益民集团,百货,20250313,4.54,54.146211138462746,54.146211138462746,0.0,2.73,9.2776,8334.09,7.34693877551021,sideways,BULL_TREND,72.44504755725639,89.1156462585035,83.3409,60.0,49.98745235497567,63.33333333333333,0.0,61.98394982568793,0.0,3,3,E_ablate_inflow_vr1.2,True
600824,600824.SH,益民集团,百货,20250313,4.54,56.50942006436339,56.50942006436339,0.0,2.73,9.2776,8334.09,7.34693877551021,sideways,BULL_TREND,72.44504755725639,89.1156462585035,83.3409,60.0,48.65661838819696,63.33333333333333,0.0,61.98394982568793,0.0,1,1,E_ablate_wyckoff_vr1.2,True
2256,002256.SZ,兆新股份,新型电力,20250313,2.47,53.88316923712242,53.88316923712242,0.0,3.46,7.5715,4762.5,6.439393939393937,sideways,BULL_TREND,89.5386018931,73.98989898989895,47.625,100.0,46.16821584130657,63.33333333333333,0.0,69.36165023132507,0.0,2,2,E_ablate_wyckoff_vr1.2,True
600310,600310.SH,广西能源,水力发电,20250313,4.56,48.04452491323068,48.04452491323068,0.0,3.95,6.6438,3932.8,4.602510460251059,sideways,BULL_TREND,99.09263266448704,46.0251046025106,39.328,65.0,49.77286254105248,66.66666666666666,0.0,92.44044313217364,0.0,3,3,E_ablate_wyckoff_vr1.2,True
600824,600824.SH,益民集团,百货,20250313,4.54,63.947494043445936,63.947494043445936,0.0,2.73,9.2776,8334.09,7.34693877551021,sideways,BULL_TREND,72.44504755725639,89.1156462585035,83.3409,60.0,48.65661838819696,63.33333333333333,0.0,61.98394982568793,0.0,1,1,E_ablate_accel_vr1.2,True
2256,002256.SZ,兆新股份,新型电力,20250313,2.47,62.20656726488143,62.20656726488143,0.0,3.46,7.5715,4762.5,6.439393939393937,sideways,BULL_TREND,89.5386018931,73.98989898989895,47.625,100.0,46.16821584130657,63.33333333333333,0.0,69.36165023132507,0.0,2,2,E_ablate_accel_vr1.2,True
600310,600310.SH,广西能源,水力发电,20250313,4.56,59.13737808909152,59.13737808909152,0.0,3.95,6.6438,3932.8,4.602510460251059,sideways,BULL_TREND,99.09263266448704,46.0251046025106,39.328,65.0,49.77286254105248,66.66666666666666,0.0,92.44044313217364,0.0,3,3,E_ablate_accel_vr1.2,True
601198,601198.SH,东兴证券,证券,20250314,12.59,81.72749191783676,73.96814153258116,7.759350385255607,3.39,5.6289,35004.26,1.4866979655712012,momentum,BULL_TREND,88.06426366808097,100.0,100.0,65.0,77.59350385255607,63.33333333333333,0.0,88.23134545191128,0.0,1,1,A_recovered_proxy_vr1.5,True
2939,002939.SZ,长城证券,证券,20250314,8.63,72.00248678461881,64.24313639936321,7.759350385255607,2.68,3.9708,18686.97,4.111111111111102,momentum,BULL_TREND,71.11165003415239,93.3333333333334,100.0,40.0,77.59350385255607,33.33333333333333,0.0,50.57688123729123,0.0,2,2,A_recovered_proxy_vr1.5,True
661,000661.SZ,长春高新,生物制药,20250314,102.97,71.89788079652122,65.87957544135178,6.018305355169447,2.67,3.0514,42639.27,0.0291262135922341,momentum,BULL_TREND,70.84198709564146,100.0,100.0,80.0,60.18305355169447,33.33333333333333,0.0,75.5,0.0,3,3,A_recovered_proxy_vr1.5,True
601198,601198.SH,东兴证券,证券,20250314,12.59,73.96814153258116,73.96814153258116,0.0,3.39,5.6289,35004.26,1.4866979655712012,momentum,BULL_TREND,88.06426366808097,100.0,100.0,65.0,77.59350385255607,63.33333333333333,0.0,88.23134545191128,0.0,1,1,B_pure_quant_vr1.5,True
661,000661.SZ,长春高新,生物制药,20250314,102.97,65.87957544135178,65.87957544135178,0.0,2.67,3.0514,42639.27,0.0291262135922341,momentum,BULL_TREND,70.84198709564146,100.0,100.0,80.0,60.18305355169447,33.33333333333333,0.0,75.5,0.0,2,2,B_pure_quant_vr1.5,True
2939,002939.SZ,长城证券,证券,20250314,8.63,64.24313639936321,64.24313639936321,0.0,2.68,3.9708,18686.97,4.111111111111102,momentum,BULL_TREND,71.11165003415239,93.3333333333334,100.0,40.0,77.59350385255607,33.33333333333333,0.0,50.57688123729123,0.0,3,3,B_pure_quant_vr1.5,True
601198,601198.SH,东兴证券,证券,20250314,12.59,81.72749191783676,73.96814153258116,7.759350385255607,3.39,5.6289,35004.26,1.4866979655712012,momentum,BULL_TREND,88.06426366808097,100.0,100.0,65.0,77.59350385255607,63.33333333333333,0.0,88.23134545191128,0.0,1,1,A_recovered_proxy_vr1.2,True
2939,002939.SZ,长城证券,证券,20250314,8.63,72.00248678461881,64.24313639936321,7.759350385255607,2.68,3.9708,18686.97,4.111111111111102,momentum,BULL_TREND,71.11165003415239,93.3333333333334,100.0,40.0,77.59350385255607,33.33333333333333,0.0,50.57688123729123,0.0,2,2,A_recovered_proxy_vr1.2,True
661,000661.SZ,长春高新,生物制药,20250314,102.97,71.89788079652122,65.87957544135178,6.018305355169447,2.67,3.0514,42639.27,0.0291262135922341,momentum,BULL_TREND,70.84198709564146,100.0,100.0,80.0,60.18305355169447,33.33333333333333,0.0,75.5,0.0,3,3,A_recovered_proxy_vr1.2,True
601198,601198.SH,东兴证券,证券,20250314,12.59,73.96814153258116,73.96814153258116,0.0,3.39,5.6289,35004.26,1.4866979655712012,momentum,BULL_TREND,88.06426366808097,100.0,100.0,65.0,77.59350385255607,63.33333333333333,0.0,88.23134545191128,0.0,1,1,D_pure_quant_vr1.2,True
661,000661.SZ,长春高新,生物制药,20250314,102.97,65.87957544135178,65.87957544135178,0.0,2.67,3.0514,42639.27,0.0291262135922341,momentum,BULL_TREND,70.84198709564146,100.0,100.0,80.0,60.18305355169447,33.33333333333333,0.0,75.5,0.0,2,2,D_pure_quant_vr1.2,True
2939,002939.SZ,长城证券,证券,20250314,8.63,64.24313639936321,64.24313639936321,0.0,2.68,3.9708,18686.97,4.111111111111102,momentum,BULL_TREND,71.11165003415239,93.3333333333334,100.0,40.0,77.59350385255607,33.33333333333333,0.0,50.57688123729123,0.0,3,3,D_pure_quant_vr1.2,True
601198,601198.SH,东兴证券,证券,20250314,12.59,58.44944076206994,58.44944076206994,0.0,3.39,5.6289,35004.26,1.4866979655712012,momentum,BULL_TREND,88.06426366808097,100.0,100.0,65.0,77.59350385255607,63.33333333333333,0.0,88.23134545191128,0.0,1,1,E_ablate_sector_vr1.2,True
661,000661.SZ,长春高新,生物制药,20250314,102.97,53.84296473101288,53.84296473101288,0.0,2.67,3.0514,42639.27,0.0291262135922341,momentum,BULL_TREND,70.84198709564146,100.0,100.0,80.0,60.18305355169447,33.33333333333333,0.0,75.5,0.0,2,2,E_ablate_sector_vr1.2,True
419,000419.SZ,通程控股,百货,20250314,6.09,49.37769962251129,49.37769962251129,0.0,3.6,8.0106,5168.83,3.3333333333333326,momentum,BULL_TREND,92.3998453277475,98.0,51.6883,80.0,43.53584966646971,53.333333333333336,0.0,87.13396156682492,0.0,3,3,E_ablate_sector_vr1.2,True
601198,601198.SH,东兴证券,证券,20250314,12.59,53.96814153258116,53.96814153258116,0.0,3.39,5.6289,35004.26,1.4866979655712012,momentum,BULL_TREND,88.06426366808097,100.0,100.0,65.0,77.59350385255607,63.33333333333333,0.0,88.23134545191128,0.0,1,1,E_ablate_inflow_vr1.2,True
605258,605258.SH,协和电子,元器件,20250314,34.96,48.76002078067314,48.76002078067314,0.0,2.23,8.3314,1585.34,1.5488594762038783,momentum,BULL_TREND,57.852185507279,100.0,15.8534,80.0,72.93982555080379,53.333333333333336,0.0,88.27561177753859,0.0,2,2,E_ablate_inflow_vr1.2,True
419,000419.SZ,通程控股,百货,20250314,6.09,47.74720955580523,47.74720955580523,0.0,3.6,8.0106,5168.83,3.3333333333333326,momentum,BULL_TREND,92.3998453277475,98.0,51.6883,80.0,43.53584966646971,53.333333333333336,0.0,87.13396156682492,0.0,3,3,E_ablate_inflow_vr1.2,True
601198,601198.SH,东兴证券,证券,20250314,12.59,65.14500698739003,65.14500698739003,0.0,3.39,5.6289,35004.26,1.4866979655712012,momentum,BULL_TREND,88.06426366808097,100.0,100.0,65.0,77.59350385255607,63.33333333333333,0.0,88.23134545191128,0.0,1,1,E_ablate_wyckoff_vr1.2,True
2939,002939.SZ,长城证券,证券,20250314,8.63,59.18544827563408,59.18544827563408,0.0,2.68,3.9708,18686.97,4.111111111111102,momentum,BULL_TREND,71.11165003415239,93.3333333333334,100.0,40.0,77.59350385255607,33.33333333333333,0.0,50.57688123729123,0.0,2,2,E_ablate_wyckoff_vr1.2,True
661,000661.SZ,长春高新,生物制药,20250314,102.97,58.32957544135178,58.32957544135178,0.0,2.67,3.0514,42639.27,0.0291262135922341,momentum,BULL_TREND,70.84198709564146,100.0,100.0,80.0,60.18305355169447,33.33333333333333,0.0,75.5,0.0,3,3,E_ablate_wyckoff_vr1.2,True
601198,601198.SH,东兴证券,证券,20250314,12.59,73.96814153258116,73.96814153258116,0.0,3.39,5.6289,35004.26,1.4866979655712012,momentum,BULL_TREND,88.06426366808097,100.0,100.0,65.0,77.59350385255607,63.33333333333333,0.0,88.23134545191128,0.0,1,1,E_ablate_accel_vr1.2,True
661,000661.SZ,长春高新,生物制药,20250314,102.97,65.87957544135178,65.87957544135178,0.0,2.67,3.0514,42639.27,0.0291262135922341,momentum,BULL_TREND,70.84198709564146,100.0,100.0,80.0,60.18305355169447,33.33333333333333,0.0,75.5,0.0,2,2,E_ablate_accel_vr1.2,True
2939,002939.SZ,长城证券,证券,20250314,8.63,64.24313639936321,64.24313639936321,0.0,2.68,3.9708,18686.97,4.111111111111102,momentum,BULL_TREND,71.11165003415239,93.3333333333334,100.0,40.0,77.59350385255607,33.33333333333333,0.0,50.57688123729123,0.0,3,3,E_ablate_accel_vr1.2,True
1287,001287.SZ,中电港,元器件,20250317,21.82,83.77464162139141,75.01109253536303,8.763549086028375,3.79,7.7766,9623.91,0.8181818181818169,momentum,BULL_TREND,96.10989241981837,100.0,96.2391,65.0,87.63549086028375,66.66666666666666,0.0,72.363571670002,0.0,1,1,A_recovered_proxy_vr1.5,True
605588,605588.SH,冠石科技,元器件,20250317,46.42,74.79452241948115,66.03097333345278,8.763549086028375,3.33,6.0602,5525.12,1.8812090467131692,momentum,BULL_TREND,86.77610886482687,100.0,55.2512,65.0,87.63549086028375,63.33333333333333,0.0,80.20552165005324,0.0,2,2,A_recovered_proxy_vr1.5,True
2635,002635.SZ,安洁科技,元器件,20250317,16.81,69.29140516301449,60.52785607698611,8.763549086028375,3.0,7.4929,3092.47,1.8680677174547595,momentum,BULL_TREND,79.2481250360578,100.0,30.9247,65.0,87.63549086028375,53.333333333333336,0.0,90.11932482854029,0.0,3,3,A_recovered_proxy_vr1.5,True
1287,001287.SZ,中电港,元器件,20250317,21.82,75.01109253536303,75.01109253536303,0.0,3.79,7.7766,9623.91,0.8181818181818169,momentum,BULL_TREND,96.10989241981837,100.0,96.2391,65.0,87.63549086028375,66.66666666666666,0.0,72.363571670002,0.0,1,1,B_pure_quant_vr1.5,True
605588,605588.SH,冠石科技,元器件,20250317,46.42,66.03097333345278,66.03097333345278,0.0,3.33,6.0602,5525.12,1.8812090467131692,momentum,BULL_TREND,86.77610886482687,100.0,55.2512,65.0,87.63549086028375,63.33333333333333,0.0,80.20552165005324,0.0,2,2,B_pure_quant_vr1.5,True
2635,002635.SZ,安洁科技,元器件,20250317,16.81,60.52785607698611,60.52785607698611,0.0,3.0,7.4929,3092.47,1.8680677174547595,momentum,BULL_TREND,79.2481250360578,100.0,30.9247,65.0,87.63549086028375,53.333333333333336,0.0,90.11932482854029,0.0,3,3,B_pure_quant_vr1.5,True
1287,001287.SZ,中电港,元器件,20250317,21.82,83.23110532165013,74.89873500220219,8.33237031944795,3.79,7.7766,9623.91,0.8181818181818169,momentum,BULL_TREND,96.10989241981837,100.0,96.2391,80.0,83.32370319447949,66.66666666666666,0.0,72.363571670002,0.0,1,1,A_recovered_proxy_vr1.2,True
605588,605588.SH,冠石科技,元器件,20250317,46.42,73.50098611973986,65.16861580029192,8.33237031944795,3.33,6.0602,5525.12,1.8812090467131692,momentum,BULL_TREND,86.77610886482687,100.0,55.2512,65.0,83.32370319447949,63.33333333333333,0.0,80.20552165005324,0.0,2,2,A_recovered_proxy_vr1.2,True
2635,002635.SZ,安洁科技,元器件,20250317,16.81,67.99786886327321,59.66549854382527,8.33237031944795,3.0,7.4929,3092.47,1.8680677174547595,momentum,BULL_TREND,79.2481250360578,100.0,30.9247,65.0,83.32370319447949,53.333333333333336,0.0,90.11932482854029,0.0,3,3,A_recovered_proxy_vr1.2,True
1287,001287.SZ,中电港,元器件,20250317,21.82,74.89873500220219,74.89873500220219,0.0,3.79,7.7766,9623.91,0.8181818181818169,momentum,BULL_TREND,96.10989241981837,100.0,96.2391,80.0,83.32370319447949,66.66666666666666,0.0,72.363571670002,0.0,1,1,D_pure_quant_vr1.2,True
605588,605588.SH,冠石科技,元器件,20250317,46.42,65.16861580029192,65.16861580029192,0.0,3.33,6.0602,5525.12,1.8812090467131692,momentum,BULL_TREND,86.77610886482687,100.0,55.2512,65.0,83.32370319447949,63.33333333333333,0.0,80.20552165005324,0.0,2,2,D_pure_quant_vr1.2,True
2635,002635.SZ,安洁科技,元器件,20250317,16.81,59.66549854382527,59.66549854382527,0.0,3.0,7.4929,3092.47,1.8680677174547595,momentum,BULL_TREND,79.2481250360578,100.0,30.9247,65.0,83.32370319447949,53.333333333333336,0.0,90.11932482854029,0.0,3,3,D_pure_quant_vr1.2,True
1287,001287.SZ,中电港,元器件,20250317,21.82,58.23399436330629,58.23399436330629,0.0,3.79,7.7766,9623.91,0.8181818181818169,momentum,BULL_TREND,96.10989241981837,100.0,96.2391,80.0,83.32370319447949,66.66666666666666,0.0,72.363571670002,0.0,1,1,E_ablate_sector_vr1.2,True
605588,605588.SH,冠石科技,元器件,20250317,46.42,48.50387516139602,48.50387516139602,0.0,3.33,6.0602,5525.12,1.8812090467131692,momentum,BULL_TREND,86.77610886482687,100.0,55.2512,65.0,83.32370319447949,63.33333333333333,0.0,80.20552165005324,0.0,2,2,E_ablate_sector_vr1.2,True
1287,001287.SZ,中电港,元器件,20250317,21.82,54.36848434935418,54.36848434935418,0.0,3.79,7.7766,9623.91,0.8181818181818169,momentum,BULL_TREND,96.10989241981837,100.0,96.2391,65.0,80.6615499302395,66.66666666666666,0.0,72.363571670002,0.0,1,1,E_ablate_inflow_vr1.2,True
605588,605588.SH,冠石科技,元器件,20250317,46.42,53.58594514744392,53.58594514744392,0.0,3.33,6.0602,5525.12,1.8812090467131692,momentum,BULL_TREND,86.77610886482687,100.0,55.2512,65.0,80.6615499302395,63.33333333333333,0.0,80.20552165005324,0.0,2,2,E_ablate_inflow_vr1.2,True
2635,002635.SZ,安洁科技,元器件,20250317,16.81,52.94812789097726,52.94812789097726,0.0,3.0,7.4929,3092.47,1.8680677174547595,momentum,BULL_TREND,79.2481250360578,100.0,30.9247,65.0,80.6615499302395,53.333333333333336,0.0,90.11932482854029,0.0,3,3,E_ablate_inflow_vr1.2,True
1287,001287.SZ,中电港,元器件,20250317,21.82,67.66237783520198,67.66237783520198,0.0,3.79,7.7766,9623.91,0.8181818181818169,momentum,BULL_TREND,96.10989241981837,100.0,96.2391,80.0,83.32370319447949,66.66666666666666,0.0,72.363571670002,0.0,1,1,E_ablate_wyckoff_vr1.2,True
605588,605588.SH,冠石科技,元器件,20250317,46.42,57.1480636352866,57.1480636352866,0.0,3.33,6.0602,5525.12,1.8812090467131692,momentum,BULL_TREND,86.77610886482687,100.0,55.2512,65.0,83.32370319447949,63.33333333333333,0.0,80.20552165005324,0.0,2,2,E_ablate_wyckoff_vr1.2,True
2635,002635.SZ,安洁科技,元器件,20250317,16.81,50.65356606097124,50.65356606097124,0.0,3.0,7.4929,3092.47,1.8680677174547595,momentum,BULL_TREND,79.2481250360578,100.0,30.9247,65.0,83.32370319447949,53.333333333333336,0.0,90.11932482854029,0.0,3,3,E_ablate_wyckoff_vr1.2,True
1287,001287.SZ,中电港,元器件,20250317,21.82,74.89873500220219,74.89873500220219,0.0,3.79,7.7766,9623.91,0.8181818181818169,momentum,BULL_TREND,96.10989241981837,100.0,96.2391,80.0,83.32370319447949,66.66666666666666,0.0,72.363571670002,0.0,1,1,E_ablate_accel_vr1.2,True
605588,605588.SH,冠石科技,元器件,20250317,46.42,65.16861580029192,65.16861580029192,0.0,3.33,6.0602,5525.12,1.8812090467131692,momentum,BULL_TREND,86.77610886482687,100.0,55.2512,65.0,83.32370319447949,63.33333333333333,0.0,80.20552165005324,0.0,2,2,E_ablate_accel_vr1.2,True
2635,002635.SZ,安洁科技,元器件,20250317,16.81,59.66549854382527,59.66549854382527,0.0,3.0,7.4929,3092.47,1.8680677174547595,momentum,BULL_TREND,79.2481250360578,100.0,30.9247,65.0,83.32370319447949,53.333333333333336,0.0,90.11932482854029,0.0,3,3,E_ablate_accel_vr1.2,True
2008,002008.SZ,大族激光,专用机械,20250318,30.27,79.27924769007105,71.74389814990131,7.5353495401697375,2.95,8.0853,54188.93,1.2398042414355597,momentum,BULL_TREND,78.03574772372394,100.0,100.0,65.0,75.35349540169737,66.66666666666666,0.0,83.84503577669916,0.0,1,1,A_recovered_proxy_vr1.5,True
2635,002635.SZ,安洁科技,元器件,20250318,17.41,73.9788605666916,65.79444967986001,8.184410886831587,3.21,11.2672,6173.72,0.797720797720801,momentum,BULL_TREND,84.12866486737892,100.0,61.7372,80.0,81.84410886831587,33.33333333333333,0.0,87.92221509423332,0.0,2,2,A_recovered_proxy_vr1.5,True
600601,600601.SH,方正科技,元器件,20250318,5.59,69.13490316691804,60.95049228008645,8.184410886831587,1.54,8.7404,9966.23,1.5845070422535186,momentum,BULL_TREND,31.146517546008837,100.0,99.6623,65.0,81.84410886831587,10.0,0.0,62.27232874521951,0.0,3,3,A_recovered_proxy_vr1.5,True
2008,002008.SZ,大族激光,专用机械,20250318,30.27,71.74389814990131,71.74389814990131,0.0,2.95,8.0853,54188.93,1.2398042414355597,momentum,BULL_TREND,78.03574772372394,100.0,100.0,65.0,75.35349540169737,66.66666666666666,0.0,83.84503577669916,0.0,1,1,B_pure_quant_vr1.5,True
2635,002635.SZ,安洁科技,元器件,20250318,17.41,65.79444967986001,65.79444967986001,0.0,3.21,11.2672,6173.72,0.797720797720801,momentum,BULL_TREND,84.12866486737892,100.0,61.7372,80.0,81.84410886831587,33.33333333333333,0.0,87.92221509423332,0.0,2,2,B_pure_quant_vr1.5,True
676,000676.SZ,智度股份,互联网,20250318,9.28,64.05054882164008,64.05054882164008,0.0,2.8,7.0971,14353.76,2.109704641350222,momentum,BULL_TREND,74.27134135851209,100.0,100.0,100.0,42.125871658148704,63.33333333333333,0.0,63.18006619566855,0.0,3,3,B_pure_quant_vr1.5,True
2635,002635.SZ,安洁科技,元器件,20250318,17.41,72.50614637164333,64.8126402164945,7.693506155148831,3.21,11.2672,6173.72,0.797720797720801,momentum,BULL_TREND,84.12866486737892,100.0,61.7372,80.0,76.9350615514883,33.33333333333333,0.0,87.92221509423332,0.0,1,1,A_recovered_proxy_vr1.2,True
2008,002008.SZ,大族激光,专用机械,20250318,30.27,69.66632219849406,69.66632219849406,0.0,2.95,8.0853,54188.93,1.2398042414355597,momentum,BULL_TREND,78.03574772372394,100.0,100.0,65.0,64.9656156446611,66.66666666666666,0.0,83.84503577669916,0.0,2,2,A_recovered_proxy_vr1.2,True
605277,605277.SH,新亚电子,元器件,20250318,17.73,67.96428334558607,60.27077719043725,7.693506155148831,1.92,10.6447,7885.66,3.4313725490196028,momentum,BULL_TREND,47.05531554732157,97.41176470588238,78.8566,80.0,76.9350615514883,10.0,0.0,78.12971077453108,0.0,3,3,A_recovered_proxy_vr1.2,True
2008,002008.SZ,大族激光,专用机械,20250318,30.27,69.66632219849406,69.66632219849406,0.0,2.95,8.0853,54188.93,1.2398042414355597,momentum,BULL_TREND,78.03574772372394,100.0,100.0,65.0,64.9656156446611,66.66666666666666,0.0,83.84503577669916,0.0,1,1,D_pure_quant_vr1.2,True
2635,002635.SZ,安洁科技,元器件,20250318,17.41,64.8126402164945,64.8126402164945,0.0,3.21,11.2672,6173.72,0.797720797720801,momentum,BULL_TREND,84.12866486737892,100.0,61.7372,80.0,76.9350615514883,33.33333333333333,0.0,87.92221509423332,0.0,2,2,D_pure_quant_vr1.2,True
2011,002011.SZ,盾安环境,家用电器,20250318,13.39,63.01835449148264,63.01835449148264,0.0,2.61,3.106,4465.55,2.6181818181818137,momentum,BULL_TREND,69.20249033975799,100.0,44.6555,40.0,42.079175728001765,86.66666666666667,0.0,89.5771246158525,100.0,3,3,D_pure_quant_vr1.2,True
2008,002008.SZ,大族激光,专用机械,20250318,30.27,56.67319906956184,56.67319906956184,0.0,2.95,8.0853,54188.93,1.2398042414355597,momentum,BULL_TREND,78.03574772372394,100.0,100.0,65.0,64.9656156446611,66.66666666666666,0.0,83.84503577669916,0.0,1,1,E_ablate_sector_vr1.2,True
676,000676.SZ,智度股份,互联网,20250318,9.28,55.62537449001034,55.62537449001034,0.0,2.8,7.0971,14353.76,2.109704641350222,momentum,BULL_TREND,74.27134135851209,100.0,100.0,100.0,31.93833306816611,63.33333333333333,0.0,63.18006619566855,0.0,2,2,E_ablate_sector_vr1.2,True
2011,002011.SZ,盾安环境,家用电器,20250318,13.39,54.602519345882286,54.602519345882286,0.0,2.61,3.106,4465.55,2.6181818181818137,momentum,BULL_TREND,69.20249033975799,100.0,44.6555,40.0,42.079175728001765,86.66666666666667,0.0,89.5771246158525,100.0,3,3,E_ablate_sector_vr1.2,True
2011,002011.SZ,盾安环境,家用电器,20250318,13.39,53.85989162380356,53.85989162380356,0.0,2.61,3.106,4465.55,2.6181818181818137,momentum,BULL_TREND,69.20249033975799,100.0,44.6555,40.0,40.9423613896064,86.66666666666667,0.0,89.5771246158525,100.0,1,1,E_ablate_inflow_vr1.2,True
2635,002635.SZ,安洁科技,元器件,20250318,17.41,52.4652002164945,52.4652002164945,0.0,3.21,11.2672,6173.72,0.797720797720801,momentum,BULL_TREND,84.12866486737892,100.0,61.7372,80.0,76.9350615514883,33.33333333333333,0.0,87.92221509423332,0.0,2,2,E_ablate_inflow_vr1.2,True
2008,002008.SZ,大族激光,专用机械,20250318,30.27,49.66632219849406,49.66632219849406,0.0,2.95,8.0853,54188.93,1.2398042414355597,momentum,BULL_TREND,78.03574772372394,100.0,100.0,65.0,64.9656156446611,66.66666666666666,0.0,83.84503577669916,0.0,3,3,E_ablate_inflow_vr1.2,True
2008,002008.SZ,大族激光,专用机械,20250318,30.27,61.28181862082415,61.28181862082415,0.0,2.95,8.0853,54188.93,1.2398042414355597,momentum,BULL_TREND,78.03574772372394,100.0,100.0,65.0,64.9656156446611,66.66666666666666,0.0,83.84503577669916,0.0,1,1,E_ablate_wyckoff_vr1.2,True
2635,002635.SZ,安洁科技,元器件,20250318,17.41,56.020418707071165,56.020418707071165,0.0,3.21,11.2672,6173.72,0.797720797720801,momentum,BULL_TREND,84.12866486737892,100.0,61.7372,80.0,76.9350615514883,33.33333333333333,0.0,87.92221509423332,0.0,2,2,E_ablate_wyckoff_vr1.2,True
676,000676.SZ,智度股份,互联网,20250318,9.28,55.6950344840767,55.6950344840767,0.0,2.8,7.0971,14353.76,2.109704641350222,momentum,BULL_TREND,74.27134135851209,100.0,100.0,100.0,31.93833306816611,63.33333333333333,0.0,63.18006619566855,0.0,3,3,E_ablate_wyckoff_vr1.2,True
2008,002008.SZ,大族激光,专用机械,20250318,30.27,69.66632219849406,69.66632219849406,0.0,2.95,8.0853,54188.93,1.2398042414355597,momentum,BULL_TREND,78.03574772372394,100.0,100.0,65.0,64.9656156446611,66.66666666666666,0.0,83.84503577669916,0.0,1,1,E_ablate_accel_vr1.2,True
2635,002635.SZ,安洁科技,元器件,20250318,17.41,64.8126402164945,64.8126402164945,0.0,3.21,11.2672,6173.72,0.797720797720801,momentum,BULL_TREND,84.12866486737892,100.0,61.7372,80.0,76.9350615514883,33.33333333333333,0.0,87.92221509423332,0.0,2,2,E_ablate_accel_vr1.2,True
676,000676.SZ,智度股份,互联网,20250318,9.28,62.01304110364356,62.01304110364356,0.0,2.8,7.0971,14353.76,2.109704641350222,momentum,BULL_TREND,74.27134135851209,100.0,100.0,100.0,31.93833306816611,63.33333333333333,0.0,63.18006619566855,0.0,3,3,E_ablate_accel_vr1.2,True
2355,002355.SZ,兴民智通,汽车配件,20250319,7.33,73.10981593489277,64.5672991044111,8.542516830481656,2.22,8.7892,8766.73,3.552631578947363,momentum,BULL_TREND,57.52798382876907,96.68421052631582,87.6673,80.0,85.42516830481655,20.0,0.0,66.51186816500845,0.0,1,1,A_recovered_proxy_vr1.5,True
917,000917.SZ,电广传媒,广告包装,20250319,8.39,71.74928672750676,65.08722606036618,6.662060667140574,2.35,9.166,23060.98,2.4418604651162683,momentum,BULL_TREND,61.63303783951375,100.0,100.0,60.0,66.62060667140574,66.66666666666666,0.0,61.84815716824633,0.0,2,2,A_recovered_proxy_vr1.5,True
600081,600081.SH,东风科技,汽车配件,20250319,12.8,70.8414908517079,62.29897402122625,8.542516830481656,3.81,5.3949,2401.38,1.0054137664346403,momentum,BULL_TREND,96.48954988592988,100.0,24.0138,40.0,85.42516830481655,100.0,0.0,89.37747877373458,0.0,3,3,A_recovered_proxy_vr1.5,True
917,000917.SZ,电广传媒,广告包装,20250319,8.39,65.08722606036618,65.08722606036618,0.0,2.35,9.166,23060.98,2.4418604651162683,momentum,BULL_TREND,61.63303783951375,100.0,100.0,60.0,66.62060667140574,66.66666666666666,0.0,61.84815716824633,0.0,1,1,B_pure_quant_vr1.5,True
2355,002355.SZ,兴民智通,汽车配件,20250319,7.33,64.5672991044111,64.5672991044111,0.0,2.22,8.7892,8766.73,3.552631578947363,momentum,BULL_TREND,57.52798382876907,96.68421052631582,87.6673,80.0,85.42516830481655,20.0,0.0,66.51186816500845,0.0,2,2,B_pure_quant_vr1.5,True
600081,600081.SH,东风科技,汽车配件,20250319,12.8,62.29897402122625,62.29897402122625,0.0,3.81,5.3949,2401.38,1.0054137664346403,momentum,BULL_TREND,96.48954988592988,100.0,24.0138,40.0,85.42516830481655,100.0,0.0,89.37747877373458,0.0,3,3,B_pure_quant_vr1.5,True
2355,002355.SZ,兴民智通,汽车配件,20250319,7.33,72.55993984154286,63.95071504217783,8.609224799365023,2.22,8.7892,8766.73,3.552631578947363,momentum,BULL_TREND,57.52798382876907,96.68421052631582,87.6673,65.0,86.09224799365023,20.0,0.0,66.51186816500845,0.0,1,1,A_recovered_proxy_vr1.2,True
917,000917.SZ,电广传媒,广告包装,20250319,8.39,72.34816609751073,65.56981230703549,6.778353790475231,2.35,9.166,23060.98,2.4418604651162683,momentum,BULL_TREND,61.63303783951375,100.0,100.0,65.0,67.78353790475231,66.66666666666666,0.0,61.84815716824633,0.0,2,2,A_recovered_proxy_vr1.2,True
600081,600081.SH,东风科技,汽车配件,20250319,12.8,71.04161475835801,62.432389958992985,8.609224799365023,3.81,5.3949,2401.38,1.0054137664346403,momentum,BULL_TREND,96.48954988592988,100.0,24.0138,40.0,86.09224799365023,100.0,0.0,89.37747877373458,0.0,3,3,A_recovered_proxy_vr1.2,True
917,000917.SZ,电广传媒,广告包装,20250319,8.39,65.56981230703549,65.56981230703549,0.0,2.35,9.166,23060.98,2.4418604651162683,momentum,BULL_TREND,61.63303783951375,100.0,100.0,65.0,67.78353790475231,66.66666666666666,0.0,61.84815716824633,0.0,1,1,D_pure_quant_vr1.2,True
2355,002355.SZ,兴民智通,汽车配件,20250319,7.33,63.95071504217783,63.95071504217783,0.0,2.22,8.7892,8766.73,3.552631578947363,momentum,BULL_TREND,57.52798382876907,96.68421052631582,87.6673,65.0,86.09224799365023,20.0,0.0,66.51186816500845,0.0,2,2,D_pure_quant_vr1.2,True
600081,600081.SH,东风科技,汽车配件,20250319,12.8,62.432389958992985,62.432389958992985,0.0,3.81,5.3949,2401.38,1.0054137664346403,momentum,BULL_TREND,96.48954988592988,100.0,24.0138,40.0,86.09224799365023,100.0,0.0,89.37747877373458,0.0,3,3,D_pure_quant_vr1.2,True
917,000917.SZ,电广传媒,广告包装,20250319,8.39,52.01310472608503,52.01310472608503,0.0,2.35,9.166,23060.98,2.4418604651162683,momentum,BULL_TREND,61.63303783951375,100.0,100.0,65.0,67.78353790475231,66.66666666666666,0.0,61.84815716824633,0.0,1,1,E_ablate_sector_vr1.2,True
2670,002670.SZ,国盛证券,证券,20250319,14.19,51.60547972207653,51.60547972207653,0.0,2.25,5.8985,17939.06,3.665987780040739,momentum,BULL_TREND,58.49625007211562,96.00407331975556,100.0,100.0,40.47974681808049,33.33333333333333,0.0,65.6396821261696,0.0,2,2,E_ablate_sector_vr1.2,True
969,000969.SZ,安泰科技,小金属,20250319,13.67,47.89532633141568,47.89532633141568,0.0,2.42,8.1791,8715.35,3.4604519774011315,momentum,BULL_TREND,63.75035237499349,97.23728813559322,87.15350000000001,60.0,47.23929755316575,33.33333333333333,0.0,65.11677994940662,0.0,3,3,E_ablate_sector_vr1.2,True
600081,600081.SH,东风科技,汽车配件,20250319,12.8,57.3447594184847,57.3447594184847,0.0,3.81,5.3949,2401.38,1.0054137664346403,momentum,BULL_TREND,96.48954988592988,100.0,24.0138,40.0,84.66789529110878,100.0,0.0,89.37747877373458,0.0,1,1,E_ablate_inflow_vr1.2,True
2355,002355.SZ,兴民智通,汽车配件,20250319,7.33,46.13238450166954,46.13238450166954,0.0,2.22,8.7892,8766.73,3.552631578947363,momentum,BULL_TREND,57.52798382876907,96.68421052631582,87.6673,65.0,84.66789529110878,20.0,0.0,66.51186816500845,0.0,2,2,E_ablate_inflow_vr1.2,True
917,000917.SZ,电广传媒,广告包装,20250319,8.39,45.72585342488273,45.72585342488273,0.0,2.35,9.166,23060.98,2.4418604651162683,momentum,BULL_TREND,61.63303783951375,100.0,100.0,65.0,68.5637434939885,66.66666666666666,0.0,61.84815716824633,0.0,3,3,E_ablate_inflow_vr1.2,True
917,000917.SZ,电广传媒,广告包装,20250319,8.39,59.38499659021085,59.38499659021085,0.0,2.35,9.166,23060.98,2.4418604651162683,momentum,BULL_TREND,61.63303783951375,100.0,100.0,65.0,67.78353790475231,66.66666666666666,0.0,61.84815716824633,0.0,1,1,E_ablate_wyckoff_vr1.2,True
2355,002355.SZ,兴民智通,汽车配件,20250319,7.33,57.299528225676994,57.299528225676994,0.0,2.22,8.7892,8766.73,3.552631578947363,momentum,BULL_TREND,57.52798382876907,96.68421052631582,87.6673,65.0,86.09224799365023,20.0,0.0,66.51186816500845,0.0,2,2,E_ablate_wyckoff_vr1.2,True
2523,002523.SZ,天桥起重,专用机械,20250319,4.0,55.28396507588309,55.28396507588309,0.0,1.97,9.5594,14508.13,4.988123515439429,momentum,BULL_TREND,48.90978148408258,88.07125890736343,100.0,80.0,59.86852647933846,63.33333333333333,0.0,31.818461587749,0.0,3,3,E_ablate_wyckoff_vr1.2,True
917,000917.SZ,电广传媒,广告包装,20250319,8.39,65.56981230703549,65.56981230703549,0.0,2.35,9.166,23060.98,2.4418604651162683,momentum,BULL_TREND,61.63303783951375,100.0,100.0,65.0,67.78353790475231,66.66666666666666,0.0,61.84815716824633,0.0,1,1,E_ablate_accel_vr1.2,True
2355,002355.SZ,兴民智通,汽车配件,20250319,7.33,63.95071504217783,63.95071504217783,0.0,2.22,8.7892,8766.73,3.552631578947363,momentum,BULL_TREND,57.52798382876907,96.68421052631582,87.6673,65.0,86.09224799365023,20.0,0.0,66.51186816500845,0.0,2,2,E_ablate_accel_vr1.2,True
600081,600081.SH,东风科技,汽车配件,20250319,12.8,62.432389958992985,62.432389958992985,0.0,3.81,5.3949,2401.38,1.0054137664346403,momentum,BULL_TREND,96.48954988592988,100.0,24.0138,40.0,86.09224799365023,100.0,0.0,89.37747877373458,0.0,3,3,E_ablate_accel_vr1.2,True
2445,002445.SZ,中南文化,钢加工,20250320,2.53,70.4938984567768,70.4938984567768,0.0,3.85,6.0217,9735.97,2.316602316602319,momentum,BULL_TREND,97.24292229037697,100.0,97.3597,100.0,47.67417811477841,63.33333333333333,0.0,87.34017823597917,0.0,1,1,A_recovered_proxy_vr1.5,True
2590,002590.SZ,万安科技,汽车配件,20250320,14.42,68.3989139763413,60.7036110387648,7.6953029375765,1.88,7.7722,9117.7,1.9047619047619004,momentum,BULL_TREND,45.53663309514563,100.0,91.177,65.0,76.953029375765,43.333333333333336,0.0,48.304435326732815,0.0,2,2,A_recovered_proxy_vr1.5,True
600480,600480.SH,凌云股份,汽车配件,20250320,19.08,67.03067975453392,59.33537681695742,7.6953029375765,1.69,7.4058,11417.92,3.048780487804885,momentum,BULL_TREND,37.851162325372975,99.70731707317069,100.0,65.0,76.953029375765,33.33333333333333,0.0,33.7969821901474,0.0,3,3,A_recovered_proxy_vr1.5,True
2445,002445.SZ,中南文化,钢加工,20250320,2.53,70.4938984567768,70.4938984567768,0.0,3.85,6.0217,9735.97,2.316602316602319,momentum,BULL_TREND,97.24292229037697,100.0,97.3597,100.0,47.67417811477841,63.33333333333333,0.0,87.34017823597917,0.0,1,1,B_pure_quant_vr1.5,True
601137,601137.SH,博威合金,小金属,20250320,22.2,64.88376984638863,64.88376984638863,0.0,2.25,5.186,12965.37,2.417582417582421,momentum,BULL_TREND,58.49625007211562,100.0,100.0,100.0,52.527463293915616,53.333333333333336,0.0,79.37173010121491,0.0,2,2,B_pure_quant_vr1.5,True
600006,600006.SH,东风股份,汽车整车,20250320,7.7,64.33611444134493,64.33611444134493,0.0,2.6,3.8117,12788.41,0.9009009009008933,momentum,BULL_TREND,68.92558116268648,100.0,100.0,65.0,48.19358357521763,63.33333333333333,0.0,79.41893885231772,0.0,3,3,B_pure_quant_vr1.5,True
2590,002590.SZ,万安科技,汽车配件,20250320,14.42,68.03461339074599,60.460743981701256,7.573869409044729,1.88,7.7722,9117.7,1.9047619047619004,momentum,BULL_TREND,45.53663309514563,100.0,91.177,65.0,75.73869409044728,43.333333333333336,0.0,48.304435326732815,0.0,1,1,A_recovered_proxy_vr1.2,True
2445,002445.SZ,中南文化,钢加工,20250320,2.53,67.04690783379141,67.04690783379141,0.0,3.85,6.0217,9735.97,2.316602316602319,momentum,BULL_TREND,97.24292229037697,100.0,97.3597,65.0,39.18922499985139,63.33333333333333,0.0,87.34017823597917,0.0,2,2,A_recovered_proxy_vr1.2,True
600480,600480.SH,凌云股份,汽车配件,20250320,19.08,66.6663791689386,59.09250975989388,7.573869409044729,1.69,7.4058,11417.92,3.048780487804885,momentum,BULL_TREND,37.851162325372975,99.70731707317069,100.0,65.0,75.73869409044728,33.33333333333333,0.0,33.7969821901474,0.0,3,3,A_recovered_proxy_vr1.2,True
2445,002445.SZ,中南文化,钢加工,20250320,2.53,67.04690783379141,67.04690783379141,0.0,3.85,6.0217,9735.97,2.316602316602319,momentum,BULL_TREND,97.24292229037697,100.0,97.3597,65.0,39.18922499985139,63.33333333333333,0.0,87.34017823597917,0.0,1,1,D_pure_quant_vr1.2,True
601137,601137.SH,博威合金,小金属,20250320,22.2,62.99926380847806,62.99926380847806,0.0,2.25,5.186,12965.37,2.417582417582421,momentum,BULL_TREND,58.49625007211562,100.0,100.0,100.0,43.1049331043628,53.333333333333336,0.0,79.37173010121491,0.0,2,2,D_pure_quant_vr1.2,True
600006,600006.SH,东风股份,汽车整车,20250320,7.7,61.14320696468311,61.14320696468311,0.0,2.6,3.8117,12788.41,0.9009009009008933,momentum,BULL_TREND,68.92558116268648,100.0,100.0,65.0,32.22904619190847,63.33333333333333,0.0,79.41893885231772,0.0,3,3,D_pure_quant_vr1.2,True
2445,002445.SZ,中南文化,钢加工,20250320,2.53,59.20906283382113,59.20906283382113,0.0,3.85,6.0217,9735.97,2.316602316602319,momentum,BULL_TREND,97.24292229037697,100.0,97.3597,65.0,39.18922499985139,63.33333333333333,0.0,87.34017823597917,0.0,1,1,E_ablate_sector_vr1.2,True
600006,600006.SH,东风股份,汽车整车,20250320,7.7,54.69739772630141,54.69739772630141,0.0,2.6,3.8117,12788.41,0.9009009009008933,momentum,BULL_TREND,68.92558116268648,100.0,100.0,65.0,32.22904619190847,63.33333333333333,0.0,79.41893885231772,0.0,2,2,E_ablate_sector_vr1.2,True
601137,601137.SH,博威合金,小金属,20250320,22.2,54.3782771876055,54.3782771876055,0.0,2.25,5.186,12965.37,2.417582417582421,momentum,BULL_TREND,58.49625007211562,100.0,100.0,100.0,43.1049331043628,53.333333333333336,0.0,79.37173010121491,0.0,3,3,E_ablate_sector_vr1.2,True
2445,002445.SZ,中南文化,钢加工,20250320,2.53,47.574967833791405,47.574967833791405,0.0,3.85,6.0217,9735.97,2.316602316602319,momentum,BULL_TREND,97.24292229037697,100.0,97.3597,65.0,39.18922499985139,63.33333333333333,0.0,87.34017823597917,0.0,1,1,E_ablate_inflow_vr1.2,True
2355,002355.SZ,兴民智通,汽车配件,20250320,7.59,46.824552882610135,46.824552882610135,0.0,2.32,10.8275,6124.58,2.316602316602313,momentum,BULL_TREND,60.706240267642364,100.0,61.2458,80.0,75.73869409044728,10.0,0.0,80.70878024374319,0.0,2,2,E_ablate_inflow_vr1.2,True
2284,002284.SZ,亚太股份,汽车配件,20250320,10.14,46.48178170681592,46.48178170681592,0.0,2.35,5.9621,2658.11,1.1695906432748462,momentum,BULL_TREND,61.63303783951375,100.0,26.581100000000003,40.0,75.73869409044728,53.333333333333336,0.0,74.2242054613273,0.0,3,3,E_ablate_inflow_vr1.2,True
2445,002445.SZ,中南文化,钢加工,20250320,2.53,58.312890010193485,58.312890010193485,0.0,3.85,6.0217,9735.97,2.316602316602319,momentum,BULL_TREND,97.24292229037697,100.0,97.3597,65.0,39.18922499985139,63.33333333333333,0.0,87.34017823597917,0.0,1,1,E_ablate_wyckoff_vr1.2,True
600480,600480.SH,凌云股份,汽车配件,20250320,19.08,55.71281154087914,55.71281154087914,0.0,1.69,7.4058,11417.92,3.048780487804885,momentum,BULL_TREND,37.851162325372975,99.70731707317069,100.0,65.0,75.73869409044728,33.33333333333333,0.0,33.7969821901474,0.0,2,2,E_ablate_wyckoff_vr1.2,True
2590,002590.SZ,万安科技,汽车配件,20250320,14.42,55.63030044902797,55.63030044902797,0.0,1.88,7.7722,9117.7,1.9047619047619004,momentum,BULL_TREND,45.53663309514563,100.0,91.177,65.0,75.73869409044728,43.333333333333336,0.0,48.304435326732815,0.0,3,3,E_ablate_wyckoff_vr1.2,True
2445,002445.SZ,中南文化,钢加工,20250320,2.53,67.04690783379141,67.04690783379141,0.0,3.85,6.0217,9735.97,2.316602316602319,momentum,BULL_TREND,97.24292229037697,100.0,97.3597,65.0,39.18922499985139,63.33333333333333,0.0,87.34017823597917,0.0,1,1,E_ablate_accel_vr1.2,True
601137,601137.SH,博威合金,小金属,20250320,22.2,62.99926380847806,62.99926380847806,0.0,2.25,5.186,12965.37,2.417582417582421,momentum,BULL_TREND,58.49625007211562,100.0,100.0,100.0,43.1049331043628,53.333333333333336,0.0,79.37173010121491,0.0,2,2,E_ablate_accel_vr1.2,True
600006,600006.SH,东风股份,汽车整车,20250320,7.7,61.14320696468311,61.14320696468311,0.0,2.6,3.8117,12788.41,0.9009009009008933,momentum,BULL_TREND,68.92558116268648,100.0,100.0,65.0,32.22904619190847,63.33333333333333,0.0,79.41893885231772,0.0,3,3,E_ablate_accel_vr1.2,True
600941,600941.SH,中国移动,电信运营,20250321,106.65,74.63164033923861,69.16436016831105,5.467280170927566,2.67,3.9279,52308.66,6.896551724137924,bear,BULL_TREND,70.84198709564146,81.60919540229874,100.0,80.0,54.67280170927566,0.0,61.766,86.42666468644047,0.0,1,1,A_recovered_proxy_vr1.5,True
600973,600973.SH,宝胜股份,电气设备,20250321,5.25,67.56873216781528,59.86684976435953,7.701882403455753,2.05,10.8519,13943.89,3.4926470588235365,bear,BULL_TREND,51.781195486536056,34.92647058823536,100.0,100.0,77.01882403455753,20.0,100.0,81.98616352271824,0.0,2,2,A_recovered_proxy_vr1.5,True
600120,600120.SH,浙江东方,多元金融,20250321,7.14,64.02839977719407,64.02839977719407,0.0,2.42,7.6698,17155.23,7.031250000000002,bear,BULL_TREND,63.75035237499349,83.8541666666667,100.0,100.0,29.07079033193652,33.33333333333333,61.632,72.32633642976397,0.0,3,3,A_recovered_proxy_vr1.5,True
600941,600941.SH,中国移动,电信运营,20250321,106.65,69.16436016831105,69.16436016831105,0.0,2.67,3.9279,52308.66,6.896551724137924,bear,BULL_TREND,70.84198709564146,81.60919540229874,100.0,80.0,54.67280170927566,0.0,61.766,86.42666468644047,0.0,1,1,B_pure_quant_vr1.5,True
600120,600120.SH,浙江东方,多元金融,20250321,7.14,64.02839977719407,64.02839977719407,0.0,2.42,7.6698,17155.23,7.031250000000002,bear,BULL_TREND,63.75035237499349,83.8541666666667,100.0,100.0,29.07079033193652,33.33333333333333,61.632,72.32633642976397,0.0,2,2,B_pure_quant_vr1.5,True
600973,600973.SH,宝胜股份,电气设备,20250321,5.25,59.86684976435953,59.86684976435953,0.0,2.05,10.8519,13943.89,3.4926470588235365,bear,BULL_TREND,51.781195486536056,34.92647058823536,100.0,100.0,77.01882403455753,20.0,100.0,81.98616352271824,0.0,3,3,B_pure_quant_vr1.5,True
600941,600941.SH,中国移动,电信运营,20250321,106.65,67.74494401759252,67.74494401759252,0.0,2.67,3.9279,52308.66,6.896551724137924,bear,BULL_TREND,70.84198709564146,81.60919540229874,100.0,80.0,45.21002737115207,0.0,61.766,86.42666468644047,0.0,1,1,A_recovered_proxy_vr1.2,True
600973,600973.SH,宝胜股份,电气设备,20250321,5.25,66.18339875182316,59.03564971476426,7.147749037058907,2.05,10.8519,13943.89,3.4926470588235365,bear,BULL_TREND,51.781195486536056,34.92647058823536,100.0,100.0,71.47749037058907,20.0,100.0,81.98616352271824,0.0,2,2,A_recovered_proxy_vr1.2,True
600120,600120.SH,浙江东方,多元金融,20250321,7.14,63.562885834927314,63.562885834927314,0.0,2.42,7.6698,17155.23,7.031250000000002,bear,BULL_TREND,63.75035237499349,83.8541666666667,100.0,100.0,25.967364050158167,33.33333333333333,61.632,72.32633642976397,0.0,3,3,A_recovered_proxy_vr1.2,True
600941,600941.SH,中国移动,电信运营,20250321,106.65,67.74494401759252,67.74494401759252,0.0,2.67,3.9279,52308.66,6.896551724137924,bear,BULL_TREND,70.84198709564146,81.60919540229874,100.0,80.0,45.21002737115207,0.0,61.766,86.42666468644047,0.0,1,1,D_pure_quant_vr1.2,True
600120,600120.SH,浙江东方,多元金融,20250321,7.14,63.562885834927314,63.562885834927314,0.0,2.42,7.6698,17155.23,7.031250000000002,bear,BULL_TREND,63.75035237499349,83.8541666666667,100.0,100.0,25.967364050158167,33.33333333333333,61.632,72.32633642976397,0.0,2,2,D_pure_quant_vr1.2,True
928,000928.SZ,中钢国际,建筑工程,20250321,6.91,59.03647977952038,59.03647977952038,0.0,2.97,3.9619,5658.05,5.986394557823123,bear,BULL_TREND,78.52314655130206,66.43990929705204,56.5805,40.0,28.075220912233966,66.66666666666666,74.71600000000001,91.40709185595036,0.0,3,3,D_pure_quant_vr1.2,True
600941,600941.SH,中国移动,电信运营,20250321,106.65,60.9634399119197,60.9634399119197,0.0,2.67,3.9279,52308.66,6.896551724137924,bear,BULL_TREND,70.84198709564146,81.60919540229874,100.0,80.0,45.21002737115207,0.0,61.766,86.42666468644047,0.0,1,1,E_ablate_sector_vr1.2,True
600120,600120.SH,浙江东方,多元金融,20250321,7.14,59.66778122740359,59.66778122740359,0.0,2.42,7.6698,17155.23,7.031250000000002,bear,BULL_TREND,63.75035237499349,83.8541666666667,100.0,100.0,25.967364050158167,33.33333333333333,61.632,72.32633642976397,0.0,2,2,E_ablate_sector_vr1.2,True
928,000928.SZ,中钢国际,建筑工程,20250321,6.91,54.825196642685285,54.825196642685285,0.0,2.97,3.9619,5658.05,5.986394557823123,bear,BULL_TREND,78.52314655130206,66.43990929705204,56.5805,40.0,28.075220912233966,66.66666666666666,74.71600000000001,91.40709185595036,0.0,3,3,E_ablate_sector_vr1.2,True
600941,600941.SH,中国移动,电信运营,20250321,106.65,55.6047576875063,55.6047576875063,0.0,2.67,3.9279,52308.66,6.896551724137924,bear,BULL_TREND,70.84198709564146,81.60919540229874,100.0,80.0,44.275451837244006,0.0,61.766,86.42666468644047,0.0,1,1,E_ablate_inflow_vr1.2,True
603110,603110.SH,东方材料,染料涂料,20250321,18.53,54.10112267045555,54.10112267045555,0.0,2.46,8.6368,-409.09,13.773848301535583,bear,BULL_TREND,64.93291577822575,100.0,0.0,60.0,19.293674336566983,43.333333333333336,68.842,79.91586151745149,0.0,2,2,E_ablate_inflow_vr1.2,True
928,000928.SZ,中钢国际,建筑工程,20250321,6.91,52.09099771646583,52.09099771646583,0.0,2.97,3.9619,5658.05,5.986394557823123,bear,BULL_TREND,78.52314655130206,66.43990929705204,56.5805,40.0,27.03640715853699,66.66666666666666,74.71600000000001,91.40709185595036,0.0,3,3,E_ablate_inflow_vr1.2,True
600941,600941.SH,中国移动,电信运营,20250321,106.65,57.373744255219655,57.373744255219655,0.0,2.67,3.9279,52308.66,6.896551724137924,bear,BULL_TREND,70.84198709564146,81.60919540229874,100.0,80.0,45.21002737115207,0.0,61.766,86.42666468644047,0.0,1,1,E_ablate_wyckoff_vr1.2,True
600120,600120.SH,浙江东方,多元金融,20250321,7.14,54.88372546335564,54.88372546335564,0.0,2.42,7.6698,17155.23,7.031250000000002,bear,BULL_TREND,63.75035237499349,83.8541666666667,100.0,100.0,25.967364050158167,33.33333333333333,61.632,72.32633642976397,0.0,2,2,E_ablate_wyckoff_vr1.2,True
600973,600973.SH,宝胜股份,电气设备,20250321,5.25,49.19731009203807,49.19731009203807,0.0,2.05,10.8519,13943.89,3.4926470588235365,bear,BULL_TREND,51.781195486536056,34.92647058823536,100.0,100.0,71.47749037058907,20.0,100.0,81.98616352271824,0.0,3,3,E_ablate_wyckoff_vr1.2,True
600941,600941.SH,中国移动,电信运营,20250321,106.65,67.74494401759252,67.74494401759252,0.0,2.67,3.9279,52308.66,6.896551724137924,bear,BULL_TREND,70.84198709564146,81.60919540229874,100.0,80.0,45.21002737115207,0.0,61.766,86.42666468644047,0.0,1,1,E_ablate_accel_vr1.2,True
600120,600120.SH,浙江东方,多元金融,20250321,7.14,63.562885834927314,63.562885834927314,0.0,2.42,7.6698,17155.23,7.031250000000002,bear,BULL_TREND,63.75035237499349,83.8541666666667,100.0,100.0,25.967364050158167,33.33333333333333,61.632,72.32633642976397,0.0,2,2,E_ablate_accel_vr1.2,True
928,000928.SZ,中钢国际,建筑工程,20250321,6.91,59.03647977952038,59.03647977952038,0.0,2.97,3.9619,5658.05,5.986394557823123,bear,BULL_TREND,78.52314655130206,66.43990929705204,56.5805,40.0,28.075220912233966,66.66666666666666,74.71600000000001,91.40709185595036,0.0,3,3,E_ablate_accel_vr1.2,True
878,000878.SZ,云南铜业,铜,20250324,14.26,71.73843182255561,61.7384318225556,10.0,3.13,6.2485,8929.09,2.194787379972567,bear,BULL_TREND,82.30813285789468,21.94787379972567,89.29090000000001,100.0,100.0,53.333333333333336,0.0,66.83779742677049,0.0,1,1,A_recovered_proxy_vr1.5,True
717,000717.SZ,中南股份,普钢,20250324,2.98,58.80468928279255,53.50649983456056,5.298189448231998,2.42,3.81,5200.44,5.0955414012738895,bear,BULL_TREND,63.75035237499349,51.59235668789816,52.0044,80.0,52.98189448231997,66.66666666666666,0.0,78.41631945869221,0.0,2,2,A_recovered_proxy_vr1.5,True
600461,600461.SH,洪城环境,水务,20250324,9.14,51.90689583122387,51.90689583122387,0.0,3.55,3.2445,7768.08,0.760043431053206,bear,BULL_TREND,91.39095123086598,7.60043431053206,77.6808,80.0,49.86952230299756,53.333333333333336,0.0,75.5,0.0,3,3,A_recovered_proxy_vr1.5,True
878,000878.SZ,云南铜业,铜,20250324,14.26,61.7384318225556,61.7384318225556,0.0,3.13,6.2485,8929.09,2.194787379972567,bear,BULL_TREND,82.30813285789468,21.94787379972567,89.29090000000001,100.0,100.0,53.333333333333336,0.0,66.83779742677049,0.0,1,1,B_pure_quant_vr1.5,True
717,000717.SZ,中南股份,普钢,20250324,2.98,53.50649983456056,53.50649983456056,0.0,2.42,3.81,5200.44,5.0955414012738895,bear,BULL_TREND,63.75035237499349,51.59235668789816,52.0044,80.0,52.98189448231997,66.66666666666666,0.0,78.41631945869221,0.0,2,2,B_pure_quant_vr1.5,True
600461,600461.SH,洪城环境,水务,20250324,9.14,51.90689583122387,51.90689583122387,0.0,3.55,3.2445,7768.08,0.760043431053206,bear,BULL_TREND,91.39095123086598,7.60043431053206,77.6808,80.0,49.86952230299756,53.333333333333336,0.0,75.5,0.0,3,3,B_pure_quant_vr1.5,True
878,000878.SZ,云南铜业,铜,20250324,14.26,71.73843182255561,61.7384318225556,10.0,3.13,6.2485,8929.09,2.194787379972567,bear,BULL_TREND,82.30813285789468,21.94787379972567,89.29090000000001,100.0,100.0,53.333333333333336,0.0,66.83779742677049,0.0,1,1,A_recovered_proxy_vr1.2,True
717,000717.SZ,中南股份,普钢,20250324,2.98,58.80468928279255,53.50649983456056,5.298189448231998,2.42,3.81,5200.44,5.0955414012738895,bear,BULL_TREND,63.75035237499349,51.59235668789816,52.0044,80.0,52.98189448231997,66.66666666666666,0.0,78.41631945869221,0.0,2,2,A_recovered_proxy_vr1.2,True
600461,600461.SH,洪城环境,水务,20250324,9.14,51.90689583122387,51.90689583122387,0.0,3.55,3.2445,7768.08,0.760043431053206,bear,BULL_TREND,91.39095123086598,7.60043431053206,77.6808,80.0,49.86952230299756,53.333333333333336,0.0,75.5,0.0,3,3,A_recovered_proxy_vr1.2,True
878,000878.SZ,云南铜业,铜,20250324,14.26,61.7384318225556,61.7384318225556,0.0,3.13,6.2485,8929.09,2.194787379972567,bear,BULL_TREND,82.30813285789468,21.94787379972567,89.29090000000001,100.0,100.0,53.333333333333336,0.0,66.83779742677049,0.0,1,1,D_pure_quant_vr1.2,True
717,000717.SZ,中南股份,普钢,20250324,2.98,53.50649983456056,53.50649983456056,0.0,2.42,3.81,5200.44,5.0955414012738895,bear,BULL_TREND,63.75035237499349,51.59235668789816,52.0044,80.0,52.98189448231997,66.66666666666666,0.0,78.41631945869221,0.0,2,2,D_pure_quant_vr1.2,True
600461,600461.SH,洪城环境,水务,20250324,9.14,51.90689583122387,51.90689583122387,0.0,3.55,3.2445,7768.08,0.760043431053206,bear,BULL_TREND,91.39095123086598,7.60043431053206,77.6808,80.0,49.86952230299756,53.333333333333336,0.0,75.5,0.0,3,3,D_pure_quant_vr1.2,True
878,000878.SZ,云南铜业,铜,20250324,14.26,46.7384318225556,46.7384318225556,0.0,3.13,6.2485,8929.09,2.194787379972567,bear,BULL_TREND,82.30813285789468,21.94787379972567,89.29090000000001,100.0,100.0,53.333333333333336,0.0,66.83779742677049,0.0,1,1,E_ablate_sector_vr1.2,True
717,000717.SZ,中南股份,普钢,20250324,2.98,45.559215662212566,45.559215662212566,0.0,2.42,3.81,5200.44,5.0955414012738895,bear,BULL_TREND,63.75035237499349,51.59235668789816,52.0044,80.0,52.98189448231997,66.66666666666666,0.0,78.41631945869221,0.0,2,2,E_ablate_sector_vr1.2,True
878,000878.SZ,云南铜业,铜,20250324,14.26,51.0235238225556,51.0235238225556,0.0,3.13,6.2485,8929.09,2.194787379972567,bear,BULL_TREND,82.30813285789468,21.94787379972567,89.29090000000001,100.0,100.0,53.333333333333336,0.0,66.83779742677049,0.0,1,1,E_ablate_inflow_vr1.2,True
717,000717.SZ,中南股份,普钢,20250324,2.98,47.26597183456056,47.26597183456056,0.0,2.42,3.81,5200.44,5.0955414012738895,bear,BULL_TREND,63.75035237499349,51.59235668789816,52.0044,80.0,52.98189448231997,66.66666666666666,0.0,78.41631945869221,0.0,2,2,E_ablate_inflow_vr1.2,True
878,000878.SZ,云南铜业,铜,20250324,14.26,53.717896131343146,53.717896131343146,0.0,3.13,6.2485,8929.09,2.194787379972567,bear,BULL_TREND,82.30813285789468,21.94787379972567,89.29090000000001,100.0,100.0,53.333333333333336,0.0,66.83779742677049,0.0,1,1,E_ablate_wyckoff_vr1.2,True
878,000878.SZ,云南铜业,铜,20250324,14.26,61.7384318225556,61.7384318225556,0.0,3.13,6.2485,8929.09,2.194787379972567,bear,BULL_TREND,82.30813285789468,21.94787379972567,89.29090000000001,100.0,100.0,53.333333333333336,0.0,66.83779742677049,0.0,1,1,E_ablate_accel_vr1.2,True
717,000717.SZ,中南股份,普钢,20250324,2.98,53.50649983456056,53.50649983456056,0.0,2.42,3.81,5200.44,5.0955414012738895,bear,BULL_TREND,63.75035237499349,51.59235668789816,52.0044,80.0,52.98189448231997,66.66666666666666,0.0,78.41631945869221,0.0,2,2,E_ablate_accel_vr1.2,True
600461,600461.SH,洪城环境,水务,20250324,9.14,51.90689583122387,51.90689583122387,0.0,3.55,3.2445,7768.08,0.760043431053206,bear,BULL_TREND,91.39095123086598,7.60043431053206,77.6808,80.0,49.86952230299756,53.333333333333336,0.0,75.5,0.0,3,3,E_ablate_accel_vr1.2,True
2312,002312.SZ,川发龙蟒,化工原料,20250325,12.99,76.51465456558371,68.29523362431269,8.219420941271027,2.01,4.9738,8258.02,9.791666666666668,bear,BULL_TREND,50.35977507021019,100.0,82.5802,65.0,82.19420941271026,53.333333333333336,0.0,77.58884191911037,0.0,1,1,A_recovered_proxy_vr1.5,True
962,000962.SZ,东方钽业,小金属,20250325,16.72,72.86145396737273,66.57104517365015,6.290408793722579,2.35,8.4193,14711.77,8.73362445414848,bear,BULL_TREND,61.63303783951375,100.0,100.0,60.0,62.90408793722579,53.333333333333336,0.0,50.91247493088825,0.0,2,2,A_recovered_proxy_vr1.5,True
600714,600714.SH,金瑞矿业,化工原料,20250325,11.81,66.85322146270737,58.63380052143634,8.219420941271027,2.3,9.1256,3013.84,10.25835866261398,bear,BULL_TREND,60.08169305848252,100.0,30.1384,100.0,82.19420941271026,53.333333333333336,0.0,20.02851641664153,0.0,3,3,A_recovered_proxy_vr1.5,True
2312,002312.SZ,川发龙蟒,化工原料,20250325,12.99,68.29523362431269,68.29523362431269,0.0,2.01,4.9738,8258.02,9.791666666666668,bear,BULL_TREND,50.35977507021019,100.0,82.5802,65.0,82.19420941271026,53.333333333333336,0.0,77.58884191911037,0.0,1,1,B_pure_quant_vr1.5,True
962,000962.SZ,东方钽业,小金属,20250325,16.72,66.57104517365015,66.57104517365015,0.0,2.35,8.4193,14711.77,8.73362445414848,bear,BULL_TREND,61.63303783951375,100.0,100.0,60.0,62.90408793722579,53.333333333333336,0.0,50.91247493088825,0.0,2,2,B_pure_quant_vr1.5,True
600714,600714.SH,金瑞矿业,化工原料,20250325,11.81,58.63380052143634,58.63380052143634,0.0,2.3,9.1256,3013.84,10.25835866261398,bear,BULL_TREND,60.08169305848252,100.0,30.1384,100.0,82.19420941271026,53.333333333333336,0.0,20.02851641664153,0.0,3,3,B_pure_quant_vr1.5,True
2312,002312.SZ,川发龙蟒,化工原料,20250325,12.99,76.51465456558371,68.29523362431269,8.219420941271027,2.01,4.9738,8258.02,9.791666666666668,bear,BULL_TREND,50.35977507021019,100.0,82.5802,65.0,82.19420941271026,53.333333333333336,0.0,77.58884191911037,0.0,1,1,A_recovered_proxy_vr1.2,True
962,000962.SZ,东方钽业,小金属,20250325,16.72,72.86145396737273,66.57104517365015,6.290408793722579,2.35,8.4193,14711.77,8.73362445414848,bear,BULL_TREND,61.63303783951375,100.0,100.0,60.0,62.90408793722579,53.333333333333336,0.0,50.91247493088825,0.0,2,2,A_recovered_proxy_vr1.2,True
600714,600714.SH,金瑞矿业,化工原料,20250325,11.81,66.85322146270737,58.63380052143634,8.219420941271027,2.3,9.1256,3013.84,10.25835866261398,bear,BULL_TREND,60.08169305848252,100.0,30.1384,100.0,82.19420941271026,53.333333333333336,0.0,20.02851641664153,0.0,3,3,A_recovered_proxy_vr1.2,True
2312,002312.SZ,川发龙蟒,化工原料,20250325,12.99,68.29523362431269,68.29523362431269,0.0,2.01,4.9738,8258.02,9.791666666666668,bear,BULL_TREND,50.35977507021019,100.0,82.5802,65.0,82.19420941271026,53.333333333333336,0.0,77.58884191911037,0.0,1,1,D_pure_quant_vr1.2,True
962,000962.SZ,东方钽业,小金属,20250325,16.72,66.57104517365015,66.57104517365015,0.0,2.35,8.4193,14711.77,8.73362445414848,bear,BULL_TREND,61.63303783951375,100.0,100.0,60.0,62.90408793722579,53.333333333333336,0.0,50.91247493088825,0.0,2,2,D_pure_quant_vr1.2,True
600714,600714.SH,金瑞矿业,化工原料,20250325,11.81,58.63380052143634,58.63380052143634,0.0,2.3,9.1256,3013.84,10.25835866261398,bear,BULL_TREND,60.08169305848252,100.0,30.1384,100.0,82.19420941271026,53.333333333333336,0.0,20.02851641664153,0.0,3,3,D_pure_quant_vr1.2,True
962,000962.SZ,东方钽业,小金属,20250325,16.72,57.13543198306628,57.13543198306628,0.0,2.35,8.4193,14711.77,8.73362445414848,bear,BULL_TREND,61.63303783951375,100.0,100.0,60.0,62.90408793722579,53.333333333333336,0.0,50.91247493088825,0.0,1,1,E_ablate_sector_vr1.2,True
2312,002312.SZ,川发龙蟒,化工原料,20250325,12.99,55.96610221240616,55.96610221240616,0.0,2.01,4.9738,8258.02,9.791666666666668,bear,BULL_TREND,50.35977507021019,100.0,82.5802,65.0,82.19420941271026,53.333333333333336,0.0,77.58884191911037,0.0,2,2,E_ablate_sector_vr1.2,True
600418,600418.SH,江淮汽车,汽车整车,20250325,32.78,49.64964109407921,49.64964109407921,0.0,1.96,3.593,4326.91,9.121153313002493,bear,BULL_TREND,48.54268271702418,100.0,43.2691,80.0,32.90881548378518,43.333333333333336,0.0,64.26076858056017,0.0,3,3,E_ablate_sector_vr1.2,True
2312,002312.SZ,川发龙蟒,化工原料,20250325,12.99,58.43135454067308,58.43135454067308,0.0,2.01,4.9738,8258.02,9.791666666666668,bear,BULL_TREND,50.35977507021019,100.0,82.5802,65.0,82.4991755217795,53.333333333333336,0.0,77.58884191911037,0.0,1,1,E_ablate_inflow_vr1.2,True
600714,600714.SH,金瑞矿业,化工原料,20250325,11.81,55.06293743779673,55.06293743779673,0.0,2.3,9.1256,3013.84,10.25835866261398,bear,BULL_TREND,60.08169305848252,100.0,30.1384,100.0,82.4991755217795,53.333333333333336,0.0,20.02851641664153,0.0,2,2,E_ablate_inflow_vr1.2,True
962,000962.SZ,东方钽业,小金属,20250325,16.72,54.583973626775325,54.583973626775325,0.0,2.35,8.4193,14711.77,8.73362445414848,bear,BULL_TREND,61.63303783951375,100.0,100.0,60.0,62.990277624726986,53.333333333333336,0.0,50.91247493088825,0.0,3,3,E_ablate_inflow_vr1.2,True
962,000962.SZ,东方钽业,小金属,20250325,16.72,60.46154818194356,60.46154818194356,0.0,2.35,8.4193,14711.77,8.73362445414848,bear,BULL_TREND,61.63303783951375,100.0,100.0,60.0,62.90408793722579,53.333333333333336,0.0,50.91247493088825,0.0,1,1,E_ablate_wyckoff_vr1.2,True
2312,002312.SZ,川发龙蟒,化工原料,20250325,12.99,58.98457259401945,58.98457259401945,0.0,2.01,4.9738,8258.02,9.791666666666668,bear,BULL_TREND,50.35977507021019,100.0,82.5802,65.0,82.19420941271026,53.333333333333336,0.0,77.58884191911037,0.0,2,2,E_ablate_wyckoff_vr1.2,True
600714,600714.SH,金瑞矿业,化工原料,20250325,11.81,56.23037855143936,56.23037855143936,0.0,2.3,9.1256,3013.84,10.25835866261398,bear,BULL_TREND,60.08169305848252,100.0,30.1384,100.0,82.19420941271026,53.333333333333336,0.0,20.02851641664153,0.0,3,3,E_ablate_wyckoff_vr1.2,True
2312,002312.SZ,川发龙蟒,化工原料,20250325,12.99,68.29523362431269,68.29523362431269,0.0,2.01,4.9738,8258.02,9.791666666666668,bear,BULL_TREND,50.35977507021019,100.0,82.5802,65.0,82.19420941271026,53.333333333333336,0.0,77.58884191911037,0.0,1,1,E_ablate_accel_vr1.2,True
962,000962.SZ,东方钽业,小金属,20250325,16.72,66.57104517365015,66.57104517365015,0.0,2.35,8.4193,14711.77,8.73362445414848,bear,BULL_TREND,61.63303783951375,100.0,100.0,60.0,62.90408793722579,53.333333333333336,0.0,50.91247493088825,0.0,2,2,E_ablate_accel_vr1.2,True
600714,600714.SH,金瑞矿业,化工原料,20250325,11.81,58.63380052143634,58.63380052143634,0.0,2.3,9.1256,3013.84,10.25835866261398,bear,BULL_TREND,60.08169305848252,100.0,30.1384,100.0,82.19420941271026,53.333333333333336,0.0,20.02851641664153,0.0,3,3,E_ablate_accel_vr1.2,True
600732,600732.SH,爱旭股份,电气设备,20250326,13.46,63.743716844259154,56.46842994286928,7.275286901389876,1.59,3.9402,18317.95,7.0441988950276215,bear,BULL_TREND,33.45133827548153,84.06998158379369,100.0,65.0,72.75286901389876,33.33333333333333,0.0,36.95118795897708,0.0,1,1,A_recovered_proxy_vr1.5,True
301069,301069.SZ,凯盛新材,化工原料,20250326,16.42,63.56135195366931,55.94068945366931,7.620662500000001,1.87,3.6958,5641.28,7.545045045045043,bear,BULL_TREND,45.1519135056456,92.41741741741738,56.4128,65.0,76.206625,33.33333333333333,0.0,35.06866861607321,0.0,2,2,A_recovered_proxy_vr1.5,True
2068,002068.SZ,黑猫股份,化工原料,20250326,12.04,60.361232932755286,52.74057043275528,7.620662500000001,1.76,3.8206,5970.77,6.376360808709178,bear,BULL_TREND,40.77877144312863,72.93934681181963,59.7077,65.0,76.206625,53.333333333333336,0.0,45.5,0.0,3,3,A_recovered_proxy_vr1.5,True
2400,002400.SZ,省广集团,广告包装,20250326,8.19,58.14519299930569,58.14519299930569,0.0,1.52,5.4111,14348.77,10.88139281828074,bear,BULL_TREND,30.203566183443044,100.0,100.0,100.0,55.5581966792256,53.333333333333336,0.0,34.166768919981,0.0,1,1,B_pure_quant_vr1.5,True
603598,603598.SH,引力传媒,互联网,20250326,17.9,57.26751343655239,57.26751343655239,0.0,2.19,6.2712,3517.6,11.342248637939589,bear,BULL_TREND,56.54654349132243,100.0,35.176,100.0,54.18027085937289,43.333333333333336,0.0,46.77038810740713,0.0,2,2,B_pure_quant_vr1.5,True
600732,600732.SH,爱旭股份,电气设备,20250326,13.46,56.46842994286928,56.46842994286928,0.0,1.59,3.9402,18317.95,7.0441988950276215,bear,BULL_TREND,33.45133827548153,84.06998158379369,100.0,65.0,72.75286901389876,33.33333333333333,0.0,36.95118795897708,0.0,3,3,B_pure_quant_vr1.5,True
600732,600732.SH,爱旭股份,电气设备,20250326,13.46,65.74715484370554,57.67049274253712,8.076662101168429,1.59,3.9402,18317.95,7.0441988950276215,bear,BULL_TREND,33.45133827548153,84.06998158379369,100.0,65.0,80.7666210116843,33.33333333333333,0.0,36.95118795897708,0.0,1,1,A_recovered_proxy_vr1.2,True
301069,301069.SZ,凯盛新材,化工原料,20250326,16.42,63.65289524332577,55.99561542746319,7.657279815862586,1.87,3.6958,5641.28,7.545045045045043,bear,BULL_TREND,45.1519135056456,92.41741741741738,56.4128,65.0,76.57279815862586,33.33333333333333,0.0,35.06866861607321,0.0,2,2,A_recovered_proxy_vr1.2,True
2068,002068.SZ,黑猫股份,化工原料,20250326,12.04,60.45277622241175,52.79549640654916,7.657279815862586,1.76,3.8206,5970.77,6.376360808709178,bear,BULL_TREND,40.77877144312863,72.93934681181963,59.7077,65.0,76.57279815862586,53.333333333333336,0.0,45.5,0.0,3,3,A_recovered_proxy_vr1.2,True
2400,002400.SZ,省广集团,广告包装,20250326,8.19,58.21938300356438,58.21938300356438,0.0,1.52,5.4111,14348.77,10.88139281828074,bear,BULL_TREND,30.203566183443044,100.0,100.0,100.0,56.05279670761684,53.333333333333336,0.0,34.166768919981,0.0,1,1,D_pure_quant_vr1.2,True
600732,600732.SH,爱旭股份,电气设备,20250326,13.46,57.67049274253712,57.67049274253712,0.0,1.59,3.9402,18317.95,7.0441988950276215,bear,BULL_TREND,33.45133827548153,84.06998158379369,100.0,65.0,80.7666210116843,33.33333333333333,0.0,36.95118795897708,0.0,2,2,D_pure_quant_vr1.2,True
600292,600292.SH,电投水电,水力发电,20250326,11.62,56.18414317681707,56.18414317681707,0.0,2.2,3.2806,5053.63,7.040000000000006,bear,BULL_TREND,56.87517618749676,84.0000000000001,50.5363,80.0,53.64682124800059,20.0,0.0,62.33521023639726,0.0,3,3,D_pure_quant_vr1.2,True
2400,002400.SZ,省广集团,广告包装,20250326,8.19,49.811463497421855,49.811463497421855,0.0,1.52,5.4111,14348.77,10.88139281828074,bear,BULL_TREND,30.203566183443044,100.0,100.0,100.0,56.05279670761684,53.333333333333336,0.0,34.166768919981,0.0,1,1,E_ablate_sector_vr1.2,True
603598,603598.SH,引力传媒,互联网,20250326,17.9,49.14047280764645,49.14047280764645,0.0,2.19,6.2712,3517.6,11.342248637939589,bear,BULL_TREND,56.54654349132243,100.0,35.176,100.0,37.766767307635575,43.333333333333336,0.0,46.77038810740713,0.0,2,2,E_ablate_sector_vr1.2,True
600292,600292.SH,电投水电,水力发电,20250326,11.62,48.13711998961698,48.13711998961698,0.0,2.2,3.2806,5053.63,7.040000000000006,bear,BULL_TREND,56.87517618749676,84.0000000000001,50.5363,80.0,53.64682124800059,20.0,0.0,62.33521023639726,0.0,3,3,E_ablate_sector_vr1.2,True
603598,603598.SH,引力传媒,互联网,20250326,17.9,50.58602763315984,50.58602763315984,0.0,2.19,6.2712,3517.6,11.342248637939589,bear,BULL_TREND,56.54654349132243,100.0,35.176,100.0,37.77783217008925,43.333333333333336,0.0,46.77038810740713,0.0,1,1,E_ablate_inflow_vr1.2,True
600292,600292.SH,电投水电,水力发电,20250326,11.62,50.12201311212385,50.12201311212385,0.0,2.2,3.2806,5053.63,7.040000000000006,bear,BULL_TREND,56.87517618749676,84.0000000000001,50.5363,80.0,53.66166081671249,20.0,0.0,62.33521023639726,0.0,2,2,E_ablate_inflow_vr1.2,True
301069,301069.SZ,凯盛新材,化工原料,20250326,16.42,48.81822923606396,48.81822923606396,0.0,1.87,3.6958,5641.28,7.545045045045043,bear,BULL_TREND,45.1519135056456,92.41741741741738,56.4128,65.0,73.85379688263099,33.33333333333333,0.0,35.06866861607321,0.0,3,3,E_ablate_inflow_vr1.2,True
2400,002400.SZ,省广集团,广告包装,20250326,8.19,54.11937073316666,54.11937073316666,0.0,1.52,5.4111,14348.77,10.88139281828074,bear,BULL_TREND,30.203566183443044,100.0,100.0,100.0,56.05279670761684,53.333333333333336,0.0,34.166768919981,0.0,1,1,E_ablate_wyckoff_vr1.2,True
603612,603612.SH,索通发展,矿物制品,20250326,17.44,53.7792654007566,53.7792654007566,0.0,1.88,5.0604,7116.59,12.799999999999995,bear,BULL_TREND,45.53663309514563,100.0,71.16590000000001,100.0,53.03087635438597,63.33333333333333,0.0,18.995890085222328,0.0,2,2,E_ablate_wyckoff_vr1.2,True
600732,600732.SH,爱旭股份,电气设备,20250326,13.46,53.23635018745986,53.23635018745986,0.0,1.59,3.9402,18317.95,7.0441988950276215,bear,BULL_TREND,33.45133827548153,84.06998158379369,100.0,65.0,80.7666210116843,33.33333333333333,0.0,36.95118795897708,0.0,3,3,E_ablate_wyckoff_vr1.2,True
2400,002400.SZ,省广集团,广告包装,20250326,8.19,58.21938300356438,58.21938300356438,0.0,1.52,5.4111,14348.77,10.88139281828074,bear,BULL_TREND,30.203566183443044,100.0,100.0,100.0,56.05279670761684,53.333333333333336,0.0,34.166768919981,0.0,1,1,E_ablate_accel_vr1.2,True
600732,600732.SH,爱旭股份,电气设备,20250326,13.46,57.67049274253712,57.67049274253712,0.0,1.59,3.9402,18317.95,7.0441988950276215,bear,BULL_TREND,33.45133827548153,84.06998158379369,100.0,65.0,80.7666210116843,33.33333333333333,0.0,36.95118795897708,0.0,2,2,E_ablate_accel_vr1.2,True
600292,600292.SH,电投水电,水力发电,20250326,11.62,56.18414317681707,56.18414317681707,0.0,2.2,3.2806,5053.63,7.040000000000006,bear,BULL_TREND,56.87517618749676,84.0000000000001,50.5363,80.0,53.64682124800059,20.0,0.0,62.33521023639726,0.0,3,3,E_ablate_accel_vr1.2,True
2312,002312.SZ,川发龙蟒,化工原料,20250327,13.15,72.37171737457616,64.40418065458366,7.967536719992515,2.01,6.1301,23791.05,6.4056939501779375,sideways,BULL_TREND,50.35977507021019,73.42823250296563,100.0,80.0,79.67536719992515,20.0,0.0,80.16261590413498,0.0,1,1,A_recovered_proxy_vr1.5,True
2050,002050.SZ,三花智控,家用电器,20250327,30.29,71.18529820501509,63.9307129554129,7.25458524960219,2.06,4.2017,48949.33,7.000307031010135,sideways,BULL_TREND,52.132216870424685,83.3384505168356,100.0,80.0,72.5458524960219,43.333333333333336,0.0,59.821846576214064,0.0,2,2,A_recovered_proxy_vr1.5,True
301069,301069.SZ,凯盛新材,化工原料,20250327,16.92,57.25000230400466,49.282465584012144,7.967536719992515,2.27,4.915,3652.13,4.729729729729729,sideways,BULL_TREND,59.13461487580951,47.29729729729729,36.5213,65.0,79.67536719992515,53.333333333333336,0.0,48.89097632727676,0.0,3,3,A_recovered_proxy_vr1.5,True
2312,002312.SZ,川发龙蟒,化工原料,20250327,13.15,64.40418065458366,64.40418065458366,0.0,2.01,6.1301,23791.05,6.4056939501779375,sideways,BULL_TREND,50.35977507021019,73.42823250296563,100.0,80.0,79.67536719992515,20.0,0.0,80.16261590413498,0.0,1,1,B_pure_quant_vr1.5,True
2050,002050.SZ,三花智控,家用电器,20250327,30.29,63.9307129554129,63.9307129554129,0.0,2.06,4.2017,48949.33,7.000307031010135,sideways,BULL_TREND,52.132216870424685,83.3384505168356,100.0,80.0,72.5458524960219,43.333333333333336,0.0,59.821846576214064,0.0,2,2,B_pure_quant_vr1.5,True
2409,002409.SZ,雅克科技,半导体,20250327,62.15,56.9844637326514,56.9844637326514,0.0,2.39,3.9034,15721.32,5.230253125953034,sideways,BULL_TREND,62.8505309103012,53.837552099217234,100.0,65.0,46.704003408522254,66.66666666666666,0.0,69.78459688288063,0.0,3,3,B_pure_quant_vr1.5,True
2312,002312.SZ,川发龙蟒,化工原料,20250327,13.15,72.36042968425305,64.39740804038978,7.963021643863269,2.01,6.1301,23791.05,6.4056939501779375,sideways,BULL_TREND,50.35977507021019,73.42823250296563,100.0,80.0,79.63021643863269,20.0,0.0,80.16261590413498,0.0,1,1,A_recovered_proxy_vr1.2,True
2050,002050.SZ,三花智控,家用电器,20250327,30.29,70.76090781007342,63.6760787184479,7.084829091625524,2.06,4.2017,48949.33,7.000307031010135,sideways,BULL_TREND,52.132216870424685,83.3384505168356,100.0,80.0,70.84829091625524,43.333333333333336,0.0,59.821846576214064,0.0,2,2,A_recovered_proxy_vr1.2,True
2409,002409.SZ,雅克科技,半导体,20250327,62.15,58.157280204616455,58.157280204616455,0.0,2.39,3.9034,15721.32,5.230253125953034,sideways,BULL_TREND,62.8505309103012,53.837552099217234,100.0,65.0,54.522779888289286,66.66666666666666,0.0,69.78459688288063,0.0,3,3,A_recovered_proxy_vr1.2,True
2312,002312.SZ,川发龙蟒,化工原料,20250327,13.15,64.39740804038978,64.39740804038978,0.0,2.01,6.1301,23791.05,6.4056939501779375,sideways,BULL_TREND,50.35977507021019,73.42823250296563,100.0,80.0,79.63021643863269,20.0,0.0,80.16261590413498,0.0,1,1,D_pure_quant_vr1.2,True
2050,002050.SZ,三花智控,家用电器,20250327,30.29,63.6760787184479,63.6760787184479,0.0,2.06,4.2017,48949.33,7.000307031010135,sideways,BULL_TREND,52.132216870424685,83.3384505168356,100.0,80.0,70.84829091625524,43.333333333333336,0.0,59.821846576214064,0.0,2,2,D_pure_quant_vr1.2,True
2409,002409.SZ,雅克科技,半导体,20250327,62.15,58.157280204616455,58.157280204616455,0.0,2.39,3.9034,15721.32,5.230253125953034,sideways,BULL_TREND,62.8505309103012,53.837552099217234,100.0,65.0,54.522779888289286,66.66666666666666,0.0,69.78459688288063,0.0,3,3,D_pure_quant_vr1.2,True
2050,002050.SZ,三花智控,家用电器,20250327,30.29,53.048835081009614,53.048835081009614,0.0,2.06,4.2017,48949.33,7.000307031010135,sideways,BULL_TREND,52.132216870424685,83.3384505168356,100.0,80.0,70.84829091625524,43.333333333333336,0.0,59.821846576214064,0.0,1,1,E_ablate_sector_vr1.2,True
2312,002312.SZ,川发龙蟒,化工原料,20250327,13.15,52.45287557459488,52.45287557459488,0.0,2.01,6.1301,23791.05,6.4056939501779375,sideways,BULL_TREND,50.35977507021019,73.42823250296563,100.0,80.0,79.63021643863269,20.0,0.0,80.16261590413498,0.0,2,2,E_ablate_sector_vr1.2,True
2409,002409.SZ,雅克科技,半导体,20250327,62.15,49.97886322137306,49.97886322137306,0.0,2.39,3.9034,15721.32,5.230253125953034,sideways,BULL_TREND,62.8505309103012,53.837552099217234,100.0,65.0,54.522779888289286,66.66666666666666,0.0,69.78459688288063,0.0,3,3,E_ablate_sector_vr1.2,True
2312,002312.SZ,川发龙蟒,化工原料,20250327,13.15,52.18257229906313,52.18257229906313,0.0,2.01,6.1301,23791.05,6.4056939501779375,sideways,BULL_TREND,50.35977507021019,73.42823250296563,100.0,80.0,78.1979781631217,20.0,0.0,80.16261590413498,0.0,1,1,E_ablate_inflow_vr1.2,True
2050,002050.SZ,三花智控,家用电器,20250327,30.29,51.66283829185618,51.66283829185618,0.0,2.06,4.2017,48949.33,7.000307031010135,sideways,BULL_TREND,52.132216870424685,83.3384505168356,100.0,80.0,70.76002140564381,43.333333333333336,0.0,59.821846576214064,0.0,2,2,E_ablate_inflow_vr1.2,True
2103,002103.SZ,广博股份,文教休闲,20250327,9.95,49.54824661218659,49.54824661218659,0.0,2.18,7.6188,4328.09,11.319073083778978,sideways,BULL_TREND,56.216406750110096,100.0,43.2809,100.0,42.95168321947672,33.33333333333333,0.0,33.92681647978495,0.0,3,3,E_ablate_inflow_vr1.2,True
2050,002050.SZ,三花智控,家用电器,20250327,30.29,56.49745712930221,56.49745712930221,0.0,2.06,4.2017,48949.33,7.000307031010135,sideways,BULL_TREND,52.132216870424685,83.3384505168356,100.0,80.0,70.84829091625524,43.333333333333336,0.0,59.821846576214064,0.0,1,1,E_ablate_wyckoff_vr1.2,True
2312,002312.SZ,川发龙蟒,化工原料,20250327,13.15,54.77789413189358,54.77789413189358,0.0,2.01,6.1301,23791.05,6.4056939501779375,sideways,BULL_TREND,50.35977507021019,73.42823250296563,100.0,80.0,79.63021643863269,20.0,0.0,80.16261590413498,0.0,2,2,E_ablate_wyckoff_vr1.2,True
2103,002103.SZ,广博股份,文教休闲,20250327,9.95,50.59616076019618,50.59616076019618,0.0,2.18,7.6188,4328.09,11.319073083778978,sideways,BULL_TREND,56.216406750110096,100.0,43.2809,100.0,42.45451072336866,33.33333333333333,0.0,33.92681647978495,0.0,3,3,E_ablate_wyckoff_vr1.2,True
2312,002312.SZ,川发龙蟒,化工原料,20250327,13.15,64.39740804038978,64.39740804038978,0.0,2.01,6.1301,23791.05,6.4056939501779375,sideways,BULL_TREND,50.35977507021019,73.42823250296563,100.0,80.0,79.63021643863269,20.0,0.0,80.16261590413498,0.0,1,1,E_ablate_accel_vr1.2,True
2050,002050.SZ,三花智控,家用电器,20250327,30.29,63.6760787184479,63.6760787184479,0.0,2.06,4.2017,48949.33,7.000307031010135,sideways,BULL_TREND,52.132216870424685,83.3384505168356,100.0,80.0,70.84829091625524,43.333333333333336,0.0,59.821846576214064,0.0,2,2,E_ablate_accel_vr1.2,True
2409,002409.SZ,雅克科技,半导体,20250327,62.15,58.157280204616455,58.157280204616455,0.0,2.39,3.9034,15721.32,5.230253125953034,sideways,BULL_TREND,62.8505309103012,53.837552099217234,100.0,65.0,54.522779888289286,66.66666666666666,0.0,69.78459688288063,0.0,3,3,E_ablate_accel_vr1.2,True
600733,600733.SH,北汽蓝谷,汽车整车,20250328,8.67,62.62027025184621,53.17090169051098,9.449368561335223,1.65,5.5722,42141.46,3.128491620111725,sideways,BULL_TREND,36.12330122355455,31.28491620111725,100.0,100.0,94.49368561335224,20.0,0.0,64.72534179233628,0.0,1,1,A_recovered_proxy_vr1.5,True
960,000960.SZ,锡业股份,小金属,20250328,15.98,61.09367113633236,53.02810338714751,8.06556774918485,1.78,4.7633,16248.41,5.499704316972204,sideways,BULL_TREND,41.59386205958365,58.32840528287006,100.0,65.0,80.65567749184851,30.0,0.0,31.22377456692017,0.0,2,2,A_recovered_proxy_vr1.5,True
2292,002292.SZ,奥飞娱乐,影视音像,20250328,9.97,60.31013476341456,53.54285361439535,6.767281149019209,1.67,11.5406,20508.33,16.777963272120196,sideways,BULL_TREND,36.99240513496637,82.22036727879804,100.0,60.0,67.67281149019209,66.66666666666666,0.0,11.93157188754196,0.0,3,3,A_recovered_proxy_vr1.5,True
426,000426.SZ,兴业银锡,铅锌,20250328,13.72,60.21203767948809,60.21203767948809,0.0,1.84,4.5007,21178.3,7.981220657276992,sideways,BULL_TREND,43.98528831411441,99.68701095461654,100.0,80.0,60.77346575622783,53.333333333333336,0.0,26.8453775855537,0.0,1,1,B_pure_quant_vr1.5,True
917,000917.SZ,电广传媒,广告包装,20250328,8.24,55.752655383940045,55.752655383940045,0.0,2.36,7.6692,15486.13,4.186046511627901,sideways,BULL_TREND,61.93934297935583,41.86046511627901,100.0,100.0,59.85241946648162,43.333333333333336,0.0,58.93473346884559,0.0,2,2,B_pure_quant_vr1.5,True
2292,002292.SZ,奥飞娱乐,影视音像,20250328,9.97,53.54285361439535,53.54285361439535,0.0,1.67,11.5406,20508.33,16.777963272120196,sideways,BULL_TREND,36.99240513496637,82.22036727879804,100.0,60.0,67.67281149019209,66.66666666666666,0.0,11.93157188754196,0.0,3,3,B_pure_quant_vr1.5,True
600733,600733.SH,北汽蓝谷,汽车整车,20250328,8.67,62.62027025184621,53.17090169051098,9.449368561335223,1.65,5.5722,42141.46,3.128491620111725,sideways,BULL_TREND,36.12330122355455,31.28491620111725,100.0,100.0,94.49368561335224,20.0,0.0,64.72534179233628,0.0,1,1,A_recovered_proxy_vr1.2,True
960,000960.SZ,锡业股份,小金属,20250328,15.98,61.09367113633236,53.02810338714751,8.06556774918485,1.78,4.7633,16248.41,5.499704316972204,sideways,BULL_TREND,41.59386205958365,58.32840528287006,100.0,65.0,80.65567749184851,30.0,0.0,31.22377456692017,0.0,2,2,A_recovered_proxy_vr1.2,True
2292,002292.SZ,奥飞娱乐,影视音像,20250328,9.97,60.31013476341456,53.54285361439535,6.767281149019209,1.67,11.5406,20508.33,16.777963272120196,sideways,BULL_TREND,36.99240513496637,82.22036727879804,100.0,60.0,67.67281149019209,66.66666666666666,0.0,11.93157188754196,0.0,3,3,A_recovered_proxy_vr1.2,True
426,000426.SZ,兴业银锡,铅锌,20250328,13.72,60.21203767948809,60.21203767948809,0.0,1.84,4.5007,21178.3,7.981220657276992,sideways,BULL_TREND,43.98528831411441,99.68701095461654,100.0,80.0,60.77346575622783,53.333333333333336,0.0,26.8453775855537,0.0,1,1,D_pure_quant_vr1.2,True
917,000917.SZ,电广传媒,广告包装,20250328,8.24,55.752655383940045,55.752655383940045,0.0,2.36,7.6692,15486.13,4.186046511627901,sideways,BULL_TREND,61.93934297935583,41.86046511627901,100.0,100.0,59.85241946648162,43.333333333333336,0.0,58.93473346884559,0.0,2,2,D_pure_quant_vr1.2,True
2292,002292.SZ,奥飞娱乐,影视音像,20250328,9.97,53.54285361439535,53.54285361439535,0.0,1.67,11.5406,20508.33,16.777963272120196,sideways,BULL_TREND,36.99240513496637,82.22036727879804,100.0,60.0,67.67281149019209,66.66666666666666,0.0,11.93157188754196,0.0,3,3,D_pure_quant_vr1.2,True
426,000426.SZ,兴业银锡,铅锌,20250328,13.72,51.09601781605392,51.09601781605392,0.0,1.84,4.5007,21178.3,7.981220657276992,sideways,BULL_TREND,43.98528831411441,99.68701095461654,100.0,80.0,60.77346575622783,53.333333333333336,0.0,26.8453775855537,0.0,1,1,E_ablate_sector_vr1.2,True
62,000062.SZ,深圳华强,元器件,20250328,24.44,46.99085741779681,46.99085741779681,0.0,2.4,6.8436,2896.24,10.114012504597278,sideways,BULL_TREND,63.151720291689685,100.0,28.9624,65.0,30.516773809445414,10.0,0.0,40.18325794687565,0.0,2,2,E_ablate_sector_vr1.2,True
917,000917.SZ,电广传媒,广告包装,20250328,8.24,46.7747924639678,46.7747924639678,0.0,2.36,7.6692,15486.13,4.186046511627901,sideways,BULL_TREND,61.93934297935583,41.86046511627901,100.0,100.0,59.85241946648162,43.333333333333336,0.0,58.93473346884559,0.0,3,3,E_ablate_sector_vr1.2,True
301297,301297.SZ,富乐德,半导体,20250328,39.79,51.786312684084585,51.786312684084585,0.0,2.51,7.5333,-2151.85,8.675694285058528,sideways,BULL_TREND,66.38436820880236,100.0,0.0,100.0,11.283396441943603,33.33333333333333,0.0,73.52146287658215,0.0,1,1,E_ablate_inflow_vr1.2,True
426,000426.SZ,兴业银锡,铅锌,20250328,13.72,48.21203767948809,48.21203767948809,0.0,1.84,4.5007,21178.3,7.981220657276992,sideways,BULL_TREND,43.98528831411441,99.68701095461654,100.0,80.0,60.77346575622783,53.333333333333336,0.0,26.8453775855537,0.0,2,2,E_ablate_inflow_vr1.2,True
62,000062.SZ,深圳华强,元器件,20250328,24.44,46.86274794253609,46.86274794253609,0.0,2.4,6.8436,2896.24,10.114012504597278,sideways,BULL_TREND,63.151720291689685,100.0,28.9624,65.0,22.31585683159521,10.0,0.0,40.18325794687565,0.0,3,3,E_ablate_inflow_vr1.2,True
426,000426.SZ,兴业银锡,铅锌,20250328,13.72,56.99059236922165,56.99059236922165,0.0,1.84,4.5007,21178.3,7.981220657276992,sideways,BULL_TREND,43.98528831411441,99.68701095461654,100.0,80.0,60.77346575622783,53.333333333333336,0.0,26.8453775855537,0.0,1,1,E_ablate_wyckoff_vr1.2,True
2292,002292.SZ,奥飞娱乐,影视音像,20250328,9.97,52.11106498789032,52.11106498789032,0.0,1.67,11.5406,20508.33,16.777963272120196,sideways,BULL_TREND,36.99240513496637,82.22036727879804,100.0,60.0,67.67281149019209,66.66666666666666,0.0,11.93157188754196,0.0,2,2,E_ablate_wyckoff_vr1.2,True
960,000960.SZ,锡业股份,小金属,20250328,15.98,49.281250439117095,49.281250439117095,0.0,1.78,4.7633,16248.41,5.499704316972204,sideways,BULL_TREND,41.59386205958365,58.32840528287006,100.0,65.0,80.65567749184851,30.0,0.0,31.22377456692017,0.0,3,3,E_ablate_wyckoff_vr1.2,True
426,000426.SZ,兴业银锡,铅锌,20250328,13.72,60.21203767948809,60.21203767948809,0.0,1.84,4.5007,21178.3,7.981220657276992,sideways,BULL_TREND,43.98528831411441,99.68701095461654,100.0,80.0,60.77346575622783,53.333333333333336,0.0,26.8453775855537,0.0,1,1,E_ablate_accel_vr1.2,True
917,000917.SZ,电广传媒,广告包装,20250328,8.24,55.752655383940045,55.752655383940045,0.0,2.36,7.6692,15486.13,4.186046511627901,sideways,BULL_TREND,61.93934297935583,41.86046511627901,100.0,100.0,59.85241946648162,43.333333333333336,0.0,58.93473346884559,0.0,2,2,E_ablate_accel_vr1.2,True
2292,002292.SZ,奥飞娱乐,影视音像,20250328,9.97,53.54285361439535,53.54285361439535,0.0,1.67,11.5406,20508.33,16.777963272120196,sideways,BULL_TREND,36.99240513496637,82.22036727879804,100.0,60.0,67.67281149019209,66.66666666666666,0.0,11.93157188754196,0.0,3,3,E_ablate_accel_vr1.2,True
301089,301089.SZ,拓新药业,化学制药,20250331,28.98,62.91204911635093,54.73104120434175,8.181007912009179,3.13,8.112,2692.13,3.880597014925368,sideways,BULL_TREND,82.30813285789468,38.80597014925368,26.9213,60.0,81.81007912009179,20.0,0.0,81.53225562296122,0.0,1,1,A_recovered_proxy_vr1.5,True
605111,605111.SH,新洁能,半导体,20250331,34.17,59.71686037850248,59.71686037850248,0.0,1.74,3.2891,8621.07,7.146739130434771,sideways,BULL_TREND,39.95436530370018,85.77898550724618,86.2107,80.0,73.4381066333232,66.66666666666666,0.0,51.343248931353855,0.0,2,2,A_recovered_proxy_vr1.5,True
600288,600288.SH,大恒科技,元器件,20250331,9.16,55.59742778097359,55.59742778097359,0.0,2.52,5.1782,1259.15,14.47245564892624,sideways,BULL_TREND,66.67118668625959,100.0,12.591500000000002,40.0,78.12259200622194,33.33333333333333,0.0,28.614427019971025,0.0,3,3,A_recovered_proxy_vr1.5,True
605111,605111.SH,新洁能,半导体,20250331,34.17,59.71686037850248,59.71686037850248,0.0,1.74,3.2891,8621.07,7.146739130434771,sideways,BULL_TREND,39.95436530370018,85.77898550724618,86.2107,80.0,73.4381066333232,66.66666666666666,0.0,51.343248931353855,0.0,1,1,B_pure_quant_vr1.5,True
600288,600288.SH,大恒科技,元器件,20250331,9.16,55.59742778097359,55.59742778097359,0.0,2.52,5.1782,1259.15,14.47245564892624,sideways,BULL_TREND,66.67118668625959,100.0,12.591500000000002,40.0,78.12259200622194,33.33333333333333,0.0,28.614427019971025,0.0,2,2,B_pure_quant_vr1.5,True
301089,301089.SZ,拓新药业,化学制药,20250331,28.98,54.73104120434175,54.73104120434175,0.0,3.13,8.112,2692.13,3.880597014925368,sideways,BULL_TREND,82.30813285789468,38.80597014925368,26.9213,60.0,81.81007912009179,20.0,0.0,81.53225562296122,0.0,3,3,B_pure_quant_vr1.5,True
605111,605111.SH,新洁能,半导体,20250331,34.17,63.61451170572596,57.649164776837175,5.965346928888786,1.74,3.2891,8621.07,7.146739130434771,sideways,BULL_TREND,39.95436530370018,85.77898550724618,86.2107,80.0,59.653469288887855,66.66666666666666,0.0,51.343248931353855,0.0,1,1,A_recovered_proxy_vr1.2,True
603068,603068.SH,博通集成,半导体,20250331,36.9,52.43942176540059,46.47407483651181,5.965346928888786,1.29,6.3039,3016.11,9.023668639053264,sideways,BULL_TREND,18.368553282426472,100.0,30.1611,100.0,59.653469288887855,33.33333333333333,0.0,26.65811711981781,0.0,2,2,A_recovered_proxy_vr1.2,True
600288,600288.SH,大恒科技,元器件,20250331,9.16,50.912643225344105,50.912643225344105,0.0,2.52,5.1782,1259.15,14.47245564892624,sideways,BULL_TREND,66.67118668625959,100.0,12.591500000000002,65.0,40.224028302025374,33.33333333333333,0.0,28.614427019971025,0.0,3,3,A_recovered_proxy_vr1.2,True
605111,605111.SH,新洁能,半导体,20250331,34.17,57.649164776837175,57.649164776837175,0.0,1.74,3.2891,8621.07,7.146739130434771,sideways,BULL_TREND,39.95436530370018,85.77898550724618,86.2107,80.0,59.653469288887855,66.66666666666666,0.0,51.343248931353855,0.0,1,1,D_pure_quant_vr1.2,True
600288,600288.SH,大恒科技,元器件,20250331,9.16,50.912643225344105,50.912643225344105,0.0,2.52,5.1782,1259.15,14.47245564892624,sideways,BULL_TREND,66.67118668625959,100.0,12.591500000000002,65.0,40.224028302025374,33.33333333333333,0.0,28.614427019971025,0.0,2,2,D_pure_quant_vr1.2,True
600502,600502.SH,安徽建工,建筑工程,20250331,4.79,50.65310812671769,50.65310812671769,0.0,4.43,4.6162,5003.52,0.2083333333333289,sideways,BULL_TREND,100.0,2.083333333333289,50.0352,80.0,47.44817376870071,66.66666666666666,0.0,87.83326162288273,0.0,3,3,D_pure_quant_vr1.2,True
605111,605111.SH,新洁能,半导体,20250331,34.17,48.701144383504,48.701144383504,0.0,1.74,3.2891,8621.07,7.146739130434771,sideways,BULL_TREND,39.95436530370018,85.77898550724618,86.2107,80.0,59.653469288887855,66.66666666666666,0.0,51.343248931353855,0.0,1,1,E_ablate_sector_vr1.2,True
600288,600288.SH,大恒科技,元器件,20250331,9.16,49.60713070663867,49.60713070663867,0.0,2.52,5.1782,1259.15,14.47245564892624,sideways,BULL_TREND,66.67118668625959,100.0,12.591500000000002,65.0,41.59381151065581,33.33333333333333,0.0,28.614427019971025,0.0,1,1,E_ablate_inflow_vr1.2,True
301089,301089.SZ,拓新药业,化学制药,20250331,28.98,46.66220897153197,46.66220897153197,0.0,3.13,8.112,2692.13,3.880597014925368,sideways,BULL_TREND,82.30813285789468,38.80597014925368,26.9213,60.0,49.55490423469324,20.0,0.0,81.53225562296122,0.0,2,2,E_ablate_inflow_vr1.2,True
605111,605111.SH,新洁能,半导体,20250331,34.17,51.48797490507471,51.48797490507471,0.0,1.74,3.2891,8621.07,7.146739130434771,sideways,BULL_TREND,39.95436530370018,85.77898550724618,86.2107,80.0,59.653469288887855,66.66666666666666,0.0,51.343248931353855,0.0,1,1,E_ablate_wyckoff_vr1.2,True
600288,600288.SH,大恒科技,元器件,20250331,9.16,47.47891198294758,47.47891198294758,0.0,2.52,5.1782,1259.15,14.47245564892624,sideways,BULL_TREND,66.67118668625959,100.0,12.591500000000002,65.0,40.224028302025374,33.33333333333333,0.0,28.614427019971025,0.0,2,2,E_ablate_wyckoff_vr1.2,True
605111,605111.SH,新洁能,半导体,20250331,34.17,57.649164776837175,57.649164776837175,0.0,1.74,3.2891,8621.07,7.146739130434771,sideways,BULL_TREND,39.95436530370018,85.77898550724618,86.2107,80.0,59.653469288887855,66.66666666666666,0.0,51.343248931353855,0.0,1,1,E_ablate_accel_vr1.2,True
600288,600288.SH,大恒科技,元器件,20250331,9.16,50.912643225344105,50.912643225344105,0.0,2.52,5.1782,1259.15,14.47245564892624,sideways,BULL_TREND,66.67118668625959,100.0,12.591500000000002,65.0,40.224028302025374,33.33333333333333,0.0,28.614427019971025,0.0,2,2,E_ablate_accel_vr1.2,True
600502,600502.SH,安徽建工,建筑工程,20250331,4.79,50.65310812671769,50.65310812671769,0.0,4.43,4.6162,5003.52,0.2083333333333289,sideways,BULL_TREND,100.0,2.083333333333289,50.0352,80.0,47.44817376870071,66.66666666666666,0.0,87.83326162288273,0.0,3,3,E_ablate_accel_vr1.2,True
756,000756.SZ,新华制药,化学制药,20250401,15.48,66.57818511954437,58.18309237434912,8.395092745195251,3.53,6.9211,7563.34,1.7142857142857115,sideways,BULL_TREND,90.98340917482275,17.142857142857114,75.6334,65.0,83.95092745195251,53.333333333333336,0.0,75.5,0.0,1,1,A_recovered_proxy_vr1.5,True
600170,600170.SH,上海建工,建筑工程,20250401,2.67,66.56030594593501,59.88031313488641,6.679992811048601,3.46,4.3511,28272.25,2.1978021978022,sideways,BULL_TREND,89.5386018931,21.978021978022,100.0,80.0,66.79992811048601,53.333333333333336,0.0,75.5,0.0,2,2,A_recovered_proxy_vr1.5,True
2067,002067.SZ,景兴纸业,造纸,20250401,3.98,65.42110981806044,65.42110981806044,0.0,2.62,7.4059,6853.7,11.358574610244991,sideways,BULL_TREND,69.47834058813628,100.0,68.53699999999999,100.0,56.44349863082333,53.333333333333336,0.0,53.15202856150251,0.0,3,3,A_recovered_proxy_vr1.5,True
2067,002067.SZ,景兴纸业,造纸,20250401,3.98,65.42110981806044,65.42110981806044,0.0,2.62,7.4059,6853.7,11.358574610244991,sideways,BULL_TREND,69.47834058813628,100.0,68.53699999999999,100.0,56.44349863082333,53.333333333333336,0.0,53.15202856150251,0.0,1,1,B_pure_quant_vr1.5,True
600170,600170.SH,上海建工,建筑工程,20250401,2.67,59.88031313488641,59.88031313488641,0.0,3.46,4.3511,28272.25,2.1978021978022,sideways,BULL_TREND,89.5386018931,21.978021978022,100.0,80.0,66.79992811048601,53.333333333333336,0.0,75.5,0.0,2,2,B_pure_quant_vr1.5,True
600868,600868.SH,梅雁吉祥,水力发电,20250401,3.14,58.62776779531866,58.62776779531866,0.0,2.23,5.9515,8968.72,5.705705705705704,sideways,BULL_TREND,57.852185507279,61.76176176176173,89.68719999999999,100.0,59.92635883222105,63.33333333333333,0.0,60.78845753858232,0.0,3,3,B_pure_quant_vr1.5,True
756,000756.SZ,新华制药,化学制药,20250401,15.48,66.56645518604935,58.17605441425211,8.390400771797244,3.53,6.9211,7563.34,1.7142857142857115,sideways,BULL_TREND,90.98340917482275,17.142857142857114,75.6334,65.0,83.90400771797243,53.333333333333336,0.0,75.5,0.0,1,1,A_recovered_proxy_vr1.2,True
600170,600170.SH,上海建工,建筑工程,20250401,2.67,66.27465206938548,59.70892080895669,6.565731260428793,3.46,4.3511,28272.25,2.1978021978022,sideways,BULL_TREND,89.5386018931,21.978021978022,100.0,80.0,65.65731260428792,53.333333333333336,0.0,75.5,0.0,2,2,A_recovered_proxy_vr1.2,True
2067,002067.SZ,景兴纸业,造纸,20250401,3.98,64.96148335809093,64.96148335809093,0.0,2.62,7.4059,6853.7,11.358574610244991,sideways,BULL_TREND,69.47834058813628,100.0,68.53699999999999,100.0,53.37932223102653,53.333333333333336,0.0,53.15202856150251,0.0,3,3,A_recovered_proxy_vr1.2,True
2067,002067.SZ,景兴纸业,造纸,20250401,3.98,64.96148335809093,64.96148335809093,0.0,2.62,7.4059,6853.7,11.358574610244991,sideways,BULL_TREND,69.47834058813628,100.0,68.53699999999999,100.0,53.37932223102653,53.333333333333336,0.0,53.15202856150251,0.0,1,1,D_pure_quant_vr1.2,True
603283,603283.SH,赛腾股份,专用机械,20250401,62.08,61.25385232591712,61.25385232591712,0.0,2.01,3.3386,5753.58,8.544490276959337,sideways,BULL_TREND,50.35977507021019,100.0,57.5358,65.0,64.47122213567835,33.33333333333333,0.0,69.44213186210386,0.0,2,2,D_pure_quant_vr1.2,True
600170,600170.SH,上海建工,建筑工程,20250401,2.67,59.70892080895669,59.70892080895669,0.0,3.46,4.3511,28272.25,2.1978021978022,sideways,BULL_TREND,89.5386018931,21.978021978022,100.0,80.0,65.65731260428792,53.333333333333336,0.0,75.5,0.0,3,3,D_pure_quant_vr1.2,True
2067,002067.SZ,景兴纸业,造纸,20250401,3.98,56.95458502343695,56.95458502343695,0.0,2.62,7.4059,6853.7,11.358574610244991,sideways,BULL_TREND,69.47834058813628,100.0,68.53699999999999,100.0,53.37932223102653,53.333333333333336,0.0,53.15202856150251,0.0,1,1,E_ablate_sector_vr1.2,True
603283,603283.SH,赛腾股份,专用机械,20250401,62.08,51.583169005565374,51.583169005565374,0.0,2.01,3.3386,5753.58,8.544490276959337,sideways,BULL_TREND,50.35977507021019,100.0,57.5358,65.0,64.47122213567835,33.33333333333333,0.0,69.44213186210386,0.0,2,2,E_ablate_sector_vr1.2,True
600170,600170.SH,上海建工,建筑工程,20250401,2.67,49.86032391831351,49.86032391831351,0.0,3.46,4.3511,28272.25,2.1978021978022,sideways,BULL_TREND,89.5386018931,21.978021978022,100.0,80.0,65.65731260428792,53.333333333333336,0.0,75.5,0.0,3,3,E_ablate_sector_vr1.2,True
2067,002067.SZ,景兴纸业,造纸,20250401,3.98,56.778541905602665,56.778541905602665,0.0,2.62,7.4059,6853.7,11.358574610244991,sideways,BULL_TREND,69.47834058813628,100.0,68.53699999999999,100.0,53.655979214438105,53.333333333333336,0.0,53.15202856150251,0.0,1,1,E_ablate_inflow_vr1.2,True
603283,603283.SH,赛腾股份,专用机械,20250401,62.08,54.48469784285777,54.48469784285777,0.0,2.01,3.3386,5753.58,8.544490276959337,sideways,BULL_TREND,50.35977507021019,100.0,57.5358,65.0,65.37216558194933,33.33333333333333,0.0,69.44213186210386,0.0,2,2,E_ablate_inflow_vr1.2,True
756,000756.SZ,新华制药,化学制药,20250401,15.48,49.213853618423904,49.213853618423904,0.0,3.53,6.9211,7563.34,1.7142857142857115,sideways,BULL_TREND,90.98340917482275,17.142857142857114,75.6334,65.0,84.66272241245107,53.333333333333336,0.0,75.5,0.0,3,3,E_ablate_inflow_vr1.2,True
2067,002067.SZ,景兴纸业,造纸,20250401,3.98,58.58323993071063,58.58323993071063,0.0,2.62,7.4059,6853.7,11.358574610244991,sideways,BULL_TREND,69.47834058813628,100.0,68.53699999999999,100.0,53.37932223102653,53.333333333333336,0.0,53.15202856150251,0.0,1,1,E_ablate_wyckoff_vr1.2,True
519,000519.SZ,中兵红箭,专用机械,20250401,17.26,53.25014951939188,53.25014951939188,0.0,1.49,3.1521,13346.5,7.995735607675905,sideways,BULL_TREND,28.76561653437184,99.92892679459842,100.0,65.0,64.47122213567835,33.33333333333333,0.0,36.10906087404295,0.0,2,2,E_ablate_wyckoff_vr1.2,True
603283,603283.SH,赛腾股份,专用机械,20250401,62.08,52.92079650246466,52.92079650246466,0.0,2.01,3.3386,5753.58,8.544490276959337,sideways,BULL_TREND,50.35977507021019,100.0,57.5358,65.0,64.47122213567835,33.33333333333333,0.0,69.44213186210386,0.0,3,3,E_ablate_wyckoff_vr1.2,True
2067,002067.SZ,景兴纸业,造纸,20250401,3.98,64.96148335809093,64.96148335809093,0.0,2.62,7.4059,6853.7,11.358574610244991,sideways,BULL_TREND,69.47834058813628,100.0,68.53699999999999,100.0,53.37932223102653,53.333333333333336,0.0,53.15202856150251,0.0,1,1,E_ablate_accel_vr1.2,True
603283,603283.SH,赛腾股份,专用机械,20250401,62.08,61.25385232591712,61.25385232591712,0.0,2.01,3.3386,5753.58,8.544490276959337,sideways,BULL_TREND,50.35977507021019,100.0,57.5358,65.0,64.47122213567835,33.33333333333333,0.0,69.44213186210386,0.0,2,2,E_ablate_accel_vr1.2,True
600170,600170.SH,上海建工,建筑工程,20250401,2.67,59.70892080895669,59.70892080895669,0.0,3.46,4.3511,28272.25,2.1978021978022,sideways,BULL_TREND,89.5386018931,21.978021978022,100.0,80.0,65.65731260428792,53.333333333333336,0.0,75.5,0.0,3,3,E_ablate_accel_vr1.2,True
2281,002281.SZ,光迅科技,通信设备,20250402,47.58,78.01743431211152,68.99775333896486,9.01968097314666,2.33,3.2397,14085.75,12.82521069989007,sideways,BULL_TREND,61.01649774397778,100.0,100.0,40.0,90.1968097314666,63.33333333333333,0.0,43.14946424085908,0.0,1,1,A_recovered_proxy_vr1.5,True
2792,002792.SZ,通宇通讯,通信设备,20250402,14.79,77.67748032369997,68.6577993505533,9.01968097314666,2.71,8.509,8168.31,15.097588978186003,sideways,BULL_TREND,71.91464257895734,99.02411021813997,81.68310000000001,80.0,90.1968097314666,43.333333333333336,0.0,30.442613406710397,0.0,2,2,A_recovered_proxy_vr1.5,True
2315,002315.SZ,焦点科技,互联网,20250402,44.59,74.70118179252215,67.02012721662338,7.6810545758987665,2.3,5.7691,13671.53,17.303412462908007,sideways,BULL_TREND,60.08169305848252,76.96587537091993,100.0,65.0,76.81054575898766,63.33333333333333,0.0,79.01178026366682,0.0,3,3,A_recovered_proxy_vr1.5,True
2281,002281.SZ,光迅科技,通信设备,20250402,47.58,68.99775333896486,68.99775333896486,0.0,2.33,3.2397,14085.75,12.82521069989007,sideways,BULL_TREND,61.01649774397778,100.0,100.0,40.0,90.1968097314666,63.33333333333333,0.0,43.14946424085908,0.0,1,1,B_pure_quant_vr1.5,True
2792,002792.SZ,通宇通讯,通信设备,20250402,14.79,68.6577993505533,68.6577993505533,0.0,2.71,8.509,8168.31,15.097588978186003,sideways,BULL_TREND,71.91464257895734,99.02411021813997,81.68310000000001,80.0,90.1968097314666,43.333333333333336,0.0,30.442613406710397,0.0,2,2,B_pure_quant_vr1.5,True
2315,002315.SZ,焦点科技,互联网,20250402,44.59,67.02012721662338,67.02012721662338,0.0,2.3,5.7691,13671.53,17.303412462908007,sideways,BULL_TREND,60.08169305848252,76.96587537091993,100.0,65.0,76.81054575898766,63.33333333333333,0.0,79.01178026366682,0.0,3,3,B_pure_quant_vr1.5,True
2281,002281.SZ,光迅科技,通信设备,20250402,47.58,70.99746141658568,64.78576960164935,6.211691814936327,2.33,3.2397,14085.75,12.82521069989007,sideways,BULL_TREND,61.01649774397778,100.0,100.0,40.0,62.11691814936326,63.33333333333333,0.0,43.14946424085908,0.0,1,1,A_recovered_proxy_vr1.2,True
2792,002792.SZ,通宇通讯,通信设备,20250402,14.79,70.65750742817414,64.44581561323781,6.211691814936327,2.71,8.509,8168.31,15.097588978186003,sideways,BULL_TREND,71.91464257895734,99.02411021813997,81.68310000000001,80.0,62.11691814936326,43.333333333333336,0.0,30.442613406710397,0.0,2,2,A_recovered_proxy_vr1.2,True
2315,002315.SZ,焦点科技,互联网,20250402,44.59,63.37675669241776,63.37675669241776,0.0,2.3,5.7691,13671.53,17.303412462908007,sideways,BULL_TREND,60.08169305848252,76.96587537091993,100.0,65.0,52.52140893095027,63.33333333333333,0.0,79.01178026366682,0.0,3,3,A_recovered_proxy_vr1.2,True
2281,002281.SZ,光迅科技,通信设备,20250402,47.58,64.78576960164935,64.78576960164935,0.0,2.33,3.2397,14085.75,12.82521069989007,sideways,BULL_TREND,61.01649774397778,100.0,100.0,40.0,62.11691814936326,63.33333333333333,0.0,43.14946424085908,0.0,1,1,D_pure_quant_vr1.2,True
2792,002792.SZ,通宇通讯,通信设备,20250402,14.79,64.44581561323781,64.44581561323781,0.0,2.71,8.509,8168.31,15.097588978186003,sideways,BULL_TREND,71.91464257895734,99.02411021813997,81.68310000000001,80.0,62.11691814936326,43.333333333333336,0.0,30.442613406710397,0.0,2,2,D_pure_quant_vr1.2,True
2315,002315.SZ,焦点科技,互联网,20250402,44.59,63.37675669241776,63.37675669241776,0.0,2.3,5.7691,13671.53,17.303412462908007,sideways,BULL_TREND,60.08169305848252,76.96587537091993,100.0,65.0,52.52140893095027,63.33333333333333,0.0,79.01178026366682,0.0,3,3,D_pure_quant_vr1.2,True
2315,002315.SZ,焦点科技,互联网,20250402,44.59,55.49854535277522,55.49854535277522,0.0,2.3,5.7691,13671.53,17.303412462908007,sideways,BULL_TREND,60.08169305848252,76.96587537091993,100.0,65.0,52.52140893095027,63.33333333333333,0.0,79.01178026366682,0.0,1,1,E_ablate_sector_vr1.2,True
2281,002281.SZ,光迅科技,通信设备,20250402,47.58,55.46823187924487,55.46823187924487,0.0,2.33,3.2397,14085.75,12.82521069989007,sideways,BULL_TREND,61.01649774397778,100.0,100.0,40.0,62.11691814936326,63.33333333333333,0.0,43.14946424085908,0.0,2,2,E_ablate_sector_vr1.2,True
2792,002792.SZ,通宇通讯,通信设备,20250402,14.79,55.12827789083332,55.12827789083332,0.0,2.71,8.509,8168.31,15.097588978186003,sideways,BULL_TREND,71.91464257895734,99.02411021813997,81.68310000000001,80.0,62.11691814936326,43.333333333333336,0.0,30.442613406710397,0.0,3,3,E_ablate_sector_vr1.2,True
2989,002989.SZ,中天精装,装修装饰,20250402,28.63,60.00504996262682,60.00504996262682,0.0,4.42,7.9388,-5490.55,7.346278317152103,sideways,BULL_TREND,100.0,89.10463861920171,0.0,100.0,43.79793223529123,33.33333333333333,0.0,59.71394137035077,0.0,1,1,E_ablate_inflow_vr1.2,True
2792,002792.SZ,通宇通讯,通信设备,20250402,14.79,54.643843613237806,54.643843613237806,0.0,2.71,8.509,8168.31,15.097588978186003,sideways,BULL_TREND,71.91464257895734,99.02411021813997,81.68310000000001,80.0,62.11691814936326,43.333333333333336,0.0,30.442613406710397,0.0,2,2,E_ablate_inflow_vr1.2,True
2101,002101.SZ,广东鸿图,汽车配件,20250402,13.4,54.06586648307037,54.06586648307037,0.0,3.37,3.9612,837.41,16.092673763306202,sideways,BULL_TREND,87.6374295703567,89.07326236693798,8.3741,40.0,34.92055626264944,33.33333333333333,0.0,64.03970125667881,0.0,3,3,E_ablate_inflow_vr1.2,True
2792,002792.SZ,通宇通讯,通信设备,20250402,14.79,60.79270200443256,60.79270200443256,0.0,2.71,8.509,8168.31,15.097588978186003,sideways,BULL_TREND,71.91464257895734,99.02411021813997,81.68310000000001,80.0,62.11691814936326,43.333333333333336,0.0,30.442613406710397,0.0,1,1,E_ablate_wyckoff_vr1.2,True
2281,002281.SZ,光迅科技,通信设备,20250402,47.58,59.60783389274626,59.60783389274626,0.0,2.33,3.2397,14085.75,12.82521069989007,sideways,BULL_TREND,61.01649774397778,100.0,100.0,40.0,62.11691814936326,63.33333333333333,0.0,43.14946424085908,0.0,2,2,E_ablate_wyckoff_vr1.2,True
905,000905.SZ,厦门港务,港口,20250402,8.09,59.39786704975575,59.39786704975575,0.0,2.57,7.5778,7843.94,15.287958115183253,sideways,BULL_TREND,68.08841797095766,97.12041884816747,78.43939999999999,100.0,55.37241077476591,66.66666666666666,0.0,24.743964296228803,0.0,3,3,E_ablate_wyckoff_vr1.2,True
2281,002281.SZ,光迅科技,通信设备,20250402,47.58,64.78576960164935,64.78576960164935,0.0,2.33,3.2397,14085.75,12.82521069989007,sideways,BULL_TREND,61.01649774397778,100.0,100.0,40.0,62.11691814936326,63.33333333333333,0.0,43.14946424085908,0.0,1,1,E_ablate_accel_vr1.2,True
2792,002792.SZ,通宇通讯,通信设备,20250402,14.79,64.44581561323781,64.44581561323781,0.0,2.71,8.509,8168.31,15.097588978186003,sideways,BULL_TREND,71.91464257895734,99.02411021813997,81.68310000000001,80.0,62.11691814936326,43.333333333333336,0.0,30.442613406710397,0.0,2,2,E_ablate_accel_vr1.2,True
2315,002315.SZ,焦点科技,互联网,20250402,44.59,63.37675669241776,63.37675669241776,0.0,2.3,5.7691,13671.53,17.303412462908007,sideways,BULL_TREND,60.08169305848252,76.96587537091993,100.0,65.0,52.52140893095027,63.33333333333333,0.0,79.01178026366682,0.0,3,3,E_ablate_accel_vr1.2,True
600536,600536.SH,中国软件,软件服务,20250403,44.56,84.76687556028575,76.4104992012317,8.356376359054059,2.9,3.7371,22854.88,8.763308763308766,bear,BEAR_BOUNCE,76.80264501201049,100.0,100.0,80.0,83.56376359054059,53.333333333333336,0.0,72.60571744451367,0.0,1,1,A_recovered_proxy_vr1.5,True
600536,600536.SH,中国软件,软件服务,20250403,44.56,76.4104992012317,76.4104992012317,0.0,2.9,3.7371,22854.88,8.763308763308766,bear,BEAR_BOUNCE,76.80264501201049,100.0,100.0,80.0,83.56376359054059,53.333333333333336,0.0,72.60571744451367,0.0,1,1,B_pure_quant_vr1.5,True
560,000560.SZ,我爱我家,房产服务,20250403,3.1,83.8472892162972,75.43851679475999,8.408772421537208,3.29,9.6577,16351.85,13.40782122905028,bear,BEAR_BOUNCE,85.90437919802584,100.0,100.0,60.0,84.08772421537208,63.33333333333333,0.0,52.16440060184858,0.0,1,1,A_recovered_proxy_vr1.2,True
600536,600536.SH,中国软件,软件服务,20250403,44.56,76.4104992012317,76.4104992012317,0.0,2.9,3.7371,22854.88,8.763308763308766,bear,BEAR_BOUNCE,76.80264501201049,100.0,100.0,80.0,83.56376359054059,53.333333333333336,0.0,72.60571744451367,0.0,1,1,D_pure_quant_vr1.2,True
600536,600536.SH,中国软件,软件服务,20250403,44.56,76.4104992012317,76.4104992012317,0.0,2.9,3.7371,22854.88,8.763308763308766,bear,BEAR_BOUNCE,76.80264501201049,100.0,100.0,80.0,83.56376359054059,53.333333333333336,0.0,72.60571744451367,0.0,1,1,E_ablate_accel_vr1.2,True
99,000099.SZ,中信海直,空运,20250421,22.15,63.1199873181572,56.5729377516739,6.5470495664833015,2.06,3.0262,8665.4,10.68548387096775,weak_momentum,BULL_PULLBACK,52.132216870424685,100.0,86.654,80.0,65.47049566483301,63.33333333333333,0.0,27.787628031457203,0.0,1,1,A_recovered_proxy_vr1.5,True
564,000564.SZ,供销大集,百货,20250422,2.87,64.93094677087932,56.400675463193714,8.530271307685597,1.85,4.1327,22682.28,9.748427672955977,weak_momentum,BULL_PULLBACK,44.376263537079375,100.0,100.0,80.0,85.30271307685597,0.0,0.0,19.6588598073561,0.0,1,1,A_recovered_proxy_vr1.5,True
2530,002530.SZ,金财互联,专用机械,20250422,9.58,61.71118017751848,55.7363509275489,5.974829249969581,4.27,10.9044,4422.27,7.439613526570045,weak_momentum,BULL_PULLBACK,100.0,100.0,44.2227,60.0,59.7482924996958,33.33333333333333,0.0,47.64902923951909,0.0,2,2,A_recovered_proxy_vr1.5,True
564,000564.SZ,供销大集,百货,20250422,2.87,63.22871186291456,54.57933451841486,8.649377344499696,1.85,4.1327,22682.28,9.748427672955977,weak_momentum,BULL_PULLBACK,44.376263537079375,100.0,100.0,40.0,86.49377344499695,0.0,0.0,19.6588598073561,0.0,1,1,A_recovered_proxy_vr1.2,True
2530,002530.SZ,金财互联,专用机械,20250422,9.58,61.02958020589554,55.327390944575136,5.702189261320404,4.27,10.9044,4422.27,7.439613526570045,weak_momentum,BULL_PULLBACK,100.0,100.0,44.2227,60.0,57.02189261320404,33.33333333333333,0.0,47.64902923951909,0.0,2,2,A_recovered_proxy_vr1.2,True
2681,002681.SZ,奋达科技,元器件,20250423,7.2,70.3153988828843,61.39364289972703,8.921755983157269,2.57,8.8187,16065.68,18.82750845546786,weak_momentum,BULL_PULLBACK,68.08841797095766,45.86245772266069,100.0,80.0,89.21755983157269,63.33333333333333,0.0,47.51723090641016,0.0,1,1,A_recovered_proxy_vr1.5,True
603186,603186.SH,华正新材,元器件,20250423,25.31,61.094977745721486,52.17322176256422,8.921755983157269,2.22,9.6385,4039.9,9.12028725314184,weak_momentum,BULL_PULLBACK,57.52798382876907,100.0,40.399,80.0,89.21755983157269,0.0,0.0,45.93046809008639,0.0,2,2,A_recovered_proxy_vr1.5,True
2681,002681.SZ,奋达科技,元器件,20250423,7.2,61.39364289972703,61.39364289972703,0.0,2.57,8.8187,16065.68,18.82750845546786,weak_momentum,BULL_PULLBACK,68.08841797095766,45.86245772266069,100.0,80.0,89.21755983157269,63.33333333333333,0.0,47.51723090641016,0.0,1,1,B_pure_quant_vr1.5,True
2354,002354.SZ,天娱数科,互联网,20250423,5.72,60.5956392425437,60.5956392425437,0.0,2.75,9.8734,10244.76,9.636650868878364,weak_momentum,BULL_PULLBACK,72.97158093186486,100.0,100.0,80.0,44.64318349660228,43.333333333333336,0.0,45.24505274404638,0.0,2,2,B_pure_quant_vr1.5,True
2681,002681.SZ,奋达科技,元器件,20250423,7.2,70.60588118169696,61.56793227901462,9.037948902682333,2.57,8.8187,16065.68,18.82750845546786,weak_momentum,BULL_PULLBACK,68.08841797095766,45.86245772266069,100.0,80.0,90.37948902682332,63.33333333333333,0.0,47.51723090641016,0.0,1,1,A_recovered_proxy_vr1.2,True
603186,603186.SH,华正新材,元器件,20250423,25.31,61.38546004453415,52.34751114185182,9.037948902682333,2.22,9.6385,4039.9,9.12028725314184,weak_momentum,BULL_PULLBACK,57.52798382876907,100.0,40.399,80.0,90.37948902682332,0.0,0.0,45.93046809008639,0.0,2,2,A_recovered_proxy_vr1.2,True
2681,002681.SZ,奋达科技,元器件,20250423,7.2,61.56793227901462,61.56793227901462,0.0,2.57,8.8187,16065.68,18.82750845546786,weak_momentum,BULL_PULLBACK,68.08841797095766,45.86245772266069,100.0,80.0,90.37948902682332,63.33333333333333,0.0,47.51723090641016,0.0,1,1,D_pure_quant_vr1.2,True
2354,002354.SZ,天娱数科,互联网,20250423,5.72,60.61728191616632,60.61728191616632,0.0,2.75,9.8734,10244.76,9.636650868878364,weak_momentum,BULL_PULLBACK,72.97158093186486,100.0,100.0,80.0,44.787467987419774,43.333333333333336,0.0,45.24505274404638,0.0,2,2,D_pure_quant_vr1.2,True
2681,002681.SZ,奋达科技,元器件,20250423,7.2,61.56793227901462,61.56793227901462,0.0,2.57,8.8187,16065.68,18.82750845546786,weak_momentum,BULL_PULLBACK,68.08841797095766,45.86245772266069,100.0,80.0,90.37948902682332,63.33333333333333,0.0,47.51723090641016,0.0,1,1,E_ablate_accel_vr1.2,True
2354,002354.SZ,天娱数科,互联网,20250423,5.72,60.61728191616632,60.61728191616632,0.0,2.75,9.8734,10244.76,9.636650868878364,weak_momentum,BULL_PULLBACK,72.97158093186486,100.0,100.0,80.0,44.787467987419774,43.333333333333336,0.0,45.24505274404638,0.0,2,2,E_ablate_accel_vr1.2,True
899,000899.SZ,赣能股份,火力发电,20250424,10.54,61.26361107783696,53.87026912761248,7.393341950224482,1.34,8.5633,12438.93,8.665511265164644,weak_momentum,BULL_PULLBACK,21.11165003415239,100.0,100.0,100.0,73.93341950224482,33.33333333333333,0.0,19.64561353657483,0.0,1,1,A_recovered_proxy_vr1.2,True
600157,600157.SH,永泰能源,火力发电,20250425,1.39,79.76870107631837,71.65107702989468,8.117624046423684,3.32,3.968,37128.25,6.081081081081086,weak_momentum,BULL_PULLBACK,86.55916207861,100.0,100.0,65.0,81.17624046423683,66.66666666666666,0.0,66.04955543422884,0.0,1,1,A_recovered_proxy_vr1.5,True
600095,600095.SH,湘财股份,证券,20250425,8.37,62.46924768183264,56.01925627672397,6.449991405108668,1.6,6.3128,23978.82,10.672358591248669,weak_momentum,BULL_PULLBACK,33.903595255631885,100.0,100.0,100.0,64.49991405108668,33.33333333333333,0.0,30.613754760330163,0.0,2,2,A_recovered_proxy_vr1.5,True
600157,600157.SH,永泰能源,火力发电,20250425,1.39,71.65107702989468,71.65107702989468,0.0,3.32,3.968,37128.25,6.081081081081086,weak_momentum,BULL_PULLBACK,86.55916207861,100.0,100.0,65.0,81.17624046423683,66.66666666666666,0.0,66.04955543422884,0.0,1,1,B_pure_quant_vr1.5,True
600157,600157.SH,永泰能源,火力发电,20250425,1.39,79.72592604968487,71.62541201391458,8.100514035770289,3.32,3.968,37128.25,6.081081081081086,weak_momentum,BULL_PULLBACK,86.55916207861,100.0,100.0,65.0,81.00514035770289,66.66666666666666,0.0,66.04955543422884,0.0,1,1,A_recovered_proxy_vr1.2,True
2765,002765.SZ,蓝黛科技,元器件,20250425,14.52,60.87402796279535,53.542493233015406,7.331534729779938,1.22,10.6918,13630.12,11.463414634146336,weak_momentum,BULL_PULLBACK,14.344057389408077,100.0,100.0,100.0,73.31534729779938,30.0,0.0,25.957216866228592,0.0,2,2,A_recovered_proxy_vr1.2,True
600157,600157.SH,永泰能源,火力发电,20250425,1.39,71.62541201391458,71.62541201391458,0.0,3.32,3.968,37128.25,6.081081081081086,weak_momentum,BULL_PULLBACK,86.55916207861,100.0,100.0,65.0,81.00514035770289,66.66666666666666,0.0,66.04955543422884,0.0,1,1,D_pure_quant_vr1.2,True
600157,600157.SH,永泰能源,火力发电,20250425,1.39,61.71797869878026,61.71797869878026,0.0,3.32,3.968,37128.25,6.081081081081086,weak_momentum,BULL_PULLBACK,86.55916207861,100.0,100.0,65.0,81.00514035770289,66.66666666666666,0.0,66.04955543422884,0.0,1,1,E_ablate_wyckoff_vr1.2,True
600157,600157.SH,永泰能源,火力发电,20250425,1.39,71.62541201391458,71.62541201391458,0.0,3.32,3.968,37128.25,6.081081081081086,weak_momentum,BULL_PULLBACK,86.55916207861,100.0,100.0,65.0,81.00514035770289,66.66666666666666,0.0,66.04955543422884,0.0,1,1,E_ablate_accel_vr1.2,True
600633,600633.SH,浙数文化,互联网,20250428,13.53,68.57868137492292,60.33953143680169,8.239149938121225,1.63,4.9793,10974.41,8.208955223880603,sideways,BULL_PULLBACK,35.24359822281764,100.0,100.0,65.0,82.39149938121224,0.0,0.0,30.226791004999782,0.0,1,1,A_recovered_proxy_vr1.5,True
600633,600633.SH,浙数文化,互联网,20250428,13.53,60.33953143680169,60.33953143680169,0.0,1.63,4.9793,10974.41,8.208955223880603,sideways,BULL_PULLBACK,35.24359822281764,100.0,100.0,65.0,82.39149938121224,0.0,0.0,30.226791004999782,0.0,1,1,B_pure_quant_vr1.5,True
600633,600633.SH,浙数文化,互联网,20250428,13.53,64.46355799981059,57.87045741173429,6.593100588076294,1.63,4.9793,10974.41,8.208955223880603,sideways,BULL_PULLBACK,35.24359822281764,100.0,100.0,65.0,65.93100588076294,0.0,0.0,30.226791004999782,0.0,1,1,A_recovered_proxy_vr1.2,True
603118,603118.SH,共进股份,通信设备,20250429,8.82,71.46421824875291,62.64958090385228,8.814637344900635,2.29,5.8273,2945.87,14.285714285714276,sideways,BULL_PULLBACK,59.76737991611096,100.0,29.4587,100.0,88.14637344900635,0.0,0.0,56.19797754130759,0.0,1,1,A_recovered_proxy_vr1.5,True
887,000887.SZ,中鼎股份,汽车配件,20250429,17.34,67.83001347525776,60.65533129846302,7.174682176794744,1.55,5.7703,12796.25,10.294878427315048,sideways,BULL_PULLBACK,31.613410774975648,100.0,100.0,100.0,71.74682176794744,10.0,0.0,39.48631385646886,0.0,2,2,A_recovered_proxy_vr1.5,True
2292,002292.SZ,奥飞娱乐,影视音像,20250429,8.51,63.71250974064414,63.71250974064414,0.0,1.76,7.2074,11371.92,13.60406091370558,sideways,BULL_PULLBACK,40.77877144312863,100.0,100.0,100.0,60.23935274795248,66.66666666666666,0.0,53.09953148024691,0.0,1,1,B_pure_quant_vr1.5,True
603118,603118.SH,共进股份,通信设备,20250429,8.82,62.64958090385228,62.64958090385228,0.0,2.29,5.8273,2945.87,14.285714285714276,sideways,BULL_PULLBACK,59.76737991611096,100.0,29.4587,100.0,88.14637344900635,0.0,0.0,56.19797754130759,0.0,2,2,B_pure_quant_vr1.5,True
887,000887.SZ,中鼎股份,汽车配件,20250429,17.34,71.20262912678447,62.118900689379046,9.083728437405426,1.55,5.7703,12796.25,10.294878427315048,sideways,BULL_PULLBACK,31.613410774975648,100.0,100.0,65.0,90.83728437405426,10.0,0.0,39.48631385646886,0.0,1,1,A_recovered_proxy_vr1.2,True
603118,603118.SH,共进股份,通信设备,20250429,8.82,68.11968117371477,60.64285865882939,7.476822514885382,2.29,5.8273,2945.87,14.285714285714276,sideways,BULL_PULLBACK,59.76737991611096,100.0,29.4587,100.0,74.76822514885382,0.0,0.0,56.19797754130759,0.0,2,2,A_recovered_proxy_vr1.2,True
2292,002292.SZ,奥飞娱乐,影视音像,20250429,8.51,62.62146376799163,62.62146376799163,0.0,1.76,7.2074,11371.92,13.60406091370558,sideways,BULL_PULLBACK,40.77877144312863,100.0,100.0,100.0,52.96571293026911,66.66666666666666,0.0,53.09953148024691,0.0,1,1,D_pure_quant_vr1.2,True
887,000887.SZ,中鼎股份,汽车配件,20250429,17.34,62.118900689379046,62.118900689379046,0.0,1.55,5.7703,12796.25,10.294878427315048,sideways,BULL_PULLBACK,31.613410774975648,100.0,100.0,65.0,90.83728437405426,10.0,0.0,39.48631385646886,0.0,2,2,D_pure_quant_vr1.2,True
2615,002615.SZ,哈尔斯,家居用品,20250429,7.28,61.307553109056855,61.307553109056855,0.0,4.48,11.615,-3005.77,10.23427866831072,sideways,BULL_PULLBACK,100.0,100.0,0.0,60.0,44.866337133057606,33.33333333333333,0.0,62.59113227026289,0.0,1,1,E_ablate_inflow_vr1.2,True
2292,002292.SZ,奥飞娱乐,影视音像,20250429,8.51,62.62146376799163,62.62146376799163,0.0,1.76,7.2074,11371.92,13.60406091370558,sideways,BULL_PULLBACK,40.77877144312863,100.0,100.0,100.0,52.96571293026911,66.66666666666666,0.0,53.09953148024691,0.0,1,1,E_ablate_accel_vr1.2,True
887,000887.SZ,中鼎股份,汽车配件,20250429,17.34,62.118900689379046,62.118900689379046,0.0,1.55,5.7703,12796.25,10.294878427315048,sideways,BULL_PULLBACK,31.613410774975648,100.0,100.0,65.0,90.83728437405426,10.0,0.0,39.48631385646886,0.0,2,2,E_ablate_accel_vr1.2,True
600577,600577.SH,精达股份,电气设备,20250430,6.7,65.74393095596864,65.74393095596864,0.0,2.21,4.5692,10401.82,11.02257636122178,sideways,BULL_PULLBACK,57.20231848083535,100.0,100.0,65.0,46.52225509415332,53.333333333333336,0.0,70.95346632829333,0.0,1,1,A_recovered_proxy_vr1.5,True
2292,002292.SZ,奥飞娱乐,影视音像,20250430,8.93,64.27264622029007,64.27264622029007,0.0,1.91,9.2557,13522.13,9.34010152284264,sideways,BULL_PULLBACK,46.67863191305119,100.0,100.0,60.0,62.19932102346285,33.33333333333333,0.0,63.38985316027259,0.0,2,2,A_recovered_proxy_vr1.5,True
600577,600577.SH,精达股份,电气设备,20250430,6.7,65.74393095596864,65.74393095596864,0.0,2.21,4.5692,10401.82,11.02257636122178,sideways,BULL_PULLBACK,57.20231848083535,100.0,100.0,65.0,46.52225509415332,53.333333333333336,0.0,70.95346632829333,0.0,1,1,B_pure_quant_vr1.5,True
2292,002292.SZ,奥飞娱乐,影视音像,20250430,8.93,64.27264622029007,64.27264622029007,0.0,1.91,9.2557,13522.13,9.34010152284264,sideways,BULL_PULLBACK,46.67863191305119,100.0,100.0,60.0,62.19932102346285,33.33333333333333,0.0,63.38985316027259,0.0,2,2,B_pure_quant_vr1.5,True
600577,600577.SH,精达股份,电气设备,20250430,6.7,68.0147660398569,68.0147660398569,0.0,2.21,4.5692,10401.82,11.02257636122178,sideways,BULL_PULLBACK,57.20231848083535,100.0,100.0,65.0,61.66115565340834,53.333333333333336,0.0,70.95346632829333,0.0,1,1,A_recovered_proxy_vr1.2,True
603005,603005.SH,晶方科技,半导体,20250430,28.65,66.58379158502575,59.87368756196436,6.710104023061388,1.78,5.2459,9164.28,7.4313408723748,sideways,BULL_PULLBACK,41.59386205958365,90.52234787291334,91.6428,65.0,67.10104023061388,43.333333333333336,0.0,52.326355629635614,0.0,2,2,A_recovered_proxy_vr1.2,True
600577,600577.SH,精达股份,电气设备,20250430,6.7,68.0147660398569,68.0147660398569,0.0,2.21,4.5692,10401.82,11.02257636122178,sideways,BULL_PULLBACK,57.20231848083535,100.0,100.0,65.0,61.66115565340834,53.333333333333336,0.0,70.95346632829333,0.0,1,1,D_pure_quant_vr1.2,True
2292,002292.SZ,奥飞娱乐,影视音像,20250430,8.93,63.7522123480204,63.7522123480204,0.0,1.91,9.2557,13522.13,9.34010152284264,sideways,BULL_PULLBACK,46.67863191305119,100.0,100.0,60.0,58.72976187499842,33.33333333333333,0.0,63.38985316027259,0.0,2,2,D_pure_quant_vr1.2,True
600577,600577.SH,精达股份,电气设备,20250430,6.7,68.0147660398569,68.0147660398569,0.0,2.21,4.5692,10401.82,11.02257636122178,sideways,BULL_PULLBACK,57.20231848083535,100.0,100.0,65.0,61.66115565340834,53.333333333333336,0.0,70.95346632829333,0.0,1,1,E_ablate_accel_vr1.2,True
2292,002292.SZ,奥飞娱乐,影视音像,20250430,8.93,63.7522123480204,63.7522123480204,0.0,1.91,9.2557,13522.13,9.34010152284264,sideways,BULL_PULLBACK,46.67863191305119,100.0,100.0,60.0,58.72976187499842,33.33333333333333,0.0,63.38985316027259,0.0,2,2,E_ablate_accel_vr1.2,True
601519,601519.SH,大智慧,软件服务,20250506,8.95,80.27455768547664,70.39795467116434,9.87660301431229,2.19,3.1201,12149.19,10.41041041041042,weak_momentum,BULL_PULLBACK,56.54654349132243,100.0,100.0,40.0,98.76603014312288,53.333333333333336,0.0,82.8960130622059,0.0,1,1,A_recovered_proxy_vr1.5,True
2428,002428.SZ,云南锗业,小金属,20250506,19.46,74.88887127218142,68.17805174940727,6.710819522774139,2.49,4.1137,10097.46,6.889952153110038,weak_momentum,BULL_PULLBACK,65.80728711466783,100.0,100.0,65.0,67.10819522774139,66.66666666666666,0.0,77.71597376475036,0.0,2,2,A_recovered_proxy_vr1.5,True
601519,601519.SH,大智慧,软件服务,20250506,8.95,70.39795467116434,70.39795467116434,0.0,2.19,3.1201,12149.19,10.41041041041042,weak_momentum,BULL_PULLBACK,56.54654349132243,100.0,100.0,40.0,98.76603014312288,53.333333333333336,0.0,82.8960130622059,0.0,1,1,B_pure_quant_vr1.5,True
2428,002428.SZ,云南锗业,小金属,20250506,19.46,68.17805174940727,68.17805174940727,0.0,2.49,4.1137,10097.46,6.889952153110038,weak_momentum,BULL_PULLBACK,65.80728711466783,100.0,100.0,65.0,67.10819522774139,66.66666666666666,0.0,77.71597376475036,0.0,2,2,B_pure_quant_vr1.5,True
601519,601519.SH,大智慧,软件服务,20250506,8.95,79.43105254506624,69.89185158691811,9.539200958148133,2.19,3.1201,12149.19,10.41041041041042,weak_momentum,BULL_PULLBACK,56.54654349132243,100.0,100.0,40.0,95.39200958148132,53.333333333333336,0.0,82.8960130622059,0.0,1,1,A_recovered_proxy_vr1.2,True
600536,600536.SH,中国软件,软件服务,20250506,46.91,69.4432197131481,59.90401875499997,9.539200958148133,1.5,3.1582,18902.62,12.3177570093458,weak_momentum,BULL_PULLBACK,29.24812503605781,97.35202492211832,100.0,40.0,95.39200958148132,53.333333333333336,0.0,45.72725936698824,0.0,2,2,A_recovered_proxy_vr1.2,True
601519,601519.SH,大智慧,软件服务,20250506,8.95,69.89185158691811,69.89185158691811,0.0,2.19,3.1201,12149.19,10.41041041041042,weak_momentum,BULL_PULLBACK,56.54654349132243,100.0,100.0,40.0,95.39200958148132,53.333333333333336,0.0,82.8960130622059,0.0,1,1,D_pure_quant_vr1.2,True
2428,002428.SZ,云南锗业,小金属,20250506,19.46,67.43740646931919,67.43740646931919,0.0,2.49,4.1137,10097.46,6.889952153110038,weak_momentum,BULL_PULLBACK,65.80728711466783,100.0,100.0,65.0,62.17056002715413,66.66666666666666,0.0,77.71597376475036,0.0,2,2,D_pure_quant_vr1.2,True
601519,601519.SH,大智慧,软件服务,20250506,8.95,69.89185158691811,69.89185158691811,0.0,2.19,3.1201,12149.19,10.41041041041042,weak_momentum,BULL_PULLBACK,56.54654349132243,100.0,100.0,40.0,95.39200958148132,53.333333333333336,0.0,82.8960130622059,0.0,1,1,E_ablate_accel_vr1.2,True
2428,002428.SZ,云南锗业,小金属,20250506,19.46,67.43740646931919,67.43740646931919,0.0,2.49,4.1137,10097.46,6.889952153110038,weak_momentum,BULL_PULLBACK,65.80728711466783,100.0,100.0,65.0,62.17056002715413,66.66666666666666,0.0,77.71597376475036,0.0,2,2,E_ablate_accel_vr1.2,True
600685,600685.SH,中船防务,船舶,20250507,24.69,66.97283045823994,66.97283045823994,0.0,3.13,3.6788,7763.26,3.929961089494156,weak_momentum,BULL_PULLBACK,82.30813285789468,100.0,77.6326,80.0,59.96283626212722,33.33333333333333,0.0,93.27766949046664,0.0,1,1,A_recovered_proxy_vr1.5,True
600391,600391.SH,航发科技,航空,20250507,26.09,63.743952486009206,55.29866516137227,8.445287324636936,1.7,11.759,8561.49,9.472588480222068,weak_momentum,BULL_PULLBACK,38.27673731814885,100.0,85.61489999999999,100.0,84.45287324636936,33.33333333333333,0.0,18.74583273351916,0.0,2,2,A_recovered_proxy_vr1.5,True
600685,600685.SH,中船防务,船舶,20250507,24.69,66.97283045823994,66.97283045823994,0.0,3.13,3.6788,7763.26,3.929961089494156,weak_momentum,BULL_PULLBACK,82.30813285789468,100.0,77.6326,80.0,59.96283626212722,33.33333333333333,0.0,93.27766949046664,0.0,1,1,B_pure_quant_vr1.5,True
600212,600212.SH,绿能慧充,电气设备,20250507,8.07,63.06610934613168,63.06610934613168,0.0,2.87,7.4396,4689.06,3.353293413173645,weak_momentum,BULL_PULLBACK,76.05253684504815,100.0,46.890600000000006,100.0,65.10304721482063,53.333333333333336,0.0,91.90531380323124,0.0,2,2,B_pure_quant_vr1.5,True
600685,600685.SH,中船防务,船舶,20250507,24.69,66.97283045823994,66.97283045823994,0.0,3.13,3.6788,7763.26,3.929961089494156,weak_momentum,BULL_PULLBACK,82.30813285789468,100.0,77.6326,80.0,59.96283626212722,33.33333333333333,0.0,93.27766949046664,0.0,1,1,A_recovered_proxy_vr1.2,True
600391,600391.SH,航发科技,航空,20250507,26.09,63.743952486009206,55.29866516137227,8.445287324636936,1.7,11.759,8561.49,9.472588480222068,weak_momentum,BULL_PULLBACK,38.27673731814885,100.0,85.61489999999999,100.0,84.45287324636936,33.33333333333333,0.0,18.74583273351916,0.0,2,2,A_recovered_proxy_vr1.2,True
600685,600685.SH,中船防务,船舶,20250507,24.69,66.97283045823994,66.97283045823994,0.0,3.13,3.6788,7763.26,3.929961089494156,weak_momentum,BULL_PULLBACK,82.30813285789468,100.0,77.6326,80.0,59.96283626212722,33.33333333333333,0.0,93.27766949046664,0.0,1,1,D_pure_quant_vr1.2,True
600212,600212.SH,绿能慧充,电气设备,20250507,8.07,63.06610934613168,63.06610934613168,0.0,2.87,7.4396,4689.06,3.353293413173645,weak_momentum,BULL_PULLBACK,76.05253684504815,100.0,46.890600000000006,100.0,65.10304721482063,53.333333333333336,0.0,91.90531380323124,0.0,2,2,D_pure_quant_vr1.2,True
600685,600685.SH,中船防务,船舶,20250507,24.69,66.97283045823994,66.97283045823994,0.0,3.13,3.6788,7763.26,3.929961089494156,weak_momentum,BULL_PULLBACK,82.30813285789468,100.0,77.6326,80.0,59.96283626212722,33.33333333333333,0.0,93.27766949046664,0.0,1,1,E_ablate_accel_vr1.2,True
600212,600212.SH,绿能慧充,电气设备,20250507,8.07,63.06610934613168,63.06610934613168,0.0,2.87,7.4396,4689.06,3.353293413173645,weak_momentum,BULL_PULLBACK,76.05253684504815,100.0,46.890600000000006,100.0,65.10304721482063,53.333333333333336,0.0,91.90531380323124,0.0,2,2,E_ablate_accel_vr1.2,True
600316,600316.SH,洪都航空,航空,20250508,37.85,75.99129266679414,67.70507988877472,8.286212778019422,2.31,4.5961,19727.29,0.8643268727082197,momentum,BULL_PULLBACK,60.39464258206665,100.0,100.0,65.0,82.86212778019421,33.33333333333333,0.0,71.56791278759204,0.0,1,1,A_recovered_proxy_vr1.5,True
603087,603087.SH,甘李药业,生物制药,20250508,51.24,62.99607543142972,57.36944135522891,5.626634076200806,1.57,5.0048,16294.35,1.839080459770116,momentum,BULL_PULLBACK,32.53822795584512,100.0,100.0,100.0,56.266340762008056,30.0,0.0,47.35439009450528,0.0,2,2,A_recovered_proxy_vr1.5,True
600316,600316.SH,洪都航空,航空,20250508,37.85,67.70507988877472,67.70507988877472,0.0,2.31,4.5961,19727.29,0.8643268727082197,momentum,BULL_PULLBACK,60.39464258206665,100.0,100.0,65.0,82.86212778019421,33.33333333333333,0.0,71.56791278759204,0.0,1,1,B_pure_quant_vr1.5,True
600316,600316.SH,洪都航空,航空,20250508,37.85,75.20933885017638,67.18377734436288,8.025561505813506,2.31,4.5961,19727.29,0.8643268727082197,momentum,BULL_PULLBACK,60.39464258206665,100.0,100.0,65.0,80.25561505813506,33.33333333333333,0.0,71.56791278759204,0.0,1,1,A_recovered_proxy_vr1.2,True
603087,603087.SH,甘李药业,生物制药,20250508,51.24,63.137272944905085,57.463573030879154,5.67369991402593,1.57,5.0048,16294.35,1.839080459770116,momentum,BULL_PULLBACK,32.53822795584512,100.0,100.0,100.0,56.73699914025929,30.0,0.0,47.35439009450528,0.0,2,2,A_recovered_proxy_vr1.2,True
600316,600316.SH,洪都航空,航空,20250508,37.85,67.18377734436288,67.18377734436288,0.0,2.31,4.5961,19727.29,0.8643268727082197,momentum,BULL_PULLBACK,60.39464258206665,100.0,100.0,65.0,80.25561505813506,33.33333333333333,0.0,71.56791278759204,0.0,1,1,D_pure_quant_vr1.2,True
600316,600316.SH,洪都航空,航空,20250508,37.85,60.02698606560368,60.02698606560368,0.0,2.31,4.5961,19727.29,0.8643268727082197,momentum,BULL_PULLBACK,60.39464258206665,100.0,100.0,65.0,80.25561505813506,33.33333333333333,0.0,71.56791278759204,0.0,1,1,E_ablate_wyckoff_vr1.2,True
600316,600316.SH,洪都航空,航空,20250508,37.85,67.18377734436288,67.18377734436288,0.0,2.31,4.5961,19727.29,0.8643268727082197,momentum,BULL_PULLBACK,60.39464258206665,100.0,100.0,65.0,80.25561505813506,33.33333333333333,0.0,71.56791278759204,0.0,1,1,E_ablate_accel_vr1.2,True
2838,002838.SZ,道恩股份,塑料,20250509,17.2,70.59820158288699,63.5581793522178,7.040022230669191,2.75,6.755,5806.96,1.5455065827132204,momentum,BULL_PULLBACK,72.97158093186486,100.0,58.0696,100.0,70.4002223066919,66.66666666666666,0.0,85.85144417766352,0.0,1,1,A_recovered_proxy_vr1.5,True
2838,002838.SZ,道恩股份,塑料,20250509,17.2,63.5581793522178,63.5581793522178,0.0,2.75,6.755,5806.96,1.5455065827132204,momentum,BULL_PULLBACK,72.97158093186486,100.0,58.0696,100.0,70.4002223066919,66.66666666666666,0.0,85.85144417766352,0.0,1,1,B_pure_quant_vr1.5,True
600726,600726.SH,华电能源,火力发电,20250509,2.69,68.26368254663983,59.97476534467914,8.28891720196068,1.42,8.9888,10597.85,2.8880866425992804,momentum,BULL_PULLBACK,25.294546486497865,100.0,100.0,80.0,82.8891720196068,33.33333333333333,0.0,39.36082301116434,0.0,1,1,A_recovered_proxy_vr1.2,True
2838,002838.SZ,道恩股份,塑料,20250509,17.2,67.8675720548226,61.73775966684154,6.129812387981064,2.75,6.755,5806.96,1.5455065827132204,momentum,BULL_PULLBACK,72.97158093186486,100.0,58.0696,100.0,61.29812387981064,66.66666666666666,0.0,85.85144417766352,0.0,2,2,A_recovered_proxy_vr1.2,True
2838,002838.SZ,道恩股份,塑料,20250509,17.2,61.73775966684154,61.73775966684154,0.0,2.75,6.755,5806.96,1.5455065827132204,momentum,BULL_PULLBACK,72.97158093186486,100.0,58.0696,100.0,61.29812387981064,66.66666666666666,0.0,85.85144417766352,0.0,1,1,D_pure_quant_vr1.2,True
2838,002838.SZ,道恩股份,塑料,20250509,17.2,61.73775966684154,61.73775966684154,0.0,2.75,6.755,5806.96,1.5455065827132204,momentum,BULL_PULLBACK,72.97158093186486,100.0,58.0696,100.0,61.29812387981064,66.66666666666666,0.0,85.85144417766352,0.0,1,1,E_ablate_accel_vr1.2,True
600685,600685.SH,中船防务,船舶,20250512,25.6,62.87472984442509,62.87472984442509,0.0,2.14,4.7133,17460.65,1.4247208317289082,momentum,BULL_PULLBACK,54.88053983132112,100.0,100.0,80.0,47.76075859805797,33.33333333333333,0.0,94.2383048344866,0.0,1,1,A_recovered_proxy_vr1.5,True
600685,600685.SH,中船防务,船舶,20250512,25.6,62.87472984442509,62.87472984442509,0.0,2.14,4.7133,17460.65,1.4247208317289082,momentum,BULL_PULLBACK,54.88053983132112,100.0,100.0,80.0,47.76075859805797,33.33333333333333,0.0,94.2383048344866,0.0,1,1,B_pure_quant_vr1.5,True
600685,600685.SH,中船防务,船舶,20250512,25.6,61.74023989386916,61.74023989386916,0.0,2.14,4.7133,17460.65,1.4247208317289082,momentum,BULL_PULLBACK,54.88053983132112,100.0,100.0,80.0,42.088308845278334,33.33333333333333,0.0,94.2383048344866,0.0,1,1,A_recovered_proxy_vr1.2,True
600685,600685.SH,中船防务,船舶,20250512,25.6,61.74023989386916,61.74023989386916,0.0,2.14,4.7133,17460.65,1.4247208317289082,momentum,BULL_PULLBACK,54.88053983132112,100.0,100.0,80.0,42.088308845278334,33.33333333333333,0.0,94.2383048344866,0.0,1,1,D_pure_quant_vr1.2,True
600685,600685.SH,中船防务,船舶,20250512,25.6,61.74023989386916,61.74023989386916,0.0,2.14,4.7133,17460.65,1.4247208317289082,momentum,BULL_PULLBACK,54.88053983132112,100.0,100.0,80.0,42.088308845278334,33.33333333333333,0.0,94.2383048344866,0.0,1,1,E_ablate_accel_vr1.2,True
2019,002019.SZ,亿帆医药,化学制药,20250513,12.1,74.09004243111937,67.83720118048839,6.252841250630983,3.8,4.7679,8461.79,2.0242914979757085,momentum,BULL_PULLBACK,96.29997092781116,100.0,84.6179,80.0,62.52841250630982,30.0,0.0,84.62943040054753,0.0,1,1,A_recovered_proxy_vr1.5,True
601187,601187.SH,厦门银行,银行,20250513,5.99,64.93417838522997,64.93417838522997,0.0,2.09,3.658,8090.2,4.465709728867614,momentum,BULL_PULLBACK,53.17514711530789,91.20574162679432,80.902,80.0,47.978126250361285,30.0,0.0,65.61306905182091,100.0,2,2,A_recovered_proxy_vr1.5,True
2019,002019.SZ,亿帆医药,化学制药,20250513,12.1,67.83720118048839,67.83720118048839,0.0,3.8,4.7679,8461.79,2.0242914979757085,momentum,BULL_PULLBACK,96.29997092781116,100.0,84.6179,80.0,62.52841250630982,30.0,0.0,84.62943040054753,0.0,1,1,B_pure_quant_vr1.5,True
601187,601187.SH,厦门银行,银行,20250513,5.99,64.93417838522997,64.93417838522997,0.0,2.09,3.658,8090.2,4.465709728867614,momentum,BULL_PULLBACK,53.17514711530789,91.20574162679432,80.902,80.0,47.978126250361285,30.0,0.0,65.61306905182091,100.0,2,2,B_pure_quant_vr1.5,True
2019,002019.SZ,亿帆医药,化学制药,20250513,12.1,78.19683877060558,70.32506540681253,7.871773363793054,3.8,4.7679,8461.79,2.0242914979757085,momentum,BULL_PULLBACK,96.29997092781116,100.0,84.6179,65.0,78.71773363793054,30.0,0.0,84.62943040054753,0.0,1,1,A_recovered_proxy_vr1.2,True
601187,601187.SH,厦门银行,银行,20250513,5.99,66.7273699244975,66.7273699244975,0.0,2.09,3.658,8090.2,4.465709728867614,momentum,BULL_PULLBACK,53.17514711530789,91.20574162679432,80.902,80.0,56.944083946698925,30.0,0.0,65.61306905182091,100.0,2,2,A_recovered_proxy_vr1.2,True
2019,002019.SZ,亿帆医药,化学制药,20250513,12.1,70.32506540681253,70.32506540681253,0.0,3.8,4.7679,8461.79,2.0242914979757085,momentum,BULL_PULLBACK,96.29997092781116,100.0,84.6179,65.0,78.71773363793054,30.0,0.0,84.62943040054753,0.0,1,1,D_pure_quant_vr1.2,True
601187,601187.SH,厦门银行,银行,20250513,5.99,66.7273699244975,66.7273699244975,0.0,2.09,3.658,8090.2,4.465709728867614,momentum,BULL_PULLBACK,53.17514711530789,91.20574162679432,80.902,80.0,56.944083946698925,30.0,0.0,65.61306905182091,100.0,2,2,D_pure_quant_vr1.2,True
2019,002019.SZ,亿帆医药,化学制药,20250513,12.1,61.86212236675778,61.86212236675778,0.0,3.8,4.7679,8461.79,2.0242914979757085,momentum,BULL_PULLBACK,96.29997092781116,100.0,84.6179,65.0,78.71773363793054,30.0,0.0,84.62943040054753,0.0,1,1,E_ablate_wyckoff_vr1.2,True
601187,601187.SH,厦门银行,银行,20250513,5.99,60.1660630193154,60.1660630193154,0.0,2.09,3.658,8090.2,4.465709728867614,momentum,BULL_PULLBACK,53.17514711530789,91.20574162679432,80.902,80.0,56.944083946698925,30.0,0.0,65.61306905182091,100.0,2,2,E_ablate_wyckoff_vr1.2,True
2019,002019.SZ,亿帆医药,化学制药,20250513,12.1,70.32506540681253,70.32506540681253,0.0,3.8,4.7679,8461.79,2.0242914979757085,momentum,BULL_PULLBACK,96.29997092781116,100.0,84.6179,65.0,78.71773363793054,30.0,0.0,84.62943040054753,0.0,1,1,E_ablate_accel_vr1.2,True
958,000958.SZ,电投产融,新型电力,20250514,7.57,71.25525909722819,71.25525909722819,0.0,4.4,6.9349,16392.01,3.811944091486656,momentum,BULL_PULLBACK,100.0,95.12833545108006,100.0,100.0,50.60932549992762,63.33333333333333,0.0,84.53893785467992,0.0,1,1,A_recovered_proxy_vr1.5,True
905,000905.SZ,厦门港务,港口,20250514,8.5,66.64557437528153,66.64557437528153,0.0,3.68,11.7477,10110.8,0.1175088131609845,momentum,BULL_PULLBACK,93.9852883141144,100.0,100.0,80.0,37.39386646210658,33.33333333333333,0.0,94.02341169076384,0.0,2,2,A_recovered_proxy_vr1.5,True
958,000958.SZ,电投产融,新型电力,20250514,7.57,71.25525909722819,71.25525909722819,0.0,4.4,6.9349,16392.01,3.811944091486656,momentum,BULL_PULLBACK,100.0,95.12833545108006,100.0,100.0,50.60932549992762,63.33333333333333,0.0,84.53893785467992,0.0,1,1,B_pure_quant_vr1.5,True
905,000905.SZ,厦门港务,港口,20250514,8.5,66.64557437528153,66.64557437528153,0.0,3.68,11.7477,10110.8,0.1175088131609845,momentum,BULL_PULLBACK,93.9852883141144,100.0,100.0,80.0,37.39386646210658,33.33333333333333,0.0,94.02341169076384,0.0,2,2,B_pure_quant_vr1.5,True
958,000958.SZ,电投产融,新型电力,20250514,7.57,71.14776199374874,71.14776199374874,0.0,4.4,6.9349,16392.01,3.811944091486656,momentum,BULL_PULLBACK,100.0,95.12833545108006,100.0,100.0,50.07183998253042,63.33333333333333,0.0,84.53893785467992,0.0,1,1,A_recovered_proxy_vr1.2,True
905,000905.SZ,厦门港务,港口,20250514,8.5,66.50118531546802,66.50118531546802,0.0,3.68,11.7477,10110.8,0.1175088131609845,momentum,BULL_PULLBACK,93.9852883141144,100.0,100.0,80.0,36.67192116303904,33.33333333333333,0.0,94.02341169076384,0.0,2,2,A_recovered_proxy_vr1.2,True
958,000958.SZ,电投产融,新型电力,20250514,7.57,71.14776199374874,71.14776199374874,0.0,4.4,6.9349,16392.01,3.811944091486656,momentum,BULL_PULLBACK,100.0,95.12833545108006,100.0,100.0,50.07183998253042,63.33333333333333,0.0,84.53893785467992,0.0,1,1,D_pure_quant_vr1.2,True
905,000905.SZ,厦门港务,港口,20250514,8.5,66.50118531546802,66.50118531546802,0.0,3.68,11.7477,10110.8,0.1175088131609845,momentum,BULL_PULLBACK,93.9852883141144,100.0,100.0,80.0,36.67192116303904,33.33333333333333,0.0,94.02341169076384,0.0,2,2,D_pure_quant_vr1.2,True
958,000958.SZ,电投产融,新型电力,20250514,7.57,61.13339399724266,61.13339399724266,0.0,4.4,6.9349,16392.01,3.811944091486656,momentum,BULL_PULLBACK,100.0,95.12833545108006,100.0,100.0,50.07183998253042,63.33333333333333,0.0,84.53893785467992,0.0,1,1,E_ablate_sector_vr1.2,True
958,000958.SZ,电投产融,新型电力,20250514,7.57,62.69386820828076,62.69386820828076,0.0,4.4,6.9349,16392.01,3.811944091486656,momentum,BULL_PULLBACK,100.0,95.12833545108006,100.0,100.0,50.07183998253042,63.33333333333333,0.0,84.53893785467992,0.0,1,1,E_ablate_wyckoff_vr1.2,True
958,000958.SZ,电投产融,新型电力,20250514,7.57,71.14776199374874,71.14776199374874,0.0,4.4,6.9349,16392.01,3.811944091486656,momentum,BULL_PULLBACK,100.0,95.12833545108006,100.0,100.0,50.07183998253042,63.33333333333333,0.0,84.53893785467992,0.0,1,1,E_ablate_accel_vr1.2,True
905,000905.SZ,厦门港务,港口,20250514,8.5,66.50118531546802,66.50118531546802,0.0,3.68,11.7477,10110.8,0.1175088131609845,momentum,BULL_PULLBACK,93.9852883141144,100.0,100.0,80.0,36.67192116303904,33.33333333333333,0.0,94.02341169076384,0.0,2,2,E_ablate_accel_vr1.2,True
603739,603739.SH,蔚蓝生物,农业综合,20250515,13.71,62.02347135373582,62.02347135373582,0.0,3.92,8.7425,3929.96,10.039370078740154,weak_momentum,BULL_PULLBACK,98.54268271702418,100.0,39.2996,60.0,47.94653113302434,66.66666666666666,0.0,97.61885295263474,0.0,1,1,A_recovered_proxy_vr1.5,True
603739,603739.SH,蔚蓝生物,农业综合,20250515,13.71,62.02347135373582,62.02347135373582,0.0,3.92,8.7425,3929.96,10.039370078740154,weak_momentum,BULL_PULLBACK,98.54268271702418,100.0,39.2996,60.0,47.94653113302434,66.66666666666666,0.0,97.61885295263474,0.0,1,1,B_pure_quant_vr1.5,True
603739,603739.SH,蔚蓝生物,农业综合,20250515,13.71,62.06107032202424,62.06107032202424,0.0,3.92,8.7425,3929.96,10.039370078740154,weak_momentum,BULL_PULLBACK,98.54268271702418,100.0,39.2996,60.0,48.197190921613775,66.66666666666666,0.0,97.61885295263474,0.0,1,1,A_recovered_proxy_vr1.2,True
603739,603739.SH,蔚蓝生物,农业综合,20250515,13.71,62.06107032202424,62.06107032202424,0.0,3.92,8.7425,3929.96,10.039370078740154,weak_momentum,BULL_PULLBACK,98.54268271702418,100.0,39.2996,60.0,48.197190921613775,66.66666666666666,0.0,97.61885295263474,0.0,1,1,D_pure_quant_vr1.2,True
603739,603739.SH,蔚蓝生物,农业综合,20250515,13.71,62.06107032202424,62.06107032202424,0.0,3.92,8.7425,3929.96,10.039370078740154,weak_momentum,BULL_PULLBACK,98.54268271702418,100.0,39.2996,60.0,48.197190921613775,66.66666666666666,0.0,97.61885295263474,0.0,1,1,E_ablate_accel_vr1.2,True
2127,002127.SZ,南极电商,互联网,20250516,4.69,67.69756674449889,67.69756674449889,0.0,2.6,7.277,13499.83,4.285714285714285,weak_momentum,BULL_PULLBACK,68.92558116268648,100.0,100.0,100.0,51.893371855801504,43.333333333333336,0.0,82.72038083372685,0.0,1,1,A_recovered_proxy_vr1.5,True
2456,002456.SZ,欧菲光,元器件,20250516,11.93,67.32027016819939,58.83640975929618,8.483860408903212,1.56,3.3465,15383.86,11.235119047619047,weak_momentum,BULL_PULLBACK,32.07730145437618,100.0,100.0,40.0,84.83860408903212,33.33333333333333,0.0,50.88238174078846,0.0,2,2,A_recovered_proxy_vr1.5,True
2127,002127.SZ,南极电商,互联网,20250516,4.69,67.69756674449889,67.69756674449889,0.0,2.6,7.277,13499.83,4.285714285714285,weak_momentum,BULL_PULLBACK,68.92558116268648,100.0,100.0,100.0,51.893371855801504,43.333333333333336,0.0,82.72038083372685,0.0,1,1,B_pure_quant_vr1.5,True
2127,002127.SZ,南极电商,互联网,20250516,4.69,66.34105493638131,66.34105493638131,0.0,2.6,7.277,13499.83,4.285714285714285,weak_momentum,BULL_PULLBACK,68.92558116268648,100.0,100.0,100.0,42.84995980168434,43.333333333333336,0.0,82.72038083372685,0.0,1,1,A_recovered_proxy_vr1.2,True
2456,002456.SZ,欧菲光,元器件,20250516,11.93,65.99884919696015,58.04355717655264,7.955292020407519,1.56,3.3465,15383.86,11.235119047619047,weak_momentum,BULL_PULLBACK,32.07730145437618,100.0,100.0,40.0,79.55292020407519,33.33333333333333,0.0,50.88238174078846,0.0,2,2,A_recovered_proxy_vr1.2,True
2127,002127.SZ,南极电商,互联网,20250516,4.69,66.34105493638131,66.34105493638131,0.0,2.6,7.277,13499.83,4.285714285714285,weak_momentum,BULL_PULLBACK,68.92558116268648,100.0,100.0,100.0,42.84995980168434,43.333333333333336,0.0,82.72038083372685,0.0,1,1,D_pure_quant_vr1.2,True
2127,002127.SZ,南极电商,互联网,20250516,4.69,66.34105493638131,66.34105493638131,0.0,2.6,7.277,13499.83,4.285714285714285,weak_momentum,BULL_PULLBACK,68.92558116268648,100.0,100.0,100.0,42.84995980168434,43.333333333333336,0.0,82.72038083372685,0.0,1,1,E_ablate_accel_vr1.2,True
2210,002210.SZ,飞马国际,环境保护,20250519,2.65,74.85379076853783,65.33756240122861,9.516228367309232,1.72,7.9057,18971.24,3.985507246376807,weak_momentum,BULL_PULLBACK,39.12042824636866,100.0,100.0,100.0,95.16228367309232,20.0,0.0,61.30103742206308,0.0,1,1,A_recovered_proxy_vr1.5,True
600252,600252.SH,中恒集团,中成药,20250519,2.57,67.90759002072863,67.90759002072863,0.0,4.24,3.3633,7337.95,4.814814814814827,weak_momentum,BULL_PULLBACK,100.0,100.0,73.3795,80.0,60.272977915968646,66.66666666666666,0.0,75.5,0.0,2,2,A_recovered_proxy_vr1.5,True
600252,600252.SH,中恒集团,中成药,20250519,2.57,67.90759002072863,67.90759002072863,0.0,4.24,3.3633,7337.95,4.814814814814827,weak_momentum,BULL_PULLBACK,100.0,100.0,73.3795,80.0,60.272977915968646,66.66666666666666,0.0,75.5,0.0,1,1,B_pure_quant_vr1.5,True
2210,002210.SZ,飞马国际,环境保护,20250519,2.65,65.33756240122861,65.33756240122861,0.0,1.72,7.9057,18971.24,3.985507246376807,weak_momentum,BULL_PULLBACK,39.12042824636866,100.0,100.0,100.0,95.16228367309232,20.0,0.0,61.30103742206308,0.0,2,2,B_pure_quant_vr1.5,True
2210,002210.SZ,飞马国际,环境保护,20250519,2.65,74.85379076853783,65.33756240122861,9.516228367309232,1.72,7.9057,18971.24,3.985507246376807,weak_momentum,BULL_PULLBACK,39.12042824636866,100.0,100.0,100.0,95.16228367309232,20.0,0.0,61.30103742206308,0.0,1,1,A_recovered_proxy_vr1.2,True
600252,600252.SH,中恒集团,中成药,20250519,2.57,67.90759002072863,67.90759002072863,0.0,4.24,3.3633,7337.95,4.814814814814827,weak_momentum,BULL_PULLBACK,100.0,100.0,73.3795,80.0,60.272977915968646,66.66666666666666,0.0,75.5,0.0,2,2,A_recovered_proxy_vr1.2,True
600252,600252.SH,中恒集团,中成药,20250519,2.57,67.90759002072863,67.90759002072863,0.0,4.24,3.3633,7337.95,4.814814814814827,weak_momentum,BULL_PULLBACK,100.0,100.0,73.3795,80.0,60.272977915968646,66.66666666666666,0.0,75.5,0.0,1,1,D_pure_quant_vr1.2,True
2210,002210.SZ,飞马国际,环境保护,20250519,2.65,65.33756240122861,65.33756240122861,0.0,1.72,7.9057,18971.24,3.985507246376807,weak_momentum,BULL_PULLBACK,39.12042824636866,100.0,100.0,100.0,95.16228367309232,20.0,0.0,61.30103742206308,0.0,2,2,D_pure_quant_vr1.2,True
600252,600252.SH,中恒集团,中成药,20250519,2.57,67.90759002072863,67.90759002072863,0.0,4.24,3.3633,7337.95,4.814814814814827,weak_momentum,BULL_PULLBACK,100.0,100.0,73.3795,80.0,60.272977915968646,66.66666666666666,0.0,75.5,0.0,1,1,E_ablate_accel_vr1.2,True
2210,002210.SZ,飞马国际,环境保护,20250519,2.65,65.33756240122861,65.33756240122861,0.0,1.72,7.9057,18971.24,3.985507246376807,weak_momentum,BULL_PULLBACK,39.12042824636866,100.0,100.0,100.0,95.16228367309232,20.0,0.0,61.30103742206308,0.0,2,2,E_ablate_accel_vr1.2,True
536,000536.SZ,华映科技,元器件,20250520,4.75,70.33947993516604,64.48060982413003,5.858870111036012,2.67,5.545,14916.35,3.0612244897959253,weak_momentum,BULL_PULLBACK,70.84198709564146,100.0,100.0,65.0,58.58870111036012,63.33333333333333,0.0,57.662266177087496,0.0,1,1,A_recovered_proxy_vr1.5,True
2074,002074.SZ,国轩高科,电气设备,20250520,24.23,67.95414131156448,59.30320270172176,8.65093860984272,1.91,5.9983,32204.56,3.5429936305732506,weak_momentum,BULL_PULLBACK,46.67863191305119,100.0,100.0,65.0,86.5093860984272,0.0,0.0,40.5,0.0,2,2,A_recovered_proxy_vr1.5,True
917,000917.SZ,电广传媒,广告包装,20250520,7.57,66.17976150729639,66.17976150729639,0.0,2.6,4.3679,11541.74,3.443877551020403,weak_momentum,BULL_PULLBACK,68.92558116268648,100.0,100.0,80.0,58.18000698918736,63.33333333333333,0.0,66.31504411899095,0.0,1,1,B_pure_quant_vr1.5,True
536,000536.SZ,华映科技,元器件,20250520,4.75,64.48060982413003,64.48060982413003,0.0,2.67,5.545,14916.35,3.0612244897959253,weak_momentum,BULL_PULLBACK,70.84198709564146,100.0,100.0,65.0,58.58870111036012,63.33333333333333,0.0,57.662266177087496,0.0,2,2,B_pure_quant_vr1.5,True
917,000917.SZ,电广传媒,广告包装,20250520,7.57,65.10118370679781,65.10118370679781,0.0,2.6,4.3679,11541.74,3.443877551020403,weak_momentum,BULL_PULLBACK,68.92558116268648,100.0,100.0,80.0,50.9894883191969,63.33333333333333,0.0,66.31504411899095,0.0,1,1,A_recovered_proxy_vr1.2,True
536,000536.SZ,华映科技,元器件,20250520,4.75,62.785498396052255,62.785498396052255,0.0,2.67,5.545,14916.35,3.0612244897959253,weak_momentum,BULL_PULLBACK,70.84198709564146,100.0,100.0,65.0,47.287958256508304,63.33333333333333,0.0,57.662266177087496,0.0,2,2,A_recovered_proxy_vr1.2,True
917,000917.SZ,电广传媒,广告包装,20250520,7.57,65.10118370679781,65.10118370679781,0.0,2.6,4.3679,11541.74,3.443877551020403,weak_momentum,BULL_PULLBACK,68.92558116268648,100.0,100.0,80.0,50.9894883191969,63.33333333333333,0.0,66.31504411899095,0.0,1,1,D_pure_quant_vr1.2,True
536,000536.SZ,华映科技,元器件,20250520,4.75,62.785498396052255,62.785498396052255,0.0,2.67,5.545,14916.35,3.0612244897959253,weak_momentum,BULL_PULLBACK,70.84198709564146,100.0,100.0,65.0,47.287958256508304,63.33333333333333,0.0,57.662266177087496,0.0,2,2,D_pure_quant_vr1.2,True
917,000917.SZ,电广传媒,广告包装,20250520,7.57,65.10118370679781,65.10118370679781,0.0,2.6,4.3679,11541.74,3.443877551020403,weak_momentum,BULL_PULLBACK,68.92558116268648,100.0,100.0,80.0,50.9894883191969,63.33333333333333,0.0,66.31504411899095,0.0,1,1,E_ablate_accel_vr1.2,True
536,000536.SZ,华映科技,元器件,20250520,4.75,62.785498396052255,62.785498396052255,0.0,2.67,5.545,14916.35,3.0612244897959253,weak_momentum,BULL_PULLBACK,70.84198709564146,100.0,100.0,65.0,47.287958256508304,63.33333333333333,0.0,57.662266177087496,0.0,2,2,E_ablate_accel_vr1.2,True
600157,600157.SH,永泰能源,火力发电,20250521,1.38,73.69015767674337,66.7204951163676,6.96966256037577,2.67,3.123,42453.97,3.4965034965035,weak_momentum,BULL_PULLBACK,70.84198709564146,100.0,100.0,40.0,69.6966256037577,66.66666666666666,0.0,68.70913252082929,0.0,1,1,A_recovered_proxy_vr1.5,True
600495,600495.SH,晋西车轴,运输设备,20250521,4.4,72.04350134345735,72.04350134345735,0.0,7.76,10.7589,13388.04,5.172413793103434,weak_momentum,BULL_PULLBACK,100.0,100.0,100.0,60.0,57.46257712248605,33.33333333333333,0.0,91.71632072278516,0.0,2,2,A_recovered_proxy_vr1.5,True
600495,600495.SH,晋西车轴,运输设备,20250521,4.4,72.04350134345735,72.04350134345735,0.0,7.76,10.7589,13388.04,5.172413793103434,weak_momentum,BULL_PULLBACK,100.0,100.0,100.0,60.0,57.46257712248605,33.33333333333333,0.0,91.71632072278516,0.0,1,1,B_pure_quant_vr1.5,True
600210,600210.SH,紫江企业,广告包装,20250521,6.55,67.31175047188898,67.31175047188898,0.0,4.0,4.1608,10821.81,1.946107784431136,weak_momentum,BULL_PULLBACK,100.0,68.38323353293409,100.0,80.0,46.31619409735706,76.66666666666667,0.0,75.5,0.0,2,2,B_pure_quant_vr1.5,True
600157,600157.SH,永泰能源,火力发电,20250521,1.38,73.69015767674337,66.7204951163676,6.96966256037577,2.67,3.123,42453.97,3.4965034965035,weak_momentum,BULL_PULLBACK,70.84198709564146,100.0,100.0,40.0,69.6966256037577,66.66666666666666,0.0,68.70913252082929,0.0,1,1,A_recovered_proxy_vr1.2,True
600495,600495.SH,晋西车轴,运输设备,20250521,4.4,72.04350134345735,72.04350134345735,0.0,7.76,10.7589,13388.04,5.172413793103434,weak_momentum,BULL_PULLBACK,100.0,100.0,100.0,60.0,57.46257712248605,33.33333333333333,0.0,91.71632072278516,0.0,2,2,A_recovered_proxy_vr1.2,True
600495,600495.SH,晋西车轴,运输设备,20250521,4.4,72.04350134345735,72.04350134345735,0.0,7.76,10.7589,13388.04,5.172413793103434,weak_momentum,BULL_PULLBACK,100.0,100.0,100.0,60.0,57.46257712248605,33.33333333333333,0.0,91.71632072278516,0.0,1,1,D_pure_quant_vr1.2,True
600210,600210.SH,紫江企业,广告包装,20250521,6.55,67.31175047188898,67.31175047188898,0.0,4.0,4.1608,10821.81,1.946107784431136,weak_momentum,BULL_PULLBACK,100.0,68.38323353293409,100.0,80.0,46.31619409735706,76.66666666666667,0.0,75.5,0.0,2,2,D_pure_quant_vr1.2,True
600495,600495.SH,晋西车轴,运输设备,20250521,4.4,63.42411477508444,63.42411477508444,0.0,7.76,10.7589,13388.04,5.172413793103434,weak_momentum,BULL_PULLBACK,100.0,100.0,100.0,60.0,57.46257712248605,33.33333333333333,0.0,91.71632072278516,0.0,1,1,E_ablate_sector_vr1.2,True
600452,600452.SH,涪陵电力,水力发电,20250521,9.81,60.72203668854075,60.72203668854075,0.0,4.1,4.115,9372.83,6.303724928366764,weak_momentum,BULL_PULLBACK,100.0,100.0,93.7283,40.0,32.96098656345468,86.66666666666667,0.0,70.11739570138276,0.0,2,2,E_ablate_sector_vr1.2,True
600495,600495.SH,晋西车轴,运输设备,20250521,4.4,72.04350134345735,72.04350134345735,0.0,7.76,10.7589,13388.04,5.172413793103434,weak_momentum,BULL_PULLBACK,100.0,100.0,100.0,60.0,57.46257712248605,33.33333333333333,0.0,91.71632072278516,0.0,1,1,E_ablate_accel_vr1.2,True
600210,600210.SH,紫江企业,广告包装,20250521,6.55,67.31175047188898,67.31175047188898,0.0,4.0,4.1608,10821.81,1.946107784431136,weak_momentum,BULL_PULLBACK,100.0,68.38323353293409,100.0,80.0,46.31619409735706,76.66666666666667,0.0,75.5,0.0,2,2,E_ablate_accel_vr1.2,True
2459,002459.SZ,晶澳科技,电气设备,20250523,9.67,70.88636179489605,70.88636179489605,0.0,3.38,4.2645,16036.79,9.45692883895131,sideways,BULL_PULLBACK,87.85116232537298,100.0,100.0,40.0,43.476870408540606,33.33333333333333,0.0,73.09090712805195,0.0,1,1,A_recovered_proxy_vr1.5,True
600452,600452.SH,涪陵电力,水力发电,20250523,10.08,69.08883570733931,63.01063326825607,6.078202439083235,3.09,6.1683,14747.75,4.0,sideways,BULL_PULLBACK,81.38034190648249,40.0,100.0,100.0,60.78202439083235,0.0,0.0,93.2471199183756,0.0,2,2,A_recovered_proxy_vr1.5,True
2459,002459.SZ,晶澳科技,电气设备,20250523,9.67,70.88636179489605,70.88636179489605,0.0,3.38,4.2645,16036.79,9.45692883895131,sideways,BULL_PULLBACK,87.85116232537298,100.0,100.0,40.0,43.476870408540606,33.33333333333333,0.0,73.09090712805195,0.0,1,1,B_pure_quant_vr1.5,True
600452,600452.SH,涪陵电力,水力发电,20250523,10.08,63.01063326825607,63.01063326825607,0.0,3.09,6.1683,14747.75,4.0,sideways,BULL_PULLBACK,81.38034190648249,40.0,100.0,100.0,60.78202439083235,0.0,0.0,93.2471199183756,0.0,2,2,B_pure_quant_vr1.5,True
2459,002459.SZ,晶澳科技,电气设备,20250523,9.67,71.60143956761917,71.60143956761917,0.0,3.38,4.2645,16036.79,9.45692883895131,sideways,BULL_PULLBACK,87.85116232537298,100.0,100.0,65.0,41.57738889336146,33.33333333333333,0.0,73.09090712805195,0.0,1,1,A_recovered_proxy_vr1.2,True
600733,600733.SH,北汽蓝谷,汽车整车,20250523,7.58,69.73553022314465,63.30720180124588,6.428328421898766,2.53,3.8707,22582.49,6.188118811881188,sideways,BULL_PULLBACK,66.95686924597926,69.8019801980198,100.0,80.0,64.28328421898766,0.0,0.0,69.81468575598282,0.0,2,2,A_recovered_proxy_vr1.2,True
2459,002459.SZ,晶澳科技,电气设备,20250523,9.67,71.60143956761917,71.60143956761917,0.0,3.38,4.2645,16036.79,9.45692883895131,sideways,BULL_PULLBACK,87.85116232537298,100.0,100.0,65.0,41.57738889336146,33.33333333333333,0.0,73.09090712805195,0.0,1,1,D_pure_quant_vr1.2,True
600733,600733.SH,北汽蓝谷,汽车整车,20250523,7.58,63.30720180124588,63.30720180124588,0.0,2.53,3.8707,22582.49,6.188118811881188,sideways,BULL_PULLBACK,66.95686924597926,69.8019801980198,100.0,80.0,64.28328421898766,0.0,0.0,69.81468575598282,0.0,2,2,D_pure_quant_vr1.2,True
2459,002459.SZ,晶澳科技,电气设备,20250523,9.67,65.36483123361495,65.36483123361495,0.0,3.38,4.2645,16036.79,9.45692883895131,sideways,BULL_PULLBACK,87.85116232537298,100.0,100.0,65.0,41.57738889336146,33.33333333333333,0.0,73.09090712805195,0.0,1,1,E_ablate_sector_vr1.2,True
2459,002459.SZ,晶澳科技,电气设备,20250523,9.67,62.83053071225294,62.83053071225294,0.0,3.38,4.2645,16036.79,9.45692883895131,sideways,BULL_PULLBACK,87.85116232537298,100.0,100.0,65.0,41.57738889336146,33.33333333333333,0.0,73.09090712805195,0.0,1,1,E_ablate_wyckoff_vr1.2,True
2459,002459.SZ,晶澳科技,电气设备,20250523,9.67,71.60143956761917,71.60143956761917,0.0,3.38,4.2645,16036.79,9.45692883895131,sideways,BULL_PULLBACK,87.85116232537298,100.0,100.0,65.0,41.57738889336146,33.33333333333333,0.0,73.09090712805195,0.0,1,1,E_ablate_accel_vr1.2,True
600733,600733.SH,北汽蓝谷,汽车整车,20250523,7.58,63.30720180124588,63.30720180124588,0.0,2.53,3.8707,22582.49,6.188118811881188,sideways,BULL_PULLBACK,66.95686924597926,69.8019801980198,100.0,80.0,64.28328421898766,0.0,0.0,69.81468575598282,0.0,2,2,E_ablate_accel_vr1.2,True
1208,001208.SZ,华菱线缆,电气设备,20250526,10.59,64.33815231555087,55.14689571399164,9.191256601559228,2.96,7.3544,2291.0,4.422382671480146,sideways,BULL_PULLBACK,78.27985879271125,44.22382671480146,22.91,65.0,91.91256601559226,0.0,0.0,75.5,0.0,1,1,A_recovered_proxy_vr1.5,True
2300,002300.SZ,太阳电缆,电气设备,20250526,6.29,62.578593685657005,53.38733708409778,9.191256601559228,2.95,8.5436,7575.04,0.1587301587301553,sideways,BULL_PULLBACK,78.03574772372394,1.5873015873015532,75.7504,65.0,91.91256601559226,66.66666666666666,0.0,75.5,0.0,2,2,A_recovered_proxy_vr1.5,True
96,000096.SZ,广聚能源,石油贸易,20250526,17.73,60.47922619702775,60.47922619702775,0.0,1.98,4.5416,10541.74,8.229813664596271,sideways,BULL_PULLBACK,49.27502151524424,100.0,100.0,80.0,44.3443470131116,0.0,0.0,48.225578430893975,0.0,1,1,B_pure_quant_vr1.5,True
2130,002130.SZ,沃尔核材,电气设备,20250526,19.79,66.17335072140789,56.86348820119027,9.309862520217616,1.25,4.4594,18545.05,8.37962962962964,sideways,BULL_PULLBACK,16.09640474436812,100.0,100.0,40.0,93.09862520217617,30.0,0.0,26.312378142523837,0.0,1,1,A_recovered_proxy_vr1.2,True
1208,001208.SZ,华菱线缆,电气设备,20250526,10.59,64.63466711219684,55.32480459197922,9.309862520217616,2.96,7.3544,2291.0,4.422382671480146,sideways,BULL_PULLBACK,78.27985879271125,44.22382671480146,22.91,65.0,93.09862520217617,0.0,0.0,75.5,0.0,2,2,A_recovered_proxy_vr1.2,True
2827,002827.SZ,高争民爆,化工原料,20250530,29.14,79.64934359635508,72.00938935667779,7.639954239677299,4.03,5.7915,11450.49,4.708960104643551,sideways,BEAR_BOUNCE,100.0,47.08960104643551,100.0,100.0,76.39954239677299,66.66666666666666,0.0,90.4701036134391,0.0,1,1,A_recovered_proxy_vr1.5,True
2827,002827.SZ,高争民爆,化工原料,20250530,29.14,79.21823298367192,71.7507229890679,7.467509994604035,4.03,5.7915,11450.49,4.708960104643551,sideways,BEAR_BOUNCE,100.0,47.08960104643551,100.0,100.0,74.67509994604035,66.66666666666666,0.0,90.4701036134391,0.0,1,1,A_recovered_proxy_vr1.2,True
600161,600161.SH,天坛生物,生物制药,20250606,20.15,75.04235943636014,68.97175645829064,6.070602978069498,4.0,3.1964,16095.65,1.563263312164144,weak_momentum,BEAR_BOUNCE,100.0,56.89789936492432,100.0,80.0,60.706029780694976,53.333333333333336,0.0,89.14291600485879,0.0,1,1,A_recovered_proxy_vr1.5,True
600161,600161.SH,天坛生物,生物制药,20250606,20.15,75.04235943636014,68.97175645829064,6.070602978069498,4.0,3.1964,16095.65,1.563263312164144,weak_momentum,BEAR_BOUNCE,100.0,56.89789936492432,100.0,80.0,60.706029780694976,53.333333333333336,0.0,89.14291600485879,0.0,1,1,A_recovered_proxy_vr1.2,True
603663,603663.SH,三祥新材,小金属,20250609,24.24,79.29944550794905,70.49948294824695,8.799962559702097,2.9,4.616,14936.28,6.94817658349329,weak_momentum,BEAR_BOUNCE,76.80264501201049,100.0,100.0,40.0,87.99962559702097,53.333333333333336,0.0,74.08317126817046,0.0,1,1,A_recovered_proxy_vr1.5,True
603663,603663.SH,三祥新材,小金属,20250609,24.24,78.93042667986411,70.77807165139599,8.15235502846812,2.9,4.616,14936.28,6.94817658349329,weak_momentum,BEAR_BOUNCE,76.80264501201049,100.0,100.0,65.0,81.52355028468119,53.333333333333336,0.0,74.08317126817046,0.0,1,1,A_recovered_proxy_vr1.2,True
601162,601162.SH,天风证券,证券,20250612,4.14,80.47777122311784,73.05681033413211,7.420960888985729,3.49,7.1646,59058.44,3.720930232558143,weak_momentum,BEAR_BOUNCE,90.16135182174638,100.0,100.0,100.0,74.20960888985728,0.0,0.0,89.34110818261041,0.0,1,1,A_recovered_proxy_vr1.5,True
2756,002756.SZ,永兴材料,小金属,20250624,31.27,76.50393556571059,67.31347269599294,9.190462869717654,2.27,3.4946,14795.5,4.05032218471925,weak_momentum,BEAR_BOUNCE,59.13461487580951,100.0,100.0,65.0,91.90462869717656,30.0,0.0,66.05057440030023,0.0,1,1,A_recovered_proxy_vr1.5,True
601375,601375.SH,中原证券,证券,20250625,4.24,85.27810892473477,76.27957874936082,8.998530175373947,4.96,5.2641,12989.12,1.8518518518518532,momentum,BEAR_BOUNCE,100.0,100.0,100.0,65.0,89.98530175373946,30.0,0.0,85.32518398612933,0.0,1,1,A_recovered_proxy_vr1.5,True
601375,601375.SH,中原证券,证券,20250625,4.24,76.27957874936082,76.27957874936082,0.0,4.96,5.2641,12989.12,1.8518518518518532,momentum,BEAR_BOUNCE,100.0,100.0,100.0,65.0,89.98530175373946,30.0,0.0,85.32518398612933,0.0,1,1,B_pure_quant_vr1.5,True
601375,601375.SH,中原证券,证券,20250625,4.24,85.27810892473477,76.27957874936082,8.998530175373947,4.96,5.2641,12989.12,1.8518518518518532,momentum,BEAR_BOUNCE,100.0,100.0,100.0,65.0,89.98530175373946,30.0,0.0,85.32518398612933,0.0,1,1,A_recovered_proxy_vr1.2,True
601375,601375.SH,中原证券,证券,20250625,4.24,76.27957874936082,76.27957874936082,0.0,4.96,5.2641,12989.12,1.8518518518518532,momentum,BEAR_BOUNCE,100.0,100.0,100.0,65.0,89.98530175373946,30.0,0.0,85.32518398612933,0.0,1,1,D_pure_quant_vr1.2,True
601375,601375.SH,中原证券,证券,20250625,4.24,76.27957874936082,76.27957874936082,0.0,4.96,5.2641,12989.12,1.8518518518518532,momentum,BEAR_BOUNCE,100.0,100.0,100.0,65.0,89.98530175373946,30.0,0.0,85.32518398612933,0.0,1,1,E_ablate_accel_vr1.2,True
603019,603019.SH,中科曙光,IT设备,20250626,70.89,83.73935832348994,75.06194091573975,8.677417407750191,4.11,6.4724,132340.78,3.0365203118588413,momentum,BEAR_BOUNCE,100.0,99.78087812884696,100.0,100.0,86.77417407750191,33.33333333333333,0.0,60.62351620688017,0.0,1,1,A_recovered_proxy_vr1.5,True
603019,603019.SH,中科曙光,IT设备,20250626,70.89,75.06194091573975,75.06194091573975,0.0,4.11,6.4724,132340.78,3.0365203118588413,momentum,BEAR_BOUNCE,100.0,99.78087812884696,100.0,100.0,86.77417407750191,33.33333333333333,0.0,60.62351620688017,0.0,1,1,B_pure_quant_vr1.5,True
603019,603019.SH,中科曙光,IT设备,20250626,70.89,84.02397640487078,75.25168630332698,8.772290101543797,4.11,6.4724,132340.78,3.0365203118588413,momentum,BEAR_BOUNCE,100.0,99.78087812884696,100.0,100.0,87.72290101543797,33.33333333333333,0.0,60.62351620688017,0.0,1,1,A_recovered_proxy_vr1.2,True
603019,603019.SH,中科曙光,IT设备,20250626,70.89,75.25168630332698,75.25168630332698,0.0,4.11,6.4724,132340.78,3.0365203118588413,momentum,BEAR_BOUNCE,100.0,99.78087812884696,100.0,100.0,87.72290101543797,33.33333333333333,0.0,60.62351620688017,0.0,1,1,D_pure_quant_vr1.2,True
603019,603019.SH,中科曙光,IT设备,20250626,70.89,75.25168630332698,75.25168630332698,0.0,4.11,6.4724,132340.78,3.0365203118588413,momentum,BEAR_BOUNCE,100.0,99.78087812884696,100.0,100.0,87.72290101543797,33.33333333333333,0.0,60.62351620688017,0.0,1,1,E_ablate_accel_vr1.2,True
158,000158.SZ,常山北明,软件服务,20250701,22.72,75.23545062762233,67.61921105234485,7.61623957527747,2.36,7.6315,21360.99,3.277990634312472,weak_momentum,BULL_TREND,61.93934297935583,100.0,100.0,65.0,76.1623957527747,10.0,0.0,87.69300161683515,0.0,1,1,A_recovered_proxy_vr1.5,True
600171,600171.SH,上海贝岭,半导体,20250701,35.19,70.65351254309314,63.27187159903858,7.381640944054562,2.14,9.1654,17596.34,3.747264770240713,weak_momentum,BULL_TREND,54.88053983132112,100.0,100.0,65.0,73.81640944054561,0.0,0.0,71.44886138839048,0.0,2,2,A_recovered_proxy_vr1.5,True
603239,603239.SH,浙江仙通,汽车配件,20250701,15.83,65.30285589897498,56.60114680683952,8.701709092135458,3.22,5.7901,1218.65,6.275902901124929,weak_momentum,BULL_TREND,84.35303441699462,100.0,12.1865,100.0,87.01709092135457,53.333333333333336,0.0,60.235942262803206,0.0,3,3,A_recovered_proxy_vr1.5,True
158,000158.SZ,常山北明,软件服务,20250701,22.72,67.61921105234485,67.61921105234485,0.0,2.36,7.6315,21360.99,3.277990634312472,weak_momentum,BULL_TREND,61.93934297935583,100.0,100.0,65.0,76.1623957527747,10.0,0.0,87.69300161683515,0.0,1,1,B_pure_quant_vr1.5,True
600171,600171.SH,上海贝岭,半导体,20250701,35.19,63.27187159903858,63.27187159903858,0.0,2.14,9.1654,17596.34,3.747264770240713,weak_momentum,BULL_TREND,54.88053983132112,100.0,100.0,65.0,73.81640944054561,0.0,0.0,71.44886138839048,0.0,2,2,B_pure_quant_vr1.5,True
420,000420.SZ,吉林化纤,化纤,20250701,4.0,61.82164703535779,61.82164703535779,0.0,2.13,5.7008,9932.96,7.407407407407414,weak_momentum,BULL_TREND,54.54267152255567,100.0,99.3296,100.0,40.4144845078106,43.333333333333336,0.0,70.21385976090792,0.0,3,3,B_pure_quant_vr1.5,True
158,000158.SZ,常山北明,软件服务,20250701,22.72,74.74379970924768,67.32422050132007,7.419579207927615,2.36,7.6315,21360.99,3.277990634312472,weak_momentum,BULL_TREND,61.93934297935583,100.0,100.0,65.0,74.19579207927615,10.0,0.0,87.69300161683515,0.0,1,1,A_recovered_proxy_vr1.2,True
600171,600171.SH,上海贝岭,半导体,20250701,35.19,72.38841206799887,64.61281131398202,7.775600754016857,2.14,9.1654,17596.34,3.747264770240713,weak_momentum,BULL_TREND,54.88053983132112,100.0,100.0,80.0,77.75600754016857,0.0,0.0,71.44886138839048,0.0,2,2,A_recovered_proxy_vr1.2,True
603239,603239.SH,浙江仙通,汽车配件,20250701,15.83,62.60838824053421,54.28446621177506,8.323922028759148,3.22,5.7901,1218.65,6.275902901124929,weak_momentum,BULL_TREND,84.35303441699462,100.0,12.1865,65.0,83.23922028759148,53.333333333333336,0.0,60.235942262803206,0.0,3,3,A_recovered_proxy_vr1.2,True
158,000158.SZ,常山北明,软件服务,20250701,22.72,67.32422050132007,67.32422050132007,0.0,2.36,7.6315,21360.99,3.277990634312472,weak_momentum,BULL_TREND,61.93934297935583,100.0,100.0,65.0,74.19579207927615,10.0,0.0,87.69300161683515,0.0,1,1,D_pure_quant_vr1.2,True
600171,600171.SH,上海贝岭,半导体,20250701,35.19,64.61281131398202,64.61281131398202,0.0,2.14,9.1654,17596.34,3.747264770240713,weak_momentum,BULL_TREND,54.88053983132112,100.0,100.0,80.0,77.75600754016857,0.0,0.0,71.44886138839048,0.0,2,2,D_pure_quant_vr1.2,True
420,000420.SZ,吉林化纤,化纤,20250701,4.0,62.0529318759012,62.0529318759012,0.0,2.13,5.7008,9932.96,7.407407407407414,weak_momentum,BULL_TREND,54.54267152255567,100.0,99.3296,100.0,41.95638344476666,43.333333333333336,0.0,70.21385976090792,0.0,3,3,D_pure_quant_vr1.2,True
158,000158.SZ,常山北明,软件服务,20250701,22.72,56.194851689428646,56.194851689428646,0.0,2.36,7.6315,21360.99,3.277990634312472,weak_momentum,BULL_TREND,61.93934297935583,100.0,100.0,65.0,74.19579207927615,10.0,0.0,87.69300161683515,0.0,1,1,E_ablate_sector_vr1.2,True
420,000420.SZ,吉林化纤,化纤,20250701,4.0,55.7594743591862,55.7594743591862,0.0,2.13,5.7008,9932.96,7.407407407407414,weak_momentum,BULL_TREND,54.54267152255567,100.0,99.3296,100.0,41.95638344476666,43.333333333333336,0.0,70.21385976090792,0.0,2,2,E_ablate_sector_vr1.2,True
600171,600171.SH,上海贝岭,半导体,20250701,35.19,52.94941018295674,52.94941018295674,0.0,2.14,9.1654,17596.34,3.747264770240713,weak_momentum,BULL_TREND,54.88053983132112,100.0,100.0,80.0,77.75600754016857,0.0,0.0,71.44886138839048,0.0,3,3,E_ablate_sector_vr1.2,True
158,000158.SZ,常山北明,软件服务,20250701,22.72,49.54271295406861,49.54271295406861,0.0,2.36,7.6315,21360.99,3.277990634312472,weak_momentum,BULL_TREND,61.93934297935583,100.0,100.0,65.0,75.65240843093312,10.0,0.0,87.69300161683515,0.0,1,1,E_ablate_inflow_vr1.2,True
899,000899.SZ,赣能股份,火力发电,20250701,8.94,49.21189963562189,49.21189963562189,0.0,3.47,3.0081,5629.19,4.690831556503212,weak_momentum,BULL_TREND,89.74678314017682,100.0,56.2919,80.0,49.58764475979582,63.33333333333333,0.0,60.96712522639552,0.0,2,2,E_ablate_inflow_vr1.2,True
2170,002170.SZ,芭田股份,农药化肥,20250701,10.7,48.5141801585518,48.5141801585518,0.0,3.29,7.3916,3227.3,1.3824884792626762,weak_momentum,BULL_TREND,85.90437919802584,51.474654377880285,32.273,100.0,65.28820946779308,66.66666666666666,0.0,75.5,0.0,3,3,E_ablate_inflow_vr1.2,True
158,000158.SZ,常山北明,软件服务,20250701,22.72,54.1702702587948,54.1702702587948,0.0,2.36,7.6315,21360.99,3.277990634312472,weak_momentum,BULL_TREND,61.93934297935583,100.0,100.0,65.0,74.19579207927615,10.0,0.0,87.69300161683515,0.0,1,1,E_ablate_wyckoff_vr1.2,True
600171,600171.SH,上海贝岭,半导体,20250701,35.19,53.89548210572345,53.89548210572345,0.0,2.14,9.1654,17596.34,3.747264770240713,weak_momentum,BULL_TREND,54.88053983132112,100.0,100.0,80.0,77.75600754016857,0.0,0.0,71.44886138839048,0.0,2,2,E_ablate_wyckoff_vr1.2,True
600789,600789.SH,鲁抗医药,化学制药,20250701,10.24,52.002213468579896,52.002213468579896,0.0,1.66,5.8915,12000.83,9.380530973451332,weak_momentum,BULL_TREND,36.55916207861,100.0,100.0,65.0,70.67781660081157,53.333333333333336,0.0,35.16499893645111,0.0,3,3,E_ablate_wyckoff_vr1.2,True
158,000158.SZ,常山北明,软件服务,20250701,22.72,67.32422050132007,67.32422050132007,0.0,2.36,7.6315,21360.99,3.277990634312472,weak_momentum,BULL_TREND,61.93934297935583,100.0,100.0,65.0,74.19579207927615,10.0,0.0,87.69300161683515,0.0,1,1,E_ablate_accel_vr1.2,True
600171,600171.SH,上海贝岭,半导体,20250701,35.19,64.61281131398202,64.61281131398202,0.0,2.14,9.1654,17596.34,3.747264770240713,weak_momentum,BULL_TREND,54.88053983132112,100.0,100.0,80.0,77.75600754016857,0.0,0.0,71.44886138839048,0.0,2,2,E_ablate_accel_vr1.2,True
420,000420.SZ,吉林化纤,化纤,20250701,4.0,62.0529318759012,62.0529318759012,0.0,2.13,5.7008,9932.96,7.407407407407414,weak_momentum,BULL_TREND,54.54267152255567,100.0,99.3296,100.0,41.95638344476666,43.333333333333336,0.0,70.21385976090792,0.0,3,3,E_ablate_accel_vr1.2,True
600157,600157.SH,永泰能源,火力发电,20250702,1.37,81.58245649702238,73.46774823877345,8.114708258248928,3.96,4.6526,56947.37,2.8368794326241007,weak_momentum,BULL_TREND,99.27502151524423,95.10638297872302,100.0,80.0,81.14708258248928,33.33333333333333,0.0,75.5,0.0,1,1,A_recovered_proxy_vr1.5,True
2688,002688.SZ,金河生物,农业综合,20250702,6.39,73.04553021133135,67.56897943885303,5.476550772478318,2.85,8.9252,10069.04,8.321377331420374,weak_momentum,BULL_TREND,75.54809596386896,100.0,100.0,80.0,54.76550772478318,76.66666666666667,0.0,67.92403701481257,0.0,2,2,A_recovered_proxy_vr1.5,True
600686,600686.SH,金龙汽车,汽车整车,20250702,12.9,72.44240682540105,72.44240682540105,0.0,3.12,7.4556,18732.8,5.494505494505495,weak_momentum,BULL_TREND,82.07730145437618,100.0,100.0,100.0,53.01926860080308,53.333333333333336,0.0,96.74169766971664,0.0,3,3,A_recovered_proxy_vr1.5,True
600157,600157.SH,永泰能源,火力发电,20250702,1.37,73.46774823877345,73.46774823877345,0.0,3.96,4.6526,56947.37,2.8368794326241007,weak_momentum,BULL_TREND,99.27502151524423,95.10638297872302,100.0,80.0,81.14708258248928,33.33333333333333,0.0,75.5,0.0,1,1,B_pure_quant_vr1.5,True
600686,600686.SH,金龙汽车,汽车整车,20250702,12.9,72.44240682540105,72.44240682540105,0.0,3.12,7.4556,18732.8,5.494505494505495,weak_momentum,BULL_TREND,82.07730145437618,100.0,100.0,100.0,53.01926860080308,53.333333333333336,0.0,96.74169766971664,0.0,2,2,B_pure_quant_vr1.5,True
521,000521.SZ,长虹美菱,家用电器,20250702,7.21,71.76240932862221,71.76240932862221,0.0,3.2,4.5261,10846.2,7.682458386683734,weak_momentum,BULL_TREND,83.90359525563188,100.0,100.0,80.0,48.26655653043885,96.66666666666669,0.0,87.35702151585511,0.0,3,3,B_pure_quant_vr1.5,True
600157,600157.SH,永泰能源,火力发电,20250702,1.37,81.58245649702238,73.46774823877345,8.114708258248928,3.96,4.6526,56947.37,2.8368794326241007,weak_momentum,BULL_TREND,99.27502151524423,95.10638297872302,100.0,80.0,81.14708258248928,33.33333333333333,0.0,75.5,0.0,1,1,A_recovered_proxy_vr1.2,True
600686,600686.SH,金龙汽车,汽车整车,20250702,12.9,72.44240682540105,72.44240682540105,0.0,3.12,7.4556,18732.8,5.494505494505495,weak_momentum,BULL_TREND,82.07730145437618,100.0,100.0,100.0,53.01926860080308,53.333333333333336,0.0,96.74169766971664,0.0,2,2,A_recovered_proxy_vr1.2,True
521,000521.SZ,长虹美菱,家用电器,20250702,7.21,71.76240932862221,71.76240932862221,0.0,3.2,4.5261,10846.2,7.682458386683734,weak_momentum,BULL_TREND,83.90359525563188,100.0,100.0,80.0,48.26655653043885,96.66666666666669,0.0,87.35702151585511,0.0,3,3,A_recovered_proxy_vr1.2,True
600157,600157.SH,永泰能源,火力发电,20250702,1.37,73.46774823877345,73.46774823877345,0.0,3.96,4.6526,56947.37,2.8368794326241007,weak_momentum,BULL_TREND,99.27502151524423,95.10638297872302,100.0,80.0,81.14708258248928,33.33333333333333,0.0,75.5,0.0,1,1,D_pure_quant_vr1.2,True
600686,600686.SH,金龙汽车,汽车整车,20250702,12.9,72.44240682540105,72.44240682540105,0.0,3.12,7.4556,18732.8,5.494505494505495,weak_momentum,BULL_TREND,82.07730145437618,100.0,100.0,100.0,53.01926860080308,53.333333333333336,0.0,96.74169766971664,0.0,2,2,D_pure_quant_vr1.2,True
521,000521.SZ,长虹美菱,家用电器,20250702,7.21,71.76240932862221,71.76240932862221,0.0,3.2,4.5261,10846.2,7.682458386683734,weak_momentum,BULL_TREND,83.90359525563188,100.0,100.0,80.0,48.26655653043885,96.66666666666669,0.0,87.35702151585511,0.0,3,3,D_pure_quant_vr1.2,True
521,000521.SZ,长虹美菱,家用电器,20250702,7.21,64.52242584905638,64.52242584905638,0.0,3.2,4.5261,10846.2,7.682458386683734,weak_momentum,BULL_TREND,83.90359525563188,100.0,100.0,80.0,48.26655653043885,96.66666666666669,0.0,87.35702151585511,0.0,1,1,E_ablate_sector_vr1.2,True
600686,600686.SH,金龙汽车,汽车整车,20250702,12.9,64.48951653528059,64.48951653528059,0.0,3.12,7.4556,18732.8,5.494505494505495,weak_momentum,BULL_TREND,82.07730145437618,100.0,100.0,100.0,53.01926860080308,53.333333333333336,0.0,96.74169766971664,0.0,2,2,E_ablate_sector_vr1.2,True
600157,600157.SH,永泰能源,火力发电,20250702,1.37,61.29568585140007,61.29568585140007,0.0,3.96,4.6526,56947.37,2.8368794326241007,weak_momentum,BULL_TREND,99.27502151524423,95.10638297872302,100.0,80.0,81.14708258248928,33.33333333333333,0.0,75.5,0.0,3,3,E_ablate_sector_vr1.2,True
600157,600157.SH,永泰能源,火力发电,20250702,1.37,55.46774823877345,55.46774823877345,0.0,3.96,4.6526,56947.37,2.8368794326241007,weak_momentum,BULL_TREND,99.27502151524423,95.10638297872302,100.0,80.0,81.14708258248928,33.33333333333333,0.0,75.5,0.0,1,1,E_ablate_inflow_vr1.2,True
600686,600686.SH,金龙汽车,汽车整车,20250702,12.9,54.44240682540105,54.44240682540105,0.0,3.12,7.4556,18732.8,5.494505494505495,weak_momentum,BULL_TREND,82.07730145437618,100.0,100.0,100.0,53.01926860080308,53.333333333333336,0.0,96.74169766971664,0.0,2,2,E_ablate_inflow_vr1.2,True
521,000521.SZ,长虹美菱,家用电器,20250702,7.21,53.762409328622205,53.762409328622205,0.0,3.2,4.5261,10846.2,7.682458386683734,weak_momentum,BULL_TREND,83.90359525563188,100.0,100.0,80.0,48.26655653043885,96.66666666666669,0.0,87.35702151585511,0.0,3,3,E_ablate_inflow_vr1.2,True
600157,600157.SH,永泰能源,火力发电,20250702,1.37,62.14274823877346,62.14274823877346,0.0,3.96,4.6526,56947.37,2.8368794326241007,weak_momentum,BULL_TREND,99.27502151524423,95.10638297872302,100.0,80.0,81.14708258248928,33.33333333333333,0.0,75.5,0.0,1,1,E_ablate_wyckoff_vr1.2,True
521,000521.SZ,长虹美菱,家用电器,20250702,7.21,58.65885610124394,58.65885610124394,0.0,3.2,4.5261,10846.2,7.682458386683734,weak_momentum,BULL_TREND,83.90359525563188,100.0,100.0,80.0,48.26655653043885,96.66666666666669,0.0,87.35702151585511,0.0,2,2,E_ablate_wyckoff_vr1.2,True
2688,002688.SZ,金河生物,农业综合,20250702,6.39,58.0284189761372,58.0284189761372,0.0,2.85,8.9252,10069.04,8.321377331420374,weak_momentum,BULL_TREND,75.54809596386896,100.0,100.0,80.0,59.08580832149016,76.66666666666667,0.0,67.92403701481257,0.0,3,3,E_ablate_wyckoff_vr1.2,True
600157,600157.SH,永泰能源,火力发电,20250702,1.37,73.46774823877345,73.46774823877345,0.0,3.96,4.6526,56947.37,2.8368794326241007,weak_momentum,BULL_TREND,99.27502151524423,95.10638297872302,100.0,80.0,81.14708258248928,33.33333333333333,0.0,75.5,0.0,1,1,E_ablate_accel_vr1.2,True
600686,600686.SH,金龙汽车,汽车整车,20250702,12.9,72.44240682540105,72.44240682540105,0.0,3.12,7.4556,18732.8,5.494505494505495,weak_momentum,BULL_TREND,82.07730145437618,100.0,100.0,100.0,53.01926860080308,53.333333333333336,0.0,96.74169766971664,0.0,2,2,E_ablate_accel_vr1.2,True
521,000521.SZ,长虹美菱,家用电器,20250702,7.21,71.76240932862221,71.76240932862221,0.0,3.2,4.5261,10846.2,7.682458386683734,weak_momentum,BULL_TREND,83.90359525563188,100.0,100.0,80.0,48.26655653043885,96.66666666666669,0.0,87.35702151585511,0.0,3,3,E_ablate_accel_vr1.2,True
2020,002020.SZ,京新药业,化学制药,20250703,13.57,72.37314344785302,67.18200711850915,5.191136329343878,2.72,4.2773,12724.72,4.369274136715992,weak_momentum,BULL_TREND,72.18033257378073,100.0,100.0,80.0,51.911363293438775,66.66666666666666,0.0,74.89946270061931,0.0,1,1,A_recovered_proxy_vr1.5,True
301275,301275.SZ,汉朔科技,元器件,20250703,58.2,61.59302608998837,52.857743229826696,8.735282860161673,2.29,10.9361,1934.96,5.396618985695708,weak_momentum,BULL_TREND,59.76737991611096,100.0,19.3496,80.0,87.35282860161674,33.33333333333333,0.0,64.26744857000584,0.0,2,2,A_recovered_proxy_vr1.5,True
2251,002251.SZ,步步高,超市连锁,20250703,5.05,56.22624353385184,56.22624353385184,0.0,2.23,7.9375,7916.9,6.13382899628253,weak_momentum,BULL_TREND,57.852185507279,100.0,79.169,100.0,29.86445494008106,10.0,0.0,75.45551644498553,0.0,3,3,A_recovered_proxy_vr1.5,True
2020,002020.SZ,京新药业,化学制药,20250703,13.57,67.18200711850915,67.18200711850915,0.0,2.72,4.2773,12724.72,4.369274136715992,weak_momentum,BULL_TREND,72.18033257378073,100.0,100.0,80.0,51.911363293438775,66.66666666666666,0.0,74.89946270061931,0.0,1,1,B_pure_quant_vr1.5,True
2251,002251.SZ,步步高,超市连锁,20250703,5.05,56.22624353385184,56.22624353385184,0.0,2.23,7.9375,7916.9,6.13382899628253,weak_momentum,BULL_TREND,57.852185507279,100.0,79.169,100.0,29.86445494008106,10.0,0.0,75.45551644498553,0.0,2,2,B_pure_quant_vr1.5,True
605100,605100.SH,华丰股份,机械基件,20250703,20.67,53.32171261269654,53.32171261269654,0.0,2.08,6.7782,5940.44,5.183486238532105,weak_momentum,BULL_TREND,52.82917641831838,100.0,59.4044,80.0,47.302383484015344,66.66666666666666,0.0,55.17235529342098,0.0,3,3,B_pure_quant_vr1.5,True
2045,002045.SZ,国光电器,元器件,20250703,16.08,64.5103243839108,56.050483723323424,8.459840660587377,1.25,5.9219,12035.19,3.015681544028951,weak_momentum,BULL_TREND,16.09640474436812,100.0,100.0,65.0,84.59840660587376,20.0,0.0,44.64174680524763,0.0,1,1,A_recovered_proxy_vr1.2,True
2020,002020.SZ,京新药业,化学制药,20250703,13.57,64.45605676640034,64.45605676640034,0.0,2.72,4.2773,12724.72,4.369274136715992,weak_momentum,BULL_TREND,72.18033257378073,100.0,100.0,80.0,33.738360946046704,66.66666666666666,0.0,74.89946270061931,0.0,2,2,A_recovered_proxy_vr1.2,True
301275,301275.SZ,汉朔科技,元器件,20250703,58.2,60.90442059105263,52.44457993046525,8.459840660587377,2.29,10.9361,1934.96,5.396618985695708,weak_momentum,BULL_TREND,59.76737991611096,100.0,19.3496,80.0,84.59840660587376,33.33333333333333,0.0,64.26744857000584,0.0,3,3,A_recovered_proxy_vr1.2,True
2020,002020.SZ,京新药业,化学制药,20250703,13.57,64.45605676640034,64.45605676640034,0.0,2.72,4.2773,12724.72,4.369274136715992,weak_momentum,BULL_TREND,72.18033257378073,100.0,100.0,80.0,33.738360946046704,66.66666666666666,0.0,74.89946270061931,0.0,1,1,D_pure_quant_vr1.2,True
2251,002251.SZ,步步高,超市连锁,20250703,5.05,56.168107072211136,56.168107072211136,0.0,2.23,7.9375,7916.9,6.13382899628253,weak_momentum,BULL_TREND,57.852185507279,100.0,79.169,100.0,29.476878529143043,10.0,0.0,75.45551644498553,0.0,2,2,D_pure_quant_vr1.2,True
2045,002045.SZ,国光电器,元器件,20250703,16.08,56.050483723323424,56.050483723323424,0.0,1.25,5.9219,12035.19,3.015681544028951,weak_momentum,BULL_TREND,16.09640474436812,100.0,100.0,65.0,84.59840660587376,20.0,0.0,44.64174680524763,0.0,3,3,D_pure_quant_vr1.2,True
2020,002020.SZ,京新药业,化学制药,20250703,13.57,59.39530262449334,59.39530262449334,0.0,2.72,4.2773,12724.72,4.369274136715992,weak_momentum,BULL_TREND,72.18033257378073,100.0,100.0,80.0,33.738360946046704,66.66666666666666,0.0,74.89946270061931,0.0,1,1,E_ablate_sector_vr1.2,True
2251,002251.SZ,步步高,超市连锁,20250703,5.05,51.74657529283968,51.74657529283968,0.0,2.23,7.9375,7916.9,6.13382899628253,weak_momentum,BULL_TREND,57.852185507279,100.0,79.169,100.0,29.476878529143043,10.0,0.0,75.45551644498553,0.0,2,2,E_ablate_sector_vr1.2,True
977,000977.SZ,浪潮信息,IT设备,20250703,50.94,47.61471218209339,47.61471218209339,0.0,1.41,3.2345,42629.95,3.977379830348727,weak_momentum,BULL_TREND,24.78475813120344,100.0,100.0,40.0,50.97639964758231,30.0,0.0,69.3133230827525,0.0,3,3,E_ablate_sector_vr1.2,True
301275,301275.SZ,汉朔科技,元器件,20250703,58.2,48.96165193046525,48.96165193046525,0.0,2.29,10.9361,1934.96,5.396618985695708,weak_momentum,BULL_TREND,59.76737991611096,100.0,19.3496,80.0,84.59840660587376,33.33333333333333,0.0,64.26744857000584,0.0,1,1,E_ablate_inflow_vr1.2,True
2020,002020.SZ,京新药业,化学制药,20250703,13.57,46.45605676640034,46.45605676640034,0.0,2.72,4.2773,12724.72,4.369274136715992,weak_momentum,BULL_TREND,72.18033257378073,100.0,100.0,80.0,33.738360946046704,66.66666666666666,0.0,74.89946270061931,0.0,2,2,E_ablate_inflow_vr1.2,True
2020,002020.SZ,京新药业,化学制药,20250703,13.57,53.22113736130745,53.22113736130745,0.0,2.72,4.2773,12724.72,4.369274136715992,weak_momentum,BULL_TREND,72.18033257378073,100.0,100.0,80.0,33.738360946046704,66.66666666666666,0.0,74.89946270061931,0.0,1,1,E_ablate_wyckoff_vr1.2,True
2045,002045.SZ,国光电器,元器件,20250703,16.08,49.35422170253628,49.35422170253628,0.0,1.25,5.9219,12035.19,3.015681544028951,weak_momentum,BULL_TREND,16.09640474436812,100.0,100.0,65.0,84.59840660587376,20.0,0.0,44.64174680524763,0.0,2,2,E_ablate_wyckoff_vr1.2,True
2020,002020.SZ,京新药业,化学制药,20250703,13.57,64.45605676640034,64.45605676640034,0.0,2.72,4.2773,12724.72,4.369274136715992,weak_momentum,BULL_TREND,72.18033257378073,100.0,100.0,80.0,33.738360946046704,66.66666666666666,0.0,74.89946270061931,0.0,1,1,E_ablate_accel_vr1.2,True
2251,002251.SZ,步步高,超市连锁,20250703,5.05,56.168107072211136,56.168107072211136,0.0,2.23,7.9375,7916.9,6.13382899628253,weak_momentum,BULL_TREND,57.852185507279,100.0,79.169,100.0,29.476878529143043,10.0,0.0,75.45551644498553,0.0,2,2,E_ablate_accel_vr1.2,True
2045,002045.SZ,国光电器,元器件,20250703,16.08,56.050483723323424,56.050483723323424,0.0,1.25,5.9219,12035.19,3.015681544028951,weak_momentum,BULL_TREND,16.09640474436812,100.0,100.0,65.0,84.59840660587376,20.0,0.0,44.64174680524763,0.0,3,3,E_ablate_accel_vr1.2,True
539,000539.SZ,粤电力A,火力发电,20250704,4.72,76.86462042829898,69.51575604724148,7.348864381057497,2.66,3.4248,12216.09,2.479338842975209,momentum,BULL_TREND,70.57131228632325,100.0,100.0,65.0,73.48864381057497,43.333333333333336,0.0,88.15663775511337,0.0,1,1,A_recovered_proxy_vr1.5,True
767,000767.SZ,晋控电力,火力发电,20250704,3.13,74.25158655625785,66.90272217520035,7.348864381057497,2.21,4.7742,10695.06,0.3184713375796252,momentum,BULL_TREND,57.20231848083535,100.0,100.0,65.0,73.48864381057497,33.33333333333333,0.0,87.07978974293388,0.0,2,2,A_recovered_proxy_vr1.5,True
2851,002851.SZ,麦格米特,电气设备,20250704,49.9,71.56050139799525,63.24703909945513,8.313462298540125,2.05,11.5399,64995.22,3.9830671541273817,momentum,BULL_TREND,51.781195486536056,94.10159707523572,100.0,60.0,83.13462298540125,10.0,0.0,59.42775471870899,0.0,3,3,A_recovered_proxy_vr1.5,True
539,000539.SZ,粤电力A,火力发电,20250704,4.72,69.51575604724148,69.51575604724148,0.0,2.66,3.4248,12216.09,2.479338842975209,momentum,BULL_TREND,70.57131228632325,100.0,100.0,65.0,73.48864381057497,43.333333333333336,0.0,88.15663775511337,0.0,1,1,B_pure_quant_vr1.5,True
767,000767.SZ,晋控电力,火力发电,20250704,3.13,66.90272217520035,66.90272217520035,0.0,2.21,4.7742,10695.06,0.3184713375796252,momentum,BULL_TREND,57.20231848083535,100.0,100.0,65.0,73.48864381057497,33.33333333333333,0.0,87.07978974293388,0.0,2,2,B_pure_quant_vr1.5,True
559,000559.SZ,万向钱潮,汽车配件,20250704,8.14,65.83497775652386,65.83497775652386,0.0,2.67,4.9425,19811.16,0.4889975550122145,momentum,BULL_TREND,70.84198709564146,100.0,100.0,80.0,45.12949077006471,66.66666666666666,0.0,88.49448204831369,0.0,3,3,B_pure_quant_vr1.5,True
539,000539.SZ,粤电力A,火力发电,20250704,4.72,74.60373080136338,68.00849629595109,6.5952345054122965,2.66,3.4248,12216.09,2.479338842975209,momentum,BULL_TREND,70.57131228632325,100.0,100.0,65.0,65.95234505412296,43.333333333333336,0.0,88.15663775511337,0.0,1,1,A_recovered_proxy_vr1.2,True
767,000767.SZ,晋控电力,火力发电,20250704,3.13,71.99069692932224,65.39546242390995,6.5952345054122965,2.21,4.7742,10695.06,0.3184713375796252,momentum,BULL_TREND,57.20231848083535,100.0,100.0,65.0,65.95234505412296,33.33333333333333,0.0,87.07978974293388,0.0,2,2,A_recovered_proxy_vr1.2,True
2851,002851.SZ,麦格米特,电气设备,20250704,49.9,70.19289068973045,62.668631960611926,7.5242587291185234,2.05,11.5399,64995.22,3.9830671541273817,momentum,BULL_TREND,51.781195486536056,94.10159707523572,100.0,80.0,75.24258729118523,10.0,0.0,59.42775471870899,0.0,3,3,A_recovered_proxy_vr1.2,True
539,000539.SZ,粤电力A,火力发电,20250704,4.72,68.00849629595109,68.00849629595109,0.0,2.66,3.4248,12216.09,2.479338842975209,momentum,BULL_TREND,70.57131228632325,100.0,100.0,65.0,65.95234505412296,43.333333333333336,0.0,88.15663775511337,0.0,1,1,D_pure_quant_vr1.2,True
767,000767.SZ,晋控电力,火力发电,20250704,3.13,65.39546242390995,65.39546242390995,0.0,2.21,4.7742,10695.06,0.3184713375796252,momentum,BULL_TREND,57.20231848083535,100.0,100.0,65.0,65.95234505412296,33.33333333333333,0.0,87.07978974293388,0.0,2,2,D_pure_quant_vr1.2,True
559,000559.SZ,万向钱潮,汽车配件,20250704,8.14,65.39391795684968,65.39391795684968,0.0,2.67,4.9425,19811.16,0.4889975550122145,momentum,BULL_TREND,70.84198709564146,100.0,100.0,80.0,42.92419177169381,66.66666666666666,0.0,88.49448204831369,0.0,3,3,D_pure_quant_vr1.2,True
559,000559.SZ,万向钱潮,汽车配件,20250704,8.14,56.80907960251092,56.80907960251092,0.0,2.67,4.9425,19811.16,0.4889975550122145,momentum,BULL_TREND,70.84198709564146,100.0,100.0,80.0,42.92419177169381,66.66666666666666,0.0,88.49448204831369,0.0,1,1,E_ablate_sector_vr1.2,True
539,000539.SZ,粤电力A,火力发电,20250704,4.72,54.81802728512649,54.81802728512649,0.0,2.66,3.4248,12216.09,2.479338842975209,momentum,BULL_TREND,70.57131228632325,100.0,100.0,65.0,65.95234505412296,43.333333333333336,0.0,88.15663775511337,0.0,2,2,E_ablate_sector_vr1.2,True
767,000767.SZ,晋控电力,火力发电,20250704,3.13,52.20499341308536,52.20499341308536,0.0,2.21,4.7742,10695.06,0.3184713375796252,momentum,BULL_TREND,57.20231848083535,100.0,100.0,65.0,65.95234505412296,33.33333333333333,0.0,87.07978974293388,0.0,3,3,E_ablate_sector_vr1.2,True
756,000756.SZ,新华制药,化学制药,20250704,16.18,47.57673124630355,47.57673124630355,0.0,3.34,7.9385,5824.03,2.471368294153105,momentum,BULL_TREND,86.99240513496638,100.0,58.2403,65.0,44.20051008511641,63.33333333333333,0.0,92.71101792368646,0.0,1,1,E_ablate_inflow_vr1.2,True
539,000539.SZ,粤电力A,火力发电,20250704,4.72,47.475045360346776,47.475045360346776,0.0,2.66,3.4248,12216.09,2.479338842975209,momentum,BULL_TREND,70.57131228632325,100.0,100.0,65.0,63.28509037610143,43.333333333333336,0.0,88.15663775511337,0.0,2,2,E_ablate_inflow_vr1.2,True
559,000559.SZ,万向钱潮,汽车配件,20250704,8.14,45.39391795684968,45.39391795684968,0.0,2.67,4.9425,19811.16,0.4889975550122145,momentum,BULL_TREND,70.84198709564146,100.0,100.0,80.0,42.92419177169381,66.66666666666666,0.0,88.49448204831369,0.0,3,3,E_ablate_inflow_vr1.2,True
539,000539.SZ,粤电力A,火力发电,20250704,4.72,59.192832520439744,59.192832520439744,0.0,2.66,3.4248,12216.09,2.479338842975209,momentum,BULL_TREND,70.57131228632325,100.0,100.0,65.0,65.95234505412296,43.333333333333336,0.0,88.15663775511337,0.0,1,1,E_ablate_wyckoff_vr1.2,True
2851,002851.SZ,麦格米特,电气设备,20250704,49.9,56.72585648874103,56.72585648874103,0.0,2.05,11.5399,64995.22,3.9830671541273817,momentum,BULL_TREND,51.781195486536056,94.10159707523572,100.0,80.0,75.24258729118523,10.0,0.0,59.42775471870899,0.0,2,2,E_ablate_wyckoff_vr1.2,True
767,000767.SZ,晋控电力,火力发电,20250704,3.13,56.687483449616565,56.687483449616565,0.0,2.21,4.7742,10695.06,0.3184713375796252,momentum,BULL_TREND,57.20231848083535,100.0,100.0,65.0,65.95234505412296,33.33333333333333,0.0,87.07978974293388,0.0,3,3,E_ablate_wyckoff_vr1.2,True
539,000539.SZ,粤电力A,火力发电,20250704,4.72,68.00849629595109,68.00849629595109,0.0,2.66,3.4248,12216.09,2.479338842975209,momentum,BULL_TREND,70.57131228632325,100.0,100.0,65.0,65.95234505412296,43.333333333333336,0.0,88.15663775511337,0.0,1,1,E_ablate_accel_vr1.2,True
767,000767.SZ,晋控电力,火力发电,20250704,3.13,65.39546242390995,65.39546242390995,0.0,2.21,4.7742,10695.06,0.3184713375796252,momentum,BULL_TREND,57.20231848083535,100.0,100.0,65.0,65.95234505412296,33.33333333333333,0.0,87.07978974293388,0.0,2,2,E_ablate_accel_vr1.2,True
559,000559.SZ,万向钱潮,汽车配件,20250704,8.14,65.39391795684968,65.39391795684968,0.0,2.67,4.9425,19811.16,0.4889975550122145,momentum,BULL_TREND,70.84198709564146,100.0,100.0,80.0,42.92419177169381,66.66666666666666,0.0,88.49448204831369,0.0,3,3,E_ablate_accel_vr1.2,True
560,000560.SZ,我爱我家,房产服务,20250707,3.05,73.32413385390417,73.32413385390417,0.0,3.26,8.9681,25743.21,4.687500000000011,weak_momentum,BULL_TREND,85.24359822281764,100.0,100.0,60.0,71.25067496902312,53.333333333333336,0.0,94.55550805640932,0.0,1,1,A_recovered_proxy_vr1.5,True
605066,605066.SH,天正电气,电气设备,20250707,7.65,69.09858080675455,69.09858080675455,0.0,2.82,7.3912,8212.03,6.134969325153374,weak_momentum,BULL_TREND,74.78475813120345,100.0,82.1203,65.0,72.35093293250151,66.66666666666666,0.0,91.08826542576988,0.0,2,2,A_recovered_proxy_vr1.5,True
2617,002617.SZ,露笑科技,电气设备,20250707,7.77,67.13903687635066,67.13903687635066,0.0,2.42,5.5699,11686.21,3.836633663366343,weak_momentum,BULL_TREND,63.75035237499349,100.0,100.0,40.0,72.35093293250151,30.0,0.0,88.15896053484275,0.0,3,3,A_recovered_proxy_vr1.5,True
560,000560.SZ,我爱我家,房产服务,20250707,3.05,73.32413385390417,73.32413385390417,0.0,3.26,8.9681,25743.21,4.687500000000011,weak_momentum,BULL_TREND,85.24359822281764,100.0,100.0,60.0,71.25067496902312,53.333333333333336,0.0,94.55550805640932,0.0,1,1,B_pure_quant_vr1.5,True
605066,605066.SH,天正电气,电气设备,20250707,7.65,69.09858080675455,69.09858080675455,0.0,2.82,7.3912,8212.03,6.134969325153374,weak_momentum,BULL_TREND,74.78475813120345,100.0,82.1203,65.0,72.35093293250151,66.66666666666666,0.0,91.08826542576988,0.0,2,2,B_pure_quant_vr1.5,True
2617,002617.SZ,露笑科技,电气设备,20250707,7.77,67.13903687635066,67.13903687635066,0.0,2.42,5.5699,11686.21,3.836633663366343,weak_momentum,BULL_TREND,63.75035237499349,100.0,100.0,40.0,72.35093293250151,30.0,0.0,88.15896053484275,0.0,3,3,B_pure_quant_vr1.5,True
560,000560.SZ,我爱我家,房产服务,20250707,3.05,73.25957813190286,73.25957813190286,0.0,3.26,8.9681,25743.21,4.687500000000011,weak_momentum,BULL_TREND,85.24359822281764,100.0,100.0,60.0,70.82030348901434,53.333333333333336,0.0,94.55550805640932,0.0,1,1,A_recovered_proxy_vr1.2,True
605066,605066.SH,天正电气,电气设备,20250707,7.65,68.62098908738011,68.62098908738011,0.0,2.82,7.3912,8212.03,6.134969325153374,weak_momentum,BULL_TREND,74.78475813120345,100.0,82.1203,65.0,69.1669881366719,66.66666666666666,0.0,91.08826542576988,0.0,2,2,A_recovered_proxy_vr1.2,True
2617,002617.SZ,露笑科技,电气设备,20250707,7.77,67.91144515697621,67.91144515697621,0.0,2.42,5.5699,11686.21,3.836633663366343,weak_momentum,BULL_TREND,63.75035237499349,100.0,100.0,65.0,69.1669881366719,30.0,0.0,88.15896053484275,0.0,3,3,A_recovered_proxy_vr1.2,True
560,000560.SZ,我爱我家,房产服务,20250707,3.05,73.25957813190286,73.25957813190286,0.0,3.26,8.9681,25743.21,4.687500000000011,weak_momentum,BULL_TREND,85.24359822281764,100.0,100.0,60.0,70.82030348901434,53.333333333333336,0.0,94.55550805640932,0.0,1,1,D_pure_quant_vr1.2,True
605066,605066.SH,天正电气,电气设备,20250707,7.65,68.62098908738011,68.62098908738011,0.0,2.82,7.3912,8212.03,6.134969325153374,weak_momentum,BULL_TREND,74.78475813120345,100.0,82.1203,65.0,69.1669881366719,66.66666666666666,0.0,91.08826542576988,0.0,2,2,D_pure_quant_vr1.2,True
2617,002617.SZ,露笑科技,电气设备,20250707,7.77,67.91144515697621,67.91144515697621,0.0,2.42,5.5699,11686.21,3.836633663366343,weak_momentum,BULL_TREND,63.75035237499349,100.0,100.0,65.0,69.1669881366719,30.0,0.0,88.15896053484275,0.0,3,3,D_pure_quant_vr1.2,True
560,000560.SZ,我爱我家,房产服务,20250707,3.05,62.63653260855071,62.63653260855071,0.0,3.26,8.9681,25743.21,4.687500000000011,weak_momentum,BULL_TREND,85.24359822281764,100.0,100.0,60.0,70.82030348901434,53.333333333333336,0.0,94.55550805640932,0.0,1,1,E_ablate_sector_vr1.2,True
605066,605066.SH,天正电气,电气设备,20250707,7.65,58.24594086687933,58.24594086687933,0.0,2.82,7.3912,8212.03,6.134969325153374,weak_momentum,BULL_TREND,74.78475813120345,100.0,82.1203,65.0,69.1669881366719,66.66666666666666,0.0,91.08826542576988,0.0,2,2,E_ablate_sector_vr1.2,True
2617,002617.SZ,露笑科技,电气设备,20250707,7.77,57.53639693647544,57.53639693647544,0.0,2.42,5.5699,11686.21,3.836633663366343,weak_momentum,BULL_TREND,63.75035237499349,100.0,100.0,65.0,69.1669881366719,30.0,0.0,88.15896053484275,0.0,3,3,E_ablate_sector_vr1.2,True
560,000560.SZ,我爱我家,房产服务,20250707,3.05,55.24386576452471,55.24386576452471,0.0,3.26,8.9681,25743.21,4.687500000000011,weak_momentum,BULL_TREND,85.24359822281764,100.0,100.0,60.0,70.71555437316003,53.333333333333336,0.0,94.55550805640932,0.0,1,1,E_ablate_inflow_vr1.2,True
605066,605066.SH,天正电气,电气设备,20250707,7.65,53.82681293000655,53.82681293000655,0.0,2.82,7.3912,8212.03,6.134969325153374,weak_momentum,BULL_TREND,74.78475813120345,100.0,82.1203,65.0,69.08350708751476,66.66666666666666,0.0,91.08826542576988,0.0,2,2,E_ablate_inflow_vr1.2,True
2264,002264.SZ,新华都,互联网,20250707,6.44,53.42512253918393,53.42512253918393,0.0,3.62,5.8949,6146.05,7.07070707070706,weak_momentum,BULL_TREND,92.79948486542403,100.0,61.4605,65.0,56.88800364273291,33.33333333333333,0.0,93.70221730862484,0.0,3,3,E_ablate_inflow_vr1.2,True
560,000560.SZ,我爱我家,房产服务,20250707,3.05,59.07625192344146,59.07625192344146,0.0,3.26,8.9681,25743.21,4.687500000000011,weak_momentum,BULL_TREND,85.24359822281764,100.0,100.0,60.0,70.82030348901434,53.333333333333336,0.0,94.55550805640932,0.0,1,1,E_ablate_wyckoff_vr1.2,True
605066,605066.SH,天正电气,电气设备,20250707,7.65,54.95774927351464,54.95774927351464,0.0,2.82,7.3912,8212.03,6.134969325153374,weak_momentum,BULL_TREND,74.78475813120345,100.0,82.1203,65.0,69.1669881366719,66.66666666666666,0.0,91.08826542576988,0.0,2,2,E_ablate_wyckoff_vr1.2,True
2617,002617.SZ,露笑科技,电气设备,20250707,7.77,54.68760107674981,54.68760107674981,0.0,2.42,5.5699,11686.21,3.836633663366343,weak_momentum,BULL_TREND,63.75035237499349,100.0,100.0,65.0,69.1669881366719,30.0,0.0,88.15896053484275,0.0,3,3,E_ablate_wyckoff_vr1.2,True
560,000560.SZ,我爱我家,房产服务,20250707,3.05,73.25957813190286,73.25957813190286,0.0,3.26,8.9681,25743.21,4.687500000000011,weak_momentum,BULL_TREND,85.24359822281764,100.0,100.0,60.0,70.82030348901434,53.333333333333336,0.0,94.55550805640932,0.0,1,1,E_ablate_accel_vr1.2,True
605066,605066.SH,天正电气,电气设备,20250707,7.65,68.62098908738011,68.62098908738011,0.0,2.82,7.3912,8212.03,6.134969325153374,weak_momentum,BULL_TREND,74.78475813120345,100.0,82.1203,65.0,69.1669881366719,66.66666666666666,0.0,91.08826542576988,0.0,2,2,E_ablate_accel_vr1.2,True
2617,002617.SZ,露笑科技,电气设备,20250707,7.77,67.91144515697621,67.91144515697621,0.0,2.42,5.5699,11686.21,3.836633663366343,weak_momentum,BULL_TREND,63.75035237499349,100.0,100.0,65.0,69.1669881366719,30.0,0.0,88.15896053484275,0.0,3,3,E_ablate_accel_vr1.2,True
603366,603366.SH,日出东方,家用电器,20250708,10.08,72.99730179718637,72.99730179718637,0.0,2.91,4.4136,11089.51,5.794392523364479,weak_momentum,BULL_TREND,77.05095765667797,100.0,100.0,80.0,36.11115618717034,63.33333333333333,0.0,59.04212035961638,100.0,1,1,A_recovered_proxy_vr1.5,True
600392,600392.SH,盛和资源,小金属,20250708,13.2,69.88088443082832,61.83020591529012,8.05067851553819,1.59,3.7074,17653.74,7.303370786516861,weak_momentum,BULL_TREND,33.45133827548153,100.0,100.0,65.0,80.50678515538189,53.333333333333336,0.0,58.79880489329294,0.0,2,2,A_recovered_proxy_vr1.5,True
2269,002269.SZ,美邦服饰,服饰,20250708,1.9,63.43501219642519,63.43501219642519,0.0,2.96,8.5276,9832.67,5.000000000000004,weak_momentum,BULL_TREND,78.27985879271125,100.0,98.3267,60.0,42.20139548244352,76.66666666666667,0.0,58.87123147879095,0.0,3,3,A_recovered_proxy_vr1.5,True
603366,603366.SH,日出东方,家用电器,20250708,10.08,72.99730179718637,72.99730179718637,0.0,2.91,4.4136,11089.51,5.794392523364479,weak_momentum,BULL_TREND,77.05095765667797,100.0,100.0,80.0,36.11115618717034,63.33333333333333,0.0,59.04212035961638,100.0,1,1,B_pure_quant_vr1.5,True
2269,002269.SZ,美邦服饰,服饰,20250708,1.9,63.43501219642519,63.43501219642519,0.0,2.96,8.5276,9832.67,5.000000000000004,weak_momentum,BULL_TREND,78.27985879271125,100.0,98.3267,60.0,42.20139548244352,76.66666666666667,0.0,58.87123147879095,0.0,2,2,B_pure_quant_vr1.5,True
600390,600390.SH,五矿资本,多元金融,20250708,6.04,62.93067445858588,62.93067445858588,0.0,2.66,3.7703,17681.98,3.0497592295345166,weak_momentum,BULL_TREND,70.57131228632325,100.0,100.0,80.0,50.832828804494575,63.33333333333333,0.0,50.35591085531024,0.0,3,3,B_pure_quant_vr1.5,True
603366,603366.SH,日出东方,家用电器,20250708,10.08,73.65716423260771,73.65716423260771,0.0,2.91,4.4136,11089.51,5.794392523364479,weak_momentum,BULL_TREND,77.05095765667797,100.0,100.0,80.0,40.51023908997926,63.33333333333333,0.0,59.04212035961638,100.0,1,1,A_recovered_proxy_vr1.2,True
600392,600392.SH,盛和资源,小金属,20250708,13.2,70.74515937402556,62.34877088120847,8.396388492817094,1.59,3.7074,17653.74,7.303370786516861,weak_momentum,BULL_TREND,33.45133827548153,100.0,100.0,65.0,83.96388492817093,53.333333333333336,0.0,58.79880489329294,0.0,2,2,A_recovered_proxy_vr1.2,True
603516,603516.SH,淳中科技,IT设备,20250708,36.2,66.45850250427776,57.74282422257797,8.71567828169978,1.24,4.3003,9453.15,3.2861341170184257,weak_momentum,BULL_TREND,15.517006030607524,100.0,94.5315,65.0,87.1567828169978,33.33333333333333,0.0,56.06279485847004,0.0,3,3,A_recovered_proxy_vr1.2,True
603366,603366.SH,日出东方,家用电器,20250708,10.08,73.65716423260771,73.65716423260771,0.0,2.91,4.4136,11089.51,5.794392523364479,weak_momentum,BULL_TREND,77.05095765667797,100.0,100.0,80.0,40.51023908997926,63.33333333333333,0.0,59.04212035961638,100.0,1,1,D_pure_quant_vr1.2,True
2269,002269.SZ,美邦服饰,服饰,20250708,1.9,63.398117418726606,63.398117418726606,0.0,2.96,8.5276,9832.67,5.000000000000004,weak_momentum,BULL_TREND,78.27985879271125,100.0,98.3267,60.0,41.95543029778628,76.66666666666667,0.0,58.87123147879095,0.0,2,2,D_pure_quant_vr1.2,True
600392,600392.SH,盛和资源,小金属,20250708,13.2,62.34877088120847,62.34877088120847,0.0,1.59,3.7074,17653.74,7.303370786516861,weak_momentum,BULL_TREND,33.45133827548153,100.0,100.0,65.0,83.96388492817093,53.333333333333336,0.0,58.79880489329294,0.0,3,3,D_pure_quant_vr1.2,True
603366,603366.SH,日出东方,家用电器,20250708,10.08,67.58062836911081,67.58062836911081,0.0,2.91,4.4136,11089.51,5.794392523364479,weak_momentum,BULL_TREND,77.05095765667797,100.0,100.0,80.0,40.51023908997926,63.33333333333333,0.0,59.04212035961638,100.0,1,1,E_ablate_sector_vr1.2,True
592,000592.SZ,平潭发展,林业,20250708,3.12,58.26151035158686,58.26151035158686,0.0,2.01,6.0457,12240.01,7.142857142857137,weak_momentum,BULL_TREND,50.35977507021019,100.0,100.0,100.0,24.037280521272024,86.66666666666667,0.0,75.82807171814665,0.0,2,2,E_ablate_sector_vr1.2,True
2269,002269.SZ,美邦服饰,服饰,20250708,1.9,57.10480287405866,57.10480287405866,0.0,2.96,8.5276,9832.67,5.000000000000004,weak_momentum,BULL_TREND,78.27985879271125,100.0,98.3267,60.0,41.95543029778628,76.66666666666667,0.0,58.87123147879095,0.0,3,3,E_ablate_sector_vr1.2,True
301066,301066.SZ,万事利,纺织,20250708,16.27,53.4646992625517,53.4646992625517,0.0,3.96,8.7797,3048.26,3.154761904761912,weak_momentum,BULL_TREND,99.27502151524423,100.0,30.4826,60.0,51.10197663574984,53.333333333333336,0.0,88.27655248823946,0.0,1,1,E_ablate_inflow_vr1.2,True
603366,603366.SH,日出东方,家用电器,20250708,10.08,52.94379799665572,52.94379799665572,0.0,2.91,4.4136,11089.51,5.794392523364479,weak_momentum,BULL_TREND,77.05095765667797,100.0,100.0,40.0,35.75446418363266,63.33333333333333,0.0,59.04212035961638,100.0,2,2,E_ablate_inflow_vr1.2,True
2811,002811.SZ,郑中设计,装修装饰,20250708,10.82,50.587148891186864,50.587148891186864,0.0,2.69,7.7446,425.06,3.220035778175308,weak_momentum,BULL_TREND,71.38030863909496,100.0,4.2506,80.0,35.958068844258506,76.66666666666667,0.0,97.68705956900342,0.0,3,3,E_ablate_inflow_vr1.2,True
603366,603366.SH,日出东方,家用电器,20250708,10.08,64.80084617866525,64.80084617866525,0.0,2.91,4.4136,11089.51,5.794392523364479,weak_momentum,BULL_TREND,77.05095765667797,100.0,100.0,80.0,40.51023908997926,63.33333333333333,0.0,59.04212035961638,100.0,1,1,E_ablate_wyckoff_vr1.2,True
2269,002269.SZ,美邦服饰,服饰,20250708,1.9,54.56743269690797,54.56743269690797,0.0,2.96,8.5276,9832.67,5.000000000000004,weak_momentum,BULL_TREND,78.27985879271125,100.0,98.3267,60.0,41.95543029778628,76.66666666666667,0.0,58.87123147879095,0.0,2,2,E_ablate_wyckoff_vr1.2,True
600390,600390.SH,五矿资本,多元金融,20250708,6.04,53.605568456577736,53.605568456577736,0.0,2.66,3.7703,17681.98,3.0497592295345166,weak_momentum,BULL_TREND,70.57131228632325,100.0,100.0,65.0,44.021366313083895,63.33333333333333,0.0,50.35591085531024,0.0,3,3,E_ablate_wyckoff_vr1.2,True
603366,603366.SH,日出东方,家用电器,20250708,10.08,63.657164232607705,63.657164232607705,0.0,2.91,4.4136,11089.51,5.794392523364479,weak_momentum,BULL_TREND,77.05095765667797,100.0,100.0,80.0,40.51023908997926,63.33333333333333,0.0,59.04212035961638,100.0,1,1,E_ablate_accel_vr1.2,True
2269,002269.SZ,美邦服饰,服饰,20250708,1.9,63.398117418726606,63.398117418726606,0.0,2.96,8.5276,9832.67,5.000000000000004,weak_momentum,BULL_TREND,78.27985879271125,100.0,98.3267,60.0,41.95543029778628,76.66666666666667,0.0,58.87123147879095,0.0,2,2,E_ablate_accel_vr1.2,True
600392,600392.SH,盛和资源,小金属,20250708,13.2,62.34877088120847,62.34877088120847,0.0,1.59,3.7074,17653.74,7.303370786516861,weak_momentum,BULL_TREND,33.45133827548153,100.0,100.0,65.0,83.96388492817093,53.333333333333336,0.0,58.79880489329294,0.0,3,3,E_ablate_accel_vr1.2,True
600120,600120.SH,浙江东方,多元金融,20250709,6.2,83.87702600636872,75.69451478403758,8.182511222331149,3.63,6.5086,19622.35,4.173106646058726,weak_momentum,BULL_TREND,92.9984774110513,100.0,100.0,65.0,81.82511222331149,43.333333333333336,0.0,93.69539781477664,0.0,1,1,A_recovered_proxy_vr1.5,True
2423,002423.SZ,中粮资本,多元金融,20250709,13.08,78.47484170327084,70.2923304809397,8.182511222331149,3.92,6.3985,17230.45,4.525547445255469,weak_momentum,BULL_TREND,98.54268271702418,100.0,100.0,65.0,81.82511222331149,0.0,0.0,66.58107493259566,0.0,2,2,A_recovered_proxy_vr1.5,True
600390,600390.SH,五矿资本,多元金融,20250709,6.18,75.17997444341164,66.9974632210805,8.182511222331149,3.27,5.8722,16705.1,3.134796238244517,weak_momentum,BULL_TREND,85.4645317861679,100.0,100.0,65.0,81.82511222331149,0.0,0.0,57.69344413105722,0.0,3,3,A_recovered_proxy_vr1.5,True
600120,600120.SH,浙江东方,多元金融,20250709,6.2,75.69451478403758,75.69451478403758,0.0,3.63,6.5086,19622.35,4.173106646058726,weak_momentum,BULL_TREND,92.9984774110513,100.0,100.0,65.0,81.82511222331149,43.333333333333336,0.0,93.69539781477664,0.0,1,1,B_pure_quant_vr1.5,True
2423,002423.SZ,中粮资本,多元金融,20250709,13.08,70.2923304809397,70.2923304809397,0.0,3.92,6.3985,17230.45,4.525547445255469,weak_momentum,BULL_TREND,98.54268271702418,100.0,100.0,65.0,81.82511222331149,0.0,0.0,66.58107493259566,0.0,2,2,B_pure_quant_vr1.5,True
301171,301171.SZ,易点天下,互联网,20250709,26.94,68.49448496767972,68.49448496767972,0.0,3.36,9.4164,13052.37,3.785714285714281,weak_momentum,BULL_TREND,87.42306165020177,100.0,100.0,80.0,37.51169105431069,53.333333333333336,0.0,87.25070263557461,0.0,3,3,B_pure_quant_vr1.5,True
600120,600120.SH,浙江东方,多元金融,20250709,6.2,83.87702600636872,75.69451478403758,8.182511222331149,3.63,6.5086,19622.35,4.173106646058726,weak_momentum,BULL_TREND,92.9984774110513,100.0,100.0,65.0,81.82511222331149,43.333333333333336,0.0,93.69539781477664,0.0,1,1,A_recovered_proxy_vr1.2,True
2423,002423.SZ,中粮资本,多元金融,20250709,13.08,78.47484170327084,70.2923304809397,8.182511222331149,3.92,6.3985,17230.45,4.525547445255469,weak_momentum,BULL_TREND,98.54268271702418,100.0,100.0,65.0,81.82511222331149,0.0,0.0,66.58107493259566,0.0,2,2,A_recovered_proxy_vr1.2,True
600390,600390.SH,五矿资本,多元金融,20250709,6.18,75.17997444341164,66.9974632210805,8.182511222331149,3.27,5.8722,16705.1,3.134796238244517,weak_momentum,BULL_TREND,85.4645317861679,100.0,100.0,65.0,81.82511222331149,0.0,0.0,57.69344413105722,0.0,3,3,A_recovered_proxy_vr1.2,True
600120,600120.SH,浙江东方,多元金融,20250709,6.2,75.69451478403758,75.69451478403758,0.0,3.63,6.5086,19622.35,4.173106646058726,weak_momentum,BULL_TREND,92.9984774110513,100.0,100.0,65.0,81.82511222331149,43.333333333333336,0.0,93.69539781477664,0.0,1,1,D_pure_quant_vr1.2,True
2423,002423.SZ,中粮资本,多元金融,20250709,13.08,70.2923304809397,70.2923304809397,0.0,3.92,6.3985,17230.45,4.525547445255469,weak_momentum,BULL_TREND,98.54268271702418,100.0,100.0,65.0,81.82511222331149,0.0,0.0,66.58107493259566,0.0,2,2,D_pure_quant_vr1.2,True
301171,301171.SZ,易点天下,互联网,20250709,26.94,68.68327782172216,68.68327782172216,0.0,3.36,9.4164,13052.37,3.785714285714281,weak_momentum,BULL_TREND,87.42306165020177,100.0,100.0,80.0,38.77031008126024,53.333333333333336,0.0,87.25070263557461,0.0,3,3,D_pure_quant_vr1.2,True
600120,600120.SH,浙江东方,多元金融,20250709,6.2,63.42074795054086,63.42074795054086,0.0,3.63,6.5086,19622.35,4.173106646058726,weak_momentum,BULL_TREND,92.9984774110513,100.0,100.0,65.0,81.82511222331149,43.333333333333336,0.0,93.69539781477664,0.0,1,1,E_ablate_sector_vr1.2,True
301171,301171.SZ,易点天下,互联网,20250709,26.94,62.86773130953313,62.86773130953313,0.0,3.36,9.4164,13052.37,3.785714285714281,weak_momentum,BULL_TREND,87.42306165020177,100.0,100.0,80.0,38.77031008126024,53.333333333333336,0.0,87.25070263557461,0.0,2,2,E_ablate_sector_vr1.2,True
603598,603598.SH,引力传媒,互联网,20250709,18.06,60.21094740089655,60.21094740089655,0.0,3.78,8.9052,7782.26,4.947368421052638,weak_momentum,BULL_TREND,95.9193117223174,100.0,77.82260000000001,80.0,38.77031008126024,53.333333333333336,0.0,87.65543983921515,0.0,3,3,E_ablate_sector_vr1.2,True
600120,600120.SH,浙江东方,多元金融,20250709,6.2,58.25936535117789,58.25936535117789,0.0,3.63,6.5086,19622.35,4.173106646058726,weak_momentum,BULL_TREND,92.9984774110513,100.0,100.0,65.0,85.59078267091354,43.333333333333336,0.0,93.69539781477664,0.0,1,1,E_ablate_inflow_vr1.2,True
2423,002423.SZ,中粮资本,多元金融,20250709,13.08,52.85718104808001,52.85718104808001,0.0,3.92,6.3985,17230.45,4.525547445255469,weak_momentum,BULL_TREND,98.54268271702418,100.0,100.0,65.0,85.59078267091354,0.0,0.0,66.58107493259566,0.0,2,2,E_ablate_inflow_vr1.2,True
603598,603598.SH,引力传媒,互联网,20250709,18.06,52.36377275810369,52.36377275810369,0.0,3.78,8.9052,7782.26,4.947368421052638,weak_momentum,BULL_TREND,95.9193117223174,100.0,77.82260000000001,80.0,41.07262238138095,53.333333333333336,0.0,87.65543983921515,0.0,3,3,E_ablate_inflow_vr1.2,True
600120,600120.SH,浙江东方,多元金融,20250709,6.2,61.64020511182108,61.64020511182108,0.0,3.63,6.5086,19622.35,4.173106646058726,weak_momentum,BULL_TREND,92.9984774110513,100.0,100.0,65.0,81.82511222331149,43.333333333333336,0.0,93.69539781477664,0.0,1,1,E_ablate_wyckoff_vr1.2,True
2423,002423.SZ,中粮资本,多元金融,20250709,13.08,60.30516924105035,60.30516924105035,0.0,3.92,6.3985,17230.45,4.525547445255469,weak_momentum,BULL_TREND,98.54268271702418,100.0,100.0,65.0,81.82511222331149,0.0,0.0,66.58107493259566,0.0,2,2,E_ablate_wyckoff_vr1.2,True
600390,600390.SH,五矿资本,多元金融,20250709,6.18,58.34344660142191,58.34344660142191,0.0,3.27,5.8722,16705.1,3.134796238244517,weak_momentum,BULL_TREND,85.4645317861679,100.0,100.0,65.0,81.82511222331149,0.0,0.0,57.69344413105722,0.0,3,3,E_ablate_wyckoff_vr1.2,True
600120,600120.SH,浙江东方,多元金融,20250709,6.2,75.69451478403758,75.69451478403758,0.0,3.63,6.5086,19622.35,4.173106646058726,weak_momentum,BULL_TREND,92.9984774110513,100.0,100.0,65.0,81.82511222331149,43.333333333333336,0.0,93.69539781477664,0.0,1,1,E_ablate_accel_vr1.2,True
2423,002423.SZ,中粮资本,多元金融,20250709,13.08,70.2923304809397,70.2923304809397,0.0,3.92,6.3985,17230.45,4.525547445255469,weak_momentum,BULL_TREND,98.54268271702418,100.0,100.0,65.0,81.82511222331149,0.0,0.0,66.58107493259566,0.0,2,2,E_ablate_accel_vr1.2,True
301171,301171.SZ,易点天下,互联网,20250709,26.94,68.68327782172216,68.68327782172216,0.0,3.36,9.4164,13052.37,3.785714285714281,weak_momentum,BULL_TREND,87.42306165020177,100.0,100.0,80.0,38.77031008126024,53.333333333333336,0.0,87.25070263557461,0.0,3,3,E_ablate_accel_vr1.2,True
600938,600938.SH,中国海油,石油开采,20250710,27.1,89.75551542479059,80.90102215079443,8.854493273996157,4.92,3.7372,128359.81,2.7279253409906605,weak_momentum,BULL_TREND,100.0,91.83776022971982,100.0,80.0,88.54493273996157,96.66666666666669,0.0,98.4361178593366,0.0,1,1,A_recovered_proxy_vr1.5,True
600256,600256.SH,广汇能源,石油开采,20250710,6.14,83.32490052484678,74.47040725085063,8.854493273996157,3.51,3.1491,53043.06,1.760000000000005,weak_momentum,BULL_TREND,90.5735515264918,62.80000000000015,100.0,80.0,88.54493273996157,86.66666666666667,0.0,91.55534185032846,0.0,2,2,A_recovered_proxy_vr1.5,True
600106,600106.SH,重庆路桥,路桥,20250710,6.33,62.61151615942698,62.61151615942698,0.0,2.5,3.4626,7945.17,5.097451274362816,weak_momentum,BULL_TREND,66.09640474436812,100.0,79.4517,80.0,52.01418819256008,63.33333333333333,0.0,76.17969701480725,0.0,3,3,A_recovered_proxy_vr1.5,True
600938,600938.SH,中国海油,石油开采,20250710,27.1,80.90102215079443,80.90102215079443,0.0,4.92,3.7372,128359.81,2.7279253409906605,weak_momentum,BULL_TREND,100.0,91.83776022971982,100.0,80.0,88.54493273996157,96.66666666666669,0.0,98.4361178593366,0.0,1,1,B_pure_quant_vr1.5,True
600256,600256.SH,广汇能源,石油开采,20250710,6.14,74.47040725085063,74.47040725085063,0.0,3.51,3.1491,53043.06,1.760000000000005,weak_momentum,BULL_TREND,90.5735515264918,62.80000000000015,100.0,80.0,88.54493273996157,86.66666666666667,0.0,91.55534185032846,0.0,2,2,B_pure_quant_vr1.5,True
600106,600106.SH,重庆路桥,路桥,20250710,6.33,62.61151615942698,62.61151615942698,0.0,2.5,3.4626,7945.17,5.097451274362816,weak_momentum,BULL_TREND,66.09640474436812,100.0,79.4517,80.0,52.01418819256008,63.33333333333333,0.0,76.17969701480725,0.0,3,3,B_pure_quant_vr1.5,True
600938,600938.SH,中国海油,石油开采,20250710,27.1,88.52990548801807,80.16565618873092,8.36424929928715,4.92,3.7372,128359.81,2.7279253409906605,weak_momentum,BULL_TREND,100.0,91.83776022971982,100.0,80.0,83.6424929928715,96.66666666666669,0.0,98.4361178593366,0.0,1,1,A_recovered_proxy_vr1.2,True
600256,600256.SH,广汇能源,石油开采,20250710,6.14,82.09929058807427,73.73504128878712,8.36424929928715,3.51,3.1491,53043.06,1.760000000000005,weak_momentum,BULL_TREND,90.5735515264918,62.80000000000015,100.0,80.0,83.6424929928715,86.66666666666667,0.0,91.55534185032846,0.0,2,2,A_recovered_proxy_vr1.2,True
2152,002152.SZ,广电运通,IT设备,20250710,14.05,61.98199566555116,61.98199566555116,0.0,2.67,6.0226,26177.74,3.370013755158173,weak_momentum,BULL_TREND,70.84198709564146,100.0,100.0,100.0,36.216466740942266,33.33333333333333,0.0,61.71040615597957,0.0,3,3,A_recovered_proxy_vr1.2,True
600938,600938.SH,中国海油,石油开采,20250710,27.1,80.16565618873092,80.16565618873092,0.0,4.92,3.7372,128359.81,2.7279253409906605,weak_momentum,BULL_TREND,100.0,91.83776022971982,100.0,80.0,83.6424929928715,96.66666666666669,0.0,98.4361178593366,0.0,1,1,D_pure_quant_vr1.2,True
600256,600256.SH,广汇能源,石油开采,20250710,6.14,73.73504128878712,73.73504128878712,0.0,3.51,3.1491,53043.06,1.760000000000005,weak_momentum,BULL_TREND,90.5735515264918,62.80000000000015,100.0,80.0,83.6424929928715,86.66666666666667,0.0,91.55534185032846,0.0,2,2,D_pure_quant_vr1.2,True
2152,002152.SZ,广电运通,IT设备,20250710,14.05,61.98199566555116,61.98199566555116,0.0,2.67,6.0226,26177.74,3.370013755158173,weak_momentum,BULL_TREND,70.84198709564146,100.0,100.0,100.0,36.216466740942266,33.33333333333333,0.0,61.71040615597957,0.0,3,3,D_pure_quant_vr1.2,True
600938,600938.SH,中国海油,石油开采,20250710,27.1,67.6192822398002,67.6192822398002,0.0,4.92,3.7372,128359.81,2.7279253409906605,weak_momentum,BULL_TREND,100.0,91.83776022971982,100.0,80.0,83.6424929928715,96.66666666666669,0.0,98.4361178593366,0.0,1,1,E_ablate_sector_vr1.2,True
600256,600256.SH,广汇能源,石油开采,20250710,6.14,61.18866733985639,61.18866733985639,0.0,3.51,3.1491,53043.06,1.760000000000005,weak_momentum,BULL_TREND,90.5735515264918,62.80000000000015,100.0,80.0,83.6424929928715,86.66666666666667,0.0,91.55534185032846,0.0,2,2,E_ablate_sector_vr1.2,True
2152,002152.SZ,广电运通,IT设备,20250710,14.05,56.54952565440982,56.54952565440982,0.0,2.67,6.0226,26177.74,3.370013755158173,weak_momentum,BULL_TREND,70.84198709564146,100.0,100.0,100.0,36.216466740942266,33.33333333333333,0.0,61.71040615597957,0.0,3,3,E_ablate_sector_vr1.2,True
600938,600938.SH,中国海油,石油开采,20250710,27.1,62.16565618873093,62.16565618873093,0.0,4.92,3.7372,128359.81,2.7279253409906605,weak_momentum,BULL_TREND,100.0,91.83776022971982,100.0,80.0,83.6424929928715,96.66666666666669,0.0,98.4361178593366,0.0,1,1,E_ablate_inflow_vr1.2,True
600256,600256.SH,广汇能源,石油开采,20250710,6.14,55.73504128878712,55.73504128878712,0.0,3.51,3.1491,53043.06,1.760000000000005,weak_momentum,BULL_TREND,90.5735515264918,62.80000000000015,100.0,80.0,83.6424929928715,86.66666666666667,0.0,91.55534185032846,0.0,2,2,E_ablate_inflow_vr1.2,True
603030,603030.SH,全筑股份,装修装饰,20250710,2.81,51.16771643491721,51.16771643491721,0.0,3.69,7.6409,5400.66,4.42176870748299,weak_momentum,BULL_TREND,94.18104081428356,100.0,54.0066,100.0,42.2071710457662,33.33333333333333,0.0,80.28545326162055,0.0,3,3,E_ablate_inflow_vr1.2,True
600938,600938.SH,中国海油,石油开采,20250710,27.1,65.40023850983043,65.40023850983043,0.0,4.92,3.7372,128359.81,2.7279253409906605,weak_momentum,BULL_TREND,100.0,91.83776022971982,100.0,80.0,83.6424929928715,96.66666666666669,0.0,98.4361178593366,0.0,1,1,E_ablate_wyckoff_vr1.2,True
600256,600256.SH,广汇能源,石油开采,20250710,6.14,60.00174001123784,60.00174001123784,0.0,3.51,3.1491,53043.06,1.760000000000005,weak_momentum,BULL_TREND,90.5735515264918,62.80000000000015,100.0,80.0,83.6424929928715,86.66666666666667,0.0,91.55534185032846,0.0,2,2,E_ablate_wyckoff_vr1.2,True
2152,002152.SZ,广电运通,IT设备,20250710,14.05,52.72543474215422,52.72543474215422,0.0,2.67,6.0226,26177.74,3.370013755158173,weak_momentum,BULL_TREND,70.84198709564146,100.0,100.0,100.0,36.216466740942266,33.33333333333333,0.0,61.71040615597957,0.0,3,3,E_ablate_wyckoff_vr1.2,True
600938,600938.SH,中国海油,石油开采,20250710,27.1,80.16565618873092,80.16565618873092,0.0,4.92,3.7372,128359.81,2.7279253409906605,weak_momentum,BULL_TREND,100.0,91.83776022971982,100.0,80.0,83.6424929928715,96.66666666666669,0.0,98.4361178593366,0.0,1,1,E_ablate_accel_vr1.2,True
600256,600256.SH,广汇能源,石油开采,20250710,6.14,73.73504128878712,73.73504128878712,0.0,3.51,3.1491,53043.06,1.760000000000005,weak_momentum,BULL_TREND,90.5735515264918,62.80000000000015,100.0,80.0,83.6424929928715,86.66666666666667,0.0,91.55534185032846,0.0,2,2,E_ablate_accel_vr1.2,True
2152,002152.SZ,广电运通,IT设备,20250710,14.05,61.98199566555116,61.98199566555116,0.0,2.67,6.0226,26177.74,3.370013755158173,weak_momentum,BULL_TREND,70.84198709564146,100.0,100.0,100.0,36.216466740942266,33.33333333333333,0.0,61.71040615597957,0.0,3,3,E_ablate_accel_vr1.2,True
969,000969.SZ,安泰科技,小金属,20250711,13.05,77.15662816306268,71.20069336257774,5.955934800484937,3.28,5.8993,17778.01,3.1899109792284843,weak_momentum,BULL_TREND,85.68479074216795,100.0,100.0,65.0,59.55934800484937,63.33333333333333,0.0,86.6493725590565,0.0,1,1,A_recovered_proxy_vr1.5,True
600839,600839.SH,四川长虹,家用电器,20250711,10.06,75.70741457351609,69.62218520855845,6.085229364957646,4.58,6.4433,46099.6,1.5655577299412928,weak_momentum,BULL_TREND,100.0,56.966731898238784,100.0,100.0,60.85229364957646,86.66666666666667,0.0,75.5,0.0,2,2,A_recovered_proxy_vr1.5,True
600549,600549.SH,厦门钨业,小金属,20250711,21.92,75.54079638653177,69.58486158604683,5.955934800484937,3.93,5.6134,9512.82,2.142857142857129,weak_momentum,BULL_TREND,98.72646562419408,74.28571428571388,95.1282,65.0,59.55934800484937,76.66666666666667,0.0,84.8086299604754,0.0,3,3,A_recovered_proxy_vr1.5,True
969,000969.SZ,安泰科技,小金属,20250711,13.05,71.20069336257774,71.20069336257774,0.0,3.28,5.8993,17778.01,3.1899109792284843,weak_momentum,BULL_TREND,85.68479074216795,100.0,100.0,65.0,59.55934800484937,63.33333333333333,0.0,86.6493725590565,0.0,1,1,B_pure_quant_vr1.5,True
600866,600866.SH,星湖科技,饲料,20250711,7.52,70.36961405136924,70.36961405136924,0.0,4.59,8.1525,10036.36,4.203821656050956,weak_momentum,BULL_TREND,100.0,100.0,100.0,60.0,42.38603000021492,53.333333333333336,0.0,88.96695256446891,0.0,2,2,B_pure_quant_vr1.5,True
600839,600839.SH,四川长虹,家用电器,20250711,10.06,69.62218520855845,69.62218520855845,0.0,4.58,6.4433,46099.6,1.5655577299412928,weak_momentum,BULL_TREND,100.0,56.966731898238784,100.0,100.0,60.85229364957646,86.66666666666667,0.0,75.5,0.0,3,3,B_pure_quant_vr1.5,True
600839,600839.SH,四川长虹,家用电器,20250711,10.06,74.72572752856651,68.3331729815887,6.392554546977809,4.58,6.4433,46099.6,1.5655577299412928,weak_momentum,BULL_TREND,100.0,56.966731898238784,100.0,65.0,63.925545469778086,86.66666666666667,0.0,75.5,0.0,1,1,A_recovered_proxy_vr1.2,True
969,000969.SZ,安泰科技,小金属,20250711,13.05,72.5991066397968,72.5991066397968,0.0,3.28,5.8993,17778.01,3.1899109792284843,weak_momentum,BULL_TREND,85.68479074216795,100.0,100.0,80.0,63.88210318630979,63.33333333333333,0.0,86.6493725590565,0.0,2,2,A_recovered_proxy_vr1.2,True
2673,002673.SZ,西部证券,证券,20250711,8.15,72.40668210511231,64.51485751591056,7.891824589201751,3.23,3.4186,14849.06,1.6887816646561975,weak_momentum,BULL_TREND,84.57670824596,60.66344993968593,100.0,40.0,78.91824589201751,33.33333333333333,0.0,73.62889157189974,0.0,3,3,A_recovered_proxy_vr1.2,True
969,000969.SZ,安泰科技,小金属,20250711,13.05,72.5991066397968,72.5991066397968,0.0,3.28,5.8993,17778.01,3.1899109792284843,weak_momentum,BULL_TREND,85.68479074216795,100.0,100.0,80.0,63.88210318630979,63.33333333333333,0.0,86.6493725590565,0.0,1,1,D_pure_quant_vr1.2,True
600549,600549.SH,厦门钨业,小金属,20250711,21.92,70.23327486326589,70.23327486326589,0.0,3.93,5.6134,9512.82,2.142857142857129,weak_momentum,BULL_TREND,98.72646562419408,74.28571428571388,95.1282,65.0,63.88210318630979,76.66666666666667,0.0,84.8086299604754,0.0,2,2,D_pure_quant_vr1.2,True
600866,600866.SH,星湖科技,饲料,20250711,7.52,68.47157635024448,68.47157635024448,0.0,4.59,8.1525,10036.36,4.203821656050956,weak_momentum,BULL_TREND,100.0,100.0,100.0,60.0,29.732445326049785,53.333333333333336,0.0,88.96695256446891,0.0,3,3,D_pure_quant_vr1.2,True
600866,600866.SH,星湖科技,饲料,20250711,7.52,64.011709551337,64.011709551337,0.0,4.59,8.1525,10036.36,4.203821656050956,weak_momentum,BULL_TREND,100.0,100.0,100.0,60.0,29.732445326049785,53.333333333333336,0.0,88.96695256446891,0.0,1,1,E_ablate_sector_vr1.2,True
969,000969.SZ,安泰科技,小金属,20250711,13.05,63.016791161850335,63.016791161850335,0.0,3.28,5.8993,17778.01,3.1899109792284843,weak_momentum,BULL_TREND,85.68479074216795,100.0,100.0,80.0,63.88210318630979,63.33333333333333,0.0,86.6493725590565,0.0,2,2,E_ablate_sector_vr1.2,True
600549,600549.SH,厦门钨业,小金属,20250711,21.92,60.65095938531942,60.65095938531942,0.0,3.93,5.6134,9512.82,2.142857142857129,weak_momentum,BULL_TREND,98.72646562419408,74.28571428571388,95.1282,65.0,63.88210318630979,76.66666666666667,0.0,84.8086299604754,0.0,3,3,E_ablate_sector_vr1.2,True
600058,600058.SH,五矿发展,商贸代理,20250711,8.27,53.62272188947075,53.62272188947075,0.0,6.82,3.5328,1568.26,4.060324825986076,weak_momentum,BULL_TREND,100.0,100.0,15.6826,40.0,45.38349381551141,66.66666666666666,0.0,96.54576322540476,0.0,1,1,E_ablate_inflow_vr1.2,True
969,000969.SZ,安泰科技,小金属,20250711,13.05,53.18280295112529,53.18280295112529,0.0,3.28,5.8993,17778.01,3.1899109792284843,weak_momentum,BULL_TREND,85.68479074216795,100.0,100.0,80.0,54.44007859516639,63.33333333333333,0.0,86.6493725590565,0.0,2,2,E_ablate_inflow_vr1.2,True
600549,600549.SH,厦门钨业,小金属,20250711,21.92,51.69389517459438,51.69389517459438,0.0,3.93,5.6134,9512.82,2.142857142857129,weak_momentum,BULL_TREND,98.72646562419408,74.28571428571388,95.1282,65.0,54.44007859516639,76.66666666666667,0.0,84.8086299604754,0.0,3,3,E_ablate_inflow_vr1.2,True
969,000969.SZ,安泰科技,小金属,20250711,13.05,59.601700755938325,59.601700755938325,0.0,3.28,5.8993,17778.01,3.1899109792284843,weak_momentum,BULL_TREND,85.68479074216795,100.0,100.0,80.0,63.88210318630979,63.33333333333333,0.0,86.6493725590565,0.0,1,1,E_ablate_wyckoff_vr1.2,True
600549,600549.SH,厦门钨业,小金属,20250711,21.92,57.511980369194575,57.511980369194575,0.0,3.93,5.6134,9512.82,2.142857142857129,weak_momentum,BULL_TREND,98.72646562419408,74.28571428571388,95.1282,65.0,63.88210318630979,76.66666666666667,0.0,84.8086299604754,0.0,2,2,E_ablate_wyckoff_vr1.2,True
600839,600839.SH,四川长虹,家用电器,20250711,10.06,57.0081729815887,57.0081729815887,0.0,4.58,6.4433,46099.6,1.5655577299412928,weak_momentum,BULL_TREND,100.0,56.966731898238784,100.0,65.0,63.925545469778086,86.66666666666667,0.0,75.5,0.0,3,3,E_ablate_wyckoff_vr1.2,True
969,000969.SZ,安泰科技,小金属,20250711,13.05,72.5991066397968,72.5991066397968,0.0,3.28,5.8993,17778.01,3.1899109792284843,weak_momentum,BULL_TREND,85.68479074216795,100.0,100.0,80.0,63.88210318630979,63.33333333333333,0.0,86.6493725590565,0.0,1,1,E_ablate_accel_vr1.2,True
600549,600549.SH,厦门钨业,小金属,20250711,21.92,70.23327486326589,70.23327486326589,0.0,3.93,5.6134,9512.82,2.142857142857129,weak_momentum,BULL_TREND,98.72646562419408,74.28571428571388,95.1282,65.0,63.88210318630979,76.66666666666667,0.0,84.8086299604754,0.0,2,2,E_ablate_accel_vr1.2,True
600866,600866.SH,星湖科技,饲料,20250711,7.52,68.47157635024448,68.47157635024448,0.0,4.59,8.1525,10036.36,4.203821656050956,weak_momentum,BULL_TREND,100.0,100.0,100.0,60.0,29.732445326049785,53.333333333333336,0.0,88.96695256446891,0.0,3,3,E_ablate_accel_vr1.2,True
2276,002276.SZ,万马股份,电气设备,20250714,14.6,75.34743729008105,66.55553924751511,8.791898042565926,2.12,9.5096,25462.42,4.387688277668631,weak_momentum,BULL_TREND,54.20321323942373,100.0,100.0,80.0,87.91898042565926,66.66666666666666,0.0,52.69251242946223,0.0,1,1,A_recovered_proxy_vr1.5,True
600580,600580.SH,卧龙电驱,电气设备,20250714,20.76,72.533392477995,63.74149443542906,8.791898042565926,2.36,8.1904,40992.12,12.478920741989873,weak_momentum,BULL_TREND,61.93934297935583,96.00899381675109,100.0,80.0,87.91898042565926,33.33333333333333,0.0,40.5,0.0,2,2,A_recovered_proxy_vr1.5,True
600650,600650.SH,锦江在线,公共交通,20250714,16.2,59.58099351849378,59.58099351849378,0.0,2.66,7.2554,7344.12,7.428571428571433,weak_momentum,BULL_TREND,70.57131228632325,100.0,73.4412,100.0,43.752364034651926,76.66666666666667,0.0,55.86461824676114,0.0,3,3,A_recovered_proxy_vr1.5,True
2276,002276.SZ,万马股份,电气设备,20250714,14.6,66.55553924751511,66.55553924751511,0.0,2.12,9.5096,25462.42,4.387688277668631,weak_momentum,BULL_TREND,54.20321323942373,100.0,100.0,80.0,87.91898042565926,66.66666666666666,0.0,52.69251242946223,0.0,1,1,B_pure_quant_vr1.5,True
600580,600580.SH,卧龙电驱,电气设备,20250714,20.76,63.74149443542906,63.74149443542906,0.0,2.36,8.1904,40992.12,12.478920741989873,weak_momentum,BULL_TREND,61.93934297935583,96.00899381675109,100.0,80.0,87.91898042565926,33.33333333333333,0.0,40.5,0.0,2,2,B_pure_quant_vr1.5,True
600650,600650.SH,锦江在线,公共交通,20250714,16.2,59.58099351849378,59.58099351849378,0.0,2.66,7.2554,7344.12,7.428571428571433,weak_momentum,BULL_TREND,70.57131228632325,100.0,73.4412,100.0,43.752364034651926,76.66666666666667,0.0,55.86461824676114,0.0,3,3,B_pure_quant_vr1.5,True
2276,002276.SZ,万马股份,电气设备,20250714,14.6,74.0759697556631,65.79265872686435,8.283311028798748,2.12,9.5096,25462.42,4.387688277668631,weak_momentum,BULL_TREND,54.20321323942373,100.0,100.0,80.0,82.83311028798747,66.66666666666666,0.0,52.69251242946223,0.0,1,1,A_recovered_proxy_vr1.2,True
600580,600580.SH,卧龙电驱,电气设备,20250714,20.76,71.26192494357703,62.978613914778286,8.283311028798748,2.36,8.1904,40992.12,12.478920741989873,weak_momentum,BULL_TREND,61.93934297935583,96.00899381675109,100.0,80.0,82.83311028798747,33.33333333333333,0.0,40.5,0.0,2,2,A_recovered_proxy_vr1.2,True
603119,603119.SH,浙江荣泰,汽车配件,20250714,43.62,67.96488753132888,59.36497283478555,8.599914696543342,1.46,6.831,12001.92,8.168421052631585,weak_momentum,BULL_TREND,27.298418455264624,100.0,100.0,80.0,85.99914696543341,53.333333333333336,0.0,38.02447570009449,0.0,3,3,A_recovered_proxy_vr1.2,True
2276,002276.SZ,万马股份,电气设备,20250714,14.6,65.79265872686435,65.79265872686435,0.0,2.12,9.5096,25462.42,4.387688277668631,weak_momentum,BULL_TREND,54.20321323942373,100.0,100.0,80.0,82.83311028798747,66.66666666666666,0.0,52.69251242946223,0.0,1,1,D_pure_quant_vr1.2,True
600580,600580.SH,卧龙电驱,电气设备,20250714,20.76,62.978613914778286,62.978613914778286,0.0,2.36,8.1904,40992.12,12.478920741989873,weak_momentum,BULL_TREND,61.93934297935583,96.00899381675109,100.0,80.0,82.83311028798747,33.33333333333333,0.0,40.5,0.0,2,2,D_pure_quant_vr1.2,True
600650,600650.SH,锦江在线,公共交通,20250714,16.2,59.49538063749766,59.49538063749766,0.0,2.66,7.2554,7344.12,7.428571428571433,weak_momentum,BULL_TREND,70.57131228632325,100.0,73.4412,100.0,43.1816114946778,76.66666666666667,0.0,55.86461824676114,0.0,3,3,D_pure_quant_vr1.2,True
2276,002276.SZ,万马股份,电气设备,20250714,14.6,53.36769218366623,53.36769218366623,0.0,2.12,9.5096,25462.42,4.387688277668631,weak_momentum,BULL_TREND,54.20321323942373,100.0,100.0,80.0,82.83311028798747,66.66666666666666,0.0,52.69251242946223,0.0,1,1,E_ablate_sector_vr1.2,True
600650,600650.SH,锦江在线,公共交通,20250714,16.2,53.01813891329599,53.01813891329599,0.0,2.66,7.2554,7344.12,7.428571428571433,weak_momentum,BULL_TREND,70.57131228632325,100.0,73.4412,100.0,43.1816114946778,76.66666666666667,0.0,55.86461824676114,0.0,2,2,E_ablate_sector_vr1.2,True
600580,600580.SH,卧龙电驱,电气设备,20250714,20.76,50.55364737158017,50.55364737158017,0.0,2.36,8.1904,40992.12,12.478920741989873,weak_momentum,BULL_TREND,61.93934297935583,96.00899381675109,100.0,80.0,82.83311028798747,33.33333333333333,0.0,40.5,0.0,3,3,E_ablate_sector_vr1.2,True
2774,002774.SZ,快意电梯,运输设备,20250714,9.46,50.84733761729283,50.84733761729283,0.0,4.55,8.8872,-3978.05,4.540867810292626,weak_momentum,BULL_TREND,100.0,100.0,0.0,60.0,41.52603114615235,10.0,0.0,94.12288630246654,0.0,1,1,E_ablate_inflow_vr1.2,True
600737,600737.SH,中粮糖业,食品,20250714,10.13,48.12952619512886,48.12952619512886,0.0,5.02,3.4454,482.34,1.2670565302144154,weak_momentum,BULL_TREND,100.0,48.01169590643247,4.8234,80.0,48.06526235349088,96.66666666666669,0.0,75.5,0.0,2,2,E_ablate_inflow_vr1.2,True
2276,002276.SZ,万马股份,电气设备,20250714,14.6,47.083825629942375,47.083825629942375,0.0,2.12,9.5096,25462.42,4.387688277668631,weak_momentum,BULL_TREND,54.20321323942373,100.0,100.0,80.0,78.10755630850764,66.66666666666666,0.0,52.69251242946223,0.0,3,3,E_ablate_inflow_vr1.2,True
2276,002276.SZ,万马股份,电气设备,20250714,14.6,57.888781862445015,57.888781862445015,0.0,2.12,9.5096,25462.42,4.387688277668631,weak_momentum,BULL_TREND,54.20321323942373,100.0,100.0,80.0,82.83311028798747,66.66666666666666,0.0,52.69251242946223,0.0,1,1,E_ablate_wyckoff_vr1.2,True
600580,600580.SH,卧龙电驱,电气设备,20250714,20.76,56.90361391477829,56.90361391477829,0.0,2.36,8.1904,40992.12,12.478920741989873,weak_momentum,BULL_TREND,61.93934297935583,96.00899381675109,100.0,80.0,82.83311028798747,33.33333333333333,0.0,40.5,0.0,2,2,E_ablate_wyckoff_vr1.2,True
603119,603119.SH,浙江荣泰,汽车配件,20250714,43.62,53.66130147977137,53.66130147977137,0.0,1.46,6.831,12001.92,8.168421052631585,weak_momentum,BULL_TREND,27.298418455264624,100.0,100.0,80.0,85.99914696543341,53.333333333333336,0.0,38.02447570009449,0.0,3,3,E_ablate_wyckoff_vr1.2,True
2276,002276.SZ,万马股份,电气设备,20250714,14.6,65.79265872686435,65.79265872686435,0.0,2.12,9.5096,25462.42,4.387688277668631,weak_momentum,BULL_TREND,54.20321323942373,100.0,100.0,80.0,82.83311028798747,66.66666666666666,0.0,52.69251242946223,0.0,1,1,E_ablate_accel_vr1.2,True
600580,600580.SH,卧龙电驱,电气设备,20250714,20.76,62.978613914778286,62.978613914778286,0.0,2.36,8.1904,40992.12,12.478920741989873,weak_momentum,BULL_TREND,61.93934297935583,96.00899381675109,100.0,80.0,82.83311028798747,33.33333333333333,0.0,40.5,0.0,2,2,E_ablate_accel_vr1.2,True
600650,600650.SH,锦江在线,公共交通,20250714,16.2,59.49538063749766,59.49538063749766,0.0,2.66,7.2554,7344.12,7.428571428571433,weak_momentum,BULL_TREND,70.57131228632325,100.0,73.4412,100.0,43.1816114946778,76.66666666666667,0.0,55.86461824676114,0.0,3,3,E_ablate_accel_vr1.2,True
815,000815.SZ,美利云,通信设备,20250715,13.35,72.94146110938536,66.27073416255803,6.670726946827336,3.04,11.4122,15082.17,2.126099706744875,weak_momentum,BULL_TREND,80.20356618344304,73.78299120234625,100.0,65.0,66.70726946827335,66.66666666666666,0.0,71.97877691457121,0.0,1,1,A_recovered_proxy_vr1.5,True
2261,002261.SZ,拓维信息,软件服务,20250715,30.99,71.55683501036138,63.800393539868,7.75644147049339,1.94,9.0875,35261.03,4.322321704229707,weak_momentum,BULL_TREND,47.802832620620144,100.0,100.0,80.0,77.5644147049339,53.333333333333336,0.0,55.52426516245485,0.0,2,2,A_recovered_proxy_vr1.5,True
600733,600733.SH,北汽蓝谷,汽车整车,20250715,7.62,66.63364195188221,66.63364195188221,0.0,3.25,5.6546,54148.94,1.8041237113402024,weak_momentum,BULL_TREND,85.02198590705461,64.12371134020607,100.0,100.0,61.2922135888842,53.333333333333336,0.0,75.5,0.0,3,3,A_recovered_proxy_vr1.5,True
600733,600733.SH,北汽蓝谷,汽车整车,20250715,7.62,66.63364195188221,66.63364195188221,0.0,3.25,5.6546,54148.94,1.8041237113402024,weak_momentum,BULL_TREND,85.02198590705461,64.12371134020607,100.0,100.0,61.2922135888842,53.333333333333336,0.0,75.5,0.0,1,1,B_pure_quant_vr1.5,True
815,000815.SZ,美利云,通信设备,20250715,13.35,66.27073416255803,66.27073416255803,0.0,3.04,11.4122,15082.17,2.126099706744875,weak_momentum,BULL_TREND,80.20356618344304,73.78299120234625,100.0,65.0,66.70726946827335,66.66666666666666,0.0,71.97877691457121,0.0,2,2,B_pure_quant_vr1.5,True
2261,002261.SZ,拓维信息,软件服务,20250715,30.99,63.800393539868,63.800393539868,0.0,1.94,9.0875,35261.03,4.322321704229707,weak_momentum,BULL_TREND,47.802832620620144,100.0,100.0,80.0,77.5644147049339,53.333333333333336,0.0,55.52426516245485,0.0,3,3,B_pure_quant_vr1.5,True
815,000815.SZ,美利云,通信设备,20250715,13.35,73.40544870686665,66.8491267210468,6.556321985819854,3.04,11.4122,15082.17,2.126099706744875,weak_momentum,BULL_TREND,80.20356618344304,73.78299120234625,100.0,80.0,65.56321985819854,66.66666666666666,0.0,71.97877691457121,0.0,1,1,A_recovered_proxy_vr1.2,True
600733,600733.SH,北汽蓝谷,汽车整车,20250715,7.62,73.31433456677004,66.96452470548186,6.349809861288182,3.25,5.6546,54148.94,1.8041237113402024,weak_momentum,BULL_TREND,85.02198590705461,64.12371134020607,100.0,100.0,63.49809861288181,53.333333333333336,0.0,75.5,0.0,2,2,A_recovered_proxy_vr1.2,True
2261,002261.SZ,拓维信息,软件服务,20250715,30.99,72.12327113290009,64.14025521339121,7.98301591950887,1.94,9.0875,35261.03,4.322321704229707,weak_momentum,BULL_TREND,47.802832620620144,100.0,100.0,80.0,79.8301591950887,53.333333333333336,0.0,55.52426516245485,0.0,3,3,A_recovered_proxy_vr1.2,True
600733,600733.SH,北汽蓝谷,汽车整车,20250715,7.62,66.96452470548186,66.96452470548186,0.0,3.25,5.6546,54148.94,1.8041237113402024,weak_momentum,BULL_TREND,85.02198590705461,64.12371134020607,100.0,100.0,63.49809861288181,53.333333333333336,0.0,75.5,0.0,1,1,D_pure_quant_vr1.2,True
815,000815.SZ,美利云,通信设备,20250715,13.35,66.8491267210468,66.8491267210468,0.0,3.04,11.4122,15082.17,2.126099706744875,weak_momentum,BULL_TREND,80.20356618344304,73.78299120234625,100.0,80.0,65.56321985819854,66.66666666666666,0.0,71.97877691457121,0.0,2,2,D_pure_quant_vr1.2,True
2261,002261.SZ,拓维信息,软件服务,20250715,30.99,64.14025521339121,64.14025521339121,0.0,1.94,9.0875,35261.03,4.322321704229707,weak_momentum,BULL_TREND,47.802832620620144,100.0,100.0,80.0,79.8301591950887,53.333333333333336,0.0,55.52426516245485,0.0,3,3,D_pure_quant_vr1.2,True
2930,002930.SZ,宏川智慧,仓储物流,20250715,11.07,57.48415839199014,57.48415839199014,0.0,3.81,9.0671,7770.83,14.846153846153843,weak_momentum,BULL_TREND,96.48954988592988,76.2820512820513,77.7083,60.0,43.199128860626175,66.66666666666666,0.0,90.2403494794745,0.0,1,1,E_ablate_sector_vr1.2,True
600733,600733.SH,北汽蓝谷,汽车整车,20250715,7.62,57.43980991354959,57.43980991354959,0.0,3.25,5.6546,54148.94,1.8041237113402024,weak_momentum,BULL_TREND,85.02198590705461,64.12371134020607,100.0,100.0,63.49809861288181,53.333333333333336,0.0,75.5,0.0,2,2,E_ablate_sector_vr1.2,True
815,000815.SZ,美利云,通信设备,20250715,13.35,57.01464374231702,57.01464374231702,0.0,3.04,11.4122,15082.17,2.126099706744875,weak_momentum,BULL_TREND,80.20356618344304,73.78299120234625,100.0,80.0,65.56321985819854,66.66666666666666,0.0,71.97877691457121,0.0,3,3,E_ablate_sector_vr1.2,True
2777,002777.SZ,久远银海,软件服务,20250715,19.68,52.18505086327247,52.18505086327247,0.0,3.08,10.3461,2101.31,3.0541871921182318,weak_momentum,BULL_TREND,81.14651754600884,100.0,21.0131,80.0,79.8301591950887,20.0,0.0,73.59032901405227,0.0,1,1,E_ablate_inflow_vr1.2,True
600841,600841.SH,动力新科,汽车配件,20250715,6.29,51.03467500607746,51.03467500607746,0.0,3.65,3.499,1602.55,3.675344563552836,weak_momentum,BULL_TREND,93.39482319963274,100.0,16.0255,40.0,53.32872082240642,66.66666666666666,0.0,77.95206712958836,0.0,2,2,E_ablate_inflow_vr1.2,True
2930,002930.SZ,宏川智慧,仓储物流,20250715,11.07,49.97653372108407,49.97653372108407,0.0,3.81,9.0671,7770.83,14.846153846153843,weak_momentum,BULL_TREND,96.48954988592988,76.2820512820513,77.7083,60.0,43.199128860626175,66.66666666666666,0.0,90.2403494794745,0.0,3,3,E_ablate_inflow_vr1.2,True
815,000815.SZ,美利云,通信设备,20250715,13.35,56.05231018386112,56.05231018386112,0.0,3.04,11.4122,15082.17,2.126099706744875,weak_momentum,BULL_TREND,80.20356618344304,73.78299120234625,100.0,80.0,65.56321985819854,66.66666666666666,0.0,71.97877691457121,0.0,1,1,E_ablate_wyckoff_vr1.2,True
2261,002261.SZ,拓维信息,软件服务,20250715,30.99,55.811615439022994,55.811615439022994,0.0,1.94,9.0875,35261.03,4.322321704229707,weak_momentum,BULL_TREND,47.802832620620144,100.0,100.0,80.0,79.8301591950887,53.333333333333336,0.0,55.52426516245485,0.0,2,2,E_ablate_wyckoff_vr1.2,True
600733,600733.SH,北汽蓝谷,汽车整车,20250715,7.62,55.63952470548186,55.63952470548186,0.0,3.25,5.6546,54148.94,1.8041237113402024,weak_momentum,BULL_TREND,85.02198590705461,64.12371134020607,100.0,100.0,63.49809861288181,53.333333333333336,0.0,75.5,0.0,3,3,E_ablate_wyckoff_vr1.2,True
600733,600733.SH,北汽蓝谷,汽车整车,20250715,7.62,66.96452470548186,66.96452470548186,0.0,3.25,5.6546,54148.94,1.8041237113402024,weak_momentum,BULL_TREND,85.02198590705461,64.12371134020607,100.0,100.0,63.49809861288181,53.333333333333336,0.0,75.5,0.0,1,1,E_ablate_accel_vr1.2,True
815,000815.SZ,美利云,通信设备,20250715,13.35,66.8491267210468,66.8491267210468,0.0,3.04,11.4122,15082.17,2.126099706744875,weak_momentum,BULL_TREND,80.20356618344304,73.78299120234625,100.0,80.0,65.56321985819854,66.66666666666666,0.0,71.97877691457121,0.0,2,2,E_ablate_accel_vr1.2,True
2261,002261.SZ,拓维信息,软件服务,20250715,30.99,64.14025521339121,64.14025521339121,0.0,1.94,9.0875,35261.03,4.322321704229707,weak_momentum,BULL_TREND,47.802832620620144,100.0,100.0,80.0,79.8301591950887,53.333333333333336,0.0,55.52426516245485,0.0,3,3,E_ablate_accel_vr1.2,True
2984,002984.SZ,森麒麟,汽车配件,20250716,19.39,76.58534705384673,68.54551608484164,8.0398309690051,3.18,6.1307,18721.63,2.021222839818083,weak_momentum,BULL_TREND,83.45133827548153,70.63668519454248,100.0,80.0,80.398309690051,43.333333333333336,0.0,75.5,0.0,1,1,A_recovered_proxy_vr1.5,True
2347,002347.SZ,泰尔股份,机械基件,20250716,7.4,72.29896329173071,66.98419115315033,5.314772138580384,3.14,11.3756,11301.69,2.2457067371202104,weak_momentum,BULL_TREND,82.53822795584512,77.37120211360632,100.0,80.0,53.14772138580384,53.333333333333336,0.0,84.53391887735714,0.0,2,2,A_recovered_proxy_vr1.5,True
603108,603108.SH,润达医疗,医药商业,20250716,18.29,69.69546267986924,64.03009612626724,5.665366553602,2.69,9.9411,16812.18,3.380876914949818,weak_momentum,BULL_TREND,71.38030863909496,100.0,100.0,60.0,56.65366553602,10.0,0.0,75.5,0.0,3,3,A_recovered_proxy_vr1.5,True
2984,002984.SZ,森麒麟,汽车配件,20250716,19.39,68.54551608484164,68.54551608484164,0.0,3.18,6.1307,18721.63,2.021222839818083,weak_momentum,BULL_TREND,83.45133827548153,70.63668519454248,100.0,80.0,80.398309690051,43.333333333333336,0.0,75.5,0.0,1,1,B_pure_quant_vr1.5,True
2347,002347.SZ,泰尔股份,机械基件,20250716,7.4,66.98419115315033,66.98419115315033,0.0,3.14,11.3756,11301.69,2.2457067371202104,weak_momentum,BULL_TREND,82.53822795584512,77.37120211360632,100.0,80.0,53.14772138580384,53.333333333333336,0.0,84.53391887735714,0.0,2,2,B_pure_quant_vr1.5,True
603108,603108.SH,润达医疗,医药商业,20250716,18.29,64.03009612626724,64.03009612626724,0.0,2.69,9.9411,16812.18,3.380876914949818,weak_momentum,BULL_TREND,71.38030863909496,100.0,100.0,60.0,56.65366553602,10.0,0.0,75.5,0.0,3,3,B_pure_quant_vr1.5,True
2984,002984.SZ,森麒麟,汽车配件,20250716,19.39,76.85983659196951,68.7102098077153,8.149626784254204,3.18,6.1307,18721.63,2.021222839818083,weak_momentum,BULL_TREND,83.45133827548153,70.63668519454248,100.0,80.0,81.49626784254204,43.333333333333336,0.0,75.5,0.0,1,1,A_recovered_proxy_vr1.2,True
603108,603108.SH,润达医疗,医药商业,20250716,18.29,69.4101521239468,63.85890979271378,5.551242331233026,2.69,9.9411,16812.18,3.380876914949818,weak_momentum,BULL_TREND,71.38030863909496,100.0,100.0,60.0,55.512423312330256,10.0,0.0,75.5,0.0,2,2,A_recovered_proxy_vr1.2,True
2347,002347.SZ,泰尔股份,机械基件,20250716,7.4,66.60993033255116,66.60993033255116,0.0,3.14,11.3756,11301.69,2.2457067371202104,weak_momentum,BULL_TREND,82.53822795584512,77.37120211360632,100.0,80.0,50.652649248476,53.333333333333336,0.0,84.53391887735714,0.0,3,3,A_recovered_proxy_vr1.2,True
2984,002984.SZ,森麒麟,汽车配件,20250716,19.39,68.7102098077153,68.7102098077153,0.0,3.18,6.1307,18721.63,2.021222839818083,weak_momentum,BULL_TREND,83.45133827548153,70.63668519454248,100.0,80.0,81.49626784254204,43.333333333333336,0.0,75.5,0.0,1,1,D_pure_quant_vr1.2,True
2347,002347.SZ,泰尔股份,机械基件,20250716,7.4,66.60993033255116,66.60993033255116,0.0,3.14,11.3756,11301.69,2.2457067371202104,weak_momentum,BULL_TREND,82.53822795584512,77.37120211360632,100.0,80.0,50.652649248476,53.333333333333336,0.0,84.53391887735714,0.0,2,2,D_pure_quant_vr1.2,True
603108,603108.SH,润达医疗,医药商业,20250716,18.29,63.85890979271378,63.85890979271378,0.0,2.69,9.9411,16812.18,3.380876914949818,weak_momentum,BULL_TREND,71.38030863909496,100.0,100.0,60.0,55.512423312330256,10.0,0.0,75.5,0.0,3,3,D_pure_quant_vr1.2,True
2347,002347.SZ,泰尔股份,机械基件,20250716,7.4,59.01203294527976,59.01203294527976,0.0,3.14,11.3756,11301.69,2.2457067371202104,weak_momentum,BULL_TREND,82.53822795584512,77.37120211360632,100.0,80.0,50.652649248476,53.333333333333336,0.0,84.53391887735714,0.0,1,1,E_ablate_sector_vr1.2,True
2044,002044.SZ,美年健康,医疗保健,20250716,5.1,58.69702882522526,58.69702882522526,0.0,2.95,4.6451,17204.28,4.850746268656729,weak_momentum,BULL_TREND,78.03574772372394,100.0,100.0,80.0,27.221080647768225,33.33333333333333,0.0,75.5,0.0,2,2,E_ablate_sector_vr1.2,True
600611,600611.SH,大众交通,公共交通,20250716,6.22,57.7381093537403,57.7381093537403,0.0,2.37,4.1676,11892.2,5.038167938931299,weak_momentum,BULL_TREND,62.24435295617672,100.0,100.0,65.0,27.88732203429842,66.66666666666666,0.0,78.78748717986971,0.0,3,3,E_ablate_sector_vr1.2,True
2984,002984.SZ,森麒麟,汽车配件,20250716,19.39,50.57077021626814,50.57077021626814,0.0,3.18,6.1307,18721.63,2.021222839818083,weak_momentum,BULL_TREND,83.45133827548153,70.63668519454248,100.0,80.0,80.56667056622761,43.333333333333336,0.0,75.5,0.0,1,1,E_ablate_inflow_vr1.2,True
2664,002664.SZ,信质集团,汽车配件,20250716,18.63,50.110756122310285,50.110756122310285,0.0,2.2,4.6094,3006.58,3.4214618973561444,weak_momentum,BULL_TREND,56.87517618749676,100.0,30.0658,65.0,80.56667056622761,20.0,0.0,88.29652739501086,0.0,2,2,E_ablate_inflow_vr1.2,True
301011,301011.SZ,华立科技,文教休闲,20250716,28.4,49.07350375023748,49.07350375023748,0.0,2.85,5.9404,4370.95,4.086457277946643,weak_momentum,BULL_TREND,75.54809596386896,100.0,43.7095,65.0,40.98131133716653,86.66666666666667,0.0,80.0717288116588,0.0,3,3,E_ablate_inflow_vr1.2,True
2984,002984.SZ,森麒麟,汽车配件,20250716,19.39,57.3852098077153,57.3852098077153,0.0,3.18,6.1307,18721.63,2.021222839818083,weak_momentum,BULL_TREND,83.45133827548153,70.63668519454248,100.0,80.0,81.49626784254204,43.333333333333336,0.0,75.5,0.0,1,1,E_ablate_wyckoff_vr1.2,True
2347,002347.SZ,泰尔股份,机械基件,20250716,7.4,53.92984250094759,53.92984250094759,0.0,3.14,11.3756,11301.69,2.2457067371202104,weak_momentum,BULL_TREND,82.53822795584512,77.37120211360632,100.0,80.0,50.652649248476,53.333333333333336,0.0,84.53391887735714,0.0,2,2,E_ablate_wyckoff_vr1.2,True
603108,603108.SH,润达医疗,医药商业,20250716,18.29,52.533909792713786,52.533909792713786,0.0,2.69,9.9411,16812.18,3.380876914949818,weak_momentum,BULL_TREND,71.38030863909496,100.0,100.0,60.0,55.512423312330256,10.0,0.0,75.5,0.0,3,3,E_ablate_wyckoff_vr1.2,True
2984,002984.SZ,森麒麟,汽车配件,20250716,19.39,68.7102098077153,68.7102098077153,0.0,3.18,6.1307,18721.63,2.021222839818083,weak_momentum,BULL_TREND,83.45133827548153,70.63668519454248,100.0,80.0,81.49626784254204,43.333333333333336,0.0,75.5,0.0,1,1,E_ablate_accel_vr1.2,True
2347,002347.SZ,泰尔股份,机械基件,20250716,7.4,66.60993033255116,66.60993033255116,0.0,3.14,11.3756,11301.69,2.2457067371202104,weak_momentum,BULL_TREND,82.53822795584512,77.37120211360632,100.0,80.0,50.652649248476,53.333333333333336,0.0,84.53391887735714,0.0,2,2,E_ablate_accel_vr1.2,True
603108,603108.SH,润达医疗,医药商业,20250716,18.29,63.85890979271378,63.85890979271378,0.0,2.69,9.9411,16812.18,3.380876914949818,weak_momentum,BULL_TREND,71.38030863909496,100.0,100.0,60.0,55.512423312330256,10.0,0.0,75.5,0.0,3,3,E_ablate_accel_vr1.2,True
422,000422.SZ,湖北宜化,农药化肥,20250717,12.4,70.1600768344126,64.7912765402495,5.368800294163108,3.38,6.9098,31067.77,1.3524264120922826,weak_momentum,BULL_TREND,87.85116232537298,50.57279236276848,100.0,100.0,53.68800294163108,63.33333333333333,0.0,75.5,0.0,1,1,A_recovered_proxy_vr1.5,True
600611,600611.SH,大众交通,公共交通,20250717,6.4,68.6010592753045,68.6010592753045,0.0,3.05,6.91,18337.1,2.2900763358778544,weak_momentum,BULL_TREND,80.4404621337762,78.70229007633563,100.0,100.0,43.90510231968534,63.33333333333333,0.0,95.5885542097221,0.0,2,2,A_recovered_proxy_vr1.5,True
62,000062.SZ,深圳华强,元器件,20250717,26.83,66.40359631087,58.27264332122748,8.130952989642529,1.79,3.1598,15705.96,4.178571428571435,weak_momentum,BULL_TREND,41.99797937447659,100.0,100.0,40.0,81.30952989642529,53.333333333333336,0.0,34.06566842617019,0.0,3,3,A_recovered_proxy_vr1.5,True
600611,600611.SH,大众交通,公共交通,20250717,6.4,68.6010592753045,68.6010592753045,0.0,3.05,6.91,18337.1,2.2900763358778544,weak_momentum,BULL_TREND,80.4404621337762,78.70229007633563,100.0,100.0,43.90510231968534,63.33333333333333,0.0,95.5885542097221,0.0,1,1,B_pure_quant_vr1.5,True
422,000422.SZ,湖北宜化,农药化肥,20250717,12.4,64.7912765402495,64.7912765402495,0.0,3.38,6.9098,31067.77,1.3524264120922826,weak_momentum,BULL_TREND,87.85116232537298,50.57279236276848,100.0,100.0,53.68800294163108,63.33333333333333,0.0,75.5,0.0,2,2,B_pure_quant_vr1.5,True
600536,600536.SH,中国软件,软件服务,20250717,46.74,62.489963244120105,62.489963244120105,0.0,2.07,3.8368,30947.03,3.1295336787564727,weak_momentum,BULL_TREND,52.48153838623002,100.0,100.0,65.0,40.7697769605998,53.333333333333336,0.0,83.90399516952643,0.0,3,3,B_pure_quant_vr1.5,True
422,000422.SZ,湖北宜化,农药化肥,20250717,12.4,70.07381568920388,64.73951985312426,5.334295836079619,3.38,6.9098,31067.77,1.3524264120922826,weak_momentum,BULL_TREND,87.85116232537298,50.57279236276848,100.0,100.0,53.34295836079619,63.33333333333333,0.0,75.5,0.0,1,1,A_recovered_proxy_vr1.2,True
600611,600611.SH,大众交通,公共交通,20250717,6.4,68.55308104755805,68.55308104755805,0.0,3.05,6.91,18337.1,2.2900763358778544,weak_momentum,BULL_TREND,80.4404621337762,78.70229007633563,100.0,100.0,43.58524746804248,63.33333333333333,0.0,95.5885542097221,0.0,2,2,A_recovered_proxy_vr1.2,True
62,000062.SZ,深圳华强,元器件,20250717,26.83,66.1719607969651,58.13366201288453,8.038298784080562,1.79,3.1598,15705.96,4.178571428571435,weak_momentum,BULL_TREND,41.99797937447659,100.0,100.0,40.0,80.38298784080561,53.333333333333336,0.0,34.06566842617019,0.0,3,3,A_recovered_proxy_vr1.2,True
600611,600611.SH,大众交通,公共交通,20250717,6.4,68.55308104755805,68.55308104755805,0.0,3.05,6.91,18337.1,2.2900763358778544,weak_momentum,BULL_TREND,80.4404621337762,78.70229007633563,100.0,100.0,43.58524746804248,63.33333333333333,0.0,95.5885542097221,0.0,1,1,D_pure_quant_vr1.2,True
422,000422.SZ,湖北宜化,农药化肥,20250717,12.4,64.73951985312426,64.73951985312426,0.0,3.38,6.9098,31067.77,1.3524264120922826,weak_momentum,BULL_TREND,87.85116232537298,50.57279236276848,100.0,100.0,53.34295836079619,63.33333333333333,0.0,75.5,0.0,2,2,D_pure_quant_vr1.2,True
302132,302132.SZ,中航成飞,航空,20250717,85.98,62.090833832113766,62.090833832113766,0.0,2.29,4.5573,33876.27,4.7840531561461725,weak_momentum,BULL_TREND,59.76737991611096,100.0,100.0,65.0,41.76159510053588,96.66666666666669,0.0,58.52102830855608,0.0,3,3,D_pure_quant_vr1.2,True
600611,600611.SH,大众交通,公共交通,20250717,6.4,62.015293927351685,62.015293927351685,0.0,3.05,6.91,18337.1,2.2900763358778544,weak_momentum,BULL_TREND,80.4404621337762,78.70229007633563,100.0,100.0,43.58524746804248,63.33333333333333,0.0,95.5885542097221,0.0,1,1,E_ablate_sector_vr1.2,True
422,000422.SZ,湖北宜化,农药化肥,20250717,12.4,56.73807609900483,56.73807609900483,0.0,3.38,6.9098,31067.77,1.3524264120922826,weak_momentum,BULL_TREND,87.85116232537298,50.57279236276848,100.0,100.0,53.34295836079619,63.33333333333333,0.0,75.5,0.0,2,2,E_ablate_sector_vr1.2,True
302132,302132.SZ,中航成飞,航空,20250717,85.98,55.82659456703339,55.82659456703339,0.0,2.29,4.5573,33876.27,4.7840531561461725,weak_momentum,BULL_TREND,59.76737991611096,100.0,100.0,65.0,41.76159510053588,96.66666666666669,0.0,58.52102830855608,0.0,3,3,E_ablate_sector_vr1.2,True
600611,600611.SH,大众交通,公共交通,20250717,6.4,50.55593396514234,50.55593396514234,0.0,3.05,6.91,18337.1,2.2900763358778544,weak_momentum,BULL_TREND,80.4404621337762,78.70229007633563,100.0,100.0,43.60426691860433,63.33333333333333,0.0,95.5885542097221,0.0,1,1,E_ablate_inflow_vr1.2,True
422,000422.SZ,湖北宜化,农药化肥,20250717,12.4,46.74259744831148,46.74259744831148,0.0,3.38,6.9098,31067.77,1.3524264120922826,weak_momentum,BULL_TREND,87.85116232537298,50.57279236276848,100.0,100.0,53.36347566204429,63.33333333333333,0.0,75.5,0.0,2,2,E_ablate_inflow_vr1.2,True
600611,600611.SH,大众交通,公共交通,20250717,6.4,54.21479791609974,54.21479791609974,0.0,3.05,6.91,18337.1,2.2900763358778544,weak_momentum,BULL_TREND,80.4404621337762,78.70229007633563,100.0,100.0,43.58524746804248,63.33333333333333,0.0,95.5885542097221,0.0,1,1,E_ablate_wyckoff_vr1.2,True
422,000422.SZ,湖北宜化,农药化肥,20250717,12.4,53.41451985312426,53.41451985312426,0.0,3.38,6.9098,31067.77,1.3524264120922826,weak_momentum,BULL_TREND,87.85116232537298,50.57279236276848,100.0,100.0,53.34295836079619,63.33333333333333,0.0,75.5,0.0,2,2,E_ablate_wyckoff_vr1.2,True
302132,302132.SZ,中航成飞,航空,20250717,85.98,53.31267958583036,53.31267958583036,0.0,2.29,4.5573,33876.27,4.7840531561461725,weak_momentum,BULL_TREND,59.76737991611096,100.0,100.0,65.0,41.76159510053588,96.66666666666669,0.0,58.52102830855608,0.0,3,3,E_ablate_wyckoff_vr1.2,True
600611,600611.SH,大众交通,公共交通,20250717,6.4,68.55308104755805,68.55308104755805,0.0,3.05,6.91,18337.1,2.2900763358778544,weak_momentum,BULL_TREND,80.4404621337762,78.70229007633563,100.0,100.0,43.58524746804248,63.33333333333333,0.0,95.5885542097221,0.0,1,1,E_ablate_accel_vr1.2,True
422,000422.SZ,湖北宜化,农药化肥,20250717,12.4,64.73951985312426,64.73951985312426,0.0,3.38,6.9098,31067.77,1.3524264120922826,weak_momentum,BULL_TREND,87.85116232537298,50.57279236276848,100.0,100.0,53.34295836079619,63.33333333333333,0.0,75.5,0.0,2,2,E_ablate_accel_vr1.2,True
302132,302132.SZ,中航成飞,航空,20250717,85.98,62.090833832113766,62.090833832113766,0.0,2.29,4.5573,33876.27,4.7840531561461725,weak_momentum,BULL_TREND,59.76737991611096,100.0,100.0,65.0,41.76159510053588,96.66666666666669,0.0,58.52102830855608,0.0,3,3,E_ablate_accel_vr1.2,True
600895,600895.SH,张江高科,园区开发,20250718,27.21,79.7882764904448,73.47607748265116,6.312199007793637,3.75,4.4479,42144.75,0.2200220022002153,momentum,BULL_TREND,95.34452978042592,100.0,100.0,80.0,63.12199007793637,100.0,0.0,75.5,0.0,1,1,A_recovered_proxy_vr1.5,True
2176,002176.SZ,江特电机,小金属,20250718,7.65,77.876195441716,69.52260792849945,8.353587513216548,2.34,6.0887,14869.17,1.0349288486416566,momentum,BULL_TREND,61.32542649043399,100.0,100.0,65.0,83.53587513216547,30.0,0.0,88.66618928501263,0.0,2,2,A_recovered_proxy_vr1.5,True
600459,600459.SH,贵研铂业,小金属,20250718,16.22,72.3927526695263,64.03916515630975,8.353587513216548,2.06,4.9374,9284.94,2.1712907117008413,momentum,BULL_TREND,52.132216870424685,100.0,92.8494,65.0,83.53587513216547,10.0,0.0,71.92277599312956,0.0,3,3,A_recovered_proxy_vr1.5,True
600895,600895.SH,张江高科,园区开发,20250718,27.21,73.47607748265116,73.47607748265116,0.0,3.75,4.4479,42144.75,0.2200220022002153,momentum,BULL_TREND,95.34452978042592,100.0,100.0,80.0,63.12199007793637,100.0,0.0,75.5,0.0,1,1,B_pure_quant_vr1.5,True
2176,002176.SZ,江特电机,小金属,20250718,7.65,69.52260792849945,69.52260792849945,0.0,2.34,6.0887,14869.17,1.0349288486416566,momentum,BULL_TREND,61.32542649043399,100.0,100.0,65.0,83.53587513216547,30.0,0.0,88.66618928501263,0.0,2,2,B_pure_quant_vr1.5,True
600246,600246.SH,万通发展,区域地产,20250718,6.76,68.00418986754609,68.00418986754609,0.0,2.71,4.9268,11008.02,1.313868613138684,momentum,BULL_TREND,71.91464257895734,100.0,100.0,80.0,54.80458746485058,66.66666666666666,0.0,89.22742654399033,0.0,3,3,B_pure_quant_vr1.5,True
2176,002176.SZ,江特电机,小金属,20250718,7.65,77.30809427416403,69.14387381679815,8.164220457365891,2.34,6.0887,14869.17,1.0349288486416566,momentum,BULL_TREND,61.32542649043399,100.0,100.0,65.0,81.6422045736589,30.0,0.0,88.66618928501263,0.0,1,1,A_recovered_proxy_vr1.2,True
600895,600895.SH,张江高科,园区开发,20250718,27.21,77.29975144490389,71.8170607856239,5.48269065928,3.75,4.4479,42144.75,0.2200220022002153,momentum,BULL_TREND,95.34452978042592,100.0,100.0,80.0,54.8269065928,100.0,0.0,75.5,0.0,2,2,A_recovered_proxy_vr1.2,True
600459,600459.SH,贵研铂业,小金属,20250718,16.22,71.82465150197433,63.66043104460845,8.164220457365891,2.06,4.9374,9284.94,2.1712907117008413,momentum,BULL_TREND,52.132216870424685,100.0,92.8494,65.0,81.6422045736589,10.0,0.0,71.92277599312956,0.0,3,3,A_recovered_proxy_vr1.2,True
600895,600895.SH,张江高科,园区开发,20250718,27.21,71.8170607856239,71.8170607856239,0.0,3.75,4.4479,42144.75,0.2200220022002153,momentum,BULL_TREND,95.34452978042592,100.0,100.0,80.0,54.8269065928,100.0,0.0,75.5,0.0,1,1,D_pure_quant_vr1.2,True
2176,002176.SZ,江特电机,小金属,20250718,7.65,69.14387381679815,69.14387381679815,0.0,2.34,6.0887,14869.17,1.0349288486416566,momentum,BULL_TREND,61.32542649043399,100.0,100.0,65.0,81.6422045736589,30.0,0.0,88.66618928501263,0.0,2,2,D_pure_quant_vr1.2,True
600246,600246.SH,万通发展,区域地产,20250718,6.76,67.57086213440708,67.57086213440708,0.0,2.71,4.9268,11008.02,1.313868613138684,momentum,BULL_TREND,71.91464257895734,100.0,100.0,80.0,52.63794879915555,66.66666666666666,0.0,89.22742654399033,0.0,3,3,D_pure_quant_vr1.2,True
600895,600895.SH,张江高科,园区开发,20250718,27.21,60.85167946706389,60.85167946706389,0.0,3.75,4.4479,42144.75,0.2200220022002153,momentum,BULL_TREND,95.34452978042592,100.0,100.0,80.0,54.8269065928,100.0,0.0,75.5,0.0,1,1,E_ablate_sector_vr1.2,True
600246,600246.SH,万通发展,区域地产,20250718,6.76,57.04327237457597,57.04327237457597,0.0,2.71,4.9268,11008.02,1.313868613138684,momentum,BULL_TREND,71.91464257895734,100.0,100.0,80.0,52.63794879915555,66.66666666666666,0.0,89.22742654399033,0.0,2,2,E_ablate_sector_vr1.2,True
600765,600765.SH,中航重机,航空,20250718,17.1,55.640405096370806,55.640405096370806,0.0,3.2,3.7993,21441.17,0.869565217391296,momentum,BULL_TREND,83.90359525563188,100.0,100.0,40.0,37.383370717521565,53.333333333333336,0.0,83.88199141359357,0.0,3,3,E_ablate_sector_vr1.2,True
600895,600895.SH,张江高科,园区开发,20250718,27.21,51.636793667706414,51.636793667706414,0.0,3.75,4.4479,42144.75,0.2200220022002153,momentum,BULL_TREND,95.34452978042592,100.0,100.0,80.0,53.9255710032126,100.0,0.0,75.5,0.0,1,1,E_ablate_inflow_vr1.2,True
2176,002176.SZ,江特电机,小金属,20250718,7.65,48.693980778909925,48.693980778909925,0.0,2.34,6.0887,14869.17,1.0349288486416566,momentum,BULL_TREND,61.32542649043399,100.0,100.0,65.0,79.3927393842178,30.0,0.0,88.66618928501263,0.0,2,2,E_ablate_inflow_vr1.2,True
603663,603663.SH,三祥新材,小金属,20250718,26.01,48.12546964926586,48.12546964926586,0.0,2.79,5.2187,6448.77,9.37282229965156,momentum,BULL_TREND,74.01325610272315,62.15530114484823,64.4877,65.0,79.3927393842178,76.66666666666667,0.0,78.46069909195668,0.0,3,3,E_ablate_inflow_vr1.2,True
600895,600895.SH,张江高科,园区开发,20250718,27.21,64.2670607856239,64.2670607856239,0.0,3.75,4.4479,42144.75,0.2200220022002153,momentum,BULL_TREND,95.34452978042592,100.0,100.0,80.0,54.8269065928,100.0,0.0,75.5,0.0,1,1,E_ablate_wyckoff_vr1.2,True
2176,002176.SZ,江特电机,小金属,20250718,7.65,60.27725488829688,60.27725488829688,0.0,2.34,6.0887,14869.17,1.0349288486416566,momentum,BULL_TREND,61.32542649043399,100.0,100.0,65.0,81.6422045736589,30.0,0.0,88.66618928501263,0.0,2,2,E_ablate_wyckoff_vr1.2,True
600246,600246.SH,万通发展,区域地产,20250718,6.76,58.64811948000804,58.64811948000804,0.0,2.71,4.9268,11008.02,1.313868613138684,momentum,BULL_TREND,71.91464257895734,100.0,100.0,80.0,52.63794879915555,66.66666666666666,0.0,89.22742654399033,0.0,3,3,E_ablate_wyckoff_vr1.2,True
600895,600895.SH,张江高科,园区开发,20250718,27.21,71.8170607856239,71.8170607856239,0.0,3.75,4.4479,42144.75,0.2200220022002153,momentum,BULL_TREND,95.34452978042592,100.0,100.0,80.0,54.8269065928,100.0,0.0,75.5,0.0,1,1,E_ablate_accel_vr1.2,True
2176,002176.SZ,江特电机,小金属,20250718,7.65,69.14387381679815,69.14387381679815,0.0,2.34,6.0887,14869.17,1.0349288486416566,momentum,BULL_TREND,61.32542649043399,100.0,100.0,65.0,81.6422045736589,30.0,0.0,88.66618928501263,0.0,2,2,E_ablate_accel_vr1.2,True
600246,600246.SH,万通发展,区域地产,20250718,6.76,67.57086213440708,67.57086213440708,0.0,2.71,4.9268,11008.02,1.313868613138684,momentum,BULL_TREND,71.91464257895734,100.0,100.0,80.0,52.63794879915555,66.66666666666666,0.0,89.22742654399033,0.0,3,3,E_ablate_accel_vr1.2,True
600426,600426.SH,华鲁恒升,农药化肥,20250721,23.3,81.42370155058705,73.33659682802815,8.08710472255891,3.73,3.3266,30424.38,1.43824027072758,momentum,BULL_TREND,94.95878152402564,100.0,100.0,65.0,80.87104722558911,20.0,0.0,86.68570154306487,0.0,1,1,A_recovered_proxy_vr1.5,True
630,000630.SZ,铜陵有色,铜,20250721,3.52,77.20230908054913,69.01276124035316,8.189547840195974,2.2,3.4232,47529.45,0.0,momentum,BULL_TREND,56.87517618749676,100.0,100.0,65.0,81.89547840195974,96.66666666666669,0.0,60.19055798503362,0.0,2,2,A_recovered_proxy_vr1.5,True
2556,002556.SZ,辉隆股份,农药化肥,20250721,6.05,76.3040080465677,68.2169033240088,8.08710472255891,2.93,4.9542,6619.03,1.62601626016261,momentum,BULL_TREND,77.54503323237616,100.0,66.1903,80.0,80.87104722558911,86.66666666666667,0.0,88.3954556070122,0.0,3,3,A_recovered_proxy_vr1.5,True
2051,002051.SZ,中工国际,建筑工程,20250721,8.8,74.02913623191978,74.02913623191978,0.0,4.54,4.298,7944.09,1.345291479820619,momentum,BULL_TREND,100.0,100.0,79.4409,65.0,77.78811449293221,86.66666666666667,0.0,100.0,0.0,1,1,B_pure_quant_vr1.5,True
600426,600426.SH,华鲁恒升,农药化肥,20250721,23.3,73.33659682802815,73.33659682802815,0.0,3.73,3.3266,30424.38,1.43824027072758,momentum,BULL_TREND,94.95878152402564,100.0,100.0,65.0,80.87104722558911,20.0,0.0,86.68570154306487,0.0,2,2,B_pure_quant_vr1.5,True
2312,002312.SZ,川发龙蟒,化工原料,20250721,11.48,72.25380616883169,72.25380616883169,0.0,3.13,4.4437,21879.25,4.173622704507513,momentum,BULL_TREND,82.30813285789468,92.95826377295492,100.0,65.0,70.84896203108482,66.66666666666666,0.0,98.586341233017,0.0,3,3,B_pure_quant_vr1.5,True
600426,600426.SH,华鲁恒升,农药化肥,20250721,23.3,80.8790094603225,72.97346876785177,7.905540692470716,3.73,3.3266,30424.38,1.43824027072758,momentum,BULL_TREND,94.95878152402564,100.0,100.0,65.0,79.05540692470716,20.0,0.0,86.68570154306487,0.0,1,1,A_recovered_proxy_vr1.2,True
630,000630.SZ,铜陵有色,铜,20250721,3.52,76.16710400811785,68.32262452539896,7.844479482718876,2.2,3.4232,47529.45,0.0,momentum,BULL_TREND,56.87517618749676,100.0,100.0,65.0,78.44479482718876,96.66666666666669,0.0,60.19055798503362,0.0,2,2,A_recovered_proxy_vr1.2,True
2556,002556.SZ,辉隆股份,农药化肥,20250721,6.05,75.75931595630311,67.8537752638324,7.905540692470716,2.93,4.9542,6619.03,1.62601626016261,momentum,BULL_TREND,77.54503323237616,100.0,66.1903,80.0,79.05540692470716,86.66666666666667,0.0,88.3954556070122,0.0,3,3,A_recovered_proxy_vr1.2,True
2051,002051.SZ,中工国际,建筑工程,20250721,8.8,73.65997640915096,73.65997640915096,0.0,4.54,4.298,7944.09,1.345291479820619,momentum,BULL_TREND,100.0,100.0,79.4409,65.0,75.9423153790881,86.66666666666667,0.0,100.0,0.0,1,1,D_pure_quant_vr1.2,True
600426,600426.SH,华鲁恒升,农药化肥,20250721,23.3,72.97346876785177,72.97346876785177,0.0,3.73,3.3266,30424.38,1.43824027072758,momentum,BULL_TREND,94.95878152402564,100.0,100.0,65.0,79.05540692470716,20.0,0.0,86.68570154306487,0.0,2,2,D_pure_quant_vr1.2,True
2312,002312.SZ,川发龙蟒,化工原料,20250721,11.48,71.6887375914309,71.6887375914309,0.0,3.13,4.4437,21879.25,4.173622704507513,momentum,BULL_TREND,82.30813285789468,92.95826377295492,100.0,65.0,68.02361914408084,66.66666666666666,0.0,98.586341233017,0.0,3,3,D_pure_quant_vr1.2,True
816,000816.SZ,智慧农业,农用机械,20250721,3.27,59.74674960779341,59.74674960779341,0.0,3.83,7.4306,11915.92,2.3880597014925398,momentum,BULL_TREND,96.86721960751164,100.0,100.0,100.0,43.82128302649679,53.333333333333336,0.0,75.5,0.0,1,1,E_ablate_sector_vr1.2,True
2051,002051.SZ,中工国际,建筑工程,20250721,8.8,58.47151333333333,58.47151333333333,0.0,4.54,4.298,7944.09,1.345291479820619,momentum,BULL_TREND,100.0,100.0,79.4409,65.0,75.9423153790881,86.66666666666667,0.0,100.0,0.0,2,2,E_ablate_sector_vr1.2,True
2312,002312.SZ,川发龙蟒,化工原料,20250721,11.48,58.08401376261472,58.08401376261472,0.0,3.13,4.4437,21879.25,4.173622704507513,momentum,BULL_TREND,82.30813285789468,92.95826377295492,100.0,65.0,68.02361914408084,66.66666666666666,0.0,98.586341233017,0.0,3,3,E_ablate_sector_vr1.2,True
2051,002051.SZ,中工国际,建筑工程,20250721,8.8,57.77179640915095,57.77179640915095,0.0,4.54,4.298,7944.09,1.345291479820619,momentum,BULL_TREND,100.0,100.0,79.4409,65.0,75.9423153790881,86.66666666666667,0.0,100.0,0.0,1,1,E_ablate_inflow_vr1.2,True
2556,002556.SZ,辉隆股份,农药化肥,20250721,6.05,54.615715263832406,54.615715263832406,0.0,2.93,4.9542,6619.03,1.62601626016261,momentum,BULL_TREND,77.54503323237616,100.0,66.1903,80.0,79.05540692470716,86.66666666666667,0.0,88.3954556070122,0.0,2,2,E_ablate_inflow_vr1.2,True
603026,603026.SH,石大胜华,化工原料,20250721,38.5,53.88774867733159,53.88774867733159,0.0,3.62,4.1262,5703.1,1.785714285714293,momentum,BULL_TREND,92.79948486542403,100.0,57.031000000000006,65.0,59.7296793617226,100.0,0.0,97.7189007517346,0.0,3,3,E_ablate_inflow_vr1.2,True
600426,600426.SH,华鲁恒升,农药化肥,20250721,23.3,64.30489861354528,64.30489861354528,0.0,3.73,3.3266,30424.38,1.43824027072758,momentum,BULL_TREND,94.95878152402564,100.0,100.0,65.0,79.05540692470716,20.0,0.0,86.68570154306487,0.0,1,1,E_ablate_wyckoff_vr1.2,True
2051,002051.SZ,中工国际,建筑工程,20250721,8.8,63.65997640915096,63.65997640915096,0.0,4.54,4.298,7944.09,1.345291479820619,momentum,BULL_TREND,100.0,100.0,79.4409,65.0,75.9423153790881,86.66666666666667,0.0,100.0,0.0,2,2,E_ablate_wyckoff_vr1.2,True
630,000630.SZ,铜陵有色,铜,20250721,3.52,62.3035687268956,62.3035687268956,0.0,2.2,3.4232,47529.45,0.0,momentum,BULL_TREND,56.87517618749676,100.0,100.0,65.0,78.44479482718876,96.66666666666669,0.0,60.19055798503362,0.0,3,3,E_ablate_wyckoff_vr1.2,True
2051,002051.SZ,中工国际,建筑工程,20250721,8.8,73.65997640915096,73.65997640915096,0.0,4.54,4.298,7944.09,1.345291479820619,momentum,BULL_TREND,100.0,100.0,79.4409,65.0,75.9423153790881,86.66666666666667,0.0,100.0,0.0,1,1,E_ablate_accel_vr1.2,True
600426,600426.SH,华鲁恒升,农药化肥,20250721,23.3,72.97346876785177,72.97346876785177,0.0,3.73,3.3266,30424.38,1.43824027072758,momentum,BULL_TREND,94.95878152402564,100.0,100.0,65.0,79.05540692470716,20.0,0.0,86.68570154306487,0.0,2,2,E_ablate_accel_vr1.2,True
2312,002312.SZ,川发龙蟒,化工原料,20250721,11.48,71.6887375914309,71.6887375914309,0.0,3.13,4.4437,21879.25,4.173622704507513,momentum,BULL_TREND,82.30813285789468,92.95826377295492,100.0,65.0,68.02361914408084,66.66666666666666,0.0,98.586341233017,0.0,3,3,E_ablate_accel_vr1.2,True
2051,002051.SZ,中工国际,建筑工程,20250722,9.1,76.18650264960414,68.13385248763468,8.052650161969453,3.59,5.6505,5807.67,0.1097694840834224,momentum,BULL_TREND,92.19919220241631,100.0,58.0767,65.0,80.52650161969453,66.66666666666666,0.0,100.0,0.0,1,1,A_recovered_proxy_vr1.5,True
600170,600170.SH,上海建工,建筑工程,20250722,2.55,74.22020444468073,66.16755428271128,8.052650161969453,2.3,3.2625,14003.26,0.0,momentum,BULL_TREND,60.08169305848252,100.0,100.0,40.0,80.52650161969453,30.0,0.0,75.5,0.0,2,2,A_recovered_proxy_vr1.5,True
600502,600502.SH,安徽建工,建筑工程,20250722,5.18,72.76486261227289,64.71221245030344,8.052650161969453,3.0,3.87,7194.02,0.1926782273603212,momentum,BULL_TREND,79.2481250360578,100.0,71.9402,40.0,80.52650161969453,33.33333333333333,0.0,86.64986704289188,0.0,3,3,A_recovered_proxy_vr1.5,True
2603,002603.SZ,以岭药业,中成药,20250722,15.89,68.26821181808302,68.26821181808302,0.0,4.15,5.335,18053.08,4.277108433734945,momentum,BULL_TREND,100.0,92.33734939759032,100.0,100.0,49.94850952614856,33.33333333333333,0.0,73.78108306427603,0.0,1,1,B_pure_quant_vr1.5,True
600172,600172.SH,黄河旋风,矿物制品,20250722,4.54,68.24760721986485,68.24760721986485,0.0,4.25,11.0361,12748.03,2.155172413793096,momentum,BULL_TREND,100.0,100.0,100.0,60.0,42.40144085583401,53.333333333333336,0.0,91.00652382031372,0.0,2,2,B_pure_quant_vr1.5,True
2051,002051.SZ,中工国际,建筑工程,20250722,9.1,68.13385248763468,68.13385248763468,0.0,3.59,5.6505,5807.67,0.1097694840834224,momentum,BULL_TREND,92.19919220241631,100.0,58.0767,65.0,80.52650161969453,66.66666666666666,0.0,100.0,0.0,3,3,B_pure_quant_vr1.5,True
600577,600577.SH,精达股份,电气设备,20250722,7.77,71.83493239083448,64.651893305445,7.183039085389481,2.13,6.2019,15247.95,1.6455696202531744,momentum,BULL_TREND,54.54267152255567,100.0,100.0,65.0,71.83039085389481,43.333333333333336,0.0,66.87747739616024,0.0,1,1,A_recovered_proxy_vr1.2,True
600549,600549.SH,厦门钨业,小金属,20250722,23.38,71.82278117976338,63.85491260016755,7.967868579595825,1.95,5.3442,19493.66,1.4749262536873216,momentum,BULL_TREND,48.1737061987443,100.0,100.0,65.0,79.67868579595824,20.0,0.0,64.43119511164254,0.0,2,2,A_recovered_proxy_vr1.2,True
2182,002182.SZ,宝武镁业,小金属,20250722,12.5,71.49058048721122,63.5227119076154,7.967868579595825,2.26,3.4256,7627.98,1.3417521704814517,momentum,BULL_TREND,58.81613863202314,100.0,76.2798,40.0,79.67868579595824,53.333333333333336,0.0,88.4192728695361,0.0,3,3,A_recovered_proxy_vr1.2,True
600172,600172.SH,黄河旋风,矿物制品,20250722,4.54,67.0548014436218,67.0548014436218,0.0,4.25,11.0361,12748.03,2.155172413793096,momentum,BULL_TREND,100.0,100.0,100.0,60.0,36.43741197461879,53.333333333333336,0.0,91.00652382031372,0.0,1,1,D_pure_quant_vr1.2,True
600577,600577.SH,精达股份,电气设备,20250722,7.77,64.651893305445,64.651893305445,0.0,2.13,6.2019,15247.95,1.6455696202531744,momentum,BULL_TREND,54.54267152255567,100.0,100.0,65.0,71.83039085389481,43.333333333333336,0.0,66.87747739616024,0.0,2,2,D_pure_quant_vr1.2,True
2548,002548.SZ,金新农,饲料,20250722,4.22,64.52238788344211,64.52238788344211,0.0,4.24,10.665,8370.49,1.8604651162790715,momentum,BULL_TREND,100.0,100.0,83.7049,80.0,44.156295526412734,33.33333333333333,0.0,82.83482111492899,0.0,3,3,D_pure_quant_vr1.2,True
600172,600172.SH,黄河旋风,矿物制品,20250722,4.54,59.76731904869804,59.76731904869804,0.0,4.25,11.0361,12748.03,2.155172413793096,momentum,BULL_TREND,100.0,100.0,100.0,60.0,36.43741197461879,53.333333333333336,0.0,91.00652382031372,0.0,1,1,E_ablate_sector_vr1.2,True
2603,002603.SZ,以岭药业,中成药,20250722,15.89,58.2785099128533,58.2785099128533,0.0,4.15,5.335,18053.08,4.277108433734945,momentum,BULL_TREND,100.0,92.33734939759032,100.0,100.0,31.037831749933613,33.33333333333333,0.0,73.78108306427603,0.0,2,2,E_ablate_sector_vr1.2,True
833,000833.SZ,粤桂股份,综合类,20250722,12.97,56.78565397719658,56.78565397719658,0.0,2.66,11.5054,12440.46,1.5933232169954408,momentum,BULL_TREND,70.57131228632325,100.0,100.0,60.0,32.25656642485257,66.66666666666666,0.0,98.66623800914763,0.0,3,3,E_ablate_sector_vr1.2,True
2051,002051.SZ,中工国际,建筑工程,20250722,9.1,51.116214757268885,51.116214757268885,0.0,3.59,5.6505,5807.67,0.1097694840834224,momentum,BULL_TREND,92.19919220241631,100.0,58.0767,65.0,53.5150129678655,66.66666666666666,0.0,100.0,0.0,1,1,E_ablate_inflow_vr1.2,True
2358,002358.SZ,森源电气,电气设备,20250722,5.58,50.08981583242527,50.08981583242527,0.0,3.49,6.4965,4598.85,0.7117437722419936,momentum,BULL_TREND,90.16135182174638,100.0,45.9885,65.0,70.49473196248323,33.33333333333333,0.0,75.5,0.0,2,2,E_ablate_inflow_vr1.2,True
762,000762.SZ,西藏矿业,小金属,20250722,23.3,49.92698398290516,49.92698398290516,0.0,2.78,11.9592,2101.62,0.977475563110924,momentum,BULL_TREND,73.75424414743912,100.0,21.0162,100.0,78.59392243952743,33.33333333333333,0.0,64.78396206217141,0.0,3,3,E_ablate_inflow_vr1.2,True
600577,600577.SH,精达股份,电气设备,20250722,7.77,57.96414556582898,57.96414556582898,0.0,2.13,6.2019,15247.95,1.6455696202531744,momentum,BULL_TREND,54.54267152255567,100.0,100.0,65.0,71.83039085389481,43.333333333333336,0.0,66.87747739616024,0.0,1,1,E_ablate_wyckoff_vr1.2,True
600172,600172.SH,黄河旋风,矿物制品,20250722,4.54,57.95414906159043,57.95414906159043,0.0,4.25,11.0361,12748.03,2.155172413793096,momentum,BULL_TREND,100.0,100.0,100.0,60.0,36.43741197461879,53.333333333333336,0.0,91.00652382031372,0.0,2,2,E_ablate_wyckoff_vr1.2,True
600549,600549.SH,厦门钨业,小金属,20250722,23.38,57.4117930890033,57.4117930890033,0.0,1.95,5.3442,19493.66,1.4749262536873216,momentum,BULL_TREND,48.1737061987443,100.0,100.0,65.0,79.67868579595824,20.0,0.0,64.43119511164254,0.0,3,3,E_ablate_wyckoff_vr1.2,True
600172,600172.SH,黄河旋风,矿物制品,20250722,4.54,67.0548014436218,67.0548014436218,0.0,4.25,11.0361,12748.03,2.155172413793096,momentum,BULL_TREND,100.0,100.0,100.0,60.0,36.43741197461879,53.333333333333336,0.0,91.00652382031372,0.0,1,1,E_ablate_accel_vr1.2,True
600577,600577.SH,精达股份,电气设备,20250722,7.77,64.651893305445,64.651893305445,0.0,2.13,6.2019,15247.95,1.6455696202531744,momentum,BULL_TREND,54.54267152255567,100.0,100.0,65.0,71.83039085389481,43.333333333333336,0.0,66.87747739616024,0.0,2,2,E_ablate_accel_vr1.2,True
2548,002548.SZ,金新农,饲料,20250722,4.22,64.52238788344211,64.52238788344211,0.0,4.24,10.665,8370.49,1.8604651162790715,momentum,BULL_TREND,100.0,100.0,83.7049,80.0,44.156295526412734,33.33333333333333,0.0,82.83482111492899,0.0,3,3,E_ablate_accel_vr1.2,True
2332,002332.SZ,仙琚制药,化学制药,20250723,10.71,71.75217119072173,71.75217119072173,0.0,3.45,11.9159,26040.05,0.925069380203512,momentum,BULL_TREND,89.32981809454034,100.0,100.0,80.0,74.29590092780754,33.33333333333333,0.0,78.26851624312499,0.0,1,1,A_recovered_proxy_vr1.5,True
600895,600895.SH,张江高科,园区开发,20250723,27.75,68.0022260335206,68.0022260335206,0.0,2.31,6.2383,40847.27,2.323125659978881,momentum,BULL_TREND,60.39464258206665,100.0,100.0,100.0,74.24053299017227,10.0,0.0,85.94923048176142,0.0,2,2,A_recovered_proxy_vr1.5,True
600010,600010.SH,包钢股份,普钢,20250723,2.29,66.08481013543826,58.164269658701606,7.920540476736651,1.85,8.7068,19955.86,4.979253112033199,momentum,BULL_TREND,44.376263537079375,88.12448132780081,100.0,60.0,79.2054047673665,0.0,0.0,38.54301041886315,0.0,3,3,A_recovered_proxy_vr1.5,True
2332,002332.SZ,仙琚制药,化学制药,20250723,10.71,71.75217119072173,71.75217119072173,0.0,3.45,11.9159,26040.05,0.925069380203512,momentum,BULL_TREND,89.32981809454034,100.0,100.0,80.0,74.29590092780754,33.33333333333333,0.0,78.26851624312499,0.0,1,1,B_pure_quant_vr1.5,True
600895,600895.SH,张江高科,园区开发,20250723,27.75,68.0022260335206,68.0022260335206,0.0,2.31,6.2383,40847.27,2.323125659978881,momentum,BULL_TREND,60.39464258206665,100.0,100.0,100.0,74.24053299017227,10.0,0.0,85.94923048176142,0.0,2,2,B_pure_quant_vr1.5,True
2643,002643.SZ,万润股份,化工原料,20250723,12.93,64.01419736131939,64.01419736131939,0.0,1.82,5.4869,15056.01,0.4618937644341839,momentum,BULL_TREND,43.19692252119858,100.0,100.0,100.0,73.77631439805238,33.33333333333333,0.0,61.127294368624526,0.0,3,3,B_pure_quant_vr1.5,True
2332,002332.SZ,仙琚制药,化学制药,20250723,10.71,71.4511341767433,71.4511341767433,0.0,3.45,11.9159,26040.05,0.925069380203512,momentum,BULL_TREND,89.32981809454034,100.0,100.0,80.0,72.79071585791539,33.33333333333333,0.0,78.26851624312499,0.0,1,1,A_recovered_proxy_vr1.2,True
600895,600895.SH,张江高科,园区开发,20250723,27.75,68.0022260335206,68.0022260335206,0.0,2.31,6.2383,40847.27,2.323125659978881,momentum,BULL_TREND,60.39464258206665,100.0,100.0,100.0,74.24053299017227,10.0,0.0,85.94923048176142,0.0,2,2,A_recovered_proxy_vr1.2,True
600010,600010.SH,包钢股份,普钢,20250723,2.29,66.08481013543826,58.164269658701606,7.920540476736651,1.85,8.7068,19955.86,4.979253112033199,momentum,BULL_TREND,44.376263537079375,88.12448132780081,100.0,60.0,79.2054047673665,0.0,0.0,38.54301041886315,0.0,3,3,A_recovered_proxy_vr1.2,True
2332,002332.SZ,仙琚制药,化学制药,20250723,10.71,71.4511341767433,71.4511341767433,0.0,3.45,11.9159,26040.05,0.925069380203512,momentum,BULL_TREND,89.32981809454034,100.0,100.0,80.0,72.79071585791539,33.33333333333333,0.0,78.26851624312499,0.0,1,1,D_pure_quant_vr1.2,True
600895,600895.SH,张江高科,园区开发,20250723,27.75,68.0022260335206,68.0022260335206,0.0,2.31,6.2383,40847.27,2.323125659978881,momentum,BULL_TREND,60.39464258206665,100.0,100.0,100.0,74.24053299017227,10.0,0.0,85.94923048176142,0.0,2,2,D_pure_quant_vr1.2,True
2402,002402.SZ,和而泰,元器件,20250723,23.5,65.99412018863639,65.99412018863639,0.0,2.23,11.8191,17173.96,4.081632653061225,momentum,BULL_TREND,57.852185507279,93.51020408163264,100.0,100.0,62.93531955030775,43.333333333333336,0.0,82.11541377653057,0.0,3,3,D_pure_quant_vr1.2,True
2332,002332.SZ,仙琚制药,化学制药,20250723,10.71,56.89299100516022,56.89299100516022,0.0,3.45,11.9159,26040.05,0.925069380203512,momentum,BULL_TREND,89.32981809454034,100.0,100.0,80.0,72.79071585791539,33.33333333333333,0.0,78.26851624312499,0.0,1,1,E_ablate_sector_vr1.2,True
2402,002402.SZ,和而泰,元器件,20250723,23.5,53.40705627857484,53.40705627857484,0.0,2.23,11.8191,17173.96,4.081632653061225,momentum,BULL_TREND,57.852185507279,93.51020408163264,100.0,100.0,62.93531955030775,43.333333333333336,0.0,82.11541377653057,0.0,2,2,E_ablate_sector_vr1.2,True
2185,002185.SZ,华天科技,半导体,20250723,10.28,53.21879635853231,53.21879635853231,0.0,2.42,3.9538,17496.65,7.470747074707472,momentum,BULL_TREND,63.75035237499349,73.17551755175518,100.0,80.0,50.629879539894205,76.66666666666667,0.0,85.05358413774431,0.0,3,3,E_ablate_sector_vr1.2,True
2332,002332.SZ,仙琚制药,化学制药,20250723,10.71,50.63533076225391,50.63533076225391,0.0,3.45,11.9159,26040.05,0.925069380203512,momentum,BULL_TREND,89.32981809454034,100.0,100.0,80.0,68.71169878546843,33.33333333333333,0.0,78.26851624312499,0.0,1,1,E_ablate_inflow_vr1.2,True
603633,603633.SH,徕木股份,汽车配件,20250723,8.89,47.39322765121652,47.39322765121652,0.0,3.79,6.1649,1965.86,3.159041394335503,momentum,BULL_TREND,96.10989241981837,99.04575163398698,19.6586,65.0,43.14754096413713,33.33333333333333,0.0,95.25993765350977,0.0,2,2,E_ablate_inflow_vr1.2,True
600895,600895.SH,张江高科,园区开发,20250723,27.75,47.32327791181817,47.32327791181817,0.0,2.31,6.2383,40847.27,2.323125659978881,momentum,BULL_TREND,60.39464258206665,100.0,100.0,100.0,70.84579238166012,10.0,0.0,85.94923048176142,0.0,3,3,E_ablate_inflow_vr1.2,True
2332,002332.SZ,仙琚制药,化学制药,20250723,10.71,63.6242825524308,63.6242825524308,0.0,3.45,11.9159,26040.05,0.925069380203512,momentum,BULL_TREND,89.32981809454034,100.0,100.0,80.0,72.79071585791539,33.33333333333333,0.0,78.26851624312499,0.0,1,1,E_ablate_wyckoff_vr1.2,True
600895,600895.SH,张江高科,园区开发,20250723,27.75,59.40730298534445,59.40730298534445,0.0,2.31,6.2383,40847.27,2.323125659978881,momentum,BULL_TREND,60.39464258206665,100.0,100.0,100.0,74.24053299017227,10.0,0.0,85.94923048176142,0.0,2,2,E_ablate_wyckoff_vr1.2,True
2643,002643.SZ,万润股份,化工原料,20250723,12.93,57.90146792445693,57.90146792445693,0.0,1.82,5.4869,15056.01,0.4618937644341839,momentum,BULL_TREND,43.19692252119858,100.0,100.0,100.0,73.77631439805238,33.33333333333333,0.0,61.127294368624526,0.0,3,3,E_ablate_wyckoff_vr1.2,True
2332,002332.SZ,仙琚制药,化学制药,20250723,10.71,71.4511341767433,71.4511341767433,0.0,3.45,11.9159,26040.05,0.925069380203512,momentum,BULL_TREND,89.32981809454034,100.0,100.0,80.0,72.79071585791539,33.33333333333333,0.0,78.26851624312499,0.0,1,1,E_ablate_accel_vr1.2,True
600895,600895.SH,张江高科,园区开发,20250723,27.75,68.0022260335206,68.0022260335206,0.0,2.31,6.2383,40847.27,2.323125659978881,momentum,BULL_TREND,60.39464258206665,100.0,100.0,100.0,74.24053299017227,10.0,0.0,85.94923048176142,0.0,2,2,E_ablate_accel_vr1.2,True
2402,002402.SZ,和而泰,元器件,20250723,23.5,65.99412018863639,65.99412018863639,0.0,2.23,11.8191,17173.96,4.081632653061225,momentum,BULL_TREND,57.852185507279,93.51020408163264,100.0,100.0,62.93531955030775,43.333333333333336,0.0,82.11541377653057,0.0,3,3,E_ablate_accel_vr1.2,True
601099,601099.SH,太平洋,证券,20250724,4.18,79.24474944574183,71.66604104292881,7.578708402813021,2.45,6.9662,48250.35,0.2386634844868896,momentum,BULL_TREND,64.6390874613923,100.0,100.0,80.0,75.78708402813021,100.0,0.0,78.12761118093924,0.0,1,1,A_recovered_proxy_vr1.5,True
601377,601377.SH,兴业证券,证券,20250724,6.81,78.9432171849436,71.36450878213059,7.578708402813021,3.21,3.1477,34225.81,1.1611030478955018,momentum,BULL_TREND,84.12866486737892,100.0,100.0,40.0,75.78708402813021,66.66666666666666,0.0,82.54458913064373,0.0,2,2,A_recovered_proxy_vr1.5,True
601868,601868.SH,中国能建,建筑工程,20250724,3.01,77.73790624943389,70.25665611720457,7.48125013222932,5.44,10.9893,176298.94,2.588996763754048,momentum,BULL_TREND,100.0,100.0,100.0,60.0,74.8125013222932,33.33333333333333,0.0,56.274891860792685,0.0,3,3,A_recovered_proxy_vr1.5,True
601099,601099.SH,太平洋,证券,20250724,4.18,71.66604104292881,71.66604104292881,0.0,2.45,6.9662,48250.35,0.2386634844868896,momentum,BULL_TREND,64.6390874613923,100.0,100.0,80.0,75.78708402813021,100.0,0.0,78.12761118093924,0.0,1,1,B_pure_quant_vr1.5,True
601377,601377.SH,兴业证券,证券,20250724,6.81,71.36450878213059,71.36450878213059,0.0,3.21,3.1477,34225.81,1.1611030478955018,momentum,BULL_TREND,84.12866486737892,100.0,100.0,40.0,75.78708402813021,66.66666666666666,0.0,82.54458913064373,0.0,2,2,B_pure_quant_vr1.5,True
601868,601868.SH,中国能建,建筑工程,20250724,3.01,70.25665611720457,70.25665611720457,0.0,5.44,10.9893,176298.94,2.588996763754048,momentum,BULL_TREND,100.0,100.0,100.0,60.0,74.8125013222932,33.33333333333333,0.0,56.274891860792685,0.0,3,3,B_pure_quant_vr1.5,True
601099,601099.SH,太平洋,证券,20250724,4.18,78.96224654572008,71.47770577624765,7.484540769472438,2.45,6.9662,48250.35,0.2386634844868896,momentum,BULL_TREND,64.6390874613923,100.0,100.0,80.0,74.84540769472437,100.0,0.0,78.12761118093924,0.0,1,1,A_recovered_proxy_vr1.2,True
601377,601377.SH,兴业证券,证券,20250724,6.81,78.66071428492185,71.17617351544942,7.484540769472438,3.21,3.1477,34225.81,1.1611030478955018,momentum,BULL_TREND,84.12866486737892,100.0,100.0,40.0,74.84540769472437,66.66666666666666,0.0,82.54458913064373,0.0,2,2,A_recovered_proxy_vr1.2,True
601136,601136.SH,首创证券,证券,20250724,20.6,76.60279214691461,69.11825137744218,7.484540769472438,2.32,9.5093,10468.02,0.7707129094412337,momentum,BULL_TREND,60.706240267642364,100.0,100.0,100.0,74.84540769472437,53.333333333333336,0.0,73.76567131684283,0.0,3,3,A_recovered_proxy_vr1.2,True
601099,601099.SH,太平洋,证券,20250724,4.18,71.47770577624765,71.47770577624765,0.0,2.45,6.9662,48250.35,0.2386634844868896,momentum,BULL_TREND,64.6390874613923,100.0,100.0,80.0,74.84540769472437,100.0,0.0,78.12761118093924,0.0,1,1,D_pure_quant_vr1.2,True
601377,601377.SH,兴业证券,证券,20250724,6.81,71.17617351544942,71.17617351544942,0.0,3.21,3.1477,34225.81,1.1611030478955018,momentum,BULL_TREND,84.12866486737892,100.0,100.0,40.0,74.84540769472437,66.66666666666666,0.0,82.54458913064373,0.0,2,2,D_pure_quant_vr1.2,True
601868,601868.SH,中国能建,建筑工程,20250724,3.01,69.49521771882594,69.49521771882594,0.0,5.44,10.9893,176298.94,2.588996763754048,momentum,BULL_TREND,100.0,100.0,100.0,60.0,71.00530933040004,33.33333333333333,0.0,56.274891860792685,0.0,3,3,D_pure_quant_vr1.2,True
547,000547.SZ,航天发展,通信设备,20250724,8.17,57.69943101178976,57.69943101178976,0.0,3.09,5.1038,12591.68,3.655660377358496,momentum,BULL_TREND,81.38034190648249,96.06603773584902,100.0,65.0,40.9559199548532,53.333333333333336,0.0,99.69109285565813,0.0,1,1,E_ablate_sector_vr1.2,True
601099,601099.SH,太平洋,证券,20250724,4.18,56.50862423730277,56.50862423730277,0.0,2.45,6.9662,48250.35,0.2386634844868896,momentum,BULL_TREND,64.6390874613923,100.0,100.0,80.0,74.84540769472437,100.0,0.0,78.12761118093924,0.0,2,2,E_ablate_sector_vr1.2,True
601929,601929.SH,吉视传媒,影视音像,20250724,1.91,56.46858808037377,56.46858808037377,0.0,2.86,6.0285,18854.4,0.0,momentum,BULL_TREND,75.80075735018323,100.0,100.0,100.0,48.732731892464905,66.66666666666666,0.0,67.65141144512954,0.0,3,3,E_ablate_sector_vr1.2,True
601099,601099.SH,太平洋,证券,20250724,4.18,51.39248095551387,51.39248095551387,0.0,2.45,6.9662,48250.35,0.2386634844868896,momentum,BULL_TREND,64.6390874613923,100.0,100.0,80.0,74.4192835910555,100.0,0.0,78.12761118093924,0.0,1,1,E_ablate_inflow_vr1.2,True
601377,601377.SH,兴业证券,证券,20250724,6.81,51.09094869471564,51.09094869471564,0.0,3.21,3.1477,34225.81,1.1611030478955018,momentum,BULL_TREND,84.12866486737892,100.0,100.0,40.0,74.4192835910555,66.66666666666666,0.0,82.54458913064373,0.0,2,2,E_ablate_inflow_vr1.2,True
2350,002350.SZ,北京科锐,电气设备,20250724,7.47,49.515738324071386,49.515738324071386,0.0,5.27,11.7259,-8001.98,4.475703324808191,momentum,BULL_TREND,100.0,91.14578005115084,0.0,100.0,51.81884557928784,33.33333333333333,0.0,83.70724536432067,0.0,3,3,E_ablate_inflow_vr1.2,True
601868,601868.SH,中国能建,建筑工程,20250724,3.01,63.86772853274668,63.86772853274668,0.0,5.44,10.9893,176298.94,2.588996763754048,momentum,BULL_TREND,100.0,100.0,100.0,60.0,71.00530933040004,33.33333333333333,0.0,56.274891860792685,0.0,1,1,E_ablate_wyckoff_vr1.2,True
601099,601099.SH,太平洋,证券,20250724,4.18,63.66494465815372,63.66494465815372,0.0,2.45,6.9662,48250.35,0.2386634844868896,momentum,BULL_TREND,64.6390874613923,100.0,100.0,80.0,74.84540769472437,100.0,0.0,78.12761118093924,0.0,2,2,E_ablate_wyckoff_vr1.2,True
601377,601377.SH,兴业证券,证券,20250724,6.81,62.921714602385045,62.921714602385045,0.0,3.21,3.1477,34225.81,1.1611030478955018,momentum,BULL_TREND,84.12866486737892,100.0,100.0,40.0,74.84540769472437,66.66666666666666,0.0,82.54458913064373,0.0,3,3,E_ablate_wyckoff_vr1.2,True
601099,601099.SH,太平洋,证券,20250724,4.18,71.47770577624765,71.47770577624765,0.0,2.45,6.9662,48250.35,0.2386634844868896,momentum,BULL_TREND,64.6390874613923,100.0,100.0,80.0,74.84540769472437,100.0,0.0,78.12761118093924,0.0,1,1,E_ablate_accel_vr1.2,True
601377,601377.SH,兴业证券,证券,20250724,6.81,71.17617351544942,71.17617351544942,0.0,3.21,3.1477,34225.81,1.1611030478955018,momentum,BULL_TREND,84.12866486737892,100.0,100.0,40.0,74.84540769472437,66.66666666666666,0.0,82.54458913064373,0.0,2,2,E_ablate_accel_vr1.2,True
601868,601868.SH,中国能建,建筑工程,20250724,3.01,69.49521771882594,69.49521771882594,0.0,5.44,10.9893,176298.94,2.588996763754048,momentum,BULL_TREND,100.0,100.0,100.0,60.0,71.00530933040004,33.33333333333333,0.0,56.274891860792685,0.0,3,3,E_ablate_accel_vr1.2,True
2195,002195.SZ,岩山科技,软件服务,20250725,5.88,79.13227193138559,71.63060947347313,7.501662457912459,3.3,11.2372,91659.85,2.1630615640598987,momentum,BULL_TREND,86.12330122355455,100.0,100.0,80.0,75.01662457912458,20.0,0.0,87.08789374115022,0.0,1,1,A_recovered_proxy_vr1.5,True
2230,002230.SZ,科大讯飞,软件服务,20250725,50.19,75.76462692394952,68.26296446603706,7.501662457912459,3.39,4.2315,62581.07,0.8494666139865661,momentum,BULL_TREND,88.06426366808097,100.0,100.0,40.0,75.01662457912458,10.0,0.0,75.5,0.0,2,2,A_recovered_proxy_vr1.5,True
2026,002026.SZ,山东威达,机械基件,20250725,12.88,62.85855601198902,62.85855601198902,0.0,2.99,9.1094,11069.87,1.3782542113323102,momentum,BULL_TREND,79.00727422116903,100.0,100.0,60.0,37.483976974043,30.0,0.0,90.1066948400507,0.0,3,3,A_recovered_proxy_vr1.5,True
2195,002195.SZ,岩山科技,软件服务,20250725,5.88,71.63060947347313,71.63060947347313,0.0,3.3,11.2372,91659.85,2.1630615640598987,momentum,BULL_TREND,86.12330122355455,100.0,100.0,80.0,75.01662457912458,20.0,0.0,87.08789374115022,0.0,1,1,B_pure_quant_vr1.5,True
2230,002230.SZ,科大讯飞,软件服务,20250725,50.19,68.26296446603706,68.26296446603706,0.0,3.39,4.2315,62581.07,0.8494666139865661,momentum,BULL_TREND,88.06426366808097,100.0,100.0,40.0,75.01662457912458,10.0,0.0,75.5,0.0,2,2,B_pure_quant_vr1.5,True
2026,002026.SZ,山东威达,机械基件,20250725,12.88,62.85855601198902,62.85855601198902,0.0,2.99,9.1094,11069.87,1.3782542113323102,momentum,BULL_TREND,79.00727422116903,100.0,100.0,60.0,37.483976974043,30.0,0.0,90.1066948400507,0.0,3,3,B_pure_quant_vr1.5,True
2195,002195.SZ,岩山科技,软件服务,20250725,5.88,78.47321890108256,71.19124078660444,7.281978114478115,3.3,11.2372,91659.85,2.1630615640598987,momentum,BULL_TREND,86.12330122355455,100.0,100.0,80.0,72.81978114478115,20.0,0.0,87.08789374115022,0.0,1,1,A_recovered_proxy_vr1.2,True
2230,002230.SZ,科大讯飞,软件服务,20250725,50.19,75.1055738936465,67.82359577916837,7.281978114478115,3.39,4.2315,62581.07,0.8494666139865661,momentum,BULL_TREND,88.06426366808097,100.0,100.0,40.0,72.81978114478115,10.0,0.0,75.5,0.0,2,2,A_recovered_proxy_vr1.2,True
2026,002026.SZ,山东威达,机械基件,20250725,12.88,64.31718760159757,64.31718760159757,0.0,2.99,9.1094,11069.87,1.3782542113323102,momentum,BULL_TREND,79.00727422116903,100.0,100.0,80.0,39.777134922085736,30.0,0.0,90.1066948400507,0.0,3,3,A_recovered_proxy_vr1.2,True
2195,002195.SZ,岩山科技,软件服务,20250725,5.88,71.19124078660444,71.19124078660444,0.0,3.3,11.2372,91659.85,2.1630615640598987,momentum,BULL_TREND,86.12330122355455,100.0,100.0,80.0,72.81978114478115,20.0,0.0,87.08789374115022,0.0,1,1,D_pure_quant_vr1.2,True
2230,002230.SZ,科大讯飞,软件服务,20250725,50.19,67.82359577916837,67.82359577916837,0.0,3.39,4.2315,62581.07,0.8494666139865661,momentum,BULL_TREND,88.06426366808097,100.0,100.0,40.0,72.81978114478115,10.0,0.0,75.5,0.0,2,2,D_pure_quant_vr1.2,True
2026,002026.SZ,山东威达,机械基件,20250725,12.88,64.31718760159757,64.31718760159757,0.0,2.99,9.1094,11069.87,1.3782542113323102,momentum,BULL_TREND,79.00727422116903,100.0,100.0,80.0,39.777134922085736,30.0,0.0,90.1066948400507,0.0,3,3,D_pure_quant_vr1.2,True
2195,002195.SZ,岩山科技,软件服务,20250725,5.88,56.6272845576482,56.6272845576482,0.0,3.3,11.2372,91659.85,2.1630615640598987,momentum,BULL_TREND,86.12330122355455,100.0,100.0,80.0,72.81978114478115,20.0,0.0,87.08789374115022,0.0,1,1,E_ablate_sector_vr1.2,True
2026,002026.SZ,山东威达,机械基件,20250725,12.88,56.36176061718042,56.36176061718042,0.0,2.99,9.1094,11069.87,1.3782542113323102,momentum,BULL_TREND,79.00727422116903,100.0,100.0,80.0,39.777134922085736,30.0,0.0,90.1066948400507,0.0,2,2,E_ablate_sector_vr1.2,True
2222,002222.SZ,福晶科技,元器件,20250725,38.81,53.59592897856398,53.59592897856398,0.0,2.55,8.513,22157.48,0.7416879795396397,momentum,BULL_TREND,67.52486235420666,100.0,100.0,80.0,41.82251262160495,33.33333333333333,0.0,78.00532958766318,0.0,3,3,E_ablate_sector_vr1.2,True
2195,002195.SZ,岩山科技,软件服务,20250725,5.88,51.19124078660443,51.19124078660443,0.0,3.3,11.2372,91659.85,2.1630615640598987,momentum,BULL_TREND,86.12330122355455,100.0,100.0,80.0,72.81978114478115,20.0,0.0,87.08789374115022,0.0,1,1,E_ablate_inflow_vr1.2,True
603660,603660.SH,苏州科达,IT设备,20250725,7.39,48.54210138636709,48.54210138636709,0.0,3.76,7.6698,5393.95,0.4043126684636152,momentum,BULL_TREND,95.53663309514565,100.0,53.9395,100.0,42.47469877714288,63.33333333333333,0.0,75.5,0.0,2,2,E_ablate_inflow_vr1.2,True
2230,002230.SZ,科大讯飞,软件服务,20250725,50.19,47.82359577916837,47.82359577916837,0.0,3.39,4.2315,62581.07,0.8494666139865661,momentum,BULL_TREND,88.06426366808097,100.0,100.0,40.0,72.81978114478115,10.0,0.0,75.5,0.0,3,3,E_ablate_inflow_vr1.2,True
2195,002195.SZ,岩山科技,软件服务,20250725,5.88,62.48245141248941,62.48245141248941,0.0,3.3,11.2372,91659.85,2.1630615640598987,momentum,BULL_TREND,86.12330122355455,100.0,100.0,80.0,72.81978114478115,20.0,0.0,87.08789374115022,0.0,1,1,E_ablate_wyckoff_vr1.2,True
2230,002230.SZ,科大讯飞,软件服务,20250725,50.19,60.273595779168375,60.273595779168375,0.0,3.39,4.2315,62581.07,0.8494666139865661,momentum,BULL_TREND,88.06426366808097,100.0,100.0,40.0,72.81978114478115,10.0,0.0,75.5,0.0,2,2,E_ablate_wyckoff_vr1.2,True
2026,002026.SZ,山东威达,机械基件,20250725,12.88,55.3065181175925,55.3065181175925,0.0,2.99,9.1094,11069.87,1.3782542113323102,momentum,BULL_TREND,79.00727422116903,100.0,100.0,80.0,39.777134922085736,30.0,0.0,90.1066948400507,0.0,3,3,E_ablate_wyckoff_vr1.2,True
2195,002195.SZ,岩山科技,软件服务,20250725,5.88,71.19124078660444,71.19124078660444,0.0,3.3,11.2372,91659.85,2.1630615640598987,momentum,BULL_TREND,86.12330122355455,100.0,100.0,80.0,72.81978114478115,20.0,0.0,87.08789374115022,0.0,1,1,E_ablate_accel_vr1.2,True
2230,002230.SZ,科大讯飞,软件服务,20250725,50.19,67.82359577916837,67.82359577916837,0.0,3.39,4.2315,62581.07,0.8494666139865661,momentum,BULL_TREND,88.06426366808097,100.0,100.0,40.0,72.81978114478115,10.0,0.0,75.5,0.0,2,2,E_ablate_accel_vr1.2,True
2026,002026.SZ,山东威达,机械基件,20250725,12.88,64.31718760159757,64.31718760159757,0.0,2.99,9.1094,11069.87,1.3782542113323102,momentum,BULL_TREND,79.00727422116903,100.0,100.0,80.0,39.777134922085736,30.0,0.0,90.1066948400507,0.0,3,3,E_ablate_accel_vr1.2,True
2426,002426.SZ,胜利精密,元器件,20250728,3.2,80.52830632781162,71.90766757764291,8.620638750168714,2.44,7.0387,21221.22,4.761904761904753,momentum,BULL_TREND,64.34405738940808,89.42857142857149,100.0,65.0,86.20638750168715,86.66666666666667,0.0,84.88590992703791,0.0,1,1,A_recovered_proxy_vr1.5,True
2815,002815.SZ,崇达技术,元器件,20250728,12.37,79.1613810814098,70.54074233124109,8.620638750168714,2.63,7.0945,9618.57,0.9607686148919214,momentum,BULL_TREND,69.75313997587888,100.0,96.1857,65.0,86.20638750168715,63.33333333333333,0.0,71.82687167855164,0.0,2,2,A_recovered_proxy_vr1.5,True
603328,603328.SH,依顿电子,元器件,20250728,10.49,78.67523225681329,70.05459350664458,8.620638750168714,2.93,4.6834,10752.47,2.4186046511627888,momentum,BULL_TREND,77.54503323237616,100.0,100.0,40.0,86.20638750168715,53.333333333333336,0.0,65.14894354784056,0.0,3,3,A_recovered_proxy_vr1.5,True
2426,002426.SZ,胜利精密,元器件,20250728,3.2,71.90766757764291,71.90766757764291,0.0,2.44,7.0387,21221.22,4.761904761904753,momentum,BULL_TREND,64.34405738940808,89.42857142857149,100.0,65.0,86.20638750168715,86.66666666666667,0.0,84.88590992703791,0.0,1,1,B_pure_quant_vr1.5,True
2815,002815.SZ,崇达技术,元器件,20250728,12.37,70.54074233124109,70.54074233124109,0.0,2.63,7.0945,9618.57,0.9607686148919214,momentum,BULL_TREND,69.75313997587888,100.0,96.1857,65.0,86.20638750168715,63.33333333333333,0.0,71.82687167855164,0.0,2,2,B_pure_quant_vr1.5,True
603328,603328.SH,依顿电子,元器件,20250728,10.49,70.05459350664458,70.05459350664458,0.0,2.93,4.6834,10752.47,2.4186046511627888,momentum,BULL_TREND,77.54503323237616,100.0,100.0,40.0,86.20638750168715,53.333333333333336,0.0,65.14894354784056,0.0,3,3,B_pure_quant_vr1.5,True
2426,002426.SZ,胜利精密,元器件,20250728,3.2,79.69598246494213,71.35278500239659,8.343197462545552,2.44,7.0387,21221.22,4.761904761904753,momentum,BULL_TREND,64.34405738940808,89.42857142857149,100.0,65.0,83.43197462545552,86.66666666666667,0.0,84.88590992703791,0.0,1,1,A_recovered_proxy_vr1.2,True
2815,002815.SZ,崇达技术,元器件,20250728,12.37,78.32905721854031,69.98585975599477,8.343197462545552,2.63,7.0945,9618.57,0.9607686148919214,momentum,BULL_TREND,69.75313997587888,100.0,96.1857,65.0,83.43197462545552,63.33333333333333,0.0,71.82687167855164,0.0,2,2,A_recovered_proxy_vr1.2,True
603328,603328.SH,依顿电子,元器件,20250728,10.49,77.8429083939438,69.49971093139825,8.343197462545552,2.93,4.6834,10752.47,2.4186046511627888,momentum,BULL_TREND,77.54503323237616,100.0,100.0,40.0,83.43197462545552,53.333333333333336,0.0,65.14894354784056,0.0,3,3,A_recovered_proxy_vr1.2,True
2426,002426.SZ,胜利精密,元器件,20250728,3.2,71.35278500239659,71.35278500239659,0.0,2.44,7.0387,21221.22,4.761904761904753,momentum,BULL_TREND,64.34405738940808,89.42857142857149,100.0,65.0,83.43197462545552,86.66666666666667,0.0,84.88590992703791,0.0,1,1,D_pure_quant_vr1.2,True
2815,002815.SZ,崇达技术,元器件,20250728,12.37,69.98585975599477,69.98585975599477,0.0,2.63,7.0945,9618.57,0.9607686148919214,momentum,BULL_TREND,69.75313997587888,100.0,96.1857,65.0,83.43197462545552,63.33333333333333,0.0,71.82687167855164,0.0,2,2,D_pure_quant_vr1.2,True
603328,603328.SH,依顿电子,元器件,20250728,10.49,69.49971093139825,69.49971093139825,0.0,2.93,4.6834,10752.47,2.4186046511627888,momentum,BULL_TREND,77.54503323237616,100.0,100.0,40.0,83.43197462545552,53.333333333333336,0.0,65.14894354784056,0.0,3,3,D_pure_quant_vr1.2,True
2156,002156.SZ,通富微电,半导体,20250728,27.5,55.25190539564864,55.25190539564864,0.0,2.99,6.4516,28814.89,2.482269503546097,momentum,BULL_TREND,79.00727422116903,100.0,100.0,100.0,41.73498689650769,0.0,0.0,84.00814262473277,0.0,1,1,E_ablate_sector_vr1.2,True
2426,002426.SZ,胜利精密,元器件,20250728,3.2,54.666390077305486,54.666390077305486,0.0,2.44,7.0387,21221.22,4.761904761904753,momentum,BULL_TREND,64.34405738940808,89.42857142857149,100.0,65.0,83.43197462545552,86.66666666666667,0.0,84.88590992703791,0.0,2,2,E_ablate_sector_vr1.2,True
601929,601929.SH,吉视传媒,影视音像,20250728,2.01,53.92320152331703,53.92320152331703,0.0,3.15,11.296,20535.87,3.827751196172252,momentum,BULL_TREND,82.7675914306277,95.0334928229665,100.0,60.0,46.267174275309216,10.0,0.0,85.04713526426224,0.0,3,3,E_ablate_sector_vr1.2,True
2426,002426.SZ,胜利精密,元器件,20250728,3.2,51.378796401047175,51.378796401047175,0.0,2.44,7.0387,21221.22,4.761904761904753,momentum,BULL_TREND,64.34405738940808,89.42857142857149,100.0,65.0,83.56203161870846,86.66666666666667,0.0,84.88590992703791,0.0,1,1,E_ablate_inflow_vr1.2,True
2815,002815.SZ,崇达技术,元器件,20250728,12.37,50.77473115464536,50.77473115464536,0.0,2.63,7.0945,9618.57,0.9607686148919214,momentum,BULL_TREND,69.75313997587888,100.0,96.1857,65.0,83.56203161870846,63.33333333333333,0.0,71.82687167855164,0.0,2,2,E_ablate_inflow_vr1.2,True
603328,603328.SH,依顿电子,元器件,20250728,10.49,49.52572233004884,49.52572233004884,0.0,2.93,4.6834,10752.47,2.4186046511627888,momentum,BULL_TREND,77.54503323237616,100.0,100.0,40.0,83.56203161870846,53.333333333333336,0.0,65.14894354784056,0.0,3,3,E_ablate_inflow_vr1.2,True
603328,603328.SH,依顿电子,元器件,20250728,10.49,62.98481657661419,62.98481657661419,0.0,2.93,4.6834,10752.47,2.4186046511627888,momentum,BULL_TREND,77.54503323237616,100.0,100.0,40.0,83.43197462545552,53.333333333333336,0.0,65.14894354784056,0.0,1,1,E_ablate_wyckoff_vr1.2,True
2426,002426.SZ,胜利精密,元器件,20250728,3.2,62.8641940096928,62.8641940096928,0.0,2.44,7.0387,21221.22,4.761904761904753,momentum,BULL_TREND,64.34405738940808,89.42857142857149,100.0,65.0,83.43197462545552,86.66666666666667,0.0,84.88590992703791,0.0,2,2,E_ablate_wyckoff_vr1.2,True
2815,002815.SZ,崇达技术,元器件,20250728,12.37,62.8031725881396,62.8031725881396,0.0,2.63,7.0945,9618.57,0.9607686148919214,momentum,BULL_TREND,69.75313997587888,100.0,96.1857,65.0,83.43197462545552,63.33333333333333,0.0,71.82687167855164,0.0,3,3,E_ablate_wyckoff_vr1.2,True
2426,002426.SZ,胜利精密,元器件,20250728,3.2,71.35278500239659,71.35278500239659,0.0,2.44,7.0387,21221.22,4.761904761904753,momentum,BULL_TREND,64.34405738940808,89.42857142857149,100.0,65.0,83.43197462545552,86.66666666666667,0.0,84.88590992703791,0.0,1,1,E_ablate_accel_vr1.2,True
2815,002815.SZ,崇达技术,元器件,20250728,12.37,69.98585975599477,69.98585975599477,0.0,2.63,7.0945,9618.57,0.9607686148919214,momentum,BULL_TREND,69.75313997587888,100.0,96.1857,65.0,83.43197462545552,63.33333333333333,0.0,71.82687167855164,0.0,2,2,E_ablate_accel_vr1.2,True
603328,603328.SH,依顿电子,元器件,20250728,10.49,69.49971093139825,69.49971093139825,0.0,2.93,4.6834,10752.47,2.4186046511627888,momentum,BULL_TREND,77.54503323237616,100.0,100.0,40.0,83.43197462545552,53.333333333333336,0.0,65.14894354784056,0.0,3,3,E_ablate_accel_vr1.2,True
601727,601727.SH,上海电气,电气设备,20250729,8.29,81.60224466824071,71.60224466824071,10.0,2.39,5.0547,85865.81,3.040935672514638,momentum,BULL_TREND,62.8505309103012,99.75438596491216,100.0,100.0,100.0,10.0,0.0,66.99226435204315,0.0,1,1,A_recovered_proxy_vr1.5,True
600255,600255.SH,鑫科材料,小金属,20250729,3.53,77.05250453249757,70.50652657012093,6.545977962376639,3.05,9.6356,17626.26,0.8426966292134901,momentum,BULL_TREND,80.4404621337762,100.0,100.0,60.0,65.45977962376638,100.0,0.0,73.48501325301213,0.0,2,2,A_recovered_proxy_vr1.5,True
301308,301308.SZ,江波龙,半导体,20250729,91.03,74.18340648494238,66.38172335203105,7.801683132911338,1.99,10.5256,23697.29,1.5891891891891878,momentum,BULL_TREND,49.63842153844621,100.0,100.0,80.0,78.01683132911337,33.33333333333333,0.0,76.65927188774765,0.0,3,3,A_recovered_proxy_vr1.5,True
601727,601727.SH,上海电气,电气设备,20250729,8.29,71.60224466824071,71.60224466824071,0.0,2.39,5.0547,85865.81,3.040935672514638,momentum,BULL_TREND,62.8505309103012,99.75438596491216,100.0,100.0,100.0,10.0,0.0,66.99226435204315,0.0,1,1,B_pure_quant_vr1.5,True
2181,002181.SZ,粤传媒,出版业,20250729,7.16,70.52623331691001,70.52623331691001,0.0,3.87,9.4506,14160.02,4.533333333333331,momentum,BULL_TREND,97.61667831848428,90.8,100.0,60.0,61.13152119065235,53.333333333333336,0.0,89.10760664340219,0.0,2,2,B_pure_quant_vr1.5,True
600255,600255.SH,鑫科材料,小金属,20250729,3.53,70.50652657012093,70.50652657012093,0.0,3.05,9.6356,17626.26,0.8426966292134901,momentum,BULL_TREND,80.4404621337762,100.0,100.0,60.0,65.45977962376638,100.0,0.0,73.48501325301213,0.0,3,3,B_pure_quant_vr1.5,True
601727,601727.SH,上海电气,电气设备,20250729,8.29,76.67715194913083,67.73551618883413,8.941635760296704,2.39,5.0547,85865.81,3.040935672514638,momentum,BULL_TREND,62.8505309103012,99.75438596491216,100.0,65.0,89.41635760296703,10.0,0.0,66.99226435204315,0.0,1,1,A_recovered_proxy_vr1.2,True
2815,002815.SZ,崇达技术,元器件,20250729,13.02,73.41478686465648,66.91759324095288,6.497193623703601,3.09,10.6198,7600.61,1.2888551933282786,momentum,BULL_TREND,81.38034190648249,100.0,76.0061,100.0,64.971936237036,63.33333333333333,0.0,83.48268040906646,0.0,2,2,A_recovered_proxy_vr1.2,True
301308,301308.SZ,江波龙,半导体,20250729,91.03,70.79281997110742,64.12133234280773,6.671487628299682,1.99,10.5256,23697.29,1.5891891891891878,momentum,BULL_TREND,49.63842153844621,100.0,100.0,80.0,66.71487628299681,33.33333333333333,0.0,76.65927188774765,0.0,3,3,A_recovered_proxy_vr1.2,True
2181,002181.SZ,粤传媒,出版业,20250729,7.16,69.98375172712075,69.98375172712075,0.0,3.87,9.4506,14160.02,4.533333333333331,momentum,BULL_TREND,97.61667831848428,90.8,100.0,60.0,58.41911324170611,53.333333333333336,0.0,89.10760664340219,0.0,1,1,D_pure_quant_vr1.2,True
600255,600255.SH,鑫科材料,小金属,20250729,3.53,69.60840669306673,69.60840669306673,0.0,3.05,9.6356,17626.26,0.8426966292134901,momentum,BULL_TREND,80.4404621337762,100.0,100.0,60.0,60.96918023849544,100.0,0.0,73.48501325301213,0.0,2,2,D_pure_quant_vr1.2,True
601727,601727.SH,上海电气,电气设备,20250729,8.29,67.73551618883413,67.73551618883413,0.0,2.39,5.0547,85865.81,3.040935672514638,momentum,BULL_TREND,62.8505309103012,99.75438596491216,100.0,65.0,89.41635760296703,10.0,0.0,66.99226435204315,0.0,3,3,D_pure_quant_vr1.2,True
2181,002181.SZ,粤传媒,出版业,20250729,7.16,58.299929078779535,58.299929078779535,0.0,3.87,9.4506,14160.02,4.533333333333331,momentum,BULL_TREND,97.61667831848428,90.8,100.0,60.0,58.41911324170611,53.333333333333336,0.0,89.10760664340219,0.0,1,1,E_ablate_sector_vr1.2,True
600255,600255.SH,鑫科材料,小金属,20250729,3.53,57.41457064536764,57.41457064536764,0.0,3.05,9.6356,17626.26,0.8426966292134901,momentum,BULL_TREND,80.4404621337762,100.0,100.0,60.0,60.96918023849544,100.0,0.0,73.48501325301213,0.0,2,2,E_ablate_sector_vr1.2,True
2815,002815.SZ,崇达技术,元器件,20250729,13.02,53.923205993545686,53.923205993545686,0.0,3.09,10.6198,7600.61,1.2888551933282786,momentum,BULL_TREND,81.38034190648249,100.0,76.0061,100.0,64.971936237036,63.33333333333333,0.0,83.48268040906646,0.0,3,3,E_ablate_sector_vr1.2,True
600207,600207.SH,安彩高科,电气设备,20250729,5.13,53.76996930733212,53.76996930733212,0.0,2.35,5.192,2360.29,0.965250965250962,momentum,BULL_TREND,61.63303783951375,100.0,23.6029,65.0,89.86221055332926,100.0,0.0,83.02571520739203,0.0,1,1,E_ablate_inflow_vr1.2,True
2786,002786.SZ,银宝山新,专用机械,20250729,9.97,50.45740216487095,50.45740216487095,0.0,3.98,7.865,1872.46,5.765595463137991,momentum,BULL_TREND,99.6384215384462,83.40642722117205,18.7246,80.0,49.188314393267405,66.66666666666666,0.0,100.0,0.0,2,2,E_ablate_inflow_vr1.2,True
600255,600255.SH,鑫科材料,小金属,20250729,3.53,49.408555654899374,49.408555654899374,0.0,3.05,9.6356,17626.26,0.8426966292134901,momentum,BULL_TREND,80.4404621337762,100.0,100.0,65.0,58.71992504765865,100.0,0.0,73.48501325301213,0.0,3,3,E_ablate_inflow_vr1.2,True
600255,600255.SH,鑫科材料,小金属,20250729,3.53,62.25990536776552,62.25990536776552,0.0,3.05,9.6356,17626.26,0.8426966292134901,momentum,BULL_TREND,80.4404621337762,100.0,100.0,60.0,60.96918023849544,100.0,0.0,73.48501325301213,0.0,1,1,E_ablate_wyckoff_vr1.2,True
2181,002181.SZ,粤传媒,出版业,20250729,7.16,61.07299106278053,61.07299106278053,0.0,3.87,9.4506,14160.02,4.533333333333331,momentum,BULL_TREND,97.61667831848428,90.8,100.0,60.0,58.41911324170611,53.333333333333336,0.0,89.10760664340219,0.0,2,2,E_ablate_wyckoff_vr1.2,True
601727,601727.SH,上海电气,电气设备,20250729,8.29,61.0362897536298,61.0362897536298,0.0,2.39,5.0547,85865.81,3.040935672514638,momentum,BULL_TREND,62.8505309103012,99.75438596491216,100.0,65.0,89.41635760296703,10.0,0.0,66.99226435204315,0.0,3,3,E_ablate_wyckoff_vr1.2,True
2181,002181.SZ,粤传媒,出版业,20250729,7.16,69.98375172712075,69.98375172712075,0.0,3.87,9.4506,14160.02,4.533333333333331,momentum,BULL_TREND,97.61667831848428,90.8,100.0,60.0,58.41911324170611,53.333333333333336,0.0,89.10760664340219,0.0,1,1,E_ablate_accel_vr1.2,True
600255,600255.SH,鑫科材料,小金属,20250729,3.53,69.60840669306673,69.60840669306673,0.0,3.05,9.6356,17626.26,0.8426966292134901,momentum,BULL_TREND,80.4404621337762,100.0,100.0,60.0,60.96918023849544,100.0,0.0,73.48501325301213,0.0,2,2,E_ablate_accel_vr1.2,True
601727,601727.SH,上海电气,电气设备,20250729,8.29,67.73551618883413,67.73551618883413,0.0,2.39,5.0547,85865.81,3.040935672514638,momentum,BULL_TREND,62.8505309103012,99.75438596491216,100.0,65.0,89.41635760296703,10.0,0.0,66.99226435204315,0.0,3,3,E_ablate_accel_vr1.2,True
600196,600196.SH,复星医药,化学制药,20250730,28.37,74.31979119122983,66.81560066919845,7.504190522031379,2.58,5.2721,52801.01,3.008547008547005,momentum,BULL_TREND,68.36855328242648,99.94871794871796,100.0,65.0,75.0419052203138,20.0,0.0,73.07064837899918,0.0,1,1,A_recovered_proxy_vr1.5,True
700,000700.SZ,模塑科技,汽车配件,20250730,7.86,69.57929796418632,69.57929796418632,0.0,5.55,9.9083,14570.99,4.263093788063344,momentum,BULL_TREND,100.0,92.42143727161994,100.0,60.0,47.1352046998358,76.66666666666667,0.0,90.76779963723835,0.0,2,2,A_recovered_proxy_vr1.5,True
600598,600598.SH,北大荒,种植业,20250730,15.27,64.57600791477486,64.57600791477486,0.0,3.47,5.0706,22890.88,2.490421455938701,momentum,BULL_TREND,89.74678314017682,100.0,100.0,40.0,49.88111021260646,10.0,0.0,86.37768401227044,0.0,3,3,A_recovered_proxy_vr1.5,True
700,000700.SZ,模塑科技,汽车配件,20250730,7.86,69.57929796418632,69.57929796418632,0.0,5.55,9.9083,14570.99,4.263093788063344,momentum,BULL_TREND,100.0,92.42143727161994,100.0,60.0,47.1352046998358,76.66666666666667,0.0,90.76779963723835,0.0,1,1,B_pure_quant_vr1.5,True
600196,600196.SH,复星医药,化学制药,20250730,28.37,66.81560066919845,66.81560066919845,0.0,2.58,5.2721,52801.01,3.008547008547005,momentum,BULL_TREND,68.36855328242648,99.94871794871796,100.0,65.0,75.0419052203138,20.0,0.0,73.07064837899918,0.0,2,2,B_pure_quant_vr1.5,True
600598,600598.SH,北大荒,种植业,20250730,15.27,64.57600791477486,64.57600791477486,0.0,3.47,5.0706,22890.88,2.490421455938701,momentum,BULL_TREND,89.74678314017682,100.0,100.0,40.0,49.88111021260646,10.0,0.0,86.37768401227044,0.0,3,3,B_pure_quant_vr1.5,True
600196,600196.SH,复星医药,化学制药,20250730,28.37,74.31979119122983,66.81560066919845,7.504190522031379,2.58,5.2721,52801.01,3.008547008547005,momentum,BULL_TREND,68.36855328242648,99.94871794871796,100.0,65.0,75.0419052203138,20.0,0.0,73.07064837899918,0.0,1,1,A_recovered_proxy_vr1.2,True
700,000700.SZ,模塑科技,汽车配件,20250730,7.86,69.57929796418632,69.57929796418632,0.0,5.55,9.9083,14570.99,4.263093788063344,momentum,BULL_TREND,100.0,92.42143727161994,100.0,60.0,47.1352046998358,76.66666666666667,0.0,90.76779963723835,0.0,2,2,A_recovered_proxy_vr1.2,True
600598,600598.SH,北大荒,种植业,20250730,15.27,65.53986348047903,65.53986348047903,0.0,3.47,5.0706,22890.88,2.490421455938701,momentum,BULL_TREND,89.74678314017682,100.0,100.0,65.0,48.45038804112734,10.0,0.0,86.37768401227044,0.0,3,3,A_recovered_proxy_vr1.2,True
700,000700.SZ,模塑科技,汽车配件,20250730,7.86,69.57929796418632,69.57929796418632,0.0,5.55,9.9083,14570.99,4.263093788063344,momentum,BULL_TREND,100.0,92.42143727161994,100.0,60.0,47.1352046998358,76.66666666666667,0.0,90.76779963723835,0.0,1,1,D_pure_quant_vr1.2,True
600196,600196.SH,复星医药,化学制药,20250730,28.37,66.81560066919845,66.81560066919845,0.0,2.58,5.2721,52801.01,3.008547008547005,momentum,BULL_TREND,68.36855328242648,99.94871794871796,100.0,65.0,75.0419052203138,20.0,0.0,73.07064837899918,0.0,2,2,D_pure_quant_vr1.2,True
600598,600598.SH,北大荒,种植业,20250730,15.27,65.53986348047903,65.53986348047903,0.0,3.47,5.0706,22890.88,2.490421455938701,momentum,BULL_TREND,89.74678314017682,100.0,100.0,65.0,48.45038804112734,10.0,0.0,86.37768401227044,0.0,3,3,D_pure_quant_vr1.2,True
700,000700.SZ,模塑科技,汽车配件,20250730,7.86,60.15225702421917,60.15225702421917,0.0,5.55,9.9083,14570.99,4.263093788063344,momentum,BULL_TREND,100.0,92.42143727161994,100.0,60.0,47.1352046998358,76.66666666666667,0.0,90.76779963723835,0.0,1,1,E_ablate_sector_vr1.2,True
600598,600598.SH,北大荒,种植业,20250730,15.27,55.84978587225356,55.84978587225356,0.0,3.47,5.0706,22890.88,2.490421455938701,momentum,BULL_TREND,89.74678314017682,100.0,100.0,65.0,48.45038804112734,10.0,0.0,86.37768401227044,0.0,2,2,E_ablate_sector_vr1.2,True
905,000905.SZ,厦门港务,港口,20250730,8.61,53.00345014697826,53.00345014697826,0.0,2.92,6.236,8369.03,3.0405405405405554,momentum,BULL_TREND,77.29841845526462,99.75675675675669,83.69030000000001,100.0,46.80361144295364,10.0,0.0,91.949517030129,0.0,3,3,E_ablate_sector_vr1.2,True
700,000700.SZ,模塑科技,汽车配件,20250730,7.86,49.57929796418632,49.57929796418632,0.0,5.55,9.9083,14570.99,4.263093788063344,momentum,BULL_TREND,100.0,92.42143727161994,100.0,60.0,47.1352046998358,76.66666666666667,0.0,90.76779963723835,0.0,1,1,E_ablate_inflow_vr1.2,True
600097,600097.SH,开创国际,渔业,20250730,11.51,49.25050456171318,49.25050456171318,0.0,3.9,7.6743,3126.5,3.923205342237067,momentum,BULL_TREND,98.1737061987443,94.4607679465776,31.265,65.0,35.74904683450662,100.0,0.0,96.78562470342446,0.0,2,2,E_ablate_inflow_vr1.2,True
2150,002150.SZ,正泰电源,机械基件,20250730,12.28,47.87173353762944,47.87173353762944,0.0,3.47,4.9429,3951.96,2.1513944223107675,momentum,BULL_TREND,89.74678314017682,100.0,39.5196,80.0,33.990691283477545,86.66666666666667,0.0,92.78244476574072,0.0,3,3,E_ablate_inflow_vr1.2,True
700,000700.SZ,模塑科技,汽车配件,20250730,7.86,60.50251800046249,60.50251800046249,0.0,5.55,9.9083,14570.99,4.263093788063344,momentum,BULL_TREND,100.0,92.42143727161994,100.0,60.0,47.1352046998358,76.66666666666667,0.0,90.76779963723835,0.0,1,1,E_ablate_wyckoff_vr1.2,True
600196,600196.SH,复星医药,化学制药,20250730,28.37,59.50853583129853,59.50853583129853,0.0,2.58,5.2721,52801.01,3.008547008547005,momentum,BULL_TREND,68.36855328242648,99.94871794871796,100.0,65.0,75.0419052203138,20.0,0.0,73.07064837899918,0.0,2,2,E_ablate_wyckoff_vr1.2,True
600598,600598.SH,北大荒,种植业,20250730,15.27,56.90209507925199,56.90209507925199,0.0,3.47,5.0706,22890.88,2.490421455938701,momentum,BULL_TREND,89.74678314017682,100.0,100.0,65.0,48.45038804112734,10.0,0.0,86.37768401227044,0.0,3,3,E_ablate_wyckoff_vr1.2,True
700,000700.SZ,模塑科技,汽车配件,20250730,7.86,69.57929796418632,69.57929796418632,0.0,5.55,9.9083,14570.99,4.263093788063344,momentum,BULL_TREND,100.0,92.42143727161994,100.0,60.0,47.1352046998358,76.66666666666667,0.0,90.76779963723835,0.0,1,1,E_ablate_accel_vr1.2,True
600196,600196.SH,复星医药,化学制药,20250730,28.37,66.81560066919845,66.81560066919845,0.0,2.58,5.2721,52801.01,3.008547008547005,momentum,BULL_TREND,68.36855328242648,99.94871794871796,100.0,65.0,75.0419052203138,20.0,0.0,73.07064837899918,0.0,2,2,E_ablate_accel_vr1.2,True
600598,600598.SH,北大荒,种植业,20250730,15.27,65.53986348047903,65.53986348047903,0.0,3.47,5.0706,22890.88,2.490421455938701,momentum,BULL_TREND,89.74678314017682,100.0,100.0,65.0,48.45038804112734,10.0,0.0,86.37768401227044,0.0,3,3,E_ablate_accel_vr1.2,True
601567,601567.SH,三星电气,电气设备,20250731,22.49,76.84340714177094,68.56709157030923,8.276315571461708,3.5,3.718,28934.7,4.5415959252971145,bear,BULL_TREND,90.3677461028802,45.41595925297114,100.0,65.0,82.76315571461708,10.0,100.0,70.66835862357814,0.0,1,1,A_recovered_proxy_vr1.5,True
603031,603031.SH,安孚科技,电气设备,20250731,27.75,75.22115052926816,66.94483495780645,8.276315571461708,2.55,4.4848,2077.74,8.687068114511353,bear,BULL_TREND,67.52486235420666,100.0,20.7774,65.0,82.76315571461708,20.0,95.052,77.75036568907012,0.0,2,2,A_recovered_proxy_vr1.5,True
2811,002811.SZ,郑中设计,装修装饰,20250731,10.6,66.74922999715534,61.577156464772266,5.172073532383073,4.88,9.2781,4307.61,3.985507246376807,bear,BULL_TREND,100.0,39.85507246376807,43.0761,60.0,51.72073532383072,53.333333333333336,100.0,95.1260963125168,0.0,3,3,A_recovered_proxy_vr1.5,True
601567,601567.SH,三星电气,电气设备,20250731,22.49,68.56709157030923,68.56709157030923,0.0,3.5,3.718,28934.7,4.5415959252971145,bear,BULL_TREND,90.3677461028802,45.41595925297114,100.0,65.0,82.76315571461708,10.0,100.0,70.66835862357814,0.0,1,1,B_pure_quant_vr1.5,True
603031,603031.SH,安孚科技,电气设备,20250731,27.75,66.94483495780645,66.94483495780645,0.0,2.55,4.4848,2077.74,8.687068114511353,bear,BULL_TREND,67.52486235420666,100.0,20.7774,65.0,82.76315571461708,20.0,95.052,77.75036568907012,0.0,2,2,B_pure_quant_vr1.5,True
2811,002811.SZ,郑中设计,装修装饰,20250731,10.6,61.577156464772266,61.577156464772266,0.0,4.88,9.2781,4307.61,3.985507246376807,bear,BULL_TREND,100.0,39.85507246376807,43.0761,60.0,51.72073532383072,53.333333333333336,100.0,95.1260963125168,0.0,3,3,B_pure_quant_vr1.5,True
601567,601567.SH,三星电气,电气设备,20250731,22.49,75.56988769564865,67.80297990263585,7.766907793012786,3.5,3.718,28934.7,4.5415959252971145,bear,BULL_TREND,90.3677461028802,45.41595925297114,100.0,65.0,77.66907793012786,10.0,100.0,70.66835862357814,0.0,1,1,A_recovered_proxy_vr1.2,True
603031,603031.SH,安孚科技,电气设备,20250731,27.75,73.94763108314585,66.18072329013306,7.766907793012786,2.55,4.4848,2077.74,8.687068114511353,bear,BULL_TREND,67.52486235420666,100.0,20.7774,65.0,77.66907793012786,20.0,95.052,77.75036568907012,0.0,2,2,A_recovered_proxy_vr1.2,True
2413,002413.SZ,雷科防务,通信设备,20250731,5.96,65.0283066048587,60.021389993966366,5.006916610892339,1.67,9.8044,9999.17,6.729264475743345,bear,BULL_TREND,36.99240513496637,78.82107459572241,99.9917,80.0,50.06916610892338,20.0,74.052,76.76237947396942,0.0,3,3,A_recovered_proxy_vr1.2,True
601567,601567.SH,三星电气,电气设备,20250731,22.49,67.80297990263585,67.80297990263585,0.0,3.5,3.718,28934.7,4.5415959252971145,bear,BULL_TREND,90.3677461028802,45.41595925297114,100.0,65.0,77.66907793012786,10.0,100.0,70.66835862357814,0.0,1,1,D_pure_quant_vr1.2,True
603031,603031.SH,安孚科技,电气设备,20250731,27.75,66.18072329013306,66.18072329013306,0.0,2.55,4.4848,2077.74,8.687068114511353,bear,BULL_TREND,67.52486235420666,100.0,20.7774,65.0,77.66907793012786,20.0,95.052,77.75036568907012,0.0,2,2,D_pure_quant_vr1.2,True
2811,002811.SZ,郑中设计,装修装饰,20250731,10.6,61.2595878235965,61.2595878235965,0.0,4.88,9.2781,4307.61,3.985507246376807,bear,BULL_TREND,100.0,39.85507246376807,43.0761,60.0,49.60361104932559,53.333333333333336,100.0,95.1260963125168,0.0,3,3,D_pure_quant_vr1.2,True
601567,601567.SH,三星电气,电气设备,20250731,22.49,56.15261821311668,56.15261821311668,0.0,3.5,3.718,28934.7,4.5415959252971145,bear,BULL_TREND,90.3677461028802,45.41595925297114,100.0,65.0,77.66907793012786,10.0,100.0,70.66835862357814,0.0,1,1,E_ablate_sector_vr1.2,True
603031,603031.SH,安孚科技,电气设备,20250731,27.75,54.53036160061388,54.53036160061388,0.0,2.55,4.4848,2077.74,8.687068114511353,bear,BULL_TREND,67.52486235420666,100.0,20.7774,65.0,77.66907793012786,20.0,95.052,77.75036568907012,0.0,2,2,E_ablate_sector_vr1.2,True
2811,002811.SZ,郑中设计,装修装饰,20250731,10.6,53.81904616619766,53.81904616619766,0.0,4.88,9.2781,4307.61,3.985507246376807,bear,BULL_TREND,100.0,39.85507246376807,43.0761,60.0,49.60361104932559,53.333333333333336,100.0,95.1260963125168,0.0,3,3,E_ablate_sector_vr1.2,True
603031,603031.SH,安孚科技,电气设备,20250731,27.75,62.80489913960348,62.80489913960348,0.0,2.55,4.4848,2077.74,8.687068114511353,bear,BULL_TREND,67.52486235420666,100.0,20.7774,65.0,71.78550359326397,20.0,95.052,77.75036568907012,0.0,1,1,E_ablate_inflow_vr1.2,True
2811,002811.SZ,郑中设计,装修装饰,20250731,10.6,55.36993787957621,55.36993787957621,0.0,4.88,9.2781,4307.61,3.985507246376807,bear,BULL_TREND,100.0,39.85507246376807,43.0761,60.0,44.80015808919035,53.333333333333336,100.0,95.1260963125168,0.0,2,2,E_ablate_inflow_vr1.2,True
601567,601567.SH,三星电气,电气设备,20250731,22.49,54.920443752106266,54.920443752106266,0.0,3.5,3.718,28934.7,4.5415959252971145,bear,BULL_TREND,90.3677461028802,45.41595925297114,100.0,65.0,71.78550359326397,10.0,100.0,70.66835862357814,0.0,3,3,E_ablate_inflow_vr1.2,True
601567,601567.SH,三星电气,电气设备,20250731,22.49,59.32277686780648,59.32277686780648,0.0,3.5,3.718,28934.7,4.5415959252971145,bear,BULL_TREND,90.3677461028802,45.41595925297114,100.0,65.0,77.66907793012786,10.0,100.0,70.66835862357814,0.0,1,1,E_ablate_wyckoff_vr1.2,True
603031,603031.SH,安孚科技,电气设备,20250731,27.75,56.850679407444645,56.850679407444645,0.0,2.55,4.4848,2077.74,8.687068114511353,bear,BULL_TREND,67.52486235420666,100.0,20.7774,65.0,77.66907793012786,20.0,95.052,77.75036568907012,0.0,2,2,E_ablate_wyckoff_vr1.2,True
603918,603918.SH,金桥信息,软件服务,20250731,21.69,53.69225107556983,53.69225107556983,0.0,1.73,11.3875,14900.74,7.148972602739718,bear,BULL_TREND,39.5386018931,85.81621004566198,100.0,80.0,50.03763854917017,33.33333333333333,91.396,36.45019813361097,0.0,3,3,E_ablate_wyckoff_vr1.2,True
601567,601567.SH,三星电气,电气设备,20250731,22.49,67.80297990263585,67.80297990263585,0.0,3.5,3.718,28934.7,4.5415959252971145,bear,BULL_TREND,90.3677461028802,45.41595925297114,100.0,65.0,77.66907793012786,10.0,100.0,70.66835862357814,0.0,1,1,E_ablate_accel_vr1.2,True
603031,603031.SH,安孚科技,电气设备,20250731,27.75,66.18072329013306,66.18072329013306,0.0,2.55,4.4848,2077.74,8.687068114511353,bear,BULL_TREND,67.52486235420666,100.0,20.7774,65.0,77.66907793012786,20.0,95.052,77.75036568907012,0.0,2,2,E_ablate_accel_vr1.2,True
2811,002811.SZ,郑中设计,装修装饰,20250731,10.6,61.2595878235965,61.2595878235965,0.0,4.88,9.2781,4307.61,3.985507246376807,bear,BULL_TREND,100.0,39.85507246376807,43.0761,60.0,49.60361104932559,53.333333333333336,100.0,95.1260963125168,0.0,3,3,E_ablate_accel_vr1.2,True
533,000533.SZ,顺钠股份,电气设备,20250801,6.98,67.36378501938644,59.42859364863512,7.935191370751316,1.86,6.74,8684.4,6.933333333333327,bear,BULL_TREND,44.76513106666534,82.22222222222211,86.844,65.0,79.35191370751316,66.66666666666666,0.0,43.61646279682981,0.0,1,1,A_recovered_proxy_vr1.5,True
2922,002922.SZ,伊戈尔,电气设备,20250801,16.61,65.86545330876,57.93026193800868,7.935191370751316,2.33,6.3857,10463.96,3.6542923433874654,bear,BULL_TREND,61.01649774397778,36.542923433874655,100.0,65.0,79.35191370751316,33.33333333333333,0.0,77.48112963406248,0.0,2,2,A_recovered_proxy_vr1.5,True
2212,002212.SZ,天融信,软件服务,20250801,8.23,65.00629908702115,57.30212383522702,7.704175251794126,1.86,4.4686,5490.44,7.3198198198198225,bear,BULL_TREND,44.76513106666534,88.66366366366371,54.9044,40.0,77.04175251794126,43.333333333333336,0.0,61.136095418306425,0.0,3,3,A_recovered_proxy_vr1.5,True
533,000533.SZ,顺钠股份,电气设备,20250801,6.98,59.42859364863512,59.42859364863512,0.0,1.86,6.74,8684.4,6.933333333333327,bear,BULL_TREND,44.76513106666534,82.22222222222211,86.844,65.0,79.35191370751316,66.66666666666666,0.0,43.61646279682981,0.0,1,1,B_pure_quant_vr1.5,True
2922,002922.SZ,伊戈尔,电气设备,20250801,16.61,57.93026193800868,57.93026193800868,0.0,2.33,6.3857,10463.96,3.6542923433874654,bear,BULL_TREND,61.01649774397778,36.542923433874655,100.0,65.0,79.35191370751316,33.33333333333333,0.0,77.48112963406248,0.0,2,2,B_pure_quant_vr1.5,True
2212,002212.SZ,天融信,软件服务,20250801,8.23,57.30212383522702,57.30212383522702,0.0,1.86,4.4686,5490.44,7.3198198198198225,bear,BULL_TREND,44.76513106666534,88.66366366366371,54.9044,40.0,77.04175251794126,43.333333333333336,0.0,61.136095418306425,0.0,3,3,B_pure_quant_vr1.5,True
533,000533.SZ,顺钠股份,电气设备,20250801,6.98,65.78467053186407,58.4811249561217,7.303545575742368,1.86,6.74,8684.4,6.933333333333327,bear,BULL_TREND,44.76513106666534,82.22222222222211,86.844,65.0,73.03545575742368,66.66666666666666,0.0,43.61646279682981,0.0,1,1,A_recovered_proxy_vr1.2,True
2212,002212.SZ,天融信,软件服务,20250801,8.23,65.59955044584557,57.65807465052167,7.941475795323893,1.86,4.4686,5490.44,7.3198198198198225,bear,BULL_TREND,44.76513106666534,88.66366366366371,54.9044,40.0,79.41475795323893,43.333333333333336,0.0,61.136095418306425,0.0,2,2,A_recovered_proxy_vr1.2,True
2922,002922.SZ,伊戈尔,电气设备,20250801,16.61,64.28633882123762,56.98279324549525,7.303545575742368,2.33,6.3857,10463.96,3.6542923433874654,bear,BULL_TREND,61.01649774397778,36.542923433874655,100.0,65.0,73.03545575742368,33.33333333333333,0.0,77.48112963406248,0.0,3,3,A_recovered_proxy_vr1.2,True
533,000533.SZ,顺钠股份,电气设备,20250801,6.98,58.4811249561217,58.4811249561217,0.0,1.86,6.74,8684.4,6.933333333333327,bear,BULL_TREND,44.76513106666534,82.22222222222211,86.844,65.0,73.03545575742368,66.66666666666666,0.0,43.61646279682981,0.0,1,1,D_pure_quant_vr1.2,True
2212,002212.SZ,天融信,软件服务,20250801,8.23,57.65807465052167,57.65807465052167,0.0,1.86,4.4686,5490.44,7.3198198198198225,bear,BULL_TREND,44.76513106666534,88.66366366366371,54.9044,40.0,79.41475795323893,43.333333333333336,0.0,61.136095418306425,0.0,2,2,D_pure_quant_vr1.2,True
2922,002922.SZ,伊戈尔,电气设备,20250801,16.61,56.98279324549525,56.98279324549525,0.0,2.33,6.3857,10463.96,3.6542923433874654,bear,BULL_TREND,61.01649774397778,36.542923433874655,100.0,65.0,73.03545575742368,33.33333333333333,0.0,77.48112963406248,0.0,3,3,D_pure_quant_vr1.2,True
716,000716.SZ,黑芝麻,食品,20250801,6.54,49.1377882952398,49.1377882952398,0.0,3.84,11.7393,17208.36,0.9090909090909032,bear,BULL_TREND,97.05531554732156,9.090909090909031,100.0,60.0,45.849397589719445,66.66666666666666,0.0,83.76904617913115,0.0,1,1,E_ablate_sector_vr1.2,True
600480,600480.SH,凌云股份,汽车配件,20250801,12.01,48.79409563665968,48.79409563665968,0.0,2.58,5.0566,14251.85,4.073482428115014,bear,BULL_TREND,68.36855328242648,40.73482428115014,100.0,100.0,38.19786930420215,0.0,0.0,73.26127143894024,0.0,2,2,E_ablate_sector_vr1.2,True
533,000533.SZ,顺钠股份,电气设备,20250801,6.98,47.52580659250815,47.52580659250815,0.0,1.86,6.74,8684.4,6.933333333333327,bear,BULL_TREND,44.76513106666534,82.22222222222211,86.844,65.0,73.03545575742368,66.66666666666666,0.0,43.61646279682981,0.0,3,3,E_ablate_sector_vr1.2,True
2212,002212.SZ,天融信,软件服务,20250801,8.23,50.570937971383785,50.570937971383785,0.0,1.86,4.4686,5490.44,7.3198198198198225,bear,BULL_TREND,44.76513106666534,88.66366366366371,54.9044,40.0,76.09070009231971,43.333333333333336,0.0,61.136095418306425,0.0,1,1,E_ablate_inflow_vr1.2,True
605398,605398.SH,新炬网络,软件服务,20250801,30.8,49.92302432648124,49.92302432648124,0.0,1.74,4.4431,496.43,9.730363423212184,bear,BULL_TREND,39.95436530370018,100.0,4.9643,40.0,76.09070009231971,30.0,0.0,45.9954912151604,0.0,2,2,E_ablate_inflow_vr1.2,True
533,000533.SZ,顺钠股份,电气设备,20250801,6.98,48.0598449561217,48.0598449561217,0.0,1.86,6.74,8684.4,6.933333333333327,bear,BULL_TREND,44.76513106666534,82.22222222222211,86.844,65.0,73.03545575742368,66.66666666666666,0.0,43.61646279682981,0.0,3,3,E_ablate_inflow_vr1.2,True
533,000533.SZ,顺钠股份,电气设备,20250801,6.98,53.247149420502126,53.247149420502126,0.0,1.86,6.74,8684.4,6.933333333333327,bear,BULL_TREND,44.76513106666534,82.22222222222211,86.844,65.0,73.03545575742368,66.66666666666666,0.0,43.61646279682981,0.0,1,1,E_ablate_wyckoff_vr1.2,True
2212,002212.SZ,天融信,软件服务,20250801,8.23,50.321743200324896,50.321743200324896,0.0,1.86,4.4686,5490.44,7.3198198198198225,bear,BULL_TREND,44.76513106666534,88.66366366366371,54.9044,40.0,79.41475795323893,43.333333333333336,0.0,61.136095418306425,0.0,2,2,E_ablate_wyckoff_vr1.2,True
2276,002276.SZ,万马股份,电气设备,20250801,14.55,49.220560932755774,49.220560932755774,0.0,1.6,5.9093,11509.48,6.129032258064512,bear,BULL_TREND,33.903595255631885,68.8172043010752,100.0,65.0,73.03545575742368,53.333333333333336,0.0,45.5,0.0,3,3,E_ablate_wyckoff_vr1.2,True
533,000533.SZ,顺钠股份,电气设备,20250801,6.98,58.4811249561217,58.4811249561217,0.0,1.86,6.74,8684.4,6.933333333333327,bear,BULL_TREND,44.76513106666534,82.22222222222211,86.844,65.0,73.03545575742368,66.66666666666666,0.0,43.61646279682981,0.0,1,1,E_ablate_accel_vr1.2,True
2212,002212.SZ,天融信,软件服务,20250801,8.23,57.65807465052167,57.65807465052167,0.0,1.86,4.4686,5490.44,7.3198198198198225,bear,BULL_TREND,44.76513106666534,88.66366366366371,54.9044,40.0,79.41475795323893,43.333333333333336,0.0,61.136095418306425,0.0,2,2,E_ablate_accel_vr1.2,True
2922,002922.SZ,伊戈尔,电气设备,20250801,16.61,56.98279324549525,56.98279324549525,0.0,2.33,6.3857,10463.96,3.6542923433874654,bear,BULL_TREND,61.01649774397778,36.542923433874655,100.0,65.0,73.03545575742368,33.33333333333333,0.0,77.48112963406248,0.0,3,3,E_ablate_accel_vr1.2,True
678,000678.SZ,襄阳轴承,汽车配件,20250804,16.35,70.37140177591533,61.62987404807399,8.74152772784135,1.58,9.2623,16089.29,9.065628476084532,bear,BULL_TREND,32.99622792011891,100.0,100.0,80.0,87.4152772784135,66.66666666666666,0.0,22.708991504603883,0.0,1,1,A_recovered_proxy_vr1.5,True
2031,002031.SZ,巨轮智能,汽车配件,20250804,8.13,68.05301574914284,59.31148802130149,8.74152772784135,1.53,4.0962,23656.5,6.979405034324936,bear,BULL_TREND,30.67658264589636,82.99008390541559,100.0,65.0,87.4152772784135,66.66666666666666,0.0,43.826637124312576,0.0,2,2,A_recovered_proxy_vr1.5,True
2190,002190.SZ,成飞集成,汽车配件,20250804,35.14,66.70694651230349,57.96541878446215,8.74152772784135,1.64,7.2582,16379.43,5.79088471849865,bear,BULL_TREND,35.68479074216794,63.1814119749775,100.0,80.0,87.4152772784135,66.66666666666666,0.0,54.74357717995657,0.0,3,3,A_recovered_proxy_vr1.5,True
678,000678.SZ,襄阳轴承,汽车配件,20250804,16.35,61.62987404807399,61.62987404807399,0.0,1.58,9.2623,16089.29,9.065628476084532,bear,BULL_TREND,32.99622792011891,100.0,100.0,80.0,87.4152772784135,66.66666666666666,0.0,22.708991504603883,0.0,1,1,B_pure_quant_vr1.5,True
536,000536.SZ,华映科技,元器件,20250804,4.66,60.41991064502083,60.41991064502083,0.0,3.17,6.3882,14880.68,2.9166666666666603,bear,BULL_TREND,83.22414201823413,29.1666666666666,100.0,65.0,65.31969313820714,53.333333333333336,0.0,85.24426747454109,0.0,2,2,B_pure_quant_vr1.5,True
600490,600490.SH,鹏欣资源,铜,20250804,4.59,59.96880975310663,59.96880975310663,0.0,1.94,4.7116,11074.82,7.645875251509053,bear,BULL_TREND,47.802832620620144,94.09792085848422,100.0,80.0,47.23948504194562,53.333333333333336,0.0,44.98378803954296,0.0,3,3,B_pure_quant_vr1.5,True
678,000678.SZ,襄阳轴承,汽车配件,20250804,16.35,70.42114341061443,61.65971902889344,8.76142438172099,1.58,9.2623,16089.29,9.065628476084532,bear,BULL_TREND,32.99622792011891,100.0,100.0,80.0,87.6142438172099,66.66666666666666,0.0,22.708991504603883,0.0,1,1,A_recovered_proxy_vr1.2,True
536,000536.SZ,华映科技,元器件,20250804,4.66,69.75820412205756,62.10370514295044,7.654498979107121,3.17,6.3882,14880.68,2.9166666666666603,bear,BULL_TREND,83.22414201823413,29.1666666666666,100.0,65.0,76.5449897910712,53.333333333333336,0.0,85.24426747454109,0.0,2,2,A_recovered_proxy_vr1.2,True
2031,002031.SZ,巨轮智能,汽车配件,20250804,8.13,68.10275738384195,59.34133300212096,8.76142438172099,1.53,4.0962,23656.5,6.979405034324936,bear,BULL_TREND,30.67658264589636,82.99008390541559,100.0,65.0,87.6142438172099,66.66666666666666,0.0,43.826637124312576,0.0,3,3,A_recovered_proxy_vr1.2,True
536,000536.SZ,华映科技,元器件,20250804,4.66,62.10370514295044,62.10370514295044,0.0,3.17,6.3882,14880.68,2.9166666666666603,bear,BULL_TREND,83.22414201823413,29.1666666666666,100.0,65.0,76.5449897910712,53.333333333333336,0.0,85.24426747454109,0.0,1,1,D_pure_quant_vr1.2,True
678,000678.SZ,襄阳轴承,汽车配件,20250804,16.35,61.65971902889344,61.65971902889344,0.0,1.58,9.2623,16089.29,9.065628476084532,bear,BULL_TREND,32.99622792011891,100.0,100.0,80.0,87.6142438172099,66.66666666666666,0.0,22.708991504603883,0.0,2,2,D_pure_quant_vr1.2,True
600490,600490.SH,鹏欣资源,铜,20250804,4.59,59.74246909197478,59.74246909197478,0.0,1.94,4.7116,11074.82,7.645875251509053,bear,BULL_TREND,47.802832620620144,94.09792085848422,100.0,80.0,45.73054730106669,53.333333333333336,0.0,44.98378803954296,0.0,3,3,D_pure_quant_vr1.2,True
600490,600490.SH,鹏欣资源,铜,20250804,4.59,52.88288699681478,52.88288699681478,0.0,1.94,4.7116,11074.82,7.645875251509053,bear,BULL_TREND,47.802832620620144,94.09792085848422,100.0,80.0,45.73054730106669,53.333333333333336,0.0,44.98378803954296,0.0,1,1,E_ablate_sector_vr1.2,True
601069,601069.SH,西部黄金,黄金,20250804,19.96,51.63820319086001,51.63820319086001,0.0,2.21,4.5001,14753.44,6.7289719626168125,bear,BULL_TREND,57.20231848083535,78.81619937694688,100.0,65.0,49.7362373165934,43.333333333333336,0.0,52.06218829567708,0.0,2,2,E_ablate_sector_vr1.2,True
536,000536.SZ,华映科技,元器件,20250804,4.66,50.62195667428976,50.62195667428976,0.0,3.17,6.3882,14880.68,2.9166666666666603,bear,BULL_TREND,83.22414201823413,29.1666666666666,100.0,65.0,76.5449897910712,53.333333333333336,0.0,85.24426747454109,0.0,3,3,E_ablate_sector_vr1.2,True
600161,600161.SH,天坛生物,生物制药,20250804,20.87,53.6823618409291,53.6823618409291,0.0,4.66,4.2717,-53678.71,5.480072463768105,bear,BULL_TREND,100.0,58.00120772946841,0.0,65.0,40.82409468144851,0.0,0.0,84.98734948523975,0.0,1,1,E_ablate_inflow_vr1.2,True
536,000536.SZ,华映科技,元器件,20250804,4.66,49.72735463771027,49.72735463771027,0.0,3.17,6.3882,14880.68,2.9166666666666603,bear,BULL_TREND,83.22414201823413,29.1666666666666,100.0,65.0,74.0359864228034,53.333333333333336,0.0,85.24426747454109,0.0,2,2,E_ablate_inflow_vr1.2,True
678,000678.SZ,襄阳轴承,汽车配件,20250804,16.35,49.30421545224462,49.30421545224462,0.0,1.58,9.2623,16089.29,9.065628476084532,bear,BULL_TREND,32.99622792011891,100.0,100.0,80.0,85.24421997288441,66.66666666666666,0.0,22.708991504603883,0.0,3,3,E_ablate_inflow_vr1.2,True
678,000678.SZ,襄阳轴承,汽车配件,20250804,16.35,58.93464004834098,58.93464004834098,0.0,1.58,9.2623,16089.29,9.065628476084532,bear,BULL_TREND,32.99622792011891,100.0,100.0,80.0,87.6142438172099,66.66666666666666,0.0,22.708991504603883,0.0,1,1,E_ablate_wyckoff_vr1.2,True
603166,603166.SH,福达股份,汽车配件,20250804,17.1,54.93272784418834,54.93272784418834,0.0,1.89,4.6909,7036.14,7.266811279826463,bear,BULL_TREND,45.9193117223174,87.78018799710772,70.3614,65.0,87.6142438172099,66.66666666666666,0.0,22.952995999818462,0.0,2,2,E_ablate_wyckoff_vr1.2,True
600490,600490.SH,鹏欣资源,铜,20250804,4.59,54.34441452722963,54.34441452722963,0.0,1.94,4.7116,11074.82,7.645875251509053,bear,BULL_TREND,47.802832620620144,94.09792085848422,100.0,80.0,45.73054730106669,53.333333333333336,0.0,44.98378803954296,0.0,3,3,E_ablate_wyckoff_vr1.2,True
536,000536.SZ,华映科技,元器件,20250804,4.66,62.10370514295044,62.10370514295044,0.0,3.17,6.3882,14880.68,2.9166666666666603,bear,BULL_TREND,83.22414201823413,29.1666666666666,100.0,65.0,76.5449897910712,53.333333333333336,0.0,85.24426747454109,0.0,1,1,E_ablate_accel_vr1.2,True
678,000678.SZ,襄阳轴承,汽车配件,20250804,16.35,61.65971902889344,61.65971902889344,0.0,1.58,9.2623,16089.29,9.065628476084532,bear,BULL_TREND,32.99622792011891,100.0,100.0,80.0,87.6142438172099,66.66666666666666,0.0,22.708991504603883,0.0,2,2,E_ablate_accel_vr1.2,True
600490,600490.SH,鹏欣资源,铜,20250804,4.59,59.74246909197478,59.74246909197478,0.0,1.94,4.7116,11074.82,7.645875251509053,bear,BULL_TREND,47.802832620620144,94.09792085848422,100.0,80.0,45.73054730106669,53.333333333333336,0.0,44.98378803954296,0.0,3,3,E_ablate_accel_vr1.2,True
2284,002284.SZ,亚太股份,汽车配件,20250805,11.37,69.0860559517208,61.212946088642674,7.873109863078119,1.71,3.0041,8660.29,3.3984706881903173,weak_momentum,BULL_TREND,38.69981625555866,100.0,86.6029,40.0,78.73109863078119,63.33333333333333,0.0,72.28746792683353,0.0,1,1,A_recovered_proxy_vr1.5,True
2765,002765.SZ,蓝黛科技,元器件,20250805,12.94,68.18317167329258,61.4253010962076,6.757870577084986,1.93,7.1709,9678.01,7.703281027104138,weak_momentum,BULL_TREND,47.430042374667785,100.0,96.7801,65.0,67.57870577084985,43.333333333333336,0.0,62.2460280514219,0.0,2,2,A_recovered_proxy_vr1.5,True
2448,002448.SZ,中原内配,汽车配件,20250805,9.21,67.34064768321232,59.46753782013421,7.873109863078119,3.36,9.4913,3203.27,4.162330905306957,weak_momentum,BULL_TREND,87.42306165020177,100.0,32.0327,80.0,78.73109863078119,33.33333333333333,0.0,74.07907407546735,0.0,3,3,A_recovered_proxy_vr1.5,True
2765,002765.SZ,蓝黛科技,元器件,20250805,12.94,61.4253010962076,61.4253010962076,0.0,1.93,7.1709,9678.01,7.703281027104138,weak_momentum,BULL_TREND,47.430042374667785,100.0,96.7801,65.0,67.57870577084985,43.333333333333336,0.0,62.2460280514219,0.0,1,1,B_pure_quant_vr1.5,True
2812,002812.SZ,恩捷股份,电气设备,20250805,30.87,61.23593508260447,61.23593508260447,0.0,2.42,4.7568,12237.25,3.1377470975839343,weak_momentum,BULL_TREND,63.75035237499349,100.0,100.0,40.0,65.06999218549909,10.0,0.0,62.7525559902039,0.0,2,2,B_pure_quant_vr1.5,True
2284,002284.SZ,亚太股份,汽车配件,20250805,11.37,61.212946088642674,61.212946088642674,0.0,1.71,3.0041,8660.29,3.3984706881903173,weak_momentum,BULL_TREND,38.69981625555866,100.0,86.6029,40.0,78.73109863078119,63.33333333333333,0.0,72.28746792683353,0.0,3,3,B_pure_quant_vr1.5,True
2765,002765.SZ,蓝黛科技,元器件,20250805,12.94,68.96643989907919,61.895262031679565,7.071177867399628,1.93,7.1709,9678.01,7.703281027104138,weak_momentum,BULL_TREND,47.430042374667785,100.0,96.7801,65.0,70.71177867399628,43.333333333333336,0.0,62.2460280514219,0.0,1,1,A_recovered_proxy_vr1.2,True
2555,002555.SZ,三七互娱,互联网,20250805,17.18,68.35276015843786,61.06128566940887,7.291474489028994,1.56,5.3473,12005.79,11.0305541170378,weak_momentum,BULL_TREND,32.07730145437618,100.0,100.0,65.0,72.91474489028994,33.33333333333333,0.0,69.30541367361523,0.0,2,2,A_recovered_proxy_vr1.2,True
2937,002937.SZ,兴瑞科技,元器件,20250805,17.73,67.76364386599406,60.69246599859443,7.071177867399628,3.56,5.2571,4832.45,1.9358407079645903,weak_momentum,BULL_TREND,91.59386205958366,68.0752212389377,48.3245,40.0,70.71177867399628,86.66666666666667,0.0,87.63900004367721,0.0,3,3,A_recovered_proxy_vr1.2,True
2765,002765.SZ,蓝黛科技,元器件,20250805,12.94,61.895262031679565,61.895262031679565,0.0,1.93,7.1709,9678.01,7.703281027104138,weak_momentum,BULL_TREND,47.430042374667785,100.0,96.7801,65.0,70.71177867399628,43.333333333333336,0.0,62.2460280514219,0.0,1,1,D_pure_quant_vr1.2,True
2555,002555.SZ,三七互娱,互联网,20250805,17.18,61.06128566940887,61.06128566940887,0.0,1.56,5.3473,12005.79,11.0305541170378,weak_momentum,BULL_TREND,32.07730145437618,100.0,100.0,65.0,72.91474489028994,33.33333333333333,0.0,69.30541367361523,0.0,2,2,D_pure_quant_vr1.2,True
600616,600616.SH,金枫酒业,红黄酒,20250805,5.85,60.97373870229521,60.97373870229521,0.0,4.51,6.2316,5823.36,1.680672268907572,weak_momentum,BULL_TREND,100.0,60.42016806722716,58.2336,100.0,42.67107266615673,86.66666666666667,0.0,83.38184200647403,0.0,3,3,D_pure_quant_vr1.2,True
600616,600616.SH,金枫酒业,红黄酒,20250805,5.85,54.5730778023717,54.5730778023717,0.0,4.51,6.2316,5823.36,1.680672268907572,weak_momentum,BULL_TREND,100.0,60.42016806722716,58.2336,100.0,42.67107266615673,86.66666666666667,0.0,83.38184200647403,0.0,1,1,E_ablate_sector_vr1.2,True
899,000899.SZ,赣能股份,火力发电,20250805,9.44,53.37824462642455,53.37824462642455,0.0,3.02,3.4039,6323.69,8.880308880308881,weak_momentum,BULL_TREND,79.72742747751771,100.0,63.2369,80.0,29.70622972748033,33.33333333333333,0.0,82.46547892086815,0.0,2,2,E_ablate_sector_vr1.2,True
600133,600133.SH,东湖高新,环境保护,20250805,9.5,53.0495426439164,53.0495426439164,0.0,2.44,4.1771,8499.34,2.763561924257928,weak_momentum,BULL_TREND,64.34405738940808,92.90685772773784,84.99340000000001,80.0,33.79480615490286,43.333333333333336,0.0,71.89088294339984,0.0,3,3,E_ablate_sector_vr1.2,True
2937,002937.SZ,兴瑞科技,元器件,20250805,17.73,52.61478583348199,52.61478583348199,0.0,3.56,5.2571,4832.45,1.9358407079645903,weak_momentum,BULL_TREND,91.59386205958366,68.0752212389377,48.3245,40.0,74.8499775732467,86.66666666666667,0.0,87.63900004367721,0.0,1,1,E_ablate_inflow_vr1.2,True
2448,002448.SZ,中原内配,汽车配件,20250805,9.21,51.74597578262643,51.74597578262643,0.0,3.36,9.4913,3203.27,4.162330905306957,weak_momentum,BULL_TREND,87.42306165020177,100.0,32.0327,80.0,65.69325838072933,33.33333333333333,0.0,74.07907407546735,0.0,2,2,E_ablate_inflow_vr1.2,True
600616,600616.SH,金枫酒业,红黄酒,20250805,5.85,50.90902919259554,50.90902919259554,0.0,4.51,6.2316,5823.36,1.680672268907572,weak_momentum,BULL_TREND,100.0,60.42016806722716,58.2336,100.0,45.45332926815893,86.66666666666667,0.0,83.38184200647403,0.0,3,3,E_ablate_inflow_vr1.2,True
2765,002765.SZ,蓝黛科技,元器件,20250805,12.94,52.55835782396628,52.55835782396628,0.0,1.93,7.1709,9678.01,7.703281027104138,weak_momentum,BULL_TREND,47.430042374667785,100.0,96.7801,65.0,70.71177867399628,43.333333333333336,0.0,62.2460280514219,0.0,1,1,E_ablate_wyckoff_vr1.2,True
2555,002555.SZ,三七互娱,互联网,20250805,17.18,50.66547361836658,50.66547361836658,0.0,1.56,5.3473,12005.79,11.0305541170378,weak_momentum,BULL_TREND,32.07730145437618,100.0,100.0,65.0,72.91474489028994,33.33333333333333,0.0,69.30541367361523,0.0,2,2,E_ablate_wyckoff_vr1.2,True
2812,002812.SZ,恩捷股份,电气设备,20250805,30.87,50.430954061497886,50.430954061497886,0.0,2.42,4.7568,12237.25,3.1377470975839343,weak_momentum,BULL_TREND,63.75035237499349,100.0,100.0,40.0,55.78934136832575,10.0,0.0,62.7525559902039,0.0,3,3,E_ablate_wyckoff_vr1.2,True
2765,002765.SZ,蓝黛科技,元器件,20250805,12.94,61.895262031679565,61.895262031679565,0.0,1.93,7.1709,9678.01,7.703281027104138,weak_momentum,BULL_TREND,47.430042374667785,100.0,96.7801,65.0,70.71177867399628,43.333333333333336,0.0,62.2460280514219,0.0,1,1,E_ablate_accel_vr1.2,True
2555,002555.SZ,三七互娱,互联网,20250805,17.18,61.06128566940887,61.06128566940887,0.0,1.56,5.3473,12005.79,11.0305541170378,weak_momentum,BULL_TREND,32.07730145437618,100.0,100.0,65.0,72.91474489028994,33.33333333333333,0.0,69.30541367361523,0.0,2,2,E_ablate_accel_vr1.2,True
600616,600616.SH,金枫酒业,红黄酒,20250805,5.85,60.97373870229521,60.97373870229521,0.0,4.51,6.2316,5823.36,1.680672268907572,weak_momentum,BULL_TREND,100.0,60.42016806722716,58.2336,100.0,42.67107266615673,86.66666666666667,0.0,83.38184200647403,0.0,3,3,E_ablate_accel_vr1.2,True
302132,302132.SZ,中航成飞,航空,20250806,88.82,75.53822866601472,67.04463317346865,8.49359549254606,2.53,5.8322,59059.42,3.843239146909182,weak_momentum,BULL_TREND,66.95686924597926,100.0,100.0,65.0,84.93595492546059,10.0,0.0,70.07139698501788,0.0,1,1,A_recovered_proxy_vr1.5,True
2681,002681.SZ,奋达科技,元器件,20250806,6.83,69.26385527488324,61.62529163992002,7.638563634963218,2.08,6.8613,17400.95,4.207573632538567,weak_momentum,BULL_TREND,52.82917641831838,100.0,100.0,65.0,76.38563634963218,53.333333333333336,0.0,42.176020387071794,0.0,2,2,A_recovered_proxy_vr1.5,True
2765,002765.SZ,蓝黛科技,元器件,20250806,13.09,64.34340840168039,56.70484476671717,7.638563634963218,2.01,8.3297,4795.44,6.633380884450784,weak_momentum,BULL_TREND,50.35977507021019,100.0,47.95439999999999,65.0,76.38563634963218,43.333333333333336,0.0,77.6304959138277,0.0,3,3,A_recovered_proxy_vr1.5,True
302132,302132.SZ,中航成飞,航空,20250806,88.82,67.04463317346865,67.04463317346865,0.0,2.53,5.8322,59059.42,3.843239146909182,weak_momentum,BULL_TREND,66.95686924597926,100.0,100.0,65.0,84.93595492546059,10.0,0.0,70.07139698501788,0.0,1,1,B_pure_quant_vr1.5,True
605166,605166.SH,聚合顺,化纤,20250806,11.77,63.371315452360776,63.371315452360776,0.0,4.07,7.9239,4775.61,3.524590163934424,weak_momentum,BULL_TREND,100.0,100.0,47.7561,80.0,59.28820402145816,33.33333333333333,0.0,88.10213454983588,0.0,2,2,B_pure_quant_vr1.5,True
601608,601608.SH,中信重工,专用机械,20250806,5.01,63.124013394749575,63.124013394749575,0.0,2.78,4.0124,15898.71,6.703910614525145,weak_momentum,BULL_TREND,73.75424414743912,100.0,100.0,65.0,59.14958601810829,63.33333333333333,0.0,45.14514802167199,0.0,3,3,B_pure_quant_vr1.5,True
302132,302132.SZ,中航成飞,航空,20250806,88.82,71.7203619860417,64.75391316548485,6.966448820556852,2.53,5.8322,59059.42,3.843239146909182,weak_momentum,BULL_TREND,66.95686924597926,100.0,100.0,65.0,69.66448820556852,10.0,0.0,70.07139698501788,0.0,1,1,A_recovered_proxy_vr1.2,True
2681,002681.SZ,奋达科技,元器件,20250806,6.83,68.36116656893334,61.08367841635008,7.27748815258326,2.08,6.8613,17400.95,4.207573632538567,weak_momentum,BULL_TREND,52.82917641831838,100.0,100.0,65.0,72.7748815258326,53.333333333333336,0.0,42.176020387071794,0.0,2,2,A_recovered_proxy_vr1.2,True
2765,002765.SZ,蓝黛科技,元器件,20250806,13.09,64.19071969573051,56.91323154314724,7.27748815258326,2.01,8.3297,4795.44,6.633380884450784,weak_momentum,BULL_TREND,50.35977507021019,100.0,47.95439999999999,80.0,72.7748815258326,43.333333333333336,0.0,77.6304959138277,0.0,3,3,A_recovered_proxy_vr1.2,True
302132,302132.SZ,中航成飞,航空,20250806,88.82,64.75391316548485,64.75391316548485,0.0,2.53,5.8322,59059.42,3.843239146909182,weak_momentum,BULL_TREND,66.95686924597926,100.0,100.0,65.0,69.66448820556852,10.0,0.0,70.07139698501788,0.0,1,1,D_pure_quant_vr1.2,True
605166,605166.SH,聚合顺,化纤,20250806,11.77,62.67958955245227,62.67958955245227,0.0,4.07,7.9239,4775.61,3.524590163934424,weak_momentum,BULL_TREND,100.0,100.0,47.7561,80.0,54.676698022068166,33.33333333333333,0.0,88.10213454983588,0.0,2,2,D_pure_quant_vr1.2,True
603728,603728.SH,鸣志电器,电气设备,20250806,62.75,62.57597099309079,62.57597099309079,0.0,2.2,3.977,12756.68,3.1336832355665347,weak_momentum,BULL_TREND,56.87517618749676,100.0,100.0,40.0,64.51271197959943,63.33333333333333,0.0,61.340807342397966,0.0,3,3,D_pure_quant_vr1.2,True
2196,002196.SZ,方正电机,纺织机械,20250806,9.04,56.09381623522965,56.09381623522965,0.0,2.47,7.9027,8641.31,7.377049180327876,weak_momentum,BULL_TREND,65.22555209049766,100.0,86.4131,100.0,28.73941540802799,53.333333333333336,0.0,73.92639169992225,0.0,1,1,E_ablate_sector_vr1.2,True
600839,600839.SH,四川长虹,家用电器,20250806,9.98,54.817674192922375,54.817674192922375,0.0,1.77,3.1155,39383.06,3.106796116504857,weak_momentum,BULL_TREND,41.18746801541364,100.0,100.0,80.0,41.13181088058535,63.33333333333333,0.0,45.5,46.47887323943662,2,2,E_ablate_sector_vr1.2,True
605166,605166.SH,聚合顺,化纤,20250806,11.77,54.47808484914205,54.47808484914205,0.0,4.07,7.9239,4775.61,3.524590163934424,weak_momentum,BULL_TREND,100.0,100.0,47.7561,80.0,54.676698022068166,33.33333333333333,0.0,88.10213454983588,0.0,3,3,E_ablate_sector_vr1.2,True
920533,920533.BJ,骏创科技,汽车配件,20250806,36.14,54.757216694636575,54.757216694636575,0.0,3.15,8.2097,,3.8574088853418536,weak_momentum,BULL_TREND,82.7675914306277,100.0,0.0,80.0,77.09104273108919,66.66666666666666,0.0,76.30058824697139,0.0,1,1,E_ablate_inflow_vr1.2,True
605166,605166.SH,聚合顺,化纤,20250806,11.77,54.169838372029744,54.169838372029744,0.0,4.07,7.9239,4775.61,3.524590163934424,weak_momentum,BULL_TREND,100.0,100.0,47.7561,80.0,55.25234348591796,33.33333333333333,0.0,88.10213454983588,0.0,2,2,E_ablate_inflow_vr1.2,True
603187,603187.SH,海容冷链,机械基件,20250806,12.91,50.56847380092708,50.56847380092708,0.0,4.82,5.7037,1801.92,2.2710068130204446,weak_momentum,BULL_TREND,100.0,78.13020439061333,18.0192,40.0,44.57642568866065,96.66666666666669,0.0,84.48701391614031,0.0,3,3,E_ablate_inflow_vr1.2,True
2204,002204.SZ,大连重工,专用机械,20250806,6.55,55.58826606895742,55.58826606895742,0.0,2.69,4.9843,16573.7,8.901251738525739,weak_momentum,BULL_TREND,71.38030863909496,100.0,100.0,65.0,55.31924293173228,66.66666666666666,0.0,45.80879535089801,0.0,1,1,E_ablate_wyckoff_vr1.2,True
600546,600546.SH,山煤国际,煤炭开采,20250806,10.26,55.49870815506425,55.49870815506425,0.0,2.36,3.5278,23251.31,4.911955514365148,weak_momentum,BULL_TREND,61.93934297935583,100.0,100.0,80.0,59.163155832183634,66.66666666666666,0.0,30.261699694419377,0.0,2,2,E_ablate_wyckoff_vr1.2,True
2681,002681.SZ,奋达科技,元器件,20250806,6.83,54.75727535828931,54.75727535828931,0.0,2.08,6.8613,17400.95,4.207573632538567,weak_momentum,BULL_TREND,52.82917641831838,100.0,100.0,65.0,72.7748815258326,53.333333333333336,0.0,42.176020387071794,0.0,3,3,E_ablate_wyckoff_vr1.2,True
302132,302132.SZ,中航成飞,航空,20250806,88.82,64.75391316548485,64.75391316548485,0.0,2.53,5.8322,59059.42,3.843239146909182,weak_momentum,BULL_TREND,66.95686924597926,100.0,100.0,65.0,69.66448820556852,10.0,0.0,70.07139698501788,0.0,1,1,E_ablate_accel_vr1.2,True
605166,605166.SH,聚合顺,化纤,20250806,11.77,62.67958955245227,62.67958955245227,0.0,4.07,7.9239,4775.61,3.524590163934424,weak_momentum,BULL_TREND,100.0,100.0,47.7561,80.0,54.676698022068166,33.33333333333333,0.0,88.10213454983588,0.0,2,2,E_ablate_accel_vr1.2,True
603728,603728.SH,鸣志电器,电气设备,20250806,62.75,62.57597099309079,62.57597099309079,0.0,2.2,3.977,12756.68,3.1336832355665347,weak_momentum,BULL_TREND,56.87517618749676,100.0,100.0,40.0,64.51271197959943,63.33333333333333,0.0,61.340807342397966,0.0,3,3,E_ablate_accel_vr1.2,True
795,000795.SZ,英洛华,矿物制品,20250807,11.55,74.57278798255415,68.51277021630867,6.060017766245479,3.24,8.7565,13097.53,3.990024937655849,weak_momentum,BULL_TREND,84.79969065549501,100.0,100.0,65.0,60.60017766245478,66.66666666666666,0.0,67.46304423521906,0.0,1,1,A_recovered_proxy_vr1.5,True
600881,600881.SH,亚泰集团,综合类,20250807,1.87,70.3942284038331,70.3942284038331,0.0,3.78,6.1481,10167.1,5.076142131979688,weak_momentum,BULL_TREND,95.9193117223174,100.0,100.0,100.0,47.369361165538805,33.33333333333333,0.0,81.5617386932533,0.0,2,2,A_recovered_proxy_vr1.5,True
605111,605111.SH,新洁能,半导体,20250807,33.21,69.61051523313371,63.15804258571461,6.452472647419111,3.2,5.4668,13407.59,1.861702127659582,weak_momentum,BULL_TREND,83.90359525563188,65.85106382978746,100.0,40.0,64.5247264741911,33.33333333333333,0.0,75.5,0.0,3,3,A_recovered_proxy_vr1.5,True
600881,600881.SH,亚泰集团,综合类,20250807,1.87,70.3942284038331,70.3942284038331,0.0,3.78,6.1481,10167.1,5.076142131979688,weak_momentum,BULL_TREND,95.9193117223174,100.0,100.0,100.0,47.369361165538805,33.33333333333333,0.0,81.5617386932533,0.0,1,1,B_pure_quant_vr1.5,True
795,000795.SZ,英洛华,矿物制品,20250807,11.55,68.51277021630867,68.51277021630867,0.0,3.24,8.7565,13097.53,3.990024937655849,weak_momentum,BULL_TREND,84.79969065549501,100.0,100.0,65.0,60.60017766245478,66.66666666666666,0.0,67.46304423521906,0.0,2,2,B_pure_quant_vr1.5,True
605111,605111.SH,新洁能,半导体,20250807,33.21,63.15804258571461,63.15804258571461,0.0,3.2,5.4668,13407.59,1.861702127659582,weak_momentum,BULL_TREND,83.90359525563188,65.85106382978746,100.0,40.0,64.5247264741911,33.33333333333333,0.0,75.5,0.0,3,3,B_pure_quant_vr1.5,True
795,000795.SZ,英洛华,矿物制品,20250807,11.55,73.97328914751435,68.15307091528479,5.820218232229568,3.24,8.7565,13097.53,3.990024937655849,weak_momentum,BULL_TREND,84.79969065549501,100.0,100.0,65.0,58.20218232229567,66.66666666666666,0.0,67.46304423521906,0.0,1,1,A_recovered_proxy_vr1.2,True
600881,600881.SH,亚泰集团,综合类,20250807,1.87,70.18703776019761,70.18703776019761,0.0,3.78,6.1481,10167.1,5.076142131979688,weak_momentum,BULL_TREND,95.9193117223174,100.0,100.0,100.0,45.98809020796898,33.33333333333333,0.0,81.5617386932533,0.0,2,2,A_recovered_proxy_vr1.2,True
605111,605111.SH,新洁能,半导体,20250807,33.21,69.42249092736755,63.0452280022549,6.37726292511264,3.2,5.4668,13407.59,1.861702127659582,weak_momentum,BULL_TREND,83.90359525563188,65.85106382978746,100.0,40.0,63.7726292511264,33.33333333333333,0.0,75.5,0.0,3,3,A_recovered_proxy_vr1.2,True
600881,600881.SH,亚泰集团,综合类,20250807,1.87,70.18703776019761,70.18703776019761,0.0,3.78,6.1481,10167.1,5.076142131979688,weak_momentum,BULL_TREND,95.9193117223174,100.0,100.0,100.0,45.98809020796898,33.33333333333333,0.0,81.5617386932533,0.0,1,1,D_pure_quant_vr1.2,True
795,000795.SZ,英洛华,矿物制品,20250807,11.55,68.15307091528479,68.15307091528479,0.0,3.24,8.7565,13097.53,3.990024937655849,weak_momentum,BULL_TREND,84.79969065549501,100.0,100.0,65.0,58.20218232229567,66.66666666666666,0.0,67.46304423521906,0.0,2,2,D_pure_quant_vr1.2,True
605111,605111.SH,新洁能,半导体,20250807,33.21,63.0452280022549,63.0452280022549,0.0,3.2,5.4668,13407.59,1.861702127659582,weak_momentum,BULL_TREND,83.90359525563188,65.85106382978746,100.0,40.0,63.7726292511264,33.33333333333333,0.0,75.5,0.0,3,3,D_pure_quant_vr1.2,True
600881,600881.SH,亚泰集团,综合类,20250807,1.87,63.28882422900227,63.28882422900227,0.0,3.78,6.1481,10167.1,5.076142131979688,weak_momentum,BULL_TREND,95.9193117223174,100.0,100.0,100.0,45.98809020796898,33.33333333333333,0.0,81.5617386932533,0.0,1,1,E_ablate_sector_vr1.2,True
795,000795.SZ,英洛华,矿物制品,20250807,11.55,59.42274356694044,59.42274356694044,0.0,3.24,8.7565,13097.53,3.990024937655849,weak_momentum,BULL_TREND,84.79969065549501,100.0,100.0,65.0,58.20218232229567,66.66666666666666,0.0,67.46304423521906,0.0,2,2,E_ablate_sector_vr1.2,True
600770,600770.SH,综艺股份,综合类,20250807,5.61,55.91673787486366,55.91673787486366,0.0,2.94,3.8327,8591.99,6.187290969899667,weak_momentum,BULL_TREND,77.79080775308198,100.0,85.9199,80.0,45.98809020796898,63.33333333333333,0.0,64.10578696823131,0.0,3,3,E_ablate_sector_vr1.2,True
600881,600881.SH,亚泰集团,综合类,20250807,1.87,52.25597288225888,52.25597288225888,0.0,3.78,6.1481,10167.1,5.076142131979688,weak_momentum,BULL_TREND,95.9193117223174,100.0,100.0,100.0,46.44765768837739,33.33333333333333,0.0,81.5617386932533,0.0,1,1,E_ablate_inflow_vr1.2,True
795,000795.SZ,英洛华,矿物制品,20250807,11.55,50.27274772494352,50.27274772494352,0.0,3.24,8.7565,13097.53,3.990024937655849,weak_momentum,BULL_TREND,84.79969065549501,100.0,100.0,65.0,59.0000277200205,66.66666666666666,0.0,67.46304423521906,0.0,2,2,E_ablate_inflow_vr1.2,True
603777,603777.SH,来伊份,食品,20250807,13.18,50.20793484588874,50.20793484588874,0.0,4.07,4.7781,4591.44,2.007434944237916,weak_momentum,BULL_TREND,100.0,70.22304832713746,45.91439999999999,65.0,46.84204957866038,66.66666666666666,0.0,87.81018850999908,0.0,3,3,E_ablate_inflow_vr1.2,True
795,000795.SZ,英洛华,矿物制品,20250807,11.55,58.033614280001935,58.033614280001935,0.0,3.24,8.7565,13097.53,3.990024937655849,weak_momentum,BULL_TREND,84.79969065549501,100.0,100.0,65.0,58.20218232229567,66.66666666666666,0.0,67.46304423521906,0.0,1,1,E_ablate_wyckoff_vr1.2,True
600881,600881.SH,亚泰集团,综合类,20250807,1.87,57.95277695620962,57.95277695620962,0.0,3.78,6.1481,10167.1,5.076142131979688,weak_momentum,BULL_TREND,95.9193117223174,100.0,100.0,100.0,45.98809020796898,33.33333333333333,0.0,81.5617386932533,0.0,2,2,E_ablate_wyckoff_vr1.2,True
758,000758.SZ,中色股份,铅锌,20250807,6.22,57.14773931350695,57.14773931350695,0.0,2.58,7.6294,14457.17,9.197080291970805,weak_momentum,BULL_TREND,68.36855328242648,100.0,100.0,100.0,57.06081991873095,66.66666666666666,0.0,25.61128659707301,0.0,3,3,E_ablate_wyckoff_vr1.2,True
600881,600881.SH,亚泰集团,综合类,20250807,1.87,70.18703776019761,70.18703776019761,0.0,3.78,6.1481,10167.1,5.076142131979688,weak_momentum,BULL_TREND,95.9193117223174,100.0,100.0,100.0,45.98809020796898,33.33333333333333,0.0,81.5617386932533,0.0,1,1,E_ablate_accel_vr1.2,True
795,000795.SZ,英洛华,矿物制品,20250807,11.55,68.15307091528479,68.15307091528479,0.0,3.24,8.7565,13097.53,3.990024937655849,weak_momentum,BULL_TREND,84.79969065549501,100.0,100.0,65.0,58.20218232229567,66.66666666666666,0.0,67.46304423521906,0.0,2,2,E_ablate_accel_vr1.2,True
605111,605111.SH,新洁能,半导体,20250807,33.21,63.0452280022549,63.0452280022549,0.0,3.2,5.4668,13407.59,1.861702127659582,weak_momentum,BULL_TREND,83.90359525563188,65.85106382978746,100.0,40.0,63.7726292511264,33.33333333333333,0.0,75.5,0.0,3,3,E_ablate_accel_vr1.2,True
2202,002202.SZ,金风科技,电气设备,20250808,10.15,76.92494132608037,68.81264050578997,8.1123008202904,3.78,3.4101,31127.11,1.3605442176870632,weak_momentum,BULL_TREND,95.9193117223174,50.816326530611896,100.0,40.0,81.123008202904,96.66666666666669,0.0,75.5,0.0,1,1,A_recovered_proxy_vr1.5,True
600800,600800.SH,渤海化学,化工原料,20250808,4.2,75.41759193155995,67.78399167872342,7.63360025283653,4.05,6.1822,6533.03,4.977375565610854,weak_momentum,BULL_TREND,100.0,100.0,65.3303,65.0,76.3360025283653,53.333333333333336,0.0,77.7164708853464,0.0,2,2,A_recovered_proxy_vr1.5,True
605066,605066.SH,天正电气,电气设备,20250808,7.83,73.34394769865752,65.23164687836712,8.1123008202904,4.51,8.9921,5412.09,1.7565872020075244,weak_momentum,BULL_TREND,100.0,62.69761606022573,54.1209,80.0,81.123008202904,76.66666666666667,0.0,86.42924258247395,0.0,3,3,A_recovered_proxy_vr1.5,True
2202,002202.SZ,金风科技,电气设备,20250808,10.15,68.81264050578997,68.81264050578997,0.0,3.78,3.4101,31127.11,1.3605442176870632,weak_momentum,BULL_TREND,95.9193117223174,50.816326530611896,100.0,40.0,81.123008202904,96.66666666666669,0.0,75.5,0.0,1,1,B_pure_quant_vr1.5,True
600800,600800.SH,渤海化学,化工原料,20250808,4.2,67.78399167872342,67.78399167872342,0.0,4.05,6.1822,6533.03,4.977375565610854,weak_momentum,BULL_TREND,100.0,100.0,65.3303,65.0,76.3360025283653,53.333333333333336,0.0,77.7164708853464,0.0,2,2,B_pure_quant_vr1.5,True
600644,600644.SH,乐山电力,水力发电,20250808,14.47,67.33118223338512,67.33118223338512,0.0,3.41,11.2894,13947.61,8.936438011327878,weak_momentum,BULL_TREND,88.4885869624724,100.0,100.0,80.0,45.28797846874775,66.66666666666666,0.0,66.20909390245842,0.0,3,3,B_pure_quant_vr1.5,True
2202,002202.SZ,金风科技,电气设备,20250808,10.15,76.97201079147732,68.84088218502814,8.13112860644918,3.78,3.4101,31127.11,1.3605442176870632,weak_momentum,BULL_TREND,95.9193117223174,50.816326530611896,100.0,40.0,81.3112860644918,96.66666666666669,0.0,75.5,0.0,1,1,A_recovered_proxy_vr1.2,True
605066,605066.SH,天正电气,电气设备,20250808,7.83,73.39101716405446,65.25988855760528,8.13112860644918,4.51,8.9921,5412.09,1.7565872020075244,weak_momentum,BULL_TREND,100.0,62.69761606022573,54.1209,80.0,81.3112860644918,76.66666666666667,0.0,86.42924258247395,0.0,2,2,A_recovered_proxy_vr1.2,True
601218,601218.SH,吉鑫科技,电气设备,20250808,4.31,72.47756526467806,64.34643665822888,8.13112860644918,2.83,7.7713,5293.39,4.22222222222223,weak_momentum,BULL_TREND,75.04010265285788,100.0,52.9339,80.0,81.3112860644918,33.33333333333333,0.0,91.32639789306506,0.0,3,3,A_recovered_proxy_vr1.2,True
2202,002202.SZ,金风科技,电气设备,20250808,10.15,68.84088218502814,68.84088218502814,0.0,3.78,3.4101,31127.11,1.3605442176870632,weak_momentum,BULL_TREND,95.9193117223174,50.816326530611896,100.0,40.0,81.3112860644918,96.66666666666669,0.0,75.5,0.0,1,1,D_pure_quant_vr1.2,True
600644,600644.SH,乐山电力,水力发电,20250808,14.47,67.02837833249573,67.02837833249573,0.0,3.41,11.2894,13947.61,8.936438011327878,weak_momentum,BULL_TREND,88.4885869624724,100.0,100.0,80.0,43.26928579615186,66.66666666666666,0.0,66.20909390245842,0.0,2,2,D_pure_quant_vr1.2,True
600800,600800.SH,渤海化学,化工原料,20250808,4.2,66.58417239372456,66.58417239372456,0.0,4.05,6.1822,6533.03,4.977375565610854,weak_momentum,BULL_TREND,100.0,100.0,65.3303,65.0,68.33720729503958,53.333333333333336,0.0,77.7164708853464,0.0,3,3,D_pure_quant_vr1.2,True
600644,600644.SH,乐山电力,水力发电,20250808,14.47,60.53798546307296,60.53798546307296,0.0,3.41,11.2894,13947.61,8.936438011327878,weak_momentum,BULL_TREND,88.4885869624724,100.0,100.0,80.0,43.26928579615186,66.66666666666666,0.0,66.20909390245842,0.0,1,1,E_ablate_sector_vr1.2,True
2202,002202.SZ,金风科技,电气设备,20250808,10.15,56.64418927535437,56.64418927535437,0.0,3.78,3.4101,31127.11,1.3605442176870632,weak_momentum,BULL_TREND,95.9193117223174,50.816326530611896,100.0,40.0,81.3112860644918,96.66666666666669,0.0,75.5,0.0,2,2,E_ablate_sector_vr1.2,True
600800,600800.SH,渤海化学,化工原料,20250808,4.2,56.33359129946862,56.33359129946862,0.0,4.05,6.1822,6533.03,4.977375565610854,weak_momentum,BULL_TREND,100.0,100.0,65.3303,65.0,68.33720729503958,53.333333333333336,0.0,77.7164708853464,0.0,3,3,E_ablate_sector_vr1.2,True
605066,605066.SH,天正电气,电气设备,20250808,7.83,55.215644471993365,55.215644471993365,0.0,4.51,8.9921,5412.09,1.7565872020075244,weak_momentum,BULL_TREND,100.0,62.69761606022573,54.1209,80.0,79.29473882707902,76.66666666666667,0.0,86.42924258247395,0.0,1,1,E_ablate_inflow_vr1.2,True
600800,600800.SH,渤海化学,化工原料,20250808,4.2,54.84013792434961,54.84013792434961,0.0,4.05,6.1822,6533.03,4.977375565610854,weak_momentum,BULL_TREND,100.0,100.0,65.3303,65.0,68.44000416587323,53.333333333333336,0.0,77.7164708853464,0.0,2,2,E_ablate_inflow_vr1.2,True
601218,601218.SH,吉鑫科技,电气设备,20250808,4.31,54.51585257261696,54.51585257261696,0.0,2.83,7.7713,5293.39,4.22222222222223,weak_momentum,BULL_TREND,75.04010265285788,100.0,52.9339,80.0,79.29473882707902,33.33333333333333,0.0,91.32639789306506,0.0,3,3,E_ablate_inflow_vr1.2,True
2202,002202.SZ,金风科技,电气设备,20250808,10.15,57.51588218502814,57.51588218502814,0.0,3.78,3.4101,31127.11,1.3605442176870632,weak_momentum,BULL_TREND,95.9193117223174,50.816326530611896,100.0,40.0,81.3112860644918,96.66666666666669,0.0,75.5,0.0,1,1,E_ablate_wyckoff_vr1.2,True
600644,600644.SH,乐山电力,水力发电,20250808,14.47,57.09701424712697,57.09701424712697,0.0,3.41,11.2894,13947.61,8.936438011327878,weak_momentum,BULL_TREND,88.4885869624724,100.0,100.0,80.0,43.26928579615186,66.66666666666666,0.0,66.20909390245842,0.0,2,2,E_ablate_wyckoff_vr1.2,True
600800,600800.SH,渤海化学,化工原料,20250808,4.2,54.926701760922604,54.926701760922604,0.0,4.05,6.1822,6533.03,4.977375565610854,weak_momentum,BULL_TREND,100.0,100.0,65.3303,65.0,68.33720729503958,53.333333333333336,0.0,77.7164708853464,0.0,3,3,E_ablate_wyckoff_vr1.2,True
2202,002202.SZ,金风科技,电气设备,20250808,10.15,68.84088218502814,68.84088218502814,0.0,3.78,3.4101,31127.11,1.3605442176870632,weak_momentum,BULL_TREND,95.9193117223174,50.816326530611896,100.0,40.0,81.3112860644918,96.66666666666669,0.0,75.5,0.0,1,1,E_ablate_accel_vr1.2,True
600644,600644.SH,乐山电力,水力发电,20250808,14.47,67.02837833249573,67.02837833249573,0.0,3.41,11.2894,13947.61,8.936438011327878,weak_momentum,BULL_TREND,88.4885869624724,100.0,100.0,80.0,43.26928579615186,66.66666666666666,0.0,66.20909390245842,0.0,2,2,E_ablate_accel_vr1.2,True
600800,600800.SH,渤海化学,化工原料,20250808,4.2,66.58417239372456,66.58417239372456,0.0,4.05,6.1822,6533.03,4.977375565610854,weak_momentum,BULL_TREND,100.0,100.0,65.3303,65.0,68.33720729503958,53.333333333333336,0.0,77.7164708853464,0.0,3,3,E_ablate_accel_vr1.2,True
2636,002636.SZ,金安国纪,元器件,20250811,12.34,70.60945982732237,62.18175759246328,8.427702234859089,1.94,4.5538,8802.46,3.744149765990642,weak_momentum,BULL_TREND,47.802832620620144,100.0,88.02459999999999,40.0,84.27702234859089,63.33333333333333,0.0,62.39123120276639,0.0,1,1,A_recovered_proxy_vr1.5,True
600197,600197.SH,伊力特,白酒,20250811,15.63,69.14956792250338,69.14956792250338,0.0,6.17,5.2231,10559.72,1.4501891551071793,weak_momentum,BULL_TREND,100.0,53.50567465321538,100.0,100.0,49.76844746474754,96.66666666666669,0.0,82.86857674048048,0.0,2,2,A_recovered_proxy_vr1.5,True
1236,001236.SZ,弘业期货,多元金融,20250811,12.76,69.0561651878004,69.0561651878004,0.0,2.78,6.7143,11794.84,10.330288123682363,weak_momentum,BULL_TREND,73.75424414743912,100.0,100.0,100.0,48.18334735074176,66.66666666666666,0.0,82.88128753159957,0.0,3,3,A_recovered_proxy_vr1.5,True
600197,600197.SH,伊力特,白酒,20250811,15.63,69.14956792250338,69.14956792250338,0.0,6.17,5.2231,10559.72,1.4501891551071793,weak_momentum,BULL_TREND,100.0,53.50567465321538,100.0,100.0,49.76844746474754,96.66666666666669,0.0,82.86857674048048,0.0,1,1,B_pure_quant_vr1.5,True
1236,001236.SZ,弘业期货,多元金融,20250811,12.76,69.0561651878004,69.0561651878004,0.0,2.78,6.7143,11794.84,10.330288123682363,weak_momentum,BULL_TREND,73.75424414743912,100.0,100.0,100.0,48.18334735074176,66.66666666666666,0.0,82.88128753159957,0.0,2,2,B_pure_quant_vr1.5,True
600361,600361.SH,创新新材,铝,20250811,4.26,68.77385136137578,68.77385136137578,0.0,5.55,9.1355,12626.47,4.269662921348323,weak_momentum,BULL_TREND,100.0,100.0,100.0,60.0,51.88123129806078,33.33333333333333,0.0,75.5,0.0,3,3,B_pure_quant_vr1.5,True
2636,002636.SZ,金安国纪,元器件,20250811,12.34,71.95304777425736,63.48791036062427,8.465137413633082,1.94,4.5538,8802.46,3.744149765990642,weak_momentum,BULL_TREND,47.802832620620144,100.0,88.02459999999999,65.0,84.65137413633082,63.33333333333333,0.0,62.39123120276639,0.0,1,1,A_recovered_proxy_vr1.2,True
2273,002273.SZ,水晶光电,元器件,20250811,21.66,68.96807741183818,60.5029399982051,8.465137413633082,1.98,5.9172,29593.94,1.5454545454545447,weak_momentum,BULL_TREND,49.27502151524424,56.363636363636346,100.0,65.0,84.65137413633082,53.333333333333336,0.0,64.89118413443876,0.0,2,2,A_recovered_proxy_vr1.2,True
600197,600197.SH,伊力特,白酒,20250811,15.63,68.69478737919312,68.69478737919312,0.0,6.17,5.2231,10559.72,1.4501891551071793,weak_momentum,BULL_TREND,100.0,53.50567465321538,100.0,100.0,46.73657717601248,96.66666666666669,0.0,82.86857674048048,0.0,3,3,A_recovered_proxy_vr1.2,True
600197,600197.SH,伊力特,白酒,20250811,15.63,68.69478737919312,68.69478737919312,0.0,6.17,5.2231,10559.72,1.4501891551071793,weak_momentum,BULL_TREND,100.0,53.50567465321538,100.0,100.0,46.73657717601248,96.66666666666669,0.0,82.86857674048048,0.0,1,1,D_pure_quant_vr1.2,True
600361,600361.SH,创新新材,铝,20250811,4.26,68.56052148232047,68.56052148232047,0.0,5.55,9.1355,12626.47,4.269662921348323,weak_momentum,BULL_TREND,100.0,100.0,100.0,60.0,50.45903210435871,33.33333333333333,0.0,75.5,0.0,2,2,D_pure_quant_vr1.2,True
1236,001236.SZ,弘业期货,多元金融,20250811,12.76,67.4814032216195,67.4814032216195,0.0,2.78,6.7143,11794.84,10.330288123682363,weak_momentum,BULL_TREND,73.75424414743912,100.0,100.0,100.0,37.68493424286908,66.66666666666666,0.0,82.88128753159957,0.0,3,3,D_pure_quant_vr1.2,True
1236,001236.SZ,弘业期货,多元金融,20250811,12.76,61.828663085189135,61.828663085189135,0.0,2.78,6.7143,11794.84,10.330288123682363,weak_momentum,BULL_TREND,73.75424414743912,100.0,100.0,100.0,37.68493424286908,66.66666666666666,0.0,82.88128753159957,0.0,1,1,E_ablate_sector_vr1.2,True
600197,600197.SH,伊力特,白酒,20250811,15.63,61.68430080279125,61.68430080279125,0.0,6.17,5.2231,10559.72,1.4501891551071793,weak_momentum,BULL_TREND,100.0,53.50567465321538,100.0,100.0,46.73657717601248,96.66666666666669,0.0,82.86857674048048,0.0,2,2,E_ablate_sector_vr1.2,True
601933,601933.SH,永辉超市,超市连锁,20250811,4.85,60.99652368270137,60.99652368270137,0.0,3.56,3.4649,64170.23,3.3864541832669315,weak_momentum,BULL_TREND,91.59386205958366,100.0,100.0,80.0,34.381815276725824,63.33333333333333,0.0,67.27185138064773,0.0,3,3,E_ablate_sector_vr1.2,True
3015,003015.SZ,日久光电,元器件,20250811,16.99,54.40142886058605,54.40142886058605,0.0,2.34,10.1908,555.26,6.391184573002756,weak_momentum,BULL_TREND,61.32542649043399,100.0,5.5526,80.0,84.65137413633082,53.333333333333336,0.0,92.25494733269775,0.0,1,1,E_ablate_inflow_vr1.2,True
600197,600197.SH,伊力特,白酒,20250811,15.63,50.69478737919312,50.69478737919312,0.0,6.17,5.2231,10559.72,1.4501891551071793,weak_momentum,BULL_TREND,100.0,53.50567465321538,100.0,100.0,46.73657717601248,96.66666666666669,0.0,82.86857674048048,0.0,2,2,E_ablate_inflow_vr1.2,True
600361,600361.SH,创新新材,铝,20250811,4.26,50.56052148232048,50.56052148232048,0.0,5.55,9.1355,12626.47,4.269662921348323,weak_momentum,BULL_TREND,100.0,100.0,100.0,60.0,50.45903210435871,33.33333333333333,0.0,75.5,0.0,3,3,E_ablate_inflow_vr1.2,True
600361,600361.SH,创新新材,铝,20250811,4.26,57.23552148232047,57.23552148232047,0.0,5.55,9.1355,12626.47,4.269662921348323,weak_momentum,BULL_TREND,100.0,100.0,100.0,60.0,50.45903210435871,33.33333333333333,0.0,75.5,0.0,1,1,E_ablate_wyckoff_vr1.2,True
600197,600197.SH,伊力特,白酒,20250811,15.63,56.264500868121054,56.264500868121054,0.0,6.17,5.2231,10559.72,1.4501891551071793,weak_momentum,BULL_TREND,100.0,53.50567465321538,100.0,100.0,46.73657717601248,96.66666666666669,0.0,82.86857674048048,0.0,2,2,E_ablate_wyckoff_vr1.2,True
601933,601933.SH,永辉超市,超市连锁,20250811,4.85,56.06301826711309,56.06301826711309,0.0,3.56,3.4649,64170.23,3.3864541832669315,weak_momentum,BULL_TREND,91.59386205958366,100.0,100.0,80.0,34.381815276725824,63.33333333333333,0.0,67.27185138064773,0.0,3,3,E_ablate_wyckoff_vr1.2,True
600197,600197.SH,伊力特,白酒,20250811,15.63,68.69478737919312,68.69478737919312,0.0,6.17,5.2231,10559.72,1.4501891551071793,weak_momentum,BULL_TREND,100.0,53.50567465321538,100.0,100.0,46.73657717601248,96.66666666666669,0.0,82.86857674048048,0.0,1,1,E_ablate_accel_vr1.2,True
600361,600361.SH,创新新材,铝,20250811,4.26,68.56052148232047,68.56052148232047,0.0,5.55,9.1355,12626.47,4.269662921348323,weak_momentum,BULL_TREND,100.0,100.0,100.0,60.0,50.45903210435871,33.33333333333333,0.0,75.5,0.0,2,2,E_ablate_accel_vr1.2,True
1236,001236.SZ,弘业期货,多元金融,20250811,12.76,67.4814032216195,67.4814032216195,0.0,2.78,6.7143,11794.84,10.330288123682363,weak_momentum,BULL_TREND,73.75424414743912,100.0,100.0,100.0,37.68493424286908,66.66666666666666,0.0,82.88128753159957,0.0,3,3,E_ablate_accel_vr1.2,True
2721,002721.SZ,金一文化,服饰,20250812,3.91,76.78802628140006,71.14651713116483,5.64150915023524,3.45,10.2111,30233.64,6.682577565632464,weak_momentum,BULL_TREND,89.32981809454034,100.0,100.0,60.0,56.4150915023524,43.333333333333336,0.0,94.12076016642833,0.0,1,1,A_recovered_proxy_vr1.5,True
301611,301611.SZ,珂玛科技,半导体,20250812,55.82,69.93323903438612,61.72367715204273,8.209561882343392,1.86,10.5031,8240.07,2.921739130434782,weak_momentum,BULL_TREND,44.76513106666534,97.65217391304348,82.4007,80.0,82.09561882343391,63.33333333333333,0.0,59.85007421530645,0.0,2,2,A_recovered_proxy_vr1.5,True
603986,603986.SH,兆易创新,半导体,20250812,120.47,68.57386870462338,60.36430682227999,8.209561882343392,1.92,3.8082,46563.75,7.094933292203278,weak_momentum,BULL_TREND,47.05531554732157,100.0,100.0,40.0,82.09561882343391,43.333333333333336,0.0,45.5,0.0,3,3,A_recovered_proxy_vr1.5,True
2721,002721.SZ,金一文化,服饰,20250812,3.91,71.14651713116483,71.14651713116483,0.0,3.45,10.2111,30233.64,6.682577565632464,weak_momentum,BULL_TREND,89.32981809454034,100.0,100.0,60.0,56.4150915023524,43.333333333333336,0.0,94.12076016642833,0.0,1,1,B_pure_quant_vr1.5,True
62,000062.SZ,深圳华强,元器件,20250812,26.96,67.12796468221829,67.12796468221829,0.0,3.23,5.0268,16065.88,3.056454512765185,weak_momentum,BULL_TREND,84.57670824596,100.0,100.0,65.0,39.05360274579306,33.33333333333333,0.0,91.1116757785911,0.0,2,2,B_pure_quant_vr1.5,True
818,000818.SZ,航锦科技,化工原料,20250812,22.87,66.52272407860039,66.52272407860039,0.0,4.09,11.5158,28386.88,1.3799051315222088,weak_momentum,BULL_TREND,100.0,51.39715394566626,100.0,80.0,34.16068082813377,100.0,0.0,88.20642320600254,0.0,3,3,B_pure_quant_vr1.5,True
2721,002721.SZ,金一文化,服饰,20250812,3.91,76.76541945191993,71.13295303347674,5.632466418443187,3.45,10.2111,30233.64,6.682577565632464,weak_momentum,BULL_TREND,89.32981809454034,100.0,100.0,60.0,56.32466418443187,43.333333333333336,0.0,94.12076016642833,0.0,1,1,A_recovered_proxy_vr1.2,True
301611,301611.SZ,珂玛科技,半导体,20250812,55.82,69.1519653759234,61.2549129569651,7.897052418958302,1.86,10.5031,8240.07,2.921739130434782,weak_momentum,BULL_TREND,44.76513106666534,97.65217391304348,82.4007,80.0,78.97052418958302,63.33333333333333,0.0,59.85007421530645,0.0,2,2,A_recovered_proxy_vr1.2,True
603986,603986.SH,兆易创新,半导体,20250812,120.47,67.79259504616066,59.89554262720235,7.897052418958302,1.92,3.8082,46563.75,7.094933292203278,weak_momentum,BULL_TREND,47.05531554732157,100.0,100.0,40.0,78.97052418958302,43.333333333333336,0.0,45.5,0.0,3,3,A_recovered_proxy_vr1.2,True
2721,002721.SZ,金一文化,服饰,20250812,3.91,71.13295303347674,71.13295303347674,0.0,3.45,10.2111,30233.64,6.682577565632464,weak_momentum,BULL_TREND,89.32981809454034,100.0,100.0,60.0,56.32466418443187,43.333333333333336,0.0,94.12076016642833,0.0,1,1,D_pure_quant_vr1.2,True
62,000062.SZ,深圳华强,元器件,20250812,26.96,66.99573512900321,66.99573512900321,0.0,3.23,5.0268,16065.88,3.056454512765185,weak_momentum,BULL_TREND,84.57670824596,100.0,100.0,65.0,38.17207239102585,33.33333333333333,0.0,91.1116757785911,0.0,2,2,D_pure_quant_vr1.2,True
818,000818.SZ,航锦科技,化工原料,20250812,22.87,66.50803989092084,66.50803989092084,0.0,4.09,11.5158,28386.88,1.3799051315222088,weak_momentum,BULL_TREND,100.0,51.39715394566626,100.0,80.0,34.06278624360337,100.0,0.0,88.20642320600254,0.0,3,3,D_pure_quant_vr1.2,True
2721,002721.SZ,金一文化,服饰,20250812,3.91,62.684253405811965,62.684253405811965,0.0,3.45,10.2111,30233.64,6.682577565632464,weak_momentum,BULL_TREND,89.32981809454034,100.0,100.0,60.0,56.32466418443187,43.333333333333336,0.0,94.12076016642833,0.0,1,1,E_ablate_sector_vr1.2,True
818,000818.SZ,航锦科技,化工原料,20250812,22.87,61.39862195438033,61.39862195438033,0.0,4.09,11.5158,28386.88,1.3799051315222088,weak_momentum,BULL_TREND,100.0,51.39715394566626,100.0,80.0,34.06278624360337,100.0,0.0,88.20642320600254,0.0,2,2,E_ablate_sector_vr1.2,True
62,000062.SZ,深圳华强,元器件,20250812,26.96,61.269924270349335,61.269924270349335,0.0,3.23,5.0268,16065.88,3.056454512765185,weak_momentum,BULL_TREND,84.57670824596,100.0,100.0,65.0,38.17207239102585,33.33333333333333,0.0,91.1116757785911,0.0,3,3,E_ablate_sector_vr1.2,True
603657,603657.SH,春光科技,家用电器,20250812,32.39,60.41226140705093,60.41226140705093,0.0,3.1,5.3842,-1039.84,6.414331118173935,weak_momentum,BULL_TREND,81.61341077497565,100.0,0.0,65.0,32.62515891220235,63.33333333333333,0.0,99.06539524871708,100.0,1,1,E_ablate_inflow_vr1.2,True
2721,002721.SZ,金一文化,服饰,20250812,3.91,53.22770285538843,53.22770285538843,0.0,3.45,10.2111,30233.64,6.682577565632464,weak_momentum,BULL_TREND,89.32981809454034,100.0,100.0,60.0,56.95632966384308,43.333333333333336,0.0,94.12076016642833,0.0,2,2,E_ablate_inflow_vr1.2,True
603823,603823.SH,百合花,染料涂料,20250812,13.7,53.19145754336337,53.19145754336337,0.0,3.51,6.1906,3406.41,5.582356995175744,weak_momentum,BULL_TREND,90.5735515264918,100.0,34.0641,100.0,50.86975436047862,66.66666666666666,0.0,77.61085551322984,0.0,3,3,E_ablate_inflow_vr1.2,True
2721,002721.SZ,金一文化,服饰,20250812,3.91,57.014839008512496,57.014839008512496,0.0,3.45,10.2111,30233.64,6.682577565632464,weak_momentum,BULL_TREND,89.32981809454034,100.0,100.0,60.0,56.32466418443187,43.333333333333336,0.0,94.12076016642833,0.0,1,1,E_ablate_wyckoff_vr1.2,True
62,000062.SZ,深圳华强,元器件,20250812,26.96,53.32898376221454,53.32898376221454,0.0,3.23,5.0268,16065.88,3.056454512765185,weak_momentum,BULL_TREND,84.57670824596,100.0,100.0,65.0,38.17207239102585,33.33333333333333,0.0,91.1116757785911,0.0,2,2,E_ablate_wyckoff_vr1.2,True
818,000818.SZ,航锦科技,化工原料,20250812,22.87,53.277076410020456,53.277076410020456,0.0,4.09,11.5158,28386.88,1.3799051315222088,weak_momentum,BULL_TREND,100.0,51.39715394566626,100.0,80.0,34.06278624360337,100.0,0.0,88.20642320600254,0.0,3,3,E_ablate_wyckoff_vr1.2,True
2721,002721.SZ,金一文化,服饰,20250812,3.91,71.13295303347674,71.13295303347674,0.0,3.45,10.2111,30233.64,6.682577565632464,weak_momentum,BULL_TREND,89.32981809454034,100.0,100.0,60.0,56.32466418443187,43.333333333333336,0.0,94.12076016642833,0.0,1,1,E_ablate_accel_vr1.2,True
62,000062.SZ,深圳华强,元器件,20250812,26.96,66.99573512900321,66.99573512900321,0.0,3.23,5.0268,16065.88,3.056454512765185,weak_momentum,BULL_TREND,84.57670824596,100.0,100.0,65.0,38.17207239102585,33.33333333333333,0.0,91.1116757785911,0.0,2,2,E_ablate_accel_vr1.2,True
818,000818.SZ,航锦科技,化工原料,20250812,22.87,66.50803989092084,66.50803989092084,0.0,4.09,11.5158,28386.88,1.3799051315222088,weak_momentum,BULL_TREND,100.0,51.39715394566626,100.0,80.0,34.06278624360337,100.0,0.0,88.20642320600254,0.0,3,3,E_ablate_accel_vr1.2,True
2583,002583.SZ,海能达,通信设备,20250813,12.34,79.26485994362443,71.61617179176041,7.648688151864015,2.98,10.2651,30282.39,0.8038585209003187,momentum,BULL_TREND,78.76561653437184,100.0,100.0,65.0,76.48688151864015,53.333333333333336,0.0,85.87286341209935,0.0,1,1,A_recovered_proxy_vr1.5,True
63,000063.SZ,中兴通讯,通信设备,20250813,35.5,78.12368093678214,70.47499278491811,7.648688151864015,2.67,3.9996,152096.61,0.7825600894354419,momentum,BULL_TREND,70.84198709564146,100.0,100.0,40.0,76.48688151864015,96.66666666666669,0.0,77.17985083510528,0.0,2,2,A_recovered_proxy_vr1.5,True
601377,601377.SH,兴业证券,证券,20250813,6.84,74.00597068613169,68.40953601297669,5.596434673155007,4.06,3.0738,20028.32,1.0130246020260534,momentum,BULL_TREND,100.0,100.0,100.0,40.0,55.96434673155007,53.333333333333336,0.0,75.5,0.0,3,3,A_recovered_proxy_vr1.5,True
2583,002583.SZ,海能达,通信设备,20250813,12.34,71.61617179176041,71.61617179176041,0.0,2.98,10.2651,30282.39,0.8038585209003187,momentum,BULL_TREND,78.76561653437184,100.0,100.0,65.0,76.48688151864015,53.333333333333336,0.0,85.87286341209935,0.0,1,1,B_pure_quant_vr1.5,True
63,000063.SZ,中兴通讯,通信设备,20250813,35.5,70.47499278491811,70.47499278491811,0.0,2.67,3.9996,152096.61,0.7825600894354419,momentum,BULL_TREND,70.84198709564146,100.0,100.0,40.0,76.48688151864015,96.66666666666669,0.0,77.17985083510528,0.0,2,2,B_pure_quant_vr1.5,True
973,000973.SZ,佛塑科技,塑料,20250813,6.95,68.70193867417969,68.70193867417969,0.0,4.0,7.1068,11653.07,1.4184397163120517,momentum,BULL_TREND,100.0,100.0,100.0,100.0,26.836065414134364,86.66666666666667,0.0,90.01392258019486,0.0,3,3,B_pure_quant_vr1.5,True
2583,002583.SZ,海能达,通信设备,20250813,12.34,79.37386374613034,71.93884099343101,7.43502275269932,2.98,10.2651,30282.39,0.8038585209003187,momentum,BULL_TREND,78.76561653437184,100.0,100.0,80.0,74.3502275269932,53.333333333333336,0.0,85.87286341209935,0.0,1,1,A_recovered_proxy_vr1.2,True
63,000063.SZ,中兴通讯,通信设备,20250813,35.5,77.48268473928805,70.04766198658872,7.43502275269932,2.67,3.9996,152096.61,0.7825600894354419,momentum,BULL_TREND,70.84198709564146,100.0,100.0,40.0,74.3502275269932,96.66666666666669,0.0,77.17985083510528,0.0,2,2,A_recovered_proxy_vr1.2,True
815,000815.SZ,美利云,通信设备,20250813,14.19,73.04853576093223,65.6135130082329,7.43502275269932,2.32,11.0077,8891.57,0.4908835904628351,momentum,BULL_TREND,60.706240267642364,100.0,88.9157,80.0,74.3502275269932,33.33333333333333,0.0,81.87724796021244,0.0,3,3,A_recovered_proxy_vr1.2,True
2583,002583.SZ,海能达,通信设备,20250813,12.34,71.93884099343101,71.93884099343101,0.0,2.98,10.2651,30282.39,0.8038585209003187,momentum,BULL_TREND,78.76561653437184,100.0,100.0,80.0,74.3502275269932,53.333333333333336,0.0,85.87286341209935,0.0,1,1,D_pure_quant_vr1.2,True
63,000063.SZ,中兴通讯,通信设备,20250813,35.5,70.04766198658872,70.04766198658872,0.0,2.67,3.9996,152096.61,0.7825600894354419,momentum,BULL_TREND,70.84198709564146,100.0,100.0,40.0,74.3502275269932,96.66666666666669,0.0,77.17985083510528,0.0,2,2,D_pure_quant_vr1.2,True
973,000973.SZ,佛塑科技,塑料,20250813,6.95,68.67975363073232,68.67975363073232,0.0,4.0,7.1068,11653.07,1.4184397163120517,momentum,BULL_TREND,100.0,100.0,100.0,100.0,26.72514019689753,86.66666666666667,0.0,90.01392258019486,0.0,3,3,D_pure_quant_vr1.2,True
973,000973.SZ,佛塑科技,塑料,20250813,6.95,63.33472559135282,63.33472559135282,0.0,4.0,7.1068,11653.07,1.4184397163120517,momentum,BULL_TREND,100.0,100.0,100.0,100.0,26.72514019689753,86.66666666666667,0.0,90.01392258019486,0.0,1,1,E_ablate_sector_vr1.2,True
600120,600120.SH,浙江东方,多元金融,20250813,6.39,61.52191431700268,61.52191431700268,0.0,3.47,5.5238,22426.95,1.2364760432766626,momentum,BULL_TREND,89.74678314017682,100.0,100.0,100.0,22.570002141764636,86.66666666666667,0.0,87.26563512642824,0.0,2,2,E_ablate_sector_vr1.2,True
600737,600737.SH,中粮糖业,食品,20250813,11.47,58.23054395023342,58.23054395023342,0.0,3.77,6.9437,14231.16,1.545064377682401,momentum,BULL_TREND,95.728226174697,100.0,100.0,100.0,32.15668308768914,33.33333333333333,0.0,72.04643357362202,0.0,3,3,E_ablate_sector_vr1.2,True
2583,002583.SZ,海能达,通信设备,20250813,12.34,51.74782576700312,51.74782576700312,0.0,2.98,10.2651,30282.39,0.8038585209003187,momentum,BULL_TREND,78.76561653437184,100.0,100.0,80.0,73.39515139485366,53.333333333333336,0.0,85.87286341209935,0.0,1,1,E_ablate_inflow_vr1.2,True
63,000063.SZ,中兴通讯,通信设备,20250813,35.5,49.856646760160814,49.856646760160814,0.0,2.67,3.9996,152096.61,0.7825600894354419,momentum,BULL_TREND,70.84198709564146,100.0,100.0,40.0,73.39515139485366,96.66666666666669,0.0,77.17985083510528,0.0,2,2,E_ablate_inflow_vr1.2,True
601377,601377.SH,兴业证券,证券,20250813,6.84,48.48264246836074,48.48264246836074,0.0,4.06,3.0738,20028.32,1.0130246020260534,momentum,BULL_TREND,100.0,100.0,100.0,40.0,56.32987900847039,53.333333333333336,0.0,75.5,0.0,3,3,E_ablate_inflow_vr1.2,True
2583,002583.SZ,海能达,通信设备,20250813,12.34,63.35155465222108,63.35155465222108,0.0,2.98,10.2651,30282.39,0.8038585209003187,momentum,BULL_TREND,78.76561653437184,100.0,100.0,80.0,74.3502275269932,53.333333333333336,0.0,85.87286341209935,0.0,1,1,E_ablate_wyckoff_vr1.2,True
63,000063.SZ,中兴通讯,通信设备,20250813,35.5,62.3296769030782,62.3296769030782,0.0,2.67,3.9996,152096.61,0.7825600894354419,momentum,BULL_TREND,70.84198709564146,100.0,100.0,40.0,74.3502275269932,96.66666666666669,0.0,77.17985083510528,0.0,2,2,E_ablate_wyckoff_vr1.2,True
2926,002926.SZ,华西证券,证券,20250813,10.37,61.340471402623805,61.340471402623805,0.0,3.3,3.8839,18667.82,2.629107981220668,momentum,BULL_TREND,86.12330122355455,100.0,100.0,65.0,56.69321442878645,76.66666666666667,0.0,63.97196727246155,0.0,3,3,E_ablate_wyckoff_vr1.2,True
2583,002583.SZ,海能达,通信设备,20250813,12.34,71.93884099343101,71.93884099343101,0.0,2.98,10.2651,30282.39,0.8038585209003187,momentum,BULL_TREND,78.76561653437184,100.0,100.0,80.0,74.3502275269932,53.333333333333336,0.0,85.87286341209935,0.0,1,1,E_ablate_accel_vr1.2,True
63,000063.SZ,中兴通讯,通信设备,20250813,35.5,70.04766198658872,70.04766198658872,0.0,2.67,3.9996,152096.61,0.7825600894354419,momentum,BULL_TREND,70.84198709564146,100.0,100.0,40.0,74.3502275269932,96.66666666666669,0.0,77.17985083510528,0.0,2,2,E_ablate_accel_vr1.2,True
973,000973.SZ,佛塑科技,塑料,20250813,6.95,68.67975363073232,68.67975363073232,0.0,4.0,7.1068,11653.07,1.4184397163120517,momentum,BULL_TREND,100.0,100.0,100.0,100.0,26.72514019689753,86.66666666666667,0.0,90.01392258019486,0.0,3,3,E_ablate_accel_vr1.2,True
2721,002721.SZ,金一文化,服饰,20250814,4.0,70.67449414370607,64.4992769905022,6.175217153203876,2.19,10.5807,19626.42,3.614457831325309,weak_momentum,BULL_TREND,56.54654349132243,100.0,100.0,60.0,61.75217153203876,10.0,0.0,88.36313157998678,0.0,1,1,A_recovered_proxy_vr1.5,True
617,000617.SZ,中油资本,多元金融,20250814,8.86,66.99364592902066,60.8508528041396,6.142793124881064,2.32,3.3096,34499.31,12.363996043521269,weak_momentum,BULL_TREND,60.706240267642364,96.96669963732278,100.0,40.0,61.42793124881064,63.33333333333333,0.0,51.52037635684167,0.0,2,2,A_recovered_proxy_vr1.5,True
541,000541.SZ,佛山照明,家用电器,20250814,6.69,66.74043379587332,66.74043379587332,0.0,3.76,4.7798,4992.92,1.327433628318582,weak_momentum,BULL_TREND,95.53663309514565,49.82300884955745,49.9292,80.0,32.93858467931035,96.66666666666669,0.0,91.13200489616464,100.0,3,3,A_recovered_proxy_vr1.5,True
541,000541.SZ,佛山照明,家用电器,20250814,6.69,66.74043379587332,66.74043379587332,0.0,3.76,4.7798,4992.92,1.327433628318582,weak_momentum,BULL_TREND,95.53663309514565,49.82300884955745,49.9292,80.0,32.93858467931035,96.66666666666669,0.0,91.13200489616464,100.0,1,1,B_pure_quant_vr1.5,True
2721,002721.SZ,金一文化,服饰,20250814,4.0,64.4992769905022,64.4992769905022,0.0,2.19,10.5807,19626.42,3.614457831325309,weak_momentum,BULL_TREND,56.54654349132243,100.0,100.0,60.0,61.75217153203876,10.0,0.0,88.36313157998678,0.0,2,2,B_pure_quant_vr1.5,True
2015,002015.SZ,协鑫能科,新型电力,20250814,12.2,63.41374502111129,63.41374502111129,0.0,2.74,7.2975,8683.51,9.629629629629637,weak_momentum,BULL_TREND,72.7087946592901,100.0,86.8351,100.0,53.498886734866176,63.33333333333333,0.0,57.9040543021412,0.0,3,3,B_pure_quant_vr1.5,True
2721,002721.SZ,金一文化,服饰,20250814,4.0,70.18440987410823,64.20522642874349,5.979183445364743,2.19,10.5807,19626.42,3.614457831325309,weak_momentum,BULL_TREND,56.54654349132243,100.0,100.0,60.0,59.79183445364743,10.0,0.0,88.36313157998678,0.0,1,1,A_recovered_proxy_vr1.2,True
541,000541.SZ,佛山照明,家用电器,20250814,6.69,66.66082431070653,66.66082431070653,0.0,3.76,4.7798,4992.92,1.327433628318582,weak_momentum,BULL_TREND,95.53663309514565,49.82300884955745,49.9292,80.0,32.40785477819844,96.66666666666669,0.0,91.13200489616464,100.0,2,2,A_recovered_proxy_vr1.2,True
721,000721.SZ,西安饮食,酒店餐饮,20250814,8.89,63.221884590753255,63.221884590753255,0.0,4.94,9.9708,6001.45,4.305705059203429,weak_momentum,BULL_TREND,100.0,100.0,60.0145,60.0,39.7415946738586,66.66666666666666,0.0,87.49801370894087,0.0,3,3,A_recovered_proxy_vr1.2,True
541,000541.SZ,佛山照明,家用电器,20250814,6.69,66.66082431070653,66.66082431070653,0.0,3.76,4.7798,4992.92,1.327433628318582,weak_momentum,BULL_TREND,95.53663309514565,49.82300884955745,49.9292,80.0,32.40785477819844,96.66666666666669,0.0,91.13200489616464,100.0,1,1,D_pure_quant_vr1.2,True
2721,002721.SZ,金一文化,服饰,20250814,4.0,64.20522642874349,64.20522642874349,0.0,2.19,10.5807,19626.42,3.614457831325309,weak_momentum,BULL_TREND,56.54654349132243,100.0,100.0,60.0,59.79183445364743,10.0,0.0,88.36313157998678,0.0,2,2,D_pure_quant_vr1.2,True
721,000721.SZ,西安饮食,酒店餐饮,20250814,8.89,63.221884590753255,63.221884590753255,0.0,4.94,9.9708,6001.45,4.305705059203429,weak_momentum,BULL_TREND,100.0,100.0,60.0145,60.0,39.7415946738586,66.66666666666666,0.0,87.49801370894087,0.0,3,3,D_pure_quant_vr1.2,True
541,000541.SZ,佛山照明,家用电器,20250814,6.69,61.79964609397677,61.79964609397677,0.0,3.76,4.7798,4992.92,1.327433628318582,weak_momentum,BULL_TREND,95.53663309514565,49.82300884955745,49.9292,80.0,32.40785477819844,96.66666666666669,0.0,91.13200489616464,100.0,1,1,E_ablate_sector_vr1.2,True
721,000721.SZ,西安饮食,酒店餐饮,20250814,8.89,57.26064538967447,57.26064538967447,0.0,4.94,9.9708,6001.45,4.305705059203429,weak_momentum,BULL_TREND,100.0,100.0,60.0145,60.0,39.7415946738586,66.66666666666666,0.0,87.49801370894087,0.0,2,2,E_ablate_sector_vr1.2,True
2015,002015.SZ,协鑫能科,新型电力,20250814,12.2,55.38891201088136,55.38891201088136,0.0,2.74,7.2975,8683.51,9.629629629629637,weak_momentum,BULL_TREND,72.7087946592901,100.0,86.8351,100.0,51.44540279314758,63.33333333333333,0.0,57.9040543021412,0.0,3,3,E_ablate_sector_vr1.2,True
541,000541.SZ,佛山照明,家用电器,20250814,6.69,57.68370219024484,57.68370219024484,0.0,3.76,4.7798,4992.92,1.327433628318582,weak_momentum,BULL_TREND,95.53663309514565,49.82300884955745,49.9292,80.0,32.47541397512045,96.66666666666669,0.0,91.13200489616464,100.0,1,1,E_ablate_inflow_vr1.2,True
721,000721.SZ,西安饮食,酒店餐饮,20250814,8.89,50.36596969073697,50.36596969073697,0.0,4.94,9.9708,6001.45,4.305705059203429,weak_momentum,BULL_TREND,100.0,100.0,60.0145,60.0,26.05289534041668,66.66666666666666,0.0,87.49801370894087,0.0,2,2,E_ablate_inflow_vr1.2,True
2015,002015.SZ,协鑫能科,新型电力,20250814,12.2,47.51461412739573,47.51461412739573,0.0,2.74,7.2975,8683.51,9.629629629629637,weak_momentum,BULL_TREND,72.7087946592901,100.0,86.8351,100.0,51.70680077676242,63.33333333333333,0.0,57.9040543021412,0.0,3,3,E_ablate_inflow_vr1.2,True
2015,002015.SZ,协鑫能科,新型电力,20250814,12.2,54.42011428453232,54.42011428453232,0.0,2.74,7.2975,8683.51,9.629629629629637,weak_momentum,BULL_TREND,72.7087946592901,100.0,86.8351,100.0,51.44540279314758,63.33333333333333,0.0,57.9040543021412,0.0,1,1,E_ablate_wyckoff_vr1.2,True
541,000541.SZ,佛山照明,家用电器,20250814,6.69,52.99102357628184,52.99102357628184,0.0,3.76,4.7798,4992.92,1.327433628318582,weak_momentum,BULL_TREND,95.53663309514565,49.82300884955745,49.9292,80.0,32.40785477819844,96.66666666666669,0.0,91.13200489616464,100.0,2,2,E_ablate_wyckoff_vr1.2,True
617,000617.SZ,中油资本,多元金融,20250814,8.86,52.65080631124451,52.65080631124451,0.0,2.32,3.3096,34499.31,12.363996043521269,weak_momentum,BULL_TREND,60.706240267642364,96.96669963732278,100.0,40.0,58.28133098635172,63.33333333333333,0.0,51.52037635684167,0.0,3,3,E_ablate_wyckoff_vr1.2,True
2721,002721.SZ,金一文化,服饰,20250814,4.0,64.20522642874349,64.20522642874349,0.0,2.19,10.5807,19626.42,3.614457831325309,weak_momentum,BULL_TREND,56.54654349132243,100.0,100.0,60.0,59.79183445364743,10.0,0.0,88.36313157998678,0.0,1,1,E_ablate_accel_vr1.2,True
721,000721.SZ,西安饮食,酒店餐饮,20250814,8.89,63.221884590753255,63.221884590753255,0.0,4.94,9.9708,6001.45,4.305705059203429,weak_momentum,BULL_TREND,100.0,100.0,60.0145,60.0,39.7415946738586,66.66666666666666,0.0,87.49801370894087,0.0,2,2,E_ablate_accel_vr1.2,True
2015,002015.SZ,协鑫能科,新型电力,20250814,12.2,63.10572242985349,63.10572242985349,0.0,2.74,7.2975,8683.51,9.629629629629637,weak_momentum,BULL_TREND,72.7087946592901,100.0,86.8351,100.0,51.44540279314758,63.33333333333333,0.0,57.9040543021412,0.0,3,3,E_ablate_accel_vr1.2,True
601099,601099.SH,太平洋,证券,20250815,4.31,85.10805285116611,76.73947229277798,8.36858055838813,3.72,11.7979,78036.04,1.372997711670492,momentum,BULL_TREND,94.76513106666536,100.0,100.0,100.0,83.68580558388129,33.33333333333333,0.0,91.20874849335245,0.0,1,1,A_recovered_proxy_vr1.5,True
750,000750.SZ,国海证券,证券,20250815,4.51,82.60875506845136,74.24017451006323,8.36858055838813,3.38,6.2711,27610.23,1.956521739130432,momentum,BULL_TREND,87.85116232537298,100.0,100.0,80.0,83.68580558388129,30.0,0.0,88.25339044481017,0.0,2,2,A_recovered_proxy_vr1.5,True
601375,601375.SH,中原证券,证券,20250815,4.66,81.22077860061775,72.85219804222962,8.36858055838813,2.8,6.1449,17253.57,1.2711864406779578,momentum,BULL_TREND,74.27134135851209,100.0,100.0,80.0,83.68580558388129,30.0,0.0,94.74335721676545,0.0,3,3,A_recovered_proxy_vr1.5,True
600839,600839.SH,四川长虹,家用电器,20250815,10.46,77.27516861395102,77.27516861395102,0.0,3.52,9.6988,117944.41,0.3809523809523728,momentum,BULL_TREND,90.77877144312862,100.0,100.0,80.0,48.14912731031292,33.33333333333333,0.0,83.61860768752483,100.0,1,1,B_pure_quant_vr1.5,True
601099,601099.SH,太平洋,证券,20250815,4.31,76.73947229277798,76.73947229277798,0.0,3.72,11.7979,78036.04,1.372997711670492,momentum,BULL_TREND,94.76513106666536,100.0,100.0,100.0,83.68580558388129,33.33333333333333,0.0,91.20874849335245,0.0,2,2,B_pure_quant_vr1.5,True
750,000750.SZ,国海证券,证券,20250815,4.51,74.24017451006323,74.24017451006323,0.0,3.38,6.2711,27610.23,1.956521739130432,momentum,BULL_TREND,87.85116232537298,100.0,100.0,80.0,83.68580558388129,30.0,0.0,88.25339044481017,0.0,3,3,B_pure_quant_vr1.5,True
601099,601099.SH,太平洋,证券,20250815,4.31,84.86835487186538,76.57967363991082,8.288681231954554,3.72,11.7979,78036.04,1.372997711670492,momentum,BULL_TREND,94.76513106666536,100.0,100.0,100.0,82.88681231954553,33.33333333333333,0.0,91.20874849335245,0.0,1,1,A_recovered_proxy_vr1.2,True
750,000750.SZ,国海证券,证券,20250815,4.51,82.36905708915063,74.08037585719607,8.288681231954554,3.38,6.2711,27610.23,1.956521739130432,momentum,BULL_TREND,87.85116232537298,100.0,100.0,80.0,82.88681231954553,30.0,0.0,88.25339044481017,0.0,2,2,A_recovered_proxy_vr1.2,True
601375,601375.SH,中原证券,证券,20250815,4.66,80.98108062131702,72.69239938936246,8.288681231954554,2.8,6.1449,17253.57,1.2711864406779578,momentum,BULL_TREND,74.27134135851209,100.0,100.0,80.0,82.88681231954553,30.0,0.0,94.74335721676545,0.0,3,3,A_recovered_proxy_vr1.2,True
600839,600839.SH,四川长虹,家用电器,20250815,10.46,77.18679425057762,77.18679425057762,0.0,3.52,9.6988,117944.41,0.3809523809523728,momentum,BULL_TREND,90.77877144312862,100.0,100.0,80.0,47.70725549344587,33.33333333333333,0.0,83.61860768752483,100.0,1,1,D_pure_quant_vr1.2,True
601099,601099.SH,太平洋,证券,20250815,4.31,76.57967363991082,76.57967363991082,0.0,3.72,11.7979,78036.04,1.372997711670492,momentum,BULL_TREND,94.76513106666536,100.0,100.0,100.0,82.88681231954553,33.33333333333333,0.0,91.20874849335245,0.0,2,2,D_pure_quant_vr1.2,True
750,000750.SZ,国海证券,证券,20250815,4.51,74.08037585719607,74.08037585719607,0.0,3.38,6.2711,27610.23,1.956521739130432,momentum,BULL_TREND,87.85116232537298,100.0,100.0,80.0,82.88681231954553,30.0,0.0,88.25339044481017,0.0,3,3,D_pure_quant_vr1.2,True
600839,600839.SH,四川长虹,家用电器,20250815,10.46,67.64534315188844,67.64534315188844,0.0,3.52,9.6988,117944.41,0.3809523809523728,momentum,BULL_TREND,90.77877144312862,100.0,100.0,80.0,47.70725549344587,33.33333333333333,0.0,83.61860768752483,100.0,1,1,E_ablate_sector_vr1.2,True
600325,600325.SH,华发股份,区域地产,20250815,5.06,62.789278256684106,62.789278256684106,0.0,4.32,4.3638,19472.63,0.5893909626719106,momentum,BULL_TREND,100.0,100.0,100.0,65.0,38.42999678413663,100.0,0.0,95.39278256684103,0.0,2,2,E_ablate_sector_vr1.2,True
2050,002050.SZ,三花智控,家用电器,20250815,28.53,62.59539601979767,62.59539601979767,0.0,2.55,4.3225,82766.53,0.7306889352818278,momentum,BULL_TREND,67.52486235420666,100.0,100.0,65.0,47.70725549344587,33.33333333333333,0.0,75.5,100.0,3,3,E_ablate_sector_vr1.2,True
600839,600839.SH,四川长虹,家用电器,20250815,10.46,57.18679425057762,57.18679425057762,0.0,3.52,9.6988,117944.41,0.3809523809523728,momentum,BULL_TREND,90.77877144312862,100.0,100.0,80.0,47.70725549344587,33.33333333333333,0.0,83.61860768752483,100.0,1,1,E_ablate_inflow_vr1.2,True
601099,601099.SH,太平洋,证券,20250815,4.31,56.579673639910816,56.579673639910816,0.0,3.72,11.7979,78036.04,1.372997711670492,momentum,BULL_TREND,94.76513106666536,100.0,100.0,100.0,82.88681231954553,33.33333333333333,0.0,91.20874849335245,0.0,2,2,E_ablate_inflow_vr1.2,True
750,000750.SZ,国海证券,证券,20250815,4.51,54.08037585719608,54.08037585719608,0.0,3.38,6.2711,27610.23,1.956521739130432,momentum,BULL_TREND,87.85116232537298,100.0,100.0,80.0,82.88681231954553,30.0,0.0,88.25339044481017,0.0,3,3,E_ablate_inflow_vr1.2,True
600839,600839.SH,四川长虹,家用电器,20250815,10.46,68.82493348182513,68.82493348182513,0.0,3.52,9.6988,117944.41,0.3809523809523728,momentum,BULL_TREND,90.77877144312862,100.0,100.0,80.0,47.70725549344587,33.33333333333333,0.0,83.61860768752483,100.0,1,1,E_ablate_wyckoff_vr1.2,True
601099,601099.SH,太平洋,证券,20250815,4.31,67.45879879057557,67.45879879057557,0.0,3.72,11.7979,78036.04,1.372997711670492,momentum,BULL_TREND,94.76513106666536,100.0,100.0,100.0,82.88681231954553,33.33333333333333,0.0,91.20874849335245,0.0,2,2,E_ablate_wyckoff_vr1.2,True
750,000750.SZ,国海证券,证券,20250815,4.51,65.25503681271505,65.25503681271505,0.0,3.38,6.2711,27610.23,1.956521739130432,momentum,BULL_TREND,87.85116232537298,100.0,100.0,80.0,82.88681231954553,30.0,0.0,88.25339044481017,0.0,3,3,E_ablate_wyckoff_vr1.2,True
601099,601099.SH,太平洋,证券,20250815,4.31,76.57967363991082,76.57967363991082,0.0,3.72,11.7979,78036.04,1.372997711670492,momentum,BULL_TREND,94.76513106666536,100.0,100.0,100.0,82.88681231954553,33.33333333333333,0.0,91.20874849335245,0.0,1,1,E_ablate_accel_vr1.2,True
750,000750.SZ,国海证券,证券,20250815,4.51,74.08037585719607,74.08037585719607,0.0,3.38,6.2711,27610.23,1.956521739130432,momentum,BULL_TREND,87.85116232537298,100.0,100.0,80.0,82.88681231954553,30.0,0.0,88.25339044481017,0.0,2,2,E_ablate_accel_vr1.2,True
601375,601375.SH,中原证券,证券,20250815,4.66,72.69239938936246,72.69239938936246,0.0,2.8,6.1449,17253.57,1.2711864406779578,momentum,BULL_TREND,74.27134135851209,100.0,100.0,80.0,82.88681231954553,30.0,0.0,94.74335721676545,0.0,3,3,E_ablate_accel_vr1.2,True
301236,301236.SZ,软通动力,软件服务,20250818,57.82,78.67191862006129,71.36907024017282,7.302848379888466,3.64,11.0735,64509.23,4.080955540809557,momentum,BULL_TREND,93.19692252119856,93.51426675514266,100.0,100.0,73.02848379888466,0.0,0.0,84.32408426701835,0.0,1,1,A_recovered_proxy_vr1.5,True
600206,600206.SH,有研新材,半导体,20250818,20.12,73.58110351269309,65.90109573928785,7.680007773405235,2.0,9.6138,11315.93,0.3960396039603876,momentum,BULL_TREND,50.0,100.0,100.0,80.0,76.80007773405237,20.0,0.0,80.41080192477375,0.0,2,2,A_recovered_proxy_vr1.5,True
2185,002185.SZ,华天科技,半导体,20250818,10.67,72.45217597473605,64.77216820133081,7.680007773405235,2.09,4.6043,15292.99,0.5591798695247018,momentum,BULL_TREND,53.17514711530789,100.0,100.0,40.0,76.80007773405237,20.0,0.0,84.35880587224153,0.0,3,3,A_recovered_proxy_vr1.5,True
301236,301236.SZ,软通动力,软件服务,20250818,57.82,71.36907024017282,71.36907024017282,0.0,3.64,11.0735,64509.23,4.080955540809557,momentum,BULL_TREND,93.19692252119856,93.51426675514266,100.0,100.0,73.02848379888466,0.0,0.0,84.32408426701835,0.0,1,1,B_pure_quant_vr1.5,True
600206,600206.SH,有研新材,半导体,20250818,20.12,65.90109573928785,65.90109573928785,0.0,2.0,9.6138,11315.93,0.3960396039603876,momentum,BULL_TREND,50.0,100.0,100.0,80.0,76.80007773405237,20.0,0.0,80.41080192477375,0.0,2,2,B_pure_quant_vr1.5,True
727,000727.SZ,冠捷科技,元器件,20250818,2.56,65.20027439251182,65.20027439251182,0.0,3.29,5.2183,16926.86,1.9157088122605297,momentum,BULL_TREND,85.90437919802584,100.0,100.0,40.0,53.99856459305568,20.0,0.0,85.1490459419681,0.0,3,3,B_pure_quant_vr1.5,True
301236,301236.SZ,软通动力,软件服务,20250818,57.82,78.49169830502385,71.2489233634812,7.2427749415426526,3.64,11.0735,64509.23,4.080955540809557,momentum,BULL_TREND,93.19692252119856,93.51426675514266,100.0,100.0,72.42774941542652,0.0,0.0,84.32408426701835,0.0,1,1,A_recovered_proxy_vr1.2,True
727,000727.SZ,冠捷科技,元器件,20250818,2.56,77.04840787438376,69.91579240755607,7.132615466827689,3.29,5.2183,16926.86,1.9157088122605297,momentum,BULL_TREND,85.90437919802584,100.0,100.0,65.0,71.32615466827689,20.0,0.0,85.1490459419681,0.0,2,2,A_recovered_proxy_vr1.2,True
600206,600206.SH,有研新材,半导体,20250818,20.12,74.19157047002433,66.30807371084201,7.883496759182318,2.0,9.6138,11315.93,0.3960396039603876,momentum,BULL_TREND,50.0,100.0,100.0,80.0,78.83496759182317,20.0,0.0,80.41080192477375,0.0,3,3,A_recovered_proxy_vr1.2,True
301236,301236.SZ,软通动力,软件服务,20250818,57.82,71.2489233634812,71.2489233634812,0.0,3.64,11.0735,64509.23,4.080955540809557,momentum,BULL_TREND,93.19692252119856,93.51426675514266,100.0,100.0,72.42774941542652,0.0,0.0,84.32408426701835,0.0,1,1,D_pure_quant_vr1.2,True
727,000727.SZ,冠捷科技,元器件,20250818,2.56,69.91579240755607,69.91579240755607,0.0,3.29,5.2183,16926.86,1.9157088122605297,momentum,BULL_TREND,85.90437919802584,100.0,100.0,65.0,71.32615466827689,20.0,0.0,85.1490459419681,0.0,2,2,D_pure_quant_vr1.2,True
600206,600206.SH,有研新材,半导体,20250818,20.12,66.30807371084201,66.30807371084201,0.0,2.0,9.6138,11315.93,0.3960396039603876,momentum,BULL_TREND,50.0,100.0,100.0,80.0,78.83496759182317,20.0,0.0,80.41080192477375,0.0,3,3,D_pure_quant_vr1.2,True
301236,301236.SZ,软通动力,软件服务,20250818,57.82,56.763373480395884,56.763373480395884,0.0,3.64,11.0735,64509.23,4.080955540809557,momentum,BULL_TREND,93.19692252119856,93.51426675514266,100.0,100.0,72.42774941542652,0.0,0.0,84.32408426701835,0.0,1,1,E_ablate_sector_vr1.2,True
603281,603281.SH,江瀚新材,化工原料,20250818,26.97,55.99794252193338,55.99794252193338,0.0,5.14,4.7987,6563.38,1.9272727272727312,momentum,BULL_TREND,100.0,100.0,65.63380000000001,65.0,42.37300253832079,96.66666666666669,0.0,97.87849188600048,0.0,2,2,E_ablate_sector_vr1.2,True
727,000727.SZ,冠捷科技,元器件,20250818,2.56,55.65056147390069,55.65056147390069,0.0,3.29,5.2183,16926.86,1.9157088122605297,momentum,BULL_TREND,85.90437919802584,100.0,100.0,65.0,71.32615466827689,20.0,0.0,85.1490459419681,0.0,3,3,E_ablate_sector_vr1.2,True
810,000810.SZ,创维数字,家用电器,20250818,12.28,51.56858738975398,51.56858738975398,0.0,3.51,4.6803,3707.3,3.078137332280983,momentum,BULL_TREND,90.5735515264918,99.5311760063141,37.073,40.0,27.58193014529009,43.333333333333336,0.0,83.46384364424111,100.0,1,1,E_ablate_inflow_vr1.2,True
603281,603281.SH,江瀚新材,化工原料,20250818,26.97,50.27744003279141,50.27744003279141,0.0,5.14,4.7987,6563.38,1.9272727272727312,momentum,BULL_TREND,100.0,100.0,65.63380000000001,65.0,37.03128755429011,96.66666666666669,0.0,97.87849188600048,0.0,2,2,E_ablate_inflow_vr1.2,True
301236,301236.SZ,软通动力,软件服务,20250818,57.82,49.76454681749488,49.76454681749488,0.0,3.64,11.0735,64509.23,4.080955540809557,momentum,BULL_TREND,93.19692252119856,93.51426675514266,100.0,80.0,70.00586668549495,0.0,0.0,84.32408426701835,0.0,3,3,E_ablate_inflow_vr1.2,True
301236,301236.SZ,软通动力,软件服务,20250818,57.82,62.81651493677936,62.81651493677936,0.0,3.64,11.0735,64509.23,4.080955540809557,momentum,BULL_TREND,93.19692252119856,93.51426675514266,100.0,100.0,72.42774941542652,0.0,0.0,84.32408426701835,0.0,1,1,E_ablate_wyckoff_vr1.2,True
727,000727.SZ,冠捷科技,元器件,20250818,2.56,61.400887813359255,61.400887813359255,0.0,3.29,5.2183,16926.86,1.9157088122605297,momentum,BULL_TREND,85.90437919802584,100.0,100.0,65.0,71.32615466827689,20.0,0.0,85.1490459419681,0.0,2,2,E_ablate_wyckoff_vr1.2,True
600206,600206.SH,有研新材,半导体,20250818,20.12,58.26699351836464,58.26699351836464,0.0,2.0,9.6138,11315.93,0.3960396039603876,momentum,BULL_TREND,50.0,100.0,100.0,80.0,78.83496759182317,20.0,0.0,80.41080192477375,0.0,3,3,E_ablate_wyckoff_vr1.2,True
301236,301236.SZ,软通动力,软件服务,20250818,57.82,71.2489233634812,71.2489233634812,0.0,3.64,11.0735,64509.23,4.080955540809557,momentum,BULL_TREND,93.19692252119856,93.51426675514266,100.0,100.0,72.42774941542652,0.0,0.0,84.32408426701835,0.0,1,1,E_ablate_accel_vr1.2,True
727,000727.SZ,冠捷科技,元器件,20250818,2.56,69.91579240755607,69.91579240755607,0.0,3.29,5.2183,16926.86,1.9157088122605297,momentum,BULL_TREND,85.90437919802584,100.0,100.0,65.0,71.32615466827689,20.0,0.0,85.1490459419681,0.0,2,2,E_ablate_accel_vr1.2,True
600206,600206.SH,有研新材,半导体,20250818,20.12,66.30807371084201,66.30807371084201,0.0,2.0,9.6138,11315.93,0.3960396039603876,momentum,BULL_TREND,50.0,100.0,100.0,80.0,78.83496759182317,20.0,0.0,80.41080192477375,0.0,3,3,E_ablate_accel_vr1.2,True
21,000021.SZ,深科技,元器件,20250819,21.03,78.27282722476141,70.30321172582872,7.969615498932692,2.9,9.9891,52888.71,1.2676056338028148,momentum,BULL_TREND,76.80264501201049,100.0,100.0,65.0,79.69615498932691,30.0,0.0,80.93583976161759,0.0,1,1,A_recovered_proxy_vr1.5,True
2865,002865.SZ,钧达股份,电气设备,20250819,47.86,74.56608145782113,67.22315780617123,7.342923651649899,2.34,9.8595,10277.19,3.87628037758586,momentum,BULL_TREND,61.32542649043399,94.74231773448484,100.0,80.0,73.42923651649899,20.0,0.0,88.64264755857852,0.0,2,2,A_recovered_proxy_vr1.5,True
2074,002074.SZ,国轩高科,电气设备,20250819,32.43,73.0748796396001,65.7319559879502,7.342923651649899,2.11,7.2153,30326.2,3.194029850746269,momentum,BULL_TREND,53.86214994662302,98.8358208955224,100.0,65.0,73.42923651649899,30.0,0.0,83.33204103104703,0.0,3,3,A_recovered_proxy_vr1.5,True
21,000021.SZ,深科技,元器件,20250819,21.03,70.30321172582872,70.30321172582872,0.0,2.9,9.9891,52888.71,1.2676056338028148,momentum,BULL_TREND,76.80264501201049,100.0,100.0,65.0,79.69615498932691,30.0,0.0,80.93583976161759,0.0,1,1,B_pure_quant_vr1.5,True
2050,002050.SZ,三花智控,家用电器,20250819,30.46,69.05093130273329,69.05093130273329,0.0,2.18,6.1014,20822.11,3.3629441624365444,momentum,BULL_TREND,56.216406750110096,97.82233502538074,100.0,65.0,45.50788169763808,30.0,0.0,69.84660448151087,100.0,2,2,B_pure_quant_vr1.5,True
2865,002865.SZ,钧达股份,电气设备,20250819,47.86,67.22315780617123,67.22315780617123,0.0,2.34,9.8595,10277.19,3.87628037758586,momentum,BULL_TREND,61.32542649043399,94.74231773448484,100.0,80.0,73.42923651649899,20.0,0.0,88.64264755857852,0.0,3,3,B_pure_quant_vr1.5,True
21,000021.SZ,深科技,元器件,20250819,21.03,76.53095356541105,69.39196261959515,7.138990945815907,2.9,9.9891,52888.71,1.2676056338028148,momentum,BULL_TREND,76.80264501201049,100.0,100.0,80.0,71.38990945815907,30.0,0.0,80.93583976161759,0.0,1,1,A_recovered_proxy_vr1.2,True
2865,002865.SZ,钧达股份,电气设备,20250819,47.86,73.4143746767426,66.4553532854522,6.959021391290387,2.34,9.8595,10277.19,3.87628037758586,momentum,BULL_TREND,61.32542649043399,94.74231773448484,100.0,80.0,69.59021391290386,20.0,0.0,88.64264755857852,0.0,2,2,A_recovered_proxy_vr1.2,True
2074,002074.SZ,国轩高科,电气设备,20250819,32.43,71.92317285852157,64.96415146723118,6.959021391290387,2.11,7.2153,30326.2,3.194029850746269,momentum,BULL_TREND,53.86214994662302,98.8358208955224,100.0,65.0,69.59021391290386,30.0,0.0,83.33204103104703,0.0,3,3,A_recovered_proxy_vr1.2,True
21,000021.SZ,深科技,元器件,20250819,21.03,69.39196261959515,69.39196261959515,0.0,2.9,9.9891,52888.71,1.2676056338028148,momentum,BULL_TREND,76.80264501201049,100.0,100.0,80.0,71.38990945815907,30.0,0.0,80.93583976161759,0.0,1,1,D_pure_quant_vr1.2,True
2050,002050.SZ,三花智控,家用电器,20250819,30.46,68.2392176169691,68.2392176169691,0.0,2.18,6.1014,20822.11,3.3629441624365444,momentum,BULL_TREND,56.216406750110096,97.82233502538074,100.0,65.0,41.44931326881709,30.0,0.0,69.84660448151087,100.0,2,2,D_pure_quant_vr1.2,True
2865,002865.SZ,钧达股份,电气设备,20250819,47.86,66.4553532854522,66.4553532854522,0.0,2.34,9.8595,10277.19,3.87628037758586,momentum,BULL_TREND,61.32542649043399,94.74231773448484,100.0,80.0,69.59021391290386,20.0,0.0,88.64264755857852,0.0,3,3,D_pure_quant_vr1.2,True
2050,002050.SZ,三花智控,家用电器,20250819,30.46,59.94935496320568,59.94935496320568,0.0,2.18,6.1014,20822.11,3.3629441624365444,momentum,BULL_TREND,56.216406750110096,97.82233502538074,100.0,65.0,41.44931326881709,30.0,0.0,69.84660448151087,100.0,1,1,E_ablate_sector_vr1.2,True
21,000021.SZ,深科技,元器件,20250819,21.03,55.11398072796333,55.11398072796333,0.0,2.9,9.9891,52888.71,1.2676056338028148,momentum,BULL_TREND,76.80264501201049,100.0,100.0,80.0,71.38990945815907,30.0,0.0,80.93583976161759,0.0,2,2,E_ablate_sector_vr1.2,True
600199,600199.SH,金种子酒,白酒,20250819,10.87,55.090442339662985,55.090442339662985,0.0,3.42,6.8511,8088.2,1.4505893019038998,momentum,BULL_TREND,88.69981625555866,100.0,80.882,80.0,24.49605855733052,43.333333333333336,0.0,94.42403234662515,0.0,3,3,E_ablate_sector_vr1.2,True
521,000521.SZ,长虹美菱,家用电器,20250819,7.63,49.780575213623486,49.780575213623486,0.0,2.38,4.4467,6237.51,1.1658031088082883,momentum,BULL_TREND,62.548078676660936,100.0,62.3751,40.0,37.21198851529935,53.333333333333336,0.0,82.89299042397806,100.0,1,1,E_ablate_inflow_vr1.2,True
21,000021.SZ,深科技,元器件,20250819,21.03,49.54013658584401,49.54013658584401,0.0,2.9,9.9891,52888.71,1.2676056338028148,momentum,BULL_TREND,76.80264501201049,100.0,100.0,80.0,72.13077928940339,30.0,0.0,80.93583976161759,0.0,2,2,E_ablate_inflow_vr1.2,True
2050,002050.SZ,三花智控,家用电器,20250819,30.46,47.391752666265546,47.391752666265546,0.0,2.18,6.1014,20822.11,3.3629441624365444,momentum,BULL_TREND,56.216406750110096,97.82233502538074,100.0,65.0,37.21198851529935,30.0,0.0,69.84660448151087,100.0,3,3,E_ablate_inflow_vr1.2,True
21,000021.SZ,深科技,元器件,20250819,21.03,61.29837864343339,61.29837864343339,0.0,2.9,9.9891,52888.71,1.2676056338028148,momentum,BULL_TREND,76.80264501201049,100.0,100.0,80.0,71.38990945815907,30.0,0.0,80.93583976161759,0.0,1,1,E_ablate_wyckoff_vr1.2,True
2050,002050.SZ,三花智控,家用电器,20250819,30.46,61.25455716881801,61.25455716881801,0.0,2.18,6.1014,20822.11,3.3629441624365444,momentum,BULL_TREND,56.216406750110096,97.82233502538074,100.0,65.0,41.44931326881709,30.0,0.0,69.84660448151087,100.0,2,2,E_ablate_wyckoff_vr1.2,True
2865,002865.SZ,钧达股份,电气设备,20250819,47.86,57.59108852959436,57.59108852959436,0.0,2.34,9.8595,10277.19,3.87628037758586,momentum,BULL_TREND,61.32542649043399,94.74231773448484,100.0,80.0,69.59021391290386,20.0,0.0,88.64264755857852,0.0,3,3,E_ablate_wyckoff_vr1.2,True
21,000021.SZ,深科技,元器件,20250819,21.03,69.39196261959515,69.39196261959515,0.0,2.9,9.9891,52888.71,1.2676056338028148,momentum,BULL_TREND,76.80264501201049,100.0,100.0,80.0,71.38990945815907,30.0,0.0,80.93583976161759,0.0,1,1,E_ablate_accel_vr1.2,True
2865,002865.SZ,钧达股份,电气设备,20250819,47.86,66.4553532854522,66.4553532854522,0.0,2.34,9.8595,10277.19,3.87628037758586,momentum,BULL_TREND,61.32542649043399,94.74231773448484,100.0,80.0,69.59021391290386,20.0,0.0,88.64264755857852,0.0,2,2,E_ablate_accel_vr1.2,True
2074,002074.SZ,国轩高科,电气设备,20250819,32.43,64.96415146723118,64.96415146723118,0.0,2.11,7.2153,30326.2,3.194029850746269,momentum,BULL_TREND,53.86214994662302,98.8358208955224,100.0,65.0,69.59021391290386,30.0,0.0,83.33204103104703,0.0,3,3,E_ablate_accel_vr1.2,True
2456,002456.SZ,欧菲光,元器件,20250820,13.2,75.14303739353447,66.54978309035555,8.593254303178918,1.93,11.6852,66350.47,1.0494752623688195,momentum,BULL_TREND,47.430042374667785,100.0,100.0,80.0,85.93254303178918,33.33333333333333,0.0,65.8210146113088,0.0,1,1,A_recovered_proxy_vr1.5,True
2426,002426.SZ,胜利精密,元器件,20250820,3.42,74.26790446219006,65.67465015901114,8.593254303178918,1.99,10.8135,21944.09,3.661971830985913,momentum,BULL_TREND,49.63842153844621,96.02816901408453,100.0,80.0,85.93254303178918,0.0,0.0,74.3956142047792,0.0,2,2,A_recovered_proxy_vr1.5,True
63,000063.SZ,中兴通讯,通信设备,20250820,39.94,72.22403973892918,63.86855438784415,8.355485351085035,1.8,8.3907,130059.86,1.1141371626640326,momentum,BULL_TREND,42.39984532774751,100.0,100.0,65.0,83.55485351085035,33.33333333333333,0.0,58.8094021984529,0.0,3,3,A_recovered_proxy_vr1.5,True
600199,600199.SH,金种子酒,白酒,20250820,11.44,68.65367603178194,68.65367603178194,0.0,3.48,10.3998,10389.53,2.63829787234043,momentum,BULL_TREND,89.95436530370017,100.0,100.0,100.0,46.60662647734778,33.33333333333333,0.0,91.7252927409069,0.0,1,1,B_pure_quant_vr1.5,True
2456,002456.SZ,欧菲光,元器件,20250820,13.2,66.54978309035555,66.54978309035555,0.0,1.93,11.6852,66350.47,1.0494752623688195,momentum,BULL_TREND,47.430042374667785,100.0,100.0,80.0,85.93254303178918,33.33333333333333,0.0,65.8210146113088,0.0,2,2,B_pure_quant_vr1.5,True
2426,002426.SZ,胜利精密,元器件,20250820,3.42,65.67465015901114,65.67465015901114,0.0,1.99,10.8135,21944.09,3.661971830985913,momentum,BULL_TREND,49.63842153844621,96.02816901408453,100.0,80.0,85.93254303178918,0.0,0.0,74.3956142047792,0.0,3,3,B_pure_quant_vr1.5,True
938,000938.SZ,紫光股份,IT设备,20250820,27.71,76.69934324257524,67.63805379957249,9.061289443002746,1.99,6.4159,64826.21,1.6329428470003575,momentum,BULL_TREND,49.63842153844621,100.0,100.0,65.0,90.61289443002744,33.33333333333333,0.0,71.530450161334,0.0,1,1,A_recovered_proxy_vr1.2,True
2456,002456.SZ,欧菲光,元器件,20250820,13.2,73.85179439713744,65.68895442609086,8.162839971046573,1.93,11.6852,66350.47,1.0494752623688195,momentum,BULL_TREND,47.430042374667785,100.0,100.0,80.0,81.62839971046573,33.33333333333333,0.0,65.8210146113088,0.0,2,2,A_recovered_proxy_vr1.2,True
2426,002426.SZ,胜利精密,元器件,20250820,3.42,72.97666146579303,64.81382149474645,8.162839971046573,1.99,10.8135,21944.09,3.661971830985913,momentum,BULL_TREND,49.63842153844621,96.02816901408453,100.0,80.0,81.62839971046573,0.0,0.0,74.3956142047792,0.0,3,3,A_recovered_proxy_vr1.2,True
600199,600199.SH,金种子酒,白酒,20250820,11.44,68.32267159966467,68.32267159966467,0.0,3.48,10.3998,10389.53,2.63829787234043,momentum,BULL_TREND,89.95436530370017,100.0,100.0,100.0,44.95160431676142,33.33333333333333,0.0,91.7252927409069,0.0,1,1,D_pure_quant_vr1.2,True
938,000938.SZ,紫光股份,IT设备,20250820,27.71,67.63805379957249,67.63805379957249,0.0,1.99,6.4159,64826.21,1.6329428470003575,momentum,BULL_TREND,49.63842153844621,100.0,100.0,65.0,90.61289443002744,33.33333333333333,0.0,71.530450161334,0.0,2,2,D_pure_quant_vr1.2,True
2456,002456.SZ,欧菲光,元器件,20250820,13.2,65.68895442609086,65.68895442609086,0.0,1.93,11.6852,66350.47,1.0494752623688195,momentum,BULL_TREND,47.430042374667785,100.0,100.0,80.0,81.62839971046573,33.33333333333333,0.0,65.8210146113088,0.0,3,3,D_pure_quant_vr1.2,True
600199,600199.SH,金种子酒,白酒,20250820,11.44,59.33235073631239,59.33235073631239,0.0,3.48,10.3998,10389.53,2.63829787234043,momentum,BULL_TREND,89.95436530370017,100.0,100.0,100.0,44.95160431676142,33.33333333333333,0.0,91.7252927409069,0.0,1,1,E_ablate_sector_vr1.2,True
600559,600559.SH,老白干酒,白酒,20250820,18.04,55.657753513619,55.657753513619,0.0,2.85,6.8881,11484.8,0.7700770077007731,momentum,BULL_TREND,75.54809596386896,100.0,100.0,80.0,44.95160431676142,33.33333333333333,0.0,86.58872452371989,0.0,2,2,E_ablate_sector_vr1.2,True
601975,601975.SH,招商南油,水运,20250820,2.92,50.543435160972805,50.543435160972805,0.0,1.89,3.5873,15535.38,1.3513513513513526,momentum,BULL_TREND,45.9193117223174,100.0,100.0,80.0,21.197490404955605,43.333333333333336,0.0,74.88871735958526,0.0,3,3,E_ablate_sector_vr1.2,True
605218,605218.SH,伟时电子,元器件,20250820,25.2,54.74435733158077,54.74435733158077,0.0,4.15,6.3882,1380.69,2.3255813953488427,momentum,BULL_TREND,100.0,100.0,13.8069,65.0,79.6928567960731,33.33333333333333,0.0,88.89119305699482,0.0,1,1,E_ablate_inflow_vr1.2,True
2745,002745.SZ,木林森,元器件,20250820,9.12,49.77520156919134,49.77520156919134,0.0,2.92,6.5748,4247.77,2.978723404255331,momentum,BULL_TREND,77.29841845526462,100.0,42.477700000000006,65.0,79.6928567960731,10.0,0.0,84.91867441687022,0.0,2,2,E_ablate_inflow_vr1.2,True
2855,002855.SZ,捷荣技术,元器件,20250820,20.2,49.50758107899825,49.50758107899825,0.0,3.1,7.6178,1975.11,3.117505995203847,momentum,BULL_TREND,81.61341077497565,99.29496402877692,19.7511,65.0,79.6928567960731,20.0,0.0,71.47501700659592,0.0,3,3,E_ablate_inflow_vr1.2,True
938,000938.SZ,紫光股份,IT设备,20250820,27.71,60.48500878343909,60.48500878343909,0.0,1.99,6.4159,64826.21,1.6329428470003575,momentum,BULL_TREND,49.63842153844621,100.0,100.0,65.0,90.61289443002744,33.33333333333333,0.0,71.530450161334,0.0,1,1,E_ablate_wyckoff_vr1.2,True
600199,600199.SH,金种子酒,白酒,20250820,11.44,59.15014232557397,59.15014232557397,0.0,3.48,10.3998,10389.53,2.63829787234043,momentum,BULL_TREND,89.95436530370017,100.0,100.0,100.0,44.95160431676142,33.33333333333333,0.0,91.7252927409069,0.0,2,2,E_ablate_wyckoff_vr1.2,True
2456,002456.SZ,欧菲光,元器件,20250820,13.2,59.10685296495998,59.10685296495998,0.0,1.93,11.6852,66350.47,1.0494752623688195,momentum,BULL_TREND,47.430042374667785,100.0,100.0,80.0,81.62839971046573,33.33333333333333,0.0,65.8210146113088,0.0,3,3,E_ablate_wyckoff_vr1.2,True
600199,600199.SH,金种子酒,白酒,20250820,11.44,68.32267159966467,68.32267159966467,0.0,3.48,10.3998,10389.53,2.63829787234043,momentum,BULL_TREND,89.95436530370017,100.0,100.0,100.0,44.95160431676142,33.33333333333333,0.0,91.7252927409069,0.0,1,1,E_ablate_accel_vr1.2,True
938,000938.SZ,紫光股份,IT设备,20250820,27.71,67.63805379957249,67.63805379957249,0.0,1.99,6.4159,64826.21,1.6329428470003575,momentum,BULL_TREND,49.63842153844621,100.0,100.0,65.0,90.61289443002744,33.33333333333333,0.0,71.530450161334,0.0,2,2,E_ablate_accel_vr1.2,True
2456,002456.SZ,欧菲光,元器件,20250820,13.2,65.68895442609086,65.68895442609086,0.0,1.93,11.6852,66350.47,1.0494752623688195,momentum,BULL_TREND,47.430042374667785,100.0,100.0,80.0,81.62839971046573,33.33333333333333,0.0,65.8210146113088,0.0,3,3,E_ablate_accel_vr1.2,True
603977,603977.SH,国泰集团,化工原料,20250821,13.47,83.81979108526409,75.6787990363286,8.140992048935493,4.16,7.2929,12918.31,2.673410404624272,momentum,BULL_TREND,100.0,100.0,100.0,65.0,81.40992048935492,43.333333333333336,0.0,89.8014827179095,0.0,1,1,A_recovered_proxy_vr1.5,True
830,000830.SZ,鲁西化工,化工原料,20250821,12.98,82.78072701863333,74.63973496969784,8.140992048935493,3.27,3.6762,19510.6,0.8403361344537772,momentum,BULL_TREND,85.4645317861679,100.0,100.0,40.0,81.40992048935492,100.0,0.0,85.3807110390167,0.0,2,2,A_recovered_proxy_vr1.5,True
683,000683.SZ,博源化工,化工原料,20250821,6.1,81.06851308846812,72.92752103953264,8.140992048935493,2.67,5.3816,29833.17,2.2435897435897525,momentum,BULL_TREND,70.84198709564146,100.0,100.0,65.0,81.40992048935492,63.33333333333333,0.0,96.02572210648763,0.0,3,3,A_recovered_proxy_vr1.5,True
521,000521.SZ,长虹美菱,家用电器,20250821,8.13,78.07775986079288,78.07775986079288,0.0,2.99,7.9314,12801.33,0.6112469437652682,momentum,BULL_TREND,79.00727422116903,100.0,100.0,100.0,55.27441234730309,33.33333333333333,0.0,85.0511959149025,100.0,1,1,B_pure_quant_vr1.5,True
603977,603977.SH,国泰集团,化工原料,20250821,13.47,75.6787990363286,75.6787990363286,0.0,4.16,7.2929,12918.31,2.673410404624272,momentum,BULL_TREND,100.0,100.0,100.0,65.0,81.40992048935492,43.333333333333336,0.0,89.8014827179095,0.0,2,2,B_pure_quant_vr1.5,True
830,000830.SZ,鲁西化工,化工原料,20250821,12.98,74.63973496969784,74.63973496969784,0.0,3.27,3.6762,19510.6,0.8403361344537772,momentum,BULL_TREND,85.4645317861679,100.0,100.0,40.0,81.40992048935492,100.0,0.0,85.3807110390167,0.0,3,3,B_pure_quant_vr1.5,True
603977,603977.SH,国泰集团,化工原料,20250821,13.47,83.38985038613225,75.39217190357404,7.997678482558212,4.16,7.2929,12918.31,2.673410404624272,momentum,BULL_TREND,100.0,100.0,100.0,65.0,79.97678482558211,43.333333333333336,0.0,89.8014827179095,0.0,1,1,A_recovered_proxy_vr1.2,True
830,000830.SZ,鲁西化工,化工原料,20250821,12.98,82.3507863195015,74.35310783694328,7.997678482558212,3.27,3.6762,19510.6,0.8403361344537772,momentum,BULL_TREND,85.4645317861679,100.0,100.0,40.0,79.97678482558211,100.0,0.0,85.3807110390167,0.0,2,2,A_recovered_proxy_vr1.2,True
683,000683.SZ,博源化工,化工原料,20250821,6.1,80.63857238933629,72.64089390677808,7.997678482558212,2.67,5.3816,29833.17,2.2435897435897525,momentum,BULL_TREND,70.84198709564146,100.0,100.0,65.0,79.97678482558211,63.33333333333333,0.0,96.02572210648763,0.0,3,3,A_recovered_proxy_vr1.2,True
521,000521.SZ,长虹美菱,家用电器,20250821,8.13,78.04752406703143,78.04752406703143,0.0,2.99,7.9314,12801.33,0.6112469437652682,momentum,BULL_TREND,79.00727422116903,100.0,100.0,100.0,55.12323337849581,33.33333333333333,0.0,85.0511959149025,100.0,1,1,D_pure_quant_vr1.2,True
603977,603977.SH,国泰集团,化工原料,20250821,13.47,75.39217190357404,75.39217190357404,0.0,4.16,7.2929,12918.31,2.673410404624272,momentum,BULL_TREND,100.0,100.0,100.0,65.0,79.97678482558211,43.333333333333336,0.0,89.8014827179095,0.0,2,2,D_pure_quant_vr1.2,True
830,000830.SZ,鲁西化工,化工原料,20250821,12.98,74.35310783694328,74.35310783694328,0.0,3.27,3.6762,19510.6,0.8403361344537772,momentum,BULL_TREND,85.4645317861679,100.0,100.0,40.0,79.97678482558211,100.0,0.0,85.3807110390167,0.0,3,3,D_pure_quant_vr1.2,True
521,000521.SZ,长虹美菱,家用电器,20250821,8.13,67.02287739133227,67.02287739133227,0.0,2.99,7.9314,12801.33,0.6112469437652682,momentum,BULL_TREND,79.00727422116903,100.0,100.0,100.0,55.12323337849581,33.33333333333333,0.0,85.0511959149025,100.0,1,1,E_ablate_sector_vr1.2,True
2761,002761.SZ,浙江建投,建筑工程,20250821,10.12,63.15705726269188,63.15705726269188,0.0,4.26,7.3417,11011.01,0.7843137254901967,momentum,BULL_TREND,100.0,100.0,100.0,100.0,38.08617850828936,66.66666666666666,0.0,98.23723929358547,0.0,2,2,E_ablate_sector_vr1.2,True
603977,603977.SH,国泰集团,化工原料,20250821,13.47,59.39681493845762,59.39681493845762,0.0,4.16,7.2929,12918.31,2.673410404624272,momentum,BULL_TREND,100.0,100.0,100.0,65.0,79.97678482558211,43.333333333333336,0.0,89.8014827179095,0.0,3,3,E_ablate_sector_vr1.2,True
521,000521.SZ,长虹美菱,家用电器,20250821,8.13,58.06632905120172,58.06632905120172,0.0,2.99,7.9314,12801.33,0.6112469437652682,momentum,BULL_TREND,79.00727422116903,100.0,100.0,100.0,55.21725829934724,33.33333333333333,0.0,85.0511959149025,100.0,1,1,E_ablate_inflow_vr1.2,True
603977,603977.SH,国泰集团,化工原料,20250821,13.47,55.235962648393865,55.235962648393865,0.0,4.16,7.2929,12918.31,2.673410404624272,momentum,BULL_TREND,100.0,100.0,100.0,65.0,79.19573854968125,43.333333333333336,0.0,89.8014827179095,0.0,2,2,E_ablate_inflow_vr1.2,True
830,000830.SZ,鲁西化工,化工原料,20250821,12.98,54.19689858176311,54.19689858176311,0.0,3.27,3.6762,19510.6,0.8403361344537772,momentum,BULL_TREND,85.4645317861679,100.0,100.0,40.0,79.19573854968125,100.0,0.0,85.3807110390167,0.0,3,3,E_ablate_inflow_vr1.2,True
521,000521.SZ,长虹美菱,家用电器,20250821,8.13,69.54240447554119,69.54240447554119,0.0,2.99,7.9314,12801.33,0.6112469437652682,momentum,BULL_TREND,79.00727422116903,100.0,100.0,100.0,55.12323337849581,33.33333333333333,0.0,85.0511959149025,100.0,1,1,E_ablate_wyckoff_vr1.2,True
603977,603977.SH,国泰集团,化工原料,20250821,13.47,66.41202363178309,66.41202363178309,0.0,4.16,7.2929,12918.31,2.673410404624272,momentum,BULL_TREND,100.0,100.0,100.0,65.0,79.97678482558211,43.333333333333336,0.0,89.8014827179095,0.0,2,2,E_ablate_wyckoff_vr1.2,True
830,000830.SZ,鲁西化工,化工原料,20250821,12.98,65.81503673304161,65.81503673304161,0.0,3.27,3.6762,19510.6,0.8403361344537772,momentum,BULL_TREND,85.4645317861679,100.0,100.0,40.0,79.97678482558211,100.0,0.0,85.3807110390167,0.0,3,3,E_ablate_wyckoff_vr1.2,True
603977,603977.SH,国泰集团,化工原料,20250821,13.47,75.39217190357404,75.39217190357404,0.0,4.16,7.2929,12918.31,2.673410404624272,momentum,BULL_TREND,100.0,100.0,100.0,65.0,79.97678482558211,43.333333333333336,0.0,89.8014827179095,0.0,1,1,E_ablate_accel_vr1.2,True
830,000830.SZ,鲁西化工,化工原料,20250821,12.98,74.35310783694328,74.35310783694328,0.0,3.27,3.6762,19510.6,0.8403361344537772,momentum,BULL_TREND,85.4645317861679,100.0,100.0,40.0,79.97678482558211,100.0,0.0,85.3807110390167,0.0,2,2,E_ablate_accel_vr1.2,True
683,000683.SZ,博源化工,化工原料,20250821,6.1,72.64089390677808,72.64089390677808,0.0,2.67,5.3816,29833.17,2.2435897435897525,momentum,BULL_TREND,70.84198709564146,100.0,100.0,65.0,79.97678482558211,63.33333333333333,0.0,96.02572210648763,0.0,3,3,E_ablate_accel_vr1.2,True
725,000725.SZ,京东方A,元器件,20250822,4.18,72.23014450513807,64.40818588391731,7.821958621220763,2.04,3.5367,192690.6,0.4761904761904871,momentum,BULL_TREND,51.42845760983854,100.0,100.0,40.0,78.21958621220763,30.0,0.0,75.5,0.0,1,1,A_recovered_proxy_vr1.5,True
100,000100.SZ,TCL科技,元器件,20250822,4.78,72.13857041846971,64.31661179724895,7.821958621220763,2.04,3.4936,117466.51,0.0,momentum,BULL_TREND,51.42845760983854,100.0,100.0,40.0,78.21958621220763,33.33333333333333,0.0,72.91759246664975,0.0,2,2,A_recovered_proxy_vr1.5,True
733,000733.SZ,振华科技,元器件,20250822,51.9,70.32411992332538,62.50216130210463,7.821958621220763,1.71,5.1825,20760.63,0.5366040628593353,momentum,BULL_TREND,38.69981625555866,100.0,100.0,65.0,78.21958621220763,33.33333333333333,0.0,61.36604954662632,0.0,3,3,A_recovered_proxy_vr1.5,True
725,000725.SZ,京东方A,元器件,20250822,4.18,64.40818588391731,64.40818588391731,0.0,2.04,3.5367,192690.6,0.4761904761904871,momentum,BULL_TREND,51.42845760983854,100.0,100.0,40.0,78.21958621220763,30.0,0.0,75.5,0.0,1,1,B_pure_quant_vr1.5,True
100,000100.SZ,TCL科技,元器件,20250822,4.78,64.31661179724895,64.31661179724895,0.0,2.04,3.4936,117466.51,0.0,momentum,BULL_TREND,51.42845760983854,100.0,100.0,40.0,78.21958621220763,33.33333333333333,0.0,72.91759246664975,0.0,2,2,B_pure_quant_vr1.5,True
2156,002156.SZ,通富微电,半导体,20250822,30.23,62.55756407930832,62.55756407930832,0.0,1.83,9.2859,104838.65,0.8202099737532809,momentum,BULL_TREND,43.59218242546589,100.0,100.0,80.0,71.67573041400723,33.33333333333333,0.0,60.16923966020317,0.0,3,3,B_pure_quant_vr1.5,True
725,000725.SZ,京东方A,元器件,20250822,4.18,72.85839380170495,64.82701874829523,8.031375053409723,2.04,3.5367,192690.6,0.4761904761904871,momentum,BULL_TREND,51.42845760983854,100.0,100.0,40.0,80.31375053409722,30.0,0.0,75.5,0.0,1,1,A_recovered_proxy_vr1.2,True
100,000100.SZ,TCL科技,元器件,20250822,4.78,72.76681971503659,64.73544466162687,8.031375053409723,2.04,3.4936,117466.51,0.0,momentum,BULL_TREND,51.42845760983854,100.0,100.0,40.0,80.31375053409722,33.33333333333333,0.0,72.91759246664975,0.0,2,2,A_recovered_proxy_vr1.2,True
733,000733.SZ,振华科技,元器件,20250822,51.9,69.70236921989226,61.670994166482544,8.031375053409723,1.71,5.1825,20760.63,0.5366040628593353,momentum,BULL_TREND,38.69981625555866,100.0,100.0,40.0,80.31375053409722,33.33333333333333,0.0,61.36604954662632,0.0,3,3,A_recovered_proxy_vr1.2,True
725,000725.SZ,京东方A,元器件,20250822,4.18,64.82701874829523,64.82701874829523,0.0,2.04,3.5367,192690.6,0.4761904761904871,momentum,BULL_TREND,51.42845760983854,100.0,100.0,40.0,80.31375053409722,30.0,0.0,75.5,0.0,1,1,D_pure_quant_vr1.2,True
100,000100.SZ,TCL科技,元器件,20250822,4.78,64.73544466162687,64.73544466162687,0.0,2.04,3.4936,117466.51,0.0,momentum,BULL_TREND,51.42845760983854,100.0,100.0,40.0,80.31375053409722,33.33333333333333,0.0,72.91759246664975,0.0,2,2,D_pure_quant_vr1.2,True
733,000733.SZ,振华科技,元器件,20250822,51.9,61.670994166482544,61.670994166482544,0.0,1.71,5.1825,20760.63,0.5366040628593353,momentum,BULL_TREND,38.69981625555866,100.0,100.0,40.0,80.31375053409722,33.33333333333333,0.0,61.36604954662632,0.0,3,3,D_pure_quant_vr1.2,True
2541,002541.SZ,鸿路钢构,钢加工,20250822,18.44,55.17628551273484,55.17628551273484,0.0,3.4,3.7781,8848.09,3.7075718015665657,momentum,BULL_TREND,88.27673731814885,95.7545691906006,88.4809,80.0,26.23351530996116,33.33333333333333,0.0,89.9647132928578,0.0,1,1,E_ablate_sector_vr1.2,True
2590,002590.SZ,万安科技,汽车配件,20250822,15.5,54.2708747163069,54.2708747163069,0.0,2.7,10.9884,9399.36,1.7121116043119822,momentum,BULL_TREND,71.64797036380531,100.0,93.9936,100.0,34.10819171028643,33.33333333333333,0.0,80.58292495069433,0.0,2,2,E_ablate_sector_vr1.2,True
301050,301050.SZ,雷电微力,航空,20250822,54.83,53.49725150132173,53.49725150132173,0.0,2.64,10.5944,14775.25,0.867835834388002,momentum,BULL_TREND,70.02689647918643,100.0,100.0,80.0,31.01268644498572,33.33333333333333,0.0,73.26550362777095,0.0,3,3,E_ablate_sector_vr1.2,True
603100,603100.SH,川仪股份,电器仪表,20250822,21.38,45.72610218114136,45.72610218114136,0.0,3.64,4.3146,3267.44,2.507979936160514,momentum,BULL_TREND,93.19692252119856,100.0,32.6744,80.0,36.780151997878434,33.33333333333333,0.0,87.23866736719225,0.0,1,1,E_ablate_inflow_vr1.2,True
100,000100.SZ,TCL科技,元器件,20250822,4.78,57.44368541496189,57.44368541496189,0.0,2.04,3.4936,117466.51,0.0,momentum,BULL_TREND,51.42845760983854,100.0,100.0,40.0,80.31375053409722,33.33333333333333,0.0,72.91759246664975,0.0,1,1,E_ablate_wyckoff_vr1.2,True
725,000725.SZ,京东方A,元器件,20250822,4.18,57.27701874829523,57.27701874829523,0.0,2.04,3.5367,192690.6,0.4761904761904871,momentum,BULL_TREND,51.42845760983854,100.0,100.0,40.0,80.31375053409722,30.0,0.0,75.5,0.0,2,2,E_ablate_wyckoff_vr1.2,True
2222,002222.SZ,福晶科技,元器件,20250822,44.48,56.54903860270197,56.54903860270197,0.0,1.61,4.9232,14209.66,2.41333918385257,momentum,BULL_TREND,34.35303441699462,100.0,100.0,40.0,80.31375053409722,66.66666666666666,0.0,45.15998158971418,0.0,3,3,E_ablate_wyckoff_vr1.2,True
725,000725.SZ,京东方A,元器件,20250822,4.18,64.82701874829523,64.82701874829523,0.0,2.04,3.5367,192690.6,0.4761904761904871,momentum,BULL_TREND,51.42845760983854,100.0,100.0,40.0,80.31375053409722,30.0,0.0,75.5,0.0,1,1,E_ablate_accel_vr1.2,True
100,000100.SZ,TCL科技,元器件,20250822,4.78,64.73544466162687,64.73544466162687,0.0,2.04,3.4936,117466.51,0.0,momentum,BULL_TREND,51.42845760983854,100.0,100.0,40.0,80.31375053409722,33.33333333333333,0.0,72.91759246664975,0.0,2,2,E_ablate_accel_vr1.2,True
733,000733.SZ,振华科技,元器件,20250822,51.9,61.670994166482544,61.670994166482544,0.0,1.71,5.1825,20760.63,0.5366040628593353,momentum,BULL_TREND,38.69981625555866,100.0,100.0,40.0,80.31375053409722,33.33333333333333,0.0,61.36604954662632,0.0,3,3,E_ablate_accel_vr1.2,True
600489,600489.SH,中金黄金,黄金,20250825,15.15,76.54173108012125,68.7379556457942,7.803775434327047,2.41,3.5041,54125.65,0.0,momentum,BULL_TREND,63.45165732276185,100.0,100.0,65.0,78.03775434327046,63.33333333333333,0.0,71.95989512059164,0.0,1,1,A_recovered_proxy_vr1.5,True
69,000069.SZ,华侨城A,全国地产,20250825,2.42,72.9819762091243,65.61322937519468,7.368746833929627,3.71,3.8773,6116.99,2.4193548387096797,momentum,BULL_TREND,94.57095934230392,100.0,61.1699,65.0,73.68746833929627,43.333333333333336,0.0,90.39445139323172,0.0,2,2,A_recovered_proxy_vr1.5,True
402,000402.SZ,金融街,全国地产,20250825,3.16,71.70025422146941,64.33150738753977,7.368746833929627,2.82,3.1901,8288.15,1.5576323987538885,momentum,BULL_TREND,74.78475813120345,100.0,82.8815,65.0,73.68746833929627,20.0,0.0,75.5,0.0,3,3,A_recovered_proxy_vr1.5,True
600489,600489.SH,中金黄金,黄金,20250825,15.15,68.7379556457942,68.7379556457942,0.0,2.41,3.5041,54125.65,0.0,momentum,BULL_TREND,63.45165732276185,100.0,100.0,65.0,78.03775434327046,63.33333333333333,0.0,71.95989512059164,0.0,1,1,B_pure_quant_vr1.5,True
69,000069.SZ,华侨城A,全国地产,20250825,2.42,65.61322937519468,65.61322937519468,0.0,3.71,3.8773,6116.99,2.4193548387096797,momentum,BULL_TREND,94.57095934230392,100.0,61.1699,65.0,73.68746833929627,43.333333333333336,0.0,90.39445139323172,0.0,2,2,B_pure_quant_vr1.5,True
601698,601698.SH,中国卫通,电信运营,20250825,23.0,64.91651245750494,64.91651245750494,0.0,2.69,4.1339,31716.3,1.7513882956001714,momentum,BULL_TREND,71.38030863909496,100.0,100.0,80.0,55.536761968101885,33.33333333333333,0.0,74.35447101353651,0.0,3,3,B_pure_quant_vr1.5,True
600489,600489.SH,中金黄金,黄金,20250825,15.15,76.54173108012125,68.7379556457942,7.803775434327047,2.41,3.5041,54125.65,0.0,momentum,BULL_TREND,63.45165732276185,100.0,100.0,65.0,78.03775434327046,63.33333333333333,0.0,71.95989512059164,0.0,1,1,A_recovered_proxy_vr1.2,True
69,000069.SZ,华侨城A,全国地产,20250825,2.42,72.9819762091243,65.61322937519468,7.368746833929627,3.71,3.8773,6116.99,2.4193548387096797,momentum,BULL_TREND,94.57095934230392,100.0,61.1699,65.0,73.68746833929627,43.333333333333336,0.0,90.39445139323172,0.0,2,2,A_recovered_proxy_vr1.2,True
402,000402.SZ,金融街,全国地产,20250825,3.16,71.70025422146941,64.33150738753977,7.368746833929627,2.82,3.1901,8288.15,1.5576323987538885,momentum,BULL_TREND,74.78475813120345,100.0,82.8815,65.0,73.68746833929627,20.0,0.0,75.5,0.0,3,3,A_recovered_proxy_vr1.2,True
600489,600489.SH,中金黄金,黄金,20250825,15.15,68.7379556457942,68.7379556457942,0.0,2.41,3.5041,54125.65,0.0,momentum,BULL_TREND,63.45165732276185,100.0,100.0,65.0,78.03775434327046,63.33333333333333,0.0,71.95989512059164,0.0,1,1,D_pure_quant_vr1.2,True
69,000069.SZ,华侨城A,全国地产,20250825,2.42,65.61322937519468,65.61322937519468,0.0,3.71,3.8773,6116.99,2.4193548387096797,momentum,BULL_TREND,94.57095934230392,100.0,61.1699,65.0,73.68746833929627,43.333333333333336,0.0,90.39445139323172,0.0,2,2,D_pure_quant_vr1.2,True
601698,601698.SH,中国卫通,电信运营,20250825,23.0,64.91651245750494,64.91651245750494,0.0,2.69,4.1339,31716.3,1.7513882956001714,momentum,BULL_TREND,71.38030863909496,100.0,100.0,80.0,55.536761968101885,33.33333333333333,0.0,74.35447101353651,0.0,3,3,D_pure_quant_vr1.2,True
600872,600872.SH,中炬高新,食品,20250825,19.78,54.45971667943328,54.45971667943328,0.0,2.44,4.9727,12539.2,0.3526448362720417,momentum,BULL_TREND,64.34405738940808,100.0,100.0,65.0,42.073847194972274,63.33333333333333,0.0,83.914414043554,0.0,1,1,E_ablate_sector_vr1.2,True
601698,601698.SH,中国卫通,电信运营,20250825,23.0,53.80916006388456,53.80916006388456,0.0,2.69,4.1339,31716.3,1.7513882956001714,momentum,BULL_TREND,71.38030863909496,100.0,100.0,80.0,55.536761968101885,33.33333333333333,0.0,74.35447101353651,0.0,2,2,E_ablate_sector_vr1.2,True
415,000415.SZ,渤海租赁,多元金融,20250825,3.71,53.30528299236397,53.30528299236397,0.0,2.58,3.7488,16969.33,1.0666666666666678,momentum,BULL_TREND,68.36855328242648,100.0,100.0,80.0,38.866055360929,30.0,0.0,75.5,0.0,3,3,E_ablate_sector_vr1.2,True
69,000069.SZ,华侨城A,全国地产,20250825,2.42,53.73697810309443,53.73697810309443,0.0,3.71,3.8773,6116.99,2.4193548387096797,momentum,BULL_TREND,94.57095934230392,100.0,61.1699,65.0,75.47611197879502,43.333333333333336,0.0,90.39445139323172,0.0,1,1,E_ablate_inflow_vr1.2,True
600489,600489.SH,中金黄金,黄金,20250825,15.15,49.15323930846952,49.15323930846952,0.0,2.41,3.5041,54125.65,0.0,momentum,BULL_TREND,63.45165732276185,100.0,100.0,65.0,80.11417265664707,63.33333333333333,0.0,71.95989512059164,0.0,2,2,E_ablate_inflow_vr1.2,True
301267,301267.SZ,华厦眼科,医疗保健,20250825,21.63,48.98967373723322,48.98967373723322,0.0,3.03,5.667,3193.96,2.479711451758344,momentum,BULL_TREND,79.9658896849113,100.0,31.9396,100.0,56.155925640092505,43.333333333333336,0.0,85.96938489811353,0.0,3,3,E_ablate_inflow_vr1.2,True
600489,600489.SH,中金黄金,黄金,20250825,15.15,61.54196613373504,61.54196613373504,0.0,2.41,3.5041,54125.65,0.0,momentum,BULL_TREND,63.45165732276185,100.0,100.0,65.0,78.03775434327046,63.33333333333333,0.0,71.95989512059164,0.0,1,1,E_ablate_wyckoff_vr1.2,True
601698,601698.SH,中国卫通,电信运营,20250825,23.0,57.48106535615129,57.48106535615129,0.0,2.69,4.1339,31716.3,1.7513882956001714,momentum,BULL_TREND,71.38030863909496,100.0,100.0,80.0,55.536761968101885,33.33333333333333,0.0,74.35447101353651,0.0,2,2,E_ablate_wyckoff_vr1.2,True
2042,002042.SZ,华孚时尚,纺织,20250825,5.37,57.30030027494603,57.30030027494603,0.0,2.67,8.982,22248.44,2.0072992700729984,momentum,BULL_TREND,70.84198709564146,100.0,100.0,60.0,60.036677719665725,33.33333333333333,0.0,51.89303887190195,0.0,3,3,E_ablate_wyckoff_vr1.2,True
600489,600489.SH,中金黄金,黄金,20250825,15.15,68.7379556457942,68.7379556457942,0.0,2.41,3.5041,54125.65,0.0,momentum,BULL_TREND,63.45165732276185,100.0,100.0,65.0,78.03775434327046,63.33333333333333,0.0,71.95989512059164,0.0,1,1,E_ablate_accel_vr1.2,True
69,000069.SZ,华侨城A,全国地产,20250825,2.42,65.61322937519468,65.61322937519468,0.0,3.71,3.8773,6116.99,2.4193548387096797,momentum,BULL_TREND,94.57095934230392,100.0,61.1699,65.0,73.68746833929627,43.333333333333336,0.0,90.39445139323172,0.0,2,2,E_ablate_accel_vr1.2,True
601698,601698.SH,中国卫通,电信运营,20250825,23.0,64.91651245750494,64.91651245750494,0.0,2.69,4.1339,31716.3,1.7513882956001714,momentum,BULL_TREND,71.38030863909496,100.0,100.0,80.0,55.536761968101885,33.33333333333333,0.0,74.35447101353651,0.0,3,3,E_ablate_accel_vr1.2,True
2202,002202.SZ,金风科技,电气设备,20250826,11.95,78.39426011498188,70.46466012985577,7.929599985126103,3.75,8.0631,40421.39,1.6460905349794326,momentum,BULL_TREND,95.34452978042592,100.0,100.0,65.0,79.29599985126103,10.0,0.0,65.53780692539682,0.0,1,1,A_recovered_proxy_vr1.5,True
2617,002617.SZ,露笑科技,电气设备,20250826,8.15,71.36661790700614,63.43701792188004,7.929599985126103,1.94,8.234,17478.62,2.5119617224880275,momentum,BULL_TREND,47.802832620620144,100.0,100.0,65.0,79.29599985126103,0.0,0.0,71.57393058534808,0.0,2,2,A_recovered_proxy_vr1.5,True
2984,002984.SZ,森麒麟,汽车配件,20250826,20.57,70.23390319961683,70.23390319961683,0.0,3.26,7.7812,17050.71,1.9542421353670167,momentum,BULL_TREND,85.24359822281764,100.0,100.0,100.0,62.58235856305727,30.0,0.0,84.30891753582728,0.0,3,3,A_recovered_proxy_vr1.5,True
2202,002202.SZ,金风科技,电气设备,20250826,11.95,70.46466012985577,70.46466012985577,0.0,3.75,8.0631,40421.39,1.6460905349794326,momentum,BULL_TREND,95.34452978042592,100.0,100.0,65.0,79.29599985126103,10.0,0.0,65.53780692539682,0.0,1,1,B_pure_quant_vr1.5,True
2984,002984.SZ,森麒麟,汽车配件,20250826,20.57,70.23390319961683,70.23390319961683,0.0,3.26,7.7812,17050.71,1.9542421353670167,momentum,BULL_TREND,85.24359822281764,100.0,100.0,100.0,62.58235856305727,30.0,0.0,84.30891753582728,0.0,2,2,B_pure_quant_vr1.5,True
2668,002668.SZ,TCL智家,家用电器,20250826,11.05,67.56799923760607,67.56799923760607,0.0,3.53,4.6653,9161.34,2.2123893805309733,momentum,BULL_TREND,90.98340917482275,100.0,91.6134,80.0,47.718148212605655,30.0,0.0,85.32901623116842,20.212765957446788,3,3,B_pure_quant_vr1.5,True
2202,002202.SZ,金风科技,电气设备,20250826,11.95,76.8881986625133,69.46061916154339,7.42757950096991,3.75,8.0631,40421.39,1.6460905349794326,momentum,BULL_TREND,95.34452978042592,100.0,100.0,65.0,74.2757950096991,10.0,0.0,65.53780692539682,0.0,1,1,A_recovered_proxy_vr1.2,True
2984,002984.SZ,森麒麟,汽车配件,20250826,20.57,70.95056850415416,70.95056850415416,0.0,3.26,7.7812,17050.71,1.9542421353670167,momentum,BULL_TREND,85.24359822281764,100.0,100.0,80.0,71.16568508574397,30.0,0.0,84.30891753582728,0.0,2,2,A_recovered_proxy_vr1.2,True
2617,002617.SZ,露笑科技,电气设备,20250826,8.15,69.86055645453756,62.432976953567646,7.42757950096991,1.94,8.234,17478.62,2.5119617224880275,momentum,BULL_TREND,47.802832620620144,100.0,100.0,65.0,74.2757950096991,0.0,0.0,71.57393058534808,0.0,3,3,A_recovered_proxy_vr1.2,True
2984,002984.SZ,森麒麟,汽车配件,20250826,20.57,70.95056850415416,70.95056850415416,0.0,3.26,7.7812,17050.71,1.9542421353670167,momentum,BULL_TREND,85.24359822281764,100.0,100.0,80.0,71.16568508574397,30.0,0.0,84.30891753582728,0.0,1,1,D_pure_quant_vr1.2,True
2202,002202.SZ,金风科技,电气设备,20250826,11.95,69.46061916154339,69.46061916154339,0.0,3.75,8.0631,40421.39,1.6460905349794326,momentum,BULL_TREND,95.34452978042592,100.0,100.0,65.0,74.2757950096991,10.0,0.0,65.53780692539682,0.0,2,2,D_pure_quant_vr1.2,True
2668,002668.SZ,TCL智家,家用电器,20250826,11.05,64.8659882447769,64.8659882447769,0.0,3.53,4.6653,9161.34,2.2123893805309733,momentum,BULL_TREND,90.98340917482275,100.0,91.6134,65.0,37.95809324845983,30.0,0.0,85.32901623116842,20.212765957446788,3,3,D_pure_quant_vr1.2,True
2668,002668.SZ,TCL智家,家用电器,20250826,11.05,57.27436959508493,57.27436959508493,0.0,3.53,4.6653,9161.34,2.2123893805309733,momentum,BULL_TREND,90.98340917482275,100.0,91.6134,65.0,37.95809324845983,30.0,0.0,85.32901623116842,20.212765957446788,1,1,E_ablate_sector_vr1.2,True
2984,002984.SZ,森麒麟,汽车配件,20250826,20.57,56.71743148700537,56.71743148700537,0.0,3.26,7.7812,17050.71,1.9542421353670167,momentum,BULL_TREND,85.24359822281764,100.0,100.0,80.0,71.16568508574397,30.0,0.0,84.30891753582728,0.0,2,2,E_ablate_sector_vr1.2,True
2100,002100.SZ,天康生物,饲料,20250826,6.97,55.528261884823095,55.528261884823095,0.0,3.12,7.5257,15209.16,1.274787535410763,momentum,BULL_TREND,82.07730145437618,100.0,100.0,80.0,41.1571661883609,33.33333333333333,0.0,75.5,0.0,3,3,E_ablate_sector_vr1.2,True
2984,002984.SZ,森麒麟,汽车配件,20250826,20.57,50.25414028426317,50.25414028426317,0.0,3.26,7.7812,17050.71,1.9542421353670167,momentum,BULL_TREND,85.24359822281764,100.0,100.0,80.0,67.683543986289,30.0,0.0,84.30891753582728,0.0,1,1,E_ablate_inflow_vr1.2,True
2202,002202.SZ,金风科技,电气设备,20250826,11.95,49.28320136868031,49.28320136868031,0.0,3.75,8.0631,40421.39,1.6460905349794326,momentum,BULL_TREND,95.34452978042592,100.0,100.0,65.0,73.38870604538369,10.0,0.0,65.53780692539682,0.0,2,2,E_ablate_inflow_vr1.2,True
600817,600817.SH,宇通重工,专用机械,20250826,12.76,49.01919682228234,49.01919682228234,0.0,3.26,3.6603,453.29,2.371843917368022,momentum,BULL_TREND,85.24359822281764,100.0,4.532900000000001,40.0,78.41328544429845,20.0,0.0,75.5,0.0,3,3,E_ablate_inflow_vr1.2,True
2202,002202.SZ,金风科技,电气设备,20250826,11.95,62.90683846900371,62.90683846900371,0.0,3.75,8.0631,40421.39,1.6460905349794326,momentum,BULL_TREND,95.34452978042592,100.0,100.0,65.0,74.2757950096991,10.0,0.0,65.53780692539682,0.0,1,1,E_ablate_wyckoff_vr1.2,True
2984,002984.SZ,森麒麟,汽车配件,20250826,20.57,62.51967675057144,62.51967675057144,0.0,3.26,7.7812,17050.71,1.9542421353670167,momentum,BULL_TREND,85.24359822281764,100.0,100.0,80.0,71.16568508574397,30.0,0.0,84.30891753582728,0.0,2,2,E_ablate_wyckoff_vr1.2,True
2124,002124.SZ,天邦食品,农业综合,20250826,3.12,56.35955081293759,56.35955081293759,0.0,2.82,6.5354,12778.64,0.6369426751592362,momentum,BULL_TREND,74.78475813120345,100.0,100.0,65.0,43.62585213295203,63.33333333333333,0.0,75.5,0.0,3,3,E_ablate_wyckoff_vr1.2,True
2984,002984.SZ,森麒麟,汽车配件,20250826,20.57,70.95056850415416,70.95056850415416,0.0,3.26,7.7812,17050.71,1.9542421353670167,momentum,BULL_TREND,85.24359822281764,100.0,100.0,80.0,71.16568508574397,30.0,0.0,84.30891753582728,0.0,1,1,E_ablate_accel_vr1.2,True
2202,002202.SZ,金风科技,电气设备,20250826,11.95,69.46061916154339,69.46061916154339,0.0,3.75,8.0631,40421.39,1.6460905349794326,momentum,BULL_TREND,95.34452978042592,100.0,100.0,65.0,74.2757950096991,10.0,0.0,65.53780692539682,0.0,2,2,E_ablate_accel_vr1.2,True
2124,002124.SZ,天邦食品,农业综合,20250826,3.12,63.90955081293759,63.90955081293759,0.0,2.82,6.5354,12778.64,0.6369426751592362,momentum,BULL_TREND,74.78475813120345,100.0,100.0,65.0,43.62585213295203,63.33333333333333,0.0,75.5,0.0,3,3,E_ablate_accel_vr1.2,True
600810,600810.SH,神马股份,化纤,20250827,10.03,81.37972779107353,76.18479125353244,5.194936537541102,4.3,6.0661,11681.17,3.742802303262961,momentum,BULL_TREND,100.0,95.54318618042224,100.0,100.0,51.94936537541101,53.333333333333336,100.0,85.73932893741338,0.0,1,1,A_recovered_proxy_vr1.5,True
600052,600052.SH,东望时代,供气供热,20250827,4.83,65.26682747706745,60.064696261080606,5.202131215986846,2.98,6.1874,3944.64,2.4242424242424265,momentum,BULL_TREND,78.76561653437184,100.0,39.4464,100.0,52.02131215986846,30.0,100.0,84.56311348951138,0.0,2,2,A_recovered_proxy_vr1.5,True
757,000757.SZ,浩物股份,汽车服务,20250827,5.34,51.79756598580934,51.79756598580934,0.0,3.72,8.7233,1702.83,4.129263913824064,momentum,BULL_TREND,94.76513106666536,93.22441651705562,17.028299999999998,60.0,41.961341572286784,0.0,100.0,84.62426359646619,0.0,3,3,A_recovered_proxy_vr1.5,True
600810,600810.SH,神马股份,化纤,20250827,10.03,76.18479125353244,76.18479125353244,0.0,4.3,6.0661,11681.17,3.742802303262961,momentum,BULL_TREND,100.0,95.54318618042224,100.0,100.0,51.94936537541101,53.333333333333336,100.0,85.73932893741338,0.0,1,1,B_pure_quant_vr1.5,True
600052,600052.SH,东望时代,供气供热,20250827,4.83,60.064696261080606,60.064696261080606,0.0,2.98,6.1874,3944.64,2.4242424242424265,momentum,BULL_TREND,78.76561653437184,100.0,39.4464,100.0,52.02131215986846,30.0,100.0,84.56311348951138,0.0,2,2,B_pure_quant_vr1.5,True
757,000757.SZ,浩物股份,汽车服务,20250827,5.34,51.79756598580934,51.79756598580934,0.0,3.72,8.7233,1702.83,4.129263913824064,momentum,BULL_TREND,94.76513106666536,93.22441651705562,17.028299999999998,60.0,41.961341572286784,0.0,100.0,84.62426359646619,0.0,3,3,B_pure_quant_vr1.5,True
600810,600810.SH,神马股份,化纤,20250827,10.03,75.61424376985677,75.61424376985677,0.0,4.3,6.0661,11681.17,3.742802303262961,momentum,BULL_TREND,100.0,95.54318618042224,100.0,100.0,49.09662795703268,53.333333333333336,100.0,85.73932893741338,0.0,1,1,A_recovered_proxy_vr1.2,True
2625,002625.SZ,光启技术,航空,20250827,55.04,62.90760385338051,56.21875179354337,6.688852059837136,1.23,3.7488,62820.38,4.261610714906945,momentum,BULL_TREND,14.93291577822576,92.43033571055832,100.0,80.0,66.88852059837136,0.0,100.0,23.58076736079398,0.0,2,2,A_recovered_proxy_vr1.2,True
600052,600052.SH,东望时代,供气供热,20250827,4.83,59.44404619291673,59.44404619291673,0.0,2.98,6.1874,3944.64,2.4242424242424265,momentum,BULL_TREND,78.76561653437184,100.0,39.4464,100.0,48.91806181904906,30.0,100.0,84.56311348951138,0.0,3,3,A_recovered_proxy_vr1.2,True
600810,600810.SH,神马股份,化纤,20250827,10.03,75.61424376985677,75.61424376985677,0.0,4.3,6.0661,11681.17,3.742802303262961,momentum,BULL_TREND,100.0,95.54318618042224,100.0,100.0,49.09662795703268,53.333333333333336,100.0,85.73932893741338,0.0,1,1,D_pure_quant_vr1.2,True
600052,600052.SH,东望时代,供气供热,20250827,4.83,59.44404619291673,59.44404619291673,0.0,2.98,6.1874,3944.64,2.4242424242424265,momentum,BULL_TREND,78.76561653437184,100.0,39.4464,100.0,48.91806181904906,30.0,100.0,84.56311348951138,0.0,2,2,D_pure_quant_vr1.2,True
2625,002625.SZ,光启技术,航空,20250827,55.04,56.21875179354337,56.21875179354337,0.0,1.23,3.7488,62820.38,4.261610714906945,momentum,BULL_TREND,14.93291577822576,92.43033571055832,100.0,80.0,66.88852059837136,0.0,100.0,23.58076736079398,0.0,3,3,D_pure_quant_vr1.2,True
600810,600810.SH,神马股份,化纤,20250827,10.03,65.79491817845023,65.79491817845023,0.0,4.3,6.0661,11681.17,3.742802303262961,momentum,BULL_TREND,100.0,95.54318618042224,100.0,100.0,49.09662795703268,53.333333333333336,100.0,85.73932893741338,0.0,1,1,E_ablate_sector_vr1.2,True
600052,600052.SH,东望时代,供气供热,20250827,4.83,49.660433829106914,49.660433829106914,0.0,2.98,6.1874,3944.64,2.4242424242424265,momentum,BULL_TREND,78.76561653437184,100.0,39.4464,100.0,48.91806181904906,30.0,100.0,84.56311348951138,0.0,2,2,E_ablate_sector_vr1.2,True
600810,600810.SH,神马股份,化纤,20250827,10.03,56.18479125353243,56.18479125353243,0.0,4.3,6.0661,11681.17,3.742802303262961,momentum,BULL_TREND,100.0,95.54318618042224,100.0,100.0,51.94936537541101,53.333333333333336,100.0,85.73932893741338,0.0,1,1,E_ablate_inflow_vr1.2,True
603230,603230.SH,内蒙新华,出版业,20250827,14.64,53.488704130866296,53.488704130866296,0.0,4.51,5.215,-4004.78,4.438642297650128,momentum,BULL_TREND,100.0,91.36814621409924,0.0,100.0,48.73871634026928,10.0,100.0,91.04146241402516,0.0,2,2,E_ablate_inflow_vr1.2,True
600052,600052.SH,东望时代,供气供热,20250827,4.83,52.175416261080606,52.175416261080606,0.0,2.98,6.1874,3944.64,2.4242424242424265,momentum,BULL_TREND,78.76561653437184,100.0,39.4464,100.0,52.02131215986846,30.0,100.0,84.56311348951138,0.0,3,3,E_ablate_inflow_vr1.2,True
600810,600810.SH,神马股份,化纤,20250827,10.03,67.04031087611543,67.04031087611543,0.0,4.3,6.0661,11681.17,3.742802303262961,momentum,BULL_TREND,100.0,95.54318618042224,100.0,100.0,49.09662795703268,53.333333333333336,100.0,85.73932893741338,0.0,1,1,E_ablate_wyckoff_vr1.2,True
2625,002625.SZ,光启技术,航空,20250827,55.04,53.860675057463965,53.860675057463965,0.0,1.23,3.7488,62820.38,4.261610714906945,momentum,BULL_TREND,14.93291577822576,92.43033571055832,100.0,80.0,66.88852059837136,0.0,100.0,23.58076736079398,0.0,2,2,E_ablate_wyckoff_vr1.2,True
2062,002062.SZ,宏润建设,建筑工程,20250827,7.35,53.4260172002186,53.4260172002186,0.0,1.2,9.9261,12172.66,2.9062087186261643,momentum,BULL_TREND,13.151720291689688,100.0,100.0,80.0,54.76629578232571,30.0,100.0,0.0,0.0,3,3,E_ablate_wyckoff_vr1.2,True
600810,600810.SH,神马股份,化纤,20250827,10.03,75.61424376985677,75.61424376985677,0.0,4.3,6.0661,11681.17,3.742802303262961,momentum,BULL_TREND,100.0,95.54318618042224,100.0,100.0,49.09662795703268,53.333333333333336,100.0,85.73932893741338,0.0,1,1,E_ablate_accel_vr1.2,True
600052,600052.SH,东望时代,供气供热,20250827,4.83,59.44404619291673,59.44404619291673,0.0,2.98,6.1874,3944.64,2.4242424242424265,momentum,BULL_TREND,78.76561653437184,100.0,39.4464,100.0,48.91806181904906,30.0,100.0,84.56311348951138,0.0,2,2,E_ablate_accel_vr1.2,True
2625,002625.SZ,光启技术,航空,20250827,55.04,56.21875179354337,56.21875179354337,0.0,1.23,3.7488,62820.38,4.261610714906945,momentum,BULL_TREND,14.93291577822576,92.43033571055832,100.0,80.0,66.88852059837136,0.0,100.0,23.58076736079398,0.0,3,3,E_ablate_accel_vr1.2,True
600522,600522.SH,中天科技,通信设备,20250828,16.41,73.47763150434567,64.44375902833,9.033872476015654,1.84,6.646,34355.03,1.5006002400960383,momentum,BULL_TREND,43.98528831411441,100.0,100.0,65.0,90.33872476015654,30.0,0.0,50.28220829181541,0.0,1,1,A_recovered_proxy_vr1.5,True
723,000723.SZ,美锦能源,焦炭加工,20250828,4.85,67.62265521720792,67.62265521720792,0.0,3.31,4.9624,11887.04,2.217741935483877,momentum,BULL_TREND,86.34156085162465,100.0,100.0,80.0,57.27377211398775,33.33333333333333,0.0,75.5,0.0,2,2,A_recovered_proxy_vr1.5,True
600176,600176.SH,中国巨石,玻璃,20250828,14.19,65.99224120287859,59.291222661199086,6.701018541679499,1.64,3.2265,23329.93,0.3511235955056229,momentum,BULL_TREND,35.68479074216794,100.0,100.0,80.0,67.01018541679498,33.33333333333333,0.0,48.69800299848234,0.0,3,3,A_recovered_proxy_vr1.5,True
723,000723.SZ,美锦能源,焦炭加工,20250828,4.85,67.62265521720792,67.62265521720792,0.0,3.31,4.9624,11887.04,2.217741935483877,momentum,BULL_TREND,86.34156085162465,100.0,100.0,80.0,57.27377211398775,33.33333333333333,0.0,75.5,0.0,1,1,B_pure_quant_vr1.5,True
600522,600522.SH,中天科技,通信设备,20250828,16.41,64.44375902833,64.44375902833,0.0,1.84,6.646,34355.03,1.5006002400960383,momentum,BULL_TREND,43.98528831411441,100.0,100.0,65.0,90.33872476015654,30.0,0.0,50.28220829181541,0.0,2,2,B_pure_quant_vr1.5,True
591,000591.SZ,太阳能,新型电力,20250828,4.75,62.96069550236528,62.96069550236528,0.0,2.66,3.9908,18289.35,0.6276150627615115,momentum,BULL_TREND,70.57131228632325,100.0,100.0,80.0,46.62499329708399,30.0,0.0,75.5,0.0,3,3,B_pure_quant_vr1.5,True
723,000723.SZ,美锦能源,焦炭加工,20250828,4.85,66.8361870284128,66.8361870284128,0.0,3.31,4.9624,11887.04,2.217741935483877,momentum,BULL_TREND,86.34156085162465,100.0,100.0,80.0,53.34143117001213,33.33333333333333,0.0,75.5,0.0,1,1,A_recovered_proxy_vr1.2,True
600522,600522.SH,中天科技,通信设备,20250828,16.41,66.30526441587642,59.24551430268385,7.059750113192576,1.84,6.646,34355.03,1.5006002400960383,momentum,BULL_TREND,43.98528831411441,100.0,100.0,40.0,70.59750113192575,30.0,0.0,50.28220829181541,0.0,2,2,A_recovered_proxy_vr1.2,True
21,000021.SZ,深科技,元器件,20250828,22.08,65.85456323845877,57.0350700346792,8.819493203779562,1.2,9.3175,41238.71,0.8086253369272384,momentum,BULL_TREND,13.151720291689688,100.0,100.0,65.0,88.19493203779561,30.0,0.0,26.73325583366625,0.0,3,3,A_recovered_proxy_vr1.2,True
723,000723.SZ,美锦能源,焦炭加工,20250828,4.85,66.8361870284128,66.8361870284128,0.0,3.31,4.9624,11887.04,2.217741935483877,momentum,BULL_TREND,86.34156085162465,100.0,100.0,80.0,53.34143117001213,33.33333333333333,0.0,75.5,0.0,1,1,D_pure_quant_vr1.2,True
591,000591.SZ,太阳能,新型电力,20250828,4.75,61.41006359719261,61.41006359719261,0.0,2.66,3.9908,18289.35,0.6276150627615115,momentum,BULL_TREND,70.57131228632325,100.0,100.0,80.0,38.87183377122063,30.0,0.0,75.5,0.0,2,2,D_pure_quant_vr1.2,True
603858,603858.SH,步长制药,中成药,20250828,20.02,60.873521813061664,60.873521813061664,0.0,2.99,3.0815,8529.71,2.721088435374144,momentum,BULL_TREND,79.00727422116903,100.0,85.29709999999999,80.0,52.91658489832948,0.0,0.0,73.79693700220415,0.0,3,3,D_pure_quant_vr1.2,True
723,000723.SZ,美锦能源,焦炭加工,20250828,4.85,56.167900794410365,56.167900794410365,0.0,3.31,4.9624,11887.04,2.217741935483877,momentum,BULL_TREND,86.34156085162465,100.0,100.0,80.0,53.34143117001213,33.33333333333333,0.0,75.5,0.0,1,1,E_ablate_sector_vr1.2,True
591,000591.SZ,太阳能,新型电力,20250828,4.75,53.63569684294849,53.63569684294849,0.0,2.66,3.9908,18289.35,0.6276150627615115,momentum,BULL_TREND,70.57131228632325,100.0,100.0,80.0,38.87183377122063,30.0,0.0,75.5,0.0,2,2,E_ablate_sector_vr1.2,True
603858,603858.SH,步长制药,中成药,20250828,20.02,50.29020483339577,50.29020483339577,0.0,2.99,3.0815,8529.71,2.721088435374144,momentum,BULL_TREND,79.00727422116903,100.0,85.29709999999999,80.0,52.91658489832948,0.0,0.0,73.79693700220415,0.0,3,3,E_ablate_sector_vr1.2,True
3012,003012.SZ,东鹏控股,陶瓷,20250828,7.51,48.76763627318885,48.76763627318885,0.0,7.2,5.858,30.83,3.841229193341867,momentum,BULL_TREND,100.0,94.9526248399488,0.3082999999999999,100.0,50.01630721502494,33.33333333333333,0.0,76.02445679522312,0.0,1,1,E_ablate_inflow_vr1.2,True
723,000723.SZ,美锦能源,焦炭加工,20250828,4.85,46.83696755678369,46.83696755678369,0.0,3.31,4.9624,11887.04,2.217741935483877,momentum,BULL_TREND,86.34156085162465,100.0,100.0,80.0,53.345333811866624,33.33333333333333,0.0,75.5,0.0,2,2,E_ablate_inflow_vr1.2,True
723,000723.SZ,美锦能源,焦炭加工,20250828,4.85,59.28618702841279,59.28618702841279,0.0,3.31,4.9624,11887.04,2.217741935483877,momentum,BULL_TREND,86.34156085162465,100.0,100.0,80.0,53.34143117001213,33.33333333333333,0.0,75.5,0.0,1,1,E_ablate_wyckoff_vr1.2,True
600363,600363.SH,联创光电,元器件,20250828,66.62,54.47240057934865,54.47240057934865,0.0,1.34,3.724,19484.61,1.551647702083637,momentum,BULL_TREND,21.11165003415239,100.0,100.0,40.0,88.19493203779561,33.33333333333333,0.0,22.939464734381552,0.0,2,2,E_ablate_wyckoff_vr1.2,True
21,000021.SZ,深科技,元器件,20250828,22.08,54.361744451312575,54.361744451312575,0.0,1.2,9.3175,41238.71,0.8086253369272384,momentum,BULL_TREND,13.151720291689688,100.0,100.0,65.0,88.19493203779561,30.0,0.0,26.73325583366625,0.0,3,3,E_ablate_wyckoff_vr1.2,True
723,000723.SZ,美锦能源,焦炭加工,20250828,4.85,66.8361870284128,66.8361870284128,0.0,3.31,4.9624,11887.04,2.217741935483877,momentum,BULL_TREND,86.34156085162465,100.0,100.0,80.0,53.34143117001213,33.33333333333333,0.0,75.5,0.0,1,1,E_ablate_accel_vr1.2,True
591,000591.SZ,太阳能,新型电力,20250828,4.75,61.41006359719261,61.41006359719261,0.0,2.66,3.9908,18289.35,0.6276150627615115,momentum,BULL_TREND,70.57131228632325,100.0,100.0,80.0,38.87183377122063,30.0,0.0,75.5,0.0,2,2,E_ablate_accel_vr1.2,True
603858,603858.SH,步长制药,中成药,20250828,20.02,60.873521813061664,60.873521813061664,0.0,2.99,3.0815,8529.71,2.721088435374144,momentum,BULL_TREND,79.00727422116903,100.0,85.29709999999999,80.0,52.91658489832948,0.0,0.0,73.79693700220415,0.0,3,3,E_ablate_accel_vr1.2,True
600489,600489.SH,中金黄金,黄金,20250829,15.97,62.14994100648234,57.03844325566629,5.111497750816051,1.89,3.7506,39596.26,0.3742981908920804,momentum,BULL_TREND,45.9193117223174,100.0,100.0,40.0,51.11497750816051,20.0,0.0,69.27550995686579,0.0,1,1,A_recovered_proxy_vr1.5,True
600435,600435.SH,北方导航,专用机械,20250829,17.35,61.512490759705024,61.512490759705024,0.0,2.22,9.3065,55507.52,4.512933406714366,momentum,BULL_TREND,57.52798382876907,90.9223995597138,100.0,80.0,48.172544789948006,66.66666666666666,0.0,68.23210938095347,0.0,2,2,A_recovered_proxy_vr1.5,True
2709,002709.SZ,天赐材料,化工原料,20250829,21.51,56.878973787831896,56.878973787831896,0.0,1.84,6.7381,36188.83,1.4207149404216255,momentum,BULL_TREND,43.98528831411441,100.0,100.0,80.0,42.55300893246202,33.33333333333333,0.0,61.03912087555665,0.0,3,3,A_recovered_proxy_vr1.5,True
600435,600435.SH,北方导航,专用机械,20250829,17.35,61.512490759705024,61.512490759705024,0.0,2.22,9.3065,55507.52,4.512933406714366,momentum,BULL_TREND,57.52798382876907,90.9223995597138,100.0,80.0,48.172544789948006,66.66666666666666,0.0,68.23210938095347,0.0,1,1,B_pure_quant_vr1.5,True
600489,600489.SH,中金黄金,黄金,20250829,15.97,57.03844325566629,57.03844325566629,0.0,1.89,3.7506,39596.26,0.3742981908920804,momentum,BULL_TREND,45.9193117223174,100.0,100.0,40.0,51.11497750816051,20.0,0.0,69.27550995686579,0.0,2,2,B_pure_quant_vr1.5,True
2709,002709.SZ,天赐材料,化工原料,20250829,21.51,56.878973787831896,56.878973787831896,0.0,1.84,6.7381,36188.83,1.4207149404216255,momentum,BULL_TREND,43.98528831411441,100.0,100.0,80.0,42.55300893246202,33.33333333333333,0.0,61.03912087555665,0.0,3,3,B_pure_quant_vr1.5,True
600435,600435.SH,北方导航,专用机械,20250829,17.35,61.12420392080855,61.12420392080855,0.0,2.22,9.3065,55507.52,4.512933406714366,momentum,BULL_TREND,57.52798382876907,90.9223995597138,100.0,80.0,46.231110595465616,66.66666666666666,0.0,68.23210938095347,0.0,1,1,A_recovered_proxy_vr1.2,True
2460,002460.SZ,赣锋锂业,小金属,20250829,39.92,58.89149378944818,54.062239007808365,4.829254781639811,1.56,6.0913,55978.16,2.7290448343079863,momentum,BULL_TREND,32.07730145437618,100.0,100.0,65.0,48.29254781639811,20.0,0.0,53.421342263723176,0.0,2,2,A_recovered_proxy_vr1.2,True
969,000969.SZ,安泰科技,小金属,20250829,14.49,57.78523192458564,52.95597714294583,4.829254781639811,1.34,5.7576,12382.96,1.092150170648465,momentum,BULL_TREND,21.11165003415239,100.0,100.0,65.0,48.29254781639811,20.0,0.0,58.80720074543342,0.0,3,3,A_recovered_proxy_vr1.2,True
600435,600435.SH,北方导航,专用机械,20250829,17.35,61.12420392080855,61.12420392080855,0.0,2.22,9.3065,55507.52,4.512933406714366,momentum,BULL_TREND,57.52798382876907,90.9223995597138,100.0,80.0,46.231110595465616,66.66666666666666,0.0,68.23210938095347,0.0,1,1,D_pure_quant_vr1.2,True
2812,002812.SZ,恩捷股份,电气设备,20250829,32.3,57.01297297181439,57.01297297181439,0.0,2.0,5.2969,24646.87,2.416918429003034,momentum,BULL_TREND,50.0,100.0,100.0,65.0,46.682134587485336,0.0,0.0,69.26546054317315,0.0,2,2,D_pure_quant_vr1.2,True
2709,002709.SZ,天赐材料,化工原料,20250829,21.51,56.11267151660887,56.11267151660887,0.0,1.84,6.7381,36188.83,1.4207149404216255,momentum,BULL_TREND,43.98528831411441,100.0,100.0,80.0,38.72149757634687,33.33333333333333,0.0,61.03912087555665,0.0,3,3,D_pure_quant_vr1.2,True
600435,600435.SH,北方导航,专用机械,20250829,17.35,51.87798180171542,51.87798180171542,0.0,2.22,9.3065,55507.52,4.512933406714366,momentum,BULL_TREND,57.52798382876907,90.9223995597138,100.0,80.0,46.231110595465616,66.66666666666666,0.0,68.23210938095347,0.0,1,1,E_ablate_sector_vr1.2,True
2709,002709.SZ,天赐材料,化工原料,20250829,21.51,48.368372001339495,48.368372001339495,0.0,1.84,6.7381,36188.83,1.4207149404216255,momentum,BULL_TREND,43.98528831411441,100.0,100.0,80.0,38.72149757634687,33.33333333333333,0.0,61.03912087555665,0.0,2,2,E_ablate_sector_vr1.2,True
2258,002258.SZ,利尔化学,农药化肥,20250829,12.83,48.19164813598447,48.19164813598447,0.0,1.93,5.5019,9069.53,1.8362662586075,momentum,BULL_TREND,47.430042374667785,100.0,90.6953,100.0,34.025558508053514,10.0,0.0,74.38081779784298,0.0,3,3,E_ablate_sector_vr1.2,True
600435,600435.SH,北方导航,专用机械,20250829,17.35,54.3009929827132,54.3009929827132,0.0,2.22,9.3065,55507.52,4.512933406714366,momentum,BULL_TREND,57.52798382876907,90.9223995597138,100.0,80.0,46.231110595465616,66.66666666666666,0.0,68.23210938095347,0.0,1,1,E_ablate_wyckoff_vr1.2,True
600478,600478.SH,科力远,电气设备,20250829,6.14,51.024932742712,51.024932742712,0.0,1.87,5.5531,11213.48,3.00157977883097,momentum,BULL_TREND,45.1519135056456,99.99052132701418,100.0,65.0,46.682134587485336,33.33333333333333,0.0,42.70256328649508,0.0,2,2,E_ablate_wyckoff_vr1.2,True
2812,002812.SZ,恩捷股份,电气设备,20250829,32.3,50.08642691749706,50.08642691749706,0.0,2.0,5.2969,24646.87,2.416918429003034,momentum,BULL_TREND,50.0,100.0,100.0,65.0,46.682134587485336,0.0,0.0,69.26546054317315,0.0,3,3,E_ablate_wyckoff_vr1.2,True
600435,600435.SH,北方导航,专用机械,20250829,17.35,61.12420392080855,61.12420392080855,0.0,2.22,9.3065,55507.52,4.512933406714366,momentum,BULL_TREND,57.52798382876907,90.9223995597138,100.0,80.0,46.231110595465616,66.66666666666666,0.0,68.23210938095347,0.0,1,1,E_ablate_accel_vr1.2,True
2812,002812.SZ,恩捷股份,电气设备,20250829,32.3,57.01297297181439,57.01297297181439,0.0,2.0,5.2969,24646.87,2.416918429003034,momentum,BULL_TREND,50.0,100.0,100.0,65.0,46.682134587485336,0.0,0.0,69.26546054317315,0.0,2,2,E_ablate_accel_vr1.2,True
2709,002709.SZ,天赐材料,化工原料,20250829,21.51,56.11267151660887,56.11267151660887,0.0,1.84,6.7381,36188.83,1.4207149404216255,momentum,BULL_TREND,43.98528831411441,100.0,100.0,80.0,38.72149757634687,33.33333333333333,0.0,61.03912087555665,0.0,3,3,E_ablate_accel_vr1.2,True
600098,600098.SH,广州发展,火力发电,20250901,6.88,71.79576538319614,71.79576538319614,0.0,4.27,3.0291,16663.26,0.721500721500719,momentum,BULL_TREND,100.0,100.0,100.0,80.0,59.54628178152792,43.333333333333336,0.0,87.19842360223892,0.0,1,1,A_recovered_proxy_vr1.5,True
601333,601333.SH,广深铁路,铁路,20250901,3.35,70.48902081644361,70.48902081644361,0.0,4.24,6.478,13040.74,2.0467836257309897,momentum,BULL_TREND,100.0,100.0,100.0,100.0,51.71575815602634,33.33333333333333,0.0,84.79202518571674,0.0,2,2,A_recovered_proxy_vr1.5,True
601933,601933.SH,永辉超市,超市连锁,20250901,5.47,70.23243451016371,62.2874388331075,7.944995677056212,1.55,6.8916,36680.95,3.185840707964612,momentum,BULL_TREND,31.613410774975648,98.88495575221232,100.0,100.0,79.44995677056212,30.0,0.0,52.669402875274926,0.0,3,3,A_recovered_proxy_vr1.5,True
600098,600098.SH,广州发展,火力发电,20250901,6.88,71.79576538319614,71.79576538319614,0.0,4.27,3.0291,16663.26,0.721500721500719,momentum,BULL_TREND,100.0,100.0,100.0,80.0,59.54628178152792,43.333333333333336,0.0,87.19842360223892,0.0,1,1,B_pure_quant_vr1.5,True
601333,601333.SH,广深铁路,铁路,20250901,3.35,70.48902081644361,70.48902081644361,0.0,4.24,6.478,13040.74,2.0467836257309897,momentum,BULL_TREND,100.0,100.0,100.0,100.0,51.71575815602634,33.33333333333333,0.0,84.79202518571674,0.0,2,2,B_pure_quant_vr1.5,True
498,000498.SZ,山东路桥,建筑工程,20250901,6.31,66.96008725649368,66.96008725649368,0.0,3.51,4.141,8625.76,2.3219814241486123,momentum,BULL_TREND,90.5735515264918,100.0,86.2576,80.0,48.08959749527985,63.33333333333333,0.0,93.37948361797277,0.0,3,3,B_pure_quant_vr1.5,True
600098,600098.SH,广州发展,火力发电,20250901,6.88,70.52678737334945,70.52678737334945,0.0,4.27,3.0291,16663.26,0.721500721500719,momentum,BULL_TREND,100.0,100.0,100.0,80.0,53.20139173229447,43.333333333333336,0.0,87.19842360223892,0.0,1,1,A_recovered_proxy_vr1.2,True
601333,601333.SH,广深铁路,铁路,20250901,3.35,69.65369605794405,69.65369605794405,0.0,4.24,6.478,13040.74,2.0467836257309897,momentum,BULL_TREND,100.0,100.0,100.0,100.0,47.53913436352855,33.33333333333333,0.0,84.79202518571674,0.0,2,2,A_recovered_proxy_vr1.2,True
603799,603799.SH,华友钴业,小金属,20250901,50.22,68.63012838502819,60.856809965673634,7.773318419354559,1.61,8.327,44818.92,0.0,momentum,BULL_TREND,34.35303441699462,100.0,100.0,65.0,77.73318419354558,33.33333333333333,0.0,52.405512977486566,0.0,3,3,A_recovered_proxy_vr1.2,True
600098,600098.SH,广州发展,火力发电,20250901,6.88,70.52678737334945,70.52678737334945,0.0,4.27,3.0291,16663.26,0.721500721500719,momentum,BULL_TREND,100.0,100.0,100.0,80.0,53.20139173229447,43.333333333333336,0.0,87.19842360223892,0.0,1,1,D_pure_quant_vr1.2,True
601333,601333.SH,广深铁路,铁路,20250901,3.35,69.65369605794405,69.65369605794405,0.0,4.24,6.478,13040.74,2.0467836257309897,momentum,BULL_TREND,100.0,100.0,100.0,100.0,47.53913436352855,33.33333333333333,0.0,84.79202518571674,0.0,2,2,D_pure_quant_vr1.2,True
498,000498.SZ,山东路桥,建筑工程,20250901,6.31,64.60841941053094,64.60841941053094,0.0,3.51,4.141,8625.76,2.3219814241486123,momentum,BULL_TREND,90.5735515264918,100.0,86.2576,80.0,36.33125826546617,63.33333333333333,0.0,93.37948361797277,0.0,3,3,D_pure_quant_vr1.2,True
601333,601333.SH,广深铁路,铁路,20250901,3.35,60.14586918523834,60.14586918523834,0.0,4.24,6.478,13040.74,2.0467836257309897,momentum,BULL_TREND,100.0,100.0,100.0,100.0,47.53913436352855,33.33333333333333,0.0,84.79202518571674,0.0,1,1,E_ablate_sector_vr1.2,True
600098,600098.SH,广州发展,火力发电,20250901,6.88,59.88650902689056,59.88650902689056,0.0,4.27,3.0291,16663.26,0.721500721500719,momentum,BULL_TREND,100.0,100.0,100.0,80.0,53.20139173229447,43.333333333333336,0.0,87.19842360223892,0.0,2,2,E_ablate_sector_vr1.2,True
498,000498.SZ,山东路桥,建筑工程,20250901,6.31,57.342167757437714,57.342167757437714,0.0,3.51,4.141,8625.76,2.3219814241486123,momentum,BULL_TREND,90.5735515264918,100.0,86.2576,80.0,36.33125826546617,63.33333333333333,0.0,93.37948361797277,0.0,3,3,E_ablate_sector_vr1.2,True
600098,600098.SH,广州发展,火力发电,20250901,6.88,50.52678737334945,50.52678737334945,0.0,4.27,3.0291,16663.26,0.721500721500719,momentum,BULL_TREND,100.0,100.0,100.0,80.0,53.20139173229447,43.333333333333336,0.0,87.19842360223892,0.0,1,1,E_ablate_inflow_vr1.2,True
601333,601333.SH,广深铁路,铁路,20250901,3.35,49.65369605794405,49.65369605794405,0.0,4.24,6.478,13040.74,2.0467836257309897,momentum,BULL_TREND,100.0,100.0,100.0,100.0,47.53913436352855,33.33333333333333,0.0,84.79202518571674,0.0,2,2,E_ablate_inflow_vr1.2,True
301177,301177.SZ,迪阿股份,服饰,20250901,37.19,47.86275471545891,47.86275471545891,0.0,5.01,3.0825,258.62,3.702744691869497,momentum,BULL_TREND,100.0,95.783531848783,2.5862,40.0,63.64077249241178,30.0,0.0,70.56247032098256,0.0,3,3,E_ablate_inflow_vr1.2,True
600098,600098.SH,广州发展,火力发电,20250901,6.88,61.80694501312556,61.80694501312556,0.0,4.27,3.0291,16663.26,0.721500721500719,momentum,BULL_TREND,100.0,100.0,100.0,80.0,53.20139173229447,43.333333333333336,0.0,87.19842360223892,0.0,1,1,E_ablate_wyckoff_vr1.2,True
601333,601333.SH,广深铁路,铁路,20250901,3.35,61.17449353937238,61.17449353937238,0.0,4.24,6.478,13040.74,2.0467836257309897,momentum,BULL_TREND,100.0,100.0,100.0,100.0,47.53913436352855,33.33333333333333,0.0,84.79202518571674,0.0,2,2,E_ablate_wyckoff_vr1.2,True
603799,603799.SH,华友钴业,小金属,20250901,50.22,55.616258667924974,55.616258667924974,0.0,1.61,8.327,44818.92,0.0,momentum,BULL_TREND,34.35303441699462,100.0,100.0,65.0,77.73318419354558,33.33333333333333,0.0,52.405512977486566,0.0,3,3,E_ablate_wyckoff_vr1.2,True
600098,600098.SH,广州发展,火力发电,20250901,6.88,70.52678737334945,70.52678737334945,0.0,4.27,3.0291,16663.26,0.721500721500719,momentum,BULL_TREND,100.0,100.0,100.0,80.0,53.20139173229447,43.333333333333336,0.0,87.19842360223892,0.0,1,1,E_ablate_accel_vr1.2,True
601333,601333.SH,广深铁路,铁路,20250901,3.35,69.65369605794405,69.65369605794405,0.0,4.24,6.478,13040.74,2.0467836257309897,momentum,BULL_TREND,100.0,100.0,100.0,100.0,47.53913436352855,33.33333333333333,0.0,84.79202518571674,0.0,2,2,E_ablate_accel_vr1.2,True
498,000498.SZ,山东路桥,建筑工程,20250901,6.31,64.60841941053094,64.60841941053094,0.0,3.51,4.141,8625.76,2.3219814241486123,momentum,BULL_TREND,90.5735515264918,100.0,86.2576,80.0,36.33125826546617,63.33333333333333,0.0,93.37948361797277,0.0,3,3,E_ablate_accel_vr1.2,True
603009,603009.SH,北特科技,汽车配件,20250902,49.07,67.61490627748051,60.39102195415912,7.223884323321404,2.27,8.8431,22375.15,3.784313725490195,weak_momentum,BULL_TREND,59.13461487580951,100.0,100.0,65.0,72.23884323321404,33.33333333333333,0.0,38.45557714092613,0.0,1,1,A_recovered_proxy_vr1.5,True
2472,002472.SZ,双环传动,汽车配件,20250902,37.68,60.89838600714021,53.6745016838188,7.223884323321404,1.84,6.0011,6019.19,3.58239508700102,weak_momentum,BULL_TREND,43.98528831411441,100.0,60.1919,40.0,72.23884323321404,33.33333333333333,0.0,64.93115523368579,0.0,2,2,A_recovered_proxy_vr1.5,True
603305,603305.SH,旭升集团,汽车配件,20250902,14.73,60.74186097061434,53.51797664729293,7.223884323321404,2.22,5.021,5377.15,4.906391220142026,weak_momentum,BULL_TREND,57.52798382876907,100.0,53.7715,40.0,72.23884323321404,33.33333333333333,0.0,58.04943947552536,0.0,3,3,A_recovered_proxy_vr1.5,True
603009,603009.SH,北特科技,汽车配件,20250902,49.07,60.39102195415912,60.39102195415912,0.0,2.27,8.8431,22375.15,3.784313725490195,weak_momentum,BULL_TREND,59.13461487580951,100.0,100.0,65.0,72.23884323321404,33.33333333333333,0.0,38.45557714092613,0.0,1,1,B_pure_quant_vr1.5,True
3021,003021.SZ,兆威机电,元器件,20250902,123.31,58.79167689932174,58.79167689932174,0.0,1.9,7.7136,12150.91,5.146153846153845,weak_momentum,BULL_TREND,46.29997092781115,100.0,100.0,100.0,39.09404169727247,33.33333333333333,0.0,62.10605559261689,0.0,2,2,B_pure_quant_vr1.5,True
601177,601177.SH,杭齿前进,机械基件,20250902,20.09,54.45390301676648,54.45390301676648,0.0,1.71,9.4479,8274.28,10.711111111111112,weak_momentum,BULL_TREND,38.69981625555866,100.0,82.7428,65.0,52.39664522983182,66.66666666666666,0.0,48.74930973749716,0.0,3,3,B_pure_quant_vr1.5,True
603009,603009.SH,北特科技,汽车配件,20250902,49.07,70.02586546306289,62.13759746550853,7.888267997554351,2.27,8.8431,22375.15,3.784313725490195,weak_momentum,BULL_TREND,59.13461487580951,100.0,100.0,80.0,78.88267997554351,33.33333333333333,0.0,38.45557714092613,0.0,1,1,A_recovered_proxy_vr1.2,True
2472,002472.SZ,双环传动,汽车配件,20250902,37.68,63.809345192722574,55.92107719516822,7.888267997554351,1.84,6.0011,6019.19,3.58239508700102,weak_momentum,BULL_TREND,43.98528831411441,100.0,60.1919,65.0,78.88267997554351,33.33333333333333,0.0,64.93115523368579,0.0,2,2,A_recovered_proxy_vr1.2,True
603305,603305.SH,旭升集团,汽车配件,20250902,14.73,62.402820156196704,54.51455215864235,7.888267997554351,2.22,5.021,5377.15,4.906391220142026,weak_momentum,BULL_TREND,57.52798382876907,100.0,53.7715,40.0,78.88267997554351,33.33333333333333,0.0,58.04943947552536,0.0,3,3,A_recovered_proxy_vr1.2,True
603009,603009.SH,北特科技,汽车配件,20250902,49.07,62.13759746550853,62.13759746550853,0.0,2.27,8.8431,22375.15,3.784313725490195,weak_momentum,BULL_TREND,59.13461487580951,100.0,100.0,80.0,78.88267997554351,33.33333333333333,0.0,38.45557714092613,0.0,1,1,D_pure_quant_vr1.2,True
3021,003021.SZ,兆威机电,元器件,20250902,123.31,57.0088229865917,57.0088229865917,0.0,1.9,7.7136,12150.91,5.146153846153845,weak_momentum,BULL_TREND,46.29997092781115,100.0,100.0,65.0,38.87501561240552,33.33333333333333,0.0,62.10605559261689,0.0,2,2,D_pure_quant_vr1.2,True
2472,002472.SZ,双环传动,汽车配件,20250902,37.68,55.92107719516822,55.92107719516822,0.0,1.84,6.0011,6019.19,3.58239508700102,weak_momentum,BULL_TREND,43.98528831411441,100.0,60.1919,65.0,78.88267997554351,33.33333333333333,0.0,64.93115523368579,0.0,3,3,D_pure_quant_vr1.2,True
3021,003021.SZ,兆威机电,元器件,20250902,123.31,51.17757064473087,51.17757064473087,0.0,1.9,7.7136,12150.91,5.146153846153845,weak_momentum,BULL_TREND,46.29997092781115,100.0,100.0,65.0,38.87501561240552,33.33333333333333,0.0,62.10605559261689,0.0,1,1,E_ablate_sector_vr1.2,True
603009,603009.SH,北特科技,汽车配件,20250902,49.07,50.30519546917701,50.30519546917701,0.0,2.27,8.8431,22375.15,3.784313725490195,weak_momentum,BULL_TREND,59.13461487580951,100.0,100.0,80.0,78.88267997554351,33.33333333333333,0.0,38.45557714092613,0.0,2,2,E_ablate_sector_vr1.2,True
600157,600157.SH,永泰能源,火力发电,20250902,1.49,47.14888746051396,47.14888746051396,0.0,1.4,4.4189,24350.91,3.2467532467532494,weak_momentum,BULL_TREND,24.27134135851208,100.0,100.0,80.0,34.86291433984983,0.0,0.0,63.38790837824765,0.0,3,3,E_ablate_sector_vr1.2,True
603009,603009.SH,北特科技,汽车配件,20250902,49.07,56.36926089436962,56.36926089436962,0.0,2.27,8.8431,22375.15,3.784313725490195,weak_momentum,BULL_TREND,59.13461487580951,100.0,100.0,80.0,78.88267997554351,33.33333333333333,0.0,38.45557714092613,0.0,1,1,E_ablate_wyckoff_vr1.2,True
3021,003021.SZ,兆威机电,元器件,20250902,123.31,47.69291464769917,47.69291464769917,0.0,1.9,7.7136,12150.91,5.146153846153845,weak_momentum,BULL_TREND,46.29997092781115,100.0,100.0,65.0,38.87501561240552,33.33333333333333,0.0,62.10605559261689,0.0,2,2,E_ablate_wyckoff_vr1.2,True
750,000750.SZ,国海证券,证券,20250902,4.62,46.26523203486765,46.26523203486765,0.0,1.78,5.0069,11108.55,3.95010395010394,weak_momentum,BULL_TREND,41.59386205958365,100.0,100.0,40.0,46.841018172867344,20.0,0.0,39.353287890159024,0.0,3,3,E_ablate_wyckoff_vr1.2,True
603009,603009.SH,北特科技,汽车配件,20250902,49.07,62.13759746550853,62.13759746550853,0.0,2.27,8.8431,22375.15,3.784313725490195,weak_momentum,BULL_TREND,59.13461487580951,100.0,100.0,80.0,78.88267997554351,33.33333333333333,0.0,38.45557714092613,0.0,1,1,E_ablate_accel_vr1.2,True
3021,003021.SZ,兆威机电,元器件,20250902,123.31,57.0088229865917,57.0088229865917,0.0,1.9,7.7136,12150.91,5.146153846153845,weak_momentum,BULL_TREND,46.29997092781115,100.0,100.0,65.0,38.87501561240552,33.33333333333333,0.0,62.10605559261689,0.0,2,2,E_ablate_accel_vr1.2,True
2472,002472.SZ,双环传动,汽车配件,20250902,37.68,55.92107719516822,55.92107719516822,0.0,1.84,6.0011,6019.19,3.58239508700102,weak_momentum,BULL_TREND,43.98528831411441,100.0,60.1919,65.0,78.88267997554351,33.33333333333333,0.0,64.93115523368579,0.0,3,3,E_ablate_accel_vr1.2,True
603185,603185.SH,弘元绿能,电气设备,20250903,22.1,73.18899121527137,65.00030271499189,8.188688500279481,2.22,7.2663,15917.8,2.98507462686567,momentum,BULL_TREND,57.52798382876907,100.0,100.0,65.0,81.8868850027948,33.33333333333333,0.0,50.770614734509,0.0,1,1,A_recovered_proxy_vr1.5,True
601012,601012.SH,隆基绿能,电气设备,20250903,17.18,68.47579632997459,60.2871078296951,8.188688500279481,1.62,3.4282,43684.58,1.6599885518030864,momentum,BULL_TREND,34.799690655495006,100.0,100.0,40.0,81.8868850027948,20.0,0.0,56.89777230811889,0.0,2,2,A_recovered_proxy_vr1.5,True
591,000591.SZ,太阳能,新型电力,20250903,4.86,62.33236612821954,62.33236612821954,0.0,2.43,5.2106,22449.45,2.605210420841681,momentum,BULL_TREND,64.04781569155281,100.0,100.0,100.0,48.37596887243307,10.0,0.0,75.5,0.0,3,3,A_recovered_proxy_vr1.5,True
603185,603185.SH,弘元绿能,电气设备,20250903,22.1,65.00030271499189,65.00030271499189,0.0,2.22,7.2663,15917.8,2.98507462686567,momentum,BULL_TREND,57.52798382876907,100.0,100.0,65.0,81.8868850027948,33.33333333333333,0.0,50.770614734509,0.0,1,1,B_pure_quant_vr1.5,True
591,000591.SZ,太阳能,新型电力,20250903,4.86,62.33236612821954,62.33236612821954,0.0,2.43,5.2106,22449.45,2.605210420841681,momentum,BULL_TREND,64.04781569155281,100.0,100.0,100.0,48.37596887243307,10.0,0.0,75.5,0.0,2,2,B_pure_quant_vr1.5,True
601012,601012.SH,隆基绿能,电气设备,20250903,17.18,60.2871078296951,60.2871078296951,0.0,1.62,3.4282,43684.58,1.6599885518030864,momentum,BULL_TREND,34.799690655495006,100.0,100.0,40.0,81.8868850027948,20.0,0.0,56.89777230811889,0.0,3,3,B_pure_quant_vr1.5,True
603185,603185.SH,弘元绿能,电气设备,20250903,22.1,72.40447946974732,64.47729488464252,7.927184585104797,2.22,7.2663,15917.8,2.98507462686567,momentum,BULL_TREND,57.52798382876907,100.0,100.0,65.0,79.27184585104797,33.33333333333333,0.0,50.770614734509,0.0,1,1,A_recovered_proxy_vr1.2,True
601012,601012.SH,隆基绿能,电气设备,20250903,17.18,67.69128458445053,59.76409999934573,7.927184585104797,1.62,3.4282,43684.58,1.6599885518030864,momentum,BULL_TREND,34.799690655495006,100.0,100.0,40.0,79.27184585104797,20.0,0.0,56.89777230811889,0.0,2,2,A_recovered_proxy_vr1.2,True
605117,605117.SH,德业股份,电气设备,20250903,66.85,64.1839854409495,56.256800855844695,7.927184585104797,1.45,3.8136,56861.78,3.1159420289855158,momentum,BULL_TREND,26.802645012010483,99.30434782608693,100.0,40.0,79.27184585104797,33.33333333333333,0.0,27.84933484558169,0.0,3,3,A_recovered_proxy_vr1.2,True
603185,603185.SH,弘元绿能,电气设备,20250903,22.1,64.47729488464252,64.47729488464252,0.0,2.22,7.2663,15917.8,2.98507462686567,momentum,BULL_TREND,57.52798382876907,100.0,100.0,65.0,79.27184585104797,33.33333333333333,0.0,50.770614734509,0.0,1,1,D_pure_quant_vr1.2,True
591,000591.SZ,太阳能,新型电力,20250903,4.86,61.07991599121687,61.07991599121687,0.0,2.43,5.2106,22449.45,2.605210420841681,momentum,BULL_TREND,64.04781569155281,100.0,100.0,100.0,42.11371818741975,10.0,0.0,75.5,0.0,2,2,D_pure_quant_vr1.2,True
601012,601012.SH,隆基绿能,电气设备,20250903,17.18,59.76409999934573,59.76409999934573,0.0,1.62,3.4282,43684.58,1.6599885518030864,momentum,BULL_TREND,34.799690655495006,100.0,100.0,40.0,79.27184585104797,20.0,0.0,56.89777230811889,0.0,3,3,D_pure_quant_vr1.2,True
591,000591.SZ,太阳能,新型电力,20250903,4.86,52.657172353732925,52.657172353732925,0.0,2.43,5.2106,22449.45,2.605210420841681,momentum,BULL_TREND,64.04781569155281,100.0,100.0,100.0,42.11371818741975,10.0,0.0,75.5,0.0,1,1,E_ablate_sector_vr1.2,True
603185,603185.SH,弘元绿能,电气设备,20250903,22.1,48.62292571443293,48.62292571443293,0.0,2.22,7.2663,15917.8,2.98507462686567,momentum,BULL_TREND,57.52798382876907,100.0,100.0,65.0,79.27184585104797,33.33333333333333,0.0,50.770614734509,0.0,2,2,E_ablate_sector_vr1.2,True
2181,002181.SZ,粤传媒,出版业,20250903,7.4,46.58316136274387,46.58316136274387,0.0,2.04,7.971,9009.07,4.884318766066836,momentum,BULL_TREND,51.42845760983854,88.69408740359899,90.0907,100.0,36.43043284004605,0.0,0.0,69.81343980908194,0.0,3,3,E_ablate_sector_vr1.2,True
301266,301266.SZ,宇邦新材,电气设备,20250903,36.94,47.69973927198501,47.69973927198501,0.0,2.3,9.0866,2266.64,2.2751322751322736,momentum,BULL_TREND,60.08169305848252,100.0,22.6664,80.0,77.35409323272981,33.33333333333333,0.0,75.5,0.0,1,1,E_ablate_inflow_vr1.2,True
600828,600828.SH,茂业商业,百货,20250903,4.38,45.51513186564768,45.51513186564768,0.0,3.07,4.355,3970.7,2.232142857142869,momentum,BULL_TREND,80.91193277977273,100.0,39.707,80.0,46.26481923437352,30.0,0.0,86.25378101807064,0.0,2,2,E_ablate_inflow_vr1.2,True
603185,603185.SH,弘元绿能,电气设备,20250903,22.1,59.40023341119162,59.40023341119162,0.0,2.22,7.2663,15917.8,2.98507462686567,momentum,BULL_TREND,57.52798382876907,100.0,100.0,65.0,79.27184585104797,33.33333333333333,0.0,50.770614734509,0.0,1,1,E_ablate_wyckoff_vr1.2,True
601012,601012.SH,隆基绿能,电气设备,20250903,17.18,54.07432276853385,54.07432276853385,0.0,1.62,3.4282,43684.58,1.6599885518030864,momentum,BULL_TREND,34.799690655495006,100.0,100.0,40.0,79.27184585104797,20.0,0.0,56.89777230811889,0.0,2,2,E_ablate_wyckoff_vr1.2,True
591,000591.SZ,太阳能,新型电力,20250903,4.86,53.52991599121688,53.52991599121688,0.0,2.43,5.2106,22449.45,2.605210420841681,momentum,BULL_TREND,64.04781569155281,100.0,100.0,100.0,42.11371818741975,10.0,0.0,75.5,0.0,3,3,E_ablate_wyckoff_vr1.2,True
603185,603185.SH,弘元绿能,电气设备,20250903,22.1,64.47729488464252,64.47729488464252,0.0,2.22,7.2663,15917.8,2.98507462686567,momentum,BULL_TREND,57.52798382876907,100.0,100.0,65.0,79.27184585104797,33.33333333333333,0.0,50.770614734509,0.0,1,1,E_ablate_accel_vr1.2,True
591,000591.SZ,太阳能,新型电力,20250903,4.86,61.07991599121687,61.07991599121687,0.0,2.43,5.2106,22449.45,2.605210420841681,momentum,BULL_TREND,64.04781569155281,100.0,100.0,100.0,42.11371818741975,10.0,0.0,75.5,0.0,2,2,E_ablate_accel_vr1.2,True
601012,601012.SH,隆基绿能,电气设备,20250903,17.18,59.76409999934573,59.76409999934573,0.0,1.62,3.4282,43684.58,1.6599885518030864,momentum,BULL_TREND,34.799690655495006,100.0,100.0,40.0,79.27184585104797,20.0,0.0,56.89777230811889,0.0,3,3,E_ablate_accel_vr1.2,True
600481,600481.SH,双良节能,电气设备,20250904,6.01,72.15407663737682,64.5865049020429,7.567571735333917,1.82,6.1638,15454.19,11.617647058823527,bear,BULL_TREND,43.19692252119858,100.0,100.0,65.0,75.67571735333917,43.333333333333336,100.0,27.20964731426399,0.0,1,1,A_recovered_proxy_vr1.5,True
716,000716.SZ,黑芝麻,食品,20250904,6.61,65.42166012744218,65.42166012744218,0.0,1.81,6.9742,9482.31,8.066759388038944,bear,BULL_TREND,42.799484865424034,100.0,94.8231,100.0,46.77967794293346,63.33333333333333,100.0,61.194859157851766,0.0,2,2,A_recovered_proxy_vr1.5,True
2865,002865.SZ,钧达股份,电气设备,20250904,46.2,64.68702109521904,57.11944935988512,7.567571735333917,1.74,7.0555,4639.28,7.784431137724549,bear,BULL_TREND,39.95436530370018,96.40718562874248,46.3928,80.0,75.67571735333917,0.0,90.304,35.76912126455714,0.0,3,3,A_recovered_proxy_vr1.5,True
716,000716.SZ,黑芝麻,食品,20250904,6.61,65.42166012744218,65.42166012744218,0.0,1.81,6.9742,9482.31,8.066759388038944,bear,BULL_TREND,42.799484865424034,100.0,94.8231,100.0,46.77967794293346,63.33333333333333,100.0,61.194859157851766,0.0,1,1,B_pure_quant_vr1.5,True
600481,600481.SH,双良节能,电气设备,20250904,6.01,64.5865049020429,64.5865049020429,0.0,1.82,6.1638,15454.19,11.617647058823527,bear,BULL_TREND,43.19692252119858,100.0,100.0,65.0,75.67571735333917,43.333333333333336,100.0,27.20964731426399,0.0,2,2,B_pure_quant_vr1.5,True
2240,002240.SZ,盛新锂能,小金属,20250904,17.4,57.43833094446872,57.43833094446872,0.0,1.73,6.1684,4727.27,10.769230769230775,bear,BULL_TREND,39.5386018931,100.0,47.27270000000001,100.0,37.81785406788868,43.333333333333336,100.0,62.731414592806274,0.0,3,3,B_pure_quant_vr1.5,True
600481,600481.SH,双良节能,电气设备,20250904,6.01,71.87670131355513,64.42007970774989,7.4566216058052435,1.82,6.1638,15454.19,11.617647058823527,bear,BULL_TREND,43.19692252119858,100.0,100.0,65.0,74.56621605805243,43.333333333333336,100.0,27.20964731426399,0.0,1,1,A_recovered_proxy_vr1.2,True
716,000716.SZ,黑芝麻,食品,20250904,6.61,64.47018921615198,64.47018921615198,0.0,1.81,6.9742,9482.31,8.066759388038944,bear,BULL_TREND,42.799484865424034,100.0,94.8231,80.0,45.76987186766538,63.33333333333333,100.0,61.194859157851766,0.0,2,2,A_recovered_proxy_vr1.2,True
2865,002865.SZ,钧达股份,电气设备,20250904,46.2,64.40964577139735,56.953024165592105,7.4566216058052435,1.74,7.0555,4639.28,7.784431137724549,bear,BULL_TREND,39.95436530370018,96.40718562874248,46.3928,80.0,74.56621605805243,0.0,90.304,35.76912126455714,0.0,3,3,A_recovered_proxy_vr1.2,True
716,000716.SZ,黑芝麻,食品,20250904,6.61,64.47018921615198,64.47018921615198,0.0,1.81,6.9742,9482.31,8.066759388038944,bear,BULL_TREND,42.799484865424034,100.0,94.8231,80.0,45.76987186766538,63.33333333333333,100.0,61.194859157851766,0.0,1,1,D_pure_quant_vr1.2,True
600481,600481.SH,双良节能,电气设备,20250904,6.01,64.42007970774989,64.42007970774989,0.0,1.82,6.1638,15454.19,11.617647058823527,bear,BULL_TREND,43.19692252119858,100.0,100.0,65.0,74.56621605805243,43.333333333333336,100.0,27.20964731426399,0.0,2,2,D_pure_quant_vr1.2,True
2865,002865.SZ,钧达股份,电气设备,20250904,46.2,56.953024165592105,56.953024165592105,0.0,1.74,7.0555,4639.28,7.784431137724549,bear,BULL_TREND,39.95436530370018,96.40718562874248,46.3928,80.0,74.56621605805243,0.0,90.304,35.76912126455714,0.0,3,3,D_pure_quant_vr1.2,True
716,000716.SZ,黑芝麻,食品,20250904,6.61,57.60470843600217,57.60470843600217,0.0,1.81,6.9742,9482.31,8.066759388038944,bear,BULL_TREND,42.799484865424034,100.0,94.8231,80.0,45.76987186766538,63.33333333333333,100.0,61.194859157851766,0.0,1,1,E_ablate_sector_vr1.2,True
600481,600481.SH,双良节能,电气设备,20250904,6.01,53.23514729904203,53.23514729904203,0.0,1.82,6.1638,15454.19,11.617647058823527,bear,BULL_TREND,43.19692252119858,100.0,100.0,65.0,74.56621605805243,43.333333333333336,100.0,27.20964731426399,0.0,2,2,E_ablate_sector_vr1.2,True
2240,002240.SZ,盛新锂能,小金属,20250904,17.4,50.36565283428542,50.36565283428542,0.0,1.73,6.1684,4727.27,10.769230769230775,bear,BULL_TREND,39.5386018931,100.0,47.27270000000001,65.0,30.388860828636435,43.333333333333336,100.0,62.731414592806274,0.0,3,3,E_ablate_sector_vr1.2,True
716,000716.SZ,黑芝麻,食品,20250904,6.61,53.30320372485839,53.30320372485839,0.0,1.81,6.9742,9482.31,8.066759388038944,bear,BULL_TREND,42.799484865424034,100.0,94.8231,80.0,47.181781925708165,63.33333333333333,100.0,61.194859157851766,0.0,1,1,E_ablate_inflow_vr1.2,True
600481,600481.SH,双良节能,电气设备,20250904,6.01,52.09370224064463,52.09370224064463,0.0,1.82,6.1638,15454.19,11.617647058823527,bear,BULL_TREND,43.19692252119858,100.0,100.0,65.0,72.39036627735068,43.333333333333336,100.0,27.20964731426399,0.0,2,2,E_ablate_inflow_vr1.2,True
2596,002596.SZ,海南瑞泽,水泥,20250904,3.58,51.607998516066296,51.607998516066296,0.0,1.9,5.1698,3457.6,9.823677581863985,bear,BULL_TREND,46.29997092781115,100.0,34.576,100.0,39.62242289946533,33.33333333333333,100.0,48.43312341967816,0.0,3,3,E_ablate_inflow_vr1.2,True
600481,600481.SH,双良节能,电气设备,20250904,6.01,61.15492203003822,61.15492203003822,0.0,1.82,6.1638,15454.19,11.617647058823527,bear,BULL_TREND,43.19692252119858,100.0,100.0,65.0,74.56621605805243,43.333333333333336,100.0,27.20964731426399,0.0,1,1,E_ablate_wyckoff_vr1.2,True
716,000716.SZ,黑芝麻,食品,20250904,6.61,57.12680611720976,57.12680611720976,0.0,1.81,6.9742,9482.31,8.066759388038944,bear,BULL_TREND,42.799484865424034,100.0,94.8231,80.0,45.76987186766538,63.33333333333333,100.0,61.194859157851766,0.0,2,2,E_ablate_wyckoff_vr1.2,True
2865,002865.SZ,钧达股份,电气设备,20250904,46.2,52.66072961384525,52.66072961384525,0.0,1.74,7.0555,4639.28,7.784431137724549,bear,BULL_TREND,39.95436530370018,96.40718562874248,46.3928,80.0,74.56621605805243,0.0,90.304,35.76912126455714,0.0,3,3,E_ablate_wyckoff_vr1.2,True
716,000716.SZ,黑芝麻,食品,20250904,6.61,64.47018921615198,64.47018921615198,0.0,1.81,6.9742,9482.31,8.066759388038944,bear,BULL_TREND,42.799484865424034,100.0,94.8231,80.0,45.76987186766538,63.33333333333333,100.0,61.194859157851766,0.0,1,1,E_ablate_accel_vr1.2,True
600481,600481.SH,双良节能,电气设备,20250904,6.01,64.42007970774989,64.42007970774989,0.0,1.82,6.1638,15454.19,11.617647058823527,bear,BULL_TREND,43.19692252119858,100.0,100.0,65.0,74.56621605805243,43.333333333333336,100.0,27.20964731426399,0.0,2,2,E_ablate_accel_vr1.2,True
2865,002865.SZ,钧达股份,电气设备,20250904,46.2,56.953024165592105,56.953024165592105,0.0,1.74,7.0555,4639.28,7.784431137724549,bear,BULL_TREND,39.95436530370018,96.40718562874248,46.3928,80.0,74.56621605805243,0.0,90.304,35.76912126455714,0.0,3,3,E_ablate_accel_vr1.2,True
2865,002865.SZ,钧达股份,电气设备,20250905,48.0,71.6088455278556,62.51306527471182,9.095780253143785,1.88,8.3718,10492.0,4.191616766467068,weak_momentum,BULL_TREND,45.53663309514563,100.0,100.0,65.0,90.95780253143784,33.33333333333333,0.0,47.48155509371756,0.0,1,1,A_recovered_proxy_vr1.5,True
600481,600481.SH,双良节能,电气设备,20250905,6.25,69.09856284532184,60.00278259217806,9.095780253143785,1.82,6.5875,16291.13,8.088235294117645,weak_momentum,BULL_TREND,43.19692252119858,100.0,100.0,40.0,90.95780253143784,66.66666666666666,0.0,30.308270006328428,0.0,2,2,A_recovered_proxy_vr1.5,True
2623,002623.SZ,亚玛顿,玻璃,20250905,23.07,57.71310134680432,57.71310134680432,0.0,2.35,10.0737,8962.39,4.708798017348205,weak_momentum,BULL_TREND,61.63303783951375,100.0,89.62389999999999,60.0,48.4615651625575,66.66666666666666,0.0,44.88850375440197,0.0,3,3,A_recovered_proxy_vr1.5,True
2865,002865.SZ,钧达股份,电气设备,20250905,48.0,62.51306527471182,62.51306527471182,0.0,1.88,8.3718,10492.0,4.191616766467068,weak_momentum,BULL_TREND,45.53663309514563,100.0,100.0,65.0,90.95780253143784,33.33333333333333,0.0,47.48155509371756,0.0,1,1,B_pure_quant_vr1.5,True
600481,600481.SH,双良节能,电气设备,20250905,6.25,60.00278259217806,60.00278259217806,0.0,1.82,6.5875,16291.13,8.088235294117645,weak_momentum,BULL_TREND,43.19692252119858,100.0,100.0,40.0,90.95780253143784,66.66666666666666,0.0,30.308270006328428,0.0,2,2,B_pure_quant_vr1.5,True
2623,002623.SZ,亚玛顿,玻璃,20250905,23.07,57.71310134680432,57.71310134680432,0.0,2.35,10.0737,8962.39,4.708798017348205,weak_momentum,BULL_TREND,61.63303783951375,100.0,89.62389999999999,60.0,48.4615651625575,66.66666666666666,0.0,44.88850375440197,0.0,3,3,B_pure_quant_vr1.5,True
2865,002865.SZ,钧达股份,电气设备,20250905,48.0,71.46465125002233,62.42654870801186,9.038102542010476,1.88,8.3718,10492.0,4.191616766467068,weak_momentum,BULL_TREND,45.53663309514563,100.0,100.0,65.0,90.38102542010476,33.33333333333333,0.0,47.48155509371756,0.0,1,1,A_recovered_proxy_vr1.2,True
600481,600481.SH,双良节能,电气设备,20250905,6.25,68.95436856748857,59.916266025478095,9.038102542010476,1.82,6.5875,16291.13,8.088235294117645,weak_momentum,BULL_TREND,43.19692252119858,100.0,100.0,40.0,90.38102542010476,66.66666666666666,0.0,30.308270006328428,0.0,2,2,A_recovered_proxy_vr1.2,True
2340,002340.SZ,格林美,小金属,20250905,7.38,61.31197497717677,54.72053110652634,6.591443870650434,1.31,6.1031,55478.46,3.2765399737876804,weak_momentum,BULL_TREND,19.47834058813628,100.0,100.0,80.0,65.91443870650434,33.33333333333333,0.0,41.632983637757214,0.0,3,3,A_recovered_proxy_vr1.2,True
2865,002865.SZ,钧达股份,电气设备,20250905,48.0,62.42654870801186,62.42654870801186,0.0,1.88,8.3718,10492.0,4.191616766467068,weak_momentum,BULL_TREND,45.53663309514563,100.0,100.0,65.0,90.38102542010476,33.33333333333333,0.0,47.48155509371756,0.0,1,1,D_pure_quant_vr1.2,True
600481,600481.SH,双良节能,电气设备,20250905,6.25,59.916266025478095,59.916266025478095,0.0,1.82,6.5875,16291.13,8.088235294117645,weak_momentum,BULL_TREND,43.19692252119858,100.0,100.0,40.0,90.38102542010476,66.66666666666666,0.0,30.308270006328428,0.0,2,2,D_pure_quant_vr1.2,True
2623,002623.SZ,亚玛顿,玻璃,20250905,23.07,57.631914692460896,57.631914692460896,0.0,2.35,10.0737,8962.39,4.708798017348205,weak_momentum,BULL_TREND,61.63303783951375,100.0,89.62389999999999,60.0,47.92032080026807,66.66666666666666,0.0,44.88850375440197,0.0,3,3,D_pure_quant_vr1.2,True
2623,002623.SZ,亚玛顿,玻璃,20250905,23.07,50.44386657242069,50.44386657242069,0.0,2.35,10.0737,8962.39,4.708798017348205,weak_momentum,BULL_TREND,61.63303783951375,100.0,89.62389999999999,60.0,47.92032080026807,66.66666666666666,0.0,44.88850375440197,0.0,1,1,E_ablate_sector_vr1.2,True
2865,002865.SZ,钧达股份,电气设备,20250905,48.0,48.86939489499615,48.86939489499615,0.0,1.88,8.3718,10492.0,4.191616766467068,weak_momentum,BULL_TREND,45.53663309514563,100.0,100.0,65.0,90.38102542010476,33.33333333333333,0.0,47.48155509371756,0.0,2,2,E_ablate_sector_vr1.2,True
600481,600481.SH,双良节能,电气设备,20250905,6.25,46.35911221246239,46.35911221246239,0.0,1.82,6.5875,16291.13,8.088235294117645,weak_momentum,BULL_TREND,43.19692252119858,100.0,100.0,40.0,90.38102542010476,66.66666666666666,0.0,30.308270006328428,0.0,3,3,E_ablate_sector_vr1.2,True
920496,920496.BJ,许昌智能,电气设备,20250905,12.8,46.841093844188,46.841093844188,0.0,1.87,11.1679,,3.03030303030302,weak_momentum,BULL_TREND,45.1519135056456,100.0,0.0,80.0,89.86661224388055,0.0,0.0,70.58876654506054,0.0,1,1,E_ablate_inflow_vr1.2,True
600481,600481.SH,双良节能,电气设备,20250905,6.25,55.37002552452883,55.37002552452883,0.0,1.82,6.5875,16291.13,8.088235294117645,weak_momentum,BULL_TREND,43.19692252119858,100.0,100.0,40.0,90.38102542010476,66.66666666666666,0.0,30.308270006328428,0.0,1,1,E_ablate_wyckoff_vr1.2,True
2865,002865.SZ,钧达股份,电气设备,20250905,48.0,55.30431544395422,55.30431544395422,0.0,1.88,8.3718,10492.0,4.191616766467068,weak_momentum,BULL_TREND,45.53663309514563,100.0,100.0,65.0,90.38102542010476,33.33333333333333,0.0,47.48155509371756,0.0,2,2,E_ablate_wyckoff_vr1.2,True
2623,002623.SZ,亚玛顿,玻璃,20250905,23.07,50.898639129300605,50.898639129300605,0.0,2.35,10.0737,8962.39,4.708798017348205,weak_momentum,BULL_TREND,61.63303783951375,100.0,89.62389999999999,60.0,47.92032080026807,66.66666666666666,0.0,44.88850375440197,0.0,3,3,E_ablate_wyckoff_vr1.2,True
2865,002865.SZ,钧达股份,电气设备,20250905,48.0,62.42654870801186,62.42654870801186,0.0,1.88,8.3718,10492.0,4.191616766467068,weak_momentum,BULL_TREND,45.53663309514563,100.0,100.0,65.0,90.38102542010476,33.33333333333333,0.0,47.48155509371756,0.0,1,1,E_ablate_accel_vr1.2,True
600481,600481.SH,双良节能,电气设备,20250905,6.25,59.916266025478095,59.916266025478095,0.0,1.82,6.5875,16291.13,8.088235294117645,weak_momentum,BULL_TREND,43.19692252119858,100.0,100.0,40.0,90.38102542010476,66.66666666666666,0.0,30.308270006328428,0.0,2,2,E_ablate_accel_vr1.2,True
2623,002623.SZ,亚玛顿,玻璃,20250905,23.07,57.631914692460896,57.631914692460896,0.0,2.35,10.0737,8962.39,4.708798017348205,weak_momentum,BULL_TREND,61.63303783951375,100.0,89.62389999999999,60.0,47.92032080026807,66.66666666666666,0.0,44.88850375440197,0.0,3,3,E_ablate_accel_vr1.2,True
603305,603305.SH,旭升集团,汽车配件,20250908,15.66,67.21876874192657,61.396643762781466,5.822124979145106,1.93,6.6386,11836.97,1.198738170347,momentum,BULL_TREND,47.430042374667785,100.0,100.0,80.0,58.22124979145106,33.33333333333333,0.0,69.71220781624422,0.0,1,1,A_recovered_proxy_vr1.5,True
603786,603786.SH,科博达,汽车配件,20250908,64.0,63.64387043569633,57.82174545655122,5.822124979145106,3.2,3.4873,7998.52,3.7014745711706194,momentum,BULL_TREND,83.90359525563188,95.79115257297627,79.9852,40.0,58.22124979145106,0.0,0.0,60.15800952618598,0.0,2,2,A_recovered_proxy_vr1.5,True
876,000876.SZ,新希望,饲料,20250908,10.3,63.46310234534519,63.46310234534519,0.0,2.99,3.3433,29123.74,1.6236867239732562,momentum,BULL_TREND,79.00727422116903,100.0,100.0,65.0,45.7267227275158,33.33333333333333,0.0,75.5,0.0,3,3,A_recovered_proxy_vr1.5,True
876,000876.SZ,新希望,饲料,20250908,10.3,63.46310234534519,63.46310234534519,0.0,2.99,3.3433,29123.74,1.6236867239732562,momentum,BULL_TREND,79.00727422116903,100.0,100.0,65.0,45.7267227275158,33.33333333333333,0.0,75.5,0.0,1,1,B_pure_quant_vr1.5,True
603305,603305.SH,旭升集团,汽车配件,20250908,15.66,61.396643762781466,61.396643762781466,0.0,1.93,6.6386,11836.97,1.198738170347,momentum,BULL_TREND,47.430042374667785,100.0,100.0,80.0,58.22124979145106,33.33333333333333,0.0,69.71220781624422,0.0,2,2,B_pure_quant_vr1.5,True
600959,600959.SH,江苏有线,影视音像,20250908,3.76,60.60022886047849,60.60022886047849,0.0,3.08,3.342,16024.51,4.081632653061228,momentum,BULL_TREND,81.14651754600884,93.51020408163264,100.0,65.0,40.819469592707975,10.0,0.0,71.63336901872302,0.0,3,3,B_pure_quant_vr1.5,True
400,000400.SZ,许继电气,电气设备,20250908,23.82,66.22063000206197,59.90399017164,6.316639830421957,2.05,4.3693,15866.05,4.1834271922767465,momentum,BULL_TREND,51.781195486536056,92.89943684633953,100.0,40.0,63.16639830421957,53.333333333333336,0.0,55.46920836515059,0.0,1,1,A_recovered_proxy_vr1.2,True
876,000876.SZ,新希望,饲料,20250908,10.3,63.74214507984299,63.74214507984299,0.0,2.99,3.3433,29123.74,1.6236867239732562,momentum,BULL_TREND,79.00727422116903,100.0,100.0,65.0,47.121936400004856,33.33333333333333,0.0,75.5,0.0,2,2,A_recovered_proxy_vr1.2,True
2850,002850.SZ,科达利,电气设备,20250908,146.25,62.095602218833335,55.77896238841138,6.316639830421957,1.52,5.8135,13839.2,1.501885775862062,momentum,BULL_TREND,30.203566183443044,100.0,100.0,65.0,63.16639830421957,20.0,0.0,43.6514780005101,0.0,3,3,A_recovered_proxy_vr1.2,True
876,000876.SZ,新希望,饲料,20250908,10.3,63.74214507984299,63.74214507984299,0.0,2.99,3.3433,29123.74,1.6236867239732562,momentum,BULL_TREND,79.00727422116903,100.0,100.0,65.0,47.121936400004856,33.33333333333333,0.0,75.5,0.0,1,1,D_pure_quant_vr1.2,True
603305,603305.SH,旭升集团,汽车配件,20250908,15.66,61.177497002548535,61.177497002548535,0.0,1.93,6.6386,11836.97,1.198738170347,momentum,BULL_TREND,47.430042374667785,100.0,100.0,80.0,57.12551599028638,33.33333333333333,0.0,69.71220781624422,0.0,2,2,D_pure_quant_vr1.2,True
600959,600959.SH,江苏有线,影视音像,20250908,3.76,60.565592060810985,60.565592060810985,0.0,3.08,3.342,16024.51,4.081632653061228,momentum,BULL_TREND,81.14651754600884,93.51020408163264,100.0,40.0,46.89628559437048,10.0,0.0,71.63336901872302,0.0,3,3,D_pure_quant_vr1.2,True
876,000876.SZ,新希望,饲料,20250908,10.3,54.31775779984202,54.31775779984202,0.0,2.99,3.3433,29123.74,1.6236867239732562,momentum,BULL_TREND,79.00727422116903,100.0,100.0,65.0,47.121936400004856,33.33333333333333,0.0,75.5,0.0,1,1,E_ablate_sector_vr1.2,True
600959,600959.SH,江苏有线,影视音像,20250908,3.76,51.18633494193689,51.18633494193689,0.0,3.08,3.342,16024.51,4.081632653061228,momentum,BULL_TREND,81.14651754600884,93.51020408163264,100.0,40.0,46.89628559437048,10.0,0.0,71.63336901872302,0.0,2,2,E_ablate_sector_vr1.2,True
601016,601016.SH,节能风电,新型电力,20250908,3.19,50.30016020872154,50.30016020872154,0.0,2.79,4.0395,8585.94,3.039513677811553,momentum,BULL_TREND,74.01325610272315,99.76291793313068,85.85940000000001,80.0,41.90404077169026,10.0,0.0,75.5,0.0,3,3,E_ablate_sector_vr1.2,True
603059,603059.SH,倍加洁,日用化工,20250908,33.19,52.16210015567928,52.16210015567928,0.0,5.14,10.8851,2212.82,1.7465956187093057,momentum,BULL_TREND,100.0,100.0,22.128200000000003,60.0,48.38619240434385,96.66666666666669,0.0,96.51528341477172,0.0,1,1,E_ablate_inflow_vr1.2,True
601011,601011.SH,宝泰隆,焦炭加工,20250908,3.02,45.54219354921875,45.54219354921875,0.0,2.94,6.3725,4615.19,2.5806451612903247,momentum,BULL_TREND,77.79080775308198,100.0,46.1519,100.0,51.84226442858783,20.0,0.0,75.05119500538886,0.0,2,2,E_ablate_inflow_vr1.2,True
600975,600975.SH,新五丰,农业综合,20250908,6.54,45.27870346231338,45.27870346231338,0.0,2.97,7.526,7439.53,1.9490254872563704,momentum,BULL_TREND,78.52314655130206,100.0,74.39529999999999,65.0,52.07220877600863,53.333333333333336,0.0,71.69123057749678,0.0,3,3,E_ablate_inflow_vr1.2,True
876,000876.SZ,新希望,饲料,20250908,10.3,56.192145079842994,56.192145079842994,0.0,2.99,3.3433,29123.74,1.6236867239732562,momentum,BULL_TREND,79.00727422116903,100.0,100.0,65.0,47.121936400004856,33.33333333333333,0.0,75.5,0.0,1,1,E_ablate_wyckoff_vr1.2,True
400,000400.SZ,许继电气,电气设备,20250908,23.82,54.35706933512494,54.35706933512494,0.0,2.05,4.3693,15866.05,4.1834271922767465,momentum,BULL_TREND,51.781195486536056,92.89943684633953,100.0,40.0,63.16639830421957,53.333333333333336,0.0,55.46920836515059,0.0,2,2,E_ablate_wyckoff_vr1.2,True
603305,603305.SH,旭升集团,汽车配件,20250908,15.66,54.20627622092411,54.20627622092411,0.0,1.93,6.6386,11836.97,1.198738170347,momentum,BULL_TREND,47.430042374667785,100.0,100.0,80.0,57.12551599028638,33.33333333333333,0.0,69.71220781624422,0.0,3,3,E_ablate_wyckoff_vr1.2,True
876,000876.SZ,新希望,饲料,20250908,10.3,63.74214507984299,63.74214507984299,0.0,2.99,3.3433,29123.74,1.6236867239732562,momentum,BULL_TREND,79.00727422116903,100.0,100.0,65.0,47.121936400004856,33.33333333333333,0.0,75.5,0.0,1,1,E_ablate_accel_vr1.2,True
603305,603305.SH,旭升集团,汽车配件,20250908,15.66,61.177497002548535,61.177497002548535,0.0,1.93,6.6386,11836.97,1.198738170347,momentum,BULL_TREND,47.430042374667785,100.0,100.0,80.0,57.12551599028638,33.33333333333333,0.0,69.71220781624422,0.0,2,2,E_ablate_accel_vr1.2,True
600959,600959.SH,江苏有线,影视音像,20250908,3.76,60.565592060810985,60.565592060810985,0.0,3.08,3.342,16024.51,4.081632653061228,momentum,BULL_TREND,81.14651754600884,93.51020408163264,100.0,40.0,46.89628559437048,10.0,0.0,71.63336901872302,0.0,3,3,E_ablate_accel_vr1.2,True
600916,600916.SH,中国黄金,服饰,20250909,8.86,80.48770431271745,71.89278792932804,8.59491638338942,3.22,8.7567,21342.29,1.555555555555562,momentum,BULL_TREND,84.35303441699462,100.0,100.0,60.0,85.94916383389419,30.0,0.0,75.5,0.0,1,1,A_recovered_proxy_vr1.5,True
600383,600383.SH,金地集团,全国地产,20250909,4.17,68.00570626287109,60.13015373404102,7.87555252883006,1.76,4.2901,14404.47,4.794520547945204,momentum,BULL_TREND,40.77877144312863,89.23287671232877,100.0,40.0,78.75552528830059,53.333333333333336,0.0,46.72278622012068,0.0,2,2,A_recovered_proxy_vr1.5,True
2146,002146.SZ,荣盛发展,全国地产,20250909,1.59,67.70594943449173,59.83039690566167,7.87555252883006,1.53,8.2981,13703.11,2.453987730061338,momentum,BULL_TREND,30.67658264589636,100.0,100.0,65.0,78.75552528830059,20.0,0.0,52.27804451117102,0.0,3,3,A_recovered_proxy_vr1.5,True
600916,600916.SH,中国黄金,服饰,20250909,8.86,71.89278792932804,71.89278792932804,0.0,3.22,8.7567,21342.29,1.555555555555562,momentum,BULL_TREND,84.35303441699462,100.0,100.0,60.0,85.94916383389419,30.0,0.0,75.5,0.0,1,1,B_pure_quant_vr1.5,True
680,000680.SZ,山推股份,工程机械,20250909,9.92,65.10297222834504,65.10297222834504,0.0,2.85,3.6961,10308.41,2.1696252465483297,momentum,BULL_TREND,75.54809596386896,100.0,100.0,80.0,48.37828313612155,63.33333333333333,0.0,69.28434539873717,0.0,2,2,B_pure_quant_vr1.5,True
582,000582.SZ,北部湾港,港口,20250909,9.04,61.96619782575876,61.96619782575876,0.0,2.46,4.4186,11277.55,0.0,momentum,BULL_TREND,64.93291577822575,100.0,100.0,80.0,45.04796896179113,33.33333333333333,0.0,75.5,0.0,3,3,B_pure_quant_vr1.5,True
600916,600916.SH,中国黄金,服饰,20250909,8.86,75.22123546269952,68.71514202931608,6.506093433383447,3.22,8.7567,21342.29,1.555555555555562,momentum,BULL_TREND,84.35303441699462,100.0,100.0,80.0,65.06093433383447,30.0,0.0,75.5,0.0,1,1,A_recovered_proxy_vr1.2,True
2155,002155.SZ,湖南黄金,黄金,20250909,23.23,65.07099898645914,56.71743622482511,8.353562761634036,1.36,8.7396,18904.83,3.167986661108788,momentum,BULL_TREND,22.180332573780746,98.99208003334728,100.0,65.0,83.53562761634035,0.0,0.0,35.34052812155193,0.0,2,2,A_recovered_proxy_vr1.2,True
600489,600489.SH,中金黄金,黄金,20250909,19.1,63.60748120560856,55.25391844397452,8.353562761634036,1.4,4.9239,16296.58,2.451481103166481,momentum,BULL_TREND,24.27134135851208,100.0,100.0,40.0,83.53562761634035,0.0,0.0,29.06091716929635,0.0,3,3,A_recovered_proxy_vr1.2,True
600916,600916.SH,中国黄金,服饰,20250909,8.86,68.71514202931608,68.71514202931608,0.0,3.22,8.7567,21342.29,1.555555555555562,momentum,BULL_TREND,84.35303441699462,100.0,100.0,80.0,65.06093433383447,30.0,0.0,75.5,0.0,1,1,D_pure_quant_vr1.2,True
680,000680.SZ,山推股份,工程机械,20250909,9.92,63.52593578913072,63.52593578913072,0.0,2.85,3.6961,10308.41,2.1696252465483297,momentum,BULL_TREND,75.54809596386896,100.0,100.0,80.0,40.49310094004996,63.33333333333333,0.0,69.28434539873717,0.0,2,2,D_pure_quant_vr1.2,True
582,000582.SZ,北部湾港,港口,20250909,9.04,60.12480791465319,60.12480791465319,0.0,2.46,4.4186,11277.55,0.0,momentum,BULL_TREND,64.93291577822575,100.0,100.0,80.0,35.841019406263285,33.33333333333333,0.0,75.5,0.0,3,3,D_pure_quant_vr1.2,True
600916,600916.SH,中国黄金,服饰,20250909,8.86,55.7029551625492,55.7029551625492,0.0,3.22,8.7567,21342.29,1.555555555555562,momentum,BULL_TREND,84.35303441699462,100.0,100.0,80.0,65.06093433383447,30.0,0.0,75.5,0.0,1,1,E_ablate_sector_vr1.2,True
680,000680.SZ,山推股份,工程机械,20250909,9.92,55.427315601120725,55.427315601120725,0.0,2.85,3.6961,10308.41,2.1696252465483297,momentum,BULL_TREND,75.54809596386896,100.0,100.0,80.0,40.49310094004996,63.33333333333333,0.0,69.28434539873717,0.0,2,2,E_ablate_sector_vr1.2,True
582,000582.SZ,北部湾港,港口,20250909,9.04,52.95660403340053,52.95660403340053,0.0,2.46,4.4186,11277.55,0.0,momentum,BULL_TREND,64.93291577822575,100.0,100.0,80.0,35.841019406263285,33.33333333333333,0.0,75.5,0.0,3,3,E_ablate_sector_vr1.2,True
600916,600916.SH,中国黄金,服饰,20250909,8.86,48.71514202931608,48.71514202931608,0.0,3.22,8.7567,21342.29,1.555555555555562,momentum,BULL_TREND,84.35303441699462,100.0,100.0,80.0,65.06093433383447,30.0,0.0,75.5,0.0,1,1,E_ablate_inflow_vr1.2,True
605500,605500.SH,森林包装,造纸,20250909,10.3,47.4336089863814,47.4336089863814,0.0,3.93,6.2061,4320.74,1.5296367112810718,momentum,BULL_TREND,98.72646562419408,100.0,43.2074,100.0,29.931785624708677,66.66666666666666,0.0,83.04948684477222,0.0,2,2,E_ablate_inflow_vr1.2,True
600916,600916.SH,中国黄金,服饰,20250909,8.86,61.16514202931609,61.16514202931609,0.0,3.22,8.7567,21342.29,1.555555555555562,momentum,BULL_TREND,84.35303441699462,100.0,100.0,80.0,65.06093433383447,30.0,0.0,75.5,0.0,1,1,E_ablate_wyckoff_vr1.2,True
680,000680.SZ,山推股份,工程机械,20250909,9.92,56.59750124925701,56.59750124925701,0.0,2.85,3.6961,10308.41,2.1696252465483297,momentum,BULL_TREND,75.54809596386896,100.0,100.0,80.0,40.49310094004996,63.33333333333333,0.0,69.28434539873717,0.0,2,2,E_ablate_wyckoff_vr1.2,True
2155,002155.SZ,湖南黄金,黄金,20250909,23.23,53.18338341266991,53.18338341266991,0.0,1.36,8.7396,18904.83,3.167986661108788,momentum,BULL_TREND,22.180332573780746,98.99208003334728,100.0,65.0,83.53562761634035,0.0,0.0,35.34052812155193,0.0,3,3,E_ablate_wyckoff_vr1.2,True
600916,600916.SH,中国黄金,服饰,20250909,8.86,68.71514202931608,68.71514202931608,0.0,3.22,8.7567,21342.29,1.555555555555562,momentum,BULL_TREND,84.35303441699462,100.0,100.0,80.0,65.06093433383447,30.0,0.0,75.5,0.0,1,1,E_ablate_accel_vr1.2,True
680,000680.SZ,山推股份,工程机械,20250909,9.92,63.52593578913072,63.52593578913072,0.0,2.85,3.6961,10308.41,2.1696252465483297,momentum,BULL_TREND,75.54809596386896,100.0,100.0,80.0,40.49310094004996,63.33333333333333,0.0,69.28434539873717,0.0,2,2,E_ablate_accel_vr1.2,True
582,000582.SZ,北部湾港,港口,20250909,9.04,60.12480791465319,60.12480791465319,0.0,2.46,4.4186,11277.55,0.0,momentum,BULL_TREND,64.93291577822575,100.0,100.0,80.0,35.841019406263285,33.33333333333333,0.0,75.5,0.0,3,3,E_ablate_accel_vr1.2,True
600050,600050.SH,中国联通,电信运营,20250910,5.76,79.1818374905439,69.69913718276834,9.48270030777556,2.35,5.1618,183317.67,3.1932773109243766,momentum,BULL_TREND,61.63303783951375,98.84033613445374,100.0,100.0,94.8270030777556,0.0,0.0,66.0474727784478,0.0,1,1,A_recovered_proxy_vr1.5,True
600063,600063.SH,皖维高新,化纤,20250910,5.62,59.03155566550858,59.03155566550858,0.0,2.22,4.7897,10933.52,1.4035087719298258,momentum,BULL_TREND,57.52798382876907,100.0,100.0,80.0,40.70154079023808,33.33333333333333,0.0,65.95383266478945,0.0,2,2,A_recovered_proxy_vr1.5,True
2697,002697.SZ,红旗连锁,超市连锁,20250910,6.08,54.411604284785696,54.411604284785696,0.0,1.67,9.1856,13825.49,0.9771986970683976,momentum,BULL_TREND,36.99240513496637,100.0,100.0,60.0,40.02923889664204,33.33333333333333,0.0,61.90229068545665,0.0,3,3,A_recovered_proxy_vr1.5,True
600050,600050.SH,中国联通,电信运营,20250910,5.76,69.69913718276834,69.69913718276834,0.0,2.35,5.1618,183317.67,3.1932773109243766,momentum,BULL_TREND,61.63303783951375,98.84033613445374,100.0,100.0,94.8270030777556,0.0,0.0,66.0474727784478,0.0,1,1,B_pure_quant_vr1.5,True
600063,600063.SH,皖维高新,化纤,20250910,5.62,59.03155566550858,59.03155566550858,0.0,2.22,4.7897,10933.52,1.4035087719298258,momentum,BULL_TREND,57.52798382876907,100.0,100.0,80.0,40.70154079023808,33.33333333333333,0.0,65.95383266478945,0.0,2,2,B_pure_quant_vr1.5,True
2697,002697.SZ,红旗连锁,超市连锁,20250910,6.08,54.411604284785696,54.411604284785696,0.0,1.67,9.1856,13825.49,0.9771986970683976,momentum,BULL_TREND,36.99240513496637,100.0,100.0,60.0,40.02923889664204,33.33333333333333,0.0,61.90229068545665,0.0,3,3,B_pure_quant_vr1.5,True
600050,600050.SH,中国联通,电信运营,20250910,5.76,79.1818374905439,69.69913718276834,9.48270030777556,2.35,5.1618,183317.67,3.1932773109243766,momentum,BULL_TREND,61.63303783951375,98.84033613445374,100.0,100.0,94.8270030777556,0.0,0.0,66.0474727784478,0.0,1,1,A_recovered_proxy_vr1.2,True
600063,600063.SH,皖维高新,化纤,20250910,5.62,59.43372124510668,59.43372124510668,0.0,2.22,4.7897,10933.52,1.4035087719298258,momentum,BULL_TREND,57.52798382876907,100.0,100.0,80.0,42.71236868822853,33.33333333333333,0.0,65.95383266478945,0.0,2,2,A_recovered_proxy_vr1.2,True
2697,002697.SZ,红旗连锁,超市连锁,20250910,6.08,54.411604284785696,54.411604284785696,0.0,1.67,9.1856,13825.49,0.9771986970683976,momentum,BULL_TREND,36.99240513496637,100.0,100.0,60.0,40.02923889664204,33.33333333333333,0.0,61.90229068545665,0.0,3,3,A_recovered_proxy_vr1.2,True
600050,600050.SH,中国联通,电信运营,20250910,5.76,69.69913718276834,69.69913718276834,0.0,2.35,5.1618,183317.67,3.1932773109243766,momentum,BULL_TREND,61.63303783951375,98.84033613445374,100.0,100.0,94.8270030777556,0.0,0.0,66.0474727784478,0.0,1,1,D_pure_quant_vr1.2,True
600063,600063.SH,皖维高新,化纤,20250910,5.62,59.43372124510668,59.43372124510668,0.0,2.22,4.7897,10933.52,1.4035087719298258,momentum,BULL_TREND,57.52798382876907,100.0,100.0,80.0,42.71236868822853,33.33333333333333,0.0,65.95383266478945,0.0,2,2,D_pure_quant_vr1.2,True
2697,002697.SZ,红旗连锁,超市连锁,20250910,6.08,54.411604284785696,54.411604284785696,0.0,1.67,9.1856,13825.49,0.9771986970683976,momentum,BULL_TREND,36.99240513496637,100.0,100.0,60.0,40.02923889664204,33.33333333333333,0.0,61.90229068545665,0.0,3,3,D_pure_quant_vr1.2,True
600063,600063.SH,皖维高新,化纤,20250910,5.62,50.89124750746097,50.89124750746097,0.0,2.22,4.7897,10933.52,1.4035087719298258,momentum,BULL_TREND,57.52798382876907,100.0,100.0,80.0,42.71236868822853,33.33333333333333,0.0,65.95383266478945,0.0,1,1,E_ablate_sector_vr1.2,True
600050,600050.SH,中国联通,电信运营,20250910,5.76,50.733736567217214,50.733736567217214,0.0,2.35,5.1618,183317.67,3.1932773109243766,momentum,BULL_TREND,61.63303783951375,98.84033613445374,100.0,100.0,94.8270030777556,0.0,0.0,66.0474727784478,0.0,2,2,E_ablate_sector_vr1.2,True
25,000025.SZ,特力A,综合类,20250910,19.15,46.52260419129301,46.52260419129301,0.0,1.39,7.2747,10215.17,1.0335917312661644,momentum,BULL_TREND,23.75424414743913,100.0,100.0,100.0,23.596556401375786,33.33333333333333,0.0,62.92800902510479,0.0,3,3,E_ablate_sector_vr1.2,True
600050,600050.SH,中国联通,电信运营,20250910,5.76,49.69913718276833,49.69913718276833,0.0,2.35,5.1618,183317.67,3.1932773109243766,momentum,BULL_TREND,61.63303783951375,98.84033613445374,100.0,100.0,94.8270030777556,0.0,0.0,66.0474727784478,0.0,1,1,E_ablate_inflow_vr1.2,True
600050,600050.SH,中国联通,电信运营,20250910,5.76,63.09438990492355,63.09438990492355,0.0,2.35,5.1618,183317.67,3.1932773109243766,momentum,BULL_TREND,61.63303783951375,98.84033613445374,100.0,100.0,94.8270030777556,0.0,0.0,66.0474727784478,0.0,1,1,E_ablate_wyckoff_vr1.2,True
600063,600063.SH,皖维高新,化纤,20250910,5.62,52.838337978627735,52.838337978627735,0.0,2.22,4.7897,10933.52,1.4035087719298258,momentum,BULL_TREND,57.52798382876907,100.0,100.0,80.0,42.71236868822853,33.33333333333333,0.0,65.95383266478945,0.0,2,2,E_ablate_wyckoff_vr1.2,True
2697,002697.SZ,红旗连锁,超市连锁,20250910,6.08,48.221375216240034,48.221375216240034,0.0,1.67,9.1856,13825.49,0.9771986970683976,momentum,BULL_TREND,36.99240513496637,100.0,100.0,60.0,40.02923889664204,33.33333333333333,0.0,61.90229068545665,0.0,3,3,E_ablate_wyckoff_vr1.2,True
600050,600050.SH,中国联通,电信运营,20250910,5.76,69.69913718276834,69.69913718276834,0.0,2.35,5.1618,183317.67,3.1932773109243766,momentum,BULL_TREND,61.63303783951375,98.84033613445374,100.0,100.0,94.8270030777556,0.0,0.0,66.0474727784478,0.0,1,1,E_ablate_accel_vr1.2,True
600063,600063.SH,皖维高新,化纤,20250910,5.62,59.43372124510668,59.43372124510668,0.0,2.22,4.7897,10933.52,1.4035087719298258,momentum,BULL_TREND,57.52798382876907,100.0,100.0,80.0,42.71236868822853,33.33333333333333,0.0,65.95383266478945,0.0,2,2,E_ablate_accel_vr1.2,True
2697,002697.SZ,红旗连锁,超市连锁,20250910,6.08,54.411604284785696,54.411604284785696,0.0,1.67,9.1856,13825.49,0.9771986970683976,momentum,BULL_TREND,36.99240513496637,100.0,100.0,60.0,40.02923889664204,33.33333333333333,0.0,61.90229068545665,0.0,3,3,E_ablate_accel_vr1.2,True
823,000823.SZ,超声电子,元器件,20250911,13.98,73.83471393994401,65.37464720118875,8.460066738755264,2.12,9.8516,16483.83,4.246575342465748,momentum,BULL_TREND,54.20321323942373,92.52054794520552,100.0,80.0,84.60066738755263,66.66666666666666,0.0,37.38643609910777,0.0,1,1,A_recovered_proxy_vr1.5,True
601375,601375.SH,中原证券,证券,20250911,4.75,67.4299534585353,67.4299534585353,0.0,3.44,4.8263,18910.55,3.0612244897959253,momentum,BULL_TREND,89.12042824636866,99.63265306122445,100.0,80.0,44.96769590491449,66.66666666666666,0.0,77.71751401141317,0.0,2,2,A_recovered_proxy_vr1.5,True
2320,002320.SZ,海峡股份,水运,20250911,8.5,65.01674487578688,65.01674487578688,0.0,3.05,3.9621,9496.27,1.8475750577367225,momentum,BULL_TREND,80.4404621337762,100.0,94.9627,80.0,42.12747023354986,63.33333333333333,0.0,83.65974842343817,0.0,3,3,A_recovered_proxy_vr1.5,True
601375,601375.SH,中原证券,证券,20250911,4.75,67.4299534585353,67.4299534585353,0.0,3.44,4.8263,18910.55,3.0612244897959253,momentum,BULL_TREND,89.12042824636866,99.63265306122445,100.0,80.0,44.96769590491449,66.66666666666666,0.0,77.71751401141317,0.0,1,1,B_pure_quant_vr1.5,True
823,000823.SZ,超声电子,元器件,20250911,13.98,65.37464720118875,65.37464720118875,0.0,2.12,9.8516,16483.83,4.246575342465748,momentum,BULL_TREND,54.20321323942373,92.52054794520552,100.0,80.0,84.60066738755263,66.66666666666666,0.0,37.38643609910777,0.0,2,2,B_pure_quant_vr1.5,True
2320,002320.SZ,海峡股份,水运,20250911,8.5,65.01674487578688,65.01674487578688,0.0,3.05,3.9621,9496.27,1.8475750577367225,momentum,BULL_TREND,80.4404621337762,100.0,94.9627,80.0,42.12747023354986,63.33333333333333,0.0,83.65974842343817,0.0,3,3,B_pure_quant_vr1.5,True
823,000823.SZ,超声电子,元器件,20250911,13.98,73.26464599282689,64.99460190311066,8.27004408971622,2.12,9.8516,16483.83,4.246575342465748,momentum,BULL_TREND,54.20321323942373,92.52054794520552,100.0,80.0,82.70044089716221,66.66666666666666,0.0,37.38643609910777,0.0,1,1,A_recovered_proxy_vr1.2,True
601375,601375.SH,中原证券,证券,20250911,4.75,69.71569300562895,69.71569300562895,0.0,3.44,4.8263,18910.55,3.0612244897959253,momentum,BULL_TREND,89.12042824636866,99.63265306122445,100.0,80.0,56.39639364038277,66.66666666666666,0.0,77.71751401141317,0.0,2,2,A_recovered_proxy_vr1.2,True
2897,002897.SZ,意华股份,元器件,20250911,45.13,68.03087795868406,59.76083386896784,8.27004408971622,1.4,6.0644,11090.42,4.6482146630044285,momentum,BULL_TREND,24.27134135851208,90.11071202197344,100.0,65.0,82.70044089716221,66.66666666666666,0.0,39.85639950227905,0.0,3,3,A_recovered_proxy_vr1.2,True
601375,601375.SH,中原证券,证券,20250911,4.75,69.71569300562895,69.71569300562895,0.0,3.44,4.8263,18910.55,3.0612244897959253,momentum,BULL_TREND,89.12042824636866,99.63265306122445,100.0,80.0,56.39639364038277,66.66666666666666,0.0,77.71751401141317,0.0,1,1,D_pure_quant_vr1.2,True
823,000823.SZ,超声电子,元器件,20250911,13.98,64.99460190311066,64.99460190311066,0.0,2.12,9.8516,16483.83,4.246575342465748,momentum,BULL_TREND,54.20321323942373,92.52054794520552,100.0,80.0,82.70044089716221,66.66666666666666,0.0,37.38643609910777,0.0,2,2,D_pure_quant_vr1.2,True
2320,002320.SZ,海峡股份,水运,20250911,8.5,64.66034049550196,64.66034049550196,0.0,3.05,3.9621,9496.27,1.8475750577367225,momentum,BULL_TREND,80.4404621337762,100.0,94.9627,80.0,40.34544833212518,63.33333333333333,0.0,83.65974842343817,0.0,3,3,D_pure_quant_vr1.2,True
601375,601375.SH,中原证券,证券,20250911,4.75,58.4364142775524,58.4364142775524,0.0,3.44,4.8263,18910.55,3.0612244897959253,momentum,BULL_TREND,89.12042824636866,99.63265306122445,100.0,80.0,56.39639364038277,66.66666666666666,0.0,77.71751401141317,0.0,1,1,E_ablate_sector_vr1.2,True
2320,002320.SZ,海峡股份,水运,20250911,8.5,56.59125082907691,56.59125082907691,0.0,3.05,3.9621,9496.27,1.8475750577367225,momentum,BULL_TREND,80.4404621337762,100.0,94.9627,80.0,40.34544833212518,63.33333333333333,0.0,83.65974842343817,0.0,2,2,E_ablate_sector_vr1.2,True
2429,002429.SZ,兆驰股份,家用电器,20250911,5.94,53.52283272129597,53.52283272129597,0.0,1.39,4.0014,17556.35,1.3289036544850363,momentum,BULL_TREND,23.75424414743913,100.0,100.0,65.0,47.39330951673726,66.66666666666666,0.0,33.763627658467705,100.0,3,3,E_ablate_sector_vr1.2,True
601375,601375.SH,中原证券,证券,20250911,4.75,49.31254545322496,49.31254545322496,0.0,3.44,4.8263,18910.55,3.0612244897959253,momentum,BULL_TREND,89.12042824636866,99.63265306122445,100.0,80.0,54.380655878362845,66.66666666666666,0.0,77.71751401141317,0.0,1,1,E_ablate_inflow_vr1.2,True
603368,603368.SH,柳药集团,医药商业,20250911,19.01,48.92878433982754,48.92878433982754,0.0,3.87,5.0996,5324.17,2.512820512820505,momentum,BULL_TREND,97.61667831848428,100.0,53.2417,100.0,33.47535104390969,86.66666666666667,0.0,82.57879049939625,0.0,2,2,E_ablate_inflow_vr1.2,True
2320,002320.SZ,海峡股份,水运,20250911,8.5,45.66960739519557,45.66960739519557,0.0,3.05,3.9621,9496.27,1.8475750577367225,momentum,BULL_TREND,80.4404621337762,100.0,94.9627,80.0,40.35448283059328,63.33333333333333,0.0,83.65974842343817,0.0,3,3,E_ablate_inflow_vr1.2,True
601375,601375.SH,中原证券,证券,20250911,4.75,61.943941604487634,61.943941604487634,0.0,3.44,4.8263,18910.55,3.0612244897959253,momentum,BULL_TREND,89.12042824636866,99.63265306122445,100.0,80.0,56.39639364038277,66.66666666666666,0.0,77.71751401141317,0.0,1,1,E_ablate_wyckoff_vr1.2,True
823,000823.SZ,超声电子,元器件,20250911,13.98,61.25595829319989,61.25595829319989,0.0,2.12,9.8516,16483.83,4.246575342465748,momentum,BULL_TREND,54.20321323942373,92.52054794520552,100.0,80.0,82.70044089716221,66.66666666666666,0.0,37.38643609910777,0.0,2,2,E_ablate_wyckoff_vr1.2,True
2429,002429.SZ,兆驰股份,家用电器,20250911,5.94,59.62513185879666,59.62513185879666,0.0,1.39,4.0014,17556.35,1.3289036544850363,momentum,BULL_TREND,23.75424414743913,100.0,100.0,65.0,47.39330951673726,66.66666666666666,0.0,33.763627658467705,100.0,3,3,E_ablate_wyckoff_vr1.2,True
601375,601375.SH,中原证券,证券,20250911,4.75,69.71569300562895,69.71569300562895,0.0,3.44,4.8263,18910.55,3.0612244897959253,momentum,BULL_TREND,89.12042824636866,99.63265306122445,100.0,80.0,56.39639364038277,66.66666666666666,0.0,77.71751401141317,0.0,1,1,E_ablate_accel_vr1.2,True
823,000823.SZ,超声电子,元器件,20250911,13.98,64.99460190311066,64.99460190311066,0.0,2.12,9.8516,16483.83,4.246575342465748,momentum,BULL_TREND,54.20321323942373,92.52054794520552,100.0,80.0,82.70044089716221,66.66666666666666,0.0,37.38643609910777,0.0,2,2,E_ablate_accel_vr1.2,True
2320,002320.SZ,海峡股份,水运,20250911,8.5,64.66034049550196,64.66034049550196,0.0,3.05,3.9621,9496.27,1.8475750577367225,momentum,BULL_TREND,80.4404621337762,100.0,94.9627,80.0,40.34544833212518,63.33333333333333,0.0,83.65974842343817,0.0,3,3,E_ablate_accel_vr1.2,True
21,000021.SZ,深科技,元器件,20250912,21.8,74.63949410775773,66.136528214685,8.502965893072727,2.46,9.0076,45371.43,3.8376709307454826,momentum,BULL_TREND,64.93291577822575,94.97397441552712,100.0,65.0,85.02965893072727,53.333333333333336,0.0,39.76594953586307,0.0,1,1,A_recovered_proxy_vr1.5,True
600071,600071.SH,凤凰光学,元器件,20250912,23.85,71.8898861805263,63.386920287453584,8.502965893072727,4.59,10.6197,5040.33,4.062751407884143,momentum,BULL_TREND,100.0,93.62349155269514,50.4033,80.0,85.02965893072727,33.33333333333333,0.0,62.713126793719496,0.0,2,2,A_recovered_proxy_vr1.5,True
601168,601168.SH,西部矿业,铜,20250912,20.3,70.44625541096504,63.19449223619345,7.251763174771594,2.23,4.3035,31047.3,1.408450704225348,momentum,BULL_TREND,57.852185507279,100.0,100.0,40.0,72.51763174771594,30.0,0.0,65.13138060558407,0.0,3,3,A_recovered_proxy_vr1.5,True
2409,002409.SZ,雅克科技,半导体,20250912,62.14,67.38788950787897,67.38788950787897,0.0,3.18,10.4058,30160.06,2.693391794550577,momentum,BULL_TREND,83.45133827548153,100.0,100.0,80.0,57.69375229401498,63.33333333333333,0.0,61.64771641087077,0.0,1,1,B_pure_quant_vr1.5,True
603887,603887.SH,城地香江,软件服务,20250912,19.05,66.95202667491026,66.95202667491026,0.0,3.94,10.9474,27585.46,2.8556858745537927,momentum,BULL_TREND,98.9097814840826,100.0,100.0,80.0,42.98228434562462,66.66666666666666,0.0,61.85769249839616,0.0,2,2,B_pure_quant_vr1.5,True
301077,301077.SZ,星华新材,化工原料,20250912,24.3,66.89390821994212,66.89390821994212,0.0,3.89,11.0159,7581.97,1.219512195121954,momentum,BULL_TREND,97.98850776057336,100.0,75.8197,80.0,56.37237568285944,66.66666666666666,0.0,84.23883585950898,0.0,3,3,B_pure_quant_vr1.5,True
21,000021.SZ,深科技,元器件,20250912,21.8,71.88986253577225,64.30344050002802,7.586422035744232,2.46,9.0076,45371.43,3.8376709307454826,momentum,BULL_TREND,64.93291577822575,94.97397441552712,100.0,65.0,75.86422035744232,53.333333333333336,0.0,39.76594953586307,0.0,1,1,A_recovered_proxy_vr1.2,True
600071,600071.SH,凤凰光学,元器件,20250912,23.85,69.14025460854083,61.553832572796594,7.586422035744232,4.59,10.6197,5040.33,4.062751407884143,momentum,BULL_TREND,100.0,93.62349155269514,50.4033,80.0,75.86422035744232,33.33333333333333,0.0,62.713126793719496,0.0,2,2,A_recovered_proxy_vr1.2,True
601168,601168.SH,西部矿业,铜,20250912,20.3,68.99441464679391,62.22659839341269,6.767816253381217,2.23,4.3035,31047.3,1.408450704225348,momentum,BULL_TREND,57.852185507279,100.0,100.0,40.0,67.67816253381217,30.0,0.0,65.13138060558407,0.0,3,3,A_recovered_proxy_vr1.2,True
601005,601005.SH,重庆钢铁,普钢,20250912,1.5,67.24304499959207,67.24304499959207,0.0,3.37,4.3511,10564.13,2.5974025974026,momentum,BULL_TREND,87.6374295703567,100.0,100.0,80.0,51.4065985697953,53.333333333333336,0.0,71.49444183412834,0.0,1,1,D_pure_quant_vr1.2,True
301077,301077.SZ,星华新材,化工原料,20250912,24.3,66.81635586392468,66.81635586392468,0.0,3.89,11.0159,7581.97,1.219512195121954,momentum,BULL_TREND,97.98850776057336,100.0,75.8197,100.0,50.98461390277226,66.66666666666666,0.0,84.23883585950898,0.0,2,2,D_pure_quant_vr1.2,True
2409,002409.SZ,雅克科技,半导体,20250912,62.14,66.68748126341598,66.68748126341598,0.0,3.18,10.4058,30160.06,2.693391794550577,momentum,BULL_TREND,83.45133827548153,100.0,100.0,80.0,54.19171107170002,63.33333333333333,0.0,61.64771641087077,0.0,3,3,D_pure_quant_vr1.2,True
603887,603887.SH,城地香江,软件服务,20250912,19.05,58.355569805785336,58.355569805785336,0.0,3.94,10.9474,27585.46,2.8556858745537927,momentum,BULL_TREND,98.9097814840826,100.0,100.0,80.0,39.9074214420969,66.66666666666666,0.0,61.85769249839616,0.0,1,1,E_ablate_sector_vr1.2,True
601005,601005.SH,重庆钢铁,普钢,20250912,1.5,56.96172528563301,56.96172528563301,0.0,3.37,4.3511,10564.13,2.5974025974026,momentum,BULL_TREND,87.6374295703567,100.0,100.0,80.0,51.4065985697953,53.333333333333336,0.0,71.49444183412834,0.0,2,2,E_ablate_sector_vr1.2,True
301077,301077.SZ,星华新材,化工原料,20250912,24.3,56.61943308337023,56.61943308337023,0.0,3.89,11.0159,7581.97,1.219512195121954,momentum,BULL_TREND,97.98850776057336,100.0,75.8197,100.0,50.98461390277226,66.66666666666666,0.0,84.23883585950898,0.0,3,3,E_ablate_sector_vr1.2,True
600071,600071.SH,凤凰光学,元器件,20250912,23.85,51.81304564957095,51.81304564957095,0.0,4.59,10.6197,5040.33,4.062751407884143,momentum,BULL_TREND,100.0,93.62349155269514,50.4033,80.0,77.56358574131407,33.33333333333333,0.0,62.713126793719496,0.0,1,1,E_ablate_inflow_vr1.2,True
301077,301077.SZ,星华新材,化工原料,20250912,24.3,51.166434017075495,51.166434017075495,0.0,3.89,11.0159,7581.97,1.219512195121954,momentum,BULL_TREND,97.98850776057336,100.0,75.8197,100.0,48.5547046685263,66.66666666666666,0.0,84.23883585950898,0.0,2,2,E_ablate_inflow_vr1.2,True
600736,600736.SH,苏州高新,园区开发,20250912,5.79,48.89225248105492,48.89225248105492,0.0,3.39,4.079,6024.87,1.8644067796610224,momentum,BULL_TREND,88.06426366808097,100.0,60.2487,80.0,48.32175128832732,66.66666666666666,0.0,86.84929339843973,0.0,3,3,E_ablate_inflow_vr1.2,True
2409,002409.SZ,雅克科技,半导体,20250912,62.14,60.5227096223289,60.5227096223289,0.0,3.18,10.4058,30160.06,2.693391794550577,momentum,BULL_TREND,83.45133827548153,100.0,100.0,80.0,54.19171107170002,63.33333333333333,0.0,61.64771641087077,0.0,1,1,E_ablate_wyckoff_vr1.2,True
21,000021.SZ,深科技,元器件,20250912,21.8,60.3268455464417,60.3268455464417,0.0,2.46,9.0076,45371.43,3.8376709307454826,momentum,BULL_TREND,64.93291577822575,94.97397441552712,100.0,65.0,75.86422035744232,53.333333333333336,0.0,39.76594953586307,0.0,2,2,E_ablate_wyckoff_vr1.2,True
603887,603887.SH,城地香江,软件服务,20250912,19.05,60.1512848443651,60.1512848443651,0.0,3.94,10.9474,27585.46,2.8556858745537927,momentum,BULL_TREND,98.9097814840826,100.0,100.0,80.0,39.9074214420969,66.66666666666666,0.0,61.85769249839616,0.0,3,3,E_ablate_wyckoff_vr1.2,True
601005,601005.SH,重庆钢铁,普钢,20250912,1.5,67.24304499959207,67.24304499959207,0.0,3.37,4.3511,10564.13,2.5974025974026,momentum,BULL_TREND,87.6374295703567,100.0,100.0,80.0,51.4065985697953,53.333333333333336,0.0,71.49444183412834,0.0,1,1,E_ablate_accel_vr1.2,True
301077,301077.SZ,星华新材,化工原料,20250912,24.3,66.81635586392468,66.81635586392468,0.0,3.89,11.0159,7581.97,1.219512195121954,momentum,BULL_TREND,97.98850776057336,100.0,75.8197,100.0,50.98461390277226,66.66666666666666,0.0,84.23883585950898,0.0,2,2,E_ablate_accel_vr1.2,True
2409,002409.SZ,雅克科技,半导体,20250912,62.14,66.68748126341598,66.68748126341598,0.0,3.18,10.4058,30160.06,2.693391794550577,momentum,BULL_TREND,83.45133827548153,100.0,100.0,80.0,54.19171107170002,63.33333333333333,0.0,61.64771641087077,0.0,3,3,E_ablate_accel_vr1.2,True
600518,600518.SH,康美药业,中成药,20250915,2.18,85.78224659157537,76.77227052682231,9.009976064753063,3.86,6.9064,41873.22,3.9647577092510953,momentum,BULL_TREND,97.43004237466778,94.21145374449344,100.0,100.0,90.09976064753064,43.333333333333336,0.0,75.5,0.0,1,1,A_recovered_proxy_vr1.5,True
600252,600252.SH,中恒集团,中成药,20250915,2.88,81.12487135663886,72.1148952918858,9.009976064753063,2.41,3.4302,9590.91,1.030927835051555,momentum,BULL_TREND,63.45165732276185,100.0,95.9091,80.0,90.09976064753064,96.66666666666669,0.0,65.62041230632069,0.0,2,2,A_recovered_proxy_vr1.5,True
2906,002906.SZ,华阳集团,汽车配件,20250915,32.56,70.0515120393707,62.42129236624061,7.630219673130106,2.13,4.6417,15895.1,2.310231023102298,momentum,BULL_TREND,54.54267152255567,100.0,100.0,40.0,76.30219673130105,10.0,0.0,64.79452291597043,0.0,3,3,A_recovered_proxy_vr1.5,True
600518,600518.SH,康美药业,中成药,20250915,2.18,76.77227052682231,76.77227052682231,0.0,3.86,6.9064,41873.22,3.9647577092510953,momentum,BULL_TREND,97.43004237466778,94.21145374449344,100.0,100.0,90.09976064753064,43.333333333333336,0.0,75.5,0.0,1,1,B_pure_quant_vr1.5,True
600252,600252.SH,中恒集团,中成药,20250915,2.88,72.1148952918858,72.1148952918858,0.0,2.41,3.4302,9590.91,1.030927835051555,momentum,BULL_TREND,63.45165732276185,100.0,95.9091,80.0,90.09976064753064,96.66666666666669,0.0,65.62041230632069,0.0,2,2,B_pure_quant_vr1.5,True
600008,600008.SH,首创环保,水务,20250915,3.27,68.34425365287007,68.34425365287007,0.0,3.04,3.9172,29524.22,1.506024096385537,momentum,BULL_TREND,80.20356618344304,100.0,100.0,80.0,60.48526029343473,53.333333333333336,0.0,75.5,0.0,3,3,B_pure_quant_vr1.5,True
600518,600518.SH,康美药业,中成药,20250915,2.18,76.81613434756657,70.79486236414978,6.021271983416802,3.86,6.9064,41873.22,3.9647577092510953,momentum,BULL_TREND,97.43004237466778,94.21145374449344,100.0,100.0,60.21271983416801,43.333333333333336,0.0,75.5,0.0,1,1,A_recovered_proxy_vr1.2,True
600252,600252.SH,中恒集团,中成药,20250915,2.88,72.15875911263008,66.13748712921328,6.021271983416802,2.41,3.4302,9590.91,1.030927835051555,momentum,BULL_TREND,63.45165732276185,100.0,95.9091,80.0,60.21271983416801,96.66666666666669,0.0,65.62041230632069,0.0,2,2,A_recovered_proxy_vr1.2,True
603019,603019.SH,中科曙光,IT设备,20250915,102.46,67.34203197095447,58.25554066466824,9.086491306286224,1.36,7.9376,122102.99,2.0271562440237183,momentum,BULL_TREND,22.180332573780746,100.0,100.0,100.0,90.86491306286224,0.0,0.0,17.55508166028673,0.0,3,3,A_recovered_proxy_vr1.2,True
600518,600518.SH,康美药业,中成药,20250915,2.18,70.79486236414978,70.79486236414978,0.0,3.86,6.9064,41873.22,3.9647577092510953,momentum,BULL_TREND,97.43004237466778,94.21145374449344,100.0,100.0,60.21271983416801,43.333333333333336,0.0,75.5,0.0,1,1,D_pure_quant_vr1.2,True
600252,600252.SH,中恒集团,中成药,20250915,2.88,66.13748712921328,66.13748712921328,0.0,2.41,3.4302,9590.91,1.030927835051555,momentum,BULL_TREND,63.45165732276185,100.0,95.9091,80.0,60.21271983416801,96.66666666666669,0.0,65.62041230632069,0.0,2,2,D_pure_quant_vr1.2,True
600008,600008.SH,首创环保,水务,20250915,3.27,64.8729358861789,64.8729358861789,0.0,3.04,3.9172,29524.22,1.506024096385537,momentum,BULL_TREND,80.20356618344304,100.0,100.0,80.0,43.12867145997885,53.333333333333336,0.0,75.5,0.0,3,3,D_pure_quant_vr1.2,True
600518,600518.SH,康美药业,中成药,20250915,2.18,58.75231839731618,58.75231839731618,0.0,3.86,6.9064,41873.22,3.9647577092510953,momentum,BULL_TREND,97.43004237466778,94.21145374449344,100.0,100.0,60.21271983416801,43.333333333333336,0.0,75.5,0.0,1,1,E_ablate_sector_vr1.2,True
600008,600008.SH,首创环保,水务,20250915,3.27,56.24720159418312,56.24720159418312,0.0,3.04,3.9172,29524.22,1.506024096385537,momentum,BULL_TREND,80.20356618344304,100.0,100.0,80.0,43.12867145997885,53.333333333333336,0.0,75.5,0.0,2,2,E_ablate_sector_vr1.2,True
600252,600252.SH,中恒集团,中成药,20250915,2.88,54.09494316237968,54.09494316237968,0.0,2.41,3.4302,9590.91,1.030927835051555,momentum,BULL_TREND,63.45165732276185,100.0,95.9091,80.0,60.21271983416801,96.66666666666669,0.0,65.62041230632069,0.0,3,3,E_ablate_sector_vr1.2,True
600518,600518.SH,康美药业,中成药,20250915,2.18,50.79486236414978,50.79486236414978,0.0,3.86,6.9064,41873.22,3.9647577092510953,momentum,BULL_TREND,97.43004237466778,94.21145374449344,100.0,100.0,60.21271983416801,43.333333333333336,0.0,75.5,0.0,1,1,E_ablate_inflow_vr1.2,True
600252,600252.SH,中恒集团,中成药,20250915,2.88,46.95566712921328,46.95566712921328,0.0,2.41,3.4302,9590.91,1.030927835051555,momentum,BULL_TREND,63.45165732276185,100.0,95.9091,80.0,60.21271983416801,96.66666666666669,0.0,65.62041230632069,0.0,2,2,E_ablate_inflow_vr1.2,True
600518,600518.SH,康美药业,中成药,20250915,2.18,63.24486236414978,63.24486236414978,0.0,3.86,6.9064,41873.22,3.9647577092510953,momentum,BULL_TREND,97.43004237466778,94.21145374449344,100.0,100.0,60.21271983416801,43.333333333333336,0.0,75.5,0.0,1,1,E_ablate_wyckoff_vr1.2,True
600252,600252.SH,中恒集团,中成药,20250915,2.88,59.575445898581215,59.575445898581215,0.0,2.41,3.4302,9590.91,1.030927835051555,momentum,BULL_TREND,63.45165732276185,100.0,95.9091,80.0,60.21271983416801,96.66666666666669,0.0,65.62041230632069,0.0,2,2,E_ablate_wyckoff_vr1.2,True
600008,600008.SH,首创环保,水务,20250915,3.27,57.32293588617889,57.32293588617889,0.0,3.04,3.9172,29524.22,1.506024096385537,momentum,BULL_TREND,80.20356618344304,100.0,100.0,80.0,43.12867145997885,53.333333333333336,0.0,75.5,0.0,3,3,E_ablate_wyckoff_vr1.2,True
600518,600518.SH,康美药业,中成药,20250915,2.18,70.79486236414978,70.79486236414978,0.0,3.86,6.9064,41873.22,3.9647577092510953,momentum,BULL_TREND,97.43004237466778,94.21145374449344,100.0,100.0,60.21271983416801,43.333333333333336,0.0,75.5,0.0,1,1,E_ablate_accel_vr1.2,True
600252,600252.SH,中恒集团,中成药,20250915,2.88,66.13748712921328,66.13748712921328,0.0,2.41,3.4302,9590.91,1.030927835051555,momentum,BULL_TREND,63.45165732276185,100.0,95.9091,80.0,60.21271983416801,96.66666666666669,0.0,65.62041230632069,0.0,2,2,E_ablate_accel_vr1.2,True
600008,600008.SH,首创环保,水务,20250915,3.27,64.8729358861789,64.8729358861789,0.0,3.04,3.9172,29524.22,1.506024096385537,momentum,BULL_TREND,80.20356618344304,100.0,100.0,80.0,43.12867145997885,53.333333333333336,0.0,75.5,0.0,3,3,E_ablate_accel_vr1.2,True
2283,002283.SZ,天润工业,汽车配件,20250916,7.2,84.18019408366207,75.55347056320366,8.62672352045841,3.22,9.7402,10597.48,2.9649595687331503,momentum,BULL_TREND,84.35303441699462,100.0,100.0,80.0,86.26723520458411,43.333333333333336,0.0,94.80401693070984,0.0,1,1,A_recovered_proxy_vr1.5,True
601956,601956.SH,东贝集团,家用电器,20250916,7.16,71.74699452292707,71.74699452292707,0.0,4.51,8.6844,10091.76,4.149933065595711,momentum,BULL_TREND,100.0,93.10040160642572,100.0,100.0,50.378371765105385,66.66666666666666,0.0,90.2794667593008,0.0,2,2,A_recovered_proxy_vr1.5,True
650,000650.SZ,仁和药业,中成药,20250916,6.73,71.56037393969217,71.56037393969217,0.0,4.24,10.1261,22310.85,4.131054131054119,momentum,BULL_TREND,100.0,93.21367521367527,100.0,60.0,48.48912137406786,96.66666666666669,0.0,97.07848810177734,0.0,3,3,A_recovered_proxy_vr1.5,True
2283,002283.SZ,天润工业,汽车配件,20250916,7.2,75.55347056320366,75.55347056320366,0.0,3.22,9.7402,10597.48,2.9649595687331503,momentum,BULL_TREND,84.35303441699462,100.0,100.0,80.0,86.26723520458411,43.333333333333336,0.0,94.80401693070984,0.0,1,1,B_pure_quant_vr1.5,True
601956,601956.SH,东贝集团,家用电器,20250916,7.16,71.74699452292707,71.74699452292707,0.0,4.51,8.6844,10091.76,4.149933065595711,momentum,BULL_TREND,100.0,93.10040160642572,100.0,100.0,50.378371765105385,66.66666666666666,0.0,90.2794667593008,0.0,2,2,B_pure_quant_vr1.5,True
650,000650.SZ,仁和药业,中成药,20250916,6.73,71.56037393969217,71.56037393969217,0.0,4.24,10.1261,22310.85,4.131054131054119,momentum,BULL_TREND,100.0,93.21367521367527,100.0,60.0,48.48912137406786,96.66666666666669,0.0,97.07848810177734,0.0,3,3,B_pure_quant_vr1.5,True
2283,002283.SZ,天润工业,汽车配件,20250916,7.2,83.65993893078883,75.2066337946215,8.453305136167328,3.22,9.7402,10597.48,2.9649595687331503,momentum,BULL_TREND,84.35303441699462,100.0,100.0,80.0,84.53305136167327,43.333333333333336,0.0,94.80401693070984,0.0,1,1,A_recovered_proxy_vr1.2,True
601956,601956.SH,东贝集团,家用电器,20250916,7.16,71.77718209848577,71.77718209848577,0.0,4.51,8.6844,10091.76,4.149933065595711,momentum,BULL_TREND,100.0,93.10040160642572,100.0,100.0,50.529309642898895,66.66666666666666,0.0,90.2794667593008,0.0,2,2,A_recovered_proxy_vr1.2,True
650,000650.SZ,仁和药业,中成药,20250916,6.73,71.40210861838132,71.40210861838132,0.0,4.24,10.1261,22310.85,4.131054131054119,momentum,BULL_TREND,100.0,93.21367521367527,100.0,60.0,47.69779476751361,96.66666666666669,0.0,97.07848810177734,0.0,3,3,A_recovered_proxy_vr1.2,True
2283,002283.SZ,天润工业,汽车配件,20250916,7.2,75.2066337946215,75.2066337946215,0.0,3.22,9.7402,10597.48,2.9649595687331503,momentum,BULL_TREND,84.35303441699462,100.0,100.0,80.0,84.53305136167327,43.333333333333336,0.0,94.80401693070984,0.0,1,1,D_pure_quant_vr1.2,True
601956,601956.SH,东贝集团,家用电器,20250916,7.16,71.77718209848577,71.77718209848577,0.0,4.51,8.6844,10091.76,4.149933065595711,momentum,BULL_TREND,100.0,93.10040160642572,100.0,100.0,50.529309642898895,66.66666666666666,0.0,90.2794667593008,0.0,2,2,D_pure_quant_vr1.2,True
650,000650.SZ,仁和药业,中成药,20250916,6.73,71.40210861838132,71.40210861838132,0.0,4.24,10.1261,22310.85,4.131054131054119,momentum,BULL_TREND,100.0,93.21367521367527,100.0,60.0,47.69779476751361,96.66666666666669,0.0,97.07848810177734,0.0,3,3,D_pure_quant_vr1.2,True
650,000650.SZ,仁和药业,中成药,20250916,6.73,61.8625496648786,61.8625496648786,0.0,4.24,10.1261,22310.85,4.131054131054119,momentum,BULL_TREND,100.0,93.21367521367527,100.0,60.0,47.69779476751361,96.66666666666669,0.0,97.07848810177734,0.0,1,1,E_ablate_sector_vr1.2,True
601956,601956.SH,东贝集团,家用电器,20250916,7.16,61.67132016990599,61.67132016990599,0.0,4.51,8.6844,10091.76,4.149933065595711,momentum,BULL_TREND,100.0,93.10040160642572,100.0,100.0,50.529309642898895,66.66666666666666,0.0,90.2794667593008,0.0,2,2,E_ablate_sector_vr1.2,True
2283,002283.SZ,天润工业,汽车配件,20250916,7.2,58.30002352228684,58.30002352228684,0.0,3.22,9.7402,10597.48,2.9649595687331503,momentum,BULL_TREND,84.35303441699462,100.0,100.0,80.0,84.53305136167327,43.333333333333336,0.0,94.80401693070984,0.0,3,3,E_ablate_sector_vr1.2,True
2283,002283.SZ,天润工业,汽车配件,20250916,7.2,55.03267808883452,55.03267808883452,0.0,3.22,9.7402,10597.48,2.9649595687331503,momentum,BULL_TREND,84.35303441699462,100.0,100.0,80.0,83.66327283273836,43.333333333333336,0.0,94.80401693070984,0.0,1,1,E_ablate_inflow_vr1.2,True
605319,605319.SH,无锡振华,汽车配件,20250916,37.66,51.72981102766379,51.72981102766379,0.0,3.21,10.8788,-406.0,1.2844036697247758,momentum,BULL_TREND,84.12866486737892,100.0,0.0,80.0,83.66327283273836,33.33333333333333,0.0,67.11190064342615,0.0,2,2,E_ablate_inflow_vr1.2,True
650,000650.SZ,仁和药业,中成药,20250916,6.73,51.094861271772565,51.094861271772565,0.0,4.24,10.1261,22310.85,4.131054131054119,momentum,BULL_TREND,100.0,93.21367521367527,100.0,60.0,46.16155803446984,96.66666666666669,0.0,97.07848810177734,0.0,3,3,E_ablate_inflow_vr1.2,True
2283,002283.SZ,天润工业,汽车配件,20250916,7.2,65.72623210155052,65.72623210155052,0.0,3.22,9.7402,10597.48,2.9649595687331503,momentum,BULL_TREND,84.35303441699462,100.0,100.0,80.0,84.53305136167327,43.333333333333336,0.0,94.80401693070984,0.0,1,1,E_ablate_wyckoff_vr1.2,True
601956,601956.SH,东贝集团,家用电器,20250916,7.16,62.749235422555685,62.749235422555685,0.0,4.51,8.6844,10091.76,4.149933065595711,momentum,BULL_TREND,100.0,93.10040160642572,100.0,100.0,50.529309642898895,66.66666666666666,0.0,90.2794667593008,0.0,2,2,E_ablate_wyckoff_vr1.2,True
650,000650.SZ,仁和药业,中成药,20250916,6.73,61.69425980820358,61.69425980820358,0.0,4.24,10.1261,22310.85,4.131054131054119,momentum,BULL_TREND,100.0,93.21367521367527,100.0,60.0,47.69779476751361,96.66666666666669,0.0,97.07848810177734,0.0,3,3,E_ablate_wyckoff_vr1.2,True
2283,002283.SZ,天润工业,汽车配件,20250916,7.2,75.2066337946215,75.2066337946215,0.0,3.22,9.7402,10597.48,2.9649595687331503,momentum,BULL_TREND,84.35303441699462,100.0,100.0,80.0,84.53305136167327,43.333333333333336,0.0,94.80401693070984,0.0,1,1,E_ablate_accel_vr1.2,True
601956,601956.SH,东贝集团,家用电器,20250916,7.16,71.77718209848577,71.77718209848577,0.0,4.51,8.6844,10091.76,4.149933065595711,momentum,BULL_TREND,100.0,93.10040160642572,100.0,100.0,50.529309642898895,66.66666666666666,0.0,90.2794667593008,0.0,2,2,E_ablate_accel_vr1.2,True
650,000650.SZ,仁和药业,中成药,20250916,6.73,71.40210861838132,71.40210861838132,0.0,4.24,10.1261,22310.85,4.131054131054119,momentum,BULL_TREND,100.0,93.21367521367527,100.0,60.0,47.69779476751361,96.66666666666669,0.0,97.07848810177734,0.0,3,3,E_ablate_accel_vr1.2,True
563,000563.SZ,陕国投A,多元金融,20250917,3.9,79.98512182103819,73.74185677332545,6.243265047712746,4.67,6.1046,24824.19,2.010050251256283,momentum,BULL_TREND,100.0,100.0,100.0,80.0,62.43265047712745,63.33333333333333,0.0,90.886600112333,0.0,1,1,A_recovered_proxy_vr1.5,True
400,000400.SZ,许继电气,电气设备,20250917,24.09,74.92922405108696,67.15207635373862,7.777147697348337,2.04,4.6183,31118.81,3.097345132743361,momentum,BULL_TREND,51.42845760983854,99.41592920353985,100.0,65.0,77.77147697348336,63.33333333333333,0.0,75.25252730545517,0.0,2,2,A_recovered_proxy_vr1.5,True
600120,600120.SH,浙江东方,多元金融,20250917,6.48,74.7993030658766,68.55603801816386,6.243265047712746,2.97,4.6922,23131.17,7.428571428571422,momentum,BULL_TREND,78.52314655130206,73.42857142857147,100.0,65.0,62.43265047712745,100.0,0.0,86.98178797185913,0.0,3,3,A_recovered_proxy_vr1.5,True
563,000563.SZ,陕国投A,多元金融,20250917,3.9,73.74185677332545,73.74185677332545,0.0,4.67,6.1046,24824.19,2.010050251256283,momentum,BULL_TREND,100.0,100.0,100.0,80.0,62.43265047712745,63.33333333333333,0.0,90.886600112333,0.0,1,1,B_pure_quant_vr1.5,True
600120,600120.SH,浙江东方,多元金融,20250917,6.48,68.55603801816386,68.55603801816386,0.0,2.97,4.6922,23131.17,7.428571428571422,momentum,BULL_TREND,78.52314655130206,73.42857142857147,100.0,65.0,62.43265047712745,100.0,0.0,86.98178797185913,0.0,2,2,B_pure_quant_vr1.5,True
400,000400.SZ,许继电气,电气设备,20250917,24.09,67.15207635373862,67.15207635373862,0.0,2.04,4.6183,31118.81,3.097345132743361,momentum,BULL_TREND,51.42845760983854,99.41592920353985,100.0,65.0,77.77147697348336,63.33333333333333,0.0,75.25252730545517,0.0,3,3,B_pure_quant_vr1.5,True
400,000400.SZ,许继电气,电气设备,20250917,24.09,75.73185973921983,67.68716681249387,8.044692926725963,2.04,4.6183,31118.81,3.097345132743361,momentum,BULL_TREND,51.42845760983854,99.41592920353985,100.0,65.0,80.44692926725963,63.33333333333333,0.0,75.25252730545517,0.0,1,1,A_recovered_proxy_vr1.2,True
2531,002531.SZ,天顺风能,电气设备,20250917,7.81,74.53257067087107,66.48787774414511,8.044692926725963,2.47,4.077,12156.37,2.739726027397257,momentum,BULL_TREND,65.22555209049766,100.0,100.0,65.0,80.44692926725963,63.33333333333333,0.0,41.97992410451867,0.0,2,2,A_recovered_proxy_vr1.2,True
563,000563.SZ,陕国投A,多元金融,20250917,3.9,73.71847183272094,73.71847183272094,0.0,4.67,6.1046,24824.19,2.010050251256283,momentum,BULL_TREND,100.0,100.0,100.0,80.0,62.315725774104834,63.33333333333333,0.0,90.886600112333,0.0,3,3,A_recovered_proxy_vr1.2,True
563,000563.SZ,陕国投A,多元金融,20250917,3.9,73.71847183272094,73.71847183272094,0.0,4.67,6.1046,24824.19,2.010050251256283,momentum,BULL_TREND,100.0,100.0,100.0,80.0,62.315725774104834,63.33333333333333,0.0,90.886600112333,0.0,1,1,D_pure_quant_vr1.2,True
600120,600120.SH,浙江东方,多元金融,20250917,6.48,68.53265307755935,68.53265307755935,0.0,2.97,4.6922,23131.17,7.428571428571422,momentum,BULL_TREND,78.52314655130206,73.42857142857147,100.0,65.0,62.315725774104834,100.0,0.0,86.98178797185913,0.0,2,2,D_pure_quant_vr1.2,True
400,000400.SZ,许继电气,电气设备,20250917,24.09,67.68716681249387,67.68716681249387,0.0,2.04,4.6183,31118.81,3.097345132743361,momentum,BULL_TREND,51.42845760983854,99.41592920353985,100.0,65.0,80.44692926725963,63.33333333333333,0.0,75.25252730545517,0.0,3,3,D_pure_quant_vr1.2,True
563,000563.SZ,陕国投A,多元金融,20250917,3.9,61.255326677899966,61.255326677899966,0.0,4.67,6.1046,24824.19,2.010050251256283,momentum,BULL_TREND,100.0,100.0,100.0,80.0,62.315725774104834,63.33333333333333,0.0,90.886600112333,0.0,1,1,E_ablate_sector_vr1.2,True
600120,600120.SH,浙江东方,多元金融,20250917,6.48,56.06950792273837,56.06950792273837,0.0,2.97,4.6922,23131.17,7.428571428571422,momentum,BULL_TREND,78.52314655130206,73.42857142857147,100.0,65.0,62.315725774104834,100.0,0.0,86.98178797185913,0.0,2,2,E_ablate_sector_vr1.2,True
601016,601016.SH,节能风电,新型电力,20250917,3.28,55.32030431725827,55.32030431725827,0.0,2.85,3.0929,22938.03,0.303951367781162,momentum,BULL_TREND,75.54809596386896,100.0,100.0,80.0,42.7728045848108,66.66666666666666,0.0,66.54756589344592,0.0,3,3,E_ablate_sector_vr1.2,True
563,000563.SZ,陕国投A,多元金融,20250917,3.9,52.60756567665129,52.60756567665129,0.0,4.67,6.1046,24824.19,2.010050251256283,momentum,BULL_TREND,100.0,100.0,100.0,80.0,56.76119499375663,63.33333333333333,0.0,90.886600112333,0.0,1,1,E_ablate_inflow_vr1.2,True
600742,600742.SH,富维股份,汽车配件,20250917,10.87,49.74923194579558,49.74923194579558,0.0,4.02,4.8288,7728.74,0.8211678832116936,momentum,BULL_TREND,100.0,100.0,77.28739999999999,65.0,53.07949306231123,66.66666666666666,0.0,75.5,0.0,2,2,E_ablate_inflow_vr1.2,True
922,000922.SZ,佳电股份,电气设备,20250917,12.35,48.88345754824272,48.88345754824272,0.0,2.81,4.7354,5137.55,0.8032128514056196,momentum,BULL_TREND,74.52850652231007,100.0,51.3755,65.0,73.87493984274656,20.0,0.0,86.79193601346894,0.0,3,3,E_ablate_inflow_vr1.2,True
563,000563.SZ,陕国投A,多元金融,20250917,3.9,64.62981182148764,64.62981182148764,0.0,4.67,6.1046,24824.19,2.010050251256283,momentum,BULL_TREND,100.0,100.0,100.0,80.0,62.315725774104834,63.33333333333333,0.0,90.886600112333,0.0,1,1,E_ablate_wyckoff_vr1.2,True
2531,002531.SZ,天顺风能,电气设备,20250917,7.81,62.28988533369324,62.28988533369324,0.0,2.47,4.077,12156.37,2.739726027397257,momentum,BULL_TREND,65.22555209049766,100.0,100.0,65.0,80.44692926725963,63.33333333333333,0.0,41.97992410451867,0.0,2,2,E_ablate_wyckoff_vr1.2,True
400,000400.SZ,许继电气,电气设备,20250917,24.09,60.16191408194835,60.16191408194835,0.0,2.04,4.6183,31118.81,3.097345132743361,momentum,BULL_TREND,51.42845760983854,99.41592920353985,100.0,65.0,80.44692926725963,63.33333333333333,0.0,75.25252730545517,0.0,3,3,E_ablate_wyckoff_vr1.2,True
563,000563.SZ,陕国投A,多元金融,20250917,3.9,73.71847183272094,73.71847183272094,0.0,4.67,6.1046,24824.19,2.010050251256283,momentum,BULL_TREND,100.0,100.0,100.0,80.0,62.315725774104834,63.33333333333333,0.0,90.886600112333,0.0,1,1,E_ablate_accel_vr1.2,True
600120,600120.SH,浙江东方,多元金融,20250917,6.48,68.53265307755935,68.53265307755935,0.0,2.97,4.6922,23131.17,7.428571428571422,momentum,BULL_TREND,78.52314655130206,73.42857142857147,100.0,65.0,62.315725774104834,100.0,0.0,86.98178797185913,0.0,2,2,E_ablate_accel_vr1.2,True
400,000400.SZ,许继电气,电气设备,20250917,24.09,67.68716681249387,67.68716681249387,0.0,2.04,4.6183,31118.81,3.097345132743361,momentum,BULL_TREND,51.42845760983854,99.41592920353985,100.0,65.0,80.44692926725963,63.33333333333333,0.0,75.25252730545517,0.0,3,3,E_ablate_accel_vr1.2,True
733,000733.SZ,振华科技,元器件,20250918,49.58,65.38127673781024,65.38127673781024,0.0,2.91,5.3988,30001.55,6.151807685027447,sideways,BULL_TREND,77.05095765667797,69.19679475045746,100.0,65.0,46.9843503284187,33.33333333333333,73.708,72.3434332692581,0.0,1,1,A_recovered_proxy_vr1.5,True
600789,600789.SH,鲁抗医药,化学制药,20250918,10.1,61.40637064486385,61.40637064486385,0.0,4.9,7.1385,7203.96,3.256704980842911,sideways,BULL_TREND,100.0,32.56704980842911,72.03960000000001,65.0,35.28107861927655,76.66666666666667,80.28,98.02477133987192,0.0,2,2,A_recovered_proxy_vr1.5,True
603306,603306.SH,华懋科技,汽车配件,20250918,51.79,60.20661803221486,60.20661803221486,0.0,1.84,6.4356,19986.68,12.48732679959446,sideways,BULL_TREND,43.98528831411441,100.0,100.0,65.0,30.76603488925184,43.333333333333336,100.0,45.40235585879374,0.0,3,3,A_recovered_proxy_vr1.5,True
733,000733.SZ,振华科技,元器件,20250918,49.58,65.38127673781024,65.38127673781024,0.0,2.91,5.3988,30001.55,6.151807685027447,sideways,BULL_TREND,77.05095765667797,69.19679475045746,100.0,65.0,46.9843503284187,33.33333333333333,73.708,72.3434332692581,0.0,1,1,B_pure_quant_vr1.5,True
600789,600789.SH,鲁抗医药,化学制药,20250918,10.1,61.40637064486385,61.40637064486385,0.0,4.9,7.1385,7203.96,3.256704980842911,sideways,BULL_TREND,100.0,32.56704980842911,72.03960000000001,65.0,35.28107861927655,76.66666666666667,80.28,98.02477133987192,0.0,2,2,B_pure_quant_vr1.5,True
603306,603306.SH,华懋科技,汽车配件,20250918,51.79,60.20661803221486,60.20661803221486,0.0,1.84,6.4356,19986.68,12.48732679959446,sideways,BULL_TREND,43.98528831411441,100.0,100.0,65.0,30.76603488925184,43.333333333333336,100.0,45.40235585879374,0.0,3,3,B_pure_quant_vr1.5,True
733,000733.SZ,振华科技,元器件,20250918,49.58,65.36994659098895,65.36994659098895,0.0,2.91,5.3988,30001.55,6.151807685027447,sideways,BULL_TREND,77.05095765667797,69.19679475045746,100.0,65.0,46.90881601627678,33.33333333333333,73.708,72.3434332692581,0.0,1,1,A_recovered_proxy_vr1.2,True
600789,600789.SH,鲁抗医药,化学制药,20250918,10.1,61.66048135737994,61.66048135737994,0.0,4.9,7.1385,7203.96,3.256704980842911,sideways,BULL_TREND,100.0,32.56704980842911,72.03960000000001,65.0,36.97515003605049,76.66666666666667,80.28,98.02477133987192,0.0,2,2,A_recovered_proxy_vr1.2,True
603306,603306.SH,华懋科技,汽车配件,20250918,51.79,60.80955846455919,60.80955846455919,0.0,1.84,6.4356,19986.68,12.48732679959446,sideways,BULL_TREND,43.98528831411441,100.0,100.0,65.0,34.78563777154734,43.333333333333336,100.0,45.40235585879374,0.0,3,3,A_recovered_proxy_vr1.2,True
733,000733.SZ,振华科技,元器件,20250918,49.58,65.36994659098895,65.36994659098895,0.0,2.91,5.3988,30001.55,6.151807685027447,sideways,BULL_TREND,77.05095765667797,69.19679475045746,100.0,65.0,46.90881601627678,33.33333333333333,73.708,72.3434332692581,0.0,1,1,D_pure_quant_vr1.2,True
600789,600789.SH,鲁抗医药,化学制药,20250918,10.1,61.66048135737994,61.66048135737994,0.0,4.9,7.1385,7203.96,3.256704980842911,sideways,BULL_TREND,100.0,32.56704980842911,72.03960000000001,65.0,36.97515003605049,76.66666666666667,80.28,98.02477133987192,0.0,2,2,D_pure_quant_vr1.2,True
603306,603306.SH,华懋科技,汽车配件,20250918,51.79,60.80955846455919,60.80955846455919,0.0,1.84,6.4356,19986.68,12.48732679959446,sideways,BULL_TREND,43.98528831411441,100.0,100.0,65.0,34.78563777154734,43.333333333333336,100.0,45.40235585879374,0.0,3,3,D_pure_quant_vr1.2,True
733,000733.SZ,振华科技,元器件,20250918,49.58,58.33362418854743,58.33362418854743,0.0,2.91,5.3988,30001.55,6.151807685027447,sideways,BULL_TREND,77.05095765667797,69.19679475045746,100.0,65.0,46.90881601627678,33.33333333333333,73.708,72.3434332692581,0.0,1,1,E_ablate_sector_vr1.2,True
600789,600789.SH,鲁抗医药,化学制药,20250918,10.1,56.11420885197237,56.11420885197237,0.0,4.9,7.1385,7203.96,3.256704980842911,sideways,BULL_TREND,100.0,32.56704980842911,72.03960000000001,65.0,36.97515003605049,76.66666666666667,80.28,98.02477133987192,0.0,2,2,E_ablate_sector_vr1.2,True
603306,603306.SH,华懋科技,汽车配件,20250918,51.79,55.59171279882709,55.59171279882709,0.0,1.84,6.4356,19986.68,12.48732679959446,sideways,BULL_TREND,43.98528831411441,100.0,100.0,65.0,34.78563777154734,43.333333333333336,100.0,45.40235585879374,0.0,3,3,E_ablate_sector_vr1.2,True
603883,603883.SH,老百姓,医药商业,20250918,17.56,55.3263672875556,55.3263672875556,0.0,3.31,4.9674,944.08,6.246663107314478,sideways,BULL_TREND,86.34156085162465,70.7777184552413,9.4408,65.0,28.91823547921941,43.333333333333336,74.656,89.30036542912927,0.0,1,1,E_ablate_inflow_vr1.2,True
733,000733.SZ,振华科技,元器件,20250918,49.58,52.802489953173016,52.802489953173016,0.0,2.91,5.3988,30001.55,6.151807685027447,sideways,BULL_TREND,77.05095765667797,69.19679475045746,100.0,65.0,43.12577176417054,33.33333333333333,73.708,72.3434332692581,0.0,2,2,E_ablate_inflow_vr1.2,True
682,000682.SZ,东方电子,电气设备,20250918,11.78,52.25750161935432,52.25750161935432,0.0,3.32,4.3897,3402.58,5.457463884430188,sideways,BULL_TREND,86.55916207861,57.62439807383648,34.0258,40.0,24.74330422722926,66.66666666666666,93.552,92.38107848665304,0.0,3,3,E_ablate_inflow_vr1.2,True
733,000733.SZ,振华科技,元器件,20250918,49.58,56.688734598677975,56.688734598677975,0.0,2.91,5.3988,30001.55,6.151807685027447,sideways,BULL_TREND,77.05095765667797,69.19679475045746,100.0,65.0,46.90881601627678,33.33333333333333,73.708,72.3434332692581,0.0,1,1,E_ablate_wyckoff_vr1.2,True
603306,603306.SH,华懋科技,汽车配件,20250918,51.79,55.36127576150394,55.36127576150394,0.0,1.84,6.4356,19986.68,12.48732679959446,sideways,BULL_TREND,43.98528831411441,100.0,100.0,65.0,34.78563777154734,43.333333333333336,100.0,45.40235585879374,0.0,2,2,E_ablate_wyckoff_vr1.2,True
603099,603099.SH,长白山,旅游景点,20250918,51.67,51.53704749827146,51.53704749827146,0.0,1.42,7.3474,18499.19,8.790820829655775,sideways,BULL_TREND,25.294546486497865,100.0,100.0,65.0,38.03720403050177,33.33333333333333,100.0,14.124497923185793,0.0,3,3,E_ablate_wyckoff_vr1.2,True
733,000733.SZ,振华科技,元器件,20250918,49.58,65.36994659098895,65.36994659098895,0.0,2.91,5.3988,30001.55,6.151807685027447,sideways,BULL_TREND,77.05095765667797,69.19679475045746,100.0,65.0,46.90881601627678,33.33333333333333,73.708,72.3434332692581,0.0,1,1,E_ablate_accel_vr1.2,True
600789,600789.SH,鲁抗医药,化学制药,20250918,10.1,61.66048135737994,61.66048135737994,0.0,4.9,7.1385,7203.96,3.256704980842911,sideways,BULL_TREND,100.0,32.56704980842911,72.03960000000001,65.0,36.97515003605049,76.66666666666667,80.28,98.02477133987192,0.0,2,2,E_ablate_accel_vr1.2,True
603306,603306.SH,华懋科技,汽车配件,20250918,51.79,60.80955846455919,60.80955846455919,0.0,1.84,6.4356,19986.68,12.48732679959446,sideways,BULL_TREND,43.98528831411441,100.0,100.0,65.0,34.78563777154734,43.333333333333336,100.0,45.40235585879374,0.0,3,3,E_ablate_accel_vr1.2,True
2466,002466.SZ,天齐锂业,小金属,20250919,45.01,76.23921085095652,66.85461111542605,9.384599735530466,1.75,6.3256,89389.87,9.381920676464674,sideways,BULL_TREND,40.36774610288021,100.0,100.0,100.0,93.84599735530466,53.333333333333336,0.0,40.25117252358369,0.0,1,1,A_recovered_proxy_vr1.5,True
2414,002414.SZ,高德红外,电器仪表,20250919,11.84,72.8069896760946,67.22342066527807,5.583569010816532,2.4,3.1732,20606.45,9.96197718631179,sideways,BULL_TREND,63.151720291689685,100.0,100.0,80.0,55.83569010816531,66.66666666666666,0.0,53.5112945962351,0.0,2,2,A_recovered_proxy_vr1.5,True
2827,002827.SZ,高争民爆,化工原料,20250919,42.23,66.66163448964845,66.66163448964845,0.0,3.05,8.2685,11485.07,5.652368185880253,sideways,BULL_TREND,80.4404621337762,60.87280309800421,100.0,80.0,55.01595453110625,66.66666666666666,0.0,89.89158021381247,0.0,3,3,A_recovered_proxy_vr1.5,True
2414,002414.SZ,高德红外,电器仪表,20250919,11.84,67.22342066527807,67.22342066527807,0.0,2.4,3.1732,20606.45,9.96197718631179,sideways,BULL_TREND,63.151720291689685,100.0,100.0,80.0,55.83569010816531,66.66666666666666,0.0,53.5112945962351,0.0,1,1,B_pure_quant_vr1.5,True
2466,002466.SZ,天齐锂业,小金属,20250919,45.01,66.85461111542605,66.85461111542605,0.0,1.75,6.3256,89389.87,9.381920676464674,sideways,BULL_TREND,40.36774610288021,100.0,100.0,100.0,93.84599735530466,53.333333333333336,0.0,40.25117252358369,0.0,2,2,B_pure_quant_vr1.5,True
2827,002827.SZ,高争民爆,化工原料,20250919,42.23,66.66163448964845,66.66163448964845,0.0,3.05,8.2685,11485.07,5.652368185880253,sideways,BULL_TREND,80.4404621337762,60.87280309800421,100.0,80.0,55.01595453110625,66.66666666666666,0.0,89.89158021381247,0.0,3,3,B_pure_quant_vr1.5,True
2466,002466.SZ,天齐锂业,小金属,20250919,45.01,74.33345349572468,65.71115670228696,8.622296793437732,1.75,6.3256,89389.87,9.381920676464674,sideways,BULL_TREND,40.36774610288021,100.0,100.0,100.0,86.22296793437732,53.333333333333336,0.0,40.25117252358369,0.0,1,1,A_recovered_proxy_vr1.2,True
2414,002414.SZ,高德红外,电器仪表,20250919,11.84,66.4336449456549,66.4336449456549,0.0,2.4,3.1732,20606.45,9.96197718631179,sideways,BULL_TREND,63.151720291689685,100.0,100.0,80.0,50.57051864401082,66.66666666666666,0.0,53.5112945962351,0.0,2,2,A_recovered_proxy_vr1.2,True
2827,002827.SZ,高争民爆,化工原料,20250919,42.23,65.47193824473656,65.47193824473656,0.0,3.05,8.2685,11485.07,5.652368185880253,sideways,BULL_TREND,80.4404621337762,60.87280309800421,100.0,80.0,47.084646231693625,66.66666666666666,0.0,89.89158021381247,0.0,3,3,A_recovered_proxy_vr1.2,True
2414,002414.SZ,高德红外,电器仪表,20250919,11.84,66.4336449456549,66.4336449456549,0.0,2.4,3.1732,20606.45,9.96197718631179,sideways,BULL_TREND,63.151720291689685,100.0,100.0,80.0,50.57051864401082,66.66666666666666,0.0,53.5112945962351,0.0,1,1,D_pure_quant_vr1.2,True
2466,002466.SZ,天齐锂业,小金属,20250919,45.01,65.71115670228696,65.71115670228696,0.0,1.75,6.3256,89389.87,9.381920676464674,sideways,BULL_TREND,40.36774610288021,100.0,100.0,100.0,86.22296793437732,53.333333333333336,0.0,40.25117252358369,0.0,2,2,D_pure_quant_vr1.2,True
2827,002827.SZ,高争民爆,化工原料,20250919,42.23,65.47193824473656,65.47193824473656,0.0,3.05,8.2685,11485.07,5.652368185880253,sideways,BULL_TREND,80.4404621337762,60.87280309800421,100.0,80.0,47.084646231693625,66.66666666666666,0.0,89.89158021381247,0.0,3,3,D_pure_quant_vr1.2,True
2414,002414.SZ,高德红外,电器仪表,20250919,11.84,58.84806714905328,58.84806714905328,0.0,2.4,3.1732,20606.45,9.96197718631179,sideways,BULL_TREND,63.151720291689685,100.0,100.0,80.0,50.57051864401082,66.66666666666666,0.0,53.5112945962351,0.0,1,1,E_ablate_sector_vr1.2,True
2302,002302.SZ,西部建设,水泥,20250919,6.88,58.62119809966162,58.62119809966162,0.0,2.82,3.6016,8629.59,6.267029972752043,sideways,BULL_TREND,74.78475813120345,71.11716621253406,86.2959,80.0,45.60785794979209,63.33333333333333,0.0,97.50500064477252,0.0,2,2,E_ablate_sector_vr1.2,True
526,000526.SZ,学大教育,文教休闲,20250919,48.8,58.43282654652977,58.43282654652977,0.0,2.23,4.5517,7437.31,10.07923346231805,sideways,BULL_TREND,57.852185507279,100.0,74.37310000000001,80.0,35.46461778362617,53.333333333333336,0.0,87.61589223551437,0.0,3,3,E_ablate_sector_vr1.2,True
2302,002302.SZ,西部建设,水泥,20250919,6.88,55.10686879213043,55.10686879213043,0.0,2.82,3.6016,8629.59,6.267029972752043,sideways,BULL_TREND,74.78475813120345,71.11716621253406,86.2959,80.0,45.60785794979209,63.33333333333333,0.0,97.50500064477252,0.0,1,1,E_ablate_inflow_vr1.2,True
526,000526.SZ,学大教育,文教休闲,20250919,48.8,54.827747214073696,54.827747214073696,0.0,2.23,4.5517,7437.31,10.07923346231805,sideways,BULL_TREND,57.852185507279,100.0,74.37310000000001,80.0,35.46461778362617,53.333333333333336,0.0,87.61589223551437,0.0,2,2,E_ablate_inflow_vr1.2,True
2414,002414.SZ,高德红外,电器仪表,20250919,11.84,54.4336449456549,54.4336449456549,0.0,2.4,3.1732,20606.45,9.96197718631179,sideways,BULL_TREND,63.151720291689685,100.0,100.0,80.0,50.57051864401082,66.66666666666666,0.0,53.5112945962351,0.0,3,3,E_ablate_inflow_vr1.2,True
2466,002466.SZ,天齐锂业,小金属,20250919,45.01,60.88101599945691,60.88101599945691,0.0,1.75,6.3256,89389.87,9.381920676464674,sideways,BULL_TREND,40.36774610288021,100.0,100.0,100.0,86.22296793437732,53.333333333333336,0.0,40.25117252358369,0.0,1,1,E_ablate_wyckoff_vr1.2,True
2414,002414.SZ,高德红外,电器仪表,20250919,11.84,60.01228959410669,60.01228959410669,0.0,2.4,3.1732,20606.45,9.96197718631179,sideways,BULL_TREND,63.151720291689685,100.0,100.0,80.0,50.57051864401082,66.66666666666666,0.0,53.5112945962351,0.0,2,2,E_ablate_wyckoff_vr1.2,True
2827,002827.SZ,高争民爆,化工原料,20250919,42.23,54.684948619079066,54.684948619079066,0.0,3.05,8.2685,11485.07,5.652368185880253,sideways,BULL_TREND,80.4404621337762,60.87280309800421,100.0,80.0,47.084646231693625,66.66666666666666,0.0,89.89158021381247,0.0,3,3,E_ablate_wyckoff_vr1.2,True
2414,002414.SZ,高德红外,电器仪表,20250919,11.84,66.4336449456549,66.4336449456549,0.0,2.4,3.1732,20606.45,9.96197718631179,sideways,BULL_TREND,63.151720291689685,100.0,100.0,80.0,50.57051864401082,66.66666666666666,0.0,53.5112945962351,0.0,1,1,E_ablate_accel_vr1.2,True
2466,002466.SZ,天齐锂业,小金属,20250919,45.01,65.71115670228696,65.71115670228696,0.0,1.75,6.3256,89389.87,9.381920676464674,sideways,BULL_TREND,40.36774610288021,100.0,100.0,100.0,86.22296793437732,53.333333333333336,0.0,40.25117252358369,0.0,2,2,E_ablate_accel_vr1.2,True
2827,002827.SZ,高争民爆,化工原料,20250919,42.23,65.47193824473656,65.47193824473656,0.0,3.05,8.2685,11485.07,5.652368185880253,sideways,BULL_TREND,80.4404621337762,60.87280309800421,100.0,80.0,47.084646231693625,66.66666666666666,0.0,89.89158021381247,0.0,3,3,E_ablate_accel_vr1.2,True
66,000066.SZ,中国长城,IT设备,20250922,17.51,78.92731911568703,69.91873490579705,9.008584209889978,1.83,6.2762,45372.52,11.341772151898727,sideways,BULL_TREND,43.59218242546589,100.0,100.0,100.0,90.08584209889978,66.66666666666666,0.0,62.3520427002188,0.0,1,1,A_recovered_proxy_vr1.5,True
3037,003037.SZ,三和管桩,水泥,20250922,8.62,65.47623246872861,65.47623246872861,0.0,3.16,3.9684,2310.55,7.708779443254825,sideways,BULL_TREND,82.99622792011891,95.14632405424707,23.105500000000003,80.0,50.909700190730696,43.333333333333336,0.0,98.40907782576524,0.0,2,2,A_recovered_proxy_vr1.5,True
2345,002345.SZ,潮宏基,服饰,20250922,15.83,65.29944809111865,59.7116908713956,5.587757219723052,2.08,4.0748,12041.61,7.372732592159156,sideways,BULL_TREND,52.82917641831838,89.5455432026526,100.0,40.0,55.87757219723052,66.66666666666666,0.0,42.28569493220057,0.0,3,3,A_recovered_proxy_vr1.5,True
66,000066.SZ,中国长城,IT设备,20250922,17.51,69.91873490579705,69.91873490579705,0.0,1.83,6.2762,45372.52,11.341772151898727,sideways,BULL_TREND,43.59218242546589,100.0,100.0,100.0,90.08584209889978,66.66666666666666,0.0,62.3520427002188,0.0,1,1,B_pure_quant_vr1.5,True
3037,003037.SZ,三和管桩,水泥,20250922,8.62,65.47623246872861,65.47623246872861,0.0,3.16,3.9684,2310.55,7.708779443254825,sideways,BULL_TREND,82.99622792011891,95.14632405424707,23.105500000000003,80.0,50.909700190730696,43.333333333333336,0.0,98.40907782576524,0.0,2,2,B_pure_quant_vr1.5,True
600755,600755.SH,厦门国贸,仓储物流,20250922,6.31,64.67884085039216,64.67884085039216,0.0,4.31,3.1568,10628.87,3.664122137404584,sideways,BULL_TREND,100.0,36.64122137404584,100.0,80.0,42.992867826378536,66.66666666666666,0.0,96.9625720067664,0.0,3,3,B_pure_quant_vr1.5,True
66,000066.SZ,中国长城,IT设备,20250922,17.51,78.92731911568703,69.91873490579705,9.008584209889978,1.83,6.2762,45372.52,11.341772151898727,sideways,BULL_TREND,43.59218242546589,100.0,100.0,100.0,90.08584209889978,66.66666666666666,0.0,62.3520427002188,0.0,1,1,A_recovered_proxy_vr1.2,True
3037,003037.SZ,三和管桩,水泥,20250922,8.62,65.47623246872861,65.47623246872861,0.0,3.16,3.9684,2310.55,7.708779443254825,sideways,BULL_TREND,82.99622792011891,95.14632405424707,23.105500000000003,80.0,50.909700190730696,43.333333333333336,0.0,98.40907782576524,0.0,2,2,A_recovered_proxy_vr1.2,True
600755,600755.SH,厦门国贸,仓储物流,20250922,6.31,64.67884085039216,64.67884085039216,0.0,4.31,3.1568,10628.87,3.664122137404584,sideways,BULL_TREND,100.0,36.64122137404584,100.0,80.0,42.992867826378536,66.66666666666666,0.0,96.9625720067664,0.0,3,3,A_recovered_proxy_vr1.2,True
66,000066.SZ,中国长城,IT设备,20250922,17.51,69.91873490579705,69.91873490579705,0.0,1.83,6.2762,45372.52,11.341772151898727,sideways,BULL_TREND,43.59218242546589,100.0,100.0,100.0,90.08584209889978,66.66666666666666,0.0,62.3520427002188,0.0,1,1,D_pure_quant_vr1.2,True
3037,003037.SZ,三和管桩,水泥,20250922,8.62,65.47623246872861,65.47623246872861,0.0,3.16,3.9684,2310.55,7.708779443254825,sideways,BULL_TREND,82.99622792011891,95.14632405424707,23.105500000000003,80.0,50.909700190730696,43.333333333333336,0.0,98.40907782576524,0.0,2,2,D_pure_quant_vr1.2,True
600755,600755.SH,厦门国贸,仓储物流,20250922,6.31,64.67884085039216,64.67884085039216,0.0,4.31,3.1568,10628.87,3.664122137404584,sideways,BULL_TREND,100.0,36.64122137404584,100.0,80.0,42.992867826378536,66.66666666666666,0.0,96.9625720067664,0.0,3,3,D_pure_quant_vr1.2,True
600755,600755.SH,厦门国贸,仓储物流,20250922,6.31,58.22991067643539,58.22991067643539,0.0,4.31,3.1568,10628.87,3.664122137404584,sideways,BULL_TREND,100.0,36.64122137404584,100.0,80.0,42.992867826378536,66.66666666666666,0.0,96.9625720067664,0.0,1,1,E_ablate_sector_vr1.2,True
3037,003037.SZ,三和管桩,水泥,20250922,8.62,57.839777440119015,57.839777440119015,0.0,3.16,3.9684,2310.55,7.708779443254825,sideways,BULL_TREND,82.99622792011891,95.14632405424707,23.105500000000003,80.0,50.909700190730696,43.333333333333336,0.0,98.40907782576524,0.0,2,2,E_ablate_sector_vr1.2,True
66,000066.SZ,中国长城,IT设备,20250922,17.51,56.40585859096208,56.40585859096208,0.0,1.83,6.2762,45372.52,11.341772151898727,sideways,BULL_TREND,43.59218242546589,100.0,100.0,100.0,90.08584209889978,66.66666666666666,0.0,62.3520427002188,0.0,3,3,E_ablate_sector_vr1.2,True
3037,003037.SZ,三和管桩,水泥,20250922,8.62,62.98261317554408,62.98261317554408,0.0,3.16,3.9684,2310.55,7.708779443254825,sideways,BULL_TREND,82.99622792011891,95.14632405424707,23.105500000000003,80.0,52.76997156950045,43.333333333333336,0.0,98.40907782576524,0.0,1,1,E_ablate_inflow_vr1.2,True
301586,301586.SZ,佳力奇,航空,20250922,53.6,59.01817924359998,59.01817924359998,0.0,2.88,8.0651,225.91,8.266301557419132,sideways,BULL_TREND,76.30344058337938,100.0,2.2591,60.0,48.82409882080388,20.0,0.0,84.23172910113283,0.0,2,2,E_ablate_inflow_vr1.2,True
66,000066.SZ,中国长城,IT设备,20250922,17.51,58.17215985726335,58.17215985726335,0.0,1.83,6.2762,45372.52,11.341772151898727,sideways,BULL_TREND,43.59218242546589,100.0,100.0,100.0,91.7753417753418,66.66666666666666,0.0,62.3520427002188,0.0,3,3,E_ablate_inflow_vr1.2,True
66,000066.SZ,中国长城,IT设备,20250922,17.51,62.4364897817708,62.4364897817708,0.0,1.83,6.2762,45372.52,11.341772151898727,sideways,BULL_TREND,43.59218242546589,100.0,100.0,100.0,90.08584209889978,66.66666666666666,0.0,62.3520427002188,0.0,1,1,E_ablate_wyckoff_vr1.2,True
2345,002345.SZ,潮宏基,服饰,20250922,15.83,54.637407479531525,54.637407479531525,0.0,2.08,4.0748,12041.61,7.372732592159156,sideways,BULL_TREND,52.82917641831838,89.5455432026526,100.0,40.0,55.87757219723052,66.66666666666666,0.0,42.28569493220057,0.0,2,2,E_ablate_wyckoff_vr1.2,True
3037,003037.SZ,三和管桩,水泥,20250922,8.62,53.667143129636784,53.667143129636784,0.0,3.16,3.9684,2310.55,7.708779443254825,sideways,BULL_TREND,82.99622792011891,95.14632405424707,23.105500000000003,80.0,50.909700190730696,43.333333333333336,0.0,98.40907782576524,0.0,3,3,E_ablate_wyckoff_vr1.2,True
66,000066.SZ,中国长城,IT设备,20250922,17.51,69.91873490579705,69.91873490579705,0.0,1.83,6.2762,45372.52,11.341772151898727,sideways,BULL_TREND,43.59218242546589,100.0,100.0,100.0,90.08584209889978,66.66666666666666,0.0,62.3520427002188,0.0,1,1,E_ablate_accel_vr1.2,True
3037,003037.SZ,三和管桩,水泥,20250922,8.62,65.47623246872861,65.47623246872861,0.0,3.16,3.9684,2310.55,7.708779443254825,sideways,BULL_TREND,82.99622792011891,95.14632405424707,23.105500000000003,80.0,50.909700190730696,43.333333333333336,0.0,98.40907782576524,0.0,2,2,E_ablate_accel_vr1.2,True
600755,600755.SH,厦门国贸,仓储物流,20250922,6.31,64.67884085039216,64.67884085039216,0.0,4.31,3.1568,10628.87,3.664122137404584,sideways,BULL_TREND,100.0,36.64122137404584,100.0,80.0,42.992867826378536,66.66666666666666,0.0,96.9625720067664,0.0,3,3,E_ablate_accel_vr1.2,True
600095,600095.SH,湘财股份,证券,20250923,11.55,77.90360909149021,70.94923862028728,6.9543704712029415,2.31,4.5807,19889.21,13.80597014925373,sideways,BULL_TREND,60.39464258206665,100.0,100.0,80.0,69.54370471202941,20.0,0.0,80.25717954523496,0.0,1,1,A_recovered_proxy_vr1.5,True
600006,600006.SH,东风股份,汽车整车,20250923,7.65,74.7990426089114,68.49871665801051,6.300325950900895,3.56,4.9934,10693.8,5.086848635235733,sideways,BULL_TREND,91.59386205958366,51.44747725392889,100.0,80.0,63.00325950900894,66.66666666666666,0.0,92.04833124460896,0.0,2,2,A_recovered_proxy_vr1.5,True
2373,002373.SZ,千方科技,软件服务,20250923,11.15,69.47937518915734,69.47937518915734,0.0,2.58,5.226,8061.59,7.927332782824105,sideways,BULL_TREND,68.36855328242648,98.78887971373508,80.6159,100.0,51.314639668933545,66.66666666666666,0.0,83.3358553860702,0.0,3,3,A_recovered_proxy_vr1.5,True
600095,600095.SH,湘财股份,证券,20250923,11.55,70.94923862028728,70.94923862028728,0.0,2.31,4.5807,19889.21,13.80597014925373,sideways,BULL_TREND,60.39464258206665,100.0,100.0,80.0,69.54370471202941,20.0,0.0,80.25717954523496,0.0,1,1,B_pure_quant_vr1.5,True
2373,002373.SZ,千方科技,软件服务,20250923,11.15,69.47937518915734,69.47937518915734,0.0,2.58,5.226,8061.59,7.927332782824105,sideways,BULL_TREND,68.36855328242648,98.78887971373508,80.6159,100.0,51.314639668933545,66.66666666666666,0.0,83.3358553860702,0.0,2,2,B_pure_quant_vr1.5,True
600006,600006.SH,东风股份,汽车整车,20250923,7.65,68.49871665801051,68.49871665801051,0.0,3.56,4.9934,10693.8,5.086848635235733,sideways,BULL_TREND,91.59386205958366,51.44747725392889,100.0,80.0,63.00325950900894,66.66666666666666,0.0,92.04833124460896,0.0,3,3,B_pure_quant_vr1.5,True
600095,600095.SH,湘财股份,证券,20250923,11.55,78.22554989371959,71.1424031016249,7.083146792094692,2.31,4.5807,19889.21,13.80597014925373,sideways,BULL_TREND,60.39464258206665,100.0,100.0,80.0,70.83146792094692,20.0,0.0,80.25717954523496,0.0,1,1,A_recovered_proxy_vr1.2,True
2373,002373.SZ,千方科技,软件服务,20250923,11.15,69.8816609399619,69.8816609399619,0.0,2.58,5.226,8061.59,7.927332782824105,sideways,BULL_TREND,68.36855328242648,98.78887971373508,80.6159,100.0,53.99654467429734,66.66666666666666,0.0,83.3358553860702,0.0,2,2,A_recovered_proxy_vr1.2,True
600006,600006.SH,东风股份,汽车整车,20250923,7.65,66.89868047142576,66.89868047142576,0.0,3.56,4.9934,10693.8,5.086848635235733,sideways,BULL_TREND,91.59386205958366,51.44747725392889,100.0,80.0,52.33635159844398,66.66666666666666,0.0,92.04833124460896,0.0,3,3,A_recovered_proxy_vr1.2,True
600095,600095.SH,湘财股份,证券,20250923,11.55,71.1424031016249,71.1424031016249,0.0,2.31,4.5807,19889.21,13.80597014925373,sideways,BULL_TREND,60.39464258206665,100.0,100.0,80.0,70.83146792094692,20.0,0.0,80.25717954523496,0.0,1,1,D_pure_quant_vr1.2,True
2373,002373.SZ,千方科技,软件服务,20250923,11.15,69.8816609399619,69.8816609399619,0.0,2.58,5.226,8061.59,7.927332782824105,sideways,BULL_TREND,68.36855328242648,98.78887971373508,80.6159,100.0,53.99654467429734,66.66666666666666,0.0,83.3358553860702,0.0,2,2,D_pure_quant_vr1.2,True
600006,600006.SH,东风股份,汽车整车,20250923,7.65,66.89868047142576,66.89868047142576,0.0,3.56,4.9934,10693.8,5.086848635235733,sideways,BULL_TREND,91.59386205958366,51.44747725392889,100.0,80.0,52.33635159844398,66.66666666666666,0.0,92.04833124460896,0.0,3,3,D_pure_quant_vr1.2,True
2373,002373.SZ,千方科技,软件服务,20250923,11.15,61.7821792388173,61.7821792388173,0.0,2.58,5.226,8061.59,7.927332782824105,sideways,BULL_TREND,68.36855328242648,98.78887971373508,80.6159,100.0,53.99654467429734,66.66666666666666,0.0,83.3358553860702,0.0,1,1,E_ablate_sector_vr1.2,True
600095,600095.SH,湘财股份,证券,20250923,11.55,60.51768291348286,60.51768291348286,0.0,2.31,4.5807,19889.21,13.80597014925373,sideways,BULL_TREND,60.39464258206665,100.0,100.0,80.0,70.83146792094692,20.0,0.0,80.25717954523496,0.0,2,2,E_ablate_sector_vr1.2,True
600006,600006.SH,东风股份,汽车整车,20250923,7.65,59.048227731659175,59.048227731659175,0.0,3.56,4.9934,10693.8,5.086848635235733,sideways,BULL_TREND,91.59386205958366,51.44747725392889,100.0,80.0,52.33635159844398,66.66666666666666,0.0,92.04833124460896,0.0,3,3,E_ablate_sector_vr1.2,True
2373,002373.SZ,千方科技,软件服务,20250923,11.15,60.403761921158576,60.403761921158576,0.0,2.58,5.226,8061.59,7.927332782824105,sideways,BULL_TREND,68.36855328242648,98.78887971373508,80.6159,100.0,55.3032712156085,66.66666666666666,0.0,83.3358553860702,0.0,1,1,E_ablate_inflow_vr1.2,True
600095,600095.SH,湘财股份,证券,20250923,11.55,60.37821258057319,60.37821258057319,0.0,2.31,4.5807,19889.21,13.80597014925373,sideways,BULL_TREND,60.39464258206665,100.0,100.0,80.0,79.07019778060221,20.0,0.0,80.25717954523496,0.0,2,2,E_ablate_inflow_vr1.2,True
600006,600006.SH,东风股份,汽车整车,20250923,7.65,55.47718660791877,55.47718660791877,0.0,3.56,4.9934,10693.8,5.086848635235733,sideways,BULL_TREND,91.59386205958366,51.44747725392889,100.0,80.0,56.19305917506399,66.66666666666666,0.0,92.04833124460896,0.0,3,3,E_ablate_inflow_vr1.2,True
600095,600095.SH,湘财股份,证券,20250923,11.55,61.511541556196704,61.511541556196704,0.0,2.31,4.5807,19889.21,13.80597014925373,sideways,BULL_TREND,60.39464258206665,100.0,100.0,80.0,70.83146792094692,20.0,0.0,80.25717954523496,0.0,1,1,E_ablate_wyckoff_vr1.2,True
2373,002373.SZ,千方科技,软件服务,20250923,11.15,59.88135829363348,59.88135829363348,0.0,2.58,5.226,8061.59,7.927332782824105,sideways,BULL_TREND,68.36855328242648,98.78887971373508,80.6159,100.0,53.99654467429734,66.66666666666666,0.0,83.3358553860702,0.0,2,2,E_ablate_wyckoff_vr1.2,True
600006,600006.SH,东风股份,汽车整车,20250923,7.65,55.85288072207269,55.85288072207269,0.0,3.56,4.9934,10693.8,5.086848635235733,sideways,BULL_TREND,91.59386205958366,51.44747725392889,100.0,80.0,52.33635159844398,66.66666666666666,0.0,92.04833124460896,0.0,3,3,E_ablate_wyckoff_vr1.2,True
600095,600095.SH,湘财股份,证券,20250923,11.55,71.1424031016249,71.1424031016249,0.0,2.31,4.5807,19889.21,13.80597014925373,sideways,BULL_TREND,60.39464258206665,100.0,100.0,80.0,70.83146792094692,20.0,0.0,80.25717954523496,0.0,1,1,E_ablate_accel_vr1.2,True
2373,002373.SZ,千方科技,软件服务,20250923,11.15,69.8816609399619,69.8816609399619,0.0,2.58,5.226,8061.59,7.927332782824105,sideways,BULL_TREND,68.36855328242648,98.78887971373508,80.6159,100.0,53.99654467429734,66.66666666666666,0.0,83.3358553860702,0.0,2,2,E_ablate_accel_vr1.2,True
600006,600006.SH,东风股份,汽车整车,20250923,7.65,66.89868047142576,66.89868047142576,0.0,3.56,4.9934,10693.8,5.086848635235733,sideways,BULL_TREND,91.59386205958366,51.44747725392889,100.0,80.0,52.33635159844398,66.66666666666666,0.0,92.04833124460896,0.0,3,3,E_ablate_accel_vr1.2,True
2185,002185.SZ,华天科技,半导体,20250924,11.78,68.40227256519447,59.56841796764407,8.833854597550395,2.06,6.7224,51203.98,4.149715215622456,sideways,BULL_TREND,52.132216870424685,41.49715215622455,100.0,65.0,88.33854597550395,33.33333333333333,0.0,87.10423515657482,0.0,1,1,A_recovered_proxy_vr1.5,True
600460,600460.SH,士兰微,半导体,20250924,31.46,67.13416359741305,58.30030899986265,8.833854597550395,1.64,6.2981,62858.81,5.6954436450839285,sideways,BULL_TREND,35.68479074216794,61.59072741806548,100.0,65.0,88.33854597550395,33.33333333333333,0.0,69.85205368015868,0.0,2,2,A_recovered_proxy_vr1.5,True
99,000099.SZ,中信海直,空运,20250924,23.03,63.53557684522381,63.53557684522381,0.0,1.85,4.8811,20522.77,7.916833266693324,sideways,BULL_TREND,44.376263537079375,98.61388777822206,100.0,80.0,45.85983114786296,33.33333333333333,0.0,77.76751847509483,0.0,3,3,A_recovered_proxy_vr1.5,True
99,000099.SZ,中信海直,空运,20250924,23.03,63.53557684522381,63.53557684522381,0.0,1.85,4.8811,20522.77,7.916833266693324,sideways,BULL_TREND,44.376263537079375,98.61388777822206,100.0,80.0,45.85983114786296,33.33333333333333,0.0,77.76751847509483,0.0,1,1,B_pure_quant_vr1.5,True
2185,002185.SZ,华天科技,半导体,20250924,11.78,59.56841796764407,59.56841796764407,0.0,2.06,6.7224,51203.98,4.149715215622456,sideways,BULL_TREND,52.132216870424685,41.49715215622455,100.0,65.0,88.33854597550395,33.33333333333333,0.0,87.10423515657482,0.0,2,2,B_pure_quant_vr1.5,True
600460,600460.SH,士兰微,半导体,20250924,31.46,58.30030899986265,58.30030899986265,0.0,1.64,6.2981,62858.81,5.6954436450839285,sideways,BULL_TREND,35.68479074216794,61.59072741806548,100.0,65.0,88.33854597550395,33.33333333333333,0.0,69.85205368015868,0.0,3,3,B_pure_quant_vr1.5,True
2185,002185.SZ,华天科技,半导体,20250924,11.78,68.05752414308185,59.361568914376505,8.69595522870535,2.06,6.7224,51203.98,4.149715215622456,sideways,BULL_TREND,52.132216870424685,41.49715215622455,100.0,65.0,86.9595522870535,33.33333333333333,0.0,87.10423515657482,0.0,1,1,A_recovered_proxy_vr1.2,True
600460,600460.SH,士兰微,半导体,20250924,31.46,66.78941517530043,58.09345994659508,8.69595522870535,1.64,6.2981,62858.81,5.6954436450839285,sideways,BULL_TREND,35.68479074216794,61.59072741806548,100.0,65.0,86.9595522870535,33.33333333333333,0.0,69.85205368015868,0.0,2,2,A_recovered_proxy_vr1.2,True
99,000099.SZ,中信海直,空运,20250924,23.03,63.00962410015215,63.00962410015215,0.0,1.85,4.8811,20522.77,7.916833266693324,sideways,BULL_TREND,44.376263537079375,98.61388777822206,100.0,80.0,42.3534795140519,33.33333333333333,0.0,77.76751847509483,0.0,3,3,A_recovered_proxy_vr1.2,True
99,000099.SZ,中信海直,空运,20250924,23.03,63.00962410015215,63.00962410015215,0.0,1.85,4.8811,20522.77,7.916833266693324,sideways,BULL_TREND,44.376263537079375,98.61388777822206,100.0,80.0,42.3534795140519,33.33333333333333,0.0,77.76751847509483,0.0,1,1,D_pure_quant_vr1.2,True
2185,002185.SZ,华天科技,半导体,20250924,11.78,59.361568914376505,59.361568914376505,0.0,2.06,6.7224,51203.98,4.149715215622456,sideways,BULL_TREND,52.132216870424685,41.49715215622455,100.0,65.0,86.9595522870535,33.33333333333333,0.0,87.10423515657482,0.0,2,2,D_pure_quant_vr1.2,True
600460,600460.SH,士兰微,半导体,20250924,31.46,58.09345994659508,58.09345994659508,0.0,1.64,6.2981,62858.81,5.6954436450839285,sideways,BULL_TREND,35.68479074216794,61.59072741806548,100.0,65.0,86.9595522870535,33.33333333333333,0.0,69.85205368015868,0.0,3,3,D_pure_quant_vr1.2,True
99,000099.SZ,中信海直,空运,20250924,23.03,56.65660217304436,56.65660217304436,0.0,1.85,4.8811,20522.77,7.916833266693324,sideways,BULL_TREND,44.376263537079375,98.61388777822206,100.0,80.0,42.3534795140519,33.33333333333333,0.0,77.76751847509483,0.0,1,1,E_ablate_sector_vr1.2,True
2194,002194.SZ,武汉凡谷,通信设备,20250924,14.58,50.63432364118286,50.63432364118286,0.0,1.58,7.5396,8142.9,10.880195599022,sideways,BULL_TREND,32.99622792011891,100.0,81.429,100.0,36.20860341389941,66.66666666666666,0.0,52.2528347118614,0.0,2,2,E_ablate_sector_vr1.2,True
506,000506.SZ,招金黄金,黄金,20250924,10.03,49.92330986413096,49.92330986413096,0.0,1.76,4.2842,9136.7,10.606060606060618,sideways,BULL_TREND,40.77877144312863,100.0,91.367,80.0,29.14492695708496,63.33333333333333,0.0,29.343945666466627,0.0,3,3,E_ablate_sector_vr1.2,True
99,000099.SZ,中信海直,空运,20250924,23.03,51.01184443319868,51.01184443319868,0.0,1.85,4.8811,20522.77,7.916833266693324,sideways,BULL_TREND,44.376263537079375,98.61388777822206,100.0,80.0,42.36828173436206,33.33333333333333,0.0,77.76751847509483,0.0,1,1,E_ablate_inflow_vr1.2,True
603928,603928.SH,兴业股份,化工原料,20250924,16.49,50.80747182693001,50.80747182693001,0.0,1.84,5.6834,3265.35,12.193823216187448,sideways,BULL_TREND,43.98528831411441,100.0,32.6535,65.0,36.58299526782961,86.66666666666667,0.0,77.58271478597557,0.0,2,2,E_ablate_inflow_vr1.2,True
421,000421.SZ,南京公用,供气供热,20250924,6.46,49.25863001733245,49.25863001733245,0.0,3.17,6.2765,3458.47,4.296296296296297,sideways,BULL_TREND,83.22414201823413,42.96296296296297,34.5847,100.0,44.9266768789777,0.0,0.0,89.6538782468536,0.0,3,3,E_ablate_inflow_vr1.2,True
600586,600586.SH,金晶科技,玻璃,20250924,5.18,55.04879064037285,55.04879064037285,0.0,1.88,4.2472,9184.65,8.963093145869959,sideways,BULL_TREND,45.53663309514563,100.0,91.8465,80.0,50.28323128516098,63.33333333333333,0.0,12.739483368933932,0.0,1,1,E_ablate_wyckoff_vr1.2,True
99,000099.SZ,中信海直,空运,20250924,23.03,53.67752188314077,53.67752188314077,0.0,1.85,4.8811,20522.77,7.916833266693324,sideways,BULL_TREND,44.376263537079375,98.61388777822206,100.0,80.0,42.3534795140519,33.33333333333333,0.0,77.76751847509483,0.0,2,2,E_ablate_wyckoff_vr1.2,True
506,000506.SZ,招金黄金,黄金,20250924,10.03,50.77377542771771,50.77377542771771,0.0,1.76,4.2842,9136.7,10.606060606060618,sideways,BULL_TREND,40.77877144312863,100.0,91.367,80.0,29.14492695708496,63.33333333333333,0.0,29.343945666466627,0.0,3,3,E_ablate_wyckoff_vr1.2,True
99,000099.SZ,中信海直,空运,20250924,23.03,63.00962410015215,63.00962410015215,0.0,1.85,4.8811,20522.77,7.916833266693324,sideways,BULL_TREND,44.376263537079375,98.61388777822206,100.0,80.0,42.3534795140519,33.33333333333333,0.0,77.76751847509483,0.0,1,1,E_ablate_accel_vr1.2,True
2185,002185.SZ,华天科技,半导体,20250924,11.78,59.361568914376505,59.361568914376505,0.0,2.06,6.7224,51203.98,4.149715215622456,sideways,BULL_TREND,52.132216870424685,41.49715215622455,100.0,65.0,86.9595522870535,33.33333333333333,0.0,87.10423515657482,0.0,2,2,E_ablate_accel_vr1.2,True
600460,600460.SH,士兰微,半导体,20250924,31.46,58.09345994659508,58.09345994659508,0.0,1.64,6.2981,62858.81,5.6954436450839285,sideways,BULL_TREND,35.68479074216794,61.59072741806548,100.0,65.0,86.9595522870535,33.33333333333333,0.0,69.85205368015868,0.0,3,3,E_ablate_accel_vr1.2,True
997,000997.SZ,新大陆,IT设备,20250925,28.7,65.00176951431939,65.00176951431939,0.0,2.57,4.3662,21003.41,5.592105263157893,weak_momentum,BULL_TREND,68.08841797095766,100.0,100.0,80.0,47.62123498178657,10.0,0.0,87.63547714271836,0.0,1,1,A_recovered_proxy_vr1.5,True
2738,002738.SZ,中矿资源,小金属,20250925,43.49,64.26976307304295,58.41923525817586,5.850527814867096,1.94,5.6508,42223.23,3.5270629991126805,weak_momentum,BULL_TREND,47.802832620620144,100.0,100.0,65.0,58.50527814867095,43.333333333333336,0.0,47.04234650743685,0.0,2,2,A_recovered_proxy_vr1.5,True
2922,002922.SZ,伊戈尔,电气设备,20250925,21.57,62.3592130779132,56.33210556229694,6.027107515616257,1.52,6.8379,10511.23,13.61633960752903,weak_momentum,BULL_TREND,30.203566183443044,86.53050327059142,100.0,65.0,60.27107515616257,53.333333333333336,0.0,56.40388201478973,0.0,3,3,A_recovered_proxy_vr1.5,True
997,000997.SZ,新大陆,IT设备,20250925,28.7,65.00176951431939,65.00176951431939,0.0,2.57,4.3662,21003.41,5.592105263157893,weak_momentum,BULL_TREND,68.08841797095766,100.0,100.0,80.0,47.62123498178657,10.0,0.0,87.63547714271836,0.0,1,1,B_pure_quant_vr1.5,True
2738,002738.SZ,中矿资源,小金属,20250925,43.49,58.41923525817586,58.41923525817586,0.0,1.94,5.6508,42223.23,3.5270629991126805,weak_momentum,BULL_TREND,47.802832620620144,100.0,100.0,65.0,58.50527814867095,43.333333333333336,0.0,47.04234650743685,0.0,2,2,B_pure_quant_vr1.5,True
2351,002351.SZ,漫步者,IT设备,20250925,13.96,58.27718526273125,58.27718526273125,0.0,2.08,11.8046,8710.22,4.054982817869415,weak_momentum,BULL_TREND,52.82917641831838,100.0,87.1022,60.0,47.62123498178657,0.0,0.0,83.54151701810333,0.0,3,3,B_pure_quant_vr1.5,True
2738,002738.SZ,中矿资源,小金属,20250925,43.49,67.97589864710434,60.64291660261269,7.332982044491651,1.94,5.6508,42223.23,3.5270629991126805,weak_momentum,BULL_TREND,47.802832620620144,100.0,100.0,65.0,73.3298204449165,43.333333333333336,0.0,47.04234650743685,0.0,1,1,A_recovered_proxy_vr1.2,True
603042,603042.SH,华脉科技,通信设备,20250925,16.03,67.03389168042904,58.7764862186731,8.257405461755932,2.1,9.6735,4339.95,5.7058823529411695,weak_momentum,BULL_TREND,53.5194663945699,100.0,43.3995,65.0,82.57405461755931,43.333333333333336,0.0,87.55920933458034,0.0,2,2,A_recovered_proxy_vr1.2,True
63,000063.SZ,中兴通讯,通信设备,20250925,45.8,66.28573983482721,58.02833437307128,8.257405461755932,1.36,6.6035,200126.12,6.3011456628478015,weak_momentum,BULL_TREND,22.180332573780746,100.0,100.0,65.0,82.57405461755931,30.0,0.0,50.43450862913511,0.0,3,3,A_recovered_proxy_vr1.2,True
997,000997.SZ,新大陆,IT设备,20250925,28.7,64.1022823325111,64.1022823325111,0.0,2.57,4.3662,21003.41,5.592105263157893,weak_momentum,BULL_TREND,68.08841797095766,100.0,100.0,40.0,54.95798710306463,10.0,0.0,87.63547714271836,0.0,1,1,D_pure_quant_vr1.2,True
2738,002738.SZ,中矿资源,小金属,20250925,43.49,60.64291660261269,60.64291660261269,0.0,1.94,5.6508,42223.23,3.5270629991126805,weak_momentum,BULL_TREND,47.802832620620144,100.0,100.0,65.0,73.3298204449165,43.333333333333336,0.0,47.04234650743685,0.0,2,2,D_pure_quant_vr1.2,True
2351,002351.SZ,漫步者,IT设备,20250925,13.96,60.37769808092295,60.37769808092295,0.0,2.08,11.8046,8710.22,4.054982817869415,weak_momentum,BULL_TREND,52.82917641831838,100.0,87.1022,80.0,54.95798710306463,0.0,0.0,83.54151701810333,0.0,3,3,D_pure_quant_vr1.2,True
997,000997.SZ,新大陆,IT设备,20250925,28.7,55.858584267051405,55.858584267051405,0.0,2.57,4.3662,21003.41,5.592105263157893,weak_momentum,BULL_TREND,68.08841797095766,100.0,100.0,40.0,54.95798710306463,10.0,0.0,87.63547714271836,0.0,1,1,E_ablate_sector_vr1.2,True
690,000690.SZ,宝新能源,火力发电,20250925,4.65,53.66565232251913,53.66565232251913,0.0,2.54,4.0517,10693.09,4.320987654320986,weak_momentum,BULL_TREND,67.24142484987206,100.0,100.0,80.0,26.831763773005385,0.0,0.0,63.86292396692215,0.0,2,2,E_ablate_sector_vr1.2,True
600879,600879.SH,航天电子,航空,20250925,11.26,52.40477374379204,52.40477374379204,0.0,1.46,3.0527,33324.0,7.172300082440239,weak_momentum,BULL_TREND,27.298418455264624,100.0,100.0,80.0,40.5448478451445,66.66666666666666,0.0,73.17785094779342,0.0,3,3,E_ablate_sector_vr1.2,True
603042,603042.SH,华脉科技,通信设备,20250925,16.03,49.29979191646093,49.29979191646093,0.0,2.1,9.6735,4339.95,5.7058823529411695,weak_momentum,BULL_TREND,53.5194663945699,100.0,43.3995,65.0,71.47549260281153,43.333333333333336,0.0,87.55920933458034,0.0,1,1,E_ablate_inflow_vr1.2,True
600756,600756.SH,浪潮软件,软件服务,20250925,15.87,48.126285890898046,48.126285890898046,0.0,2.62,7.2919,6340.28,3.2906764168190183,weak_momentum,BULL_TREND,69.47834058813628,100.0,63.4028,80.0,56.97730172853892,0.0,0.0,87.71959695597846,0.0,2,2,E_ablate_inflow_vr1.2,True
2315,002315.SZ,焦点科技,互联网,20250925,49.06,47.45745498834084,47.45745498834084,0.0,2.66,8.186,3463.45,9.981651376146784,weak_momentum,BULL_TREND,70.57131228632325,100.0,34.6345,65.0,47.86585985518488,43.333333333333336,0.0,81.83475000298634,0.0,3,3,E_ablate_inflow_vr1.2,True
2738,002738.SZ,中矿资源,小金属,20250925,43.49,53.586564626497164,53.586564626497164,0.0,1.94,5.6508,42223.23,3.5270629991126805,weak_momentum,BULL_TREND,47.802832620620144,100.0,100.0,65.0,73.3298204449165,43.333333333333336,0.0,47.04234650743685,0.0,1,1,E_ablate_wyckoff_vr1.2,True
997,000997.SZ,新大陆,IT设备,20250925,28.7,50.95696076110335,50.95696076110335,0.0,2.57,4.3662,21003.41,5.592105263157893,weak_momentum,BULL_TREND,68.08841797095766,100.0,100.0,40.0,54.95798710306463,10.0,0.0,87.63547714271836,0.0,2,2,E_ablate_wyckoff_vr1.2,True
63,000063.SZ,中兴通讯,通信设备,20250925,45.8,50.46315807870101,50.46315807870101,0.0,1.36,6.6035,200126.12,6.3011456628478015,weak_momentum,BULL_TREND,22.180332573780746,100.0,100.0,65.0,82.57405461755931,30.0,0.0,50.43450862913511,0.0,3,3,E_ablate_wyckoff_vr1.2,True
997,000997.SZ,新大陆,IT设备,20250925,28.7,64.1022823325111,64.1022823325111,0.0,2.57,4.3662,21003.41,5.592105263157893,weak_momentum,BULL_TREND,68.08841797095766,100.0,100.0,40.0,54.95798710306463,10.0,0.0,87.63547714271836,0.0,1,1,E_ablate_accel_vr1.2,True
2738,002738.SZ,中矿资源,小金属,20250925,43.49,60.64291660261269,60.64291660261269,0.0,1.94,5.6508,42223.23,3.5270629991126805,weak_momentum,BULL_TREND,47.802832620620144,100.0,100.0,65.0,73.3298204449165,43.333333333333336,0.0,47.04234650743685,0.0,2,2,E_ablate_accel_vr1.2,True
2351,002351.SZ,漫步者,IT设备,20250925,13.96,60.37769808092295,60.37769808092295,0.0,2.08,11.8046,8710.22,4.054982817869415,weak_momentum,BULL_TREND,52.82917641831838,100.0,87.1022,80.0,54.95798710306463,0.0,0.0,83.54151701810333,0.0,3,3,E_ablate_accel_vr1.2,True
600391,600391.SH,航发科技,航空,20250926,27.0,76.52681615335123,69.23100958422616,7.295806569125084,2.01,5.996,11342.27,14.691943127962082,sideways,BULL_TREND,50.35977507021019,100.0,100.0,65.0,72.95806569125084,63.33333333333333,0.0,77.84568790354686,0.0,1,1,A_recovered_proxy_vr1.5,True
605123,605123.SH,派克新材,航空,20250926,72.3,74.19629086377526,66.90048429465017,7.295806569125084,2.43,4.3518,10198.35,6.901879989698687,sideways,BULL_TREND,64.04781569155281,81.69799982831145,100.0,40.0,72.95806569125084,53.333333333333336,0.0,76.88356966604782,0.0,2,2,A_recovered_proxy_vr1.5,True
657,000657.SZ,中钨高新,小金属,20250926,18.43,68.51332926001463,61.476428288506746,7.036900971507878,2.22,6.7182,16201.3,17.317182593091072,sideways,BULL_TREND,57.52798382876907,76.82817406908927,100.0,65.0,70.36900971507878,33.33333333333333,0.0,50.80046189207859,0.0,3,3,A_recovered_proxy_vr1.5,True
600391,600391.SH,航发科技,航空,20250926,27.0,69.23100958422616,69.23100958422616,0.0,2.01,5.996,11342.27,14.691943127962082,sideways,BULL_TREND,50.35977507021019,100.0,100.0,65.0,72.95806569125084,63.33333333333333,0.0,77.84568790354686,0.0,1,1,B_pure_quant_vr1.5,True
605123,605123.SH,派克新材,航空,20250926,72.3,66.90048429465017,66.90048429465017,0.0,2.43,4.3518,10198.35,6.901879989698687,sideways,BULL_TREND,64.04781569155281,81.69799982831145,100.0,40.0,72.95806569125084,53.333333333333336,0.0,76.88356966604782,0.0,2,2,B_pure_quant_vr1.5,True
2134,002134.SZ,天津普林,元器件,20250926,21.0,64.58704140121085,64.58704140121085,0.0,2.39,5.8253,5573.9,8.536585365853663,sideways,BULL_TREND,62.8505309103012,100.0,55.739,100.0,49.99108740117927,43.333333333333336,0.0,80.88262353417525,0.0,3,3,B_pure_quant_vr1.5,True
600391,600391.SH,航发科技,航空,20250926,27.0,74.23397601662792,67.85530550219217,6.378670514435753,2.01,5.996,11342.27,14.691943127962082,sideways,BULL_TREND,50.35977507021019,100.0,100.0,65.0,63.786705144357526,63.33333333333333,0.0,77.84568790354686,0.0,1,1,A_recovered_proxy_vr1.2,True
605123,605123.SH,派克新材,航空,20250926,72.3,72.90345072705193,66.52478021261618,6.378670514435753,2.43,4.3518,10198.35,6.901879989698687,sideways,BULL_TREND,64.04781569155281,81.69799982831145,100.0,65.0,63.786705144357526,53.333333333333336,0.0,76.88356966604782,0.0,2,2,A_recovered_proxy_vr1.2,True
657,000657.SZ,中钨高新,小金属,20250926,18.43,66.21247584071675,60.09591623692802,6.116559603788726,2.22,6.7182,16201.3,17.317182593091072,sideways,BULL_TREND,57.52798382876907,76.82817406908927,100.0,65.0,61.16559603788726,33.33333333333333,0.0,50.80046189207859,0.0,3,3,A_recovered_proxy_vr1.2,True
600391,600391.SH,航发科技,航空,20250926,27.0,67.85530550219217,67.85530550219217,0.0,2.01,5.996,11342.27,14.691943127962082,sideways,BULL_TREND,50.35977507021019,100.0,100.0,65.0,63.786705144357526,63.33333333333333,0.0,77.84568790354686,0.0,1,1,D_pure_quant_vr1.2,True
605123,605123.SH,派克新材,航空,20250926,72.3,66.52478021261618,66.52478021261618,0.0,2.43,4.3518,10198.35,6.901879989698687,sideways,BULL_TREND,64.04781569155281,81.69799982831145,100.0,65.0,63.786705144357526,53.333333333333336,0.0,76.88356966604782,0.0,2,2,D_pure_quant_vr1.2,True
2134,002134.SZ,天津普林,元器件,20250926,21.0,62.06233193234333,62.06233193234333,0.0,2.39,5.8253,5573.9,8.536585365853663,sideways,BULL_TREND,62.8505309103012,100.0,55.739,100.0,33.159690942062504,43.333333333333336,0.0,80.88262353417525,0.0,3,3,D_pure_quant_vr1.2,True
600391,600391.SH,航发科技,航空,20250926,27.0,58.28729973053853,58.28729973053853,0.0,2.01,5.996,11342.27,14.691943127962082,sideways,BULL_TREND,50.35977507021019,100.0,100.0,65.0,63.786705144357526,63.33333333333333,0.0,77.84568790354686,0.0,1,1,E_ablate_sector_vr1.2,True
2134,002134.SZ,天津普林,元器件,20250926,21.0,57.08837829103396,57.08837829103396,0.0,2.39,5.8253,5573.9,8.536585365853663,sideways,BULL_TREND,62.8505309103012,100.0,55.739,100.0,33.159690942062504,43.333333333333336,0.0,80.88262353417525,0.0,2,2,E_ablate_sector_vr1.2,True
605123,605123.SH,派克新材,航空,20250926,72.3,56.95677444096255,56.95677444096255,0.0,2.43,4.3518,10198.35,6.901879989698687,sideways,BULL_TREND,64.04781569155281,81.69799982831145,100.0,65.0,63.786705144357526,53.333333333333336,0.0,76.88356966604782,0.0,3,3,E_ablate_sector_vr1.2,True
600391,600391.SH,航发科技,航空,20250926,27.0,56.30105921270241,56.30105921270241,0.0,2.01,5.996,11342.27,14.691943127962082,sideways,BULL_TREND,50.35977507021019,100.0,100.0,65.0,66.75839654775923,63.33333333333333,0.0,77.84568790354686,0.0,1,1,E_ablate_inflow_vr1.2,True
2134,002134.SZ,天津普林,元器件,20250926,21.0,55.53580485044126,55.53580485044126,0.0,2.39,5.8253,5573.9,8.536585365853663,sideways,BULL_TREND,62.8505309103012,100.0,55.739,100.0,34.2407103960487,43.333333333333336,0.0,80.88262353417525,0.0,2,2,E_ablate_inflow_vr1.2,True
605123,605123.SH,派克新材,航空,20250926,72.3,54.97053392312643,54.97053392312643,0.0,2.43,4.3518,10198.35,6.901879989698687,sideways,BULL_TREND,64.04781569155281,81.69799982831145,100.0,65.0,66.75839654775923,53.333333333333336,0.0,76.88356966604782,0.0,3,3,E_ablate_inflow_vr1.2,True
600391,600391.SH,航发科技,航空,20250926,27.0,58.513822953766535,58.513822953766535,0.0,2.01,5.996,11342.27,14.691943127962082,sideways,BULL_TREND,50.35977507021019,100.0,100.0,65.0,63.786705144357526,63.33333333333333,0.0,77.84568790354686,0.0,1,1,E_ablate_wyckoff_vr1.2,True
605123,605123.SH,派克新材,航空,20250926,72.3,57.29875185269044,57.29875185269044,0.0,2.43,4.3518,10198.35,6.901879989698687,sideways,BULL_TREND,64.04781569155281,81.69799982831145,100.0,65.0,63.786705144357526,53.333333333333336,0.0,76.88356966604782,0.0,2,2,E_ablate_wyckoff_vr1.2,True
657,000657.SZ,中钨高新,小金属,20250926,18.43,53.99986080987859,53.99986080987859,0.0,2.22,6.7182,16201.3,17.317182593091072,sideways,BULL_TREND,57.52798382876907,76.82817406908927,100.0,65.0,61.16559603788726,33.33333333333333,0.0,50.80046189207859,0.0,3,3,E_ablate_wyckoff_vr1.2,True
600391,600391.SH,航发科技,航空,20250926,27.0,67.85530550219217,67.85530550219217,0.0,2.01,5.996,11342.27,14.691943127962082,sideways,BULL_TREND,50.35977507021019,100.0,100.0,65.0,63.786705144357526,63.33333333333333,0.0,77.84568790354686,0.0,1,1,E_ablate_accel_vr1.2,True
605123,605123.SH,派克新材,航空,20250926,72.3,66.52478021261618,66.52478021261618,0.0,2.43,4.3518,10198.35,6.901879989698687,sideways,BULL_TREND,64.04781569155281,81.69799982831145,100.0,65.0,63.786705144357526,53.333333333333336,0.0,76.88356966604782,0.0,2,2,E_ablate_accel_vr1.2,True
2134,002134.SZ,天津普林,元器件,20250926,21.0,62.06233193234333,62.06233193234333,0.0,2.39,5.8253,5573.9,8.536585365853663,sideways,BULL_TREND,62.8505309103012,100.0,55.739,100.0,33.159690942062504,43.333333333333336,0.0,80.88262353417525,0.0,3,3,E_ablate_accel_vr1.2,True
783,000783.SZ,长江证券,证券,20250929,8.42,80.29936665823611,71.45600568524979,8.843360972986318,2.6,3.1455,28111.5,1.4051522248243469,momentum,BULL_TREND,68.92558116268648,100.0,100.0,65.0,88.43360972986318,66.66666666666666,0.0,68.47113231540852,0.0,1,1,A_recovered_proxy_vr1.5,True
2797,002797.SZ,第一创业,证券,20250929,7.9,78.03291196173242,69.1895509887461,8.843360972986318,2.32,3.6528,21808.42,4.242424242424238,momentum,BULL_TREND,60.706240267642364,92.54545454545458,100.0,65.0,88.43360972986318,63.33333333333333,0.0,67.25680881414988,0.0,2,2,A_recovered_proxy_vr1.5,True
600109,600109.SH,国金证券,证券,20250929,10.37,78.00158525752181,69.15822428453549,8.843360972986318,2.19,3.0732,21908.95,1.6129032258064513,momentum,BULL_TREND,56.54654349132243,100.0,100.0,65.0,88.43360972986318,30.0,0.0,82.39520814864488,0.0,3,3,A_recovered_proxy_vr1.5,True
783,000783.SZ,长江证券,证券,20250929,8.42,71.45600568524979,71.45600568524979,0.0,2.6,3.1455,28111.5,1.4051522248243469,momentum,BULL_TREND,68.92558116268648,100.0,100.0,65.0,88.43360972986318,66.66666666666666,0.0,68.47113231540852,0.0,1,1,B_pure_quant_vr1.5,True
2797,002797.SZ,第一创业,证券,20250929,7.9,69.1895509887461,69.1895509887461,0.0,2.32,3.6528,21808.42,4.242424242424238,momentum,BULL_TREND,60.706240267642364,92.54545454545458,100.0,65.0,88.43360972986318,63.33333333333333,0.0,67.25680881414988,0.0,2,2,B_pure_quant_vr1.5,True
600109,600109.SH,国金证券,证券,20250929,10.37,69.15822428453549,69.15822428453549,0.0,2.19,3.0732,21908.95,1.6129032258064513,momentum,BULL_TREND,56.54654349132243,100.0,100.0,65.0,88.43360972986318,30.0,0.0,82.39520814864488,0.0,3,3,B_pure_quant_vr1.5,True
783,000783.SZ,长江证券,证券,20250929,8.42,80.29936665823611,71.45600568524979,8.843360972986318,2.6,3.1455,28111.5,1.4051522248243469,momentum,BULL_TREND,68.92558116268648,100.0,100.0,65.0,88.43360972986318,66.66666666666666,0.0,68.47113231540852,0.0,1,1,A_recovered_proxy_vr1.2,True
2797,002797.SZ,第一创业,证券,20250929,7.9,78.03291196173242,69.1895509887461,8.843360972986318,2.32,3.6528,21808.42,4.242424242424238,momentum,BULL_TREND,60.706240267642364,92.54545454545458,100.0,65.0,88.43360972986318,63.33333333333333,0.0,67.25680881414988,0.0,2,2,A_recovered_proxy_vr1.2,True
600109,600109.SH,国金证券,证券,20250929,10.37,78.00158525752181,69.15822428453549,8.843360972986318,2.19,3.0732,21908.95,1.6129032258064513,momentum,BULL_TREND,56.54654349132243,100.0,100.0,65.0,88.43360972986318,30.0,0.0,82.39520814864488,0.0,3,3,A_recovered_proxy_vr1.2,True
783,000783.SZ,长江证券,证券,20250929,8.42,71.45600568524979,71.45600568524979,0.0,2.6,3.1455,28111.5,1.4051522248243469,momentum,BULL_TREND,68.92558116268648,100.0,100.0,65.0,88.43360972986318,66.66666666666666,0.0,68.47113231540852,0.0,1,1,D_pure_quant_vr1.2,True
2797,002797.SZ,第一创业,证券,20250929,7.9,69.1895509887461,69.1895509887461,0.0,2.32,3.6528,21808.42,4.242424242424238,momentum,BULL_TREND,60.706240267642364,92.54545454545458,100.0,65.0,88.43360972986318,63.33333333333333,0.0,67.25680881414988,0.0,2,2,D_pure_quant_vr1.2,True
600109,600109.SH,国金证券,证券,20250929,10.37,69.15822428453549,69.15822428453549,0.0,2.19,3.0732,21908.95,1.6129032258064513,momentum,BULL_TREND,56.54654349132243,100.0,100.0,65.0,88.43360972986318,30.0,0.0,82.39520814864488,0.0,3,3,D_pure_quant_vr1.2,True
875,000875.SZ,电投绿能,火力发电,20250929,6.12,56.34701221991813,56.34701221991813,0.0,2.86,5.4403,27484.07,0.9708737864077608,momentum,BULL_TREND,75.80075735018323,100.0,100.0,100.0,47.443629353413804,66.66666666666666,0.0,66.43565284057307,0.0,1,1,E_ablate_sector_vr1.2,True
783,000783.SZ,长江证券,证券,20250929,8.42,53.76928373927716,53.76928373927716,0.0,2.6,3.1455,28111.5,1.4051522248243469,momentum,BULL_TREND,68.92558116268648,100.0,100.0,65.0,88.43360972986318,66.66666666666666,0.0,68.47113231540852,0.0,2,2,E_ablate_sector_vr1.2,True
2797,002797.SZ,第一创业,证券,20250929,7.9,51.50282904277346,51.50282904277346,0.0,2.32,3.6528,21808.42,4.242424242424238,momentum,BULL_TREND,60.706240267642364,92.54545454545458,100.0,65.0,88.43360972986318,63.33333333333333,0.0,67.25680881414988,0.0,3,3,E_ablate_sector_vr1.2,True
783,000783.SZ,长江证券,证券,20250929,8.42,51.45600568524979,51.45600568524979,0.0,2.6,3.1455,28111.5,1.4051522248243469,momentum,BULL_TREND,68.92558116268648,100.0,100.0,65.0,88.43360972986318,66.66666666666666,0.0,68.47113231540852,0.0,1,1,E_ablate_inflow_vr1.2,True
2797,002797.SZ,第一创业,证券,20250929,7.9,49.1895509887461,49.1895509887461,0.0,2.32,3.6528,21808.42,4.242424242424238,momentum,BULL_TREND,60.706240267642364,92.54545454545458,100.0,65.0,88.43360972986318,63.33333333333333,0.0,67.25680881414988,0.0,2,2,E_ablate_inflow_vr1.2,True
600109,600109.SH,国金证券,证券,20250929,10.37,49.15822428453549,49.15822428453549,0.0,2.19,3.0732,21908.95,1.6129032258064513,momentum,BULL_TREND,56.54654349132243,100.0,100.0,65.0,88.43360972986318,30.0,0.0,82.39520814864488,0.0,3,3,E_ablate_inflow_vr1.2,True
783,000783.SZ,长江证券,证券,20250929,8.42,64.60889245370895,64.60889245370895,0.0,2.6,3.1455,28111.5,1.4051522248243469,momentum,BULL_TREND,68.92558116268648,100.0,100.0,65.0,88.43360972986318,66.66666666666666,0.0,68.47113231540852,0.0,1,1,E_ablate_wyckoff_vr1.2,True
2797,002797.SZ,第一创业,证券,20250929,7.9,62.46387010733111,62.46387010733111,0.0,2.32,3.6528,21808.42,4.242424242424238,momentum,BULL_TREND,60.706240267642364,92.54545454545458,100.0,65.0,88.43360972986318,63.33333333333333,0.0,67.25680881414988,0.0,2,2,E_ablate_wyckoff_vr1.2,True
601375,601375.SH,中原证券,证券,20250929,4.61,62.08822304090605,62.08822304090605,0.0,2.28,3.0553,11246.2,4.554865424430637,momentum,BULL_TREND,59.451691219500844,90.67080745341616,100.0,65.0,88.43360972986318,63.33333333333333,0.0,47.71373143249888,0.0,3,3,E_ablate_wyckoff_vr1.2,True
783,000783.SZ,长江证券,证券,20250929,8.42,71.45600568524979,71.45600568524979,0.0,2.6,3.1455,28111.5,1.4051522248243469,momentum,BULL_TREND,68.92558116268648,100.0,100.0,65.0,88.43360972986318,66.66666666666666,0.0,68.47113231540852,0.0,1,1,E_ablate_accel_vr1.2,True
2797,002797.SZ,第一创业,证券,20250929,7.9,69.1895509887461,69.1895509887461,0.0,2.32,3.6528,21808.42,4.242424242424238,momentum,BULL_TREND,60.706240267642364,92.54545454545458,100.0,65.0,88.43360972986318,63.33333333333333,0.0,67.25680881414988,0.0,2,2,E_ablate_accel_vr1.2,True
600109,600109.SH,国金证券,证券,20250929,10.37,69.15822428453549,69.15822428453549,0.0,2.19,3.0732,21908.95,1.6129032258064513,momentum,BULL_TREND,56.54654349132243,100.0,100.0,65.0,88.43360972986318,30.0,0.0,82.39520814864488,0.0,3,3,E_ablate_accel_vr1.2,True
2895,002895.SZ,川恒股份,化工原料,20250930,29.26,76.41409543672908,67.7013262551757,8.712769181553382,2.35,3.7383,18106.76,1.381867205931918,momentum,BULL_TREND,61.63303783951375,100.0,100.0,40.0,87.12769181553381,33.33333333333333,0.0,73.64165549475207,0.0,1,1,A_recovered_proxy_vr1.5,True
605589,605589.SH,圣泉集团,化工原料,20250930,33.89,76.05017247518788,67.3374032936345,8.712769181553382,2.19,4.8761,38106.96,1.1665208515602177,momentum,BULL_TREND,56.54654349132243,100.0,100.0,65.0,87.12769181553381,33.33333333333333,0.0,65.13216740162702,0.0,2,2,A_recovered_proxy_vr1.5,True
758,000758.SZ,中色股份,铅锌,20250930,6.78,75.37628607394912,67.53778227907797,7.8385037948711505,2.53,6.361,10742.44,3.9660056657223706,momentum,BULL_TREND,66.95686924597926,94.20396600566578,100.0,65.0,78.3850379487115,66.66666666666666,0.0,58.13514368538877,0.0,3,3,A_recovered_proxy_vr1.5,True
2895,002895.SZ,川恒股份,化工原料,20250930,29.26,67.7013262551757,67.7013262551757,0.0,2.35,3.7383,18106.76,1.381867205931918,momentum,BULL_TREND,61.63303783951375,100.0,100.0,40.0,87.12769181553381,33.33333333333333,0.0,73.64165549475207,0.0,1,1,B_pure_quant_vr1.5,True
758,000758.SZ,中色股份,铅锌,20250930,6.78,67.53778227907797,67.53778227907797,0.0,2.53,6.361,10742.44,3.9660056657223706,momentum,BULL_TREND,66.95686924597926,94.20396600566578,100.0,65.0,78.3850379487115,66.66666666666666,0.0,58.13514368538877,0.0,2,2,B_pure_quant_vr1.5,True
605589,605589.SH,圣泉集团,化工原料,20250930,33.89,67.3374032936345,67.3374032936345,0.0,2.19,4.8761,38106.96,1.1665208515602177,momentum,BULL_TREND,56.54654349132243,100.0,100.0,65.0,87.12769181553381,33.33333333333333,0.0,65.13216740162702,0.0,3,3,B_pure_quant_vr1.5,True
762,000762.SZ,西藏矿业,小金属,20250930,24.43,74.03992488113683,66.35456874215306,7.68535613898376,2.27,10.0314,22153.47,2.280000000000001,momentum,BULL_TREND,59.13461487580951,100.0,100.0,80.0,76.8535613898376,20.0,0.0,71.13664232814115,0.0,1,1,A_recovered_proxy_vr1.2,True
2340,002340.SZ,格林美,小金属,20250930,8.42,68.64750101751714,60.96214487853339,7.68535613898376,1.46,8.4615,44652.26,1.750291715285885,momentum,BULL_TREND,27.298418455264624,100.0,100.0,80.0,76.8535613898376,30.0,0.0,59.96669832276174,0.0,2,2,A_recovered_proxy_vr1.2,True
600383,600383.SH,金地集团,全国地产,20250930,4.34,67.63216871335607,61.83173816060333,5.80043055275274,2.01,5.2144,37117.58,0.686498855835246,momentum,BULL_TREND,50.35977507021019,100.0,100.0,100.0,58.0043055275274,33.33333333333333,0.0,60.10244127899658,0.0,3,3,A_recovered_proxy_vr1.2,True
762,000762.SZ,西藏矿业,小金属,20250930,24.43,66.35456874215306,66.35456874215306,0.0,2.27,10.0314,22153.47,2.280000000000001,momentum,BULL_TREND,59.13461487580951,100.0,100.0,80.0,76.8535613898376,20.0,0.0,71.13664232814115,0.0,1,1,D_pure_quant_vr1.2,True
758,000758.SZ,中色股份,铅锌,20250930,6.78,61.91638780713109,61.91638780713109,0.0,2.53,6.361,10742.44,3.9660056657223706,momentum,BULL_TREND,66.95686924597926,94.20396600566578,100.0,65.0,50.27806558897704,66.66666666666666,0.0,58.13514368538877,0.0,2,2,D_pure_quant_vr1.2,True
600383,600383.SH,金地集团,全国地产,20250930,4.34,61.83173816060333,61.83173816060333,0.0,2.01,5.2144,37117.58,0.686498855835246,momentum,BULL_TREND,50.35977507021019,100.0,100.0,100.0,58.0043055275274,33.33333333333333,0.0,60.10244127899658,0.0,3,3,D_pure_quant_vr1.2,True
758,000758.SZ,中色股份,铅锌,20250930,6.78,51.86077468933568,51.86077468933568,0.0,2.53,6.361,10742.44,3.9660056657223706,momentum,BULL_TREND,66.95686924597926,94.20396600566578,100.0,65.0,50.27806558897704,66.66666666666666,0.0,58.13514368538877,0.0,1,1,E_ablate_sector_vr1.2,True
600497,600497.SH,驰宏锌锗,铅锌,20250930,6.43,51.60743573804328,51.60743573804328,0.0,2.68,5.0994,16428.59,3.308270676691739,momentum,BULL_TREND,71.11165003415239,98.15037593984955,100.0,65.0,50.27806558897704,33.33333333333333,0.0,62.08983972268793,0.0,2,2,E_ablate_sector_vr1.2,True
762,000762.SZ,西藏矿业,小金属,20250930,24.43,50.98385646418554,50.98385646418554,0.0,2.27,10.0314,22153.47,2.280000000000001,momentum,BULL_TREND,59.13461487580951,100.0,100.0,80.0,76.8535613898376,20.0,0.0,71.13664232814115,0.0,3,3,E_ablate_sector_vr1.2,True
762,000762.SZ,西藏矿业,小金属,20250930,24.43,46.227673764924106,46.227673764924106,0.0,2.27,10.0314,22153.47,2.280000000000001,momentum,BULL_TREND,59.13461487580951,100.0,100.0,80.0,76.21908650369282,20.0,0.0,71.13664232814115,0.0,1,1,E_ablate_inflow_vr1.2,True
762,000762.SZ,西藏矿业,小金属,20250930,24.43,59.24090450933895,59.24090450933895,0.0,2.27,10.0314,22153.47,2.280000000000001,momentum,BULL_TREND,59.13461487580951,100.0,100.0,80.0,76.8535613898376,20.0,0.0,71.13664232814115,0.0,1,1,E_ablate_wyckoff_vr1.2,True
758,000758.SZ,中色股份,铅锌,20250930,6.78,56.10287343859221,56.10287343859221,0.0,2.53,6.361,10742.44,3.9660056657223706,momentum,BULL_TREND,66.95686924597926,94.20396600566578,100.0,65.0,50.27806558897704,66.66666666666666,0.0,58.13514368538877,0.0,2,2,E_ablate_wyckoff_vr1.2,True
600383,600383.SH,金地集团,全国地产,20250930,4.34,55.82149403270368,55.82149403270368,0.0,2.01,5.2144,37117.58,0.686498855835246,momentum,BULL_TREND,50.35977507021019,100.0,100.0,100.0,58.0043055275274,33.33333333333333,0.0,60.10244127899658,0.0,3,3,E_ablate_wyckoff_vr1.2,True
762,000762.SZ,西藏矿业,小金属,20250930,24.43,66.35456874215306,66.35456874215306,0.0,2.27,10.0314,22153.47,2.280000000000001,momentum,BULL_TREND,59.13461487580951,100.0,100.0,80.0,76.8535613898376,20.0,0.0,71.13664232814115,0.0,1,1,E_ablate_accel_vr1.2,True
758,000758.SZ,中色股份,铅锌,20250930,6.78,61.91638780713109,61.91638780713109,0.0,2.53,6.361,10742.44,3.9660056657223706,momentum,BULL_TREND,66.95686924597926,94.20396600566578,100.0,65.0,50.27806558897704,66.66666666666666,0.0,58.13514368538877,0.0,2,2,E_ablate_accel_vr1.2,True
600383,600383.SH,金地集团,全国地产,20250930,4.34,61.83173816060333,61.83173816060333,0.0,2.01,5.2144,37117.58,0.686498855835246,momentum,BULL_TREND,50.35977507021019,100.0,100.0,100.0,58.0043055275274,33.33333333333333,0.0,60.10244127899658,0.0,3,3,E_ablate_accel_vr1.2,True
922,000922.SZ,佳电股份,电气设备,20251009,12.73,76.89697618776246,68.54660553883565,8.35037064892681,2.22,6.3763,11351.2,0.0784929356357911,momentum,BULL_TREND,57.52798382876907,100.0,100.0,80.0,83.5037064892681,33.33333333333333,0.0,75.5,0.0,1,1,A_recovered_proxy_vr1.5,True
601012,601012.SH,隆基绿能,电气设备,20251009,18.88,72.58531937695041,64.2349487280236,8.35037064892681,1.74,3.6334,77323.22,1.2035583464154915,momentum,BULL_TREND,39.95436530370018,100.0,100.0,40.0,83.5037064892681,33.33333333333333,0.0,78.74385967948282,0.0,2,2,A_recovered_proxy_vr1.5,True
670,000670.SZ,盈方微,元器件,20251009,9.24,71.17584628444493,62.93770844550741,8.238137838937519,1.55,10.5319,10010.4,2.531645569620255,momentum,BULL_TREND,31.613410774975648,100.0,100.0,100.0,82.38137838937519,20.0,0.0,57.194211513860246,0.0,3,3,A_recovered_proxy_vr1.5,True
922,000922.SZ,佳电股份,电气设备,20251009,12.73,68.54660553883565,68.54660553883565,0.0,2.22,6.3763,11351.2,0.0784929356357911,momentum,BULL_TREND,57.52798382876907,100.0,100.0,80.0,83.5037064892681,33.33333333333333,0.0,75.5,0.0,1,1,B_pure_quant_vr1.5,True
600916,600916.SH,中国黄金,服饰,20251009,8.75,68.05134344023597,68.05134344023597,0.0,4.03,5.9041,7972.56,2.7777777777777777,momentum,BULL_TREND,100.0,100.0,79.7256,100.0,42.41641260066808,86.66666666666667,0.0,92.89607586769024,0.0,2,2,B_pure_quant_vr1.5,True
410,000410.SZ,沈阳机床,机床制造,20251009,7.61,65.99147045301477,65.99147045301477,0.0,3.52,3.8038,8121.04,1.4248704663212364,momentum,BULL_TREND,90.77877144312862,100.0,81.21039999999999,80.0,51.460314241095965,53.333333333333336,0.0,91.7384522165962,0.0,3,3,B_pure_quant_vr1.5,True
922,000922.SZ,佳电股份,电气设备,20251009,12.73,75.10457097234936,67.35166872856026,7.752902243789115,2.22,6.3763,11351.2,0.0784929356357911,momentum,BULL_TREND,57.52798382876907,100.0,100.0,80.0,77.52902243789114,33.33333333333333,0.0,75.5,0.0,1,1,A_recovered_proxy_vr1.2,True
601012,601012.SH,隆基绿能,电气设备,20251009,18.88,70.79291416153731,63.0400119177482,7.752902243789115,1.74,3.6334,77323.22,1.2035583464154915,momentum,BULL_TREND,39.95436530370018,100.0,100.0,40.0,77.52902243789114,33.33333333333333,0.0,78.74385967948282,0.0,2,2,A_recovered_proxy_vr1.2,True
670,000670.SZ,盈方微,元器件,20251009,9.24,69.49350665999687,61.482815362542034,8.01069129745483,1.55,10.5319,10010.4,2.531645569620255,momentum,BULL_TREND,31.613410774975648,100.0,100.0,80.0,80.1069129745483,20.0,0.0,57.194211513860246,0.0,3,3,A_recovered_proxy_vr1.2,True
600916,600916.SH,中国黄金,服饰,20251009,8.75,67.70793230997336,67.70793230997336,0.0,4.03,5.9041,7972.56,2.7777777777777777,momentum,BULL_TREND,100.0,100.0,79.7256,100.0,40.69935694935501,86.66666666666667,0.0,92.89607586769024,0.0,1,1,D_pure_quant_vr1.2,True
922,000922.SZ,佳电股份,电气设备,20251009,12.73,67.35166872856026,67.35166872856026,0.0,2.22,6.3763,11351.2,0.0784929356357911,momentum,BULL_TREND,57.52798382876907,100.0,100.0,80.0,77.52902243789114,33.33333333333333,0.0,75.5,0.0,2,2,D_pure_quant_vr1.2,True
410,000410.SZ,沈阳机床,机床制造,20251009,7.61,65.59495180529161,65.59495180529161,0.0,3.52,3.8038,8121.04,1.4248704663212364,momentum,BULL_TREND,90.77877144312862,100.0,81.21039999999999,80.0,49.4777210024802,53.333333333333336,0.0,91.7384522165962,0.0,3,3,D_pure_quant_vr1.2,True
600916,600916.SH,中国黄金,服饰,20251009,8.75,59.568060920102354,59.568060920102354,0.0,4.03,5.9041,7972.56,2.7777777777777777,momentum,BULL_TREND,100.0,100.0,79.7256,100.0,40.69935694935501,86.66666666666667,0.0,92.89607586769024,0.0,1,1,E_ablate_sector_vr1.2,True
155,000155.SZ,川能动力,新型电力,20251009,10.92,56.73012519641141,56.73012519641141,0.0,3.05,3.4336,10018.48,0.2739726027397202,momentum,BULL_TREND,80.4404621337762,100.0,100.0,65.0,33.679967381537885,63.33333333333333,0.0,82.47389209678308,0.0,2,2,E_ablate_sector_vr1.2,True
410,000410.SZ,沈阳机床,机床制造,20251009,7.61,55.69940760479557,55.69940760479557,0.0,3.52,3.8038,8121.04,1.4248704663212364,momentum,BULL_TREND,90.77877144312862,100.0,81.21039999999999,80.0,49.4777210024802,53.333333333333336,0.0,91.7384522165962,0.0,3,3,E_ablate_sector_vr1.2,True
301120,301120.SZ,新特电气,电气设备,20251009,14.98,49.10609503935764,49.10609503935764,0.0,2.42,11.3251,4264.97,0.0667111407605055,momentum,BULL_TREND,63.75035237499349,100.0,42.6497,100.0,78.10062023237825,33.33333333333333,0.0,72.56751469966301,0.0,1,1,E_ablate_inflow_vr1.2,True
600916,600916.SH,中国黄金,服饰,20251009,8.75,47.85117797553214,47.85117797553214,0.0,4.03,5.9041,7972.56,2.7777777777777777,momentum,BULL_TREND,100.0,100.0,79.7256,65.0,29.891185277148907,86.66666666666667,0.0,92.89607586769024,0.0,2,2,E_ablate_inflow_vr1.2,True
922,000922.SZ,佳电股份,电气设备,20251009,12.73,47.46598828745768,47.46598828745768,0.0,2.22,6.3763,11351.2,0.0784929356357911,momentum,BULL_TREND,57.52798382876907,100.0,100.0,80.0,78.10062023237825,33.33333333333333,0.0,75.5,0.0,3,3,E_ablate_inflow_vr1.2,True
922,000922.SZ,佳电股份,电气设备,20251009,12.73,59.80166872856026,59.80166872856026,0.0,2.22,6.3763,11351.2,0.0784929356357911,momentum,BULL_TREND,57.52798382876907,100.0,100.0,80.0,77.52902243789114,33.33333333333333,0.0,75.5,0.0,1,1,E_ablate_wyckoff_vr1.2,True
600916,600916.SH,中国黄金,服饰,20251009,8.75,58.418324723204336,58.418324723204336,0.0,4.03,5.9041,7972.56,2.7777777777777777,momentum,BULL_TREND,100.0,100.0,79.7256,100.0,40.69935694935501,86.66666666666667,0.0,92.89607586769024,0.0,2,2,E_ablate_wyckoff_vr1.2,True
410,000410.SZ,沈阳机床,机床制造,20251009,7.61,56.421106583632,56.421106583632,0.0,3.52,3.8038,8121.04,1.4248704663212364,momentum,BULL_TREND,90.77877144312862,100.0,81.21039999999999,80.0,49.4777210024802,53.333333333333336,0.0,91.7384522165962,0.0,3,3,E_ablate_wyckoff_vr1.2,True
600916,600916.SH,中国黄金,服饰,20251009,8.75,67.70793230997336,67.70793230997336,0.0,4.03,5.9041,7972.56,2.7777777777777777,momentum,BULL_TREND,100.0,100.0,79.7256,100.0,40.69935694935501,86.66666666666667,0.0,92.89607586769024,0.0,1,1,E_ablate_accel_vr1.2,True
922,000922.SZ,佳电股份,电气设备,20251009,12.73,67.35166872856026,67.35166872856026,0.0,2.22,6.3763,11351.2,0.0784929356357911,momentum,BULL_TREND,57.52798382876907,100.0,100.0,80.0,77.52902243789114,33.33333333333333,0.0,75.5,0.0,2,2,E_ablate_accel_vr1.2,True
410,000410.SZ,沈阳机床,机床制造,20251009,7.61,65.59495180529161,65.59495180529161,0.0,3.52,3.8038,8121.04,1.4248704663212364,momentum,BULL_TREND,90.77877144312862,100.0,81.21039999999999,80.0,49.4777210024802,53.333333333333336,0.0,91.7384522165962,0.0,3,3,E_ablate_accel_vr1.2,True
533,000533.SZ,顺钠股份,电气设备,20251010,7.31,66.78435952225956,66.78435952225956,0.0,3.14,8.4941,7339.16,4.5691906005222,weak_momentum,BULL_TREND,82.53822795584512,100.0,73.3916,80.0,46.21227509212871,33.33333333333333,100.0,77.29752932264554,0.0,1,1,A_recovered_proxy_vr1.5,True
2043,002043.SZ,兔宝宝,其他建材,20251010,11.28,65.52168450171963,65.52168450171963,0.0,3.8,3.5499,6886.11,1.052631578947377,weak_momentum,BULL_TREND,96.29997092781116,41.57894736842131,68.8611,65.0,45.75353666248604,100.0,100.0,90.52791119309668,0.0,2,2,A_recovered_proxy_vr1.5,True
2112,002112.SZ,三变科技,电气设备,20251010,13.6,64.65302566396551,64.65302566396551,0.0,3.37,8.3447,5132.52,5.489923558026414,weak_momentum,BULL_TREND,87.6374295703567,100.0,51.3252,80.0,46.21227509212871,53.333333333333336,95.28000000000002,79.37578198617355,0.0,3,3,A_recovered_proxy_vr1.5,True
533,000533.SZ,顺钠股份,电气设备,20251010,7.31,66.78435952225956,66.78435952225956,0.0,3.14,8.4941,7339.16,4.5691906005222,weak_momentum,BULL_TREND,82.53822795584512,100.0,73.3916,80.0,46.21227509212871,33.33333333333333,100.0,77.29752932264554,0.0,1,1,B_pure_quant_vr1.5,True
2043,002043.SZ,兔宝宝,其他建材,20251010,11.28,65.52168450171963,65.52168450171963,0.0,3.8,3.5499,6886.11,1.052631578947377,weak_momentum,BULL_TREND,96.29997092781116,41.57894736842131,68.8611,65.0,45.75353666248604,100.0,100.0,90.52791119309668,0.0,2,2,B_pure_quant_vr1.5,True
2112,002112.SZ,三变科技,电气设备,20251010,13.6,64.65302566396551,64.65302566396551,0.0,3.37,8.3447,5132.52,5.489923558026414,weak_momentum,BULL_TREND,87.6374295703567,100.0,51.3252,80.0,46.21227509212871,53.333333333333336,95.28000000000002,79.37578198617355,0.0,3,3,B_pure_quant_vr1.5,True
533,000533.SZ,顺钠股份,电气设备,20251010,7.31,72.78886595355647,67.61432687550999,5.174539078046483,3.14,8.4941,7339.16,4.5691906005222,weak_momentum,BULL_TREND,82.53822795584512,100.0,73.3916,80.0,51.74539078046483,33.33333333333333,100.0,77.29752932264554,0.0,1,1,A_recovered_proxy_vr1.2,True
2112,002112.SZ,三变科技,电气设备,20251010,13.6,70.65753209526241,65.48299301721593,5.174539078046483,3.37,8.3447,5132.52,5.489923558026414,weak_momentum,BULL_TREND,87.6374295703567,100.0,51.3252,80.0,51.74539078046483,53.333333333333336,95.28000000000002,79.37578198617355,0.0,2,2,A_recovered_proxy_vr1.2,True
2043,002043.SZ,兔宝宝,其他建材,20251010,11.28,65.46847848691448,65.46847848691448,0.0,3.8,3.5499,6886.11,1.052631578947377,weak_momentum,BULL_TREND,96.29997092781116,41.57894736842131,68.8611,65.0,45.39882989711833,100.0,100.0,90.52791119309668,0.0,3,3,A_recovered_proxy_vr1.2,True
533,000533.SZ,顺钠股份,电气设备,20251010,7.31,67.61432687550999,67.61432687550999,0.0,3.14,8.4941,7339.16,4.5691906005222,weak_momentum,BULL_TREND,82.53822795584512,100.0,73.3916,80.0,51.74539078046483,33.33333333333333,100.0,77.29752932264554,0.0,1,1,D_pure_quant_vr1.2,True
2112,002112.SZ,三变科技,电气设备,20251010,13.6,65.48299301721593,65.48299301721593,0.0,3.37,8.3447,5132.52,5.489923558026414,weak_momentum,BULL_TREND,87.6374295703567,100.0,51.3252,80.0,51.74539078046483,53.333333333333336,95.28000000000002,79.37578198617355,0.0,2,2,D_pure_quant_vr1.2,True
2043,002043.SZ,兔宝宝,其他建材,20251010,11.28,65.46847848691448,65.46847848691448,0.0,3.8,3.5499,6886.11,1.052631578947377,weak_momentum,BULL_TREND,96.29997092781116,41.57894736842131,68.8611,65.0,45.39882989711833,100.0,100.0,90.52791119309668,0.0,3,3,D_pure_quant_vr1.2,True
533,000533.SZ,顺钠股份,电气设备,20251010,7.31,59.85251825844026,59.85251825844026,0.0,3.14,8.4941,7339.16,4.5691906005222,weak_momentum,BULL_TREND,82.53822795584512,100.0,73.3916,80.0,51.74539078046483,33.33333333333333,100.0,77.29752932264554,0.0,1,1,E_ablate_sector_vr1.2,True
2043,002043.SZ,兔宝宝,其他建材,20251010,11.28,58.65865400234672,58.65865400234672,0.0,3.8,3.5499,6886.11,1.052631578947377,weak_momentum,BULL_TREND,96.29997092781116,41.57894736842131,68.8611,65.0,45.39882989711833,100.0,100.0,90.52791119309668,0.0,2,2,E_ablate_sector_vr1.2,True
2112,002112.SZ,三变科技,电气设备,20251010,13.6,57.72118440014621,57.72118440014621,0.0,3.37,8.3447,5132.52,5.489923558026414,weak_momentum,BULL_TREND,87.6374295703567,100.0,51.3252,80.0,51.74539078046483,53.333333333333336,95.28000000000002,79.37578198617355,0.0,3,3,E_ablate_sector_vr1.2,True
601015,601015.SH,陕西黑猫,焦炭加工,20251010,3.72,56.53375657575199,56.53375657575199,0.0,3.77,3.4549,3132.87,3.3766233766233738,weak_momentum,BULL_TREND,95.728226174697,100.0,31.3287,80.0,51.00597476834808,53.333333333333336,100.0,72.3797317841904,0.0,1,1,E_ablate_inflow_vr1.2,True
600516,600516.SH,方大炭素,矿物制品,20251010,5.46,54.14067067320121,54.14067067320121,0.0,3.1,3.5772,2251.74,3.873239436619714,weak_momentum,BULL_TREND,81.61341077497565,100.0,22.5174,80.0,32.14992784582565,33.33333333333333,95.844,97.448688089429,0.0,2,2,E_ablate_inflow_vr1.2,True
2083,002083.SZ,孚日股份,纺织,20251010,5.17,53.96367657432906,53.96367657432906,0.0,3.95,7.7096,3202.09,3.3644859813084063,weak_momentum,BULL_TREND,99.09263266448704,100.0,32.020900000000005,100.0,29.72391175312447,0.0,90.934,87.2966327445822,0.0,3,3,E_ablate_inflow_vr1.2,True
533,000533.SZ,顺钠股份,电气设备,20251010,7.31,56.01969747711316,56.01969747711316,0.0,3.14,8.4941,7339.16,4.5691906005222,weak_momentum,BULL_TREND,82.53822795584512,100.0,73.3916,80.0,51.74539078046483,33.33333333333333,100.0,77.29752932264554,0.0,1,1,E_ablate_wyckoff_vr1.2,True
811,000811.SZ,冰轮环境,工程机械,20251010,14.37,54.34927260263382,54.34927260263382,0.0,1.89,5.0431,10110.74,3.362474781439139,weak_momentum,BULL_TREND,45.9193117223174,100.0,100.0,100.0,46.409172295241376,10.0,100.0,57.050625510956365,0.0,2,2,E_ablate_wyckoff_vr1.2,True
2112,002112.SZ,三变科技,电气设备,20251010,13.6,53.57662571928989,53.57662571928989,0.0,3.37,8.3447,5132.52,5.489923558026414,weak_momentum,BULL_TREND,87.6374295703567,100.0,51.3252,80.0,51.74539078046483,53.333333333333336,95.28000000000002,79.37578198617355,0.0,3,3,E_ablate_wyckoff_vr1.2,True
533,000533.SZ,顺钠股份,电气设备,20251010,7.31,67.61432687550999,67.61432687550999,0.0,3.14,8.4941,7339.16,4.5691906005222,weak_momentum,BULL_TREND,82.53822795584512,100.0,73.3916,80.0,51.74539078046483,33.33333333333333,100.0,77.29752932264554,0.0,1,1,E_ablate_accel_vr1.2,True
2112,002112.SZ,三变科技,电气设备,20251010,13.6,65.48299301721593,65.48299301721593,0.0,3.37,8.3447,5132.52,5.489923558026414,weak_momentum,BULL_TREND,87.6374295703567,100.0,51.3252,80.0,51.74539078046483,53.333333333333336,95.28000000000002,79.37578198617355,0.0,2,2,E_ablate_accel_vr1.2,True
2043,002043.SZ,兔宝宝,其他建材,20251010,11.28,65.46847848691448,65.46847848691448,0.0,3.8,3.5499,6886.11,1.052631578947377,weak_momentum,BULL_TREND,96.29997092781116,41.57894736842131,68.8611,65.0,45.39882989711833,100.0,100.0,90.52791119309668,0.0,3,3,E_ablate_accel_vr1.2,True
301297,301297.SZ,富乐德,半导体,20251013,43.97,72.93201172736106,63.69222707382085,9.23978465354021,2.06,10.709,21218.16,3.489903424056197,weak_momentum,BULL_TREND,52.132216870424685,100.0,100.0,65.0,92.39784653540212,33.33333333333333,0.0,47.30700597520112,0.0,1,1,A_recovered_proxy_vr1.5,True
2044,002044.SZ,美年健康,医疗保健,20251013,5.29,71.24566458404925,71.24566458404925,0.0,3.0,5.8973,19561.63,3.6429872495446296,weak_momentum,BULL_TREND,79.2481250360578,100.0,100.0,100.0,68.24473508830505,33.33333333333333,0.0,83.03379265818776,0.0,2,2,A_recovered_proxy_vr1.5,True
561,000561.SZ,烽火电子,通信设备,20251013,11.57,68.66087669929524,68.66087669929524,0.0,3.17,7.485,12288.29,3.3416875522138705,weak_momentum,BULL_TREND,83.22414201823413,100.0,100.0,100.0,46.28847290326209,66.66666666666666,0.0,72.67100751824982,0.0,3,3,A_recovered_proxy_vr1.5,True
2044,002044.SZ,美年健康,医疗保健,20251013,5.29,71.24566458404925,71.24566458404925,0.0,3.0,5.8973,19561.63,3.6429872495446296,weak_momentum,BULL_TREND,79.2481250360578,100.0,100.0,100.0,68.24473508830505,33.33333333333333,0.0,83.03379265818776,0.0,1,1,B_pure_quant_vr1.5,True
561,000561.SZ,烽火电子,通信设备,20251013,11.57,68.66087669929524,68.66087669929524,0.0,3.17,7.485,12288.29,3.3416875522138705,weak_momentum,BULL_TREND,83.22414201823413,100.0,100.0,100.0,46.28847290326209,66.66666666666666,0.0,72.67100751824982,0.0,2,2,B_pure_quant_vr1.5,True
301266,301266.SZ,宇邦新材,电气设备,20251013,35.82,67.35843388508874,67.35843388508874,0.0,3.3,6.0984,6927.38,5.736842105263157,weak_momentum,BULL_TREND,86.12330122355455,100.0,69.2738,100.0,50.61283782176512,66.66666666666666,0.0,93.63597129971636,0.0,3,3,B_pure_quant_vr1.5,True
301297,301297.SZ,富乐德,半导体,20251013,43.97,73.24212045917608,63.87829231290986,9.36382814626622,2.06,10.709,21218.16,3.489903424056197,weak_momentum,BULL_TREND,52.132216870424685,100.0,100.0,65.0,93.63828146266218,33.33333333333333,0.0,47.30700597520112,0.0,1,1,A_recovered_proxy_vr1.2,True
2044,002044.SZ,美年健康,医疗保健,20251013,5.29,67.66334154620931,67.66334154620931,0.0,3.0,5.8973,19561.63,3.6429872495446296,weak_momentum,BULL_TREND,79.2481250360578,100.0,100.0,65.0,56.02924816937204,33.33333333333333,0.0,83.03379265818776,0.0,2,2,A_recovered_proxy_vr1.2,True
301266,301266.SZ,宇邦新材,电气设备,20251013,35.82,65.76046063880317,65.76046063880317,0.0,3.3,6.0984,6927.38,5.736842105263157,weak_momentum,BULL_TREND,86.12330122355455,100.0,69.2738,65.0,51.62634951319468,66.66666666666666,0.0,93.63597129971636,0.0,3,3,A_recovered_proxy_vr1.2,True
2044,002044.SZ,美年健康,医疗保健,20251013,5.29,67.66334154620931,67.66334154620931,0.0,3.0,5.8973,19561.63,3.6429872495446296,weak_momentum,BULL_TREND,79.2481250360578,100.0,100.0,65.0,56.02924816937204,33.33333333333333,0.0,83.03379265818776,0.0,1,1,D_pure_quant_vr1.2,True
301266,301266.SZ,宇邦新材,电气设备,20251013,35.82,65.76046063880317,65.76046063880317,0.0,3.3,6.0984,6927.38,5.736842105263157,weak_momentum,BULL_TREND,86.12330122355455,100.0,69.2738,65.0,51.62634951319468,66.66666666666666,0.0,93.63597129971636,0.0,2,2,D_pure_quant_vr1.2,True
561,000561.SZ,烽火电子,通信设备,20251013,11.57,65.75750485035417,65.75750485035417,0.0,3.17,7.485,12288.29,3.3416875522138705,weak_momentum,BULL_TREND,83.22414201823413,100.0,100.0,65.0,38.59932724365498,66.66666666666666,0.0,72.67100751824982,0.0,3,3,D_pure_quant_vr1.2,True
561,000561.SZ,烽火电子,通信设备,20251013,11.57,59.96760576380593,59.96760576380593,0.0,3.17,7.485,12288.29,3.3416875522138705,weak_momentum,BULL_TREND,83.22414201823413,100.0,100.0,65.0,38.59932724365498,66.66666666666666,0.0,72.67100751824982,0.0,1,1,E_ablate_sector_vr1.2,True
2044,002044.SZ,美年健康,医疗保健,20251013,5.29,59.258954320803504,59.258954320803504,0.0,3.0,5.8973,19561.63,3.6429872495446296,weak_momentum,BULL_TREND,79.2481250360578,100.0,100.0,65.0,56.02924816937204,33.33333333333333,0.0,83.03379265818776,0.0,2,2,E_ablate_sector_vr1.2,True
301266,301266.SZ,宇邦新材,电气设备,20251013,35.82,58.01650821182397,58.01650821182397,0.0,3.3,6.0984,6927.38,5.736842105263157,weak_momentum,BULL_TREND,86.12330122355455,100.0,69.2738,65.0,51.62634951319468,66.66666666666666,0.0,93.63597129971636,0.0,3,3,E_ablate_sector_vr1.2,True
600215,600215.SH,派斯林,专用机械,20251013,7.99,50.58994462744504,50.58994462744504,0.0,3.99,10.3876,-1718.64,3.502415458937188,weak_momentum,BULL_TREND,99.81943732238103,100.0,0.0,80.0,51.17640565273671,20.0,0.0,72.93712120784917,0.0,1,1,E_ablate_inflow_vr1.2,True
58,000058.SZ,深赛格,商品城,20251013,11.29,50.303610338158585,50.303610338158585,0.0,3.83,8.5166,4731.59,3.5042735042735056,weak_momentum,BULL_TREND,96.86721960751164,100.0,47.3159,60.0,52.38634025260349,33.33333333333333,0.0,74.99273128316435,0.0,2,2,E_ablate_inflow_vr1.2,True
2044,002044.SZ,美年健康,医疗保健,20251013,5.29,49.64920062575707,49.64920062575707,0.0,3.0,5.8973,19561.63,3.6429872495446296,weak_momentum,BULL_TREND,79.2481250360578,100.0,100.0,65.0,55.934975366357136,33.33333333333333,0.0,83.03379265818776,0.0,3,3,E_ablate_inflow_vr1.2,True
301297,301297.SZ,富乐德,半导体,20251013,43.97,56.782241416629695,56.782241416629695,0.0,2.06,10.709,21218.16,3.489903424056197,weak_momentum,BULL_TREND,52.132216870424685,100.0,100.0,65.0,93.63828146266218,33.33333333333333,0.0,47.30700597520112,0.0,1,1,E_ablate_wyckoff_vr1.2,True
2044,002044.SZ,美年健康,医疗保健,20251013,5.29,55.208272647481145,55.208272647481145,0.0,3.0,5.8973,19561.63,3.6429872495446296,weak_momentum,BULL_TREND,79.2481250360578,100.0,100.0,65.0,56.02924816937204,33.33333333333333,0.0,83.03379265818776,0.0,2,2,E_ablate_wyckoff_vr1.2,True
561,000561.SZ,烽火电子,通信设备,20251013,11.57,54.8568537226167,54.8568537226167,0.0,3.17,7.485,12288.29,3.3416875522138705,weak_momentum,BULL_TREND,83.22414201823413,100.0,100.0,65.0,38.59932724365498,66.66666666666666,0.0,72.67100751824982,0.0,3,3,E_ablate_wyckoff_vr1.2,True
2044,002044.SZ,美年健康,医疗保健,20251013,5.29,67.66334154620931,67.66334154620931,0.0,3.0,5.8973,19561.63,3.6429872495446296,weak_momentum,BULL_TREND,79.2481250360578,100.0,100.0,65.0,56.02924816937204,33.33333333333333,0.0,83.03379265818776,0.0,1,1,E_ablate_accel_vr1.2,True
301266,301266.SZ,宇邦新材,电气设备,20251013,35.82,65.76046063880317,65.76046063880317,0.0,3.3,6.0984,6927.38,5.736842105263157,weak_momentum,BULL_TREND,86.12330122355455,100.0,69.2738,65.0,51.62634951319468,66.66666666666666,0.0,93.63597129971636,0.0,2,2,E_ablate_accel_vr1.2,True
561,000561.SZ,烽火电子,通信设备,20251013,11.57,65.75750485035417,65.75750485035417,0.0,3.17,7.485,12288.29,3.3416875522138705,weak_momentum,BULL_TREND,83.22414201823413,100.0,100.0,65.0,38.59932724365498,66.66666666666666,0.0,72.67100751824982,0.0,3,3,E_ablate_accel_vr1.2,True
620,000620.SZ,盈新发展,全国地产,20251014,1.72,75.19143037905825,68.61409719549464,6.577333183563605,2.49,4.5881,11374.26,12.690355329949238,sideways,BULL_TREND,65.80728711466783,100.0,100.0,80.0,65.77333183563604,53.333333333333336,100.0,25.03189656879703,0.0,1,1,A_recovered_proxy_vr1.5,True
2181,002181.SZ,粤传媒,出版业,20251014,8.18,62.66094040119312,56.19479801224405,6.46614238894907,2.14,7.5864,11610.95,22.390891840607207,sideways,BULL_TREND,54.88053983132112,38.04554079696396,100.0,100.0,64.66142388949069,43.333333333333336,100.0,51.543166866092186,0.0,2,2,A_recovered_proxy_vr1.5,True
301221,301221.SZ,光庭信息,软件服务,20251014,55.32,60.69819172155584,60.69819172155584,0.0,2.74,10.1589,6100.95,6.189587926064098,sideways,BULL_TREND,72.7087946592901,69.82646543440163,61.0095,60.0,54.54191941012056,53.333333333333336,100.0,61.42783268965759,0.0,3,3,A_recovered_proxy_vr1.5,True
620,000620.SZ,盈新发展,全国地产,20251014,1.72,68.61409719549464,68.61409719549464,0.0,2.49,4.5881,11374.26,12.690355329949238,sideways,BULL_TREND,65.80728711466783,100.0,100.0,80.0,65.77333183563604,53.333333333333336,100.0,25.03189656879703,0.0,1,1,B_pure_quant_vr1.5,True
301221,301221.SZ,光庭信息,软件服务,20251014,55.32,60.69819172155584,60.69819172155584,0.0,2.74,10.1589,6100.95,6.189587926064098,sideways,BULL_TREND,72.7087946592901,69.82646543440163,61.0095,60.0,54.54191941012056,53.333333333333336,100.0,61.42783268965759,0.0,2,2,B_pure_quant_vr1.5,True
2181,002181.SZ,粤传媒,出版业,20251014,8.18,56.19479801224405,56.19479801224405,0.0,2.14,7.5864,11610.95,22.390891840607207,sideways,BULL_TREND,54.88053983132112,38.04554079696396,100.0,100.0,64.66142388949069,43.333333333333336,100.0,51.543166866092186,0.0,3,3,B_pure_quant_vr1.5,True
620,000620.SZ,盈新发展,全国地产,20251014,1.72,65.52218894824624,65.52218894824624,0.0,2.49,4.5881,11374.26,12.690355329949238,sideways,BULL_TREND,65.80728711466783,100.0,100.0,80.0,45.16061018731341,53.333333333333336,100.0,25.03189656879703,0.0,1,1,A_recovered_proxy_vr1.2,True
2181,002181.SZ,粤传媒,出版业,20251014,8.18,63.02097525154163,56.41081892245315,6.610156329088472,2.14,7.5864,11610.95,22.390891840607207,sideways,BULL_TREND,54.88053983132112,38.04554079696396,100.0,100.0,66.10156329088471,43.333333333333336,100.0,51.543166866092186,0.0,2,2,A_recovered_proxy_vr1.2,True
301221,301221.SZ,光庭信息,软件服务,20251014,55.32,60.903187015704034,60.903187015704034,0.0,2.74,10.1589,6100.95,6.189587926064098,sideways,BULL_TREND,72.7087946592901,69.82646543440163,61.0095,60.0,55.90855470444184,53.333333333333336,100.0,61.42783268965759,0.0,3,3,A_recovered_proxy_vr1.2,True
620,000620.SZ,盈新发展,全国地产,20251014,1.72,65.52218894824624,65.52218894824624,0.0,2.49,4.5881,11374.26,12.690355329949238,sideways,BULL_TREND,65.80728711466783,100.0,100.0,80.0,45.16061018731341,53.333333333333336,100.0,25.03189656879703,0.0,1,1,D_pure_quant_vr1.2,True
301221,301221.SZ,光庭信息,软件服务,20251014,55.32,60.903187015704034,60.903187015704034,0.0,2.74,10.1589,6100.95,6.189587926064098,sideways,BULL_TREND,72.7087946592901,69.82646543440163,61.0095,60.0,55.90855470444184,53.333333333333336,100.0,61.42783268965759,0.0,2,2,D_pure_quant_vr1.2,True
2181,002181.SZ,粤传媒,出版业,20251014,8.18,56.41081892245315,56.41081892245315,0.0,2.14,7.5864,11610.95,22.390891840607207,sideways,BULL_TREND,54.88053983132112,38.04554079696396,100.0,100.0,66.10156329088471,43.333333333333336,100.0,51.543166866092186,0.0,3,3,D_pure_quant_vr1.2,True
620,000620.SZ,盈新发展,全国地产,20251014,1.72,58.74809742014924,58.74809742014924,0.0,2.49,4.5881,11374.26,12.690355329949238,sideways,BULL_TREND,65.80728711466783,100.0,100.0,80.0,45.16061018731341,53.333333333333336,100.0,25.03189656879703,0.0,1,1,E_ablate_sector_vr1.2,True
301221,301221.SZ,光庭信息,软件服务,20251014,55.32,52.51690381003776,52.51690381003776,0.0,2.74,10.1589,6100.95,6.189587926064098,sideways,BULL_TREND,72.7087946592901,69.82646543440163,61.0095,60.0,55.90855470444184,53.333333333333336,100.0,61.42783268965759,0.0,2,2,E_ablate_sector_vr1.2,True
2423,002423.SZ,中粮资本,多元金融,20251014,13.65,50.986902718678,50.986902718678,0.0,1.77,3.822,6957.39,8.327736736064475,sideways,BULL_TREND,41.18746801541364,100.0,69.57390000000001,80.0,29.508910453285672,33.33333333333333,71.91799999999999,46.27154240516947,0.0,3,3,E_ablate_sector_vr1.2,True
301221,301221.SZ,光庭信息,软件服务,20251014,55.32,53.655371251339886,53.655371251339886,0.0,2.74,10.1589,6100.95,6.189587926064098,sideways,BULL_TREND,72.7087946592901,69.82646543440163,61.0095,60.0,56.39738294201419,53.333333333333336,100.0,61.42783268965759,0.0,1,1,E_ablate_inflow_vr1.2,True
2828,002828.SZ,贝肯能源,石油开采,20251014,10.66,51.393209736610885,51.393209736610885,0.0,1.62,10.7616,2726.48,8.103448275862064,sideways,BULL_TREND,34.799690655495006,100.0,27.2648,60.0,50.54295717777326,53.333333333333336,68.01,72.07389624224439,0.0,2,2,E_ablate_inflow_vr1.2,True
620,000620.SZ,盈新发展,全国地产,20251014,1.72,51.11226628558459,51.11226628558459,0.0,2.49,4.5881,11374.26,12.690355329949238,sideways,BULL_TREND,65.80728711466783,100.0,100.0,65.0,33.09445910290238,53.333333333333336,100.0,25.03189656879703,0.0,3,3,E_ablate_inflow_vr1.2,True
620,000620.SZ,盈新发展,全国地产,20251014,1.72,62.5183613599906,62.5183613599906,0.0,2.49,4.5881,11374.26,12.690355329949238,sideways,BULL_TREND,65.80728711466783,100.0,100.0,80.0,45.16061018731341,53.333333333333336,100.0,25.03189656879703,0.0,1,1,E_ablate_wyckoff_vr1.2,True
301221,301221.SZ,光庭信息,软件服务,20251014,55.32,53.53184709294512,53.53184709294512,0.0,2.74,10.1589,6100.95,6.189587926064098,sideways,BULL_TREND,72.7087946592901,69.82646543440163,61.0095,60.0,55.90855470444184,53.333333333333336,100.0,61.42783268965759,0.0,2,2,E_ablate_wyckoff_vr1.2,True
2181,002181.SZ,粤传媒,出版业,20251014,8.18,50.22563889852209,50.22563889852209,0.0,2.14,7.5864,11610.95,22.390891840607207,sideways,BULL_TREND,54.88053983132112,38.04554079696396,100.0,100.0,66.10156329088471,43.333333333333336,100.0,51.543166866092186,0.0,3,3,E_ablate_wyckoff_vr1.2,True
620,000620.SZ,盈新发展,全国地产,20251014,1.72,65.52218894824624,65.52218894824624,0.0,2.49,4.5881,11374.26,12.690355329949238,sideways,BULL_TREND,65.80728711466783,100.0,100.0,80.0,45.16061018731341,53.333333333333336,100.0,25.03189656879703,0.0,1,1,E_ablate_accel_vr1.2,True
301221,301221.SZ,光庭信息,软件服务,20251014,55.32,60.903187015704034,60.903187015704034,0.0,2.74,10.1589,6100.95,6.189587926064098,sideways,BULL_TREND,72.7087946592901,69.82646543440163,61.0095,60.0,55.90855470444184,53.333333333333336,100.0,61.42783268965759,0.0,2,2,E_ablate_accel_vr1.2,True
2181,002181.SZ,粤传媒,出版业,20251014,8.18,56.41081892245315,56.41081892245315,0.0,2.14,7.5864,11610.95,22.390891840607207,sideways,BULL_TREND,54.88053983132112,38.04554079696396,100.0,100.0,66.10156329088471,43.333333333333336,100.0,51.543166866092186,0.0,3,3,E_ablate_accel_vr1.2,True
600210,600210.SH,紫江企业,广告包装,20251015,7.58,66.80522664561776,66.80522664561776,0.0,2.93,6.3747,7763.5,3.929024081115331,weak_momentum,BULL_TREND,77.54503323237616,100.0,77.635,100.0,53.15352019536512,53.333333333333336,0.0,90.39651309859936,0.0,1,1,A_recovered_proxy_vr1.5,True
301078,301078.SZ,孩子王,其他商业,20251015,11.3,64.96756903437797,64.96756903437797,0.0,2.71,5.6228,8865.54,4.80202190395955,weak_momentum,BULL_TREND,71.91464257895734,100.0,88.65540000000001,100.0,50.02622859780936,63.33333333333333,0.0,70.34533127464202,0.0,2,2,A_recovered_proxy_vr1.5,True
564,000564.SZ,供销大集,百货,20251015,2.7,61.02808552258352,54.639300564318255,6.388784958265269,2.07,6.0912,43865.22,14.556962025316452,weak_momentum,BULL_TREND,52.48153838623002,78.69198312236288,100.0,100.0,63.88784958265269,33.33333333333333,0.0,20.494584850904225,0.0,3,3,A_recovered_proxy_vr1.5,True
600210,600210.SH,紫江企业,广告包装,20251015,7.58,66.80522664561776,66.80522664561776,0.0,2.93,6.3747,7763.5,3.929024081115331,weak_momentum,BULL_TREND,77.54503323237616,100.0,77.635,100.0,53.15352019536512,53.333333333333336,0.0,90.39651309859936,0.0,1,1,B_pure_quant_vr1.5,True
301078,301078.SZ,孩子王,其他商业,20251015,11.3,64.96756903437797,64.96756903437797,0.0,2.71,5.6228,8865.54,4.80202190395955,weak_momentum,BULL_TREND,71.91464257895734,100.0,88.65540000000001,100.0,50.02622859780936,63.33333333333333,0.0,70.34533127464202,0.0,2,2,B_pure_quant_vr1.5,True
1338,001338.SZ,永顺泰,啤酒,20251015,11.98,60.66213074046499,60.66213074046499,0.0,6.83,11.4099,3590.26,4.31309904153354,weak_momentum,BULL_TREND,100.0,100.0,35.9026,60.0,47.87539673617747,66.66666666666666,0.0,91.2334659780336,0.0,3,3,B_pure_quant_vr1.5,True
301078,301078.SZ,孩子王,其他商业,20251015,11.3,65.23883310729484,65.23883310729484,0.0,2.71,5.6228,8865.54,4.80202190395955,weak_momentum,BULL_TREND,71.91464257895734,100.0,88.65540000000001,100.0,51.83465575058843,63.33333333333333,0.0,70.34533127464202,0.0,1,1,A_recovered_proxy_vr1.2,True
600210,600210.SH,紫江企业,广告包装,20251015,7.58,64.9395664798276,64.9395664798276,0.0,2.93,6.3747,7763.5,3.929024081115331,weak_momentum,BULL_TREND,77.54503323237616,100.0,77.635,100.0,40.71578575676408,53.333333333333336,0.0,90.39651309859936,0.0,2,2,A_recovered_proxy_vr1.2,True
1338,001338.SZ,永顺泰,啤酒,20251015,11.98,60.966466650514825,60.966466650514825,0.0,6.83,11.4099,3590.26,4.31309904153354,weak_momentum,BULL_TREND,100.0,100.0,35.9026,60.0,49.90430280317637,66.66666666666666,0.0,91.2334659780336,0.0,3,3,A_recovered_proxy_vr1.2,True
301078,301078.SZ,孩子王,其他商业,20251015,11.3,65.23883310729484,65.23883310729484,0.0,2.71,5.6228,8865.54,4.80202190395955,weak_momentum,BULL_TREND,71.91464257895734,100.0,88.65540000000001,100.0,51.83465575058843,63.33333333333333,0.0,70.34533127464202,0.0,1,1,D_pure_quant_vr1.2,True
600210,600210.SH,紫江企业,广告包装,20251015,7.58,64.9395664798276,64.9395664798276,0.0,2.93,6.3747,7763.5,3.929024081115331,weak_momentum,BULL_TREND,77.54503323237616,100.0,77.635,100.0,40.71578575676408,53.333333333333336,0.0,90.39651309859936,0.0,2,2,D_pure_quant_vr1.2,True
1338,001338.SZ,永顺泰,啤酒,20251015,11.98,60.966466650514825,60.966466650514825,0.0,6.83,11.4099,3590.26,4.31309904153354,weak_momentum,BULL_TREND,100.0,100.0,35.9026,60.0,49.90430280317637,66.66666666666666,0.0,91.2334659780336,0.0,3,3,D_pure_quant_vr1.2,True
600210,600210.SH,紫江企业,广告包装,20251015,7.58,58.83219861631299,58.83219861631299,0.0,2.93,6.3747,7763.5,3.929024081115331,weak_momentum,BULL_TREND,77.54503323237616,100.0,77.635,100.0,40.71578575676408,53.333333333333336,0.0,90.39651309859936,0.0,1,1,E_ablate_sector_vr1.2,True
301078,301078.SZ,孩子王,其他商业,20251015,11.3,57.463634744706575,57.463634744706575,0.0,2.71,5.6228,8865.54,4.80202190395955,weak_momentum,BULL_TREND,71.91464257895734,100.0,88.65540000000001,100.0,51.83465575058843,63.33333333333333,0.0,70.34533127464202,0.0,2,2,E_ablate_sector_vr1.2,True
1338,001338.SZ,永顺泰,啤酒,20251015,11.98,53.48082123003837,53.48082123003837,0.0,6.83,11.4099,3590.26,4.31309904153354,weak_momentum,BULL_TREND,100.0,100.0,35.9026,60.0,49.90430280317637,66.66666666666666,0.0,91.2334659780336,0.0,3,3,E_ablate_sector_vr1.2,True
1338,001338.SZ,永顺泰,啤酒,20251015,11.98,54.69536468061726,54.69536468061726,0.0,6.83,11.4099,3590.26,4.31309904153354,weak_momentum,BULL_TREND,100.0,100.0,35.9026,60.0,51.18007633719262,66.66666666666666,0.0,91.2334659780336,0.0,1,1,E_ablate_inflow_vr1.2,True
600210,600210.SH,紫江企业,广告包装,20251015,7.58,51.123875189288896,51.123875189288896,0.0,2.93,6.3747,7763.5,3.929024081115331,weak_momentum,BULL_TREND,77.54503323237616,100.0,77.635,100.0,41.773177153172654,53.333333333333336,0.0,90.39651309859936,0.0,2,2,E_ablate_inflow_vr1.2,True
3029,003029.SZ,吉大正元,软件服务,20251015,25.48,49.33895619906952,49.33895619906952,0.0,3.39,8.5749,5164.25,5.559673832468495,weak_momentum,BULL_TREND,88.06426366808097,100.0,51.6425,100.0,51.96360278158989,33.33333333333333,0.0,64.45406376634811,0.0,3,3,E_ablate_inflow_vr1.2,True
301078,301078.SZ,孩子王,其他商业,20251015,11.3,54.68703341609854,54.68703341609854,0.0,2.71,5.6228,8865.54,4.80202190395955,weak_momentum,BULL_TREND,71.91464257895734,100.0,88.65540000000001,100.0,51.83465575058843,63.33333333333333,0.0,70.34533127464202,0.0,1,1,E_ablate_wyckoff_vr1.2,True
600210,600210.SH,紫江企业,广告包装,20251015,7.58,51.3800895150377,51.3800895150377,0.0,2.93,6.3747,7763.5,3.929024081115331,weak_momentum,BULL_TREND,77.54503323237616,100.0,77.635,100.0,40.71578575676408,53.333333333333336,0.0,90.39651309859936,0.0,2,2,E_ablate_wyckoff_vr1.2,True
564,000564.SZ,供销大集,百货,20251015,2.7,48.80680019021955,48.80680019021955,0.0,2.07,6.0912,43865.22,14.556962025316452,weak_momentum,BULL_TREND,52.48153838623002,78.69198312236288,100.0,65.0,57.165765272898895,33.33333333333333,0.0,20.494584850904225,0.0,3,3,E_ablate_wyckoff_vr1.2,True
301078,301078.SZ,孩子王,其他商业,20251015,11.3,65.23883310729484,65.23883310729484,0.0,2.71,5.6228,8865.54,4.80202190395955,weak_momentum,BULL_TREND,71.91464257895734,100.0,88.65540000000001,100.0,51.83465575058843,63.33333333333333,0.0,70.34533127464202,0.0,1,1,E_ablate_accel_vr1.2,True
600210,600210.SH,紫江企业,广告包装,20251015,7.58,64.9395664798276,64.9395664798276,0.0,2.93,6.3747,7763.5,3.929024081115331,weak_momentum,BULL_TREND,77.54503323237616,100.0,77.635,100.0,40.71578575676408,53.333333333333336,0.0,90.39651309859936,0.0,2,2,E_ablate_accel_vr1.2,True
1338,001338.SZ,永顺泰,啤酒,20251015,11.98,60.966466650514825,60.966466650514825,0.0,6.83,11.4099,3590.26,4.31309904153354,weak_momentum,BULL_TREND,100.0,100.0,35.9026,60.0,49.90430280317637,66.66666666666666,0.0,91.2334659780336,0.0,3,3,E_ablate_accel_vr1.2,True
600733,600733.SH,北汽蓝谷,汽车整车,20251016,8.04,73.42770089050045,65.35808323800318,8.069617652497277,1.81,4.3954,16217.24,11.45374449339208,sideways,BULL_TREND,42.799484865424034,100.0,100.0,80.0,80.69617652497277,33.33333333333333,0.0,49.7591951849775,0.0,1,1,A_recovered_proxy_vr1.5,True
2010,002010.SZ,传化智联,仓储物流,20251016,6.65,60.26434287626783,60.26434287626783,0.0,2.9,4.9983,12985.43,4.864091559370527,sideways,BULL_TREND,76.80264501201049,48.64091559370527,100.0,80.0,53.36180146548625,66.66666666666666,0.0,67.74296658211742,0.0,2,2,A_recovered_proxy_vr1.5,True
3010,003010.SZ,若羽臣,互联网,20251016,48.12,52.276484188196086,52.276484188196086,0.0,1.89,9.0461,8347.17,18.41302136317396,sideways,BULL_TREND,45.9193117223174,65.86978636826043,83.4717,60.0,46.259963675464085,10.0,0.0,67.72736714124459,0.0,3,3,A_recovered_proxy_vr1.5,True
600733,600733.SH,北汽蓝谷,汽车整车,20251016,8.04,65.35808323800318,65.35808323800318,0.0,1.81,4.3954,16217.24,11.45374449339208,sideways,BULL_TREND,42.799484865424034,100.0,100.0,80.0,80.69617652497277,33.33333333333333,0.0,49.7591951849775,0.0,1,1,B_pure_quant_vr1.5,True
2010,002010.SZ,传化智联,仓储物流,20251016,6.65,60.26434287626783,60.26434287626783,0.0,2.9,4.9983,12985.43,4.864091559370527,sideways,BULL_TREND,76.80264501201049,48.64091559370527,100.0,80.0,53.36180146548625,66.66666666666666,0.0,67.74296658211742,0.0,2,2,B_pure_quant_vr1.5,True
3010,003010.SZ,若羽臣,互联网,20251016,48.12,52.276484188196086,52.276484188196086,0.0,1.89,9.0461,8347.17,18.41302136317396,sideways,BULL_TREND,45.9193117223174,65.86978636826043,83.4717,60.0,46.259963675464085,10.0,0.0,67.72736714124459,0.0,3,3,B_pure_quant_vr1.5,True
600733,600733.SH,北汽蓝谷,汽车整车,20251016,8.04,73.42770089050045,65.35808323800318,8.069617652497277,1.81,4.3954,16217.24,11.45374449339208,sideways,BULL_TREND,42.799484865424034,100.0,100.0,80.0,80.69617652497277,33.33333333333333,0.0,49.7591951849775,0.0,1,1,A_recovered_proxy_vr1.2,True
2010,002010.SZ,传化智联,仓储物流,20251016,6.65,60.26434287626783,60.26434287626783,0.0,2.9,4.9983,12985.43,4.864091559370527,sideways,BULL_TREND,76.80264501201049,48.64091559370527,100.0,80.0,53.36180146548625,66.66666666666666,0.0,67.74296658211742,0.0,2,2,A_recovered_proxy_vr1.2,True
2851,002851.SZ,麦格米特,电气设备,20251016,76.8,53.63534490461858,53.63534490461858,0.0,1.47,6.676,29568.68,14.562242741128047,sideways,BULL_TREND,27.790807753081985,100.0,100.0,65.0,39.856192783875485,43.333333333333336,0.0,33.96893012243799,0.0,3,3,A_recovered_proxy_vr1.2,True
600733,600733.SH,北汽蓝谷,汽车整车,20251016,8.04,65.35808323800318,65.35808323800318,0.0,1.81,4.3954,16217.24,11.45374449339208,sideways,BULL_TREND,42.799484865424034,100.0,100.0,80.0,80.69617652497277,33.33333333333333,0.0,49.7591951849775,0.0,1,1,D_pure_quant_vr1.2,True
2010,002010.SZ,传化智联,仓储物流,20251016,6.65,60.26434287626783,60.26434287626783,0.0,2.9,4.9983,12985.43,4.864091559370527,sideways,BULL_TREND,76.80264501201049,48.64091559370527,100.0,80.0,53.36180146548625,66.66666666666666,0.0,67.74296658211742,0.0,2,2,D_pure_quant_vr1.2,True
2851,002851.SZ,麦格米特,电气设备,20251016,76.8,53.63534490461858,53.63534490461858,0.0,1.47,6.676,29568.68,14.562242741128047,sideways,BULL_TREND,27.790807753081985,100.0,100.0,65.0,39.856192783875485,43.333333333333336,0.0,33.96893012243799,0.0,3,3,D_pure_quant_vr1.2,True
600733,600733.SH,北汽蓝谷,汽车整车,20251016,8.04,53.25365675925725,53.25365675925725,0.0,1.81,4.3954,16217.24,11.45374449339208,sideways,BULL_TREND,42.799484865424034,100.0,100.0,80.0,80.69617652497277,33.33333333333333,0.0,49.7591951849775,0.0,1,1,E_ablate_sector_vr1.2,True
2010,002010.SZ,传化智联,仓储物流,20251016,6.65,52.26007265644489,52.26007265644489,0.0,2.9,4.9983,12985.43,4.864091559370527,sideways,BULL_TREND,76.80264501201049,48.64091559370527,100.0,80.0,53.36180146548625,66.66666666666666,0.0,67.74296658211742,0.0,2,2,E_ablate_sector_vr1.2,True
2851,002851.SZ,麦格米特,电气设备,20251016,76.8,47.65691598703727,47.65691598703727,0.0,1.47,6.676,29568.68,14.562242741128047,sideways,BULL_TREND,27.790807753081985,100.0,100.0,65.0,39.856192783875485,43.333333333333336,0.0,33.96893012243799,0.0,3,3,E_ablate_sector_vr1.2,True
600733,600733.SH,北汽蓝谷,汽车整车,20251016,8.04,53.35808323800317,53.35808323800317,0.0,1.81,4.3954,16217.24,11.45374449339208,sideways,BULL_TREND,42.799484865424034,100.0,100.0,80.0,80.69617652497277,33.33333333333333,0.0,49.7591951849775,0.0,1,1,E_ablate_inflow_vr1.2,True
2010,002010.SZ,传化智联,仓储物流,20251016,6.65,48.26434287626783,48.26434287626783,0.0,2.9,4.9983,12985.43,4.864091559370527,sideways,BULL_TREND,76.80264501201049,48.64091559370527,100.0,80.0,53.36180146548625,66.66666666666666,0.0,67.74296658211742,0.0,2,2,E_ablate_inflow_vr1.2,True
600733,600733.SH,北汽蓝谷,汽车整车,20251016,8.04,59.38697981580587,59.38697981580587,0.0,1.81,4.3954,16217.24,11.45374449339208,sideways,BULL_TREND,42.799484865424034,100.0,100.0,80.0,80.69617652497277,33.33333333333333,0.0,49.7591951849775,0.0,1,1,E_ablate_wyckoff_vr1.2,True
2010,002010.SZ,传化智联,仓储物流,20251016,6.65,52.13518688641373,52.13518688641373,0.0,2.9,4.9983,12985.43,4.864091559370527,sideways,BULL_TREND,76.80264501201049,48.64091559370527,100.0,80.0,53.36180146548625,66.66666666666666,0.0,67.74296658211742,0.0,2,2,E_ablate_wyckoff_vr1.2,True
2851,002851.SZ,麦格米特,电气设备,20251016,76.8,49.559073289926026,49.559073289926026,0.0,1.47,6.676,29568.68,14.562242741128047,sideways,BULL_TREND,27.790807753081985,100.0,100.0,65.0,39.856192783875485,43.333333333333336,0.0,33.96893012243799,0.0,3,3,E_ablate_wyckoff_vr1.2,True
600733,600733.SH,北汽蓝谷,汽车整车,20251016,8.04,65.35808323800318,65.35808323800318,0.0,1.81,4.3954,16217.24,11.45374449339208,sideways,BULL_TREND,42.799484865424034,100.0,100.0,80.0,80.69617652497277,33.33333333333333,0.0,49.7591951849775,0.0,1,1,E_ablate_accel_vr1.2,True
2010,002010.SZ,传化智联,仓储物流,20251016,6.65,60.26434287626783,60.26434287626783,0.0,2.9,4.9983,12985.43,4.864091559370527,sideways,BULL_TREND,76.80264501201049,48.64091559370527,100.0,80.0,53.36180146548625,66.66666666666666,0.0,67.74296658211742,0.0,2,2,E_ablate_accel_vr1.2,True
2851,002851.SZ,麦格米特,电气设备,20251016,76.8,53.63534490461858,53.63534490461858,0.0,1.47,6.676,29568.68,14.562242741128047,sideways,BULL_TREND,27.790807753081985,100.0,100.0,65.0,39.856192783875485,43.333333333333336,0.0,33.96893012243799,0.0,3,3,E_ablate_accel_vr1.2,True
600897,600897.SH,厦门空港,机场,20251017,15.33,59.25695698784239,53.74928926057181,5.5076677272705705,7.41,3.3601,3423.37,0.0651890482398943,bear,BULL_TREND,100.0,0.6518904823989431,34.2337,80.0,55.0766772727057,100.0,100.0,91.96939802948496,0.0,1,1,A_recovered_proxy_vr1.5,True
600666,600666.SH,奥瑞德,元器件,20251017,3.45,58.29879707971769,58.29879707971769,0.0,1.65,4.7545,7633.59,8.73015873015872,bear,BULL_TREND,36.12330122355455,100.0,76.3359,80.0,47.8819697037182,10.0,100.0,46.74222795814965,0.0,2,2,A_recovered_proxy_vr1.5,True
600815,600815.SH,厦工股份,工程机械,20251017,2.84,57.23737178919425,57.23737178919425,0.0,3.56,4.2646,2565.69,4.697986577181212,bear,BULL_TREND,91.59386205958366,46.97986577181212,25.6569,80.0,40.833252428705016,33.33333333333333,100.0,89.005576127623,0.0,3,3,A_recovered_proxy_vr1.5,True
600666,600666.SH,奥瑞德,元器件,20251017,3.45,58.29879707971769,58.29879707971769,0.0,1.65,4.7545,7633.59,8.73015873015872,bear,BULL_TREND,36.12330122355455,100.0,76.3359,80.0,47.8819697037182,10.0,100.0,46.74222795814965,0.0,1,1,B_pure_quant_vr1.5,True
600815,600815.SH,厦工股份,工程机械,20251017,2.84,57.23737178919425,57.23737178919425,0.0,3.56,4.2646,2565.69,4.697986577181212,bear,BULL_TREND,91.59386205958366,46.97986577181212,25.6569,80.0,40.833252428705016,33.33333333333333,100.0,89.005576127623,0.0,2,2,B_pure_quant_vr1.5,True
600712,600712.SH,南宁百货,百货,20251017,7.11,56.41772760262707,56.41772760262707,0.0,1.92,6.1153,2235.79,10.566037735849054,bear,BULL_TREND,47.05531554732157,100.0,22.3579,100.0,32.681845937166464,0.0,100.0,79.00277743034462,0.0,3,3,B_pure_quant_vr1.5,True
600666,600666.SH,奥瑞德,元器件,20251017,3.45,58.23565461916625,58.23565461916625,0.0,1.65,4.7545,7633.59,8.73015873015872,bear,BULL_TREND,36.12330122355455,100.0,76.3359,80.0,47.461019966708605,10.0,100.0,46.74222795814965,0.0,1,1,A_recovered_proxy_vr1.2,True
600815,600815.SH,厦工股份,工程机械,20251017,2.84,57.173423314327856,57.173423314327856,0.0,3.56,4.2646,2565.69,4.697986577181212,bear,BULL_TREND,91.59386205958366,46.97986577181212,25.6569,80.0,40.40692926292906,33.33333333333333,100.0,89.005576127623,0.0,2,2,A_recovered_proxy_vr1.2,True
600712,600712.SH,南宁百货,百货,20251017,7.11,56.36701178016617,56.36701178016617,0.0,1.92,6.1153,2235.79,10.566037735849054,bear,BULL_TREND,47.05531554732157,100.0,22.3579,100.0,32.34374045409382,0.0,100.0,79.00277743034462,0.0,3,3,A_recovered_proxy_vr1.2,True
600666,600666.SH,奥瑞德,元器件,20251017,3.45,58.23565461916625,58.23565461916625,0.0,1.65,4.7545,7633.59,8.73015873015872,bear,BULL_TREND,36.12330122355455,100.0,76.3359,80.0,47.461019966708605,10.0,100.0,46.74222795814965,0.0,1,1,D_pure_quant_vr1.2,True
600815,600815.SH,厦工股份,工程机械,20251017,2.84,57.173423314327856,57.173423314327856,0.0,3.56,4.2646,2565.69,4.697986577181212,bear,BULL_TREND,91.59386205958366,46.97986577181212,25.6569,80.0,40.40692926292906,33.33333333333333,100.0,89.005576127623,0.0,2,2,D_pure_quant_vr1.2,True
600712,600712.SH,南宁百货,百货,20251017,7.11,56.36701178016617,56.36701178016617,0.0,1.92,6.1153,2235.79,10.566037735849054,bear,BULL_TREND,47.05531554732157,100.0,22.3579,100.0,32.34374045409382,0.0,100.0,79.00277743034462,0.0,3,3,D_pure_quant_vr1.2,True
600712,600712.SH,南宁百货,百货,20251017,7.11,51.5154507120521,51.5154507120521,0.0,1.92,6.1153,2235.79,10.566037735849054,bear,BULL_TREND,47.05531554732157,100.0,22.3579,100.0,32.34374045409382,0.0,100.0,79.00277743034462,0.0,1,1,E_ablate_sector_vr1.2,True
600666,600666.SH,奥瑞德,元器件,20251017,3.45,51.11650162415996,51.11650162415996,0.0,1.65,4.7545,7633.59,8.73015873015872,bear,BULL_TREND,36.12330122355455,100.0,76.3359,80.0,47.461019966708605,10.0,100.0,46.74222795814965,0.0,2,2,E_ablate_sector_vr1.2,True
600815,600815.SH,厦工股份,工程机械,20251017,2.84,51.1123839248885,51.1123839248885,0.0,3.56,4.2646,2565.69,4.697986577181212,bear,BULL_TREND,91.59386205958366,46.97986577181212,25.6569,80.0,40.40692926292906,33.33333333333333,100.0,89.005576127623,0.0,3,3,E_ablate_sector_vr1.2,True
600815,600815.SH,厦工股份,工程机械,20251017,2.84,54.094815574770905,54.094815574770905,0.0,3.56,4.2646,2565.69,4.697986577181212,bear,BULL_TREND,91.59386205958366,46.97986577181212,25.6569,80.0,40.40839766588272,33.33333333333333,100.0,89.005576127623,0.0,1,1,E_ablate_inflow_vr1.2,True
2679,002679.SZ,福建金森,林业,20251017,11.17,54.077728732954746,54.077728732954746,0.0,3.27,9.628,-2562.11,4.774083546462067,bear,BULL_TREND,85.4645317861679,47.740835464620666,0.0,60.0,47.98307022646582,33.33333333333333,100.0,95.90350614287269,0.0,2,2,E_ablate_inflow_vr1.2,True
600712,600712.SH,南宁百货,百货,20251017,7.11,53.68423846282355,53.68423846282355,0.0,1.92,6.1153,2235.79,10.566037735849054,bear,BULL_TREND,47.05531554732157,100.0,22.3579,100.0,32.34490500514299,0.0,100.0,79.00277743034462,0.0,3,3,E_ablate_inflow_vr1.2,True
600666,600666.SH,奥瑞德,元器件,20251017,3.45,52.62658726418829,52.62658726418829,0.0,1.65,4.7545,7633.59,8.73015873015872,bear,BULL_TREND,36.12330122355455,100.0,76.3359,80.0,47.461019966708605,10.0,100.0,46.74222795814965,0.0,1,1,E_ablate_wyckoff_vr1.2,True
600712,600712.SH,南宁百货,百货,20251017,7.11,46.88667848852482,46.88667848852482,0.0,1.92,6.1153,2235.79,10.566037735849054,bear,BULL_TREND,47.05531554732157,100.0,22.3579,100.0,32.34374045409382,0.0,100.0,79.00277743034462,0.0,2,2,E_ablate_wyckoff_vr1.2,True
600815,600815.SH,厦工股份,工程机械,20251017,2.84,46.4927541790131,46.4927541790131,0.0,3.56,4.2646,2565.69,4.697986577181212,bear,BULL_TREND,91.59386205958366,46.97986577181212,25.6569,80.0,40.40692926292906,33.33333333333333,100.0,89.005576127623,0.0,3,3,E_ablate_wyckoff_vr1.2,True
600666,600666.SH,奥瑞德,元器件,20251017,3.45,58.23565461916625,58.23565461916625,0.0,1.65,4.7545,7633.59,8.73015873015872,bear,BULL_TREND,36.12330122355455,100.0,76.3359,80.0,47.461019966708605,10.0,100.0,46.74222795814965,0.0,1,1,E_ablate_accel_vr1.2,True
600815,600815.SH,厦工股份,工程机械,20251017,2.84,57.173423314327856,57.173423314327856,0.0,3.56,4.2646,2565.69,4.697986577181212,bear,BULL_TREND,91.59386205958366,46.97986577181212,25.6569,80.0,40.40692926292906,33.33333333333333,100.0,89.005576127623,0.0,2,2,E_ablate_accel_vr1.2,True
600712,600712.SH,南宁百货,百货,20251017,7.11,56.36701178016617,56.36701178016617,0.0,1.92,6.1153,2235.79,10.566037735849054,bear,BULL_TREND,47.05531554732157,100.0,22.3579,100.0,32.34374045409382,0.0,100.0,79.00277743034462,0.0,3,3,E_ablate_accel_vr1.2,True
520,000520.SZ,凤凰航运,水运,20251020,4.64,49.01673500852372,49.01673500852372,0.0,1.95,4.5432,6596.69,4.9180327868852505,sideways,BULL_TREND,48.1737061987443,49.1803278688525,65.9669,80.0,53.40679825868075,20.0,0.0,67.26499812375259,0.0,1,1,A_recovered_proxy_vr1.5,True
2317,002317.SZ,众生药业,中成药,20251020,18.2,48.25386263038739,48.25386263038739,0.0,1.67,8.6143,2118.87,13.333333333333336,sideways,BULL_TREND,36.99240513496637,100.0,21.1887,60.0,50.66843706838583,33.33333333333333,0.0,40.882977281418725,0.0,2,2,A_recovered_proxy_vr1.5,True
2343,002343.SZ,慈文传媒,影视音像,20251020,8.12,45.45100974644938,45.45100974644938,0.0,1.92,5.5954,1491.7,5.47147846332946,sideways,BULL_TREND,47.05531554732157,57.85797438882434,14.917,100.0,43.07409739284061,0.0,0.0,84.32442792975992,0.0,3,3,A_recovered_proxy_vr1.5,True
520,000520.SZ,凤凰航运,水运,20251020,4.64,49.01673500852372,49.01673500852372,0.0,1.95,4.5432,6596.69,4.9180327868852505,sideways,BULL_TREND,48.1737061987443,49.1803278688525,65.9669,80.0,53.40679825868075,20.0,0.0,67.26499812375259,0.0,1,1,B_pure_quant_vr1.5,True
2317,002317.SZ,众生药业,中成药,20251020,18.2,48.25386263038739,48.25386263038739,0.0,1.67,8.6143,2118.87,13.333333333333336,sideways,BULL_TREND,36.99240513496637,100.0,21.1887,60.0,50.66843706838583,33.33333333333333,0.0,40.882977281418725,0.0,2,2,B_pure_quant_vr1.5,True
2343,002343.SZ,慈文传媒,影视音像,20251020,8.12,45.45100974644938,45.45100974644938,0.0,1.92,5.5954,1491.7,5.47147846332946,sideways,BULL_TREND,47.05531554732157,57.85797438882434,14.917,100.0,43.07409739284061,0.0,0.0,84.32442792975992,0.0,3,3,B_pure_quant_vr1.5,True
2195,002195.SZ,岩山科技,软件服务,20251020,7.34,57.26744867980392,48.5471003480413,8.720348331762626,1.23,5.038,33897.85,19.25192519251925,sideways,BULL_TREND,14.93291577822576,57.48074807480748,100.0,40.0,87.20348331762625,20.0,0.0,46.1297650227504,0.0,1,1,A_recovered_proxy_vr1.2,True
2657,002657.SZ,中科金财,软件服务,20251020,31.98,56.63743263526143,47.9170843034988,8.720348331762626,1.22,7.0505,1955.01,15.39682539682539,sideways,BULL_TREND,14.344057389408077,96.0317460317461,19.5501,65.0,87.20348331762625,10.0,0.0,45.065608776674594,0.0,2,2,A_recovered_proxy_vr1.2,True
2317,002317.SZ,众生药业,中成药,20251020,18.2,48.00085213984229,48.00085213984229,0.0,1.67,8.6143,2118.87,13.333333333333336,sideways,BULL_TREND,36.99240513496637,100.0,21.1887,60.0,48.98170046475186,33.33333333333333,0.0,40.882977281418725,0.0,3,3,A_recovered_proxy_vr1.2,True
2195,002195.SZ,岩山科技,软件服务,20251020,7.34,48.5471003480413,48.5471003480413,0.0,1.23,5.038,33897.85,19.25192519251925,sideways,BULL_TREND,14.93291577822576,57.48074807480748,100.0,40.0,87.20348331762625,20.0,0.0,46.1297650227504,0.0,1,1,D_pure_quant_vr1.2,True
2317,002317.SZ,众生药业,中成药,20251020,18.2,48.00085213984229,48.00085213984229,0.0,1.67,8.6143,2118.87,13.333333333333336,sideways,BULL_TREND,36.99240513496637,100.0,21.1887,60.0,48.98170046475186,33.33333333333333,0.0,40.882977281418725,0.0,2,2,D_pure_quant_vr1.2,True
2657,002657.SZ,中科金财,软件服务,20251020,31.98,47.9170843034988,47.9170843034988,0.0,1.22,7.0505,1955.01,15.39682539682539,sideways,BULL_TREND,14.344057389408077,96.0317460317461,19.5501,65.0,87.20348331762625,10.0,0.0,45.065608776674594,0.0,3,3,D_pure_quant_vr1.2,True
2657,002657.SZ,中科金财,软件服务,20251020,31.98,45.70290454179959,45.70290454179959,0.0,1.22,7.0505,1955.01,15.39682539682539,sideways,BULL_TREND,14.344057389408077,96.0317460317461,19.5501,65.0,88.08236490629814,10.0,0.0,45.065608776674594,0.0,1,1,E_ablate_inflow_vr1.2,True
2317,002317.SZ,众生药业,中成药,20251020,18.2,45.62510667401055,45.62510667401055,0.0,1.67,8.6143,2118.87,13.333333333333336,sideways,BULL_TREND,36.99240513496637,100.0,21.1887,60.0,50.09435735920693,33.33333333333333,0.0,40.882977281418725,0.0,2,2,E_ablate_inflow_vr1.2,True
2195,002195.SZ,岩山科技,软件服务,20251020,7.34,48.5471003480413,48.5471003480413,0.0,1.23,5.038,33897.85,19.25192519251925,sideways,BULL_TREND,14.93291577822576,57.48074807480748,100.0,40.0,87.20348331762625,20.0,0.0,46.1297650227504,0.0,1,1,E_ablate_accel_vr1.2,True
2317,002317.SZ,众生药业,中成药,20251020,18.2,48.00085213984229,48.00085213984229,0.0,1.67,8.6143,2118.87,13.333333333333336,sideways,BULL_TREND,36.99240513496637,100.0,21.1887,60.0,48.98170046475186,33.33333333333333,0.0,40.882977281418725,0.0,2,2,E_ablate_accel_vr1.2,True
2657,002657.SZ,中科金财,软件服务,20251020,31.98,47.9170843034988,47.9170843034988,0.0,1.22,7.0505,1955.01,15.39682539682539,sideways,BULL_TREND,14.344057389408077,96.0317460317461,19.5501,65.0,87.20348331762625,10.0,0.0,45.065608776674594,0.0,3,3,E_ablate_accel_vr1.2,True
2482,002482.SZ,广田集团,装修装饰,20251021,1.86,72.30824524364681,72.30824524364681,0.0,3.53,5.0686,9360.06,13.08411214953271,weak_momentum,BULL_TREND,90.98340917482275,90.9657320872274,93.6006,100.0,55.79686508004052,66.66666666666666,0.0,94.62583281077792,0.0,1,1,A_recovered_proxy_vr1.5,True
600460,600460.SH,士兰微,半导体,20251021,32.65,69.04679931225958,61.25093264559291,7.795866666666666,1.71,10.9225,26581.81,4.560070154925467,weak_momentum,BULL_TREND,38.69981625555866,100.0,100.0,65.0,77.95866666666666,33.33333333333333,0.0,58.90329027061632,0.0,2,2,A_recovered_proxy_vr1.5,True
501,000501.SZ,武商集团,百货,20251021,10.51,63.14427710777436,63.14427710777436,0.0,2.31,5.2141,8281.26,6.49466192170819,weak_momentum,BULL_TREND,60.39464258206665,100.0,82.8126,100.0,58.5040108282144,10.0,0.0,86.02140730821465,0.0,3,3,A_recovered_proxy_vr1.5,True
2482,002482.SZ,广田集团,装修装饰,20251021,1.86,72.30824524364681,72.30824524364681,0.0,3.53,5.0686,9360.06,13.08411214953271,weak_momentum,BULL_TREND,90.98340917482275,90.9657320872274,93.6006,100.0,55.79686508004052,66.66666666666666,0.0,94.62583281077792,0.0,1,1,B_pure_quant_vr1.5,True
501,000501.SZ,武商集团,百货,20251021,10.51,63.14427710777436,63.14427710777436,0.0,2.31,5.2141,8281.26,6.49466192170819,weak_momentum,BULL_TREND,60.39464258206665,100.0,82.8126,100.0,58.5040108282144,10.0,0.0,86.02140730821465,0.0,2,2,B_pure_quant_vr1.5,True
603598,603598.SH,引力传媒,互联网,20251021,16.59,61.57546439663143,61.57546439663143,0.0,3.64,4.694,4355.04,10.275824770146018,weak_momentum,BULL_TREND,93.19692252119856,100.0,43.5504,80.0,50.4186109574276,53.333333333333336,0.0,90.18263805447228,0.0,3,3,B_pure_quant_vr1.5,True
2482,002482.SZ,广田集团,装修装饰,20251021,1.86,71.25086460727167,71.25086460727167,0.0,3.53,5.0686,9360.06,13.08411214953271,weak_momentum,BULL_TREND,90.98340917482275,90.9657320872274,93.6006,100.0,48.74766083753961,66.66666666666666,0.0,94.62583281077792,0.0,1,1,A_recovered_proxy_vr1.2,True
501,000501.SZ,武商集团,百货,20251021,10.51,62.20876558661018,62.20876558661018,0.0,2.31,5.2141,8281.26,6.49466192170819,weak_momentum,BULL_TREND,60.39464258206665,100.0,82.8126,100.0,52.26726735378655,10.0,0.0,86.02140730821465,0.0,2,2,A_recovered_proxy_vr1.2,True
603598,603598.SH,引力传媒,互联网,20251021,16.59,61.08348731885211,61.08348731885211,0.0,3.64,4.694,4355.04,10.275824770146018,weak_momentum,BULL_TREND,93.19692252119856,100.0,43.5504,80.0,47.13876377223208,53.333333333333336,0.0,90.18263805447228,0.0,3,3,A_recovered_proxy_vr1.2,True
2482,002482.SZ,广田集团,装修装饰,20251021,1.86,71.25086460727167,71.25086460727167,0.0,3.53,5.0686,9360.06,13.08411214953271,weak_momentum,BULL_TREND,90.98340917482275,90.9657320872274,93.6006,100.0,48.74766083753961,66.66666666666666,0.0,94.62583281077792,0.0,1,1,D_pure_quant_vr1.2,True
501,000501.SZ,武商集团,百货,20251021,10.51,62.20876558661018,62.20876558661018,0.0,2.31,5.2141,8281.26,6.49466192170819,weak_momentum,BULL_TREND,60.39464258206665,100.0,82.8126,100.0,52.26726735378655,10.0,0.0,86.02140730821465,0.0,2,2,D_pure_quant_vr1.2,True
603598,603598.SH,引力传媒,互联网,20251021,16.59,61.08348731885211,61.08348731885211,0.0,3.64,4.694,4355.04,10.275824770146018,weak_momentum,BULL_TREND,93.19692252119856,100.0,43.5504,80.0,47.13876377223208,53.333333333333336,0.0,90.18263805447228,0.0,3,3,D_pure_quant_vr1.2,True
2482,002482.SZ,广田集团,装修装饰,20251021,1.86,63.93871548164073,63.93871548164073,0.0,3.53,5.0686,9360.06,13.08411214953271,weak_momentum,BULL_TREND,90.98340917482275,90.9657320872274,93.6006,100.0,48.74766083753961,66.66666666666666,0.0,94.62583281077792,0.0,1,1,E_ablate_sector_vr1.2,True
501,000501.SZ,武商集团,百货,20251021,10.51,54.36867548354219,54.36867548354219,0.0,2.31,5.2141,8281.26,6.49466192170819,weak_momentum,BULL_TREND,60.39464258206665,100.0,82.8126,100.0,52.26726735378655,10.0,0.0,86.02140730821465,0.0,2,2,E_ablate_sector_vr1.2,True
603598,603598.SH,引力传媒,互联网,20251021,16.59,54.01267275301729,54.01267275301729,0.0,3.64,4.694,4355.04,10.275824770146018,weak_momentum,BULL_TREND,93.19692252119856,100.0,43.5504,80.0,47.13876377223208,53.333333333333336,0.0,90.18263805447228,0.0,3,3,E_ablate_sector_vr1.2,True
2482,002482.SZ,广田集团,装修装饰,20251021,1.86,54.41132455485129,54.41132455485129,0.0,3.53,5.0686,9360.06,13.08411214953271,weak_momentum,BULL_TREND,90.98340917482275,90.9657320872274,93.6006,100.0,48.80478048807046,66.66666666666666,0.0,94.62583281077792,0.0,1,1,E_ablate_inflow_vr1.2,True
603598,603598.SH,引力传媒,互联网,20251021,16.59,53.24840180552283,53.24840180552283,0.0,3.64,4.694,4355.04,10.275824770146018,weak_momentum,BULL_TREND,93.19692252119856,100.0,43.5504,80.0,47.165340350036914,53.333333333333336,0.0,90.18263805447228,0.0,2,2,E_ablate_inflow_vr1.2,True
2582,002582.SZ,好想你,食品,20251021,9.62,50.0691508525964,50.0691508525964,0.0,2.57,6.3426,4830.42,6.329113924050636,weak_momentum,BULL_TREND,68.08841797095766,100.0,48.3042,100.0,42.20355764062948,66.66666666666666,0.0,87.94680785016664,0.0,3,3,E_ablate_inflow_vr1.2,True
2482,002482.SZ,广田集团,装修装饰,20251021,1.86,57.056989685654976,57.056989685654976,0.0,3.53,5.0686,9360.06,13.08411214953271,weak_momentum,BULL_TREND,90.98340917482275,90.9657320872274,93.6006,100.0,48.74766083753961,66.66666666666666,0.0,94.62583281077792,0.0,1,1,E_ablate_wyckoff_vr1.2,True
501,000501.SZ,武商集团,百货,20251021,10.51,49.30555449037798,49.30555449037798,0.0,2.31,5.2141,8281.26,6.49466192170819,weak_momentum,BULL_TREND,60.39464258206665,100.0,82.8126,100.0,52.26726735378655,10.0,0.0,86.02140730821465,0.0,2,2,E_ablate_wyckoff_vr1.2,True
603598,603598.SH,引力传媒,互联网,20251021,16.59,47.556091610681264,47.556091610681264,0.0,3.64,4.694,4355.04,10.275824770146018,weak_momentum,BULL_TREND,93.19692252119856,100.0,43.5504,80.0,47.13876377223208,53.333333333333336,0.0,90.18263805447228,0.0,3,3,E_ablate_wyckoff_vr1.2,True
2482,002482.SZ,广田集团,装修装饰,20251021,1.86,71.25086460727167,71.25086460727167,0.0,3.53,5.0686,9360.06,13.08411214953271,weak_momentum,BULL_TREND,90.98340917482275,90.9657320872274,93.6006,100.0,48.74766083753961,66.66666666666666,0.0,94.62583281077792,0.0,1,1,E_ablate_accel_vr1.2,True
501,000501.SZ,武商集团,百货,20251021,10.51,62.20876558661018,62.20876558661018,0.0,2.31,5.2141,8281.26,6.49466192170819,weak_momentum,BULL_TREND,60.39464258206665,100.0,82.8126,100.0,52.26726735378655,10.0,0.0,86.02140730821465,0.0,2,2,E_ablate_accel_vr1.2,True
603598,603598.SH,引力传媒,互联网,20251021,16.59,61.08348731885211,61.08348731885211,0.0,3.64,4.694,4355.04,10.275824770146018,weak_momentum,BULL_TREND,93.19692252119856,100.0,43.5504,80.0,47.13876377223208,53.333333333333336,0.0,90.18263805447228,0.0,3,3,E_ablate_accel_vr1.2,True
2681,002681.SZ,奋达科技,元器件,20251022,6.93,72.22584858508978,64.03062103075935,8.195227554330424,2.5,5.8137,6751.53,15.17747858017136,sideways,BULL_TREND,66.09640474436812,98.2252141982864,67.5153,65.0,81.95227554330424,53.333333333333336,0.0,31.82100721010883,0.0,1,1,A_recovered_proxy_vr1.5,True
600601,600601.SH,方正科技,元器件,20251022,10.72,71.32055422728133,63.125326672950905,8.195227554330424,1.91,6.8396,36158.58,14.581673306772908,sideways,BULL_TREND,46.67863191305119,100.0,100.0,65.0,81.95227554330424,66.66666666666666,0.0,21.915441560422288,0.0,2,2,A_recovered_proxy_vr1.5,True
600622,600622.SH,光大嘉宝,区域地产,20251022,3.03,65.42236456465523,65.42236456465523,0.0,2.74,7.1955,5258.83,8.734939759036147,sideways,BULL_TREND,72.7087946592901,100.0,52.5883,65.0,54.829519969926025,63.33333333333333,0.0,75.20615897879861,0.0,3,3,A_recovered_proxy_vr1.5,True
600622,600622.SH,光大嘉宝,区域地产,20251022,3.03,65.42236456465523,65.42236456465523,0.0,2.74,7.1955,5258.83,8.734939759036147,sideways,BULL_TREND,72.7087946592901,100.0,52.5883,65.0,54.829519969926025,63.33333333333333,0.0,75.20615897879861,0.0,1,1,B_pure_quant_vr1.5,True
600822,600822.SH,上海物贸,汽车服务,20251022,11.83,64.91910550182213,64.91910550182213,0.0,3.02,6.8392,2189.48,12.950699043414271,sideways,BULL_TREND,79.72742747751771,100.0,21.8948,100.0,42.86870856565204,33.33333333333333,0.0,97.12268754378135,0.0,2,2,B_pure_quant_vr1.5,True
2681,002681.SZ,奋达科技,元器件,20251022,6.93,64.03062103075935,64.03062103075935,0.0,2.5,5.8137,6751.53,15.17747858017136,sideways,BULL_TREND,66.09640474436812,98.2252141982864,67.5153,65.0,81.95227554330424,53.333333333333336,0.0,31.82100721010883,0.0,3,3,B_pure_quant_vr1.5,True
2328,002328.SZ,新朋股份,汽车配件,20251022,6.3,71.34333538787361,64.92693912041547,6.416396267458137,2.85,6.0046,4789.32,9.09090909090909,sideways,BULL_TREND,75.54809596386896,100.0,47.8932,65.0,64.16396267458137,33.33333333333333,0.0,63.899274504253576,0.0,1,1,A_recovered_proxy_vr1.2,True
2681,002681.SZ,奋达科技,元器件,20251022,6.93,70.49613287138082,62.992791602533984,7.503341268846845,2.5,5.8137,6751.53,15.17747858017136,sideways,BULL_TREND,66.09640474436812,98.2252141982864,67.5153,65.0,75.03341268846845,53.333333333333336,0.0,31.82100721010883,0.0,2,2,A_recovered_proxy_vr1.2,True
600601,600601.SH,方正科技,元器件,20251022,10.72,69.59083851357238,62.08749724472554,7.503341268846845,1.91,6.8396,36158.58,14.581673306772908,sideways,BULL_TREND,46.67863191305119,100.0,100.0,65.0,75.03341268846845,66.66666666666666,0.0,21.915441560422288,0.0,3,3,A_recovered_proxy_vr1.2,True
2328,002328.SZ,新朋股份,汽车配件,20251022,6.3,64.92693912041547,64.92693912041547,0.0,2.85,6.0046,4789.32,9.09090909090909,sideways,BULL_TREND,75.54809596386896,100.0,47.8932,65.0,64.16396267458137,33.33333333333333,0.0,63.899274504253576,0.0,1,1,D_pure_quant_vr1.2,True
600822,600822.SH,上海物贸,汽车服务,20251022,11.83,64.90733258494599,64.90733258494599,0.0,3.02,6.8392,2189.48,12.950699043414271,sideways,BULL_TREND,79.72742747751771,100.0,21.8948,100.0,42.79022245314445,33.33333333333333,0.0,97.12268754378135,0.0,2,2,D_pure_quant_vr1.2,True
600622,600622.SH,光大嘉宝,区域地产,20251022,3.03,64.38964216970612,64.38964216970612,0.0,2.74,7.1955,5258.83,8.734939759036147,sideways,BULL_TREND,72.7087946592901,100.0,52.5883,65.0,47.944704003598645,63.33333333333333,0.0,75.20615897879861,0.0,3,3,D_pure_quant_vr1.2,True
600822,600822.SH,上海物贸,汽车服务,20251022,11.83,58.48879921697433,58.48879921697433,0.0,3.02,6.8392,2189.48,12.950699043414271,sideways,BULL_TREND,79.72742747751771,100.0,21.8948,100.0,42.79022245314445,33.33333333333333,0.0,97.12268754378135,0.0,1,1,E_ablate_sector_vr1.2,True
600622,600622.SH,光大嘉宝,区域地产,20251022,3.03,57.19793656916632,57.19793656916632,0.0,2.74,7.1955,5258.83,8.734939759036147,sideways,BULL_TREND,72.7087946592901,100.0,52.5883,65.0,47.944704003598645,63.33333333333333,0.0,75.20615897879861,0.0,2,2,E_ablate_sector_vr1.2,True
2328,002328.SZ,新朋股份,汽车配件,20251022,6.3,55.302344719228266,55.302344719228266,0.0,2.85,6.0046,4789.32,9.09090909090909,sideways,BULL_TREND,75.54809596386896,100.0,47.8932,65.0,64.16396267458137,33.33333333333333,0.0,63.899274504253576,0.0,3,3,E_ablate_sector_vr1.2,True
600822,600822.SH,上海物贸,汽车服务,20251022,11.83,62.27995658494599,62.27995658494599,0.0,3.02,6.8392,2189.48,12.950699043414271,sideways,BULL_TREND,79.72742747751771,100.0,21.8948,100.0,42.79022245314445,33.33333333333333,0.0,97.12268754378135,0.0,1,1,E_ablate_inflow_vr1.2,True
600622,600622.SH,光大嘉宝,区域地产,20251022,3.03,58.07904616970612,58.07904616970612,0.0,2.74,7.1955,5258.83,8.734939759036147,sideways,BULL_TREND,72.7087946592901,100.0,52.5883,65.0,47.944704003598645,63.33333333333333,0.0,75.20615897879861,0.0,2,2,E_ablate_inflow_vr1.2,True
2328,002328.SZ,新朋股份,汽车配件,20251022,6.3,57.4843226934494,57.4843226934494,0.0,2.85,6.0046,4789.32,9.09090909090909,sideways,BULL_TREND,75.54809596386896,100.0,47.8932,65.0,52.86107982814092,33.33333333333333,0.0,63.899274504253576,0.0,3,3,E_ablate_inflow_vr1.2,True
600601,600601.SH,方正科技,元器件,20251022,10.72,59.45764425747486,59.45764425747486,0.0,1.91,6.8396,36158.58,14.581673306772908,sideways,BULL_TREND,46.67863191305119,100.0,100.0,65.0,75.03341268846845,66.66666666666666,0.0,21.915441560422288,0.0,1,1,E_ablate_wyckoff_vr1.2,True
2681,002681.SZ,奋达科技,元器件,20251022,6.93,59.17427073732093,59.17427073732093,0.0,2.5,5.8137,6751.53,15.17747858017136,sideways,BULL_TREND,66.09640474436812,98.2252141982864,67.5153,65.0,75.03341268846845,53.333333333333336,0.0,31.82100721010883,0.0,2,2,E_ablate_wyckoff_vr1.2,True
2328,002328.SZ,新朋股份,汽车配件,20251022,6.3,57.25902617990504,57.25902617990504,0.0,2.85,6.0046,4789.32,9.09090909090909,sideways,BULL_TREND,75.54809596386896,100.0,47.8932,65.0,64.16396267458137,33.33333333333333,0.0,63.899274504253576,0.0,3,3,E_ablate_wyckoff_vr1.2,True
2328,002328.SZ,新朋股份,汽车配件,20251022,6.3,64.92693912041547,64.92693912041547,0.0,2.85,6.0046,4789.32,9.09090909090909,sideways,BULL_TREND,75.54809596386896,100.0,47.8932,65.0,64.16396267458137,33.33333333333333,0.0,63.899274504253576,0.0,1,1,E_ablate_accel_vr1.2,True
600822,600822.SH,上海物贸,汽车服务,20251022,11.83,64.90733258494599,64.90733258494599,0.0,3.02,6.8392,2189.48,12.950699043414271,sideways,BULL_TREND,79.72742747751771,100.0,21.8948,100.0,42.79022245314445,33.33333333333333,0.0,97.12268754378135,0.0,2,2,E_ablate_accel_vr1.2,True
600622,600622.SH,光大嘉宝,区域地产,20251022,3.03,64.38964216970612,64.38964216970612,0.0,2.74,7.1955,5258.83,8.734939759036147,sideways,BULL_TREND,72.7087946592901,100.0,52.5883,65.0,47.944704003598645,63.33333333333333,0.0,75.20615897879861,0.0,3,3,E_ablate_accel_vr1.2,True
2466,002466.SZ,天齐锂业,小金属,20251023,48.01,70.05731331707325,61.53707398341515,8.5202393336581,1.56,4.4443,40038.05,8.026819923371656,sideways,BULL_TREND,32.07730145437618,100.0,100.0,80.0,85.202393336581,66.66666666666666,0.0,26.38646108026588,0.0,1,1,A_recovered_proxy_vr1.5,True
600250,600250.SH,南京商旅,商贸代理,20251023,11.05,62.997491538101485,62.997491538101485,0.0,3.07,6.0272,1304.03,13.128930817610062,sideways,BULL_TREND,80.91193277977273,100.0,13.0403,100.0,37.57281773333428,53.333333333333336,0.0,91.078674999039,0.0,2,2,A_recovered_proxy_vr1.5,True
88,000088.SZ,盐田港,港口,20251023,4.66,58.77017940048569,58.77017940048569,0.0,5.83,4.525,11236.66,1.2711864406779578,sideways,BULL_TREND,100.0,12.711864406779576,100.0,80.0,42.77160905696623,66.66666666666666,0.0,91.87078782596592,0.0,3,3,A_recovered_proxy_vr1.5,True
600250,600250.SH,南京商旅,商贸代理,20251023,11.05,62.997491538101485,62.997491538101485,0.0,3.07,6.0272,1304.03,13.128930817610062,sideways,BULL_TREND,80.91193277977273,100.0,13.0403,100.0,37.57281773333428,53.333333333333336,0.0,91.078674999039,0.0,1,1,B_pure_quant_vr1.5,True
2466,002466.SZ,天齐锂业,小金属,20251023,48.01,61.53707398341515,61.53707398341515,0.0,1.56,4.4443,40038.05,8.026819923371656,sideways,BULL_TREND,32.07730145437618,100.0,100.0,80.0,85.202393336581,66.66666666666666,0.0,26.38646108026588,0.0,2,2,B_pure_quant_vr1.5,True
88,000088.SZ,盐田港,港口,20251023,4.66,58.77017940048569,58.77017940048569,0.0,5.83,4.525,11236.66,1.2711864406779578,sideways,BULL_TREND,100.0,12.711864406779576,100.0,80.0,42.77160905696623,66.66666666666666,0.0,91.87078782596592,0.0,3,3,B_pure_quant_vr1.5,True
2466,002466.SZ,天齐锂业,小金属,20251023,48.01,66.76953601882639,59.56440760446703,7.205128414359354,1.56,4.4443,40038.05,8.026819923371656,sideways,BULL_TREND,32.07730145437618,100.0,100.0,80.0,72.05128414359353,66.66666666666666,0.0,26.38646108026588,0.0,1,1,A_recovered_proxy_vr1.2,True
600250,600250.SH,南京商旅,商贸代理,20251023,11.05,62.96330074785049,62.96330074785049,0.0,3.07,6.0272,1304.03,13.128930817610062,sideways,BULL_TREND,80.91193277977273,100.0,13.0403,100.0,37.344879131660974,53.333333333333336,0.0,91.078674999039,0.0,2,2,A_recovered_proxy_vr1.2,True
603598,603598.SH,引力传媒,互联网,20251023,16.85,62.31091446998333,56.53757309874262,5.773341371240704,2.9,6.6887,8009.54,3.769274700171331,sideways,BULL_TREND,76.80264501201049,37.69274700171332,80.0954,80.0,57.73341371240704,10.0,0.0,80.6427233238527,0.0,3,3,A_recovered_proxy_vr1.2,True
600250,600250.SH,南京商旅,商贸代理,20251023,11.05,62.96330074785049,62.96330074785049,0.0,3.07,6.0272,1304.03,13.128930817610062,sideways,BULL_TREND,80.91193277977273,100.0,13.0403,100.0,37.344879131660974,53.333333333333336,0.0,91.078674999039,0.0,1,1,D_pure_quant_vr1.2,True
2466,002466.SZ,天齐锂业,小金属,20251023,48.01,59.56440760446703,59.56440760446703,0.0,1.56,4.4443,40038.05,8.026819923371656,sideways,BULL_TREND,32.07730145437618,100.0,100.0,80.0,72.05128414359353,66.66666666666666,0.0,26.38646108026588,0.0,2,2,D_pure_quant_vr1.2,True
88,000088.SZ,盐田港,港口,20251023,4.66,58.47556172667316,58.47556172667316,0.0,5.83,4.525,11236.66,1.2711864406779578,sideways,BULL_TREND,100.0,12.711864406779576,100.0,80.0,40.8074912315494,66.66666666666666,0.0,91.87078782596592,0.0,3,3,D_pure_quant_vr1.2,True
600250,600250.SH,南京商旅,商贸代理,20251023,11.05,57.36156887810135,57.36156887810135,0.0,3.07,6.0272,1304.03,13.128930817610062,sideways,BULL_TREND,80.91193277977273,100.0,13.0403,100.0,37.344879131660974,53.333333333333336,0.0,91.078674999039,0.0,1,1,E_ablate_sector_vr1.2,True
88,000088.SZ,盐田港,港口,20251023,4.66,52.35443804194075,52.35443804194075,0.0,5.83,4.525,11236.66,1.2711864406779578,sideways,BULL_TREND,100.0,12.711864406779576,100.0,80.0,40.8074912315494,66.66666666666666,0.0,91.87078782596592,0.0,2,2,E_ablate_sector_vr1.2,True
2466,002466.SZ,天齐锂业,小金属,20251023,48.01,48.756714982928,48.756714982928,0.0,1.56,4.4443,40038.05,8.026819923371656,sideways,BULL_TREND,32.07730145437618,100.0,100.0,80.0,72.05128414359353,66.66666666666666,0.0,26.38646108026588,0.0,3,3,E_ablate_sector_vr1.2,True
600250,600250.SH,南京商旅,商贸代理,20251023,11.05,61.39846474785049,61.39846474785049,0.0,3.07,6.0272,1304.03,13.128930817610062,sideways,BULL_TREND,80.91193277977273,100.0,13.0403,100.0,37.344879131660974,53.333333333333336,0.0,91.078674999039,0.0,1,1,E_ablate_inflow_vr1.2,True
2882,002882.SZ,金龙羽,电气设备,20251023,30.28,49.444679582818566,49.444679582818566,0.0,2.06,4.4648,735.65,10.014858841010394,sideways,BULL_TREND,52.132216870424685,100.0,7.3565,65.0,53.33934842558099,63.33333333333333,0.0,34.23352450684433,0.0,2,2,E_ablate_inflow_vr1.2,True
603598,603598.SH,引力传媒,互联网,20251023,16.85,46.92612509874262,46.92612509874262,0.0,2.9,6.6887,8009.54,3.769274700171331,sideways,BULL_TREND,76.80264501201049,37.69274700171332,80.0954,80.0,57.73341371240704,10.0,0.0,80.6427233238527,0.0,3,3,E_ablate_inflow_vr1.2,True
2466,002466.SZ,天齐锂业,小金属,20251023,48.01,56.39803227483512,56.39803227483512,0.0,1.56,4.4443,40038.05,8.026819923371656,sideways,BULL_TREND,32.07730145437618,100.0,100.0,80.0,72.05128414359353,66.66666666666666,0.0,26.38646108026588,0.0,1,1,E_ablate_wyckoff_vr1.2,True
600250,600250.SH,南京商旅,商贸代理,20251023,11.05,52.03385974796581,52.03385974796581,0.0,3.07,6.0272,1304.03,13.128930817610062,sideways,BULL_TREND,80.91193277977273,100.0,13.0403,100.0,37.344879131660974,53.333333333333336,0.0,91.078674999039,0.0,2,2,E_ablate_wyckoff_vr1.2,True
2850,002850.SZ,科达利,电气设备,20251023,177.88,51.27393069604314,51.27393069604314,0.0,1.4,3.637,17660.92,10.451067257349976,sideways,BULL_TREND,24.27134135851208,100.0,100.0,65.0,53.33934842558099,66.66666666666666,0.0,24.09671896879077,0.0,3,3,E_ablate_wyckoff_vr1.2,True
600250,600250.SH,南京商旅,商贸代理,20251023,11.05,62.96330074785049,62.96330074785049,0.0,3.07,6.0272,1304.03,13.128930817610062,sideways,BULL_TREND,80.91193277977273,100.0,13.0403,100.0,37.344879131660974,53.333333333333336,0.0,91.078674999039,0.0,1,1,E_ablate_accel_vr1.2,True
2466,002466.SZ,天齐锂业,小金属,20251023,48.01,59.56440760446703,59.56440760446703,0.0,1.56,4.4443,40038.05,8.026819923371656,sideways,BULL_TREND,32.07730145437618,100.0,100.0,80.0,72.05128414359353,66.66666666666666,0.0,26.38646108026588,0.0,2,2,E_ablate_accel_vr1.2,True
88,000088.SZ,盐田港,港口,20251023,4.66,58.47556172667316,58.47556172667316,0.0,5.83,4.525,11236.66,1.2711864406779578,sideways,BULL_TREND,100.0,12.711864406779576,100.0,80.0,40.8074912315494,66.66666666666666,0.0,91.87078782596592,0.0,3,3,E_ablate_accel_vr1.2,True
2192,002192.SZ,融捷股份,小金属,20251024,43.58,60.27797073075304,52.92886954977547,7.34910118097757,1.69,10.0719,7460.76,3.796909492273728,momentum,BULL_TREND,37.851162325372975,95.21854304635762,74.6076,80.0,73.4910118097757,0.0,0.0,41.09618534378622,0.0,1,1,A_recovered_proxy_vr1.5,True
2119,002119.SZ,康强电子,半导体,20251024,18.54,58.23017270947922,58.23017270947922,0.0,1.95,11.327,10009.05,1.3829787234042636,momentum,BULL_TREND,48.1737061987443,100.0,100.0,80.0,47.86739577078896,33.33333333333333,0.0,57.639709588431145,0.0,2,2,A_recovered_proxy_vr1.5,True
2756,002756.SZ,永兴材料,小金属,20251024,40.48,55.925945613926416,48.576844432948846,7.34910118097757,2.08,5.9886,3752.54,3.157894736842106,momentum,BULL_TREND,52.82917641831838,99.05263157894736,37.5254,65.0,73.4910118097757,33.33333333333333,0.0,36.27255783684544,0.0,3,3,A_recovered_proxy_vr1.5,True
2119,002119.SZ,康强电子,半导体,20251024,18.54,58.23017270947922,58.23017270947922,0.0,1.95,11.327,10009.05,1.3829787234042636,momentum,BULL_TREND,48.1737061987443,100.0,100.0,80.0,47.86739577078896,33.33333333333333,0.0,57.639709588431145,0.0,1,1,B_pure_quant_vr1.5,True
2192,002192.SZ,融捷股份,小金属,20251024,43.58,52.92886954977547,52.92886954977547,0.0,1.69,10.0719,7460.76,3.796909492273728,momentum,BULL_TREND,37.851162325372975,95.21854304635762,74.6076,80.0,73.4910118097757,0.0,0.0,41.09618534378622,0.0,2,2,B_pure_quant_vr1.5,True
600686,600686.SH,金龙汽车,汽车整车,20251024,14.09,49.655062028887954,49.655062028887954,0.0,1.75,8.3087,8322.8,3.1615120274914146,momentum,BULL_TREND,40.36774610288021,99.03092783505151,83.228,60.0,54.25391238498367,20.0,0.0,22.00424852954042,0.0,3,3,B_pure_quant_vr1.5,True
2119,002119.SZ,康强电子,半导体,20251024,18.54,58.67313512118477,58.67313512118477,0.0,1.95,11.327,10009.05,1.3829787234042636,momentum,BULL_TREND,48.1737061987443,100.0,100.0,100.0,45.0822078293167,33.33333333333333,0.0,57.639709588431145,0.0,1,1,A_recovered_proxy_vr1.2,True
2056,002056.SZ,横店东磁,电气设备,20251024,22.07,51.12962090408561,51.12962090408561,0.0,1.47,3.8402,14107.94,4.043478260869564,momentum,BULL_TREND,27.790807753081985,93.73913043478262,100.0,65.0,55.69470570945517,30.0,0.0,16.98145555754021,0.0,2,2,A_recovered_proxy_vr1.2,True
2192,002192.SZ,融捷股份,小金属,20251024,43.58,49.98722808534985,49.98722808534985,0.0,1.69,10.0719,7460.76,3.796909492273728,momentum,BULL_TREND,37.851162325372975,95.21854304635762,74.6076,80.0,58.78280448764757,0.0,0.0,41.09618534378622,0.0,3,3,A_recovered_proxy_vr1.2,True
2119,002119.SZ,康强电子,半导体,20251024,18.54,58.67313512118477,58.67313512118477,0.0,1.95,11.327,10009.05,1.3829787234042636,momentum,BULL_TREND,48.1737061987443,100.0,100.0,100.0,45.0822078293167,33.33333333333333,0.0,57.639709588431145,0.0,1,1,D_pure_quant_vr1.2,True
2056,002056.SZ,横店东磁,电气设备,20251024,22.07,51.12962090408561,51.12962090408561,0.0,1.47,3.8402,14107.94,4.043478260869564,momentum,BULL_TREND,27.790807753081985,93.73913043478262,100.0,65.0,55.69470570945517,30.0,0.0,16.98145555754021,0.0,2,2,D_pure_quant_vr1.2,True
2192,002192.SZ,融捷股份,小金属,20251024,43.58,49.98722808534985,49.98722808534985,0.0,1.69,10.0719,7460.76,3.796909492273728,momentum,BULL_TREND,37.851162325372975,95.21854304635762,74.6076,80.0,58.78280448764757,0.0,0.0,41.09618534378622,0.0,3,3,D_pure_quant_vr1.2,True
2119,002119.SZ,康强电子,半导体,20251024,18.54,49.65669355532143,49.65669355532143,0.0,1.95,11.327,10009.05,1.3829787234042636,momentum,BULL_TREND,48.1737061987443,100.0,100.0,100.0,45.0822078293167,33.33333333333333,0.0,57.639709588431145,0.0,1,1,E_ablate_sector_vr1.2,True
2119,002119.SZ,康强电子,半导体,20251024,18.54,52.90916416234165,52.90916416234165,0.0,1.95,11.327,10009.05,1.3829787234042636,momentum,BULL_TREND,48.1737061987443,100.0,100.0,100.0,45.0822078293167,33.33333333333333,0.0,57.639709588431145,0.0,1,1,E_ablate_wyckoff_vr1.2,True
2056,002056.SZ,横店东磁,电气设备,20251024,22.07,49.4314753483316,49.4314753483316,0.0,1.47,3.8402,14107.94,4.043478260869564,momentum,BULL_TREND,27.790807753081985,93.73913043478262,100.0,65.0,55.69470570945517,30.0,0.0,16.98145555754021,0.0,2,2,E_ablate_wyckoff_vr1.2,True
2738,002738.SZ,中矿资源,小金属,20251024,52.45,48.38054699613048,48.38054699613048,0.0,1.46,4.0375,11193.53,4.89573889392565,momentum,BULL_TREND,27.298418455264624,88.62556663644611,100.0,40.0,58.78280448764757,33.33333333333333,0.0,14.896961693398053,0.0,3,3,E_ablate_wyckoff_vr1.2,True
2119,002119.SZ,康强电子,半导体,20251024,18.54,58.67313512118477,58.67313512118477,0.0,1.95,11.327,10009.05,1.3829787234042636,momentum,BULL_TREND,48.1737061987443,100.0,100.0,100.0,45.0822078293167,33.33333333333333,0.0,57.639709588431145,0.0,1,1,E_ablate_accel_vr1.2,True
2056,002056.SZ,横店东磁,电气设备,20251024,22.07,51.12962090408561,51.12962090408561,0.0,1.47,3.8402,14107.94,4.043478260869564,momentum,BULL_TREND,27.790807753081985,93.73913043478262,100.0,65.0,55.69470570945517,30.0,0.0,16.98145555754021,0.0,2,2,E_ablate_accel_vr1.2,True
2192,002192.SZ,融捷股份,小金属,20251024,43.58,49.98722808534985,49.98722808534985,0.0,1.69,10.0719,7460.76,3.796909492273728,momentum,BULL_TREND,37.851162325372975,95.21854304635762,74.6076,80.0,58.78280448764757,0.0,0.0,41.09618534378622,0.0,3,3,E_ablate_accel_vr1.2,True
603185,603185.SH,弘元绿能,电气设备,20251027,22.95,75.51158573827784,66.83474162162457,8.67684411665327,2.24,3.0756,10424.49,2.5477707006369488,momentum,BULL_TREND,58.17493661414398,100.0,100.0,40.0,86.76844116653268,66.66666666666666,0.0,54.214795628631016,0.0,1,1,A_recovered_proxy_vr1.5,True
603160,603160.SH,汇顶科技,半导体,20251027,86.6,63.41988943375356,63.41988943375356,0.0,3.37,6.0249,13183.07,0.2763703362505862,momentum,BULL_TREND,87.6374295703567,100.0,100.0,65.0,39.44487412032787,63.33333333333333,0.0,59.68633507467818,0.0,2,2,A_recovered_proxy_vr1.5,True
2378,002378.SZ,章源钨业,小金属,20251027,13.1,59.96472589550129,59.96472589550129,0.0,2.84,6.741,8501.96,2.165795369678872,momentum,BULL_TREND,75.29454648649786,100.0,85.0196,80.0,47.12920448281708,63.33333333333333,0.0,50.74116359296528,0.0,3,3,A_recovered_proxy_vr1.5,True
603185,603185.SH,弘元绿能,电气设备,20251027,22.95,66.83474162162457,66.83474162162457,0.0,2.24,3.0756,10424.49,2.5477707006369488,momentum,BULL_TREND,58.17493661414398,100.0,100.0,40.0,86.76844116653268,66.66666666666666,0.0,54.214795628631016,0.0,1,1,B_pure_quant_vr1.5,True
603160,603160.SH,汇顶科技,半导体,20251027,86.6,63.41988943375356,63.41988943375356,0.0,3.37,6.0249,13183.07,0.2763703362505862,momentum,BULL_TREND,87.6374295703567,100.0,100.0,65.0,39.44487412032787,63.33333333333333,0.0,59.68633507467818,0.0,2,2,B_pure_quant_vr1.5,True
2378,002378.SZ,章源钨业,小金属,20251027,13.1,59.96472589550129,59.96472589550129,0.0,2.84,6.741,8501.96,2.165795369678872,momentum,BULL_TREND,75.29454648649786,100.0,85.0196,80.0,47.12920448281708,63.33333333333333,0.0,50.74116359296528,0.0,3,3,B_pure_quant_vr1.5,True
603185,603185.SH,弘元绿能,电气设备,20251027,22.95,74.59030491486831,66.22055440601822,8.369750508850093,2.24,3.0756,10424.49,2.5477707006369488,momentum,BULL_TREND,58.17493661414398,100.0,100.0,40.0,83.69750508850092,66.66666666666666,0.0,54.214795628631016,0.0,1,1,A_recovered_proxy_vr1.2,True
603160,603160.SH,汇顶科技,半导体,20251027,86.6,61.61595470920194,61.61595470920194,0.0,3.37,6.0249,13183.07,0.2763703362505862,momentum,BULL_TREND,87.6374295703567,100.0,100.0,65.0,30.425200497569737,63.33333333333333,0.0,59.68633507467818,0.0,2,2,A_recovered_proxy_vr1.2,True
2250,002250.SZ,联化科技,化工原料,20251027,12.12,58.3798896532912,58.3798896532912,0.0,2.65,7.9403,12819.28,1.8623481781376556,momentum,BULL_TREND,70.29961798379183,100.0,100.0,65.0,37.18037154413562,43.333333333333336,0.0,49.8220598022863,0.0,3,3,A_recovered_proxy_vr1.2,True
603185,603185.SH,弘元绿能,电气设备,20251027,22.95,66.22055440601822,66.22055440601822,0.0,2.24,3.0756,10424.49,2.5477707006369488,momentum,BULL_TREND,58.17493661414398,100.0,100.0,40.0,83.69750508850092,66.66666666666666,0.0,54.214795628631016,0.0,1,1,D_pure_quant_vr1.2,True
603160,603160.SH,汇顶科技,半导体,20251027,86.6,61.61595470920194,61.61595470920194,0.0,3.37,6.0249,13183.07,0.2763703362505862,momentum,BULL_TREND,87.6374295703567,100.0,100.0,65.0,30.425200497569737,63.33333333333333,0.0,59.68633507467818,0.0,2,2,D_pure_quant_vr1.2,True
2250,002250.SZ,联化科技,化工原料,20251027,12.12,58.3798896532912,58.3798896532912,0.0,2.65,7.9403,12819.28,1.8623481781376556,momentum,BULL_TREND,70.29961798379183,100.0,100.0,65.0,37.18037154413562,43.333333333333336,0.0,49.8220598022863,0.0,3,3,D_pure_quant_vr1.2,True
603160,603160.SH,汇顶科技,半导体,20251027,86.6,55.53091460968799,55.53091460968799,0.0,3.37,6.0249,13183.07,0.2763703362505862,momentum,BULL_TREND,87.6374295703567,100.0,100.0,65.0,30.425200497569737,63.33333333333333,0.0,59.68633507467818,0.0,1,1,E_ablate_sector_vr1.2,True
2258,002258.SZ,利尔化学,农药化肥,20251027,12.71,51.39329618711131,51.39329618711131,0.0,3.93,4.3102,8163.97,4.6511627906976685,momentum,BULL_TREND,98.72646562419408,90.093023255814,81.6397,65.0,26.773479470897904,33.33333333333333,0.0,63.30417351234128,0.0,2,2,E_ablate_sector_vr1.2,True
2250,002250.SZ,联化科技,化工原料,20251027,12.12,50.94381534446407,50.94381534446407,0.0,2.65,7.9403,12819.28,1.8623481781376556,momentum,BULL_TREND,70.29961798379183,100.0,100.0,65.0,37.18037154413562,43.333333333333336,0.0,49.8220598022863,0.0,3,3,E_ablate_sector_vr1.2,True
600721,600721.SH,百花医药,生物制药,20251027,9.63,47.63987624447277,47.63987624447277,0.0,2.92,7.0732,4480.94,1.2307692307692228,momentum,BULL_TREND,77.29841845526462,100.0,44.8094,100.0,45.621114425227326,100.0,0.0,69.20890591137612,0.0,1,1,E_ablate_inflow_vr1.2,True
603185,603185.SH,弘元绿能,电气设备,20251027,22.95,45.334823181040605,45.334823181040605,0.0,2.24,3.0756,10424.49,2.5477707006369488,momentum,BULL_TREND,58.17493661414398,100.0,100.0,40.0,79.26884896361285,66.66666666666666,0.0,54.214795628631016,0.0,2,2,E_ablate_inflow_vr1.2,True
603185,603185.SH,弘元绿能,电气设备,20251027,22.95,60.79907484315512,60.79907484315512,0.0,2.24,3.0756,10424.49,2.5477707006369488,momentum,BULL_TREND,58.17493661414398,100.0,100.0,40.0,83.69750508850092,66.66666666666666,0.0,54.214795628631016,0.0,1,1,E_ablate_wyckoff_vr1.2,True
603160,603160.SH,汇顶科技,半导体,20251027,86.6,55.64732120173412,55.64732120173412,0.0,3.37,6.0249,13183.07,0.2763703362505862,momentum,BULL_TREND,87.6374295703567,100.0,100.0,65.0,30.425200497569737,63.33333333333333,0.0,59.68633507467818,0.0,2,2,E_ablate_wyckoff_vr1.2,True
2250,002250.SZ,联化科技,化工原料,20251027,12.12,53.397683673062566,53.397683673062566,0.0,2.65,7.9403,12819.28,1.8623481781376556,momentum,BULL_TREND,70.29961798379183,100.0,100.0,65.0,37.18037154413562,43.333333333333336,0.0,49.8220598022863,0.0,3,3,E_ablate_wyckoff_vr1.2,True
603185,603185.SH,弘元绿能,电气设备,20251027,22.95,66.22055440601822,66.22055440601822,0.0,2.24,3.0756,10424.49,2.5477707006369488,momentum,BULL_TREND,58.17493661414398,100.0,100.0,40.0,83.69750508850092,66.66666666666666,0.0,54.214795628631016,0.0,1,1,E_ablate_accel_vr1.2,True
603160,603160.SH,汇顶科技,半导体,20251027,86.6,61.61595470920194,61.61595470920194,0.0,3.37,6.0249,13183.07,0.2763703362505862,momentum,BULL_TREND,87.6374295703567,100.0,100.0,65.0,30.425200497569737,63.33333333333333,0.0,59.68633507467818,0.0,2,2,E_ablate_accel_vr1.2,True
2250,002250.SZ,联化科技,化工原料,20251027,12.12,58.3798896532912,58.3798896532912,0.0,2.65,7.9403,12819.28,1.8623481781376556,momentum,BULL_TREND,70.29961798379183,100.0,100.0,65.0,37.18037154413562,43.333333333333336,0.0,49.8220598022863,0.0,3,3,E_ablate_accel_vr1.2,True
600755,600755.SH,厦门国贸,仓储物流,20251028,6.81,70.28027348451522,70.28027348451522,0.0,4.34,7.7349,21327.65,2.295552367288381,momentum,BULL_TREND,100.0,100.0,100.0,100.0,52.755274538737126,20.0,0.0,87.29218576767786,0.0,1,1,A_recovered_proxy_vr1.5,True
683,000683.SZ,博源化工,化工原料,20251028,6.5,67.8940661879213,67.8940661879213,0.0,3.51,3.9114,13606.39,1.8126888217522676,momentum,BULL_TREND,90.5735515264918,100.0,100.0,40.0,60.45683396140427,53.333333333333336,0.0,75.5,0.0,2,2,A_recovered_proxy_vr1.5,True
2533,002533.SZ,金杯电工,电气设备,20251028,13.16,66.4009298441372,58.91117327812085,7.489756566016353,3.02,8.7929,5106.9,2.156133828996276,momentum,BULL_TREND,79.72742747751771,100.0,51.069,80.0,74.89756566016352,53.333333333333336,0.0,50.92079357793821,0.0,3,3,A_recovered_proxy_vr1.5,True
600755,600755.SH,厦门国贸,仓储物流,20251028,6.81,70.28027348451522,70.28027348451522,0.0,4.34,7.7349,21327.65,2.295552367288381,momentum,BULL_TREND,100.0,100.0,100.0,100.0,52.755274538737126,20.0,0.0,87.29218576767786,0.0,1,1,B_pure_quant_vr1.5,True
683,000683.SZ,博源化工,化工原料,20251028,6.5,67.8940661879213,67.8940661879213,0.0,3.51,3.9114,13606.39,1.8126888217522676,momentum,BULL_TREND,90.5735515264918,100.0,100.0,40.0,60.45683396140427,53.333333333333336,0.0,75.5,0.0,2,2,B_pure_quant_vr1.5,True
605358,605358.SH,立昂微,半导体,20251028,35.96,62.05492356577842,62.05492356577842,0.0,2.19,8.6162,42559.37,1.045679691799677,momentum,BULL_TREND,56.54654349132243,100.0,100.0,65.0,59.76541397601324,66.66666666666666,0.0,50.36525913544076,0.0,3,3,B_pure_quant_vr1.5,True
605358,605358.SH,立昂微,半导体,20251028,35.96,71.15098851963224,64.13460593661341,7.016382583018822,2.19,8.6162,42559.37,1.045679691799677,momentum,BULL_TREND,56.54654349132243,100.0,100.0,65.0,70.16382583018822,66.66666666666666,0.0,50.36525913544076,0.0,1,1,A_recovered_proxy_vr1.2,True
600755,600755.SH,厦门国贸,仓储物流,20251028,6.81,69.88872854998944,69.88872854998944,0.0,4.34,7.7349,21327.65,2.295552367288381,momentum,BULL_TREND,100.0,100.0,100.0,100.0,50.79754986610824,20.0,0.0,87.29218576767786,0.0,2,2,A_recovered_proxy_vr1.2,True
301358,301358.SZ,湖南裕能,电气设备,20251028,63.96,66.4058292593501,58.92947858656507,7.476350672785038,1.55,7.7893,18060.95,2.0820575627679005,momentum,BULL_TREND,31.613410774975648,100.0,100.0,80.0,74.76350672785038,63.33333333333333,0.0,20.68098958081974,0.0,3,3,A_recovered_proxy_vr1.2,True
600755,600755.SH,厦门国贸,仓储物流,20251028,6.81,69.88872854998944,69.88872854998944,0.0,4.34,7.7349,21327.65,2.295552367288381,momentum,BULL_TREND,100.0,100.0,100.0,100.0,50.79754986610824,20.0,0.0,87.29218576767786,0.0,1,1,D_pure_quant_vr1.2,True
683,000683.SZ,博源化工,化工原料,20251028,6.5,65.86747398213055,65.86747398213055,0.0,3.51,3.9114,13606.39,1.8126888217522676,momentum,BULL_TREND,90.5735515264918,100.0,100.0,40.0,50.32387293245055,53.333333333333336,0.0,75.5,0.0,2,2,D_pure_quant_vr1.2,True
605358,605358.SH,立昂微,半导体,20251028,35.96,64.13460593661341,64.13460593661341,0.0,2.19,8.6162,42559.37,1.045679691799677,momentum,BULL_TREND,56.54654349132243,100.0,100.0,65.0,70.16382583018822,66.66666666666666,0.0,50.36525913544076,0.0,3,3,D_pure_quant_vr1.2,True
600755,600755.SH,厦门国贸,仓储物流,20251028,6.81,59.729218576767785,59.729218576767785,0.0,4.34,7.7349,21327.65,2.295552367288381,momentum,BULL_TREND,100.0,100.0,100.0,100.0,50.79754986610824,20.0,0.0,87.29218576767786,0.0,1,1,E_ablate_sector_vr1.2,True
683,000683.SZ,博源化工,化工原料,20251028,6.5,55.80269939564044,55.80269939564044,0.0,3.51,3.9114,13606.39,1.8126888217522676,momentum,BULL_TREND,90.5735515264918,100.0,100.0,40.0,50.32387293245055,53.333333333333336,0.0,75.5,0.0,2,2,E_ablate_sector_vr1.2,True
301265,301265.SZ,华新科技,环境保护,20251028,12.51,51.26827283842226,51.26827283842226,0.0,4.03,11.1476,5320.47,2.948021722265328,momentum,BULL_TREND,100.0,100.0,53.2047,60.0,42.74662145387723,86.66666666666667,0.0,82.93999505088931,0.0,3,3,E_ablate_sector_vr1.2,True
600755,600755.SH,厦门国贸,仓储物流,20251028,6.81,49.9277736713202,49.9277736713202,0.0,4.34,7.7349,21327.65,2.295552367288381,momentum,BULL_TREND,100.0,100.0,100.0,100.0,50.992775472762034,20.0,0.0,87.29218576767786,0.0,1,1,E_ablate_inflow_vr1.2,True
301265,301265.SZ,华新科技,环境保护,20251028,12.51,49.20082399079302,49.20082399079302,0.0,4.03,11.1476,5320.47,2.948021722265328,momentum,BULL_TREND,100.0,100.0,53.2047,60.0,42.86745576185376,86.66666666666667,0.0,82.93999505088931,0.0,2,2,E_ablate_inflow_vr1.2,True
2533,002533.SZ,金杯电工,电气设备,20251028,13.16,48.6348172552809,48.6348172552809,0.0,3.02,8.7929,5106.9,2.156133828996276,momentum,BULL_TREND,79.72742747751771,100.0,51.069,80.0,74.58478554596378,53.333333333333336,0.0,50.92079357793821,0.0,3,3,E_ablate_inflow_vr1.2,True
600755,600755.SH,厦门国贸,仓储物流,20251028,6.81,61.159509973221645,61.159509973221645,0.0,4.34,7.7349,21327.65,2.295552367288381,momentum,BULL_TREND,100.0,100.0,100.0,100.0,50.79754986610824,20.0,0.0,87.29218576767786,0.0,1,1,E_ablate_wyckoff_vr1.2,True
605358,605358.SH,立昂微,半导体,20251028,35.96,59.09808002306934,59.09808002306934,0.0,2.19,8.6162,42559.37,1.045679691799677,momentum,BULL_TREND,56.54654349132243,100.0,100.0,65.0,70.16382583018822,66.66666666666666,0.0,50.36525913544076,0.0,2,2,E_ablate_wyckoff_vr1.2,True
683,000683.SZ,博源化工,化工原料,20251028,6.5,58.317473982130544,58.317473982130544,0.0,3.51,3.9114,13606.39,1.8126888217522676,momentum,BULL_TREND,90.5735515264918,100.0,100.0,40.0,50.32387293245055,53.333333333333336,0.0,75.5,0.0,3,3,E_ablate_wyckoff_vr1.2,True
600755,600755.SH,厦门国贸,仓储物流,20251028,6.81,69.88872854998944,69.88872854998944,0.0,4.34,7.7349,21327.65,2.295552367288381,momentum,BULL_TREND,100.0,100.0,100.0,100.0,50.79754986610824,20.0,0.0,87.29218576767786,0.0,1,1,E_ablate_accel_vr1.2,True
683,000683.SZ,博源化工,化工原料,20251028,6.5,65.86747398213055,65.86747398213055,0.0,3.51,3.9114,13606.39,1.8126888217522676,momentum,BULL_TREND,90.5735515264918,100.0,100.0,40.0,50.32387293245055,53.333333333333336,0.0,75.5,0.0,2,2,E_ablate_accel_vr1.2,True
605358,605358.SH,立昂微,半导体,20251028,35.96,64.13460593661341,64.13460593661341,0.0,2.19,8.6162,42559.37,1.045679691799677,momentum,BULL_TREND,56.54654349132243,100.0,100.0,65.0,70.16382583018822,66.66666666666666,0.0,50.36525913544076,0.0,3,3,E_ablate_accel_vr1.2,True
49,000049.SZ,德赛电池,电气设备,20251029,28.37,71.60373049564808,63.3044297897301,8.299300705917977,2.0,4.4499,11350.79,4.090601757944548,momentum,BULL_TREND,50.0,93.45638945233271,100.0,40.0,82.99300705917976,63.33333333333333,0.0,46.93522765994207,0.0,1,1,A_recovered_proxy_vr1.5,True
400,000400.SZ,许继电气,电气设备,20251029,26.84,70.35348463887496,62.05418393295699,8.299300705917977,1.85,6.4195,26272.8,4.653641207815271,momentum,BULL_TREND,44.376263537079375,90.07815275310836,100.0,65.0,82.99300705917976,66.66666666666666,0.0,32.07994381914954,0.0,2,2,A_recovered_proxy_vr1.5,True
600312,600312.SH,平高电气,电气设备,20251029,18.22,70.16428070099582,61.86497999507784,8.299300705917977,1.69,4.006,17028.75,1.2466124661246636,momentum,BULL_TREND,37.851162325372975,100.0,100.0,40.0,82.99300705917976,66.66666666666666,0.0,42.55370901102605,0.0,3,3,A_recovered_proxy_vr1.5,True
2195,002195.SZ,岩山科技,软件服务,20251029,8.1,63.9573809821477,63.9573809821477,0.0,2.42,10.5479,83703.24,2.9940119760479043,momentum,BULL_TREND,63.75035237499349,100.0,100.0,80.0,50.55853583319488,63.33333333333333,0.0,71.16454292593039,0.0,1,1,B_pure_quant_vr1.5,True
49,000049.SZ,德赛电池,电气设备,20251029,28.37,63.3044297897301,63.3044297897301,0.0,2.0,4.4499,11350.79,4.090601757944548,momentum,BULL_TREND,50.0,93.45638945233271,100.0,40.0,82.99300705917976,63.33333333333333,0.0,46.93522765994207,0.0,2,2,B_pure_quant_vr1.5,True
400,000400.SZ,许继电气,电气设备,20251029,26.84,62.05418393295699,62.05418393295699,0.0,1.85,6.4195,26272.8,4.653641207815271,momentum,BULL_TREND,44.376263537079375,90.07815275310836,100.0,65.0,82.99300705917976,66.66666666666666,0.0,32.07994381914954,0.0,3,3,B_pure_quant_vr1.5,True
2378,002378.SZ,章源钨业,小金属,20251029,14.11,73.45331100686066,65.06994344479182,8.383367562068836,2.02,8.8563,16628.93,0.0,momentum,BULL_TREND,50.7177646488535,100.0,100.0,80.0,83.83367562068835,33.33333333333333,0.0,50.28876956659456,0.0,1,1,A_recovered_proxy_vr1.2,True
2428,002428.SZ,云南锗业,小金属,20251029,29.45,72.73251101270199,64.34914345063315,8.383367562068836,2.07,8.1876,39743.32,4.071661237785016,momentum,BULL_TREND,52.48153838623002,93.57003257328992,100.0,80.0,83.83367562068835,66.66666666666666,0.0,30.198409778986576,0.0,2,2,A_recovered_proxy_vr1.2,True
49,000049.SZ,德赛电池,电气设备,20251029,28.37,70.9623212351957,62.87682361609518,8.085497619100517,2.0,4.4499,11350.79,4.090601757944548,momentum,BULL_TREND,50.0,93.45638945233271,100.0,40.0,80.85497619100516,63.33333333333333,0.0,46.93522765994207,0.0,3,3,A_recovered_proxy_vr1.2,True
2378,002378.SZ,章源钨业,小金属,20251029,14.11,65.06994344479182,65.06994344479182,0.0,2.02,8.8563,16628.93,0.0,momentum,BULL_TREND,50.7177646488535,100.0,100.0,80.0,83.83367562068835,33.33333333333333,0.0,50.28876956659456,0.0,1,1,D_pure_quant_vr1.2,True
2428,002428.SZ,云南锗业,小金属,20251029,29.45,64.34914345063315,64.34914345063315,0.0,2.07,8.1876,39743.32,4.071661237785016,momentum,BULL_TREND,52.48153838623002,93.57003257328992,100.0,80.0,83.83367562068835,66.66666666666666,0.0,30.198409778986576,0.0,2,2,D_pure_quant_vr1.2,True
2195,002195.SZ,岩山科技,软件服务,20251029,8.1,63.29418545066802,63.29418545066802,0.0,2.42,10.5479,83703.24,2.9940119760479043,momentum,BULL_TREND,63.75035237499349,100.0,100.0,80.0,47.24255817579643,63.33333333333333,0.0,71.16454292593039,0.0,3,3,D_pure_quant_vr1.2,True
2195,002195.SZ,岩山科技,软件服务,20251029,8.1,53.84567381550873,53.84567381550873,0.0,2.42,10.5479,83703.24,2.9940119760479043,momentum,BULL_TREND,63.75035237499349,100.0,100.0,80.0,47.24255817579643,63.33333333333333,0.0,71.16454292593039,0.0,1,1,E_ablate_sector_vr1.2,True
735,000735.SZ,罗牛山,农业综合,20251029,7.17,52.00370713116021,52.00370713116021,0.0,2.46,5.9668,9683.9,2.1828103683492515,momentum,BULL_TREND,64.93291577822575,100.0,96.839,100.0,43.94701352670046,30.0,0.0,63.95969764426346,0.0,2,2,E_ablate_sector_vr1.2,True
603688,603688.SH,石英股份,矿物制品,20251029,42.96,51.58211098127066,51.58211098127066,0.0,2.53,5.9054,10068.72,3.590664272890488,momentum,BULL_TREND,66.95686924597926,96.45601436265709,100.0,100.0,12.049062612823452,53.333333333333336,0.0,42.26312491441398,0.0,3,3,E_ablate_sector_vr1.2,True
2350,002350.SZ,北京科锐,电气设备,20251029,7.93,46.46941911061378,46.46941911061378,0.0,2.42,5.9606,4313.03,0.8750000000000036,momentum,BULL_TREND,63.75035237499349,100.0,43.1303,65.0,77.88369589021096,20.0,0.0,70.80127076322563,0.0,1,1,E_ablate_inflow_vr1.2,True
2378,002378.SZ,章源钨业,小金属,20251029,14.11,45.340646501913504,45.340646501913504,0.0,2.02,8.8563,16628.93,0.0,momentum,BULL_TREND,50.7177646488535,100.0,100.0,80.0,85.18719090629676,33.33333333333333,0.0,50.28876956659456,0.0,2,2,E_ablate_inflow_vr1.2,True
2428,002428.SZ,云南锗业,小金属,20251029,29.45,61.3293024727345,61.3293024727345,0.0,2.07,8.1876,39743.32,4.071661237785016,momentum,BULL_TREND,52.48153838623002,93.57003257328992,100.0,80.0,83.83367562068835,66.66666666666666,0.0,30.198409778986576,0.0,1,1,E_ablate_wyckoff_vr1.2,True
2378,002378.SZ,章源钨业,小金属,20251029,14.11,60.041066488132365,60.041066488132365,0.0,2.02,8.8563,16628.93,0.0,momentum,BULL_TREND,50.7177646488535,100.0,100.0,80.0,83.83367562068835,33.33333333333333,0.0,50.28876956659456,0.0,2,2,E_ablate_wyckoff_vr1.2,True
400,000400.SZ,许继电气,电气设备,20251029,26.84,58.41858337740711,58.41858337740711,0.0,1.85,6.4195,26272.8,4.653641207815271,momentum,BULL_TREND,44.376263537079375,90.07815275310836,100.0,65.0,80.85497619100516,66.66666666666666,0.0,32.07994381914954,0.0,3,3,E_ablate_wyckoff_vr1.2,True
2378,002378.SZ,章源钨业,小金属,20251029,14.11,65.06994344479182,65.06994344479182,0.0,2.02,8.8563,16628.93,0.0,momentum,BULL_TREND,50.7177646488535,100.0,100.0,80.0,83.83367562068835,33.33333333333333,0.0,50.28876956659456,0.0,1,1,E_ablate_accel_vr1.2,True
2428,002428.SZ,云南锗业,小金属,20251029,29.45,64.34914345063315,64.34914345063315,0.0,2.07,8.1876,39743.32,4.071661237785016,momentum,BULL_TREND,52.48153838623002,93.57003257328992,100.0,80.0,83.83367562068835,66.66666666666666,0.0,30.198409778986576,0.0,2,2,E_ablate_accel_vr1.2,True
2195,002195.SZ,岩山科技,软件服务,20251029,8.1,63.29418545066802,63.29418545066802,0.0,2.42,10.5479,83703.24,2.9940119760479043,momentum,BULL_TREND,63.75035237499349,100.0,100.0,80.0,47.24255817579643,63.33333333333333,0.0,71.16454292593039,0.0,3,3,E_ablate_accel_vr1.2,True
2738,002738.SZ,中矿资源,小金属,20251030,56.9,68.58763600578287,60.777579065287135,7.810056940495733,1.89,6.3716,20090.84,1.6931582584657985,momentum,BULL_TREND,45.9193117223174,100.0,100.0,65.0,78.10056940495733,33.33333333333333,0.0,33.52901759281393,0.0,1,1,A_recovered_proxy_vr1.5,True
601012,601012.SH,隆基绿能,电气设备,20251030,21.51,64.72328017075199,59.25967835372716,5.463601817024824,2.49,6.4996,78534.61,2.845528455284548,momentum,BULL_TREND,65.80728711466783,100.0,100.0,65.0,54.63601817024824,0.0,0.0,52.113816524773405,0.0,2,2,A_recovered_proxy_vr1.5,True
601888,601888.SH,中国中免,旅游服务,20251030,73.1,61.73151492268829,61.73151492268829,0.0,3.08,3.3979,61019.85,3.178807947019876,momentum,BULL_TREND,81.14651754600884,98.92715231788075,100.0,80.0,32.25077696166112,33.33333333333333,0.0,75.5,0.0,3,3,A_recovered_proxy_vr1.5,True
601888,601888.SH,中国中免,旅游服务,20251030,73.1,61.73151492268829,61.73151492268829,0.0,3.08,3.3979,61019.85,3.178807947019876,momentum,BULL_TREND,81.14651754600884,98.92715231788075,100.0,80.0,32.25077696166112,33.33333333333333,0.0,75.5,0.0,1,1,B_pure_quant_vr1.5,True
2738,002738.SZ,中矿资源,小金属,20251030,56.9,60.777579065287135,60.777579065287135,0.0,1.89,6.3716,20090.84,1.6931582584657985,momentum,BULL_TREND,45.9193117223174,100.0,100.0,65.0,78.10056940495733,33.33333333333333,0.0,33.52901759281393,0.0,2,2,B_pure_quant_vr1.5,True
601012,601012.SH,隆基绿能,电气设备,20251030,21.51,59.25967835372716,59.25967835372716,0.0,2.49,6.4996,78534.61,2.845528455284548,momentum,BULL_TREND,65.80728711466783,100.0,100.0,65.0,54.63601817024824,0.0,0.0,52.113816524773405,0.0,3,3,B_pure_quant_vr1.5,True
2738,002738.SZ,中矿资源,小金属,20251030,56.9,68.59124748505005,60.77998671813192,7.811260766918124,1.89,6.3716,20090.84,1.6931582584657985,momentum,BULL_TREND,45.9193117223174,100.0,100.0,65.0,78.11260766918124,33.33333333333333,0.0,33.52901759281393,0.0,1,1,A_recovered_proxy_vr1.2,True
601012,601012.SH,隆基绿能,电气设备,20251030,21.51,66.53817769447963,60.46961003621226,6.068567658267372,2.49,6.4996,78534.61,2.845528455284548,momentum,BULL_TREND,65.80728711466783,100.0,100.0,65.0,60.68567658267372,0.0,0.0,52.113816524773405,0.0,2,2,A_recovered_proxy_vr1.2,True
2805,002805.SZ,丰元股份,电气设备,20251030,14.72,63.36263343573735,57.29406577746998,6.068567658267372,2.28,8.2251,7183.64,1.5384615384615294,momentum,BULL_TREND,59.451691219500844,100.0,71.8364,65.0,60.68567658267372,43.333333333333336,0.0,64.55230111343445,0.0,3,3,A_recovered_proxy_vr1.2,True
601888,601888.SH,中国中免,旅游服务,20251030,73.1,61.7259572079134,61.7259572079134,0.0,3.08,3.3979,61019.85,3.178807947019876,momentum,BULL_TREND,81.14651754600884,98.92715231788075,100.0,80.0,32.22298838778663,33.33333333333333,0.0,75.5,0.0,1,1,D_pure_quant_vr1.2,True
2738,002738.SZ,中矿资源,小金属,20251030,56.9,60.77998671813192,60.77998671813192,0.0,1.89,6.3716,20090.84,1.6931582584657985,momentum,BULL_TREND,45.9193117223174,100.0,100.0,65.0,78.11260766918124,33.33333333333333,0.0,33.52901759281393,0.0,2,2,D_pure_quant_vr1.2,True
601012,601012.SH,隆基绿能,电气设备,20251030,21.51,60.46961003621226,60.46961003621226,0.0,2.49,6.4996,78534.61,2.845528455284548,momentum,BULL_TREND,65.80728711466783,100.0,100.0,65.0,60.68567658267372,0.0,0.0,52.113816524773405,0.0,3,3,D_pure_quant_vr1.2,True
601888,601888.SH,中国中免,旅游服务,20251030,73.1,55.28135953035607,55.28135953035607,0.0,3.08,3.3979,61019.85,3.178807947019876,momentum,BULL_TREND,81.14651754600884,98.92715231788075,100.0,80.0,32.22298838778663,33.33333333333333,0.0,75.5,0.0,1,1,E_ablate_sector_vr1.2,True
600219,600219.SH,南山铝业,铝,20251030,4.75,52.60894890576205,52.60894890576205,0.0,2.9,8.1102,30307.49,1.8595041322314023,momentum,BULL_TREND,76.80264501201049,100.0,100.0,80.0,36.01777083542042,10.0,0.0,65.88552153960475,0.0,2,2,E_ablate_sector_vr1.2,True
603876,603876.SH,鼎胜新材,铝,20251030,11.64,51.90715511690693,51.90715511690693,0.0,2.46,5.6371,9437.81,1.689189189189183,momentum,BULL_TREND,64.93291577822575,100.0,94.3781,65.0,36.01777083542042,53.333333333333336,0.0,73.74931083506401,0.0,3,3,E_ablate_sector_vr1.2,True
601518,601518.SH,吉林高速,路桥,20251030,3.0,48.38779560285231,48.38779560285231,0.0,4.67,4.2515,3588.64,1.960784313725492,momentum,BULL_TREND,100.0,100.0,35.8864,80.0,49.95380410490003,20.0,0.0,83.97034781872301,0.0,1,1,E_ablate_inflow_vr1.2,True
603045,603045.SH,福达合金,小金属,20251030,22.77,47.26518667970435,47.26518667970435,0.0,2.27,9.3272,-1112.6,0.4372540445999187,momentum,BULL_TREND,59.13461487580951,100.0,0.0,80.0,76.23356142907207,30.0,0.0,76.4828216251851,0.0,2,2,E_ablate_inflow_vr1.2,True
2738,002738.SZ,中矿资源,小金属,20251030,56.9,57.42708495885052,57.42708495885052,0.0,1.89,6.3716,20090.84,1.6931582584657985,momentum,BULL_TREND,45.9193117223174,100.0,100.0,65.0,78.11260766918124,33.33333333333333,0.0,33.52901759281393,0.0,1,1,E_ablate_wyckoff_vr1.2,True
601012,601012.SH,隆基绿能,电气设备,20251030,21.51,55.25822838373492,55.25822838373492,0.0,2.49,6.4996,78534.61,2.845528455284548,momentum,BULL_TREND,65.80728711466783,100.0,100.0,65.0,60.68567658267372,0.0,0.0,52.113816524773405,0.0,2,2,E_ablate_wyckoff_vr1.2,True
2922,002922.SZ,伊戈尔,电气设备,20251030,26.14,54.25112775443571,54.25112775443571,0.0,1.87,11.1138,12140.52,3.542435424354246,momentum,BULL_TREND,45.1519135056456,96.74538745387451,100.0,80.0,60.68567658267372,33.33333333333333,0.0,14.079648437144336,0.0,3,3,E_ablate_wyckoff_vr1.2,True
601888,601888.SH,中国中免,旅游服务,20251030,73.1,61.7259572079134,61.7259572079134,0.0,3.08,3.3979,61019.85,3.178807947019876,momentum,BULL_TREND,81.14651754600884,98.92715231788075,100.0,80.0,32.22298838778663,33.33333333333333,0.0,75.5,0.0,1,1,E_ablate_accel_vr1.2,True
2738,002738.SZ,中矿资源,小金属,20251030,56.9,60.77998671813192,60.77998671813192,0.0,1.89,6.3716,20090.84,1.6931582584657985,momentum,BULL_TREND,45.9193117223174,100.0,100.0,65.0,78.11260766918124,33.33333333333333,0.0,33.52901759281393,0.0,2,2,E_ablate_accel_vr1.2,True
601012,601012.SH,隆基绿能,电气设备,20251030,21.51,60.46961003621226,60.46961003621226,0.0,2.49,6.4996,78534.61,2.845528455284548,momentum,BULL_TREND,65.80728711466783,100.0,100.0,65.0,60.68567658267372,0.0,0.0,52.113816524773405,0.0,3,3,E_ablate_accel_vr1.2,True
2990,002990.SZ,盛视科技,软件服务,20251031,29.51,82.23134281776483,74.0132773906694,8.218065427095425,3.79,5.4595,7060.12,1.894946808510628,weak_momentum,BULL_TREND,96.10989241981837,66.84840425531883,70.6012,80.0,82.18065427095425,96.66666666666669,100.0,84.70891695387944,0.0,1,1,A_recovered_proxy_vr1.5,True
600588,600588.SH,用友网络,软件服务,20251031,15.6,82.18372821996971,73.96566279287428,8.218065427095425,2.4,4.048,47670.15,6.921241050119342,weak_momentum,BULL_TREND,63.151720291689685,100.0,100.0,65.0,82.18065427095425,63.33333333333333,100.0,71.66093294540688,0.0,2,2,A_recovered_proxy_vr1.5,True
600797,600797.SH,浙大网新,软件服务,20251031,10.67,78.45949923729769,70.24143381020227,8.218065427095425,1.81,6.3255,16283.8,11.525704809286903,weak_momentum,BULL_TREND,42.799484865424034,100.0,100.0,80.0,82.18065427095425,33.33333333333333,83.30199999999999,77.75097515385902,0.0,3,3,A_recovered_proxy_vr1.5,True
2990,002990.SZ,盛视科技,软件服务,20251031,29.51,74.0132773906694,74.0132773906694,0.0,3.79,5.4595,7060.12,1.894946808510628,weak_momentum,BULL_TREND,96.10989241981837,66.84840425531883,70.6012,80.0,82.18065427095425,96.66666666666669,100.0,84.70891695387944,0.0,1,1,B_pure_quant_vr1.5,True
600588,600588.SH,用友网络,软件服务,20251031,15.6,73.96566279287428,73.96566279287428,0.0,2.4,4.048,47670.15,6.921241050119342,weak_momentum,BULL_TREND,63.151720291689685,100.0,100.0,65.0,82.18065427095425,63.33333333333333,100.0,71.66093294540688,0.0,2,2,B_pure_quant_vr1.5,True
603123,603123.SH,翠微股份,多元金融,20251031,12.38,73.33123082100123,73.33123082100123,0.0,3.53,6.0905,11289.39,6.77710843373493,weak_momentum,BULL_TREND,90.98340917482275,100.0,100.0,65.0,43.60613293017924,33.33333333333333,100.0,88.17421892389507,0.0,3,3,B_pure_quant_vr1.5,True
2990,002990.SZ,盛视科技,软件服务,20251031,29.51,81.64146390600352,73.65935004361262,7.982113862390908,3.79,5.4595,7060.12,1.894946808510628,weak_momentum,BULL_TREND,96.10989241981837,66.84840425531883,70.6012,80.0,79.82113862390908,96.66666666666669,100.0,84.70891695387944,0.0,1,1,A_recovered_proxy_vr1.2,True
600588,600588.SH,用友网络,软件服务,20251031,15.6,81.59384930820842,73.61173544581752,7.982113862390908,2.4,4.048,47670.15,6.921241050119342,weak_momentum,BULL_TREND,63.151720291689685,100.0,100.0,65.0,79.82113862390908,63.33333333333333,100.0,71.66093294540688,0.0,2,2,A_recovered_proxy_vr1.2,True
600797,600797.SH,浙大网新,软件服务,20251031,10.67,77.86962032553639,69.88750646314548,7.982113862390908,1.81,6.3255,16283.8,11.525704809286903,weak_momentum,BULL_TREND,42.799484865424034,100.0,100.0,80.0,79.82113862390908,33.33333333333333,83.30199999999999,77.75097515385902,0.0,3,3,A_recovered_proxy_vr1.2,True
2990,002990.SZ,盛视科技,软件服务,20251031,29.51,73.65935004361262,73.65935004361262,0.0,3.79,5.4595,7060.12,1.894946808510628,weak_momentum,BULL_TREND,96.10989241981837,66.84840425531883,70.6012,80.0,79.82113862390908,96.66666666666669,100.0,84.70891695387944,0.0,1,1,D_pure_quant_vr1.2,True
600588,600588.SH,用友网络,软件服务,20251031,15.6,73.61173544581752,73.61173544581752,0.0,2.4,4.048,47670.15,6.921241050119342,weak_momentum,BULL_TREND,63.151720291689685,100.0,100.0,65.0,79.82113862390908,63.33333333333333,100.0,71.66093294540688,0.0,2,2,D_pure_quant_vr1.2,True
603123,603123.SH,翠微股份,多元金融,20251031,12.38,72.38772765742193,72.38772765742193,0.0,3.53,6.0905,11289.39,6.77710843373493,weak_momentum,BULL_TREND,90.98340917482275,100.0,100.0,65.0,37.31611183965067,33.33333333333333,100.0,88.17421892389507,0.0,3,3,D_pure_quant_vr1.2,True
603123,603123.SH,翠微股份,多元金融,20251031,12.38,66.79031088147434,66.79031088147434,0.0,3.53,6.0905,11289.39,6.77710843373493,weak_momentum,BULL_TREND,90.98340917482275,100.0,100.0,65.0,37.31611183965067,33.33333333333333,100.0,88.17421892389507,0.0,1,1,E_ablate_sector_vr1.2,True
2456,002456.SZ,欧菲光,元器件,20251031,12.33,64.32198846989652,64.32198846989652,0.0,2.17,5.1216,46963.55,10.522496371552972,weak_momentum,BULL_TREND,55.88475213348772,100.0,100.0,100.0,32.26994613849245,96.66666666666669,98.196,74.64094877693358,0.0,2,2,E_ablate_sector_vr1.2,True
2990,002990.SZ,盛视科技,软件服务,20251031,29.51,61.68617925002626,61.68617925002626,0.0,3.79,5.4595,7060.12,1.894946808510628,weak_momentum,BULL_TREND,96.10989241981837,66.84840425531883,70.6012,80.0,79.82113862390908,96.66666666666669,100.0,84.70891695387944,0.0,3,3,E_ablate_sector_vr1.2,True
2990,002990.SZ,盛视科技,软件服务,20251031,29.51,60.95113404361262,60.95113404361262,0.0,3.79,5.4595,7060.12,1.894946808510628,weak_momentum,BULL_TREND,96.10989241981837,66.84840425531883,70.6012,80.0,79.82113862390908,96.66666666666669,100.0,84.70891695387944,0.0,1,1,E_ablate_inflow_vr1.2,True
301185,301185.SZ,鸥玛软件,软件服务,20251031,20.12,60.29817079358636,60.29817079358636,0.0,4.24,10.3164,3697.07,3.501199040767388,weak_momentum,BULL_TREND,100.0,100.0,36.9707,100.0,79.82113862390908,0.0,100.0,75.5,0.0,2,2,E_ablate_inflow_vr1.2,True
600588,600588.SH,用友网络,软件服务,20251031,15.6,55.61173544581752,55.61173544581752,0.0,2.4,4.048,47670.15,6.921241050119342,weak_momentum,BULL_TREND,63.151720291689685,100.0,100.0,65.0,79.82113862390908,63.33333333333333,100.0,71.66093294540688,0.0,3,3,E_ablate_inflow_vr1.2,True
600588,600588.SH,用友网络,软件服务,20251031,15.6,62.86259550400648,62.86259550400648,0.0,2.4,4.048,47670.15,6.921241050119342,weak_momentum,BULL_TREND,63.151720291689685,100.0,100.0,65.0,79.82113862390908,63.33333333333333,100.0,71.66093294540688,0.0,1,1,E_ablate_wyckoff_vr1.2,True
2990,002990.SZ,盛视科技,软件服务,20251031,29.51,60.953012500530704,60.953012500530704,0.0,3.79,5.4595,7060.12,1.894946808510628,weak_momentum,BULL_TREND,96.10989241981837,66.84840425531883,70.6012,80.0,79.82113862390908,96.66666666666669,100.0,84.70891695387944,0.0,2,2,E_ablate_wyckoff_vr1.2,True
603123,603123.SH,翠微股份,多元金融,20251031,12.38,59.16159481883768,59.16159481883768,0.0,3.53,6.0905,11289.39,6.77710843373493,weak_momentum,BULL_TREND,90.98340917482275,100.0,100.0,65.0,37.31611183965067,33.33333333333333,100.0,88.17421892389507,0.0,3,3,E_ablate_wyckoff_vr1.2,True
2990,002990.SZ,盛视科技,软件服务,20251031,29.51,73.65935004361262,73.65935004361262,0.0,3.79,5.4595,7060.12,1.894946808510628,weak_momentum,BULL_TREND,96.10989241981837,66.84840425531883,70.6012,80.0,79.82113862390908,96.66666666666669,100.0,84.70891695387944,0.0,1,1,E_ablate_accel_vr1.2,True
600588,600588.SH,用友网络,软件服务,20251031,15.6,73.61173544581752,73.61173544581752,0.0,2.4,4.048,47670.15,6.921241050119342,weak_momentum,BULL_TREND,63.151720291689685,100.0,100.0,65.0,79.82113862390908,63.33333333333333,100.0,71.66093294540688,0.0,2,2,E_ablate_accel_vr1.2,True
603123,603123.SH,翠微股份,多元金融,20251031,12.38,72.38772765742193,72.38772765742193,0.0,3.53,6.0905,11289.39,6.77710843373493,weak_momentum,BULL_TREND,90.98340917482275,100.0,100.0,65.0,37.31611183965067,33.33333333333333,100.0,88.17421892389507,0.0,3,3,E_ablate_accel_vr1.2,True
600742,600742.SH,富维股份,汽车配件,20251103,9.79,70.53350109313695,62.11732073807829,8.416180355058666,2.74,3.0366,5358.16,5.31914893617022,weak_momentum,BULL_TREND,72.7087946592901,100.0,53.5816,40.0,84.16180355058665,43.333333333333336,0.0,85.16917559953404,0.0,1,1,A_recovered_proxy_vr1.5,True
600609,600609.SH,金杯汽车,汽车配件,20251103,4.84,68.88833740314975,60.47215704809109,8.416180355058666,2.5,3.9135,5484.72,3.006012024048103,weak_momentum,BULL_TREND,66.09640474436812,100.0,54.8472,65.0,84.16180355058665,30.0,0.0,75.40619869231915,0.0,2,2,A_recovered_proxy_vr1.5,True
533,000533.SZ,顺钠股份,电气设备,20251103,7.19,66.52921271983071,58.79888270717094,7.730330012659767,1.81,5.7441,9396.93,7.93854033290652,weak_momentum,BULL_TREND,42.799484865424034,100.0,93.9693,65.0,77.30330012659766,63.33333333333333,0.0,36.34882861134014,0.0,3,3,A_recovered_proxy_vr1.5,True
600742,600742.SH,富维股份,汽车配件,20251103,9.79,62.11732073807829,62.11732073807829,0.0,2.74,3.0366,5358.16,5.31914893617022,weak_momentum,BULL_TREND,72.7087946592901,100.0,53.5816,40.0,84.16180355058665,43.333333333333336,0.0,85.16917559953404,0.0,1,1,B_pure_quant_vr1.5,True
600609,600609.SH,金杯汽车,汽车配件,20251103,4.84,60.47215704809109,60.47215704809109,0.0,2.5,3.9135,5484.72,3.006012024048103,weak_momentum,BULL_TREND,66.09640474436812,100.0,54.8472,65.0,84.16180355058665,30.0,0.0,75.40619869231915,0.0,2,2,B_pure_quant_vr1.5,True
533,000533.SZ,顺钠股份,电气设备,20251103,7.19,58.79888270717094,58.79888270717094,0.0,1.81,5.7441,9396.93,7.93854033290652,weak_momentum,BULL_TREND,42.799484865424034,100.0,93.9693,65.0,77.30330012659766,63.33333333333333,0.0,36.34882861134014,0.0,3,3,B_pure_quant_vr1.5,True
600742,600742.SH,富维股份,汽车配件,20251103,9.79,69.23713085472481,61.339498595031,7.897632259693812,2.74,3.0366,5358.16,5.31914893617022,weak_momentum,BULL_TREND,72.7087946592901,100.0,53.5816,40.0,78.97632259693812,43.333333333333336,0.0,85.16917559953404,0.0,1,1,A_recovered_proxy_vr1.2,True
533,000533.SZ,顺钠股份,电气设备,20251103,7.19,67.61097136486237,59.447937894189934,8.16303347067243,1.81,5.7441,9396.93,7.93854033290652,weak_momentum,BULL_TREND,42.799484865424034,100.0,93.9693,65.0,81.63033470672428,63.33333333333333,0.0,36.34882861134014,0.0,2,2,A_recovered_proxy_vr1.2,True
600609,600609.SH,金杯汽车,汽车配件,20251103,4.84,67.59196716473761,59.6943349050438,7.897632259693812,2.5,3.9135,5484.72,3.006012024048103,weak_momentum,BULL_TREND,66.09640474436812,100.0,54.8472,65.0,78.97632259693812,30.0,0.0,75.40619869231915,0.0,3,3,A_recovered_proxy_vr1.2,True
600742,600742.SH,富维股份,汽车配件,20251103,9.79,61.339498595031,61.339498595031,0.0,2.74,3.0366,5358.16,5.31914893617022,weak_momentum,BULL_TREND,72.7087946592901,100.0,53.5816,40.0,78.97632259693812,43.333333333333336,0.0,85.16917559953404,0.0,1,1,D_pure_quant_vr1.2,True
600609,600609.SH,金杯汽车,汽车配件,20251103,4.84,59.6943349050438,59.6943349050438,0.0,2.5,3.9135,5484.72,3.006012024048103,weak_momentum,BULL_TREND,66.09640474436812,100.0,54.8472,65.0,78.97632259693812,30.0,0.0,75.40619869231915,0.0,2,2,D_pure_quant_vr1.2,True
533,000533.SZ,顺钠股份,电气设备,20251103,7.19,59.447937894189934,59.447937894189934,0.0,1.81,5.7441,9396.93,7.93854033290652,weak_momentum,BULL_TREND,42.799484865424034,100.0,93.9693,65.0,81.63033470672428,63.33333333333333,0.0,36.34882861134014,0.0,3,3,D_pure_quant_vr1.2,True
600977,600977.SH,中国电影,影视音像,20251103,15.04,50.83210090431523,50.83210090431523,0.0,1.72,4.0036,9419.99,5.349276274386415,weak_momentum,BULL_TREND,39.12042824636866,100.0,94.1999,80.0,53.46463416956784,20.0,0.0,73.38703111573292,0.0,1,1,E_ablate_sector_vr1.2,True
600742,600742.SH,富维股份,汽车配件,20251103,9.79,49.49305020549029,49.49305020549029,0.0,2.74,3.0366,5358.16,5.31914893617022,weak_momentum,BULL_TREND,72.7087946592901,100.0,53.5816,40.0,78.97632259693812,43.333333333333336,0.0,85.16917559953404,0.0,2,2,E_ablate_sector_vr1.2,True
600789,600789.SH,鲁抗医药,化学制药,20251103,10.25,49.21481457872464,49.21481457872464,0.0,2.22,6.6565,7955.86,4.651162790697675,weak_momentum,BULL_TREND,57.52798382876907,100.0,79.5586,80.0,34.71774881578134,33.33333333333333,0.0,57.32268225161747,0.0,3,3,E_ablate_sector_vr1.2,True
600742,600742.SH,富维股份,汽车配件,20251103,9.79,50.99059116189676,50.99059116189676,0.0,2.74,3.0366,5358.16,5.31914893617022,weak_momentum,BULL_TREND,72.7087946592901,100.0,53.5816,40.0,74.28152637604312,43.333333333333336,0.0,85.16917559953404,0.0,1,1,E_ablate_inflow_vr1.2,True
600609,600609.SH,金杯汽车,汽车配件,20251103,4.84,47.86761947190956,47.86761947190956,0.0,2.5,3.9135,5484.72,3.006012024048103,weak_momentum,BULL_TREND,66.09640474436812,100.0,54.8472,40.0,74.28152637604312,30.0,0.0,75.40619869231915,0.0,2,2,E_ablate_inflow_vr1.2,True
603158,603158.SH,腾龙股份,汽车配件,20251103,10.5,47.23589090693999,47.23589090693999,0.0,1.87,5.4461,-155.31,5.234657039711192,weak_momentum,BULL_TREND,45.1519135056456,100.0,0.0,65.0,74.28152637604312,53.333333333333336,0.0,76.02805505346673,0.0,3,3,E_ablate_inflow_vr1.2,True
533,000533.SZ,顺钠股份,电气设备,20251103,7.19,53.99561360248891,53.99561360248891,0.0,1.81,5.7441,9396.93,7.93854033290652,weak_momentum,BULL_TREND,42.799484865424034,100.0,93.9693,65.0,81.63033470672428,63.33333333333333,0.0,36.34882861134014,0.0,1,1,E_ablate_wyckoff_vr1.2,True
2131,002131.SZ,利欧股份,互联网,20251103,5.43,51.40842712476477,51.40842712476477,0.0,1.35,10.8971,31555.01,10.98360655737705,weak_momentum,BULL_TREND,21.647970363805317,100.0,100.0,100.0,76.63043269018203,33.33333333333333,0.0,36.75575231937578,0.0,2,2,E_ablate_wyckoff_vr1.2,True
2256,002256.SZ,兆新股份,新型电力,20251103,3.09,51.127397375021886,51.127397375021886,0.0,1.68,6.9735,14106.41,5.504587155963308,weak_momentum,BULL_TREND,37.42306165020178,100.0,100.0,100.0,63.42625418327744,20.0,0.0,48.58555484638405,0.0,3,3,E_ablate_wyckoff_vr1.2,True
600742,600742.SH,富维股份,汽车配件,20251103,9.79,61.339498595031,61.339498595031,0.0,2.74,3.0366,5358.16,5.31914893617022,weak_momentum,BULL_TREND,72.7087946592901,100.0,53.5816,40.0,78.97632259693812,43.333333333333336,0.0,85.16917559953404,0.0,1,1,E_ablate_accel_vr1.2,True
600609,600609.SH,金杯汽车,汽车配件,20251103,4.84,59.6943349050438,59.6943349050438,0.0,2.5,3.9135,5484.72,3.006012024048103,weak_momentum,BULL_TREND,66.09640474436812,100.0,54.8472,65.0,78.97632259693812,30.0,0.0,75.40619869231915,0.0,2,2,E_ablate_accel_vr1.2,True
533,000533.SZ,顺钠股份,电气设备,20251103,7.19,59.447937894189934,59.447937894189934,0.0,1.81,5.7441,9396.93,7.93854033290652,weak_momentum,BULL_TREND,42.799484865424034,100.0,93.9693,65.0,81.63033470672428,63.33333333333333,0.0,36.34882861134014,0.0,3,3,E_ablate_accel_vr1.2,True
559,000559.SZ,万向钱潮,汽车配件,20251104,12.97,68.53231635697767,61.17363701730784,7.358679339669836,1.54,8.7659,8608.23,8.014184397163113,sideways,BULL_TREND,31.146517546008837,100.0,86.08229999999999,80.0,73.58679339669835,33.33333333333333,0.0,59.05701234178732,0.0,1,1,A_recovered_proxy_vr1.5,True
600375,600375.SH,汉马科技,汽车整车,20251104,7.87,65.82987775861973,60.19425451124306,5.635623247376667,2.01,9.8944,10896.79,10.972850678733028,sideways,BULL_TREND,50.35977507021019,100.0,100.0,60.0,56.35623247376667,66.66666666666666,0.0,24.402798261654013,0.0,2,2,A_recovered_proxy_vr1.5,True
2562,002562.SZ,兄弟科技,化学制药,20251104,7.12,59.419070538837055,59.419070538837055,0.0,2.0,11.4007,10089.42,14.832535885167458,sideways,BULL_TREND,50.0,100.0,100.0,60.0,47.436491803614494,43.333333333333336,0.0,33.641084180235126,0.0,3,3,A_recovered_proxy_vr1.5,True
559,000559.SZ,万向钱潮,汽车配件,20251104,12.97,61.17363701730784,61.17363701730784,0.0,1.54,8.7659,8608.23,8.014184397163113,sideways,BULL_TREND,31.146517546008837,100.0,86.08229999999999,80.0,73.58679339669835,33.33333333333333,0.0,59.05701234178732,0.0,1,1,B_pure_quant_vr1.5,True
600375,600375.SH,汉马科技,汽车整车,20251104,7.87,60.19425451124306,60.19425451124306,0.0,2.01,9.8944,10896.79,10.972850678733028,sideways,BULL_TREND,50.35977507021019,100.0,100.0,60.0,56.35623247376667,66.66666666666666,0.0,24.402798261654013,0.0,2,2,B_pure_quant_vr1.5,True
2562,002562.SZ,兄弟科技,化学制药,20251104,7.12,59.419070538837055,59.419070538837055,0.0,2.0,11.4007,10089.42,14.832535885167458,sideways,BULL_TREND,50.0,100.0,100.0,60.0,47.436491803614494,43.333333333333336,0.0,33.641084180235126,0.0,3,3,B_pure_quant_vr1.5,True
559,000559.SZ,万向钱潮,汽车配件,20251104,12.97,68.53231635697767,61.17363701730784,7.358679339669836,1.54,8.7659,8608.23,8.014184397163113,sideways,BULL_TREND,31.146517546008837,100.0,86.08229999999999,80.0,73.58679339669835,33.33333333333333,0.0,59.05701234178732,0.0,1,1,A_recovered_proxy_vr1.2,True
600375,600375.SH,汉马科技,汽车整车,20251104,7.87,65.82987775861973,60.19425451124306,5.635623247376667,2.01,9.8944,10896.79,10.972850678733028,sideways,BULL_TREND,50.35977507021019,100.0,100.0,60.0,56.35623247376667,66.66666666666666,0.0,24.402798261654013,0.0,2,2,A_recovered_proxy_vr1.2,True
2562,002562.SZ,兄弟科技,化学制药,20251104,7.12,59.419070538837055,59.419070538837055,0.0,2.0,11.4007,10089.42,14.832535885167458,sideways,BULL_TREND,50.0,100.0,100.0,60.0,47.436491803614494,43.333333333333336,0.0,33.641084180235126,0.0,3,3,A_recovered_proxy_vr1.2,True
559,000559.SZ,万向钱潮,汽车配件,20251104,12.97,61.17363701730784,61.17363701730784,0.0,1.54,8.7659,8608.23,8.014184397163113,sideways,BULL_TREND,31.146517546008837,100.0,86.08229999999999,80.0,73.58679339669835,33.33333333333333,0.0,59.05701234178732,0.0,1,1,D_pure_quant_vr1.2,True
600375,600375.SH,汉马科技,汽车整车,20251104,7.87,60.19425451124306,60.19425451124306,0.0,2.01,9.8944,10896.79,10.972850678733028,sideways,BULL_TREND,50.35977507021019,100.0,100.0,60.0,56.35623247376667,66.66666666666666,0.0,24.402798261654013,0.0,2,2,D_pure_quant_vr1.2,True
2562,002562.SZ,兄弟科技,化学制药,20251104,7.12,59.419070538837055,59.419070538837055,0.0,2.0,11.4007,10089.42,14.832535885167458,sideways,BULL_TREND,50.0,100.0,100.0,60.0,47.436491803614494,43.333333333333336,0.0,33.641084180235126,0.0,3,3,D_pure_quant_vr1.2,True
2562,002562.SZ,兄弟科技,化学制药,20251104,7.12,52.30359676829488,52.30359676829488,0.0,2.0,11.4007,10089.42,14.832535885167458,sideways,BULL_TREND,50.0,100.0,100.0,60.0,47.436491803614494,43.333333333333336,0.0,33.641084180235126,0.0,1,1,E_ablate_sector_vr1.2,True
600375,600375.SH,汉马科技,汽车整车,20251104,7.87,51.74081964017806,51.74081964017806,0.0,2.01,9.8944,10896.79,10.972850678733028,sideways,BULL_TREND,50.35977507021019,100.0,100.0,60.0,56.35623247376667,66.66666666666666,0.0,24.402798261654013,0.0,2,2,E_ablate_sector_vr1.2,True
558,000558.SZ,天府文旅,旅游景点,20251104,5.4,51.45035786281023,51.45035786281023,0.0,2.1,7.3328,9118.96,6.412478336221825,sideways,BULL_TREND,53.5194663945699,73.54130560369708,91.18959999999998,100.0,32.221086800396,53.333333333333336,0.0,62.39641130437355,0.0,3,3,E_ablate_sector_vr1.2,True
559,000559.SZ,万向钱潮,汽车配件,20251104,12.97,50.84376101730784,50.84376101730784,0.0,1.54,8.7659,8608.23,8.014184397163113,sideways,BULL_TREND,31.146517546008837,100.0,86.08229999999999,80.0,73.58679339669835,33.33333333333333,0.0,59.05701234178732,0.0,1,1,E_ablate_inflow_vr1.2,True
600375,600375.SH,汉马科技,汽车整车,20251104,7.87,48.19425451124306,48.19425451124306,0.0,2.01,9.8944,10896.79,10.972850678733028,sideways,BULL_TREND,50.35977507021019,100.0,100.0,60.0,56.35623247376667,66.66666666666666,0.0,24.402798261654013,0.0,2,2,E_ablate_inflow_vr1.2,True
603663,603663.SH,三祥新材,小金属,20251104,27.18,47.80069681614778,47.80069681614778,0.0,2.13,3.6521,6746.69,6.790123456790124,sideways,BULL_TREND,54.54267152255567,79.83539094650207,67.4669,80.0,39.77984089623113,10.0,0.0,73.92122448767007,0.0,3,3,E_ablate_inflow_vr1.2,True
600375,600375.SH,汉马科技,汽车整车,20251104,7.87,57.26591871984458,57.26591871984458,0.0,2.01,9.8944,10896.79,10.972850678733028,sideways,BULL_TREND,50.35977507021019,100.0,100.0,60.0,56.35623247376667,66.66666666666666,0.0,24.402798261654013,0.0,1,1,E_ablate_wyckoff_vr1.2,True
2562,002562.SZ,兄弟科技,化学制药,20251104,7.12,55.38214043720884,55.38214043720884,0.0,2.0,11.4007,10089.42,14.832535885167458,sideways,BULL_TREND,50.0,100.0,100.0,60.0,47.436491803614494,43.333333333333336,0.0,33.641084180235126,0.0,2,2,E_ablate_wyckoff_vr1.2,True
559,000559.SZ,万向钱潮,汽车配件,20251104,12.97,54.08679553629336,54.08679553629336,0.0,1.54,8.7659,8608.23,8.014184397163113,sideways,BULL_TREND,31.146517546008837,100.0,86.08229999999999,80.0,73.58679339669835,33.33333333333333,0.0,59.05701234178732,0.0,3,3,E_ablate_wyckoff_vr1.2,True
559,000559.SZ,万向钱潮,汽车配件,20251104,12.97,61.17363701730784,61.17363701730784,0.0,1.54,8.7659,8608.23,8.014184397163113,sideways,BULL_TREND,31.146517546008837,100.0,86.08229999999999,80.0,73.58679339669835,33.33333333333333,0.0,59.05701234178732,0.0,1,1,E_ablate_accel_vr1.2,True
600375,600375.SH,汉马科技,汽车整车,20251104,7.87,60.19425451124306,60.19425451124306,0.0,2.01,9.8944,10896.79,10.972850678733028,sideways,BULL_TREND,50.35977507021019,100.0,100.0,60.0,56.35623247376667,66.66666666666666,0.0,24.402798261654013,0.0,2,2,E_ablate_accel_vr1.2,True
2562,002562.SZ,兄弟科技,化学制药,20251104,7.12,59.419070538837055,59.419070538837055,0.0,2.0,11.4007,10089.42,14.832535885167458,sideways,BULL_TREND,50.0,100.0,100.0,60.0,47.436491803614494,43.333333333333336,0.0,33.641084180235126,0.0,3,3,E_ablate_accel_vr1.2,True
601877,601877.SH,正泰电器,电气设备,20251105,29.59,74.9406336839459,66.39725732280074,8.543376361145164,2.0,3.1156,38159.54,8.981851737926787,weak_momentum,BULL_TREND,50.0,100.0,100.0,40.0,85.43376361145164,33.33333333333333,0.0,82.77017409610889,0.0,1,1,A_recovered_proxy_vr1.5,True
600399,600399.SH,抚顺特钢,特种钢,20251105,5.62,66.93193273366481,66.93193273366481,0.0,3.01,6.9799,11864.7,3.103448275862064,weak_momentum,BULL_TREND,79.48817434924887,100.0,100.0,100.0,40.36069259137157,20.0,0.0,86.36401795047829,0.0,2,2,A_recovered_proxy_vr1.5,True
603663,603663.SH,三祥新材,小金属,20251105,28.18,65.42530596736937,65.42530596736937,0.0,2.9,6.3517,11695.82,3.360768175582992,weak_momentum,BULL_TREND,76.80264501201049,100.0,100.0,80.0,39.7613706595438,33.33333333333333,0.0,81.82691299979709,0.0,3,3,A_recovered_proxy_vr1.5,True
600399,600399.SH,抚顺特钢,特种钢,20251105,5.62,66.93193273366481,66.93193273366481,0.0,3.01,6.9799,11864.7,3.103448275862064,weak_momentum,BULL_TREND,79.48817434924887,100.0,100.0,100.0,40.36069259137157,20.0,0.0,86.36401795047829,0.0,1,1,B_pure_quant_vr1.5,True
601877,601877.SH,正泰电器,电气设备,20251105,29.59,66.39725732280074,66.39725732280074,0.0,2.0,3.1156,38159.54,8.981851737926787,weak_momentum,BULL_TREND,50.0,100.0,100.0,40.0,85.43376361145164,33.33333333333333,0.0,82.77017409610889,0.0,2,2,B_pure_quant_vr1.5,True
603663,603663.SH,三祥新材,小金属,20251105,28.18,65.42530596736937,65.42530596736937,0.0,2.9,6.3517,11695.82,3.360768175582992,weak_momentum,BULL_TREND,76.80264501201049,100.0,100.0,80.0,39.7613706595438,33.33333333333333,0.0,81.82691299979709,0.0,3,3,B_pure_quant_vr1.5,True
601877,601877.SH,正泰电器,电气设备,20251105,29.59,74.44704639037123,66.10110494665594,8.345941443715295,2.0,3.1156,38159.54,8.981851737926787,weak_momentum,BULL_TREND,50.0,100.0,100.0,40.0,83.45941443715296,33.33333333333333,0.0,82.77017409610889,0.0,1,1,A_recovered_proxy_vr1.2,True
600399,600399.SH,抚顺特钢,特种钢,20251105,5.62,66.84827576403447,66.84827576403447,0.0,3.01,6.9799,11864.7,3.103448275862064,weak_momentum,BULL_TREND,79.48817434924887,100.0,100.0,100.0,39.80297946050265,20.0,0.0,86.36401795047829,0.0,2,2,A_recovered_proxy_vr1.2,True
603663,603663.SH,三祥新材,小金属,20251105,28.18,64.65975055221165,64.65975055221165,0.0,2.9,6.3517,11695.82,3.360768175582992,weak_momentum,BULL_TREND,76.80264501201049,100.0,100.0,80.0,34.65766789182567,33.33333333333333,0.0,81.82691299979709,0.0,3,3,A_recovered_proxy_vr1.2,True
600399,600399.SH,抚顺特钢,特种钢,20251105,5.62,66.84827576403447,66.84827576403447,0.0,3.01,6.9799,11864.7,3.103448275862064,weak_momentum,BULL_TREND,79.48817434924887,100.0,100.0,100.0,39.80297946050265,20.0,0.0,86.36401795047829,0.0,1,1,D_pure_quant_vr1.2,True
601877,601877.SH,正泰电器,电气设备,20251105,29.59,66.10110494665594,66.10110494665594,0.0,2.0,3.1156,38159.54,8.981851737926787,weak_momentum,BULL_TREND,50.0,100.0,100.0,40.0,83.45941443715296,33.33333333333333,0.0,82.77017409610889,0.0,2,2,D_pure_quant_vr1.2,True
603663,603663.SH,三祥新材,小金属,20251105,28.18,64.65975055221165,64.65975055221165,0.0,2.9,6.3517,11695.82,3.360768175582992,weak_momentum,BULL_TREND,76.80264501201049,100.0,100.0,80.0,34.65766789182567,33.33333333333333,0.0,81.82691299979709,0.0,3,3,D_pure_quant_vr1.2,True
600399,600399.SH,抚顺特钢,特种钢,20251105,5.62,60.87782884495907,60.87782884495907,0.0,3.01,6.9799,11864.7,3.103448275862064,weak_momentum,BULL_TREND,79.48817434924887,100.0,100.0,100.0,39.80297946050265,20.0,0.0,86.36401795047829,0.0,1,1,E_ablate_sector_vr1.2,True
603663,603663.SH,三祥新材,小金属,20251105,28.18,59.461100368437805,59.461100368437805,0.0,2.9,6.3517,11695.82,3.360768175582992,weak_momentum,BULL_TREND,76.80264501201049,100.0,100.0,80.0,34.65766789182567,33.33333333333333,0.0,81.82691299979709,0.0,2,2,E_ablate_sector_vr1.2,True
600170,600170.SH,上海建工,建筑工程,20251105,3.03,56.56734309980119,56.56734309980119,0.0,2.04,10.3151,46968.32,3.1948881789137404,weak_momentum,BULL_TREND,51.42845760983854,100.0,100.0,100.0,41.50410571946336,10.0,0.0,89.02049638883604,0.0,3,3,E_ablate_sector_vr1.2,True
600399,600399.SH,抚顺特钢,特种钢,20251105,5.62,48.86096001636684,48.86096001636684,0.0,3.01,6.9799,11864.7,3.103448275862064,weak_momentum,BULL_TREND,79.48817434924887,100.0,100.0,100.0,39.88754114271848,20.0,0.0,86.36401795047829,0.0,1,1,E_ablate_inflow_vr1.2,True
601877,601877.SH,正泰电器,电气设备,20251105,29.59,48.02860330405508,48.02860330405508,0.0,2.0,3.1156,38159.54,8.981851737926787,weak_momentum,BULL_TREND,50.0,100.0,100.0,40.0,82.97607015314716,33.33333333333333,0.0,82.77017409610889,0.0,2,2,E_ablate_inflow_vr1.2,True
573,000573.SZ,粤宏远A,区域地产,20251105,4.57,48.013944233305736,48.013944233305736,0.0,3.6,8.9351,1782.45,3.177966101694904,weak_momentum,BULL_TREND,92.3998453277475,100.0,17.8245,65.0,27.925753710589344,43.333333333333336,0.0,83.65625140592363,0.0,3,3,E_ablate_inflow_vr1.2,True
600399,600399.SH,抚顺特钢,特种钢,20251105,5.62,53.89367307146273,53.89367307146273,0.0,3.01,6.9799,11864.7,3.103448275862064,weak_momentum,BULL_TREND,79.48817434924887,100.0,100.0,100.0,39.80297946050265,20.0,0.0,86.36401795047829,0.0,1,1,E_ablate_wyckoff_vr1.2,True
601877,601877.SH,正泰电器,电气设备,20251105,29.59,53.685578832239614,53.685578832239614,0.0,2.0,3.1156,38159.54,8.981851737926787,weak_momentum,BULL_TREND,50.0,100.0,100.0,40.0,83.45941443715296,33.33333333333333,0.0,82.77017409610889,0.0,2,2,E_ablate_wyckoff_vr1.2,True
603663,603663.SH,三祥新材,小金属,20251105,28.18,52.38571360224209,52.38571360224209,0.0,2.9,6.3517,11695.82,3.360768175582992,weak_momentum,BULL_TREND,76.80264501201049,100.0,100.0,80.0,34.65766789182567,33.33333333333333,0.0,81.82691299979709,0.0,3,3,E_ablate_wyckoff_vr1.2,True
600399,600399.SH,抚顺特钢,特种钢,20251105,5.62,66.84827576403447,66.84827576403447,0.0,3.01,6.9799,11864.7,3.103448275862064,weak_momentum,BULL_TREND,79.48817434924887,100.0,100.0,100.0,39.80297946050265,20.0,0.0,86.36401795047829,0.0,1,1,E_ablate_accel_vr1.2,True
601877,601877.SH,正泰电器,电气设备,20251105,29.59,66.10110494665594,66.10110494665594,0.0,2.0,3.1156,38159.54,8.981851737926787,weak_momentum,BULL_TREND,50.0,100.0,100.0,40.0,83.45941443715296,33.33333333333333,0.0,82.77017409610889,0.0,2,2,E_ablate_accel_vr1.2,True
603663,603663.SH,三祥新材,小金属,20251105,28.18,64.65975055221165,64.65975055221165,0.0,2.9,6.3517,11695.82,3.360768175582992,weak_momentum,BULL_TREND,76.80264501201049,100.0,100.0,80.0,34.65766789182567,33.33333333333333,0.0,81.82691299979709,0.0,3,3,E_ablate_accel_vr1.2,True
601727,601727.SH,上海电气,电气设备,20251106,9.78,70.77370355647818,63.39776895235058,7.375934604127599,1.67,4.4692,69857.12,12.834224598930492,weak_momentum,BULL_TREND,36.99240513496637,93.0481283422459,100.0,40.0,73.75934604127599,63.33333333333333,0.0,83.01709472118704,0.0,1,1,A_recovered_proxy_vr1.5,True
600744,600744.SH,华银电力,火力发电,20251106,6.92,64.6659764194503,64.6659764194503,0.0,2.63,9.9738,16981.65,4.15512465373961,weak_momentum,BULL_TREND,69.75313997587888,100.0,100.0,60.0,41.88587350556638,0.0,0.0,99.46749598155678,0.0,2,2,A_recovered_proxy_vr1.5,True
603991,603991.SH,领先股份,半导体,20251106,67.9,63.49967356215067,63.49967356215067,0.0,2.64,6.8214,8654.45,3.427677428530787,weak_momentum,BULL_TREND,70.02689647918643,100.0,86.54450000000001,100.0,54.51960912605926,20.0,0.0,74.93125147575874,0.0,3,3,A_recovered_proxy_vr1.5,True
600744,600744.SH,华银电力,火力发电,20251106,6.92,64.6659764194503,64.6659764194503,0.0,2.63,9.9738,16981.65,4.15512465373961,weak_momentum,BULL_TREND,69.75313997587888,100.0,100.0,60.0,41.88587350556638,0.0,0.0,99.46749598155678,0.0,1,1,B_pure_quant_vr1.5,True
603991,603991.SH,领先股份,半导体,20251106,67.9,63.49967356215067,63.49967356215067,0.0,2.64,6.8214,8654.45,3.427677428530787,weak_momentum,BULL_TREND,70.02689647918643,100.0,86.54450000000001,100.0,54.51960912605926,20.0,0.0,74.93125147575874,0.0,2,2,B_pure_quant_vr1.5,True
601727,601727.SH,上海电气,电气设备,20251106,9.78,63.39776895235058,63.39776895235058,0.0,1.67,4.4692,69857.12,12.834224598930492,weak_momentum,BULL_TREND,36.99240513496637,93.0481283422459,100.0,40.0,73.75934604127599,63.33333333333333,0.0,83.01709472118704,0.0,3,3,B_pure_quant_vr1.5,True
601727,601727.SH,上海电气,电气设备,20251106,9.78,71.49349504598935,63.82964384605728,7.663851199932063,1.67,4.4692,69857.12,12.834224598930492,weak_momentum,BULL_TREND,36.99240513496637,93.0481283422459,100.0,40.0,76.63851199932063,63.33333333333333,0.0,83.01709472118704,0.0,1,1,A_recovered_proxy_vr1.2,True
600744,600744.SH,华银电力,火力发电,20251106,6.92,64.36564528595213,64.36564528595213,0.0,2.63,9.9738,16981.65,4.15512465373961,weak_momentum,BULL_TREND,69.75313997587888,100.0,100.0,60.0,39.88366594891183,0.0,0.0,99.46749598155678,0.0,2,2,A_recovered_proxy_vr1.2,True
603991,603991.SH,领先股份,半导体,20251106,67.9,63.03761532517132,63.03761532517132,0.0,2.64,6.8214,8654.45,3.427677428530787,weak_momentum,BULL_TREND,70.02689647918643,100.0,86.54450000000001,100.0,51.43922087953031,20.0,0.0,74.93125147575874,0.0,3,3,A_recovered_proxy_vr1.2,True
600744,600744.SH,华银电力,火力发电,20251106,6.92,64.36564528595213,64.36564528595213,0.0,2.63,9.9738,16981.65,4.15512465373961,weak_momentum,BULL_TREND,69.75313997587888,100.0,100.0,60.0,39.88366594891183,0.0,0.0,99.46749598155678,0.0,1,1,D_pure_quant_vr1.2,True
601727,601727.SH,上海电气,电气设备,20251106,9.78,63.82964384605728,63.82964384605728,0.0,1.67,4.4692,69857.12,12.834224598930492,weak_momentum,BULL_TREND,36.99240513496637,93.0481283422459,100.0,40.0,76.63851199932063,63.33333333333333,0.0,83.01709472118704,0.0,2,2,D_pure_quant_vr1.2,True
603991,603991.SH,领先股份,半导体,20251106,67.9,63.03761532517132,63.03761532517132,0.0,2.64,6.8214,8654.45,3.427677428530787,weak_momentum,BULL_TREND,70.02689647918643,100.0,86.54450000000001,100.0,51.43922087953031,20.0,0.0,74.93125147575874,0.0,3,3,D_pure_quant_vr1.2,True
600744,600744.SH,华银电力,火力发电,20251106,6.92,58.38309539361535,58.38309539361535,0.0,2.63,9.9738,16981.65,4.15512465373961,weak_momentum,BULL_TREND,69.75313997587888,100.0,100.0,60.0,39.88366594891183,0.0,0.0,99.46749598155678,0.0,1,1,E_ablate_sector_vr1.2,True
603991,603991.SH,领先股份,半导体,20251106,67.9,55.32173219324178,55.32173219324178,0.0,2.64,6.8214,8654.45,3.427677428530787,weak_momentum,BULL_TREND,70.02689647918643,100.0,86.54450000000001,100.0,51.43922087953031,20.0,0.0,74.93125147575874,0.0,2,2,E_ablate_sector_vr1.2,True
601727,601727.SH,上海电气,电气设备,20251106,9.78,52.33386704615919,52.33386704615919,0.0,1.67,4.4692,69857.12,12.834224598930492,weak_momentum,BULL_TREND,36.99240513496637,93.0481283422459,100.0,40.0,76.63851199932063,63.33333333333333,0.0,83.01709472118704,0.0,3,3,E_ablate_sector_vr1.2,True
603991,603991.SH,领先股份,半导体,20251106,67.9,47.51071450314805,47.51071450314805,0.0,2.64,6.8214,8654.45,3.427677428530787,weak_momentum,BULL_TREND,70.02689647918643,100.0,86.54450000000001,100.0,51.779948732708526,20.0,0.0,74.93125147575874,0.0,1,1,E_ablate_inflow_vr1.2,True
600744,600744.SH,华银电力,火力发电,20251106,6.92,46.39886550826492,46.39886550826492,0.0,2.63,9.9738,16981.65,4.15512465373961,weak_momentum,BULL_TREND,69.75313997587888,100.0,100.0,60.0,40.1051340976638,0.0,0.0,99.46749598155678,0.0,2,2,E_ablate_inflow_vr1.2,True
301179,301179.SZ,泽宇智能,软件服务,20251106,17.75,45.498849855537394,45.498849855537394,0.0,2.09,5.0534,345.13,5.333333333333334,weak_momentum,BULL_TREND,53.17514711530789,100.0,3.4513,65.0,45.12642512298344,33.33333333333333,0.0,92.24631568751352,0.0,3,3,E_ablate_inflow_vr1.2,True
603991,603991.SH,领先股份,半导体,20251106,67.9,51.79792760380752,51.79792760380752,0.0,2.64,6.8214,8654.45,3.427677428530787,weak_momentum,BULL_TREND,70.02689647918643,100.0,86.54450000000001,100.0,51.43922087953031,20.0,0.0,74.93125147575874,0.0,1,1,E_ablate_wyckoff_vr1.2,True
601727,601727.SH,上海电气,电气设备,20251106,9.78,51.37707963787923,51.37707963787923,0.0,1.67,4.4692,69857.12,12.834224598930492,weak_momentum,BULL_TREND,36.99240513496637,93.0481283422459,100.0,40.0,76.63851199932063,63.33333333333333,0.0,83.01709472118704,0.0,2,2,E_ablate_wyckoff_vr1.2,True
2249,002249.SZ,大洋电机,电气设备,20251106,12.32,49.66685537658766,49.66685537658766,0.0,1.28,9.9451,19906.76,8.401486988847576,weak_momentum,BULL_TREND,17.80719051126377,100.0,100.0,80.0,76.63851199932063,30.0,0.0,10.5,0.0,3,3,E_ablate_wyckoff_vr1.2,True
600744,600744.SH,华银电力,火力发电,20251106,6.92,64.36564528595213,64.36564528595213,0.0,2.63,9.9738,16981.65,4.15512465373961,weak_momentum,BULL_TREND,69.75313997587888,100.0,100.0,60.0,39.88366594891183,0.0,0.0,99.46749598155678,0.0,1,1,E_ablate_accel_vr1.2,True
601727,601727.SH,上海电气,电气设备,20251106,9.78,63.82964384605728,63.82964384605728,0.0,1.67,4.4692,69857.12,12.834224598930492,weak_momentum,BULL_TREND,36.99240513496637,93.0481283422459,100.0,40.0,76.63851199932063,63.33333333333333,0.0,83.01709472118704,0.0,2,2,E_ablate_accel_vr1.2,True
603991,603991.SH,领先股份,半导体,20251106,67.9,63.03761532517132,63.03761532517132,0.0,2.64,6.8214,8654.45,3.427677428530787,weak_momentum,BULL_TREND,70.02689647918643,100.0,86.54450000000001,100.0,51.43922087953031,20.0,0.0,74.93125147575874,0.0,3,3,E_ablate_accel_vr1.2,True
2165,002165.SZ,红宝丽,化工原料,20251107,8.7,78.98971018564343,70.11501548796373,8.874694697679704,4.58,11.3189,12448.64,3.0100334448160684,sideways,BULL_TREND,100.0,30.10033444816068,100.0,100.0,88.74694697679703,76.66666666666667,0.0,88.72972107929581,0.0,1,1,A_recovered_proxy_vr1.5,True
600732,600732.SH,爱旭股份,电气设备,20251107,16.36,68.80931062412313,61.00730611277104,7.802004511352094,1.56,5.2926,14036.89,8.089887640449444,sideways,BULL_TREND,32.07730145437618,100.0,100.0,65.0,78.02004511352094,10.0,0.0,45.3941085481678,0.0,2,2,A_recovered_proxy_vr1.5,True
2092,002092.SZ,中泰化学,化工原料,20251107,4.89,67.7822096945553,58.907514996875605,8.874694697679704,3.55,3.6465,10858.42,0.4073319755600909,sideways,BULL_TREND,91.39095123086598,4.073319755600909,100.0,40.0,88.74694697679703,96.66666666666669,0.0,75.5,0.0,3,3,A_recovered_proxy_vr1.5,True
2165,002165.SZ,红宝丽,化工原料,20251107,8.7,70.11501548796373,70.11501548796373,0.0,4.58,11.3189,12448.64,3.0100334448160684,sideways,BULL_TREND,100.0,30.10033444816068,100.0,100.0,88.74694697679703,76.66666666666667,0.0,88.72972107929581,0.0,1,1,B_pure_quant_vr1.5,True
600732,600732.SH,爱旭股份,电气设备,20251107,16.36,61.00730611277104,61.00730611277104,0.0,1.56,5.2926,14036.89,8.089887640449444,sideways,BULL_TREND,32.07730145437618,100.0,100.0,65.0,78.02004511352094,10.0,0.0,45.3941085481678,0.0,2,2,B_pure_quant_vr1.5,True
2167,002167.SZ,东方锆业,小金属,20251107,13.55,59.20245569301787,59.20245569301787,0.0,1.7,6.0564,11004.25,10.086264100862635,sideways,BULL_TREND,38.27673731814885,100.0,100.0,65.0,35.26591797138169,20.0,0.0,70.76404822764887,0.0,3,3,B_pure_quant_vr1.5,True
2165,002165.SZ,红宝丽,化工原料,20251107,8.7,75.62188983584122,68.0943232780824,7.527566557758816,4.58,11.3189,12448.64,3.0100334448160684,sideways,BULL_TREND,100.0,30.10033444816068,100.0,100.0,75.27566557758816,76.66666666666667,0.0,88.72972107929581,0.0,1,1,A_recovered_proxy_vr1.2,True
2167,002167.SZ,东方锆业,小金属,20251107,13.55,73.94012388312397,65.92910152879863,8.011022354325346,1.7,6.0564,11004.25,10.086264100862635,sideways,BULL_TREND,38.27673731814885,100.0,100.0,65.0,80.11022354325345,20.0,0.0,70.76404822764887,0.0,2,2,A_recovered_proxy_vr1.2,True
2340,002340.SZ,格林美,小金属,20251107,8.53,66.62769571099675,58.616673356671406,8.011022354325346,1.2,4.9413,37253.27,8.279569892473132,sideways,BULL_TREND,13.151720291689688,100.0,100.0,65.0,80.11022354325345,30.0,0.0,54.22301134176383,0.0,3,3,A_recovered_proxy_vr1.2,True
2165,002165.SZ,红宝丽,化工原料,20251107,8.7,68.0943232780824,68.0943232780824,0.0,4.58,11.3189,12448.64,3.0100334448160684,sideways,BULL_TREND,100.0,30.10033444816068,100.0,100.0,75.27566557758816,76.66666666666667,0.0,88.72972107929581,0.0,1,1,D_pure_quant_vr1.2,True
2167,002167.SZ,东方锆业,小金属,20251107,13.55,65.92910152879863,65.92910152879863,0.0,1.7,6.0564,11004.25,10.086264100862635,sideways,BULL_TREND,38.27673731814885,100.0,100.0,65.0,80.11022354325345,20.0,0.0,70.76404822764887,0.0,2,2,D_pure_quant_vr1.2,True
600732,600732.SH,爱旭股份,电气设备,20251107,16.36,59.956578393669965,59.956578393669965,0.0,1.56,5.2926,14036.89,8.089887640449444,sideways,BULL_TREND,32.07730145437618,100.0,100.0,65.0,71.01519365284713,10.0,0.0,45.3941085481678,0.0,3,3,D_pure_quant_vr1.2,True
2165,002165.SZ,红宝丽,化工原料,20251107,8.7,56.80297344144418,56.80297344144418,0.0,4.58,11.3189,12448.64,3.0100334448160684,sideways,BULL_TREND,100.0,30.10033444816068,100.0,100.0,75.27566557758816,76.66666666666667,0.0,88.72972107929581,0.0,1,1,E_ablate_sector_vr1.2,True
2167,002167.SZ,东方锆业,小金属,20251107,13.55,53.91256799731061,53.91256799731061,0.0,1.7,6.0564,11004.25,10.086264100862635,sideways,BULL_TREND,38.27673731814885,100.0,100.0,65.0,80.11022354325345,20.0,0.0,70.76404822764887,0.0,2,2,E_ablate_sector_vr1.2,True
600589,600589.SH,大位科技,软件服务,20251107,7.28,50.09661594471832,50.09661594471832,0.0,2.38,5.3355,8028.32,6.185567010309272,sideways,BULL_TREND,62.548078676660936,69.7594501718212,80.2832,100.0,18.9204999453402,43.333333333333336,0.0,54.06924109487986,0.0,3,3,E_ablate_sector_vr1.2,True
2165,002165.SZ,红宝丽,化工原料,20251107,8.7,55.962181157901504,55.962181157901504,0.0,4.58,11.3189,12448.64,3.0100334448160684,sideways,BULL_TREND,100.0,30.10033444816068,100.0,100.0,74.39471810971551,76.66666666666667,0.0,88.72972107929581,0.0,1,1,E_ablate_inflow_vr1.2,True
2182,002182.SZ,宝武镁业,小金属,20251107,14.88,55.75638396552916,55.75638396552916,0.0,2.36,5.5342,1889.69,6.883604505632038,sideways,BULL_TREND,61.93934297935583,81.39340842720063,18.8969,65.0,80.11022354325345,0.0,0.0,80.05537603832266,0.0,2,2,E_ablate_inflow_vr1.2,True
2167,002167.SZ,东方锆业,小金属,20251107,13.55,53.92910152879863,53.92910152879863,0.0,1.7,6.0564,11004.25,10.086264100862635,sideways,BULL_TREND,38.27673731814885,100.0,100.0,65.0,80.11022354325345,20.0,0.0,70.76404822764887,0.0,3,3,E_ablate_inflow_vr1.2,True
2165,002165.SZ,红宝丽,化工原料,20251107,8.7,57.446756748566905,57.446756748566905,0.0,4.58,11.3189,12448.64,3.0100334448160684,sideways,BULL_TREND,100.0,30.10033444816068,100.0,100.0,75.27566557758816,76.66666666666667,0.0,88.72972107929581,0.0,1,1,E_ablate_wyckoff_vr1.2,True
2167,002167.SZ,东方锆业,小金属,20251107,13.55,57.43741574148076,57.43741574148076,0.0,1.7,6.0564,11004.25,10.086264100862635,sideways,BULL_TREND,38.27673731814885,100.0,100.0,65.0,80.11022354325345,20.0,0.0,70.76404822764887,0.0,2,2,E_ablate_wyckoff_vr1.2,True
600732,600732.SH,爱旭股份,电气设备,20251107,16.36,54.50928536788983,54.50928536788983,0.0,1.56,5.2926,14036.89,8.089887640449444,sideways,BULL_TREND,32.07730145437618,100.0,100.0,65.0,71.01519365284713,10.0,0.0,45.3941085481678,0.0,3,3,E_ablate_wyckoff_vr1.2,True
2165,002165.SZ,红宝丽,化工原料,20251107,8.7,68.0943232780824,68.0943232780824,0.0,4.58,11.3189,12448.64,3.0100334448160684,sideways,BULL_TREND,100.0,30.10033444816068,100.0,100.0,75.27566557758816,76.66666666666667,0.0,88.72972107929581,0.0,1,1,E_ablate_accel_vr1.2,True
2167,002167.SZ,东方锆业,小金属,20251107,13.55,65.92910152879863,65.92910152879863,0.0,1.7,6.0564,11004.25,10.086264100862635,sideways,BULL_TREND,38.27673731814885,100.0,100.0,65.0,80.11022354325345,20.0,0.0,70.76404822764887,0.0,2,2,E_ablate_accel_vr1.2,True
600732,600732.SH,爱旭股份,电气设备,20251107,16.36,59.956578393669965,59.956578393669965,0.0,1.56,5.2926,14036.89,8.089887640449444,sideways,BULL_TREND,32.07730145437618,100.0,100.0,65.0,71.01519365284713,10.0,0.0,45.3941085481678,0.0,3,3,E_ablate_accel_vr1.2,True
603477,603477.SH,巨星农牧,农业综合,20251110,18.84,69.97247399567432,69.97247399567432,0.0,3.12,3.3754,10411.63,7.329070339399895,weak_momentum,BULL_TREND,82.07730145437618,100.0,100.0,80.0,46.1221006631209,100.0,0.0,78.28375785366505,0.0,1,1,A_recovered_proxy_vr1.5,True
2068,002068.SZ,黑猫股份,化工原料,20251110,10.26,69.41749030274451,63.662467925144746,5.755022377599765,3.28,4.358,6706.77,4.291044776119411,weak_momentum,BULL_TREND,85.68479074216795,100.0,67.0677,40.0,57.55022377599765,53.333333333333336,0.0,89.5890872050216,0.0,2,2,A_recovered_proxy_vr1.5,True
818,000818.SZ,航锦科技,化工原料,20251110,21.95,68.89668512080442,63.14166274320465,5.755022377599765,2.2,3.6825,9655.63,3.431588209414875,weak_momentum,BULL_TREND,56.87517618749676,100.0,96.5563,40.0,57.55022377599765,63.33333333333333,0.0,76.20701388009218,0.0,3,3,A_recovered_proxy_vr1.5,True
603477,603477.SH,巨星农牧,农业综合,20251110,18.84,69.97247399567432,69.97247399567432,0.0,3.12,3.3754,10411.63,7.329070339399895,weak_momentum,BULL_TREND,82.07730145437618,100.0,100.0,80.0,46.1221006631209,100.0,0.0,78.28375785366505,0.0,1,1,B_pure_quant_vr1.5,True
600059,600059.SH,古越龙山,红黄酒,20251110,9.98,66.90762832126416,66.90762832126416,0.0,3.12,3.2244,8475.76,5.402843601895737,weak_momentum,BULL_TREND,82.07730145437618,100.0,84.7576,80.0,45.70978377360735,66.66666666666666,0.0,87.665761358222,0.0,2,2,B_pure_quant_vr1.5,True
600879,600879.SH,航天电子,航空,20251110,11.48,64.21644698724465,64.21644698724465,0.0,2.8,4.8212,12461.96,5.202312138728315,weak_momentum,BULL_TREND,74.27134135851209,100.0,100.0,80.0,54.37114495847057,33.33333333333333,0.0,61.689382486870585,0.0,3,3,B_pure_quant_vr1.5,True
601086,601086.SH,国芳集团,百货,20251110,11.4,73.08281416253566,65.96578227166846,7.117031890867191,1.94,5.9216,11629.71,8.064516129032258,weak_momentum,BULL_TREND,47.802832620620144,100.0,100.0,65.0,71.1703189086719,33.33333333333333,0.0,88.02095250405326,0.0,1,1,A_recovered_proxy_vr1.2,True
603477,603477.SH,巨星农牧,农业综合,20251110,18.84,69.93618259864454,69.93618259864454,0.0,3.12,3.3754,10411.63,7.329070339399895,weak_momentum,BULL_TREND,82.07730145437618,100.0,100.0,80.0,45.8801580162557,100.0,0.0,78.28375785366505,0.0,2,2,A_recovered_proxy_vr1.2,True
600059,600059.SH,古越龙山,红黄酒,20251110,9.98,66.87808470789247,66.87808470789247,0.0,3.12,3.2244,8475.76,5.402843601895737,weak_momentum,BULL_TREND,82.07730145437618,100.0,84.7576,80.0,45.5128263511294,66.66666666666666,0.0,87.665761358222,0.0,3,3,A_recovered_proxy_vr1.2,True
603477,603477.SH,巨星农牧,农业综合,20251110,18.84,69.93618259864454,69.93618259864454,0.0,3.12,3.3754,10411.63,7.329070339399895,weak_momentum,BULL_TREND,82.07730145437618,100.0,100.0,80.0,45.8801580162557,100.0,0.0,78.28375785366505,0.0,1,1,D_pure_quant_vr1.2,True
600059,600059.SH,古越龙山,红黄酒,20251110,9.98,66.87808470789247,66.87808470789247,0.0,3.12,3.2244,8475.76,5.402843601895737,weak_momentum,BULL_TREND,82.07730145437618,100.0,84.7576,80.0,45.5128263511294,66.66666666666666,0.0,87.665761358222,0.0,2,2,D_pure_quant_vr1.2,True
601086,601086.SH,国芳集团,百货,20251110,11.4,65.96578227166846,65.96578227166846,0.0,1.94,5.9216,11629.71,8.064516129032258,weak_momentum,BULL_TREND,47.802832620620144,100.0,100.0,65.0,71.1703189086719,33.33333333333333,0.0,88.02095250405326,0.0,3,3,D_pure_quant_vr1.2,True
603477,603477.SH,巨星农牧,农业综合,20251110,18.84,63.05415889620618,63.05415889620618,0.0,3.12,3.3754,10411.63,7.329070339399895,weak_momentum,BULL_TREND,82.07730145437618,100.0,100.0,80.0,45.8801580162557,100.0,0.0,78.28375785366505,0.0,1,1,E_ablate_sector_vr1.2,True
600059,600059.SH,古越龙山,红黄酒,20251110,9.98,60.05116075522306,60.05116075522306,0.0,3.12,3.2244,8475.76,5.402843601895737,weak_momentum,BULL_TREND,82.07730145437618,100.0,84.7576,80.0,45.5128263511294,66.66666666666666,0.0,87.665761358222,0.0,2,2,E_ablate_sector_vr1.2,True
600559,600559.SH,老白干酒,白酒,20251110,17.19,56.08381078257955,56.08381078257955,0.0,4.01,3.7267,17078.92,0.2321532211259381,weak_momentum,BULL_TREND,100.0,3.095376281679176,100.0,80.0,46.7679457072468,96.66666666666669,0.0,92.5268819696314,0.0,3,3,E_ablate_sector_vr1.2,True
603477,603477.SH,巨星农牧,农业综合,20251110,18.84,52.014753732564536,52.014753732564536,0.0,3.12,3.3754,10411.63,7.329070339399895,weak_momentum,BULL_TREND,82.07730145437618,100.0,100.0,80.0,46.40396557572236,100.0,0.0,78.28375785366505,0.0,1,1,E_ablate_inflow_vr1.2,True
600059,600059.SH,古越龙山,红黄酒,20251110,9.98,51.6979960844093,51.6979960844093,0.0,3.12,3.2244,8475.76,5.402843601895737,weak_momentum,BULL_TREND,82.07730145437618,100.0,84.7576,80.0,46.02135552790824,66.66666666666666,0.0,87.665761358222,0.0,2,2,E_ablate_inflow_vr1.2,True
601086,601086.SH,国芳集团,百货,20251110,11.4,48.14643897818008,48.14643897818008,0.0,1.94,5.9216,11629.71,8.064516129032258,weak_momentum,BULL_TREND,47.802832620620144,100.0,100.0,65.0,72.37469695208267,33.33333333333333,0.0,88.02095250405326,0.0,3,3,E_ablate_inflow_vr1.2,True
603477,603477.SH,巨星农牧,农业综合,20251110,18.84,58.19361892059478,58.19361892059478,0.0,3.12,3.3754,10411.63,7.329070339399895,weak_momentum,BULL_TREND,82.07730145437618,100.0,100.0,80.0,45.8801580162557,100.0,0.0,78.28375785366505,0.0,1,1,E_ablate_wyckoff_vr1.2,True
600059,600059.SH,古越龙山,红黄酒,20251110,9.98,53.72822050415917,53.72822050415917,0.0,3.12,3.2244,8475.76,5.402843601895737,weak_momentum,BULL_TREND,82.07730145437618,100.0,84.7576,80.0,45.5128263511294,66.66666666666666,0.0,87.665761358222,0.0,2,2,E_ablate_wyckoff_vr1.2,True
601086,601086.SH,国芳集团,百货,20251110,11.4,52.76263939606047,52.76263939606047,0.0,1.94,5.9216,11629.71,8.064516129032258,weak_momentum,BULL_TREND,47.802832620620144,100.0,100.0,65.0,71.1703189086719,33.33333333333333,0.0,88.02095250405326,0.0,3,3,E_ablate_wyckoff_vr1.2,True
603477,603477.SH,巨星农牧,农业综合,20251110,18.84,69.93618259864454,69.93618259864454,0.0,3.12,3.3754,10411.63,7.329070339399895,weak_momentum,BULL_TREND,82.07730145437618,100.0,100.0,80.0,45.8801580162557,100.0,0.0,78.28375785366505,0.0,1,1,E_ablate_accel_vr1.2,True
600059,600059.SH,古越龙山,红黄酒,20251110,9.98,66.87808470789247,66.87808470789247,0.0,3.12,3.2244,8475.76,5.402843601895737,weak_momentum,BULL_TREND,82.07730145437618,100.0,84.7576,80.0,45.5128263511294,66.66666666666666,0.0,87.665761358222,0.0,2,2,E_ablate_accel_vr1.2,True
601086,601086.SH,国芳集团,百货,20251110,11.4,65.96578227166846,65.96578227166846,0.0,1.94,5.9216,11629.71,8.064516129032258,weak_momentum,BULL_TREND,47.802832620620144,100.0,100.0,65.0,71.1703189086719,33.33333333333333,0.0,88.02095250405326,0.0,3,3,E_ablate_accel_vr1.2,True
2703,002703.SZ,浙江世宝,汽车配件,20251111,14.21,76.94311212433209,68.71498830244126,8.22812382189084,2.17,10.2066,12786.26,3.333333333333323,weak_momentum,BULL_TREND,55.88475213348772,100.0,100.0,80.0,82.2812382189084,30.0,0.0,83.26726499721228,0.0,1,1,A_recovered_proxy_vr1.5,True
2085,002085.SZ,万丰奥威,汽车配件,20251111,17.17,75.82308620866775,67.59496238677691,8.22812382189084,2.49,3.8155,19983.05,6.937669376693754,weak_momentum,BULL_TREND,65.80728711466783,100.0,100.0,40.0,82.2812382189084,33.33333333333333,0.0,78.10011280049206,0.0,2,2,A_recovered_proxy_vr1.5,True
2010,002010.SZ,传化智联,仓储物流,20251111,6.59,74.69238245552731,74.69238245552731,0.0,3.66,4.7137,18892.22,2.3703703703703725,weak_momentum,BULL_TREND,93.5921824254659,81.11111111111117,100.0,80.0,68.5726166956599,96.66666666666669,0.0,92.00663947127842,0.0,3,3,A_recovered_proxy_vr1.5,True
2010,002010.SZ,传化智联,仓储物流,20251111,6.59,74.69238245552731,74.69238245552731,0.0,3.66,4.7137,18892.22,2.3703703703703725,weak_momentum,BULL_TREND,93.5921824254659,81.11111111111117,100.0,80.0,68.5726166956599,96.66666666666669,0.0,92.00663947127842,0.0,1,1,B_pure_quant_vr1.5,True
2703,002703.SZ,浙江世宝,汽车配件,20251111,14.21,68.71498830244126,68.71498830244126,0.0,2.17,10.2066,12786.26,3.333333333333323,weak_momentum,BULL_TREND,55.88475213348772,100.0,100.0,80.0,82.2812382189084,30.0,0.0,83.26726499721228,0.0,2,2,B_pure_quant_vr1.5,True
2085,002085.SZ,万丰奥威,汽车配件,20251111,17.17,67.59496238677691,67.59496238677691,0.0,2.49,3.8155,19983.05,6.937669376693754,weak_momentum,BULL_TREND,65.80728711466783,100.0,100.0,40.0,82.2812382189084,33.33333333333333,0.0,78.10011280049206,0.0,3,3,B_pure_quant_vr1.5,True
2703,002703.SZ,浙江世宝,汽车配件,20251111,14.21,76.35858462223106,68.36427180118064,7.994312821050426,2.17,10.2066,12786.26,3.333333333333323,weak_momentum,BULL_TREND,55.88475213348772,100.0,100.0,80.0,79.94312821050426,30.0,0.0,83.26726499721228,0.0,1,1,A_recovered_proxy_vr1.2,True
2085,002085.SZ,万丰奥威,汽车配件,20251111,17.17,75.23855870656672,67.24424588551629,7.994312821050426,2.49,3.8155,19983.05,6.937669376693754,weak_momentum,BULL_TREND,65.80728711466783,100.0,100.0,40.0,79.94312821050426,33.33333333333333,0.0,78.10011280049206,0.0,2,2,A_recovered_proxy_vr1.2,True
2010,002010.SZ,传化智联,仓储物流,20251111,6.59,74.3361508108934,74.3361508108934,0.0,3.66,4.7137,18892.22,2.3703703703703725,weak_momentum,BULL_TREND,93.5921824254659,81.11111111111117,100.0,80.0,66.19773906476723,96.66666666666669,0.0,92.00663947127842,0.0,3,3,A_recovered_proxy_vr1.2,True
2010,002010.SZ,传化智联,仓储物流,20251111,6.59,74.3361508108934,74.3361508108934,0.0,3.66,4.7137,18892.22,2.3703703703703725,weak_momentum,BULL_TREND,93.5921824254659,81.11111111111117,100.0,80.0,66.19773906476723,96.66666666666669,0.0,92.00663947127842,0.0,1,1,D_pure_quant_vr1.2,True
2703,002703.SZ,浙江世宝,汽车配件,20251111,14.21,68.36427180118064,68.36427180118064,0.0,2.17,10.2066,12786.26,3.333333333333323,weak_momentum,BULL_TREND,55.88475213348772,100.0,100.0,80.0,79.94312821050426,30.0,0.0,83.26726499721228,0.0,2,2,D_pure_quant_vr1.2,True
2085,002085.SZ,万丰奥威,汽车配件,20251111,17.17,67.24424588551629,67.24424588551629,0.0,2.49,3.8155,19983.05,6.937669376693754,weak_momentum,BULL_TREND,65.80728711466783,100.0,100.0,40.0,79.94312821050426,33.33333333333333,0.0,78.10011280049206,0.0,3,3,D_pure_quant_vr1.2,True
2010,002010.SZ,传化智联,仓储物流,20251111,6.59,64.40648995117832,64.40648995117832,0.0,3.66,4.7137,18892.22,2.3703703703703725,weak_momentum,BULL_TREND,93.5921824254659,81.11111111111117,100.0,80.0,66.19773906476723,96.66666666666669,0.0,92.00663947127842,0.0,1,1,E_ablate_sector_vr1.2,True
519,000519.SZ,中兵红箭,专用机械,20251111,18.71,57.48253873424893,57.48253873424893,0.0,2.89,4.1629,14746.4,5.979899497487426,weak_momentum,BULL_TREND,76.55347463629771,100.0,100.0,80.0,34.39512430690378,43.333333333333336,0.0,65.55233914758406,0.0,2,2,E_ablate_sector_vr1.2,True
600206,600206.SH,有研新材,半导体,20251111,22.39,57.30514158427468,57.30514158427468,0.0,2.74,7.0345,11099.63,8.835504885993478,weak_momentum,BULL_TREND,72.7087946592901,100.0,100.0,65.0,48.85776442856411,43.333333333333336,0.0,73.21437145809665,0.0,3,3,E_ablate_sector_vr1.2,True
2010,002010.SZ,传化智联,仓储物流,20251111,6.59,56.33615081089341,56.33615081089341,0.0,3.66,4.7137,18892.22,2.3703703703703725,weak_momentum,BULL_TREND,93.5921824254659,81.11111111111117,100.0,80.0,66.19773906476723,96.66666666666669,0.0,92.00663947127842,0.0,1,1,E_ablate_inflow_vr1.2,True
600770,600770.SH,综艺股份,综合类,20251111,5.79,52.09261788178527,52.09261788178527,0.0,3.3,4.681,5354.94,4.612850082372327,weak_momentum,BULL_TREND,86.12330122355455,100.0,53.5494,80.0,55.71065858952585,33.33333333333333,0.0,87.67238162104366,0.0,2,2,E_ablate_inflow_vr1.2,True
2703,002703.SZ,浙江世宝,汽车配件,20251111,14.21,50.36427180118064,50.36427180118064,0.0,2.17,10.2066,12786.26,3.333333333333323,weak_momentum,BULL_TREND,55.88475213348772,100.0,100.0,80.0,79.94312821050426,30.0,0.0,83.26726499721228,0.0,3,3,E_ablate_inflow_vr1.2,True
2010,002010.SZ,传化智联,仓储物流,20251111,6.59,60.53515489020164,60.53515489020164,0.0,3.66,4.7137,18892.22,2.3703703703703725,weak_momentum,BULL_TREND,93.5921824254659,81.11111111111117,100.0,80.0,66.19773906476723,96.66666666666669,0.0,92.00663947127842,0.0,1,1,E_ablate_wyckoff_vr1.2,True
2703,002703.SZ,浙江世宝,汽车配件,20251111,14.21,55.8741820515988,55.8741820515988,0.0,2.17,10.2066,12786.26,3.333333333333323,weak_momentum,BULL_TREND,55.88475213348772,100.0,100.0,80.0,79.94312821050426,30.0,0.0,83.26726499721228,0.0,2,2,E_ablate_wyckoff_vr1.2,True
2085,002085.SZ,万丰奥威,汽车配件,20251111,17.17,55.52922896544248,55.52922896544248,0.0,2.49,3.8155,19983.05,6.937669376693754,weak_momentum,BULL_TREND,65.80728711466783,100.0,100.0,40.0,79.94312821050426,33.33333333333333,0.0,78.10011280049206,0.0,3,3,E_ablate_wyckoff_vr1.2,True
2010,002010.SZ,传化智联,仓储物流,20251111,6.59,74.3361508108934,74.3361508108934,0.0,3.66,4.7137,18892.22,2.3703703703703725,weak_momentum,BULL_TREND,93.5921824254659,81.11111111111117,100.0,80.0,66.19773906476723,96.66666666666669,0.0,92.00663947127842,0.0,1,1,E_ablate_accel_vr1.2,True
2703,002703.SZ,浙江世宝,汽车配件,20251111,14.21,68.36427180118064,68.36427180118064,0.0,2.17,10.2066,12786.26,3.333333333333323,weak_momentum,BULL_TREND,55.88475213348772,100.0,100.0,80.0,79.94312821050426,30.0,0.0,83.26726499721228,0.0,2,2,E_ablate_accel_vr1.2,True
2085,002085.SZ,万丰奥威,汽车配件,20251111,17.17,67.24424588551629,67.24424588551629,0.0,2.49,3.8155,19983.05,6.937669376693754,weak_momentum,BULL_TREND,65.80728711466783,100.0,100.0,40.0,79.94312821050426,33.33333333333333,0.0,78.10011280049206,0.0,3,3,E_ablate_accel_vr1.2,True
989,000989.SZ,九芝堂,中成药,20251112,10.53,79.65031029348377,69.65031029348377,10.0,4.92,8.5245,14866.5,0.2840909090909198,weak_momentum,BULL_TREND,100.0,3.787878787878931,100.0,60.0,100.0,100.0,0.0,87.97176559292198,0.0,1,1,A_recovered_proxy_vr1.5,True
3016,003016.SZ,欣贺股份,服饰,20251112,9.35,66.5006111344501,58.28834556162426,8.212265572825833,2.67,10.6598,4946.99,4.591836734693889,weak_momentum,BULL_TREND,70.84198709564146,100.0,49.4699,60.0,82.12265572825834,10.0,0.0,72.9271142535953,0.0,2,2,A_recovered_proxy_vr1.5,True
670,000670.SZ,盈方微,元器件,20251112,8.37,63.41836744067404,63.41836744067404,0.0,2.23,8.1742,8964.36,3.236994219653192,weak_momentum,BULL_TREND,57.852185507279,100.0,89.6436,60.0,75.32741722291281,33.33333333333333,0.0,70.92608242985733,0.0,3,3,A_recovered_proxy_vr1.5,True
989,000989.SZ,九芝堂,中成药,20251112,10.53,69.65031029348377,69.65031029348377,0.0,4.92,8.5245,14866.5,0.2840909090909198,weak_momentum,BULL_TREND,100.0,3.787878787878931,100.0,60.0,100.0,100.0,0.0,87.97176559292198,0.0,1,1,B_pure_quant_vr1.5,True
670,000670.SZ,盈方微,元器件,20251112,8.37,63.41836744067404,63.41836744067404,0.0,2.23,8.1742,8964.36,3.236994219653192,weak_momentum,BULL_TREND,57.852185507279,100.0,89.6436,60.0,75.32741722291281,33.33333333333333,0.0,70.92608242985733,0.0,2,2,B_pure_quant_vr1.5,True
603960,603960.SH,克来机电,汽车配件,20251112,20.18,62.71487592508586,62.71487592508586,0.0,2.92,4.4682,3824.52,4.901036757775679,weak_momentum,BULL_TREND,77.29841845526462,100.0,38.2452,65.0,69.86627932767462,96.66666666666669,0.0,91.15134616207762,0.0,3,3,B_pure_quant_vr1.5,True
989,000989.SZ,九芝堂,中成药,20251112,10.53,69.19574735288205,63.37757252912274,5.818174823759315,4.92,8.5245,14866.5,0.2840909090909198,weak_momentum,BULL_TREND,100.0,3.787878787878931,100.0,60.0,58.18174823759315,100.0,0.0,87.97176559292198,0.0,1,1,A_recovered_proxy_vr1.2,True
600888,600888.SH,新疆众和,铝,20251112,8.79,57.98328205064469,49.51994203058451,8.463340020060182,1.47,4.7778,4611.55,3.0871003307607623,weak_momentum,BULL_TREND,27.790807753081985,100.0,46.1155,65.0,84.63340020060181,10.0,0.0,57.37013891687961,0.0,2,2,A_recovered_proxy_vr1.2,True
603960,603960.SH,克来机电,汽车配件,20251112,20.18,57.93652511319463,57.93652511319463,0.0,2.92,4.4682,3824.52,4.901036757775679,weak_momentum,BULL_TREND,77.29841845526462,100.0,38.2452,65.0,38.01060724839972,96.66666666666669,0.0,91.15134616207762,0.0,3,3,A_recovered_proxy_vr1.2,True
989,000989.SZ,九芝堂,中成药,20251112,10.53,63.37757252912274,63.37757252912274,0.0,4.92,8.5245,14866.5,0.2840909090909198,weak_momentum,BULL_TREND,100.0,3.787878787878931,100.0,60.0,58.18174823759315,100.0,0.0,87.97176559292198,0.0,1,1,D_pure_quant_vr1.2,True
603960,603960.SH,克来机电,汽车配件,20251112,20.18,57.93652511319463,57.93652511319463,0.0,2.92,4.4682,3824.52,4.901036757775679,weak_momentum,BULL_TREND,77.29841845526462,100.0,38.2452,65.0,38.01060724839972,96.66666666666669,0.0,91.15134616207762,0.0,2,2,D_pure_quant_vr1.2,True
670,000670.SZ,盈方微,元器件,20251112,8.37,57.74161381581837,57.74161381581837,0.0,2.23,8.1742,8964.36,3.236994219653192,weak_momentum,BULL_TREND,57.852185507279,100.0,89.6436,65.0,35.815726390541684,33.33333333333333,0.0,70.92608242985733,0.0,3,3,D_pure_quant_vr1.2,True
989,000989.SZ,九芝堂,中成药,20251112,10.53,54.65031029348377,54.65031029348377,0.0,4.92,8.5245,14866.5,0.2840909090909198,weak_momentum,BULL_TREND,100.0,3.787878787878931,100.0,60.0,58.18174823759315,100.0,0.0,87.97176559292198,0.0,1,1,E_ablate_sector_vr1.2,True
670,000670.SZ,盈方微,元器件,20251112,8.37,52.36925485723712,52.36925485723712,0.0,2.23,8.1742,8964.36,3.236994219653192,weak_momentum,BULL_TREND,57.852185507279,100.0,89.6436,65.0,35.815726390541684,33.33333333333333,0.0,70.92608242985733,0.0,2,2,E_ablate_sector_vr1.2,True
603960,603960.SH,克来机电,汽车配件,20251112,20.18,52.23493402593467,52.23493402593467,0.0,2.92,4.4682,3824.52,4.901036757775679,weak_momentum,BULL_TREND,77.29841845526462,100.0,38.2452,65.0,38.01060724839972,96.66666666666669,0.0,91.15134616207762,0.0,3,3,E_ablate_sector_vr1.2,True
603960,603960.SH,克来机电,汽车配件,20251112,20.18,51.0430479486394,51.0430479486394,0.0,2.92,4.4682,3824.52,4.901036757775679,weak_momentum,BULL_TREND,77.29841845526462,100.0,38.2452,65.0,37.94833281803152,96.66666666666669,0.0,91.15134616207762,0.0,1,1,E_ablate_inflow_vr1.2,True
600576,600576.SH,祥源文旅,旅游景点,20251112,7.81,47.90078179634583,47.90078179634583,0.0,3.19,6.9452,4694.91,3.341584158415847,weak_momentum,BULL_TREND,83.67782119950724,100.0,46.9491,100.0,38.418635289307765,0.0,0.0,83.90875548682385,0.0,2,2,E_ablate_inflow_vr1.2,True
989,000989.SZ,九芝堂,中成药,20251112,10.53,50.18180769018444,50.18180769018444,0.0,4.92,8.5245,14866.5,0.2840909090909198,weak_momentum,BULL_TREND,100.0,3.787878787878931,100.0,60.0,58.18174823759315,100.0,0.0,87.97176559292198,0.0,1,1,E_ablate_wyckoff_vr1.2,True
670,000670.SZ,盈方微,元器件,20251112,8.37,47.10270145133977,47.10270145133977,0.0,2.23,8.1742,8964.36,3.236994219653192,weak_momentum,BULL_TREND,57.852185507279,100.0,89.6436,65.0,35.815726390541684,33.33333333333333,0.0,70.92608242985733,0.0,2,2,E_ablate_wyckoff_vr1.2,True
852,000852.SZ,石化机械,化工机械,20251112,7.5,46.779401852968114,46.779401852968114,0.0,2.92,10.8847,12894.63,19.700214132762312,weak_momentum,BULL_TREND,77.29841845526462,41.49892933618844,100.0,60.0,40.25400598446097,63.33333333333333,0.0,0.0,0.0,3,3,E_ablate_wyckoff_vr1.2,True
989,000989.SZ,九芝堂,中成药,20251112,10.53,63.37757252912274,63.37757252912274,0.0,4.92,8.5245,14866.5,0.2840909090909198,weak_momentum,BULL_TREND,100.0,3.787878787878931,100.0,60.0,58.18174823759315,100.0,0.0,87.97176559292198,0.0,1,1,E_ablate_accel_vr1.2,True
603960,603960.SH,克来机电,汽车配件,20251112,20.18,57.93652511319463,57.93652511319463,0.0,2.92,4.4682,3824.52,4.901036757775679,weak_momentum,BULL_TREND,77.29841845526462,100.0,38.2452,65.0,38.01060724839972,96.66666666666669,0.0,91.15134616207762,0.0,2,2,E_ablate_accel_vr1.2,True
670,000670.SZ,盈方微,元器件,20251112,8.37,57.74161381581837,57.74161381581837,0.0,2.23,8.1742,8964.36,3.236994219653192,weak_momentum,BULL_TREND,57.852185507279,100.0,89.6436,65.0,35.815726390541684,33.33333333333333,0.0,70.92608242985733,0.0,3,3,E_ablate_accel_vr1.2,True
600490,600490.SH,鹏欣资源,铜,20251113,8.41,72.16700165023737,63.36648501994841,8.800516630288952,1.69,5.3732,10228.43,13.655030800821354,weak_momentum,BULL_TREND,37.851162325372975,86.20807665982205,100.0,65.0,88.00516630288952,53.333333333333336,0.0,68.17599906575819,0.0,1,1,A_recovered_proxy_vr1.5,True
601212,601212.SH,白银有色,铜,20251113,5.5,71.0394173773532,62.23890074706426,8.800516630288952,1.86,4.5406,24598.35,15.773353751914248,weak_momentum,BULL_TREND,44.76513106666534,68.55538540071461,100.0,65.0,88.00516630288952,33.33333333333333,0.0,74.53362151252405,0.0,2,2,A_recovered_proxy_vr1.5,True
878,000878.SZ,云南铜业,铜,20251113,17.98,68.65583411025725,59.85531747996829,8.800516630288952,1.71,4.5396,27059.0,5.567226890756296,weak_momentum,BULL_TREND,38.69981625555866,100.0,100.0,65.0,88.00516630288952,53.333333333333336,0.0,32.88602286356263,0.0,3,3,A_recovered_proxy_vr1.5,True
600490,600490.SH,鹏欣资源,铜,20251113,8.41,63.36648501994841,63.36648501994841,0.0,1.69,5.3732,10228.43,13.655030800821354,weak_momentum,BULL_TREND,37.851162325372975,86.20807665982205,100.0,65.0,88.00516630288952,53.333333333333336,0.0,68.17599906575819,0.0,1,1,B_pure_quant_vr1.5,True
601212,601212.SH,白银有色,铜,20251113,5.5,62.23890074706426,62.23890074706426,0.0,1.86,4.5406,24598.35,15.773353751914248,weak_momentum,BULL_TREND,44.76513106666534,68.55538540071461,100.0,65.0,88.00516630288952,33.33333333333333,0.0,74.53362151252405,0.0,2,2,B_pure_quant_vr1.5,True
600871,600871.SH,石化油服,石油开采,20251113,2.63,61.35511750065613,61.35511750065613,0.0,2.78,4.4641,9986.13,3.308823529411776,weak_momentum,BULL_TREND,73.75424414743912,100.0,99.8613,80.0,37.67801310826509,66.66666666666666,0.0,48.879410526447785,0.0,3,3,B_pure_quant_vr1.5,True
600490,600490.SH,鹏欣资源,铜,20251113,8.41,72.26345503765573,63.42435705239944,8.8390979852563,1.69,5.3732,10228.43,13.655030800821354,weak_momentum,BULL_TREND,37.851162325372975,86.20807665982205,100.0,65.0,88.39097985256299,53.333333333333336,0.0,68.17599906575819,0.0,1,1,A_recovered_proxy_vr1.2,True
601212,601212.SH,白银有色,铜,20251113,5.5,71.13587076477158,62.29677277951528,8.8390979852563,1.86,4.5406,24598.35,15.773353751914248,weak_momentum,BULL_TREND,44.76513106666534,68.55538540071461,100.0,65.0,88.39097985256299,33.33333333333333,0.0,74.53362151252405,0.0,2,2,A_recovered_proxy_vr1.2,True
878,000878.SZ,云南铜业,铜,20251113,17.98,68.75228749767561,59.91318951241931,8.8390979852563,1.71,4.5396,27059.0,5.567226890756296,weak_momentum,BULL_TREND,38.69981625555866,100.0,100.0,65.0,88.39097985256299,53.333333333333336,0.0,32.88602286356263,0.0,3,3,A_recovered_proxy_vr1.2,True
600490,600490.SH,鹏欣资源,铜,20251113,8.41,63.42435705239944,63.42435705239944,0.0,1.69,5.3732,10228.43,13.655030800821354,weak_momentum,BULL_TREND,37.851162325372975,86.20807665982205,100.0,65.0,88.39097985256299,53.333333333333336,0.0,68.17599906575819,0.0,1,1,D_pure_quant_vr1.2,True
601212,601212.SH,白银有色,铜,20251113,5.5,62.29677277951528,62.29677277951528,0.0,1.86,4.5406,24598.35,15.773353751914248,weak_momentum,BULL_TREND,44.76513106666534,68.55538540071461,100.0,65.0,88.39097985256299,33.33333333333333,0.0,74.53362151252405,0.0,2,2,D_pure_quant_vr1.2,True
600871,600871.SH,石化油服,石油开采,20251113,2.63,61.26076630887154,61.26076630887154,0.0,2.78,4.4641,9986.13,3.308823529411776,weak_momentum,BULL_TREND,73.75424414743912,100.0,99.8613,80.0,37.04900516303451,66.66666666666666,0.0,48.879410526447785,0.0,3,3,D_pure_quant_vr1.2,True
600871,600871.SH,石化油服,石油开采,20251113,2.63,55.703415534416365,55.703415534416365,0.0,2.78,4.4641,9986.13,3.308823529411776,weak_momentum,BULL_TREND,73.75424414743912,100.0,99.8613,80.0,37.04900516303451,66.66666666666666,0.0,48.879410526447785,0.0,1,1,E_ablate_sector_vr1.2,True
600490,600490.SH,鹏欣资源,铜,20251113,8.41,50.16571007451499,50.16571007451499,0.0,1.69,5.3732,10228.43,13.655030800821354,weak_momentum,BULL_TREND,37.851162325372975,86.20807665982205,100.0,65.0,88.39097985256299,53.333333333333336,0.0,68.17599906575819,0.0,2,2,E_ablate_sector_vr1.2,True
1337,001337.SZ,四川黄金,黄金,20251113,28.54,50.07175239354012,50.07175239354012,0.0,1.84,6.0909,8745.66,7.4878444084278835,weak_momentum,BULL_TREND,43.98528831411441,100.0,87.4566,65.0,44.95075176719792,53.333333333333336,0.0,65.43402986504196,0.0,3,3,E_ablate_sector_vr1.2,True
600490,600490.SH,鹏欣资源,铜,20251113,8.41,45.51834803427182,45.51834803427182,0.0,1.69,5.3732,10228.43,13.655030800821354,weak_momentum,BULL_TREND,37.851162325372975,86.20807665982205,100.0,65.0,89.01758639837888,53.333333333333336,0.0,68.17599906575819,0.0,1,1,E_ablate_inflow_vr1.2,True
878,000878.SZ,云南铜业,铜,20251113,17.98,54.98028608288492,54.98028608288492,0.0,1.71,4.5396,27059.0,5.567226890756296,weak_momentum,BULL_TREND,38.69981625555866,100.0,100.0,65.0,88.39097985256299,53.333333333333336,0.0,32.88602286356263,0.0,1,1,E_ablate_wyckoff_vr1.2,True
600871,600871.SH,石化油服,石油开采,20251113,2.63,53.92885472990437,53.92885472990437,0.0,2.78,4.4641,9986.13,3.308823529411776,weak_momentum,BULL_TREND,73.75424414743912,100.0,99.8613,80.0,37.04900516303451,66.66666666666666,0.0,48.879410526447785,0.0,2,2,E_ablate_wyckoff_vr1.2,True
600490,600490.SH,鹏欣资源,铜,20251113,8.41,53.19795719253571,53.19795719253571,0.0,1.69,5.3732,10228.43,13.655030800821354,weak_momentum,BULL_TREND,37.851162325372975,86.20807665982205,100.0,65.0,88.39097985256299,53.333333333333336,0.0,68.17599906575819,0.0,3,3,E_ablate_wyckoff_vr1.2,True
600490,600490.SH,鹏欣资源,铜,20251113,8.41,63.42435705239944,63.42435705239944,0.0,1.69,5.3732,10228.43,13.655030800821354,weak_momentum,BULL_TREND,37.851162325372975,86.20807665982205,100.0,65.0,88.39097985256299,53.333333333333336,0.0,68.17599906575819,0.0,1,1,E_ablate_accel_vr1.2,True
601212,601212.SH,白银有色,铜,20251113,5.5,62.29677277951528,62.29677277951528,0.0,1.86,4.5406,24598.35,15.773353751914248,weak_momentum,BULL_TREND,44.76513106666534,68.55538540071461,100.0,65.0,88.39097985256299,33.33333333333333,0.0,74.53362151252405,0.0,2,2,E_ablate_accel_vr1.2,True
600871,600871.SH,石化油服,石油开采,20251113,2.63,61.26076630887154,61.26076630887154,0.0,2.78,4.4641,9986.13,3.308823529411776,weak_momentum,BULL_TREND,73.75424414743912,100.0,99.8613,80.0,37.04900516303451,66.66666666666666,0.0,48.879410526447785,0.0,3,3,E_ablate_accel_vr1.2,True
2583,002583.SZ,海能达,通信设备,20251114,11.76,85.4165053917361,76.97331563090259,8.443189760833508,3.43,7.4331,14140.03,4.312449145646863,weak_momentum,BULL_TREND,88.91042881990438,100.0,100.0,65.0,84.43189760833508,33.33333333333333,94.606,75.5,0.0,1,1,A_recovered_proxy_vr1.5,True
2369,002369.SZ,卓翼科技,通信设备,20251114,9.02,79.7426764728879,71.29948671205439,8.443189760833508,4.02,10.6067,5054.07,1.956521739130432,weak_momentum,BULL_TREND,100.0,68.69565217391296,50.5407,80.0,84.43189760833508,86.66666666666667,100.0,86.4037631773416,0.0,2,2,A_recovered_proxy_vr1.5,True
600155,600155.SH,华创云信,证券,20251114,7.65,75.05877296155269,75.05877296155269,0.0,4.54,3.8824,11811.7,4.135338345864662,weak_momentum,BULL_TREND,100.0,100.0,100.0,80.0,40.92266764537381,66.66666666666666,79.64,84.03359654275523,0.0,3,3,A_recovered_proxy_vr1.5,True
2583,002583.SZ,海能达,通信设备,20251114,11.76,76.97331563090259,76.97331563090259,0.0,3.43,7.4331,14140.03,4.312449145646863,weak_momentum,BULL_TREND,88.91042881990438,100.0,100.0,65.0,84.43189760833508,33.33333333333333,94.606,75.5,0.0,1,1,B_pure_quant_vr1.5,True
600155,600155.SH,华创云信,证券,20251114,7.65,75.05877296155269,75.05877296155269,0.0,4.54,3.8824,11811.7,4.135338345864662,weak_momentum,BULL_TREND,100.0,100.0,100.0,80.0,40.92266764537381,66.66666666666666,79.64,84.03359654275523,0.0,2,2,B_pure_quant_vr1.5,True
600212,600212.SH,绿能慧充,电气设备,20251114,8.85,73.29398175025835,73.29398175025835,0.0,4.68,10.3183,10876.4,1.6666666666666703,weak_momentum,BULL_TREND,100.0,60.000000000000114,100.0,80.0,52.90432277950005,96.66666666666669,100.0,75.5,0.0,3,3,B_pure_quant_vr1.5,True
2583,002583.SZ,海能达,通信设备,20251114,11.76,85.4165053917361,76.97331563090259,8.443189760833508,3.43,7.4331,14140.03,4.312449145646863,weak_momentum,BULL_TREND,88.91042881990438,100.0,100.0,65.0,84.43189760833508,33.33333333333333,94.606,75.5,0.0,1,1,A_recovered_proxy_vr1.2,True
600212,600212.SH,绿能慧充,电气设备,20251114,8.85,84.10285383939909,76.60504563697279,7.497808202426293,4.68,10.3183,10876.4,1.6666666666666703,weak_momentum,BULL_TREND,100.0,60.000000000000114,100.0,80.0,74.97808202426293,96.66666666666669,100.0,75.5,0.0,2,2,A_recovered_proxy_vr1.2,True
2369,002369.SZ,卓翼科技,通信设备,20251114,9.02,79.7426764728879,71.29948671205439,8.443189760833508,4.02,10.6067,5054.07,1.956521739130432,weak_momentum,BULL_TREND,100.0,68.69565217391296,50.5407,80.0,84.43189760833508,86.66666666666667,100.0,86.4037631773416,0.0,3,3,A_recovered_proxy_vr1.2,True
2583,002583.SZ,海能达,通信设备,20251114,11.76,76.97331563090259,76.97331563090259,0.0,3.43,7.4331,14140.03,4.312449145646863,weak_momentum,BULL_TREND,88.91042881990438,100.0,100.0,65.0,84.43189760833508,33.33333333333333,94.606,75.5,0.0,1,1,D_pure_quant_vr1.2,True
600212,600212.SH,绿能慧充,电气设备,20251114,8.85,76.60504563697279,76.60504563697279,0.0,4.68,10.3183,10876.4,1.6666666666666703,weak_momentum,BULL_TREND,100.0,60.000000000000114,100.0,80.0,74.97808202426293,96.66666666666669,100.0,75.5,0.0,2,2,D_pure_quant_vr1.2,True
600155,600155.SH,华创云信,证券,20251114,7.65,75.05877296155269,75.05877296155269,0.0,4.54,3.8824,11811.7,4.135338345864662,weak_momentum,BULL_TREND,100.0,100.0,100.0,80.0,40.92266764537381,66.66666666666666,79.64,84.03359654275523,0.0,3,3,D_pure_quant_vr1.2,True
600155,600155.SH,华创云信,证券,20251114,7.65,68.92037281474661,68.92037281474661,0.0,4.54,3.8824,11811.7,4.135338345864662,weak_momentum,BULL_TREND,100.0,100.0,100.0,80.0,40.92266764537381,66.66666666666666,79.64,84.03359654275523,0.0,1,1,E_ablate_sector_vr1.2,True
600212,600212.SH,绿能慧充,电气设备,20251114,8.85,65.35833333333335,65.35833333333335,0.0,4.68,10.3183,10876.4,1.6666666666666703,weak_momentum,BULL_TREND,100.0,60.000000000000114,100.0,80.0,74.97808202426293,96.66666666666669,100.0,75.5,0.0,2,2,E_ablate_sector_vr1.2,True
2583,002583.SZ,海能达,通信设备,20251114,11.76,64.30853098965233,64.30853098965233,0.0,3.43,7.4331,14140.03,4.312449145646863,weak_momentum,BULL_TREND,88.91042881990438,100.0,100.0,65.0,84.43189760833508,33.33333333333333,94.606,75.5,0.0,3,3,E_ablate_sector_vr1.2,True
2369,002369.SZ,卓翼科技,通信设备,20251114,9.02,59.98568158281526,59.98568158281526,0.0,4.02,10.6067,5054.07,1.956521739130432,weak_momentum,BULL_TREND,100.0,68.69565217391296,50.5407,80.0,69.65537008007419,86.66666666666667,100.0,86.4037631773416,0.0,1,1,E_ablate_inflow_vr1.2,True
600212,600212.SH,绿能慧充,电气设备,20251114,8.85,58.03373492262213,58.03373492262213,0.0,4.68,10.3183,10876.4,1.6666666666666703,weak_momentum,BULL_TREND,100.0,60.000000000000114,100.0,80.0,71.1693439285919,96.66666666666669,100.0,75.5,0.0,2,2,E_ablate_inflow_vr1.2,True
603998,603998.SH,方盛制药,中成药,20251114,13.01,57.21390470828189,57.21390470828189,0.0,3.21,8.4941,4363.91,3.629629629629631,weak_momentum,BULL_TREND,84.12866486737892,100.0,43.6391,80.0,69.83689702139296,10.0,100.0,84.12713616644072,0.0,3,3,E_ablate_inflow_vr1.2,True
2583,002583.SZ,海能达,通信设备,20251114,11.76,65.64831563090259,65.64831563090259,0.0,3.43,7.4331,14140.03,4.312449145646863,weak_momentum,BULL_TREND,88.91042881990438,100.0,100.0,65.0,84.43189760833508,33.33333333333333,94.606,75.5,0.0,1,1,E_ablate_wyckoff_vr1.2,True
600212,600212.SH,绿能慧充,电气设备,20251114,8.85,65.28004563697279,65.28004563697279,0.0,4.68,10.3183,10876.4,1.6666666666666703,weak_momentum,BULL_TREND,100.0,60.000000000000114,100.0,80.0,74.97808202426293,96.66666666666669,100.0,75.5,0.0,2,2,E_ablate_wyckoff_vr1.2,True
600155,600155.SH,华创云信,证券,20251114,7.65,62.453733480139405,62.453733480139405,0.0,4.54,3.8824,11811.7,4.135338345864662,weak_momentum,BULL_TREND,100.0,100.0,100.0,80.0,40.92266764537381,66.66666666666666,79.64,84.03359654275523,0.0,3,3,E_ablate_wyckoff_vr1.2,True
2583,002583.SZ,海能达,通信设备,20251114,11.76,76.97331563090259,76.97331563090259,0.0,3.43,7.4331,14140.03,4.312449145646863,weak_momentum,BULL_TREND,88.91042881990438,100.0,100.0,65.0,84.43189760833508,33.33333333333333,94.606,75.5,0.0,1,1,E_ablate_accel_vr1.2,True
600212,600212.SH,绿能慧充,电气设备,20251114,8.85,76.60504563697279,76.60504563697279,0.0,4.68,10.3183,10876.4,1.6666666666666703,weak_momentum,BULL_TREND,100.0,60.000000000000114,100.0,80.0,74.97808202426293,96.66666666666669,100.0,75.5,0.0,2,2,E_ablate_accel_vr1.2,True
600155,600155.SH,华创云信,证券,20251114,7.65,75.05877296155269,75.05877296155269,0.0,4.54,3.8824,11811.7,4.135338345864662,weak_momentum,BULL_TREND,100.0,100.0,100.0,80.0,40.92266764537381,66.66666666666666,79.64,84.03359654275523,0.0,3,3,E_ablate_accel_vr1.2,True
158,000158.SZ,常山北明,软件服务,20251117,23.71,72.13028680611382,64.58071284455025,7.549573961563566,2.02,6.133,34016.83,4.89370236662655,weak_momentum,BULL_TREND,50.7177646488535,100.0,100.0,80.0,75.49573961563566,33.33333333333333,0.0,66.54680358806803,0.0,1,1,A_recovered_proxy_vr1.5,True
2065,002065.SZ,东华软件,软件服务,20251117,10.29,65.45114085892037,57.9015668973568,7.549573961563566,1.6,3.1329,13504.39,3.651685393258433,weak_momentum,BULL_TREND,33.903595255631885,100.0,100.0,40.0,75.49573961563566,53.333333333333336,0.0,45.5,0.0,2,2,A_recovered_proxy_vr1.5,True
301382,301382.SZ,蜂助手,互联网,20251117,35.85,61.597559628681246,51.78788628788615,9.809673340795094,1.65,8.0509,6422.44,5.633061331929456,weak_momentum,BULL_TREND,36.12330122355455,100.0,64.2244,60.0,98.09673340795092,33.33333333333333,0.0,22.852149509957783,0.0,3,3,A_recovered_proxy_vr1.5,True
158,000158.SZ,常山北明,软件服务,20251117,23.71,64.58071284455025,64.58071284455025,0.0,2.02,6.133,34016.83,4.89370236662655,weak_momentum,BULL_TREND,50.7177646488535,100.0,100.0,80.0,75.49573961563566,33.33333333333333,0.0,66.54680358806803,0.0,1,1,B_pure_quant_vr1.5,True
558,000558.SZ,天府文旅,旅游景点,20251117,5.62,59.38958649055732,59.38958649055732,0.0,1.86,7.9838,11548.34,3.103448275862064,weak_momentum,BULL_TREND,44.76513106666534,100.0,100.0,100.0,50.86937714618022,30.0,0.0,56.96273505753659,0.0,2,2,B_pure_quant_vr1.5,True
2065,002065.SZ,东华软件,软件服务,20251117,10.29,57.9015668973568,57.9015668973568,0.0,1.6,3.1329,13504.39,3.651685393258433,weak_momentum,BULL_TREND,33.903595255631885,100.0,100.0,40.0,75.49573961563566,53.333333333333336,0.0,45.5,0.0,3,3,B_pure_quant_vr1.5,True
158,000158.SZ,常山北明,软件服务,20251117,23.71,67.7754322922748,61.96780013624684,5.807632156027963,2.02,6.133,34016.83,4.89370236662655,weak_momentum,BULL_TREND,50.7177646488535,100.0,100.0,80.0,58.07632156027962,33.33333333333333,0.0,66.54680358806803,0.0,1,1,A_recovered_proxy_vr1.2,True
2065,002065.SZ,东华软件,软件服务,20251117,10.29,61.09628634508136,55.2886541890534,5.807632156027963,1.6,3.1329,13504.39,3.651685393258433,weak_momentum,BULL_TREND,33.903595255631885,100.0,100.0,40.0,58.07632156027962,53.333333333333336,0.0,45.5,0.0,2,2,A_recovered_proxy_vr1.2,True
558,000558.SZ,天府文旅,旅游景点,20251117,5.62,59.52939608740125,59.52939608740125,0.0,1.86,7.9838,11548.34,3.103448275862064,weak_momentum,BULL_TREND,44.76513106666534,100.0,100.0,100.0,51.80144112513975,30.0,0.0,56.96273505753659,0.0,3,3,A_recovered_proxy_vr1.2,True
158,000158.SZ,常山北明,软件服务,20251117,23.71,61.96780013624684,61.96780013624684,0.0,2.02,6.133,34016.83,4.89370236662655,weak_momentum,BULL_TREND,50.7177646488535,100.0,100.0,80.0,58.07632156027962,33.33333333333333,0.0,66.54680358806803,0.0,1,1,D_pure_quant_vr1.2,True
558,000558.SZ,天府文旅,旅游景点,20251117,5.62,59.52939608740125,59.52939608740125,0.0,1.86,7.9838,11548.34,3.103448275862064,weak_momentum,BULL_TREND,44.76513106666534,100.0,100.0,100.0,51.80144112513975,30.0,0.0,56.96273505753659,0.0,2,2,D_pure_quant_vr1.2,True
2068,002068.SZ,黑猫股份,化工原料,20251117,11.12,56.59872129222319,56.59872129222319,0.0,2.15,8.2809,7040.15,3.304347826086963,weak_momentum,BULL_TREND,55.216832990736776,100.0,70.4015,80.0,52.69073504363524,20.0,0.0,71.6021072471159,0.0,3,3,D_pure_quant_vr1.2,True
158,000158.SZ,常山北明,软件服务,20251117,23.71,53.2563519022049,53.2563519022049,0.0,2.02,6.133,34016.83,4.89370236662655,weak_momentum,BULL_TREND,50.7177646488535,100.0,100.0,80.0,58.07632156027962,33.33333333333333,0.0,66.54680358806803,0.0,1,1,E_ablate_sector_vr1.2,True
558,000558.SZ,天府文旅,旅游景点,20251117,5.62,51.75917991863029,51.75917991863029,0.0,1.86,7.9838,11548.34,3.103448275862064,weak_momentum,BULL_TREND,44.76513106666534,100.0,100.0,100.0,51.80144112513975,30.0,0.0,56.96273505753659,0.0,2,2,E_ablate_sector_vr1.2,True
2068,002068.SZ,黑猫股份,化工原料,20251117,11.12,48.6951110356779,48.6951110356779,0.0,2.15,8.2809,7040.15,3.304347826086963,weak_momentum,BULL_TREND,55.216832990736776,100.0,70.4015,80.0,52.69073504363524,20.0,0.0,71.6021072471159,0.0,3,3,E_ablate_sector_vr1.2,True
158,000158.SZ,常山北明,软件服务,20251117,23.71,51.98577959803664,51.98577959803664,0.0,2.02,6.133,34016.83,4.89370236662655,weak_momentum,BULL_TREND,50.7177646488535,100.0,100.0,80.0,58.07632156027962,33.33333333333333,0.0,66.54680358806803,0.0,1,1,E_ablate_wyckoff_vr1.2,True
558,000558.SZ,天府文旅,旅游景点,20251117,5.62,50.98498582877076,50.98498582877076,0.0,1.86,7.9838,11548.34,3.103448275862064,weak_momentum,BULL_TREND,44.76513106666534,100.0,100.0,100.0,51.80144112513975,30.0,0.0,56.96273505753659,0.0,2,2,E_ablate_wyckoff_vr1.2,True
2065,002065.SZ,东华软件,软件服务,20251117,10.29,48.46365418905339,48.46365418905339,0.0,1.6,3.1329,13504.39,3.651685393258433,weak_momentum,BULL_TREND,33.903595255631885,100.0,100.0,40.0,58.07632156027962,53.333333333333336,0.0,45.5,0.0,3,3,E_ablate_wyckoff_vr1.2,True
158,000158.SZ,常山北明,软件服务,20251117,23.71,61.96780013624684,61.96780013624684,0.0,2.02,6.133,34016.83,4.89370236662655,weak_momentum,BULL_TREND,50.7177646488535,100.0,100.0,80.0,58.07632156027962,33.33333333333333,0.0,66.54680358806803,0.0,1,1,E_ablate_accel_vr1.2,True
558,000558.SZ,天府文旅,旅游景点,20251117,5.62,59.52939608740125,59.52939608740125,0.0,1.86,7.9838,11548.34,3.103448275862064,weak_momentum,BULL_TREND,44.76513106666534,100.0,100.0,100.0,51.80144112513975,30.0,0.0,56.96273505753659,0.0,2,2,E_ablate_accel_vr1.2,True
2068,002068.SZ,黑猫股份,化工原料,20251117,11.12,56.59872129222319,56.59872129222319,0.0,2.15,8.2809,7040.15,3.304347826086963,weak_momentum,BULL_TREND,55.216832990736776,100.0,70.4015,80.0,52.69073504363524,20.0,0.0,71.6021072471159,0.0,3,3,E_ablate_accel_vr1.2,True
2315,002315.SZ,焦点科技,互联网,20251118,45.18,82.17295866935362,72.17295866935362,10.0,2.59,5.8388,11029.18,7.720588235294119,bear,BULL_TREND,68.64760489559146,95.343137254902,100.0,65.0,100.0,66.66666666666666,0.0,43.01385052426434,0.0,1,1,A_recovered_proxy_vr1.5,True
2354,002354.SZ,天娱数科,互联网,20251118,6.93,67.76240608750854,57.76240608750855,10.0,2.27,6.585,9875.82,3.616133518776087,bear,BULL_TREND,59.13461487580951,36.16133518776087,98.7582,65.0,100.0,53.333333333333336,0.0,52.330386723803294,0.0,2,2,A_recovered_proxy_vr1.5,True
158,000158.SZ,常山北明,软件服务,20251118,24.62,65.31239681267576,58.82105479582109,6.491342016854668,2.68,9.702,21709.42,3.450980392156859,bear,BULL_TREND,71.11165003415239,34.50980392156859,100.0,65.0,64.91342016854668,43.333333333333336,0.0,86.50546028011507,0.0,3,3,A_recovered_proxy_vr1.5,True
2315,002315.SZ,焦点科技,互联网,20251118,45.18,72.17295866935362,72.17295866935362,0.0,2.59,5.8388,11029.18,7.720588235294119,bear,BULL_TREND,68.64760489559146,95.343137254902,100.0,65.0,100.0,66.66666666666666,0.0,43.01385052426434,0.0,1,1,B_pure_quant_vr1.5,True
158,000158.SZ,常山北明,软件服务,20251118,24.62,58.82105479582109,58.82105479582109,0.0,2.68,9.702,21709.42,3.450980392156859,bear,BULL_TREND,71.11165003415239,34.50980392156859,100.0,65.0,64.91342016854668,43.333333333333336,0.0,86.50546028011507,0.0,2,2,B_pure_quant_vr1.5,True
2195,002195.SZ,岩山科技,软件服务,20251118,7.48,58.23162368767979,58.23162368767979,0.0,1.62,5.2017,29306.05,8.891595615103537,bear,BULL_TREND,34.799690655495006,100.0,100.0,40.0,64.91342016854668,53.333333333333336,0.0,34.76676709601851,0.0,3,3,B_pure_quant_vr1.5,True
2315,002315.SZ,焦点科技,互联网,20251118,45.18,80.25073307860849,71.01962331490654,9.231109763701946,2.59,5.8388,11029.18,7.720588235294119,bear,BULL_TREND,68.64760489559146,95.343137254902,100.0,65.0,92.31109763701946,66.66666666666666,0.0,43.01385052426434,0.0,1,1,A_recovered_proxy_vr1.2,True
2354,002354.SZ,天娱数科,互联网,20251118,6.93,65.84018049676341,56.609070733061465,9.231109763701946,2.27,6.585,9875.82,3.616133518776087,bear,BULL_TREND,59.13461487580951,36.16133518776087,98.7582,65.0,92.31109763701946,53.333333333333336,0.0,52.330386723803294,0.0,2,2,A_recovered_proxy_vr1.2,True
158,000158.SZ,常山北明,软件服务,20251118,24.62,64.85927097472043,58.5491792930479,6.310091681672538,2.68,9.702,21709.42,3.450980392156859,bear,BULL_TREND,71.11165003415239,34.50980392156859,100.0,65.0,63.10091681672537,43.333333333333336,0.0,86.50546028011507,0.0,3,3,A_recovered_proxy_vr1.2,True
2315,002315.SZ,焦点科技,互联网,20251118,45.18,71.01962331490654,71.01962331490654,0.0,2.59,5.8388,11029.18,7.720588235294119,bear,BULL_TREND,68.64760489559146,95.343137254902,100.0,65.0,92.31109763701946,66.66666666666666,0.0,43.01385052426434,0.0,1,1,D_pure_quant_vr1.2,True
158,000158.SZ,常山北明,软件服务,20251118,24.62,58.5491792930479,58.5491792930479,0.0,2.68,9.702,21709.42,3.450980392156859,bear,BULL_TREND,71.11165003415239,34.50980392156859,100.0,65.0,63.10091681672537,43.333333333333336,0.0,86.50546028011507,0.0,2,2,D_pure_quant_vr1.2,True
2195,002195.SZ,岩山科技,软件服务,20251118,7.48,57.959748184906594,57.959748184906594,0.0,1.62,5.2017,29306.05,8.891595615103537,bear,BULL_TREND,34.799690655495006,100.0,100.0,40.0,63.10091681672537,53.333333333333336,0.0,34.76676709601851,0.0,3,3,D_pure_quant_vr1.2,True
2315,002315.SZ,焦点科技,互联网,20251118,45.18,57.17295866935361,57.17295866935361,0.0,2.59,5.8388,11029.18,7.720588235294119,bear,BULL_TREND,68.64760489559146,95.343137254902,100.0,65.0,92.31109763701946,66.66666666666666,0.0,43.01385052426434,0.0,1,1,E_ablate_sector_vr1.2,True
603108,603108.SH,润达医疗,医药商业,20251118,15.97,49.23695668899457,49.23695668899457,0.0,2.57,4.6077,4820.66,7.420289855072459,bear,BULL_TREND,68.08841797095766,90.33816425120766,48.2066,80.0,36.60949543542623,43.333333333333336,0.0,37.76374944542943,0.0,2,2,E_ablate_sector_vr1.2,True
158,000158.SZ,常山北明,软件服务,20251118,24.62,49.08404177053909,49.08404177053909,0.0,2.68,9.702,21709.42,3.450980392156859,bear,BULL_TREND,71.11165003415239,34.50980392156859,100.0,65.0,63.10091681672537,43.333333333333336,0.0,86.50546028011507,0.0,3,3,E_ablate_sector_vr1.2,True
2315,002315.SZ,焦点科技,互联网,20251118,45.18,57.5396543854816,57.5396543854816,0.0,2.59,5.8388,11029.18,7.720588235294119,bear,BULL_TREND,68.64760489559146,95.343137254902,100.0,65.0,82.44463810751995,66.66666666666666,0.0,43.01385052426434,0.0,1,1,E_ablate_inflow_vr1.2,True
920592,920592.BJ,华信永道,软件服务,20251118,47.12,49.96887703072061,49.96887703072061,0.0,2.21,8.8234,,9.175019275250587,bear,BULL_TREND,57.20231848083535,100.0,0.0,65.0,56.92349709022864,63.33333333333333,0.0,24.82646445613226,0.0,2,2,E_ablate_inflow_vr1.2,True
2378,002378.SZ,章源钨业,小金属,20251118,13.11,49.821465438239386,49.821465438239386,0.0,2.56,7.5278,-1763.13,7.480592801693723,bear,BULL_TREND,67.80719051126377,91.34321336156204,0.0,100.0,36.61318530968556,33.33333333333333,0.0,38.74776769248504,0.0,3,3,E_ablate_inflow_vr1.2,True
2315,002315.SZ,焦点科技,互联网,20251118,45.18,65.85796125199481,65.85796125199481,0.0,2.59,5.8388,11029.18,7.720588235294119,bear,BULL_TREND,68.64760489559146,95.343137254902,100.0,65.0,92.31109763701946,66.66666666666666,0.0,43.01385052426434,0.0,1,1,E_ablate_wyckoff_vr1.2,True
2195,002195.SZ,岩山科技,软件服务,20251118,7.48,53.78773613338437,53.78773613338437,0.0,1.62,5.2017,29306.05,8.891595615103537,bear,BULL_TREND,34.799690655495006,100.0,100.0,40.0,63.10091681672537,53.333333333333336,0.0,34.76676709601851,0.0,2,2,E_ablate_wyckoff_vr1.2,True
2354,002354.SZ,天娱数科,互联网,20251118,6.93,50.32942432620507,50.32942432620507,0.0,2.27,6.585,9875.82,3.616133518776087,bear,BULL_TREND,59.13461487580951,36.16133518776087,98.7582,65.0,92.31109763701946,53.333333333333336,0.0,52.330386723803294,0.0,3,3,E_ablate_wyckoff_vr1.2,True
2315,002315.SZ,焦点科技,互联网,20251118,45.18,71.01962331490654,71.01962331490654,0.0,2.59,5.8388,11029.18,7.720588235294119,bear,BULL_TREND,68.64760489559146,95.343137254902,100.0,65.0,92.31109763701946,66.66666666666666,0.0,43.01385052426434,0.0,1,1,E_ablate_accel_vr1.2,True
158,000158.SZ,常山北明,软件服务,20251118,24.62,58.5491792930479,58.5491792930479,0.0,2.68,9.702,21709.42,3.450980392156859,bear,BULL_TREND,71.11165003415239,34.50980392156859,100.0,65.0,63.10091681672537,43.333333333333336,0.0,86.50546028011507,0.0,2,2,E_ablate_accel_vr1.2,True
2195,002195.SZ,岩山科技,软件服务,20251118,7.48,57.959748184906594,57.959748184906594,0.0,1.62,5.2017,29306.05,8.891595615103537,bear,BULL_TREND,34.799690655495006,100.0,100.0,40.0,63.10091681672537,53.333333333333336,0.0,34.76676709601851,0.0,3,3,E_ablate_accel_vr1.2,True
2428,002428.SZ,云南锗业,小金属,20251119,27.59,70.28487948113157,63.9437385877902,6.341140893341368,2.03,7.9552,21559.93,9.09390444810544,sideways,BULL_TREND,51.073986370522576,100.0,100.0,100.0,63.41140893341368,66.66666666666666,0.0,32.186807607748705,0.0,1,1,A_recovered_proxy_vr1.5,True
881,000881.SZ,中广核技,化工原料,20251119,8.58,68.54464848417454,62.180875177564765,6.363773306609783,4.21,6.4958,5482.49,4.454342984409803,sideways,BULL_TREND,100.0,44.54342984409803,54.8249,80.0,63.63773306609782,43.333333333333336,0.0,84.91671654401551,0.0,2,2,A_recovered_proxy_vr1.5,True
603002,603002.SH,宏昌电子,化工原料,20251119,7.38,62.06943119755552,55.70565789094574,6.363773306609783,2.04,3.2168,5662.85,7.052896725440812,sideways,BULL_TREND,51.42845760983854,84.21494542401354,56.6285,40.0,63.63773306609782,30.0,0.0,61.02524386319675,0.0,3,3,A_recovered_proxy_vr1.5,True
2428,002428.SZ,云南锗业,小金属,20251119,27.59,63.9437385877902,63.9437385877902,0.0,2.03,7.9552,21559.93,9.09390444810544,sideways,BULL_TREND,51.073986370522576,100.0,100.0,100.0,63.41140893341368,66.66666666666666,0.0,32.186807607748705,0.0,1,1,B_pure_quant_vr1.5,True
881,000881.SZ,中广核技,化工原料,20251119,8.58,62.180875177564765,62.180875177564765,0.0,4.21,6.4958,5482.49,4.454342984409803,sideways,BULL_TREND,100.0,44.54342984409803,54.8249,80.0,63.63773306609782,43.333333333333336,0.0,84.91671654401551,0.0,2,2,B_pure_quant_vr1.5,True
601869,601869.SH,长飞光纤,通信设备,20251119,83.68,61.26149859614711,61.26149859614711,0.0,1.91,5.1114,6930.55,12.183859796410957,sideways,BULL_TREND,46.67863191305119,100.0,69.3055,100.0,59.878983565188456,0.0,0.0,64.1141003374798,0.0,3,3,B_pure_quant_vr1.5,True
2428,002428.SZ,云南锗业,小金属,20251119,27.59,75.2144703214505,66.90149309198156,8.312977229468945,2.03,7.9552,21559.93,9.09390444810544,sideways,BULL_TREND,51.073986370522576,100.0,100.0,100.0,83.12977229468945,66.66666666666666,0.0,32.186807607748705,0.0,1,1,A_recovered_proxy_vr1.2,True
881,000881.SZ,中广核技,化工原料,20251119,8.58,70.13313800348035,63.13396888914825,6.999169114332105,4.21,6.4958,5482.49,4.454342984409803,sideways,BULL_TREND,100.0,44.54342984409803,54.8249,80.0,69.99169114332105,43.333333333333336,0.0,84.91671654401551,0.0,2,2,A_recovered_proxy_vr1.2,True
603002,603002.SH,宏昌电子,化工原料,20251119,7.38,63.65792071686133,56.65875160252922,6.999169114332105,2.04,3.2168,5662.85,7.052896725440812,sideways,BULL_TREND,51.42845760983854,84.21494542401354,56.6285,40.0,69.99169114332105,30.0,0.0,61.02524386319675,0.0,3,3,A_recovered_proxy_vr1.2,True
2428,002428.SZ,云南锗业,小金属,20251119,27.59,66.90149309198156,66.90149309198156,0.0,2.03,7.9552,21559.93,9.09390444810544,sideways,BULL_TREND,51.073986370522576,100.0,100.0,100.0,83.12977229468945,66.66666666666666,0.0,32.186807607748705,0.0,1,1,D_pure_quant_vr1.2,True
881,000881.SZ,中广核技,化工原料,20251119,8.58,63.13396888914825,63.13396888914825,0.0,4.21,6.4958,5482.49,4.454342984409803,sideways,BULL_TREND,100.0,44.54342984409803,54.8249,80.0,69.99169114332105,43.333333333333336,0.0,84.91671654401551,0.0,2,2,D_pure_quant_vr1.2,True
601869,601869.SH,长飞光纤,通信设备,20251119,83.68,60.69023971260513,60.69023971260513,0.0,1.91,5.1114,6930.55,12.183859796410957,sideways,BULL_TREND,46.67863191305119,100.0,69.3055,100.0,56.07059100824195,0.0,0.0,64.1141003374798,0.0,3,3,D_pure_quant_vr1.2,True
2428,002428.SZ,云南锗业,小金属,20251119,27.59,54.432027247778144,54.432027247778144,0.0,2.03,7.9552,21559.93,9.09390444810544,sideways,BULL_TREND,51.073986370522576,100.0,100.0,100.0,83.12977229468945,66.66666666666666,0.0,32.186807607748705,0.0,1,1,E_ablate_sector_vr1.2,True
881,000881.SZ,中广核技,化工原料,20251119,8.58,52.63521521765009,52.63521521765009,0.0,4.21,6.4958,5482.49,4.454342984409803,sideways,BULL_TREND,100.0,44.54342984409803,54.8249,80.0,69.99169114332105,43.333333333333336,0.0,84.91671654401551,0.0,2,2,E_ablate_sector_vr1.2,True
601869,601869.SH,长飞光纤,通信设备,20251119,83.68,52.27965106136884,52.27965106136884,0.0,1.91,5.1114,6930.55,12.183859796410957,sideways,BULL_TREND,46.67863191305119,100.0,69.3055,100.0,56.07059100824195,0.0,0.0,64.1141003374798,0.0,3,3,E_ablate_sector_vr1.2,True
301186,301186.SZ,超达装备,专用机械,20251119,50.5,59.49933301063753,59.49933301063753,0.0,4.33,6.5094,-1042.07,5.324334458192732,sideways,BULL_TREND,100.0,55.405574303212205,0.0,65.0,82.1118222039834,66.66666666666666,0.0,75.5,0.0,1,1,E_ablate_inflow_vr1.2,True
881,000881.SZ,中广核技,化工原料,20251119,8.58,56.621867212567786,56.621867212567786,0.0,4.21,6.4958,5482.49,4.454342984409803,sideways,BULL_TREND,100.0,44.54342984409803,54.8249,80.0,70.43759996611794,43.333333333333336,0.0,84.91671654401551,0.0,2,2,E_ablate_inflow_vr1.2,True
2889,002889.SZ,东方嘉盛,仓储物流,20251119,15.85,55.5230440555356,55.5230440555356,0.0,6.91,8.2985,-3340.71,5.373134328358211,sideways,BULL_TREND,100.0,56.21890547263685,0.0,60.0,42.09040716309271,33.33333333333333,0.0,98.12214258687436,0.0,3,3,E_ablate_inflow_vr1.2,True
2428,002428.SZ,云南锗业,小金属,20251119,27.59,63.03907617905172,63.03907617905172,0.0,2.03,7.9552,21559.93,9.09390444810544,sideways,BULL_TREND,51.073986370522576,100.0,100.0,100.0,83.12977229468945,66.66666666666666,0.0,32.186807607748705,0.0,1,1,E_ablate_wyckoff_vr1.2,True
603099,603099.SH,长白山,旅游景点,20251119,53.73,53.27161970260805,53.27161970260805,0.0,1.39,7.6439,21128.65,10.939830929885632,sideways,BULL_TREND,23.75424414743913,100.0,100.0,100.0,62.52679549003181,33.33333333333333,0.0,20.109472989586653,0.0,2,2,E_ablate_wyckoff_vr1.2,True
601869,601869.SH,长飞光纤,通信设备,20251119,83.68,52.99654767210755,52.99654767210755,0.0,1.91,5.1114,6930.55,12.183859796410957,sideways,BULL_TREND,46.67863191305119,100.0,69.3055,100.0,56.07059100824195,0.0,0.0,64.1141003374798,0.0,3,3,E_ablate_wyckoff_vr1.2,True
2428,002428.SZ,云南锗业,小金属,20251119,27.59,66.90149309198156,66.90149309198156,0.0,2.03,7.9552,21559.93,9.09390444810544,sideways,BULL_TREND,51.073986370522576,100.0,100.0,100.0,83.12977229468945,66.66666666666666,0.0,32.186807607748705,0.0,1,1,E_ablate_accel_vr1.2,True
881,000881.SZ,中广核技,化工原料,20251119,8.58,63.13396888914825,63.13396888914825,0.0,4.21,6.4958,5482.49,4.454342984409803,sideways,BULL_TREND,100.0,44.54342984409803,54.8249,80.0,69.99169114332105,43.333333333333336,0.0,84.91671654401551,0.0,2,2,E_ablate_accel_vr1.2,True
601869,601869.SH,长飞光纤,通信设备,20251119,83.68,60.69023971260513,60.69023971260513,0.0,1.91,5.1114,6930.55,12.183859796410957,sideways,BULL_TREND,46.67863191305119,100.0,69.3055,100.0,56.07059100824195,0.0,0.0,64.1141003374798,0.0,3,3,E_ablate_accel_vr1.2,True
158,000158.SZ,常山北明,软件服务,20251120,24.63,64.16780522850799,55.50812383970506,8.659681388802925,1.9,10.2587,63939.13,3.4117647058823564,bear,BULL_TREND,46.29997092781115,34.117647058823565,100.0,80.0,86.59681388802925,10.0,0.0,78.55604832867526,0.0,1,1,A_recovered_proxy_vr1.5,True
2164,002164.SZ,宁波东力,机械基件,20251120,12.99,62.89855543888184,62.89855543888184,0.0,2.92,7.4913,6097.41,9.72897845726199,bear,BULL_TREND,77.29841845526462,100.0,60.9741,100.0,40.368663002544906,33.33333333333333,0.0,48.78371051396019,0.0,2,2,A_recovered_proxy_vr1.5,True
603528,603528.SH,多伦科技,软件服务,20251120,9.17,53.83258340599336,45.17290201719044,8.659681388802925,2.35,3.32,3851.39,1.0787486515641818,bear,BULL_TREND,61.63303783951375,10.787486515641817,38.5139,40.0,86.59681388802925,63.33333333333333,0.0,73.02108257654298,0.0,3,3,A_recovered_proxy_vr1.5,True
2164,002164.SZ,宁波东力,机械基件,20251120,12.99,62.89855543888184,62.89855543888184,0.0,2.92,7.4913,6097.41,9.72897845726199,bear,BULL_TREND,77.29841845526462,100.0,60.9741,100.0,40.368663002544906,33.33333333333333,0.0,48.78371051396019,0.0,1,1,B_pure_quant_vr1.5,True
158,000158.SZ,常山北明,软件服务,20251120,24.63,55.50812383970506,55.50812383970506,0.0,1.9,10.2587,63939.13,3.4117647058823564,bear,BULL_TREND,46.29997092781115,34.117647058823565,100.0,80.0,86.59681388802925,10.0,0.0,78.55604832867526,0.0,2,2,B_pure_quant_vr1.5,True
301571,301571.SZ,国科天成,元器件,20251120,47.7,49.53615939109767,49.53615939109767,0.0,2.59,5.1019,2878.14,5.074626865671636,bear,BULL_TREND,68.64760489559146,51.243781094527264,28.7814,65.0,37.48376582380931,63.33333333333333,0.0,85.14212444194574,0.0,3,3,B_pure_quant_vr1.5,True
158,000158.SZ,常山北明,软件服务,20251120,24.63,63.7673701749605,55.26786280757656,8.499507367383933,1.9,10.2587,63939.13,3.4117647058823564,bear,BULL_TREND,46.29997092781115,34.117647058823565,100.0,80.0,84.99507367383931,10.0,0.0,78.55604832867526,0.0,1,1,A_recovered_proxy_vr1.2,True
2164,002164.SZ,宁波东力,机械基件,20251120,12.99,62.85381790033097,62.85381790033097,0.0,2.92,7.4913,6097.41,9.72897845726199,bear,BULL_TREND,77.29841845526462,100.0,60.9741,100.0,40.07041274553909,33.33333333333333,0.0,48.78371051396019,0.0,2,2,A_recovered_proxy_vr1.2,True
603528,603528.SH,多伦科技,软件服务,20251120,9.17,53.43214835244588,44.93264098506194,8.499507367383933,2.35,3.32,3851.39,1.0787486515641818,bear,BULL_TREND,61.63303783951375,10.787486515641817,38.5139,40.0,84.99507367383931,63.33333333333333,0.0,73.02108257654298,0.0,3,3,A_recovered_proxy_vr1.2,True
2164,002164.SZ,宁波东力,机械基件,20251120,12.99,62.85381790033097,62.85381790033097,0.0,2.92,7.4913,6097.41,9.72897845726199,bear,BULL_TREND,77.29841845526462,100.0,60.9741,100.0,40.07041274553909,33.33333333333333,0.0,48.78371051396019,0.0,1,1,D_pure_quant_vr1.2,True
158,000158.SZ,常山北明,软件服务,20251120,24.63,55.26786280757656,55.26786280757656,0.0,1.9,10.2587,63939.13,3.4117647058823564,bear,BULL_TREND,46.29997092781115,34.117647058823565,100.0,80.0,84.99507367383931,10.0,0.0,78.55604832867526,0.0,2,2,D_pure_quant_vr1.2,True
301571,301571.SZ,国科天成,元器件,20251120,47.7,49.53125734344718,49.53125734344718,0.0,2.59,5.1019,2878.14,5.074626865671636,bear,BULL_TREND,68.64760489559146,51.243781094527264,28.7814,65.0,37.45108550613936,63.33333333333333,0.0,85.14212444194574,0.0,3,3,D_pure_quant_vr1.2,True
2164,002164.SZ,宁波东力,机械基件,20251120,12.99,56.8432559885001,56.8432559885001,0.0,2.92,7.4913,6097.41,9.72897845726199,bear,BULL_TREND,77.29841845526462,100.0,60.9741,100.0,40.07041274553909,33.33333333333333,0.0,48.78371051396019,0.0,1,1,E_ablate_sector_vr1.2,True
2164,002164.SZ,宁波东力,机械基件,20251120,12.99,54.57477523395987,54.57477523395987,0.0,2.92,7.4913,6097.41,9.72897845726199,bear,BULL_TREND,77.29841845526462,100.0,60.9741,100.0,33.65607496973177,33.33333333333333,0.0,48.78371051396019,0.0,1,1,E_ablate_inflow_vr1.2,True
301571,301571.SZ,国科天成,元器件,20251120,47.7,46.09898783713609,46.09898783713609,0.0,2.59,5.1019,2878.14,5.074626865671636,bear,BULL_TREND,68.64760489559146,51.243781094527264,28.7814,65.0,37.59440879739879,63.33333333333333,0.0,85.14212444194574,0.0,2,2,E_ablate_inflow_vr1.2,True
2164,002164.SZ,宁波东力,机械基件,20251120,12.99,56.99977263865574,56.99977263865574,0.0,2.92,7.4913,6097.41,9.72897845726199,bear,BULL_TREND,77.29841845526462,100.0,60.9741,100.0,40.07041274553909,33.33333333333333,0.0,48.78371051396019,0.0,1,1,E_ablate_wyckoff_vr1.2,True
158,000158.SZ,常山北明,软件服务,20251120,24.63,45.84113700813553,45.84113700813553,0.0,1.9,10.2587,63939.13,3.4117647058823564,bear,BULL_TREND,46.29997092781115,34.117647058823565,100.0,80.0,84.99507367383931,10.0,0.0,78.55604832867526,0.0,2,2,E_ablate_wyckoff_vr1.2,True
2164,002164.SZ,宁波东力,机械基件,20251120,12.99,62.85381790033097,62.85381790033097,0.0,2.92,7.4913,6097.41,9.72897845726199,bear,BULL_TREND,77.29841845526462,100.0,60.9741,100.0,40.07041274553909,33.33333333333333,0.0,48.78371051396019,0.0,1,1,E_ablate_accel_vr1.2,True
158,000158.SZ,常山北明,软件服务,20251120,24.63,55.26786280757656,55.26786280757656,0.0,1.9,10.2587,63939.13,3.4117647058823564,bear,BULL_TREND,46.29997092781115,34.117647058823565,100.0,80.0,84.99507367383931,10.0,0.0,78.55604832867526,0.0,2,2,E_ablate_accel_vr1.2,True
301571,301571.SZ,国科天成,元器件,20251120,47.7,49.53125734344718,49.53125734344718,0.0,2.59,5.1019,2878.14,5.074626865671636,bear,BULL_TREND,68.64760489559146,51.243781094527264,28.7814,65.0,37.45108550613936,63.33333333333333,0.0,85.14212444194574,0.0,3,3,E_ablate_accel_vr1.2,True
2896,002896.SZ,中大力德,机械基件,20251121,86.74,66.0067552428487,66.0067552428487,0.0,2.07,6.1865,16541.67,7.723404255319154,bear,BULL_TREND,52.48153838623002,95.3900709219859,100.0,100.0,43.99217869414,20.0,100.0,62.30145325766832,0.0,1,1,A_recovered_proxy_vr1.5,True
2937,002937.SZ,兴瑞科技,元器件,20251121,18.94,62.46561627464065,57.01864016164085,5.446976112999803,3.7,4.3954,2890.09,3.268641470888647,bear,BULL_TREND,94.37626353707938,32.68641470888647,28.9009,65.0,54.46976112999802,33.33333333333333,93.032,94.73876759468332,0.0,2,2,A_recovered_proxy_vr1.5,True
2126,002126.SZ,银轮股份,汽车配件,20251121,33.08,61.334783305511245,61.334783305511245,0.0,2.45,3.5827,8767.06,17.092731829573935,bear,BULL_TREND,64.6390874613923,79.07268170426065,87.6706,65.0,44.7434654073892,53.333333333333336,98.982,48.75063009410462,0.0,3,3,A_recovered_proxy_vr1.5,True
2896,002896.SZ,中大力德,机械基件,20251121,86.74,66.0067552428487,66.0067552428487,0.0,2.07,6.1865,16541.67,7.723404255319154,bear,BULL_TREND,52.48153838623002,95.3900709219859,100.0,100.0,43.99217869414,20.0,100.0,62.30145325766832,0.0,1,1,B_pure_quant_vr1.5,True
2126,002126.SZ,银轮股份,汽车配件,20251121,33.08,61.334783305511245,61.334783305511245,0.0,2.45,3.5827,8767.06,17.092731829573935,bear,BULL_TREND,64.6390874613923,79.07268170426065,87.6706,65.0,44.7434654073892,53.333333333333336,98.982,48.75063009410462,0.0,2,2,B_pure_quant_vr1.5,True
600571,600571.SH,信雅达,软件服务,20251121,16.39,59.95659512400129,59.95659512400129,0.0,2.78,5.2219,5772.32,6.927881885292441,bear,BULL_TREND,73.75424414743912,82.13136475487403,57.7232,40.0,42.03312330380376,43.333333333333336,79.758,63.08835002712637,0.0,3,3,B_pure_quant_vr1.5,True
2126,002126.SZ,银轮股份,汽车配件,20251121,33.08,68.17610932257976,62.75497099130901,5.42113833127076,2.45,3.5827,8767.06,17.092731829573935,bear,BULL_TREND,64.6390874613923,79.07268170426065,87.6706,65.0,54.2113833127076,53.333333333333336,98.982,48.75063009410462,0.0,1,1,A_recovered_proxy_vr1.2,True
603319,603319.SH,美湖股份,汽车配件,20251121,36.49,66.61077391937037,61.18963558809961,5.42113833127076,1.48,5.8348,11356.18,8.774999999999995,bear,BULL_TREND,28.279858792711256,100.0,100.0,80.0,54.2113833127076,30.0,78.822,55.5974929733083,0.0,2,2,A_recovered_proxy_vr1.2,True
2896,002896.SZ,中大力德,机械基件,20251121,86.74,66.0067552428487,66.0067552428487,0.0,2.07,6.1865,16541.67,7.723404255319154,bear,BULL_TREND,52.48153838623002,95.3900709219859,100.0,100.0,43.99217869414,20.0,100.0,62.30145325766832,0.0,3,3,A_recovered_proxy_vr1.2,True
2896,002896.SZ,中大力德,机械基件,20251121,86.74,66.0067552428487,66.0067552428487,0.0,2.07,6.1865,16541.67,7.723404255319154,bear,BULL_TREND,52.48153838623002,95.3900709219859,100.0,100.0,43.99217869414,20.0,100.0,62.30145325766832,0.0,1,1,D_pure_quant_vr1.2,True
2126,002126.SZ,银轮股份,汽车配件,20251121,33.08,62.75497099130901,62.75497099130901,0.0,2.45,3.5827,8767.06,17.092731829573935,bear,BULL_TREND,64.6390874613923,79.07268170426065,87.6706,65.0,54.2113833127076,53.333333333333336,98.982,48.75063009410462,0.0,2,2,D_pure_quant_vr1.2,True
603319,603319.SH,美湖股份,汽车配件,20251121,36.49,61.18963558809961,61.18963558809961,0.0,1.48,5.8348,11356.18,8.774999999999995,bear,BULL_TREND,28.279858792711256,100.0,100.0,80.0,54.2113833127076,30.0,78.822,55.5974929733083,0.0,3,3,D_pure_quant_vr1.2,True
2290,002290.SZ,禾盛新材,家用电器,20251121,38.82,67.44026678432188,67.44026678432188,0.0,2.77,4.8827,4105.66,8.226950354609922,bear,BULL_TREND,73.49429881372318,100.0,41.0566,65.0,67.71217712177122,53.333333333333336,92.476,82.53151982196765,100.0,1,1,E_ablate_sector_vr1.2,True
2896,002896.SZ,中大力德,机械基件,20251121,86.74,59.4079284387277,59.4079284387277,0.0,2.07,6.1865,16541.67,7.723404255319154,bear,BULL_TREND,52.48153838623002,95.3900709219859,100.0,100.0,43.99217869414,20.0,100.0,62.30145325766832,0.0,2,2,E_ablate_sector_vr1.2,True
2126,002126.SZ,银轮股份,汽车配件,20251121,33.08,54.62326349440287,54.62326349440287,0.0,2.45,3.5827,8767.06,17.092731829573935,bear,BULL_TREND,64.6390874613923,79.07268170426065,87.6706,65.0,54.2113833127076,53.333333333333336,98.982,48.75063009410462,0.0,3,3,E_ablate_sector_vr1.2,True
2896,002896.SZ,中大力德,机械基件,20251121,86.74,54.0067552428487,54.0067552428487,0.0,2.07,6.1865,16541.67,7.723404255319154,bear,BULL_TREND,52.48153838623002,95.3900709219859,100.0,100.0,43.99217869414,20.0,100.0,62.30145325766832,0.0,1,1,E_ablate_inflow_vr1.2,True
603286,603286.SH,日盈电子,汽车配件,20251121,41.7,53.74771442630946,53.74771442630946,0.0,2.17,7.3876,5037.82,10.630090012858966,bear,BULL_TREND,55.88475213348772,100.0,50.3782,80.0,54.2113833127076,33.33333333333333,100.0,37.12245661141125,0.0,2,2,E_ablate_inflow_vr1.2,True
301302,301302.SZ,华如科技,软件服务,20251121,24.15,53.52871772258688,53.52871772258688,0.0,4.22,8.0856,358.21,3.4000000000000057,bear,BULL_TREND,100.0,34.00000000000006,3.5821,65.0,42.03312330380376,33.33333333333333,100.0,95.64235466958036,0.0,3,3,E_ablate_inflow_vr1.2,True
2896,002896.SZ,中大力德,机械基件,20251121,86.74,58.5305808519285,58.5305808519285,0.0,2.07,6.1865,16541.67,7.723404255319154,bear,BULL_TREND,52.48153838623002,95.3900709219859,100.0,100.0,43.99217869414,20.0,100.0,62.30145325766832,0.0,1,1,E_ablate_wyckoff_vr1.2,True
2126,002126.SZ,银轮股份,汽车配件,20251121,33.08,56.904895380016455,56.904895380016455,0.0,2.45,3.5827,8767.06,17.092731829573935,bear,BULL_TREND,64.6390874613923,79.07268170426065,87.6706,65.0,54.2113833127076,53.333333333333336,98.982,48.75063009410462,0.0,2,2,E_ablate_wyckoff_vr1.2,True
603286,603286.SH,日盈电子,汽车配件,20251121,41.7,55.33840363294011,55.33840363294011,0.0,2.17,7.3876,5037.82,10.630090012858966,bear,BULL_TREND,55.88475213348772,100.0,50.3782,80.0,54.2113833127076,33.33333333333333,100.0,37.12245661141125,0.0,3,3,E_ablate_wyckoff_vr1.2,True
2896,002896.SZ,中大力德,机械基件,20251121,86.74,66.0067552428487,66.0067552428487,0.0,2.07,6.1865,16541.67,7.723404255319154,bear,BULL_TREND,52.48153838623002,95.3900709219859,100.0,100.0,43.99217869414,20.0,100.0,62.30145325766832,0.0,1,1,E_ablate_accel_vr1.2,True
2126,002126.SZ,银轮股份,汽车配件,20251121,33.08,62.75497099130901,62.75497099130901,0.0,2.45,3.5827,8767.06,17.092731829573935,bear,BULL_TREND,64.6390874613923,79.07268170426065,87.6706,65.0,54.2113833127076,53.333333333333336,98.982,48.75063009410462,0.0,2,2,E_ablate_accel_vr1.2,True
603319,603319.SH,美湖股份,汽车配件,20251121,36.49,61.18963558809961,61.18963558809961,0.0,1.48,5.8348,11356.18,8.774999999999995,bear,BULL_TREND,28.279858792711256,100.0,100.0,80.0,54.2113833127076,30.0,78.822,55.5974929733083,0.0,3,3,E_ablate_accel_vr1.2,True
2281,002281.SZ,光迅科技,通信设备,20251124,56.95,64.79076876096723,64.79076876096723,10.0,1.81,3.9012,27611.98,16.81273736488459,bear,BULL_TREND,42.799484865424034,81.8726263511541,100.0,65.0,100.0,53.333333333333336,0.0,55.80198022211138,0.0,1,1,A_recovered_proxy_vr1.5,True
2929,002929.SZ,润建股份,通信设备,20251124,41.67,62.08626376514593,62.08626376514593,10.0,1.57,3.8575,7047.32,8.053839364518973,bear,BULL_TREND,32.53822795584512,100.0,70.47319999999999,65.0,100.0,33.33333333333333,0.0,51.70335790161117,0.0,2,2,A_recovered_proxy_vr1.5,True
2517,002517.SZ,恺英网络,互联网,20251124,21.38,54.56567948673749,57.7222316642431,6.843447822494392,1.68,3.3498,20113.21,15.694006309148268,bear,BULL_TREND,37.42306165020178,93.05993690851732,100.0,65.0,68.43447822494392,20.0,0.0,31.25666872986086,0.0,3,3,A_recovered_proxy_vr1.5,True
2281,002281.SZ,光迅科技,通信设备,20251124,56.95,54.790768760967225,64.79076876096723,0.0,1.81,3.9012,27611.98,16.81273736488459,bear,BULL_TREND,42.799484865424034,81.8726263511541,100.0,65.0,100.0,53.333333333333336,0.0,55.80198022211138,0.0,1,1,B_pure_quant_vr1.5,True
301366,301366.SZ,一博科技,元器件,20251124,35.72,52.42209930264504,62.42209930264504,0.0,3.17,10.0498,1213.09,9.201830198271493,bear,BULL_TREND,83.22414201823413,100.0,12.1309,80.0,51.74460617233302,20.0,0.0,77.46157610652983,0.0,2,2,B_pure_quant_vr1.5,True
2929,002929.SZ,润建股份,通信设备,20251124,41.67,52.08626376514593,62.08626376514593,0.0,1.57,3.8575,7047.32,8.053839364518973,bear,BULL_TREND,32.53822795584512,100.0,70.47319999999999,65.0,100.0,33.33333333333333,0.0,51.70335790161117,0.0,3,3,B_pure_quant_vr1.5,True
2281,002281.SZ,光迅科技,通信设备,20251124,56.95,64.06509097054368,64.3553620867131,9.709728883830586,1.81,3.9012,27611.98,16.81273736488459,bear,BULL_TREND,42.799484865424034,81.8726263511541,100.0,65.0,97.09728883830584,53.333333333333336,0.0,55.80198022211138,0.0,1,1,A_recovered_proxy_vr1.2,True
2929,002929.SZ,润建股份,通信设备,20251124,41.67,61.3605859747224,61.650857090891805,9.709728883830586,1.57,3.8575,7047.32,8.053839364518973,bear,BULL_TREND,32.53822795584512,100.0,70.47319999999999,65.0,97.09728883830584,33.33333333333333,0.0,51.70335790161117,0.0,2,2,A_recovered_proxy_vr1.2,True
2517,002517.SZ,恺英网络,互联网,20251124,21.38,54.19195772455831,57.49799860693559,6.69395911762272,1.68,3.3498,20113.21,15.694006309148268,bear,BULL_TREND,37.42306165020178,93.05993690851732,100.0,65.0,66.9395911762272,20.0,0.0,31.25666872986086,0.0,3,3,A_recovered_proxy_vr1.2,True
2281,002281.SZ,光迅科技,通信设备,20251124,56.95,54.3553620867131,64.3553620867131,0.0,1.81,3.9012,27611.98,16.81273736488459,bear,BULL_TREND,42.799484865424034,81.8726263511541,100.0,65.0,97.09728883830584,53.333333333333336,0.0,55.80198022211138,0.0,1,1,D_pure_quant_vr1.2,True
301366,301366.SZ,一博科技,元器件,20251124,35.72,51.81498367399377,61.81498367399377,0.0,3.17,10.0498,1213.09,9.201830198271493,bear,BULL_TREND,83.22414201823413,100.0,12.1309,80.0,47.69716864799123,20.0,0.0,77.46157610652983,0.0,2,2,D_pure_quant_vr1.2,True
2929,002929.SZ,润建股份,通信设备,20251124,41.67,51.650857090891805,61.650857090891805,0.0,1.57,3.8575,7047.32,8.053839364518973,bear,BULL_TREND,32.53822795584512,100.0,70.47319999999999,65.0,97.09728883830584,33.33333333333333,0.0,51.70335790161117,0.0,3,3,D_pure_quant_vr1.2,True
301366,301366.SZ,一博科技,元器件,20251124,35.72,50.36131419376672,60.36131419376672,0.0,3.17,10.0498,1213.09,9.201830198271493,bear,BULL_TREND,83.22414201823413,100.0,12.1309,80.0,47.7107587798109,20.0,0.0,77.46157610652983,0.0,1,1,E_ablate_inflow_vr1.2,True
2281,002281.SZ,光迅科技,通信设备,20251124,56.95,47.65912446005973,57.65912446005973,0.0,1.81,3.9012,27611.98,16.81273736488459,bear,BULL_TREND,42.799484865424034,81.8726263511541,100.0,65.0,97.09728883830584,53.333333333333336,0.0,55.80198022211138,0.0,1,1,E_ablate_wyckoff_vr1.2,True
2929,002929.SZ,润建股份,通信设备,20251124,41.67,45.446454142698464,55.446454142698464,0.0,1.57,3.8575,7047.32,8.053839364518973,bear,BULL_TREND,32.53822795584512,100.0,70.47319999999999,65.0,97.09728883830584,33.33333333333333,0.0,51.70335790161117,0.0,2,2,E_ablate_wyckoff_vr1.2,True
2281,002281.SZ,光迅科技,通信设备,20251124,56.95,54.3553620867131,64.3553620867131,0.0,1.81,3.9012,27611.98,16.81273736488459,bear,BULL_TREND,42.799484865424034,81.8726263511541,100.0,65.0,97.09728883830584,53.333333333333336,0.0,55.80198022211138,0.0,1,1,E_ablate_accel_vr1.2,True
301366,301366.SZ,一博科技,元器件,20251124,35.72,51.81498367399377,61.81498367399377,0.0,3.17,10.0498,1213.09,9.201830198271493,bear,BULL_TREND,83.22414201823413,100.0,12.1309,80.0,47.69716864799123,20.0,0.0,77.46157610652983,0.0,2,2,E_ablate_accel_vr1.2,True
2929,002929.SZ,润建股份,通信设备,20251124,41.67,51.650857090891805,61.650857090891805,0.0,1.57,3.8575,7047.32,8.053839364518973,bear,BULL_TREND,32.53822795584512,100.0,70.47319999999999,65.0,97.09728883830584,33.33333333333333,0.0,51.70335790161117,0.0,3,3,E_ablate_accel_vr1.2,True
63,000063.SZ,中兴通讯,通信设备,20251125,39.86,70.6503140072149,64.42781798713936,6.222496020075536,1.92,3.752,19496.33,14.64668094218416,bear,BULL_TREND,47.05531554732157,100.0,100.0,65.0,62.22496020075535,33.33333333333333,0.0,62.29364891623877,0.0,1,1,A_recovered_proxy_vr1.5,True
603444,603444.SH,吉比特,互联网,20251125,450.66,69.98493288677128,61.75835669756694,8.22657618920434,1.96,3.2475,4602.56,14.712339137017402,bear,BULL_TREND,48.54268271702418,100.0,46.0256,40.0,82.2657618920434,53.333333333333336,0.0,71.24469624457036,0.0,2,2,A_recovered_proxy_vr1.5,True
2281,002281.SZ,光迅科技,通信设备,20251125,58.9,69.68102375939544,63.45852773931991,6.222496020075536,1.99,5.1864,8277.88,13.762811127379209,bear,BULL_TREND,49.63842153844621,100.0,82.77879999999999,65.0,62.22496020075535,33.33333333333333,0.0,66.70173586734815,0.0,3,3,A_recovered_proxy_vr1.5,True
63,000063.SZ,中兴通讯,通信设备,20251125,39.86,64.42781798713936,64.42781798713936,0.0,1.92,3.752,19496.33,14.64668094218416,bear,BULL_TREND,47.05531554732157,100.0,100.0,65.0,62.22496020075535,33.33333333333333,0.0,62.29364891623877,0.0,1,1,B_pure_quant_vr1.5,True
2281,002281.SZ,光迅科技,通信设备,20251125,58.9,63.45852773931991,63.45852773931991,0.0,1.99,5.1864,8277.88,13.762811127379209,bear,BULL_TREND,49.63842153844621,100.0,82.77879999999999,65.0,62.22496020075535,33.33333333333333,0.0,66.70173586734815,0.0,2,2,B_pure_quant_vr1.5,True
603444,603444.SH,吉比特,互联网,20251125,450.66,61.75835669756694,61.75835669756694,0.0,1.96,3.2475,4602.56,14.712339137017402,bear,BULL_TREND,48.54268271702418,100.0,46.0256,40.0,82.2657618920434,53.333333333333336,0.0,71.24469624457036,0.0,3,3,B_pure_quant_vr1.5,True
63,000063.SZ,中兴通讯,通信设备,20251125,39.86,70.88123405873603,64.56637001805204,6.314864040683979,1.92,3.752,19496.33,14.64668094218416,bear,BULL_TREND,47.05531554732157,100.0,100.0,65.0,63.14864040683979,33.33333333333333,0.0,62.29364891623877,0.0,1,1,A_recovered_proxy_vr1.2,True
2281,002281.SZ,光迅科技,通信设备,20251125,58.9,70.51194381091656,64.19707977023258,6.314864040683979,1.99,5.1864,8277.88,13.762811127379209,bear,BULL_TREND,49.63842153844621,100.0,82.77879999999999,80.0,63.14864040683979,33.33333333333333,0.0,66.70173586734815,0.0,2,2,A_recovered_proxy_vr1.2,True
603444,603444.SH,吉比特,互联网,20251125,450.66,69.25308556010003,61.31924830156419,7.93383725853584,1.96,3.2475,4602.56,14.712339137017402,bear,BULL_TREND,48.54268271702418,100.0,46.0256,40.0,79.3383725853584,53.333333333333336,0.0,71.24469624457036,0.0,3,3,A_recovered_proxy_vr1.2,True
63,000063.SZ,中兴通讯,通信设备,20251125,39.86,64.56637001805204,64.56637001805204,0.0,1.92,3.752,19496.33,14.64668094218416,bear,BULL_TREND,47.05531554732157,100.0,100.0,65.0,63.14864040683979,33.33333333333333,0.0,62.29364891623877,0.0,1,1,D_pure_quant_vr1.2,True
2281,002281.SZ,光迅科技,通信设备,20251125,58.9,64.19707977023258,64.19707977023258,0.0,1.99,5.1864,8277.88,13.762811127379209,bear,BULL_TREND,49.63842153844621,100.0,82.77879999999999,80.0,63.14864040683979,33.33333333333333,0.0,66.70173586734815,0.0,2,2,D_pure_quant_vr1.2,True
603444,603444.SH,吉比特,互联网,20251125,450.66,61.31924830156419,61.31924830156419,0.0,1.96,3.2475,4602.56,14.712339137017402,bear,BULL_TREND,48.54268271702418,100.0,46.0256,40.0,79.3383725853584,53.333333333333336,0.0,71.24469624457036,0.0,3,3,D_pure_quant_vr1.2,True
63,000063.SZ,中兴通讯,通信设备,20251125,39.86,55.09407395702607,55.09407395702607,0.0,1.92,3.752,19496.33,14.64668094218416,bear,BULL_TREND,47.05531554732157,100.0,100.0,65.0,63.14864040683979,33.33333333333333,0.0,62.29364891623877,0.0,1,1,E_ablate_sector_vr1.2,True
2281,002281.SZ,光迅科技,通信设备,20251125,58.9,54.724783709206605,54.724783709206605,0.0,1.99,5.1864,8277.88,13.762811127379209,bear,BULL_TREND,49.63842153844621,100.0,82.77879999999999,80.0,63.14864040683979,33.33333333333333,0.0,66.70173586734815,0.0,2,2,E_ablate_sector_vr1.2,True
600330,600330.SH,天通股份,专用机械,20251125,9.48,50.066103603817446,50.066103603817446,0.0,1.86,4.9437,7514.85,10.142180094786733,bear,BULL_TREND,44.76513106666534,100.0,75.1485,80.0,56.75198576632431,20.0,0.0,46.66628974292563,0.0,3,3,E_ablate_sector_vr1.2,True
603444,603444.SH,吉比特,互联网,20251125,450.66,55.41903930470852,55.41903930470852,0.0,1.96,3.2475,4602.56,14.712339137017402,bear,BULL_TREND,48.54268271702418,100.0,46.0256,40.0,76.82412593965392,53.333333333333336,0.0,71.24469624457036,0.0,1,1,E_ablate_inflow_vr1.2,True
2281,002281.SZ,光迅科技,通信设备,20251125,58.9,54.272168280520695,54.272168280520695,0.0,1.99,5.1864,8277.88,13.762811127379209,bear,BULL_TREND,49.63842153844621,100.0,82.77879999999999,80.0,63.20560380876057,33.33333333333333,0.0,66.70173586734815,0.0,2,2,E_ablate_inflow_vr1.2,True
63,000063.SZ,中兴通讯,通信设备,20251125,39.86,52.57491452834015,52.57491452834015,0.0,1.92,3.752,19496.33,14.64668094218416,bear,BULL_TREND,47.05531554732157,100.0,100.0,65.0,63.20560380876057,33.33333333333333,0.0,62.29364891623877,0.0,3,3,E_ablate_inflow_vr1.2,True
63,000063.SZ,中兴通讯,通信设备,20251125,39.86,57.09113214810338,57.09113214810338,0.0,1.92,3.752,19496.33,14.64668094218416,bear,BULL_TREND,47.05531554732157,100.0,100.0,65.0,63.14864040683979,33.33333333333333,0.0,62.29364891623877,0.0,1,1,E_ablate_wyckoff_vr1.2,True
2281,002281.SZ,光迅科技,通信设备,20251125,58.9,56.1928714661508,56.1928714661508,0.0,1.99,5.1864,8277.88,13.762811127379209,bear,BULL_TREND,49.63842153844621,100.0,82.77879999999999,80.0,63.14864040683979,33.33333333333333,0.0,66.70173586734815,0.0,2,2,E_ablate_wyckoff_vr1.2,True
600330,600330.SH,天通股份,专用机械,20251125,9.48,52.97894669961502,52.97894669961502,0.0,1.86,4.9437,7514.85,10.142180094786733,bear,BULL_TREND,44.76513106666534,100.0,75.1485,80.0,56.75198576632431,20.0,0.0,46.66628974292563,0.0,3,3,E_ablate_wyckoff_vr1.2,True
63,000063.SZ,中兴通讯,通信设备,20251125,39.86,64.56637001805204,64.56637001805204,0.0,1.92,3.752,19496.33,14.64668094218416,bear,BULL_TREND,47.05531554732157,100.0,100.0,65.0,63.14864040683979,33.33333333333333,0.0,62.29364891623877,0.0,1,1,E_ablate_accel_vr1.2,True
2281,002281.SZ,光迅科技,通信设备,20251125,58.9,64.19707977023258,64.19707977023258,0.0,1.99,5.1864,8277.88,13.762811127379209,bear,BULL_TREND,49.63842153844621,100.0,82.77879999999999,80.0,63.14864040683979,33.33333333333333,0.0,66.70173586734815,0.0,2,2,E_ablate_accel_vr1.2,True
603444,603444.SH,吉比特,互联网,20251125,450.66,61.31924830156419,61.31924830156419,0.0,1.96,3.2475,4602.56,14.712339137017402,bear,BULL_TREND,48.54268271702418,100.0,46.0256,40.0,79.3383725853584,53.333333333333336,0.0,71.24469624457036,0.0,3,3,E_ablate_accel_vr1.2,True
600171,600171.SH,上海贝岭,半导体,20251126,32.6,62.23120407312915,65.6989079793039,6.532296093825249,2.45,3.368,16731.45,6.9369112189551805,bear,BULL_TREND,64.6390874613923,82.28185364925301,100.0,80.0,65.32296093825248,20.0,0.0,66.48213995186721,0.0,1,1,A_recovered_proxy_vr1.5,True
2273,002273.SZ,水晶光电,元器件,20251126,24.08,61.16699584162453,63.40853200381831,7.758463837806225,2.04,3.2273,12269.25,7.027027027027029,bear,BULL_TREND,51.42845760983854,83.78378378378382,100.0,40.0,77.58463837806225,20.0,0.0,66.86785950426712,0.0,2,2,A_recovered_proxy_vr1.5,True
603920,603920.SH,世运电路,元器件,20251126,39.77,59.62694635639545,61.86848251858923,7.758463837806225,1.82,4.1549,20090.4,11.602578350744606,bear,BULL_TREND,43.19692252119858,100.0,100.0,65.0,77.58463837806225,66.66666666666666,0.0,23.284420615690628,0.0,3,3,A_recovered_proxy_vr1.5,True
600171,600171.SH,上海贝岭,半导体,20251126,32.6,55.6989079793039,65.6989079793039,0.0,2.45,3.368,16731.45,6.9369112189551805,bear,BULL_TREND,64.6390874613923,82.28185364925301,100.0,80.0,65.32296093825248,20.0,0.0,66.48213995186721,0.0,1,1,B_pure_quant_vr1.5,True
2273,002273.SZ,水晶光电,元器件,20251126,24.08,53.40853200381831,63.40853200381831,0.0,2.04,3.2273,12269.25,7.027027027027029,bear,BULL_TREND,51.42845760983854,83.78378378378382,100.0,40.0,77.58463837806225,20.0,0.0,66.86785950426712,0.0,2,2,B_pure_quant_vr1.5,True
1267,001267.SZ,汇绿生态,通信设备,20251126,18.48,52.31471311821932,62.31471311821932,0.0,2.07,11.1427,9874.96,12.541410317084708,bear,BULL_TREND,52.48153838623002,100.0,98.7496,100.0,60.57699661551772,53.333333333333336,0.0,23.046720952119927,0.0,3,3,B_pure_quant_vr1.5,True
2273,002273.SZ,水晶光电,元器件,20251126,24.08,60.612108456778685,63.0755995729108,7.5365088838678815,2.04,3.2273,12269.25,7.027027027027029,bear,BULL_TREND,51.42845760983854,83.78378378378382,100.0,40.0,75.36508883867882,20.0,0.0,66.86785950426712,0.0,1,1,A_recovered_proxy_vr1.2,True
603920,603920.SH,世运电路,元器件,20251126,39.77,59.07205897154961,61.53555008768172,7.5365088838678815,1.82,4.1549,20090.4,11.602578350744606,bear,BULL_TREND,43.19692252119858,100.0,100.0,65.0,75.36508883867882,66.66666666666666,0.0,23.284420615690628,0.0,2,2,A_recovered_proxy_vr1.2,True
2241,002241.SZ,歌尔股份,元器件,20251126,29.34,56.13102271119092,58.59451382732305,7.5365088838678815,1.79,3.5922,7124.7,14.335766423357663,bear,BULL_TREND,41.99797937447659,100.0,71.247,65.0,75.36508883867882,20.0,0.0,37.504625326136455,0.0,3,3,A_recovered_proxy_vr1.2,True
600171,600171.SH,上海贝岭,半导体,20251126,32.6,55.216924572082334,65.21692457208233,0.0,2.45,3.368,16731.45,6.9369112189551805,bear,BULL_TREND,64.6390874613923,82.28185364925301,100.0,80.0,62.10973822344205,20.0,0.0,66.48213995186721,0.0,1,1,D_pure_quant_vr1.2,True
2273,002273.SZ,水晶光电,元器件,20251126,24.08,53.0755995729108,63.0755995729108,0.0,2.04,3.2273,12269.25,7.027027027027029,bear,BULL_TREND,51.42845760983854,83.78378378378382,100.0,40.0,75.36508883867882,20.0,0.0,66.86785950426712,0.0,2,2,D_pure_quant_vr1.2,True
1267,001267.SZ,汇绿生态,通信设备,20251126,18.48,51.61192105288174,61.61192105288174,0.0,2.07,11.1427,9874.96,12.541410317084708,bear,BULL_TREND,52.48153838623002,100.0,98.7496,100.0,55.89171617993388,53.333333333333336,0.0,23.046720952119927,0.0,3,3,D_pure_quant_vr1.2,True
600171,600171.SH,上海贝岭,半导体,20251126,32.6,45.90046383856603,55.90046383856603,0.0,2.45,3.368,16731.45,6.9369112189551805,bear,BULL_TREND,64.6390874613923,82.28185364925301,100.0,80.0,62.10973822344205,20.0,0.0,66.48213995186721,0.0,1,1,E_ablate_sector_vr1.2,True
603130,603130.SH,云中马,纺织,20251126,40.57,53.94305901258885,63.94305901258885,0.0,4.47,6.0475,-1932.78,8.892881203682911,bear,BULL_TREND,100.0,100.0,0.0,100.0,50.0,33.33333333333333,0.0,64.80326954935154,0.0,1,1,E_ablate_inflow_vr1.2,True
1267,001267.SZ,汇绿生态,通信设备,20251126,18.48,48.84631453862736,58.84631453862736,0.0,2.07,11.1427,9874.96,12.541410317084708,bear,BULL_TREND,52.48153838623002,100.0,98.7496,100.0,55.89171617993388,53.333333333333336,0.0,23.046720952119927,0.0,1,1,E_ablate_wyckoff_vr1.2,True
603920,603920.SH,世运电路,元器件,20251126,39.77,48.74141961379884,58.74141961379884,0.0,1.82,4.1549,20090.4,11.602578350744606,bear,BULL_TREND,43.19692252119858,100.0,100.0,65.0,75.36508883867882,66.66666666666666,0.0,23.284420615690628,0.0,2,2,E_ablate_wyckoff_vr1.2,True
600171,600171.SH,上海贝岭,半导体,20251126,32.6,47.239067777858274,57.239067777858274,0.0,2.45,3.368,16731.45,6.9369112189551805,bear,BULL_TREND,64.6390874613923,82.28185364925301,100.0,80.0,62.10973822344205,20.0,0.0,66.48213995186721,0.0,3,3,E_ablate_wyckoff_vr1.2,True
600171,600171.SH,上海贝岭,半导体,20251126,32.6,55.216924572082334,65.21692457208233,0.0,2.45,3.368,16731.45,6.9369112189551805,bear,BULL_TREND,64.6390874613923,82.28185364925301,100.0,80.0,62.10973822344205,20.0,0.0,66.48213995186721,0.0,1,1,E_ablate_accel_vr1.2,True
2273,002273.SZ,水晶光电,元器件,20251126,24.08,53.0755995729108,63.0755995729108,0.0,2.04,3.2273,12269.25,7.027027027027029,bear,BULL_TREND,51.42845760983854,83.78378378378382,100.0,40.0,75.36508883867882,20.0,0.0,66.86785950426712,0.0,2,2,E_ablate_accel_vr1.2,True
1267,001267.SZ,汇绿生态,通信设备,20251126,18.48,51.61192105288174,61.61192105288174,0.0,2.07,11.1427,9874.96,12.541410317084708,bear,BULL_TREND,52.48153838623002,100.0,98.7496,100.0,55.89171617993388,53.333333333333336,0.0,23.046720952119927,0.0,3,3,E_ablate_accel_vr1.2,True
1696,001696.SZ,宗申动力,摩托车,20251127,22.22,57.26572322782725,57.26572322782725,0.0,2.13,3.4137,8258.11,8.897088970889715,sideways,BULL_TREND,54.54267152255567,100.0,82.5811,80.0,26.58712481879399,33.33333333333333,0.0,45.84890086149365,0.0,1,1,A_recovered_proxy_vr1.5,True
600843,600843.SH,上工申贝,纺织机械,20251127,11.42,56.92896556260877,56.92896556260877,0.0,2.13,5.3624,5990.31,8.56685348278623,sideways,BULL_TREND,54.54267152255567,100.0,59.9031,100.0,38.16706635182668,53.333333333333336,0.0,41.24566006838212,0.0,2,2,A_recovered_proxy_vr1.5,True
2045,002045.SZ,国光电器,元器件,20251127,14.9,53.7454754436829,53.7454754436829,0.0,2.12,6.0199,5180.32,7.165109034267915,sideways,BULL_TREND,54.20321323942373,86.08515057113192,51.8032,65.0,47.908995901167096,0.0,0.0,57.32751683487992,0.0,3,3,A_recovered_proxy_vr1.5,True
1696,001696.SZ,宗申动力,摩托车,20251127,22.22,57.26572322782725,57.26572322782725,0.0,2.13,3.4137,8258.11,8.897088970889715,sideways,BULL_TREND,54.54267152255567,100.0,82.5811,80.0,26.58712481879399,33.33333333333333,0.0,45.84890086149365,0.0,1,1,B_pure_quant_vr1.5,True
600843,600843.SH,上工申贝,纺织机械,20251127,11.42,56.92896556260877,56.92896556260877,0.0,2.13,5.3624,5990.31,8.56685348278623,sideways,BULL_TREND,54.54267152255567,100.0,59.9031,100.0,38.16706635182668,53.333333333333336,0.0,41.24566006838212,0.0,2,2,B_pure_quant_vr1.5,True
2045,002045.SZ,国光电器,元器件,20251127,14.9,53.7454754436829,53.7454754436829,0.0,2.12,6.0199,5180.32,7.165109034267915,sideways,BULL_TREND,54.20321323942373,86.08515057113192,51.8032,65.0,47.908995901167096,0.0,0.0,57.32751683487992,0.0,3,3,B_pure_quant_vr1.5,True
2281,002281.SZ,光迅科技,通信设备,20251127,60.96,61.03680803030757,54.02703820136202,7.009769828945554,1.32,5.0095,17855.2,7.425968109339398,sideways,BULL_TREND,20.02689647918644,90.4328018223233,100.0,40.0,70.09769828945554,0.0,0.0,46.76041526342954,0.0,1,1,A_recovered_proxy_vr1.2,True
1696,001696.SZ,宗申动力,摩托车,20251127,22.22,56.87989439255082,56.87989439255082,0.0,2.13,3.4137,8258.11,8.897088970889715,sideways,BULL_TREND,54.54267152255567,100.0,82.5811,80.0,24.014932583617743,33.33333333333333,0.0,45.84890086149365,0.0,2,2,A_recovered_proxy_vr1.2,True
600843,600843.SH,上工申贝,纺织机械,20251127,11.42,56.37950735140648,56.37950735140648,0.0,2.13,5.3624,5990.31,8.56685348278623,sideways,BULL_TREND,54.54267152255567,100.0,59.9031,100.0,34.50401161047803,53.333333333333336,0.0,41.24566006838212,0.0,3,3,A_recovered_proxy_vr1.2,True
1696,001696.SZ,宗申动力,摩托车,20251127,22.22,56.87989439255082,56.87989439255082,0.0,2.13,3.4137,8258.11,8.897088970889715,sideways,BULL_TREND,54.54267152255567,100.0,82.5811,80.0,24.014932583617743,33.33333333333333,0.0,45.84890086149365,0.0,1,1,D_pure_quant_vr1.2,True
600843,600843.SH,上工申贝,纺织机械,20251127,11.42,56.37950735140648,56.37950735140648,0.0,2.13,5.3624,5990.31,8.56685348278623,sideways,BULL_TREND,54.54267152255567,100.0,59.9031,100.0,34.50401161047803,53.333333333333336,0.0,41.24566006838212,0.0,2,2,D_pure_quant_vr1.2,True
2281,002281.SZ,光迅科技,通信设备,20251127,60.96,54.02703820136202,54.02703820136202,0.0,1.32,5.0095,17855.2,7.425968109339398,sideways,BULL_TREND,20.02689647918644,90.4328018223233,100.0,40.0,70.09769828945554,0.0,0.0,46.76041526342954,0.0,3,3,D_pure_quant_vr1.2,True
1696,001696.SZ,宗申动力,摩托车,20251127,22.22,53.27765450500815,53.27765450500815,0.0,2.13,3.4137,8258.11,8.897088970889715,sideways,BULL_TREND,54.54267152255567,100.0,82.5811,80.0,24.014932583617743,33.33333333333333,0.0,45.84890086149365,0.0,1,1,E_ablate_sector_vr1.2,True
600843,600843.SH,上工申贝,纺织机械,20251127,11.42,51.20390560983477,51.20390560983477,0.0,2.13,5.3624,5990.31,8.56685348278623,sideways,BULL_TREND,54.54267152255567,100.0,59.9031,100.0,34.50401161047803,53.333333333333336,0.0,41.24566006838212,0.0,2,2,E_ablate_sector_vr1.2,True
2045,002045.SZ,国光电器,元器件,20251127,14.9,46.55912605850784,46.55912605850784,0.0,2.12,6.0199,5180.32,7.165109034267915,sideways,BULL_TREND,54.20321323942373,86.08515057113192,51.8032,65.0,42.99941669560093,0.0,0.0,57.32751683487992,0.0,3,3,E_ablate_sector_vr1.2,True
2674,002674.SZ,兴业科技,纺织,20251127,13.17,59.05613845985455,59.05613845985455,0.0,4.33,5.2996,-5844.07,10.651289009497964,sideways,BULL_TREND,100.0,100.0,0.0,100.0,27.522132248049008,33.33333333333333,0.0,52.17626629983776,0.0,1,1,E_ablate_inflow_vr1.2,True
2881,002881.SZ,美格智能,元器件,20251127,41.96,50.88065559394561,50.88065559394561,0.0,2.31,4.1149,1100.1,8.16371197198511,sideways,BULL_TREND,60.39464258206665,100.0,11.001,65.0,34.478305700590454,0.0,0.0,65.18406975668651,0.0,2,2,E_ablate_inflow_vr1.2,True
600843,600843.SH,上工申贝,纺织机械,20251127,11.42,49.19144024183758,49.19144024183758,0.0,2.13,5.3624,5990.31,8.56685348278623,sideways,BULL_TREND,54.54267152255567,100.0,59.9031,100.0,34.506044213352105,53.333333333333336,0.0,41.24566006838212,0.0,3,3,E_ablate_inflow_vr1.2,True
600843,600843.SH,上工申贝,纺织机械,20251127,11.42,51.43002814320062,51.43002814320062,0.0,2.13,5.3624,5990.31,8.56685348278623,sideways,BULL_TREND,54.54267152255567,100.0,59.9031,100.0,34.50401161047803,53.333333333333336,0.0,41.24566006838212,0.0,1,1,E_ablate_wyckoff_vr1.2,True
1696,001696.SZ,宗申动力,摩托车,20251127,22.22,51.37802628917158,51.37802628917158,0.0,2.13,3.4137,8258.11,8.897088970889715,sideways,BULL_TREND,54.54267152255567,100.0,82.5811,80.0,24.014932583617743,33.33333333333333,0.0,45.84890086149365,0.0,2,2,E_ablate_wyckoff_vr1.2,True
2281,002281.SZ,光迅科技,通信设备,20251127,60.96,48.41578836975047,48.41578836975047,0.0,1.32,5.0095,17855.2,7.425968109339398,sideways,BULL_TREND,20.02689647918644,90.4328018223233,100.0,40.0,70.09769828945554,0.0,0.0,46.76041526342954,0.0,3,3,E_ablate_wyckoff_vr1.2,True
1696,001696.SZ,宗申动力,摩托车,20251127,22.22,56.87989439255082,56.87989439255082,0.0,2.13,3.4137,8258.11,8.897088970889715,sideways,BULL_TREND,54.54267152255567,100.0,82.5811,80.0,24.014932583617743,33.33333333333333,0.0,45.84890086149365,0.0,1,1,E_ablate_accel_vr1.2,True
600843,600843.SH,上工申贝,纺织机械,20251127,11.42,56.37950735140648,56.37950735140648,0.0,2.13,5.3624,5990.31,8.56685348278623,sideways,BULL_TREND,54.54267152255567,100.0,59.9031,100.0,34.50401161047803,53.333333333333336,0.0,41.24566006838212,0.0,2,2,E_ablate_accel_vr1.2,True
2281,002281.SZ,光迅科技,通信设备,20251127,60.96,54.02703820136202,54.02703820136202,0.0,1.32,5.0095,17855.2,7.425968109339398,sideways,BULL_TREND,20.02689647918644,90.4328018223233,100.0,40.0,70.09769828945554,0.0,0.0,46.76041526342954,0.0,3,3,E_ablate_accel_vr1.2,True
715,000715.SZ,中兴商业,百货,20251128,6.6,61.38162024878511,61.38162024878511,0.0,3.55,11.7684,7817.73,4.347826086956532,momentum,BULL_TREND,91.39095123086598,91.9130434782608,78.1773,80.0,54.6158748379826,20.0,0.0,69.23038248732608,0.0,1,1,A_recovered_proxy_vr1.5,True
509,000509.SZ,华塑控股,元器件,20251128,4.06,59.55963005242593,51.63526358731281,7.92436646511312,1.63,6.8768,4264.33,3.3333333333333464,momentum,BULL_TREND,35.24359822281764,97.99999999999991,42.6433,80.0,79.2436646511312,33.33333333333333,0.0,65.04664256997259,0.0,2,2,A_recovered_proxy_vr1.5,True
2117,002117.SZ,东港股份,广告包装,20251128,12.63,58.26127734359052,58.26127734359052,0.0,3.17,6.753,7920.71,1.0963194988253626,momentum,BULL_TREND,83.22414201823413,100.0,79.2071,100.0,31.931180204277013,20.0,0.0,75.5,0.0,3,3,A_recovered_proxy_vr1.5,True
715,000715.SZ,中兴商业,百货,20251128,6.6,61.38162024878511,61.38162024878511,0.0,3.55,11.7684,7817.73,4.347826086956532,momentum,BULL_TREND,91.39095123086598,91.9130434782608,78.1773,80.0,54.6158748379826,20.0,0.0,69.23038248732608,0.0,1,1,B_pure_quant_vr1.5,True
2117,002117.SZ,东港股份,广告包装,20251128,12.63,58.26127734359052,58.26127734359052,0.0,3.17,6.753,7920.71,1.0963194988253626,momentum,BULL_TREND,83.22414201823413,100.0,79.2071,100.0,31.931180204277013,20.0,0.0,75.5,0.0,2,2,B_pure_quant_vr1.5,True
2582,002582.SZ,好想你,食品,20251128,10.58,53.679669127670834,53.679669127670834,0.0,4.55,11.6497,2829.14,3.202195791399814,momentum,BULL_TREND,100.0,98.78682525160112,28.2914,60.0,51.97527398674086,53.333333333333336,0.0,70.80985138495883,0.0,3,3,B_pure_quant_vr1.5,True
715,000715.SZ,中兴商业,百货,20251128,6.6,61.3059112509823,61.3059112509823,0.0,3.55,11.7684,7817.73,4.347826086956532,momentum,BULL_TREND,91.39095123086598,91.9130434782608,78.1773,80.0,54.23732984896853,20.0,0.0,69.23038248732608,0.0,1,1,A_recovered_proxy_vr1.2,True
509,000509.SZ,华塑控股,元器件,20251128,4.06,59.47623978041894,51.57967007264149,7.896569707777461,1.63,6.8768,4264.33,3.3333333333333464,momentum,BULL_TREND,35.24359822281764,97.99999999999991,42.6433,80.0,78.9656970777746,33.33333333333333,0.0,65.04664256997259,0.0,2,2,A_recovered_proxy_vr1.2,True
2117,002117.SZ,东港股份,广告包装,20251128,12.63,58.2126913401848,58.2126913401848,0.0,3.17,6.753,7920.71,1.0963194988253626,momentum,BULL_TREND,83.22414201823413,100.0,79.2071,100.0,31.68825018724841,20.0,0.0,75.5,0.0,3,3,A_recovered_proxy_vr1.2,True
715,000715.SZ,中兴商业,百货,20251128,6.6,61.3059112509823,61.3059112509823,0.0,3.55,11.7684,7817.73,4.347826086956532,momentum,BULL_TREND,91.39095123086598,91.9130434782608,78.1773,80.0,54.23732984896853,20.0,0.0,69.23038248732608,0.0,1,1,D_pure_quant_vr1.2,True
2117,002117.SZ,东港股份,广告包装,20251128,12.63,58.2126913401848,58.2126913401848,0.0,3.17,6.753,7920.71,1.0963194988253626,momentum,BULL_TREND,83.22414201823413,100.0,79.2071,100.0,31.68825018724841,20.0,0.0,75.5,0.0,2,2,D_pure_quant_vr1.2,True
2051,002051.SZ,中工国际,建筑工程,20251128,9.09,58.029910030661554,58.029910030661554,0.0,1.32,3.9686,11398.68,1.3029315960912158,momentum,BULL_TREND,20.02689647918644,100.0,100.0,80.0,59.0460444605846,33.33333333333333,0.0,75.5,0.0,3,3,D_pure_quant_vr1.2,True
2117,002117.SZ,东港股份,广告包装,20251128,12.63,51.87504130273512,51.87504130273512,0.0,3.17,6.753,7920.71,1.0963194988253626,momentum,BULL_TREND,83.22414201823413,100.0,79.2071,100.0,31.68825018724841,20.0,0.0,75.5,0.0,1,1,E_ablate_sector_vr1.2,True
715,000715.SZ,中兴商业,百货,20251128,6.6,50.45844528118859,50.45844528118859,0.0,3.55,11.7684,7817.73,4.347826086956532,momentum,BULL_TREND,91.39095123086598,91.9130434782608,78.1773,80.0,54.23732984896853,20.0,0.0,69.23038248732608,0.0,2,2,E_ablate_sector_vr1.2,True
2051,002051.SZ,中工国际,建筑工程,20251128,9.09,46.22070113854464,46.22070113854464,0.0,1.32,3.9686,11398.68,1.3029315960912158,momentum,BULL_TREND,20.02689647918644,100.0,100.0,80.0,59.0460444605846,33.33333333333333,0.0,75.5,0.0,3,3,E_ablate_sector_vr1.2,True
1316,001316.SZ,润贝航科,批发业,20251128,35.65,49.399983648471,49.399983648471,0.0,6.73,6.7099,-14291.39,4.346659511671597,momentum,BULL_TREND,100.0,91.92004292997042,0.0,100.0,48.34414938809451,43.333333333333336,0.0,83.72482811188385,0.0,1,1,E_ablate_inflow_vr1.2,True
2582,002582.SZ,好想你,食品,20251128,10.58,46.64017085734321,46.64017085734321,0.0,4.55,11.6497,2829.14,3.202195791399814,momentum,BULL_TREND,100.0,98.78682525160112,28.2914,80.0,40.069182635102734,53.333333333333336,0.0,70.80985138495883,0.0,2,2,E_ablate_inflow_vr1.2,True
715,000715.SZ,中兴商业,百货,20251128,6.6,46.29903545172212,46.29903545172212,0.0,3.55,11.7684,7817.73,4.347826086956532,momentum,BULL_TREND,91.39095123086598,91.9130434782608,78.1773,80.0,57.38025085266766,20.0,0.0,69.23038248732608,0.0,3,3,E_ablate_inflow_vr1.2,True
715,000715.SZ,中兴商业,百货,20251128,6.6,54.38287300224969,54.38287300224969,0.0,3.55,11.7684,7817.73,4.347826086956532,momentum,BULL_TREND,91.39095123086598,91.9130434782608,78.1773,80.0,54.23732984896853,20.0,0.0,69.23038248732608,0.0,1,1,E_ablate_wyckoff_vr1.2,True
426,000426.SZ,兴业银锡,铅锌,20251128,34.52,51.81631880306436,51.81631880306436,0.0,1.41,4.012,21473.42,0.1735106998264753,momentum,BULL_TREND,24.78475813120344,100.0,100.0,65.0,65.90969208358591,33.33333333333333,0.0,27.54412562560624,0.0,2,2,E_ablate_wyckoff_vr1.2,True
603,000603.SZ,盛达资源,铅锌,20251128,26.2,51.45233516851876,51.45233516851876,0.0,1.45,4.8829,11466.32,1.6885553470919297,momentum,BULL_TREND,26.802645012010483,100.0,100.0,65.0,65.90969208358591,20.0,0.0,37.51216507085631,0.0,3,3,E_ablate_wyckoff_vr1.2,True
715,000715.SZ,中兴商业,百货,20251128,6.6,61.3059112509823,61.3059112509823,0.0,3.55,11.7684,7817.73,4.347826086956532,momentum,BULL_TREND,91.39095123086598,91.9130434782608,78.1773,80.0,54.23732984896853,20.0,0.0,69.23038248732608,0.0,1,1,E_ablate_accel_vr1.2,True
2117,002117.SZ,东港股份,广告包装,20251128,12.63,58.2126913401848,58.2126913401848,0.0,3.17,6.753,7920.71,1.0963194988253626,momentum,BULL_TREND,83.22414201823413,100.0,79.2071,100.0,31.68825018724841,20.0,0.0,75.5,0.0,2,2,E_ablate_accel_vr1.2,True
2051,002051.SZ,中工国际,建筑工程,20251128,9.09,58.029910030661554,58.029910030661554,0.0,1.32,3.9686,11398.68,1.3029315960912158,momentum,BULL_TREND,20.02689647918644,100.0,100.0,80.0,59.0460444605846,33.33333333333333,0.0,75.5,0.0,3,3,E_ablate_accel_vr1.2,True
2839,002839.SZ,张家港行,银行,20251201,4.74,73.45245275566029,73.45245275566029,0.0,3.92,4.5836,10614.76,1.6597510373443998,momentum,BULL_TREND,98.54268271702418,100.0,100.0,80.0,41.55503060211588,33.33333333333333,0.0,87.58418211423319,59.34959349593496,1,1,A_recovered_proxy_vr1.5,True
603677,603677.SH,奇精机械,家用电器,20251201,20.38,68.16488322511961,68.16488322511961,0.0,5.0,7.5339,4032.04,1.972101972101973,momentum,BULL_TREND,100.0,100.0,40.3204,100.0,51.259554573190485,20.0,0.0,88.48892310481514,100.0,2,2,A_recovered_proxy_vr1.5,True
2157,002157.SZ,正邦科技,农业综合,20251201,3.21,67.63603225539254,67.63603225539254,0.0,4.05,5.0247,11869.23,1.2307692307692315,momentum,BULL_TREND,100.0,100.0,100.0,100.0,42.893895087328325,43.333333333333336,0.0,68.90586571260201,0.0,3,3,A_recovered_proxy_vr1.5,True
2839,002839.SZ,张家港行,银行,20251201,4.74,73.45245275566029,73.45245275566029,0.0,3.92,4.5836,10614.76,1.6597510373443998,momentum,BULL_TREND,98.54268271702418,100.0,100.0,80.0,41.55503060211588,33.33333333333333,0.0,87.58418211423319,59.34959349593496,1,1,B_pure_quant_vr1.5,True
603677,603677.SH,奇精机械,家用电器,20251201,20.38,68.16488322511961,68.16488322511961,0.0,5.0,7.5339,4032.04,1.972101972101973,momentum,BULL_TREND,100.0,100.0,40.3204,100.0,51.259554573190485,20.0,0.0,88.48892310481514,100.0,2,2,B_pure_quant_vr1.5,True
2157,002157.SZ,正邦科技,农业综合,20251201,3.21,67.63603225539254,67.63603225539254,0.0,4.05,5.0247,11869.23,1.2307692307692315,momentum,BULL_TREND,100.0,100.0,100.0,100.0,42.893895087328325,43.333333333333336,0.0,68.90586571260201,0.0,3,3,B_pure_quant_vr1.5,True
2839,002839.SZ,张家港行,银行,20251201,4.74,73.56763165589778,73.56763165589778,0.0,3.92,4.5836,10614.76,1.6597510373443998,momentum,BULL_TREND,98.54268271702418,100.0,100.0,80.0,42.13092510330341,33.33333333333333,0.0,87.58418211423319,59.34959349593496,1,1,A_recovered_proxy_vr1.2,True
2157,002157.SZ,正邦科技,农业综合,20251201,3.21,67.63889640515117,67.63889640515117,0.0,4.05,5.0247,11869.23,1.2307692307692315,momentum,BULL_TREND,100.0,100.0,100.0,100.0,42.908215836121485,43.333333333333336,0.0,68.90586571260201,0.0,2,2,A_recovered_proxy_vr1.2,True
603677,603677.SH,奇精机械,家用电器,20251201,20.38,67.00598538570313,67.00598538570313,0.0,5.0,7.5339,4032.04,1.972101972101973,momentum,BULL_TREND,100.0,100.0,40.3204,100.0,45.46506537610807,20.0,0.0,88.48892310481514,100.0,3,3,A_recovered_proxy_vr1.2,True
2839,002839.SZ,张家港行,银行,20251201,4.74,73.56763165589778,73.56763165589778,0.0,3.92,4.5836,10614.76,1.6597510373443998,momentum,BULL_TREND,98.54268271702418,100.0,100.0,80.0,42.13092510330341,33.33333333333333,0.0,87.58418211423319,59.34959349593496,1,1,D_pure_quant_vr1.2,True
2157,002157.SZ,正邦科技,农业综合,20251201,3.21,67.63889640515117,67.63889640515117,0.0,4.05,5.0247,11869.23,1.2307692307692315,momentum,BULL_TREND,100.0,100.0,100.0,100.0,42.908215836121485,43.333333333333336,0.0,68.90586571260201,0.0,2,2,D_pure_quant_vr1.2,True
603677,603677.SH,奇精机械,家用电器,20251201,20.38,67.00598538570313,67.00598538570313,0.0,5.0,7.5339,4032.04,1.972101972101973,momentum,BULL_TREND,100.0,100.0,40.3204,100.0,45.46506537610807,20.0,0.0,88.48892310481514,100.0,3,3,D_pure_quant_vr1.2,True
2839,002839.SZ,张家港行,银行,20251201,4.74,65.1414466352371,65.1414466352371,0.0,3.92,4.5836,10614.76,1.6597510373443998,momentum,BULL_TREND,98.54268271702418,100.0,100.0,80.0,42.13092510330341,33.33333333333333,0.0,87.58418211423319,59.34959349593496,1,1,E_ablate_sector_vr1.2,True
2157,002157.SZ,正邦科技,农业综合,20251201,3.21,59.05725323792687,59.05725323792687,0.0,4.05,5.0247,11869.23,1.2307692307692315,momentum,BULL_TREND,100.0,100.0,100.0,100.0,42.908215836121485,43.333333333333336,0.0,68.90586571260201,0.0,2,2,E_ablate_sector_vr1.2,True
603677,603677.SH,奇精机械,家用电器,20251201,20.38,57.91297231048152,57.91297231048152,0.0,5.0,7.5339,4032.04,1.972101972101973,momentum,BULL_TREND,100.0,100.0,40.3204,100.0,45.46506537610807,20.0,0.0,88.48892310481514,100.0,3,3,E_ablate_sector_vr1.2,True
603677,603677.SH,奇精机械,家用电器,20251201,20.38,55.80954255271782,55.80954255271782,0.0,5.0,7.5339,4032.04,1.972101972101973,momentum,BULL_TREND,100.0,100.0,40.3204,65.0,38.55325121118153,20.0,0.0,88.48892310481514,100.0,1,1,E_ablate_inflow_vr1.2,True
2839,002839.SZ,张家港行,银行,20251201,4.74,53.548887638340894,53.548887638340894,0.0,3.92,4.5836,10614.76,1.6597510373443998,momentum,BULL_TREND,98.54268271702418,100.0,100.0,80.0,42.037205015518914,33.33333333333333,0.0,87.58418211423319,59.34959349593496,2,2,E_ablate_inflow_vr1.2,True
600757,600757.SH,长江传媒,出版业,20251201,9.09,49.269534521281344,49.269534521281344,0.0,3.95,4.1196,6308.13,0.7641921397379944,momentum,BULL_TREND,99.09263266448704,100.0,63.0813,80.0,51.37868179994079,20.0,0.0,91.29903261620132,0.0,3,3,E_ablate_inflow_vr1.2,True
2839,002839.SZ,张家港行,银行,20251201,4.74,64.80921344447447,64.80921344447447,0.0,3.92,4.5836,10614.76,1.6597510373443998,momentum,BULL_TREND,98.54268271702418,100.0,100.0,80.0,42.13092510330341,33.33333333333333,0.0,87.58418211423319,59.34959349593496,1,1,E_ablate_wyckoff_vr1.2,True
2157,002157.SZ,正邦科技,农业综合,20251201,3.21,60.74830983389096,60.74830983389096,0.0,4.05,5.0247,11869.23,1.2307692307692315,momentum,BULL_TREND,100.0,100.0,100.0,100.0,42.908215836121485,43.333333333333336,0.0,68.90586571260201,0.0,2,2,E_ablate_wyckoff_vr1.2,True
603677,603677.SH,奇精机械,家用电器,20251201,20.38,58.15709307522162,58.15709307522162,0.0,5.0,7.5339,4032.04,1.972101972101973,momentum,BULL_TREND,100.0,100.0,40.3204,100.0,45.46506537610807,20.0,0.0,88.48892310481514,100.0,3,3,E_ablate_wyckoff_vr1.2,True
2157,002157.SZ,正邦科技,农业综合,20251201,3.21,67.63889640515117,67.63889640515117,0.0,4.05,5.0247,11869.23,1.2307692307692315,momentum,BULL_TREND,100.0,100.0,100.0,100.0,42.908215836121485,43.333333333333336,0.0,68.90586571260201,0.0,1,1,E_ablate_accel_vr1.2,True
2839,002839.SZ,张家港行,银行,20251201,4.74,67.6326723063043,67.6326723063043,0.0,3.92,4.5836,10614.76,1.6597510373443998,momentum,BULL_TREND,98.54268271702418,100.0,100.0,80.0,42.13092510330341,33.33333333333333,0.0,87.58418211423319,59.34959349593496,2,2,E_ablate_accel_vr1.2,True
600757,600757.SH,长江传媒,出版业,20251201,9.09,61.92155541745297,61.92155541745297,0.0,3.95,4.1196,6308.13,0.7641921397379944,momentum,BULL_TREND,99.09263266448704,100.0,63.0813,80.0,51.55748628079892,20.0,0.0,91.29903261620132,0.0,3,3,E_ablate_accel_vr1.2,True
2202,002202.SZ,金风科技,电气设备,20251202,15.67,67.07188442437612,61.23738915994371,5.834495264432407,1.68,4.0669,23378.25,10.712250712250716,weak_momentum,BULL_TREND,37.42306165020178,100.0,100.0,80.0,58.34495264432407,30.0,0.0,75.81458010509888,0.0,1,1,A_recovered_proxy_vr1.5,True
603698,603698.SH,航天工程,专用机械,20251202,19.83,53.98377577737651,53.98377577737651,0.0,2.49,4.2747,3962.28,4.66346153846155,weak_momentum,BULL_TREND,65.80728711466783,100.0,39.622800000000005,65.0,55.90331911312844,20.0,0.0,82.30053895471379,0.0,2,2,A_recovered_proxy_vr1.5,True
605123,605123.SH,派克新材,航空,20251202,71.0,53.61620590759204,47.67468092446512,5.941524983126925,1.97,3.483,1812.33,8.019173468065809,weak_momentum,BULL_TREND,48.90978148408258,100.0,18.1233,65.0,59.41524983126925,33.33333333333333,0.0,74.98043706997119,0.0,3,3,A_recovered_proxy_vr1.5,True
2202,002202.SZ,金风科技,电气设备,20251202,15.67,61.23738915994371,61.23738915994371,0.0,1.68,4.0669,23378.25,10.712250712250716,weak_momentum,BULL_TREND,37.42306165020178,100.0,100.0,80.0,58.34495264432407,30.0,0.0,75.81458010509888,0.0,1,1,B_pure_quant_vr1.5,True
603698,603698.SH,航天工程,专用机械,20251202,19.83,53.98377577737651,53.98377577737651,0.0,2.49,4.2747,3962.28,4.66346153846155,weak_momentum,BULL_TREND,65.80728711466783,100.0,39.622800000000005,65.0,55.90331911312844,20.0,0.0,82.30053895471379,0.0,2,2,B_pure_quant_vr1.5,True
600628,600628.SH,新世界,百货,20251202,7.95,52.47821163630311,52.47821163630311,0.0,3.26,6.7824,1976.35,3.0487804878048674,weak_momentum,BULL_TREND,85.24359822281764,100.0,19.7635,100.0,54.36562940693017,0.0,0.0,73.1959832789396,0.0,3,3,B_pure_quant_vr1.5,True
2241,002241.SZ,歌尔股份,元器件,20251202,31.32,66.24835203902195,57.96258518156367,8.285766857458288,1.4,4.9279,33530.45,3.303488731089843,weak_momentum,BULL_TREND,24.27134135851208,100.0,100.0,65.0,82.85766857458287,0.0,0.0,57.621557943996194,0.0,1,1,A_recovered_proxy_vr1.2,True
2202,002202.SZ,金风科技,电气设备,20251202,15.67,58.74442879676031,58.74442879676031,0.0,1.68,4.0669,23378.25,10.712250712250716,weak_momentum,BULL_TREND,37.42306165020178,100.0,100.0,65.0,46.72521688976807,30.0,0.0,75.81458010509888,0.0,2,2,A_recovered_proxy_vr1.2,True
2785,002785.SZ,万里石,其他建材,20251202,38.55,58.253235849701554,52.88275559485778,5.370480254843777,1.36,6.6288,13104.3,5.745721271393647,weak_momentum,BULL_TREND,22.180332573780746,100.0,100.0,100.0,53.70480254843776,30.0,0.0,33.3332355101667,0.0,3,3,A_recovered_proxy_vr1.2,True
2202,002202.SZ,金风科技,电气设备,20251202,15.67,58.74442879676031,58.74442879676031,0.0,1.68,4.0669,23378.25,10.712250712250716,weak_momentum,BULL_TREND,37.42306165020178,100.0,100.0,65.0,46.72521688976807,30.0,0.0,75.81458010509888,0.0,1,1,D_pure_quant_vr1.2,True
2241,002241.SZ,歌尔股份,元器件,20251202,31.32,57.96258518156367,57.96258518156367,0.0,1.4,4.9279,33530.45,3.303488731089843,weak_momentum,BULL_TREND,24.27134135851208,100.0,100.0,65.0,82.85766857458287,0.0,0.0,57.621557943996194,0.0,2,2,D_pure_quant_vr1.2,True
603698,603698.SH,航天工程,专用机械,20251202,19.83,53.15770744092433,53.15770744092433,0.0,2.49,4.2747,3962.28,4.66346153846155,weak_momentum,BULL_TREND,65.80728711466783,100.0,39.622800000000005,65.0,50.39619687011391,20.0,0.0,82.30053895471379,0.0,3,3,D_pure_quant_vr1.2,True
2202,002202.SZ,金风科技,电气设备,20251202,15.67,51.735646263295095,51.735646263295095,0.0,1.68,4.0669,23378.25,10.712250712250716,weak_momentum,BULL_TREND,37.42306165020178,100.0,100.0,65.0,46.72521688976807,30.0,0.0,75.81458010509888,0.0,1,1,E_ablate_sector_vr1.2,True
603698,603698.SH,航天工程,专用机械,20251202,19.83,45.59827791040724,45.59827791040724,0.0,2.49,4.2747,3962.28,4.66346153846155,weak_momentum,BULL_TREND,65.80728711466783,100.0,39.622800000000005,65.0,50.39619687011391,20.0,0.0,82.30053895471379,0.0,2,2,E_ablate_sector_vr1.2,True
2241,002241.SZ,歌尔股份,元器件,20251202,31.32,45.53393489537624,45.53393489537624,0.0,1.4,4.9279,33530.45,3.303488731089843,weak_momentum,BULL_TREND,24.27134135851208,100.0,100.0,65.0,82.85766857458287,0.0,0.0,57.621557943996194,0.0,3,3,E_ablate_sector_vr1.2,True
600628,600628.SH,新世界,百货,20251202,7.95,48.45793416552805,48.45793416552805,0.0,3.26,6.7824,1976.35,3.0487804878048674,weak_momentum,BULL_TREND,85.24359822281764,100.0,19.7635,100.0,51.279979601763074,0.0,0.0,73.1959832789396,0.0,1,1,E_ablate_inflow_vr1.2,True
603166,603166.SH,福达股份,汽车配件,20251202,15.05,47.18156550001979,47.18156550001979,0.0,2.89,3.9941,-121.82,3.649167733674767,weak_momentum,BULL_TREND,76.55347463629771,100.0,0.0,40.0,32.79359676158057,66.66666666666666,0.0,89.64114304669812,0.0,2,2,E_ablate_inflow_vr1.2,True
603698,603698.SH,航天工程,专用机械,20251202,19.83,46.135713884230725,46.135713884230725,0.0,2.49,4.2747,3962.28,4.66346153846155,weak_momentum,BULL_TREND,65.80728711466783,100.0,39.622800000000005,65.0,51.130266492156544,20.0,0.0,82.30053895471379,0.0,3,3,E_ablate_inflow_vr1.2,True
2241,002241.SZ,歌尔股份,元器件,20251202,31.32,49.31935148996424,49.31935148996424,0.0,1.4,4.9279,33530.45,3.303488731089843,weak_momentum,BULL_TREND,24.27134135851208,100.0,100.0,65.0,82.85766857458287,0.0,0.0,57.621557943996194,0.0,1,1,E_ablate_wyckoff_vr1.2,True
2785,002785.SZ,万里石,其他建材,20251202,38.55,47.88277026833278,47.88277026833278,0.0,1.36,6.6288,13104.3,5.745721271393647,weak_momentum,BULL_TREND,22.180332573780746,100.0,100.0,100.0,53.70480254843776,30.0,0.0,33.3332355101667,0.0,2,2,E_ablate_wyckoff_vr1.2,True
2202,002202.SZ,金风科技,电气设备,20251202,15.67,47.37224178099548,47.37224178099548,0.0,1.68,4.0669,23378.25,10.712250712250716,weak_momentum,BULL_TREND,37.42306165020178,100.0,100.0,65.0,46.72521688976807,30.0,0.0,75.81458010509888,0.0,3,3,E_ablate_wyckoff_vr1.2,True
2202,002202.SZ,金风科技,电气设备,20251202,15.67,58.74442879676031,58.74442879676031,0.0,1.68,4.0669,23378.25,10.712250712250716,weak_momentum,BULL_TREND,37.42306165020178,100.0,100.0,65.0,46.72521688976807,30.0,0.0,75.81458010509888,0.0,1,1,E_ablate_accel_vr1.2,True
2241,002241.SZ,歌尔股份,元器件,20251202,31.32,57.96258518156367,57.96258518156367,0.0,1.4,4.9279,33530.45,3.303488731089843,weak_momentum,BULL_TREND,24.27134135851208,100.0,100.0,65.0,82.85766857458287,0.0,0.0,57.621557943996194,0.0,2,2,E_ablate_accel_vr1.2,True
603698,603698.SH,航天工程,专用机械,20251202,19.83,53.15770744092433,53.15770744092433,0.0,2.49,4.2747,3962.28,4.66346153846155,weak_momentum,BULL_TREND,65.80728711466783,100.0,39.622800000000005,65.0,50.39619687011391,20.0,0.0,82.30053895471379,0.0,3,3,E_ablate_accel_vr1.2,True
725,000725.SZ,京东方A,元器件,20251203,4.03,77.84234296355208,69.68927107863225,8.153071884919838,4.52,3.5436,190626.19,1.225490196078427,weak_momentum,BULL_TREND,100.0,46.764705882352814,100.0,40.0,81.53071884919838,86.66666666666667,0.0,83.43043474691216,0.0,1,1,A_recovered_proxy_vr1.5,True
600219,600219.SH,南山铝业,铝,20251203,4.94,62.13629430567502,56.51436591267365,5.621928393001365,1.94,3.0345,44858.36,9.357798165137613,weak_momentum,BULL_TREND,47.802832620620144,100.0,100.0,40.0,56.219283930013646,63.33333333333333,0.0,38.29587842274615,0.0,2,2,A_recovered_proxy_vr1.5,True
2130,002130.SZ,沃尔核材,电气设备,20251203,26.61,58.8092209432572,58.8092209432572,0.0,2.4,8.4148,21214.94,3.586956521739137,weak_momentum,BULL_TREND,63.151720291689685,100.0,100.0,60.0,25.214705898165004,30.0,0.0,73.69504676519333,0.0,3,3,A_recovered_proxy_vr1.5,True
725,000725.SZ,京东方A,元器件,20251203,4.03,69.68927107863225,69.68927107863225,0.0,4.52,3.5436,190626.19,1.225490196078427,weak_momentum,BULL_TREND,100.0,46.764705882352814,100.0,40.0,81.53071884919838,86.66666666666667,0.0,83.43043474691216,0.0,1,1,B_pure_quant_vr1.5,True
2130,002130.SZ,沃尔核材,电气设备,20251203,26.61,58.8092209432572,58.8092209432572,0.0,2.4,8.4148,21214.94,3.586956521739137,weak_momentum,BULL_TREND,63.151720291689685,100.0,100.0,60.0,25.214705898165004,30.0,0.0,73.69504676519333,0.0,2,2,B_pure_quant_vr1.5,True
600219,600219.SH,南山铝业,铝,20251203,4.94,56.51436591267365,56.51436591267365,0.0,1.94,3.0345,44858.36,9.357798165137613,weak_momentum,BULL_TREND,47.802832620620144,100.0,100.0,40.0,56.219283930013646,63.33333333333333,0.0,38.29587842274615,0.0,3,3,B_pure_quant_vr1.5,True
725,000725.SZ,京东方A,元器件,20251203,4.03,75.89943961183089,68.52352906759953,7.375910544231354,4.52,3.5436,190626.19,1.225490196078427,weak_momentum,BULL_TREND,100.0,46.764705882352814,100.0,40.0,73.75910544231354,86.66666666666667,0.0,83.43043474691216,0.0,1,1,A_recovered_proxy_vr1.2,True
600219,600219.SH,南山铝业,铝,20251203,4.94,62.06617503661317,56.47229435123654,5.593880685376623,1.94,3.0345,44858.36,9.357798165137613,weak_momentum,BULL_TREND,47.802832620620144,100.0,100.0,40.0,55.93880685376622,63.33333333333333,0.0,38.29587842274615,0.0,2,2,A_recovered_proxy_vr1.2,True
2130,002130.SZ,沃尔核材,电气设备,20251203,26.61,58.84775706715144,58.84775706715144,0.0,2.4,8.4148,21214.94,3.586956521739137,weak_momentum,BULL_TREND,63.151720291689685,100.0,100.0,65.0,23.804946724126538,30.0,0.0,73.69504676519333,0.0,3,3,A_recovered_proxy_vr1.2,True
725,000725.SZ,京东方A,元器件,20251203,4.03,68.52352906759953,68.52352906759953,0.0,4.52,3.5436,190626.19,1.225490196078427,weak_momentum,BULL_TREND,100.0,46.764705882352814,100.0,40.0,73.75910544231354,86.66666666666667,0.0,83.43043474691216,0.0,1,1,D_pure_quant_vr1.2,True
2130,002130.SZ,沃尔核材,电气设备,20251203,26.61,58.84775706715144,58.84775706715144,0.0,2.4,8.4148,21214.94,3.586956521739137,weak_momentum,BULL_TREND,63.151720291689685,100.0,100.0,65.0,23.804946724126538,30.0,0.0,73.69504676519333,0.0,2,2,D_pure_quant_vr1.2,True
600219,600219.SH,南山铝业,铝,20251203,4.94,56.47229435123654,56.47229435123654,0.0,1.94,3.0345,44858.36,9.357798165137613,weak_momentum,BULL_TREND,47.802832620620144,100.0,100.0,40.0,55.93880685376622,63.33333333333333,0.0,38.29587842274615,0.0,3,3,D_pure_quant_vr1.2,True
725,000725.SZ,京东方A,元器件,20251203,4.03,57.45966325125249,57.45966325125249,0.0,4.52,3.5436,190626.19,1.225490196078427,weak_momentum,BULL_TREND,100.0,46.764705882352814,100.0,40.0,73.75910544231354,86.66666666666667,0.0,83.43043474691216,0.0,1,1,E_ablate_sector_vr1.2,True
2130,002130.SZ,沃尔核材,电气设备,20251203,26.61,55.277015058532456,55.277015058532456,0.0,2.4,8.4148,21214.94,3.586956521739137,weak_momentum,BULL_TREND,63.151720291689685,100.0,100.0,65.0,23.804946724126538,30.0,0.0,73.69504676519333,0.0,2,2,E_ablate_sector_vr1.2,True
600219,600219.SH,南山铝业,铝,20251203,4.94,48.08147332317161,48.08147332317161,0.0,1.94,3.0345,44858.36,9.357798165137613,weak_momentum,BULL_TREND,47.802832620620144,100.0,100.0,40.0,55.93880685376622,63.33333333333333,0.0,38.29587842274615,0.0,3,3,E_ablate_sector_vr1.2,True
725,000725.SZ,京东方A,元器件,20251203,4.03,49.90124419712785,49.90124419712785,0.0,4.52,3.5436,190626.19,1.225490196078427,weak_momentum,BULL_TREND,100.0,46.764705882352814,100.0,40.0,69.61053963916905,86.66666666666667,0.0,83.43043474691216,0.0,1,1,E_ablate_inflow_vr1.2,True
600163,600163.SH,中闽能源,新型电力,20251203,6.03,49.58725145976382,49.58725145976382,0.0,3.39,6.273,-4774.3,5.0393700787401485,weak_momentum,BULL_TREND,88.06426366808097,100.0,0.0,100.0,45.265600514324746,33.33333333333333,0.0,72.80736777157531,0.0,2,2,E_ablate_inflow_vr1.2,True
2571,002571.SZ,德力股份,家居用品,20251203,9.28,48.04046594159287,48.04046594159287,0.0,2.33,7.68,2809.4,3.131524008350738,weak_momentum,BULL_TREND,61.01649774397778,100.0,28.094,100.0,50.49888630478071,53.333333333333336,0.0,77.64327778408285,0.0,3,3,E_ablate_inflow_vr1.2,True
725,000725.SZ,京东方A,元器件,20251203,4.03,56.00896385556271,56.00896385556271,0.0,4.52,3.5436,190626.19,1.225490196078427,weak_momentum,BULL_TREND,100.0,46.764705882352814,100.0,40.0,73.75910544231354,86.66666666666667,0.0,83.43043474691216,0.0,1,1,E_ablate_wyckoff_vr1.2,True
600219,600219.SH,南山铝业,铝,20251203,4.94,50.72791258782462,50.72791258782462,0.0,1.94,3.0345,44858.36,9.357798165137613,weak_momentum,BULL_TREND,47.802832620620144,100.0,100.0,40.0,55.93880685376622,63.33333333333333,0.0,38.29587842274615,0.0,2,2,E_ablate_wyckoff_vr1.2,True
601600,601600.SH,中国铝业,铝,20251203,11.03,49.05064249028663,49.05064249028663,0.0,1.74,3.0536,51459.55,10.32520325203253,weak_momentum,BULL_TREND,39.95436530370018,100.0,100.0,40.0,55.93880685376622,53.333333333333336,0.0,22.162399428788728,0.0,3,3,E_ablate_wyckoff_vr1.2,True
725,000725.SZ,京东方A,元器件,20251203,4.03,68.52352906759953,68.52352906759953,0.0,4.52,3.5436,190626.19,1.225490196078427,weak_momentum,BULL_TREND,100.0,46.764705882352814,100.0,40.0,73.75910544231354,86.66666666666667,0.0,83.43043474691216,0.0,1,1,E_ablate_accel_vr1.2,True
2130,002130.SZ,沃尔核材,电气设备,20251203,26.61,58.84775706715144,58.84775706715144,0.0,2.4,8.4148,21214.94,3.586956521739137,weak_momentum,BULL_TREND,63.151720291689685,100.0,100.0,65.0,23.804946724126538,30.0,0.0,73.69504676519333,0.0,2,2,E_ablate_accel_vr1.2,True
600219,600219.SH,南山铝业,铝,20251203,4.94,56.47229435123654,56.47229435123654,0.0,1.94,3.0345,44858.36,9.357798165137613,weak_momentum,BULL_TREND,47.802832620620144,100.0,100.0,40.0,55.93880685376622,63.33333333333333,0.0,38.29587842274615,0.0,3,3,E_ablate_accel_vr1.2,True
3021,003021.SZ,兆威机电,元器件,20251204,106.8,79.53160033774398,72.68197968210839,6.849620655635594,2.7,3.5862,10003.66,10.627615062761508,sideways,BULL_PULLBACK,71.64797036380531,100.0,100.0,40.0,68.49620655635593,53.333333333333336,0.0,83.15273793292634,0.0,1,1,A_recovered_proxy_vr1.5,True
3019,003019.SZ,宸展光电,元器件,20251204,33.56,76.36055377500301,69.51093311936742,6.849620655635594,3.16,6.0146,5980.29,8.10514786418401,sideways,BULL_PULLBACK,82.99622792011891,100.0,59.8029,65.0,68.49620655635593,33.33333333333333,0.0,71.11931105684333,0.0,2,2,A_recovered_proxy_vr1.5,True
3021,003021.SZ,兆威机电,元器件,20251204,106.8,72.68197968210839,72.68197968210839,0.0,2.7,3.5862,10003.66,10.627615062761508,sideways,BULL_PULLBACK,71.64797036380531,100.0,100.0,40.0,68.49620655635593,53.333333333333336,0.0,83.15273793292634,0.0,1,1,B_pure_quant_vr1.5,True
603662,603662.SH,柯力传感,电器仪表,20251204,63.35,72.108789886409,72.108789886409,0.0,3.27,3.462,12555.16,7.097814928875197,sideways,BULL_PULLBACK,85.4645317861679,84.96358214791995,100.0,80.0,56.83628356195479,20.0,0.0,87.40968572180374,0.0,2,2,B_pure_quant_vr1.5,True
3021,003021.SZ,兆威机电,元器件,20251204,106.8,71.67502792859608,71.67502792859608,0.0,2.7,3.5862,10003.66,10.627615062761508,sideways,BULL_PULLBACK,71.64797036380531,100.0,100.0,40.0,61.783194866273874,53.333333333333336,0.0,83.15273793292634,0.0,1,1,A_recovered_proxy_vr1.2,True
603662,603662.SH,柯力传感,电器仪表,20251204,63.35,70.60970875967706,70.60970875967706,0.0,3.27,3.462,12555.16,7.097814928875197,sideways,BULL_PULLBACK,85.4645317861679,84.96358214791995,100.0,80.0,46.842409383741895,20.0,0.0,87.40968572180374,0.0,2,2,A_recovered_proxy_vr1.2,True
3021,003021.SZ,兆威机电,元器件,20251204,106.8,71.67502792859608,71.67502792859608,0.0,2.7,3.5862,10003.66,10.627615062761508,sideways,BULL_PULLBACK,71.64797036380531,100.0,100.0,40.0,61.783194866273874,53.333333333333336,0.0,83.15273793292634,0.0,1,1,D_pure_quant_vr1.2,True
603662,603662.SH,柯力传感,电器仪表,20251204,63.35,70.60970875967706,70.60970875967706,0.0,3.27,3.462,12555.16,7.097814928875197,sideways,BULL_PULLBACK,85.4645317861679,84.96358214791995,100.0,80.0,46.842409383741895,20.0,0.0,87.40968572180374,0.0,2,2,D_pure_quant_vr1.2,True
603662,603662.SH,柯力传感,电器仪表,20251204,63.35,63.58334735211577,63.58334735211577,0.0,3.27,3.462,12555.16,7.097814928875197,sideways,BULL_PULLBACK,85.4645317861679,84.96358214791995,100.0,80.0,46.842409383741895,20.0,0.0,87.40968572180374,0.0,1,1,E_ablate_sector_vr1.2,True
3021,003021.SZ,兆威机电,元器件,20251204,106.8,62.407548698655,62.407548698655,0.0,2.7,3.5862,10003.66,10.627615062761508,sideways,BULL_PULLBACK,71.64797036380531,100.0,100.0,40.0,61.783194866273874,53.333333333333336,0.0,83.15273793292634,0.0,2,2,E_ablate_sector_vr1.2,True
3019,003019.SZ,宸展光电,元器件,20251204,33.56,61.76386009578908,61.76386009578908,0.0,3.16,6.0146,5980.29,8.10514786418401,sideways,BULL_PULLBACK,82.99622792011891,100.0,59.8029,65.0,64.69137306583367,33.33333333333333,0.0,71.11931105684333,0.0,1,1,E_ablate_inflow_vr1.2,True
301368,301368.SZ,丰立智能,机械基件,20251204,58.4,61.52254635146006,61.52254635146006,0.0,3.29,9.5828,4213.39,9.358994257333553,sideways,BULL_PULLBACK,85.90437919802584,100.0,42.1339,100.0,40.68493687023447,0.0,0.0,87.67368664466001,0.0,2,2,E_ablate_inflow_vr1.2,True
3021,003021.SZ,兆威机电,元器件,20251204,106.8,61.69669937664492,61.69669937664492,0.0,2.7,3.5862,10003.66,10.627615062761508,sideways,BULL_PULLBACK,71.64797036380531,100.0,100.0,40.0,61.783194866273874,53.333333333333336,0.0,83.15273793292634,0.0,1,1,E_ablate_wyckoff_vr1.2,True
603662,603662.SH,柯力传感,电器仪表,20251204,63.35,60.12054647306061,60.12054647306061,0.0,3.27,3.462,12555.16,7.097814928875197,sideways,BULL_PULLBACK,85.4645317861679,84.96358214791995,100.0,80.0,46.842409383741895,20.0,0.0,87.40968572180374,0.0,2,2,E_ablate_wyckoff_vr1.2,True
3021,003021.SZ,兆威机电,元器件,20251204,106.8,71.67502792859608,71.67502792859608,0.0,2.7,3.5862,10003.66,10.627615062761508,sideways,BULL_PULLBACK,71.64797036380531,100.0,100.0,40.0,61.783194866273874,53.333333333333336,0.0,83.15273793292634,0.0,1,1,E_ablate_accel_vr1.2,True
603662,603662.SH,柯力传感,电器仪表,20251204,63.35,70.60970875967706,70.60970875967706,0.0,3.27,3.462,12555.16,7.097814928875197,sideways,BULL_PULLBACK,85.4645317861679,84.96358214791995,100.0,80.0,46.842409383741895,20.0,0.0,87.40968572180374,0.0,2,2,E_ablate_accel_vr1.2,True
600095,600095.SH,湘财股份,证券,20251205,11.7,71.62304311427587,71.62304311427587,0.0,3.39,3.1194,10480.56,10.000000000000004,weak_momentum,BULL_PULLBACK,88.06426366808097,100.0,100.0,65.0,45.443438514201695,76.66666666666667,0.0,96.75702969066757,0.0,1,1,A_recovered_proxy_vr1.5,True
600918,600918.SH,中泰证券,证券,20251205,6.79,69.51536848772164,69.51536848772164,0.0,4.34,3.1228,18030.68,3.960396039603964,weak_momentum,BULL_PULLBACK,100.0,100.0,100.0,65.0,45.443438514201695,33.33333333333333,0.0,85.21457362616484,0.0,2,2,A_recovered_proxy_vr1.5,True
600095,600095.SH,湘财股份,证券,20251205,11.7,71.62304311427587,71.62304311427587,0.0,3.39,3.1194,10480.56,10.000000000000004,weak_momentum,BULL_PULLBACK,88.06426366808097,100.0,100.0,65.0,45.443438514201695,76.66666666666667,0.0,96.75702969066757,0.0,1,1,B_pure_quant_vr1.5,True
600918,600918.SH,中泰证券,证券,20251205,6.79,69.51536848772164,69.51536848772164,0.0,4.34,3.1228,18030.68,3.960396039603964,weak_momentum,BULL_PULLBACK,100.0,100.0,100.0,65.0,45.443438514201695,33.33333333333333,0.0,85.21457362616484,0.0,2,2,B_pure_quant_vr1.5,True
600095,600095.SH,湘财股份,证券,20251205,11.7,71.20121507624799,71.20121507624799,0.0,3.39,3.1194,10480.56,10.000000000000004,weak_momentum,BULL_PULLBACK,88.06426366808097,100.0,100.0,65.0,42.63125159401585,76.66666666666667,0.0,96.75702969066757,0.0,1,1,A_recovered_proxy_vr1.2,True
600918,600918.SH,中泰证券,证券,20251205,6.79,69.09354044969376,69.09354044969376,0.0,4.34,3.1228,18030.68,3.960396039603964,weak_momentum,BULL_PULLBACK,100.0,100.0,100.0,65.0,42.63125159401585,33.33333333333333,0.0,85.21457362616484,0.0,2,2,A_recovered_proxy_vr1.2,True
600095,600095.SH,湘财股份,证券,20251205,11.7,71.20121507624799,71.20121507624799,0.0,3.39,3.1194,10480.56,10.000000000000004,weak_momentum,BULL_PULLBACK,88.06426366808097,100.0,100.0,65.0,42.63125159401585,76.66666666666667,0.0,96.75702969066757,0.0,1,1,D_pure_quant_vr1.2,True
600918,600918.SH,中泰证券,证券,20251205,6.79,69.09354044969376,69.09354044969376,0.0,4.34,3.1228,18030.68,3.960396039603964,weak_momentum,BULL_PULLBACK,100.0,100.0,100.0,65.0,42.63125159401585,33.33333333333333,0.0,85.21457362616484,0.0,2,2,D_pure_quant_vr1.2,True
600095,600095.SH,湘财股份,证券,20251205,11.7,64.80652733714561,64.80652733714561,0.0,3.39,3.1194,10480.56,10.000000000000004,weak_momentum,BULL_PULLBACK,88.06426366808097,100.0,100.0,65.0,42.63125159401585,76.66666666666667,0.0,96.75702969066757,0.0,1,1,E_ablate_sector_vr1.2,True
600918,600918.SH,中泰证券,证券,20251205,6.79,62.69885271059139,62.69885271059139,0.0,4.34,3.1228,18030.68,3.960396039603964,weak_momentum,BULL_PULLBACK,100.0,100.0,100.0,65.0,42.63125159401585,33.33333333333333,0.0,85.21457362616484,0.0,2,2,E_ablate_sector_vr1.2,True
600095,600095.SH,湘财股份,证券,20251205,11.7,71.20121507624799,71.20121507624799,0.0,3.39,3.1194,10480.56,10.000000000000004,weak_momentum,BULL_PULLBACK,88.06426366808097,100.0,100.0,65.0,42.63125159401585,76.66666666666667,0.0,96.75702969066757,0.0,1,1,E_ablate_accel_vr1.2,True
600918,600918.SH,中泰证券,证券,20251205,6.79,69.09354044969376,69.09354044969376,0.0,4.34,3.1228,18030.68,3.960396039603964,weak_momentum,BULL_PULLBACK,100.0,100.0,100.0,65.0,42.63125159401585,33.33333333333333,0.0,85.21457362616484,0.0,2,2,E_ablate_accel_vr1.2,True
603015,603015.SH,弘讯科技,电气设备,20251208,12.68,70.38089654211569,62.40721622833942,7.973680313776277,4.1,6.9044,3550.77,3.132161955691368,weak_momentum,BULL_PULLBACK,100.0,100.0,35.5077,80.0,79.73680313776276,66.66666666666666,0.0,64.81317616227781,0.0,1,1,A_recovered_proxy_vr1.5,True
2156,002156.SZ,通富微电,半导体,20251208,37.63,69.01713886808795,61.76086859871324,7.25627026937471,1.63,3.708,20199.27,7.679097154072608,weak_momentum,BULL_PULLBACK,35.24359822281764,100.0,100.0,80.0,72.5627026937471,43.333333333333336,0.0,62.82171196374572,0.0,2,2,A_recovered_proxy_vr1.5,True
600495,600495.SH,晋西车轴,运输设备,20251208,5.15,67.28082773308473,67.28082773308473,0.0,4.61,3.6352,5414.43,4.096834264432025,weak_momentum,BULL_PULLBACK,100.0,100.0,54.1443,80.0,72.2991467623296,53.333333333333336,0.0,86.82210034712416,0.0,1,1,B_pure_quant_vr1.5,True
603015,603015.SH,弘讯科技,电气设备,20251208,12.68,62.40721622833942,62.40721622833942,0.0,4.1,6.9044,3550.77,3.132161955691368,weak_momentum,BULL_PULLBACK,100.0,100.0,35.5077,80.0,79.73680313776276,66.66666666666666,0.0,64.81317616227781,0.0,2,2,B_pure_quant_vr1.5,True
603015,603015.SH,弘讯科技,电气设备,20251208,12.68,70.97377797330353,62.76294508705212,8.21083288625141,4.1,6.9044,3550.77,3.132161955691368,weak_momentum,BULL_PULLBACK,100.0,100.0,35.5077,80.0,82.1083288625141,66.66666666666666,0.0,64.81317616227781,0.0,1,1,A_recovered_proxy_vr1.2,True
2882,002882.SZ,金龙羽,电气设备,20251208,31.59,67.46813770122907,59.25730481497765,8.21083288625141,1.55,4.8191,11941.28,3.689024390243895,weak_momentum,BULL_PULLBACK,31.613410774975648,100.0,100.0,65.0,82.1083288625141,30.0,0.0,49.66029246236128,0.0,2,2,A_recovered_proxy_vr1.2,True
600495,600495.SH,晋西车轴,运输设备,20251208,5.15,64.48135137326905,64.48135137326905,0.0,4.61,3.6352,5414.43,4.096834264432025,weak_momentum,BULL_PULLBACK,100.0,100.0,54.1443,80.0,53.635971030225015,53.333333333333336,0.0,86.82210034712416,0.0,1,1,D_pure_quant_vr1.2,True
603015,603015.SH,弘讯科技,电气设备,20251208,12.68,62.76294508705212,62.76294508705212,0.0,4.1,6.9044,3550.77,3.132161955691368,weak_momentum,BULL_PULLBACK,100.0,100.0,35.5077,80.0,82.1083288625141,66.66666666666666,0.0,64.81317616227781,0.0,2,2,D_pure_quant_vr1.2,True
600495,600495.SH,晋西车轴,运输设备,20251208,5.15,64.48135137326905,64.48135137326905,0.0,4.61,3.6352,5414.43,4.096834264432025,weak_momentum,BULL_PULLBACK,100.0,100.0,54.1443,80.0,53.635971030225015,53.333333333333336,0.0,86.82210034712416,0.0,1,1,E_ablate_accel_vr1.2,True
603015,603015.SH,弘讯科技,电气设备,20251208,12.68,62.76294508705212,62.76294508705212,0.0,4.1,6.9044,3550.77,3.132161955691368,weak_momentum,BULL_PULLBACK,100.0,100.0,35.5077,80.0,82.1083288625141,66.66666666666666,0.0,64.81317616227781,0.0,2,2,E_ablate_accel_vr1.2,True
2506,002506.SZ,协鑫集成,电气设备,20251209,2.86,75.62030663251048,75.62030663251048,0.0,4.33,11.895,12227.98,15.133531157270037,sideways,BULL_PULLBACK,100.0,98.66468842729964,100.0,100.0,40.14049213895771,53.333333333333336,0.0,73.55278909161862,0.0,1,1,A_recovered_proxy_vr1.5,True
600654,600654.SH,中安科,仓储物流,20251209,4.0,62.02219690578033,62.02219690578033,0.0,2.28,7.966,9294.19,13.793103448275856,sideways,BULL_PULLBACK,59.451691219500844,100.0,92.9419,100.0,41.450307077838005,43.333333333333336,0.0,39.21320090956483,0.0,2,2,A_recovered_proxy_vr1.5,True
2506,002506.SZ,协鑫集成,电气设备,20251209,2.86,75.62030663251048,75.62030663251048,0.0,4.33,11.895,12227.98,15.133531157270037,sideways,BULL_PULLBACK,100.0,98.66468842729964,100.0,100.0,40.14049213895771,53.333333333333336,0.0,73.55278909161862,0.0,1,1,B_pure_quant_vr1.5,True
600654,600654.SH,中安科,仓储物流,20251209,4.0,62.02219690578033,62.02219690578033,0.0,2.28,7.966,9294.19,13.793103448275856,sideways,BULL_PULLBACK,59.451691219500844,100.0,92.9419,100.0,41.450307077838005,43.333333333333336,0.0,39.21320090956483,0.0,2,2,B_pure_quant_vr1.5,True
2506,002506.SZ,协鑫集成,电气设备,20251209,2.86,74.94829041091754,74.94829041091754,0.0,4.33,11.895,12227.98,15.133531157270037,sideways,BULL_PULLBACK,100.0,98.66468842729964,100.0,100.0,35.660383995004764,53.333333333333336,0.0,73.55278909161862,0.0,1,1,A_recovered_proxy_vr1.2,True
600654,600654.SH,中安科,仓储物流,20251209,4.0,61.98410468179775,61.98410468179775,0.0,2.28,7.966,9294.19,13.793103448275856,sideways,BULL_PULLBACK,59.451691219500844,100.0,92.9419,100.0,41.19635891795414,43.333333333333336,0.0,39.21320090956483,0.0,2,2,A_recovered_proxy_vr1.2,True
2506,002506.SZ,协鑫集成,电气设备,20251209,2.86,74.94829041091754,74.94829041091754,0.0,4.33,11.895,12227.98,15.133531157270037,sideways,BULL_PULLBACK,100.0,98.66468842729964,100.0,100.0,35.660383995004764,53.333333333333336,0.0,73.55278909161862,0.0,1,1,D_pure_quant_vr1.2,True
600654,600654.SH,中安科,仓储物流,20251209,4.0,61.98410468179775,61.98410468179775,0.0,2.28,7.966,9294.19,13.793103448275856,sideways,BULL_PULLBACK,59.451691219500844,100.0,92.9419,100.0,41.19635891795414,43.333333333333336,0.0,39.21320090956483,0.0,2,2,D_pure_quant_vr1.2,True
2506,002506.SZ,协鑫集成,电气设备,20251209,2.86,69.59923281166682,69.59923281166682,0.0,4.33,11.895,12227.98,15.133531157270037,sideways,BULL_PULLBACK,100.0,98.66468842729964,100.0,100.0,35.660383995004764,53.333333333333336,0.0,73.55278909161862,0.0,1,1,E_ablate_sector_vr1.2,True
2506,002506.SZ,协鑫集成,电气设备,20251209,2.86,62.31360592720889,62.31360592720889,0.0,4.33,11.895,12227.98,15.133531157270037,sideways,BULL_PULLBACK,100.0,98.66468842729964,100.0,100.0,31.42915410361381,53.333333333333336,0.0,73.55278909161862,0.0,1,1,E_ablate_inflow_vr1.2,True
2506,002506.SZ,协鑫集成,电气设备,20251209,2.86,66.1219557199233,66.1219557199233,0.0,4.33,11.895,12227.98,15.133531157270037,sideways,BULL_PULLBACK,100.0,98.66468842729964,100.0,100.0,35.660383995004764,53.333333333333336,0.0,73.55278909161862,0.0,1,1,E_ablate_wyckoff_vr1.2,True
2506,002506.SZ,协鑫集成,电气设备,20251209,2.86,74.94829041091754,74.94829041091754,0.0,4.33,11.895,12227.98,15.133531157270037,sideways,BULL_PULLBACK,100.0,98.66468842729964,100.0,100.0,35.660383995004764,53.333333333333336,0.0,73.55278909161862,0.0,1,1,E_ablate_accel_vr1.2,True
600654,600654.SH,中安科,仓储物流,20251209,4.0,61.98410468179775,61.98410468179775,0.0,2.28,7.966,9294.19,13.793103448275856,sideways,BULL_PULLBACK,59.451691219500844,100.0,92.9419,100.0,41.19635891795414,43.333333333333336,0.0,39.21320090956483,0.0,2,2,E_ablate_accel_vr1.2,True
603300,603300.SH,海南华铁,多元金融,20251210,7.56,76.2658704210725,69.93363702090801,6.332233400164501,2.78,8.7907,26139.2,6.086956521739144,weak_momentum,BULL_PULLBACK,73.75424414743912,100.0,100.0,60.0,63.32233400164501,66.66666666666666,0.0,86.92544643474702,0.0,1,1,A_recovered_proxy_vr1.5,True
2739,002739.SZ,儒意电影,影视音像,20251210,11.49,60.32400659778649,60.32400659778649,0.0,2.26,3.4947,12916.84,2.544529262086505,weak_momentum,BULL_PULLBACK,58.81613863202314,86.33587786259515,100.0,80.0,42.59104647419567,53.333333333333336,0.0,67.23971214450393,0.0,2,2,A_recovered_proxy_vr1.5,True
603300,603300.SH,海南华铁,多元金融,20251210,7.56,69.93363702090801,69.93363702090801,0.0,2.78,8.7907,26139.2,6.086956521739144,weak_momentum,BULL_PULLBACK,73.75424414743912,100.0,100.0,60.0,63.32233400164501,66.66666666666666,0.0,86.92544643474702,0.0,1,1,B_pure_quant_vr1.5,True
2739,002739.SZ,儒意电影,影视音像,20251210,11.49,60.32400659778649,60.32400659778649,0.0,2.26,3.4947,12916.84,2.544529262086505,weak_momentum,BULL_PULLBACK,58.81613863202314,86.33587786259515,100.0,80.0,42.59104647419567,53.333333333333336,0.0,67.23971214450393,0.0,2,2,B_pure_quant_vr1.5,True
603300,603300.SH,海南华铁,多元金融,20251210,7.56,76.11494767964396,69.84308337605087,6.271864303593084,2.78,8.7907,26139.2,6.086956521739144,weak_momentum,BULL_PULLBACK,73.75424414743912,100.0,100.0,60.0,62.71864303593083,66.66666666666666,0.0,86.92544643474702,0.0,1,1,A_recovered_proxy_vr1.2,True
603300,603300.SH,海南华铁,多元金融,20251210,7.56,69.84308337605087,69.84308337605087,0.0,2.78,8.7907,26139.2,6.086956521739144,weak_momentum,BULL_PULLBACK,73.75424414743912,100.0,100.0,60.0,62.71864303593083,66.66666666666666,0.0,86.92544643474702,0.0,1,1,D_pure_quant_vr1.2,True
603300,603300.SH,海南华铁,多元金融,20251210,7.56,60.435286920661255,60.435286920661255,0.0,2.78,8.7907,26139.2,6.086956521739144,weak_momentum,BULL_PULLBACK,73.75424414743912,100.0,100.0,60.0,62.71864303593083,66.66666666666666,0.0,86.92544643474702,0.0,1,1,E_ablate_sector_vr1.2,True
603300,603300.SH,海南华铁,多元金融,20251210,7.56,69.84308337605087,69.84308337605087,0.0,2.78,8.7907,26139.2,6.086956521739144,weak_momentum,BULL_PULLBACK,73.75424414743912,100.0,100.0,60.0,62.71864303593083,66.66666666666666,0.0,86.92544643474702,0.0,1,1,E_ablate_accel_vr1.2,True
2366,002366.SZ,融发核电,专用机械,20251211,7.4,76.3505971112962,69.67241202499787,6.678185086298322,2.6,9.312,23521.0,7.268170426065164,sideways,BULL_PULLBACK,68.92558116268648,87.80284043441941,100.0,60.0,66.78185086298322,20.0,0.0,86.45734703489236,0.0,1,1,A_recovered_proxy_vr1.5,True
600468,600468.SH,百利电气,电气设备,20251211,6.39,70.56518885582071,63.39111611851152,7.174072737309188,2.04,4.7335,5744.67,10.504201680672267,sideways,BULL_PULLBACK,51.42845760983854,100.0,57.4467,65.0,71.74072737309187,0.0,0.0,81.85118615319385,0.0,2,2,A_recovered_proxy_vr1.5,True
2366,002366.SZ,融发核电,专用机械,20251211,7.4,69.67241202499787,69.67241202499787,0.0,2.6,9.312,23521.0,7.268170426065164,sideways,BULL_PULLBACK,68.92558116268648,87.80284043441941,100.0,60.0,66.78185086298322,20.0,0.0,86.45734703489236,0.0,1,1,B_pure_quant_vr1.5,True
420,000420.SZ,吉林化纤,化纤,20251211,3.98,64.69106432650028,64.69106432650028,0.0,4.21,4.8669,3178.69,6.7915690866510445,sideways,BULL_PULLBACK,100.0,79.85948477751741,31.7869,80.0,40.78537085596766,33.33333333333333,0.0,94.35897816987192,0.0,2,2,B_pure_quant_vr1.5,True
2366,002366.SZ,融发核电,专用机械,20251211,7.4,68.37487095292406,68.37487095292406,0.0,2.6,9.312,23521.0,7.268170426065164,sideways,BULL_PULLBACK,68.92558116268648,87.80284043441941,100.0,80.0,52.79824371582453,20.0,0.0,86.45734703489236,0.0,1,1,A_recovered_proxy_vr1.2,True
2124,002124.SZ,天邦食品,农业综合,20251211,2.89,68.03013836134633,62.57241286786853,5.45772549347781,6.67,10.1286,12120.81,2.0338983050847474,sideways,BULL_PULLBACK,100.0,20.338983050847474,100.0,60.0,54.5772549347781,96.66666666666669,0.0,96.482625192767,0.0,2,2,A_recovered_proxy_vr1.2,True
2366,002366.SZ,融发核电,专用机械,20251211,7.4,68.37487095292406,68.37487095292406,0.0,2.6,9.312,23521.0,7.268170426065164,sideways,BULL_PULLBACK,68.92558116268648,87.80284043441941,100.0,80.0,52.79824371582453,20.0,0.0,86.45734703489236,0.0,1,1,D_pure_quant_vr1.2,True
420,000420.SZ,吉林化纤,化纤,20251211,3.98,64.55860765149055,64.55860765149055,0.0,4.21,4.8669,3178.69,6.7915690866510445,sideways,BULL_PULLBACK,100.0,79.85948477751741,31.7869,80.0,39.90232635590281,33.33333333333333,0.0,94.35897816987192,0.0,2,2,D_pure_quant_vr1.2,True
2366,002366.SZ,融发核电,专用机械,20251211,7.4,60.45513439555038,60.45513439555038,0.0,2.6,9.312,23521.0,7.268170426065164,sideways,BULL_PULLBACK,68.92558116268648,87.80284043441941,100.0,80.0,52.79824371582453,20.0,0.0,86.45734703489236,0.0,1,1,E_ablate_sector_vr1.2,True
420,000420.SZ,吉林化纤,化纤,20251211,3.98,60.74767688181832,60.74767688181832,0.0,4.21,4.8669,3178.69,6.7915690866510445,sideways,BULL_PULLBACK,100.0,79.85948477751741,31.7869,80.0,39.92564122475463,33.33333333333333,0.0,94.35897816987192,0.0,1,1,E_ablate_inflow_vr1.2,True
2366,002366.SZ,融发核电,专用机械,20251211,7.4,68.37487095292406,68.37487095292406,0.0,2.6,9.312,23521.0,7.268170426065164,sideways,BULL_PULLBACK,68.92558116268648,87.80284043441941,100.0,80.0,52.79824371582453,20.0,0.0,86.45734703489236,0.0,1,1,E_ablate_accel_vr1.2,True
420,000420.SZ,吉林化纤,化纤,20251211,3.98,64.55860765149055,64.55860765149055,0.0,4.21,4.8669,3178.69,6.7915690866510445,sideways,BULL_PULLBACK,100.0,79.85948477751741,31.7869,80.0,39.90232635590281,33.33333333333333,0.0,94.35897816987192,0.0,2,2,E_ablate_accel_vr1.2,True
2617,002617.SZ,露笑科技,电气设备,20251212,8.14,79.40530044487157,70.43434147000808,8.970958974863496,2.1,4.787,24371.47,9.253065774804906,sideways,BULL_PULLBACK,53.5194663945699,100.0,100.0,65.0,89.70958974863495,63.33333333333333,0.0,61.14128111867328,0.0,1,1,A_recovered_proxy_vr1.5,True
600644,600644.SH,乐山电力,水力发电,20251212,10.5,77.29978110409886,77.29978110409886,0.0,4.16,6.2518,9100.94,8.376963350785347,sideways,BULL_PULLBACK,100.0,100.0,91.0094,100.0,41.4848975589457,53.333333333333336,0.0,92.41043169658614,0.0,2,2,A_recovered_proxy_vr1.5,True
600644,600644.SH,乐山电力,水力发电,20251212,10.5,77.29978110409886,77.29978110409886,0.0,4.16,6.2518,9100.94,8.376963350785347,sideways,BULL_PULLBACK,100.0,100.0,91.0094,100.0,41.4848975589457,53.333333333333336,0.0,92.41043169658614,0.0,1,1,B_pure_quant_vr1.5,True
600744,600744.SH,华银电力,火力发电,20251212,6.28,72.19419153640789,72.19419153640789,0.0,3.99,4.4029,15152.83,5.705705705705704,sideways,BULL_PULLBACK,99.81943732238103,61.76176176176173,100.0,80.0,53.57396615891293,100.0,0.0,95.08527345049612,0.0,2,2,B_pure_quant_vr1.5,True
2617,002617.SZ,露笑科技,电气设备,20251212,8.14,79.46352238151381,70.46927463199343,8.994247749520389,2.1,4.787,24371.47,9.253065774804906,sideways,BULL_PULLBACK,53.5194663945699,100.0,100.0,65.0,89.94247749520389,63.33333333333333,0.0,61.14128111867328,0.0,1,1,A_recovered_proxy_vr1.2,True
600644,600644.SH,乐山电力,水力发电,20251212,10.5,77.19897139061794,77.19897139061794,0.0,4.16,6.2518,9100.94,8.376963350785347,sideways,BULL_PULLBACK,100.0,100.0,91.0094,100.0,40.81283280240625,53.333333333333336,0.0,92.41043169658614,0.0,2,2,A_recovered_proxy_vr1.2,True
600644,600644.SH,乐山电力,水力发电,20251212,10.5,77.19897139061794,77.19897139061794,0.0,4.16,6.2518,9100.94,8.376963350785347,sideways,BULL_PULLBACK,100.0,100.0,91.0094,100.0,40.81283280240625,53.333333333333336,0.0,92.41043169658614,0.0,1,1,D_pure_quant_vr1.2,True
600744,600744.SH,华银电力,火力发电,20251212,6.28,72.02634596762871,72.02634596762871,0.0,3.99,4.4029,15152.83,5.705705705705704,sideways,BULL_PULLBACK,99.81943732238103,61.76176176176173,100.0,80.0,52.45499570038516,100.0,0.0,95.08527345049612,0.0,2,2,D_pure_quant_vr1.2,True
600644,600644.SH,乐山电力,水力发电,20251212,10.5,71.077046470257,71.077046470257,0.0,4.16,6.2518,9100.94,8.376963350785347,sideways,BULL_PULLBACK,100.0,100.0,91.0094,100.0,40.81283280240625,53.333333333333336,0.0,92.41043169658614,0.0,1,1,E_ablate_sector_vr1.2,True
600744,600744.SH,华银电力,火力发电,20251212,6.28,64.15809661257094,64.15809661257094,0.0,3.99,4.4029,15152.83,5.705705705705704,sideways,BULL_PULLBACK,99.81943732238103,61.76176176176173,100.0,80.0,52.45499570038516,100.0,0.0,95.08527345049612,0.0,2,2,E_ablate_sector_vr1.2,True
600644,600644.SH,乐山电力,水力发电,20251212,10.5,66.45484199935441,66.45484199935441,0.0,4.16,6.2518,9100.94,8.376963350785347,sideways,BULL_PULLBACK,100.0,100.0,91.0094,100.0,41.992823527316034,53.333333333333336,0.0,92.41043169658614,0.0,1,1,E_ablate_inflow_vr1.2,True
2180,002180.SZ,奔图科技,IT设备,20251212,18.62,60.86622693095297,60.86622693095297,0.0,3.67,3.538,2027.59,11.711711711711706,sideways,BULL_PULLBACK,93.7890031534244,100.0,20.2759,40.0,34.98328517500614,66.66666666666666,0.0,83.76516773012789,0.0,2,2,E_ablate_inflow_vr1.2,True
600644,600644.SH,乐山电力,水力发电,20251212,10.5,66.1097195870276,66.1097195870276,0.0,4.16,6.2518,9100.94,8.376963350785347,sideways,BULL_PULLBACK,100.0,100.0,91.0094,100.0,40.81283280240625,53.333333333333336,0.0,92.41043169658614,0.0,1,1,E_ablate_wyckoff_vr1.2,True
2617,002617.SZ,露笑科技,电气设备,20251212,8.14,63.13232089775263,63.13232089775263,0.0,2.1,4.787,24371.47,9.253065774804906,sideways,BULL_PULLBACK,53.5194663945699,100.0,100.0,65.0,89.94247749520389,63.33333333333333,0.0,61.14128111867328,0.0,2,2,E_ablate_wyckoff_vr1.2,True
600644,600644.SH,乐山电力,水力发电,20251212,10.5,77.19897139061794,77.19897139061794,0.0,4.16,6.2518,9100.94,8.376963350785347,sideways,BULL_PULLBACK,100.0,100.0,91.0094,100.0,40.81283280240625,53.333333333333336,0.0,92.41043169658614,0.0,1,1,E_ablate_accel_vr1.2,True
600744,600744.SH,华银电力,火力发电,20251212,6.28,72.02634596762871,72.02634596762871,0.0,3.99,4.4029,15152.83,5.705705705705704,sideways,BULL_PULLBACK,99.81943732238103,61.76176176176173,100.0,80.0,52.45499570038516,100.0,0.0,95.08527345049612,0.0,2,2,E_ablate_accel_vr1.2,True
600331,600331.SH,宏达股份,农药化肥,20251215,11.07,67.95298442140411,67.95298442140411,0.0,2.09,4.8202,26954.17,9.262295081967206,sideways,BULL_PULLBACK,53.17514711530789,100.0,100.0,80.0,59.52381857805615,53.333333333333336,0.0,75.49343835551069,0.0,1,1,A_recovered_proxy_vr1.5,True
600212,600212.SH,绿能慧充,电气设备,20251215,8.61,62.777969735224325,55.04130162082302,7.736668114401304,2.3,5.505,6615.16,4.120267260579076,sideways,BULL_PULLBACK,60.08169305848252,41.20267260579076,66.1516,65.0,77.36668114401304,33.33333333333333,0.0,82.90733613678564,0.0,2,2,A_recovered_proxy_vr1.5,True
600331,600331.SH,宏达股份,农药化肥,20251215,11.07,67.95298442140411,67.95298442140411,0.0,2.09,4.8202,26954.17,9.262295081967206,sideways,BULL_PULLBACK,53.17514711530789,100.0,100.0,80.0,59.52381857805615,53.333333333333336,0.0,75.49343835551069,0.0,1,1,B_pure_quant_vr1.5,True
600199,600199.SH,金种子酒,白酒,20251215,10.13,61.52751312641732,61.52751312641732,0.0,3.52,3.579,6779.85,5.327102803738304,sideways,BULL_PULLBACK,90.77877144312862,55.45171339563841,67.7985,80.0,43.95258397723471,20.0,0.0,91.90082387752804,0.0,2,2,B_pure_quant_vr1.5,True
600331,600331.SH,宏达股份,农药化肥,20251215,11.07,67.95343991073786,67.95343991073786,0.0,2.09,4.8202,26954.17,9.262295081967206,sideways,BULL_PULLBACK,53.17514711530789,100.0,100.0,80.0,59.52685517361444,53.333333333333336,0.0,75.49343835551069,0.0,1,1,A_recovered_proxy_vr1.2,True
600212,600212.SH,绿能慧充,电气设备,20251215,8.61,62.34314115399759,54.78040447208698,7.562736681910609,2.3,5.505,6615.16,4.120267260579076,sideways,BULL_PULLBACK,60.08169305848252,41.20267260579076,66.1516,65.0,75.62736681910609,33.33333333333333,0.0,82.90733613678564,0.0,2,2,A_recovered_proxy_vr1.2,True
600331,600331.SH,宏达股份,农药化肥,20251215,11.07,67.95343991073786,67.95343991073786,0.0,2.09,4.8202,26954.17,9.262295081967206,sideways,BULL_PULLBACK,53.17514711530789,100.0,100.0,80.0,59.52685517361444,53.333333333333336,0.0,75.49343835551069,0.0,1,1,D_pure_quant_vr1.2,True
600199,600199.SH,金种子酒,白酒,20251215,10.13,61.527956398325536,61.527956398325536,0.0,3.52,3.579,6779.85,5.327102803738304,sideways,BULL_PULLBACK,90.77877144312862,55.45171339563841,67.7985,80.0,43.955539123289526,20.0,0.0,91.90082387752804,0.0,2,2,D_pure_quant_vr1.2,True
600331,600331.SH,宏达股份,农药化肥,20251215,11.07,67.95343991073786,67.95343991073786,0.0,2.09,4.8202,26954.17,9.262295081967206,sideways,BULL_PULLBACK,53.17514711530789,100.0,100.0,80.0,59.52685517361444,53.333333333333336,0.0,75.49343835551069,0.0,1,1,E_ablate_accel_vr1.2,True
600199,600199.SH,金种子酒,白酒,20251215,10.13,61.527956398325536,61.527956398325536,0.0,3.52,3.579,6779.85,5.327102803738304,sideways,BULL_PULLBACK,90.77877144312862,55.45171339563841,67.7985,80.0,43.955539123289526,20.0,0.0,91.90082387752804,0.0,2,2,E_ablate_accel_vr1.2,True
603158,603158.SH,腾龙股份,汽车配件,20251217,10.23,78.12419759085648,70.12854022356491,7.9956573672915745,5.13,7.7962,4401.68,6.060606060606061,sideways,BULL_PULLBACK,100.0,67.6767676767677,44.0168,80.0,79.95657367291574,66.66666666666666,0.0,95.25679958671098,0.0,1,1,A_recovered_proxy_vr1.5,True
2315,002315.SZ,焦点科技,互联网,20251217,43.05,62.9558768216958,55.76449109333401,7.191385728361785,1.65,3.4055,4176.51,13.170633319887054,sideways,BULL_PULLBACK,36.12330122355455,100.0,41.7651,80.0,71.91385728361784,66.66666666666666,0.0,45.70950748563335,0.0,2,2,A_recovered_proxy_vr1.5,True
603158,603158.SH,腾龙股份,汽车配件,20251217,10.23,70.12854022356491,70.12854022356491,0.0,5.13,7.7962,4401.68,6.060606060606061,sideways,BULL_PULLBACK,100.0,67.6767676767677,44.0168,80.0,79.95657367291574,66.66666666666666,0.0,95.25679958671098,0.0,1,1,B_pure_quant_vr1.5,True
155,000155.SZ,川能动力,新型电力,20251217,11.82,60.90796682644506,60.90796682644506,0.0,2.02,3.0624,12255.86,18.14404432132964,sideways,BULL_PULLBACK,50.7177646488535,68.55955678670362,100.0,80.0,60.95826293195647,53.333333333333336,0.0,77.13791670135298,0.0,2,2,B_pure_quant_vr1.5,True
2460,002460.SZ,赣锋锂业,小金属,20251217,62.99,68.40624863432888,59.35762936883104,9.048619265497834,1.41,6.2346,96141.3,17.325108281926756,sideways,BULL_PULLBACK,24.78475813120344,76.74891718073243,100.0,65.0,90.48619265497834,30.0,0.0,68.72743251631991,0.0,1,1,A_recovered_proxy_vr1.2,True
603158,603158.SH,腾龙股份,汽车配件,20251217,10.23,65.11424520782995,65.11424520782995,0.0,5.13,7.7962,4401.68,6.060606060606061,sideways,BULL_PULLBACK,100.0,67.6767676767677,44.0168,80.0,46.52794023468273,66.66666666666666,0.0,95.25679958671098,0.0,2,2,A_recovered_proxy_vr1.2,True
603158,603158.SH,腾龙股份,汽车配件,20251217,10.23,65.11424520782995,65.11424520782995,0.0,5.13,7.7962,4401.68,6.060606060606061,sideways,BULL_PULLBACK,100.0,67.6767676767677,44.0168,80.0,46.52794023468273,66.66666666666666,0.0,95.25679958671098,0.0,1,1,D_pure_quant_vr1.2,True
603158,603158.SH,腾龙股份,汽车配件,20251217,10.23,65.11424520782995,65.11424520782995,0.0,5.13,7.7962,4401.68,6.060606060606061,sideways,BULL_PULLBACK,100.0,67.6767676767677,44.0168,80.0,46.52794023468273,66.66666666666666,0.0,95.25679958671098,0.0,1,1,E_ablate_accel_vr1.2,True
603108,603108.SH,润达医疗,医药商业,20251218,15.65,65.87511611318176,65.87511611318176,0.0,2.93,4.709,9722.51,6.006006006005996,sideways,BULL_PULLBACK,77.54503323237616,66.7667667667666,97.2251,65.0,57.86901241900173,63.33333333333333,0.0,82.60407986544524,0.0,1,1,A_recovered_proxy_vr1.5,True
600567,600567.SH,山鹰国际,造纸,20251218,1.69,64.75378186155712,64.75378186155712,0.0,3.0,3.3307,15493.71,5.586592178770954,sideways,BULL_PULLBACK,79.2481250360578,59.77653631284923,100.0,80.0,55.3407320901582,53.333333333333336,0.0,80.00483237172648,0.0,2,2,A_recovered_proxy_vr1.5,True
603108,603108.SH,润达医疗,医药商业,20251218,15.65,65.87511611318176,65.87511611318176,0.0,2.93,4.709,9722.51,6.006006006005996,sideways,BULL_PULLBACK,77.54503323237616,66.7667667667666,97.2251,65.0,57.86901241900173,63.33333333333333,0.0,82.60407986544524,0.0,1,1,B_pure_quant_vr1.5,True
600567,600567.SH,山鹰国际,造纸,20251218,1.69,64.75378186155712,64.75378186155712,0.0,3.0,3.3307,15493.71,5.586592178770954,sideways,BULL_PULLBACK,79.2481250360578,59.77653631284923,100.0,80.0,55.3407320901582,53.333333333333336,0.0,80.00483237172648,0.0,2,2,B_pure_quant_vr1.5,True
603108,603108.SH,润达医疗,医药商业,20251218,15.65,65.70614650627105,65.70614650627105,0.0,2.93,4.709,9722.51,6.006006006005996,sideways,BULL_PULLBACK,77.54503323237616,66.7667667667666,97.2251,65.0,56.74254837293038,63.33333333333333,0.0,82.60407986544524,0.0,1,1,A_recovered_proxy_vr1.2,True
600567,600567.SH,山鹰国际,造纸,20251218,1.69,62.147684746823344,62.147684746823344,0.0,3.0,3.3307,15493.71,5.586592178770954,sideways,BULL_PULLBACK,79.2481250360578,59.77653631284923,100.0,40.0,48.63341799193305,53.333333333333336,0.0,80.00483237172648,0.0,2,2,A_recovered_proxy_vr1.2,True
603108,603108.SH,润达医疗,医药商业,20251218,15.65,65.70614650627105,65.70614650627105,0.0,2.93,4.709,9722.51,6.006006006005996,sideways,BULL_PULLBACK,77.54503323237616,66.7667667667666,97.2251,65.0,56.74254837293038,63.33333333333333,0.0,82.60407986544524,0.0,1,1,D_pure_quant_vr1.2,True
600567,600567.SH,山鹰国际,造纸,20251218,1.69,62.147684746823344,62.147684746823344,0.0,3.0,3.3307,15493.71,5.586592178770954,sideways,BULL_PULLBACK,79.2481250360578,59.77653631284923,100.0,40.0,48.63341799193305,53.333333333333336,0.0,80.00483237172648,0.0,2,2,D_pure_quant_vr1.2,True
603108,603108.SH,润达医疗,医药商业,20251218,15.65,65.70614650627105,65.70614650627105,0.0,2.93,4.709,9722.51,6.006006006005996,sideways,BULL_PULLBACK,77.54503323237616,66.7667667667666,97.2251,65.0,56.74254837293038,63.33333333333333,0.0,82.60407986544524,0.0,1,1,E_ablate_accel_vr1.2,True
600567,600567.SH,山鹰国际,造纸,20251218,1.69,62.147684746823344,62.147684746823344,0.0,3.0,3.3307,15493.71,5.586592178770954,sideways,BULL_PULLBACK,79.2481250360578,59.77653631284923,100.0,40.0,48.63341799193305,53.333333333333336,0.0,80.00483237172648,0.0,2,2,E_ablate_accel_vr1.2,True
603809,603809.SH,豪能股份,汽车配件,20251219,12.76,71.00109754906396,61.51422362122572,9.48687392783824,1.64,3.9564,10485.07,6.038291605301917,weak_momentum,BULL_PULLBACK,35.68479074216794,100.0,100.0,65.0,94.8687392783824,30.0,0.0,47.87462745428776,0.0,1,1,A_recovered_proxy_vr1.5,True
603197,603197.SH,保隆科技,汽车配件,20251219,36.66,68.42336892660057,58.93649499876233,9.48687392783824,2.7,3.7985,7674.37,0.7311129163281969,weak_momentum,BULL_PULLBACK,71.64797036380531,9.74817221770929,76.7437,65.0,94.8687392783824,63.33333333333333,0.0,83.72450146428258,0.0,2,2,A_recovered_proxy_vr1.5,True
603809,603809.SH,豪能股份,汽车配件,20251219,12.76,61.51422362122572,61.51422362122572,0.0,1.64,3.9564,10485.07,6.038291605301917,weak_momentum,BULL_PULLBACK,35.68479074216794,100.0,100.0,65.0,94.8687392783824,30.0,0.0,47.87462745428776,0.0,1,1,B_pure_quant_vr1.5,True
2038,002038.SZ,双鹭药业,生物制药,20251219,7.87,61.01780010459748,61.01780010459748,0.0,2.8,5.7089,6385.28,5.180722891566272,weak_momentum,BULL_PULLBACK,74.27134135851209,100.0,63.8528,100.0,56.76517179048797,66.66666666666666,0.0,63.56990532609424,0.0,2,2,B_pure_quant_vr1.5,True
2240,002240.SZ,盛新锂能,小金属,20251219,33.3,63.021856345049535,54.64615592954058,8.37570041550895,1.22,9.8956,15748.3,8.011049723756921,weak_momentum,BULL_PULLBACK,14.344057389408077,100.0,100.0,80.0,83.7570041550895,33.33333333333333,0.0,28.428866874661868,0.0,1,1,A_recovered_proxy_vr1.2,True
603809,603809.SH,豪能股份,汽车配件,20251219,12.76,62.117965332643465,56.18434429137342,5.933621041270044,1.64,3.9564,10485.07,6.038291605301917,weak_momentum,BULL_PULLBACK,35.68479074216794,100.0,100.0,65.0,59.33621041270044,30.0,0.0,47.87462745428776,0.0,2,2,A_recovered_proxy_vr1.2,True
977,000977.SZ,浪潮信息,IT设备,20251222,64.39,79.54226980175223,70.71547116398958,8.826798637762645,2.21,5.7352,109859.39,3.895522388059701,weak_momentum,BULL_PULLBACK,57.20231848083535,100.0,100.0,100.0,88.26798637762644,53.333333333333336,0.0,74.85505845702431,0.0,1,1,A_recovered_proxy_vr1.5,True
600839,600839.SH,四川长虹,家用电器,20251222,9.25,73.87828164934758,65.99353604064424,7.88474560870334,2.43,3.6467,21489.57,4.145077720207258,weak_momentum,BULL_PULLBACK,64.04781569155281,100.0,100.0,80.0,78.8474560870334,10.0,0.0,67.06163515904208,0.0,2,2,A_recovered_proxy_vr1.5,True
977,000977.SZ,浪潮信息,IT设备,20251222,64.39,70.71547116398958,70.71547116398958,0.0,2.21,5.7352,109859.39,3.895522388059701,weak_momentum,BULL_PULLBACK,57.20231848083535,100.0,100.0,100.0,88.26798637762644,53.333333333333336,0.0,74.85505845702431,0.0,1,1,B_pure_quant_vr1.5,True
600839,600839.SH,四川长虹,家用电器,20251222,9.25,65.99353604064424,65.99353604064424,0.0,2.43,3.6467,21489.57,4.145077720207258,weak_momentum,BULL_PULLBACK,64.04781569155281,100.0,100.0,80.0,78.8474560870334,10.0,0.0,67.06163515904208,0.0,2,2,B_pure_quant_vr1.5,True
977,000977.SZ,浪潮信息,IT设备,20251222,64.39,75.45780312608673,68.26479115859028,7.193011967496448,2.21,5.7352,109859.39,3.895522388059701,weak_momentum,BULL_PULLBACK,57.20231848083535,100.0,100.0,100.0,71.93011967496447,53.333333333333336,0.0,74.85505845702431,0.0,1,1,A_recovered_proxy_vr1.2,True
600839,600839.SH,四川长虹,家用电器,20251222,9.25,70.53119580066898,63.98528453143709,6.5459112692319,2.43,3.6467,21489.57,4.145077720207258,weak_momentum,BULL_PULLBACK,64.04781569155281,100.0,100.0,80.0,65.459112692319,10.0,0.0,67.06163515904208,0.0,2,2,A_recovered_proxy_vr1.2,True
977,000977.SZ,浪潮信息,IT设备,20251222,64.39,68.26479115859028,68.26479115859028,0.0,2.21,5.7352,109859.39,3.895522388059701,weak_momentum,BULL_PULLBACK,57.20231848083535,100.0,100.0,100.0,71.93011967496447,53.333333333333336,0.0,74.85505845702431,0.0,1,1,D_pure_quant_vr1.2,True
600839,600839.SH,四川长虹,家用电器,20251222,9.25,63.98528453143709,63.98528453143709,0.0,2.43,3.6467,21489.57,4.145077720207258,weak_momentum,BULL_PULLBACK,64.04781569155281,100.0,100.0,80.0,65.459112692319,10.0,0.0,67.06163515904208,0.0,2,2,D_pure_quant_vr1.2,True
977,000977.SZ,浪潮信息,IT设备,20251222,64.39,68.26479115859028,68.26479115859028,0.0,2.21,5.7352,109859.39,3.895522388059701,weak_momentum,BULL_PULLBACK,57.20231848083535,100.0,100.0,100.0,71.93011967496447,53.333333333333336,0.0,74.85505845702431,0.0,1,1,E_ablate_accel_vr1.2,True
600839,600839.SH,四川长虹,家用电器,20251222,9.25,63.98528453143709,63.98528453143709,0.0,2.43,3.6467,21489.57,4.145077720207258,weak_momentum,BULL_PULLBACK,64.04781569155281,100.0,100.0,80.0,65.459112692319,10.0,0.0,67.06163515904208,0.0,2,2,E_ablate_accel_vr1.2,True
600711,600711.SH,盛屯矿业,小金属,20251223,14.66,70.37851677740707,61.63779216642903,8.74072461097804,1.62,5.8316,53123.5,2.005347593582892,momentum,BULL_PULLBACK,34.799690655495006,100.0,100.0,65.0,87.4072461097804,53.333333333333336,0.0,30.19722679482032,0.0,1,1,A_recovered_proxy_vr1.5,True
600711,600711.SH,盛屯矿业,小金属,20251223,14.66,61.63779216642903,61.63779216642903,0.0,1.62,5.8316,53123.5,2.005347593582892,momentum,BULL_PULLBACK,34.799690655495006,100.0,100.0,65.0,87.4072461097804,53.333333333333336,0.0,30.19722679482032,0.0,1,1,B_pure_quant_vr1.5,True
600711,600711.SH,盛屯矿业,小金属,20251223,14.66,68.97148423188857,60.28310380275003,8.68838042913854,1.62,5.8316,53123.5,2.005347593582892,momentum,BULL_PULLBACK,34.799690655495006,100.0,100.0,40.0,86.8838042913854,53.333333333333336,0.0,30.19722679482032,0.0,1,1,A_recovered_proxy_vr1.2,True
2466,002466.SZ,天齐锂业,小金属,20251223,55.78,67.17376240377149,58.48538197463296,8.68838042913854,1.23,5.3019,31237.37,0.9588068181818168,momentum,BULL_PULLBACK,14.93291577822576,100.0,100.0,40.0,86.8838042913854,30.0,0.0,53.68683749622014,0.0,2,2,A_recovered_proxy_vr1.2,True
600711,600711.SH,盛屯矿业,小金属,20251223,14.66,60.28310380275003,60.28310380275003,0.0,1.62,5.8316,53123.5,2.005347593582892,momentum,BULL_PULLBACK,34.799690655495006,100.0,100.0,40.0,86.8838042913854,53.333333333333336,0.0,30.19722679482032,0.0,1,1,D_pure_quant_vr1.2,True
600711,600711.SH,盛屯矿业,小金属,20251223,14.66,60.28310380275003,60.28310380275003,0.0,1.62,5.8316,53123.5,2.005347593582892,momentum,BULL_PULLBACK,34.799690655495006,100.0,100.0,40.0,86.8838042913854,53.333333333333336,0.0,30.19722679482032,0.0,1,1,E_ablate_accel_vr1.2,True
1287,001287.SZ,中电港,元器件,20251224,22.52,77.27941590289021,68.31734352157095,8.962072381319263,2.47,7.3477,12369.72,7.89366053169734,weak_momentum,BULL_PULLBACK,65.22555209049766,100.0,100.0,80.0,89.62072381319263,63.33333333333333,0.0,52.82490312900498,0.0,1,1,A_recovered_proxy_vr1.5,True
600601,600601.SH,方正科技,元器件,20251224,12.47,70.79542789731394,61.83335551599468,8.962072381319263,1.62,6.1562,39431.58,5.098934550989345,weak_momentum,BULL_PULLBACK,34.799690655495006,100.0,100.0,80.0,89.62072381319263,43.333333333333336,0.0,46.69084452683242,0.0,2,2,A_recovered_proxy_vr1.5,True
1287,001287.SZ,中电港,元器件,20251224,22.52,68.31734352157095,68.31734352157095,0.0,2.47,7.3477,12369.72,7.89366053169734,weak_momentum,BULL_PULLBACK,65.22555209049766,100.0,100.0,80.0,89.62072381319263,63.33333333333333,0.0,52.82490312900498,0.0,1,1,B_pure_quant_vr1.5,True
2882,002882.SZ,金龙羽,电气设备,20251224,31.13,67.27339239622837,67.27339239622837,0.0,2.76,4.3636,9425.53,5.091463414634141,weak_momentum,BULL_PULLBACK,73.23341335017221,100.0,94.2553,65.0,54.65330844598415,66.66666666666666,0.0,83.60731195647726,0.0,2,2,B_pure_quant_vr1.5,True
1287,001287.SZ,中电港,元器件,20251224,22.52,75.90546712978593,67.49297425770838,8.412492872077552,2.47,7.3477,12369.72,7.89366053169734,weak_momentum,BULL_PULLBACK,65.22555209049766,100.0,100.0,80.0,84.12492872077551,63.33333333333333,0.0,52.82490312900498,0.0,1,1,A_recovered_proxy_vr1.2,True
600601,600601.SH,方正科技,元器件,20251224,12.47,68.67147912420965,60.2589862521321,8.412492872077552,1.62,6.1562,39431.58,5.098934550989345,weak_momentum,BULL_PULLBACK,34.799690655495006,100.0,100.0,65.0,84.12492872077551,43.333333333333336,0.0,46.69084452683242,0.0,2,2,A_recovered_proxy_vr1.2,True
1287,001287.SZ,中电港,元器件,20251224,22.52,67.49297425770838,67.49297425770838,0.0,2.47,7.3477,12369.72,7.89366053169734,weak_momentum,BULL_PULLBACK,65.22555209049766,100.0,100.0,80.0,84.12492872077551,63.33333333333333,0.0,52.82490312900498,0.0,1,1,D_pure_quant_vr1.2,True
2882,002882.SZ,金龙羽,电气设备,20251224,31.13,66.65175149914786,66.65175149914786,0.0,2.76,4.3636,9425.53,5.091463414634141,weak_momentum,BULL_PULLBACK,73.23341335017221,100.0,94.2553,65.0,50.50903579878072,66.66666666666666,0.0,83.60731195647726,0.0,2,2,D_pure_quant_vr1.2,True
1287,001287.SZ,中电港,元器件,20251224,22.52,67.49297425770838,67.49297425770838,0.0,2.47,7.3477,12369.72,7.89366053169734,weak_momentum,BULL_PULLBACK,65.22555209049766,100.0,100.0,80.0,84.12492872077551,63.33333333333333,0.0,52.82490312900498,0.0,1,1,E_ablate_accel_vr1.2,True
2882,002882.SZ,金龙羽,电气设备,20251224,31.13,66.65175149914786,66.65175149914786,0.0,2.76,4.3636,9425.53,5.091463414634141,weak_momentum,BULL_PULLBACK,73.23341335017221,100.0,94.2553,65.0,50.50903579878072,66.66666666666666,0.0,83.60731195647726,0.0,2,2,E_ablate_accel_vr1.2,True
600399,600399.SH,抚顺特钢,特种钢,20251225,5.81,62.268330946797406,62.268330946797406,0.0,2.72,8.0259,17538.82,3.488372093023256,momentum,BULL_PULLBACK,72.18033257378073,97.06976744186046,100.0,60.0,56.19762802160877,20.0,0.0,64.9477871222249,0.0,1,1,A_recovered_proxy_vr1.5,True
603085,603085.SH,天成自控,汽车配件,20251225,11.34,60.934049725873976,54.491209876009854,6.4428398498641215,2.51,5.9743,4458.54,2.9940119760479016,momentum,BULL_PULLBACK,66.38436820880236,100.0,44.5854,80.0,64.42839849864122,33.33333333333333,0.0,70.64128278294588,0.0,2,2,A_recovered_proxy_vr1.5,True
600399,600399.SH,抚顺特钢,特种钢,20251225,5.81,62.268330946797406,62.268330946797406,0.0,2.72,8.0259,17538.82,3.488372093023256,momentum,BULL_PULLBACK,72.18033257378073,97.06976744186046,100.0,60.0,56.19762802160877,20.0,0.0,64.9477871222249,0.0,1,1,B_pure_quant_vr1.5,True
600399,600399.SH,抚顺特钢,特种钢,20251225,5.81,62.268330946797406,62.268330946797406,0.0,2.72,8.0259,17538.82,3.488372093023256,momentum,BULL_PULLBACK,72.18033257378073,97.06976744186046,100.0,60.0,56.19762802160877,20.0,0.0,64.9477871222249,0.0,1,1,A_recovered_proxy_vr1.2,True
603085,603085.SH,天成自控,汽车配件,20251225,11.34,60.82169951813035,54.416309737514105,6.405389780616247,2.51,5.9743,4458.54,2.9940119760479016,momentum,BULL_PULLBACK,66.38436820880236,100.0,44.5854,80.0,64.05389780616247,33.33333333333333,0.0,70.64128278294588,0.0,2,2,A_recovered_proxy_vr1.2,True
600399,600399.SH,抚顺特钢,特种钢,20251225,5.81,62.268330946797406,62.268330946797406,0.0,2.72,8.0259,17538.82,3.488372093023256,momentum,BULL_PULLBACK,72.18033257378073,97.06976744186046,100.0,60.0,56.19762802160877,20.0,0.0,64.9477871222249,0.0,1,1,D_pure_quant_vr1.2,True
600399,600399.SH,抚顺特钢,特种钢,20251225,5.81,62.268330946797406,62.268330946797406,0.0,2.72,8.0259,17538.82,3.488372093023256,momentum,BULL_PULLBACK,72.18033257378073,97.06976744186046,100.0,60.0,56.19762802160877,20.0,0.0,64.9477871222249,0.0,1,1,E_ablate_accel_vr1.2,True
601696,601696.SH,中银证券,证券,20251226,15.68,74.10387315569021,65.38660126849739,8.717271887192826,2.47,8.307,80100.34,3.6855036855036936,momentum,BULL_PULLBACK,65.22555209049766,95.88697788697785,100.0,60.0,87.17271887192825,10.0,0.0,50.79526891839304,0.0,1,1,A_recovered_proxy_vr1.5,True
601377,601377.SH,兴业证券,证券,20251226,7.65,72.62699404332213,63.909722156129305,8.717271887192826,2.01,4.1379,22023.98,3.409090909090904,momentum,BULL_PULLBACK,50.35977507021019,97.54545454545458,100.0,80.0,87.17271887192825,33.33333333333333,0.0,35.0,0.0,2,2,A_recovered_proxy_vr1.5,True
601696,601696.SH,中银证券,证券,20251226,15.68,65.38660126849739,65.38660126849739,0.0,2.47,8.307,80100.34,3.6855036855036936,momentum,BULL_PULLBACK,65.22555209049766,95.88697788697785,100.0,60.0,87.17271887192825,10.0,0.0,50.79526891839304,0.0,1,1,B_pure_quant_vr1.5,True
601377,601377.SH,兴业证券,证券,20251226,7.65,63.909722156129305,63.909722156129305,0.0,2.01,4.1379,22023.98,3.409090909090904,momentum,BULL_PULLBACK,50.35977507021019,97.54545454545458,100.0,80.0,87.17271887192825,33.33333333333333,0.0,35.0,0.0,2,2,B_pure_quant_vr1.5,True
601696,601696.SH,中银证券,证券,20251226,15.68,73.9153235899042,65.26090155797338,8.654422031930823,2.47,8.307,80100.34,3.6855036855036936,momentum,BULL_PULLBACK,65.22555209049766,95.88697788697785,100.0,60.0,86.54422031930822,10.0,0.0,50.79526891839304,0.0,1,1,A_recovered_proxy_vr1.2,True
601377,601377.SH,兴业证券,证券,20251226,7.65,72.43844447753612,63.784022445605295,8.654422031930823,2.01,4.1379,22023.98,3.409090909090904,momentum,BULL_PULLBACK,50.35977507021019,97.54545454545458,100.0,80.0,86.54422031930822,33.33333333333333,0.0,35.0,0.0,2,2,A_recovered_proxy_vr1.2,True
601696,601696.SH,中银证券,证券,20251226,15.68,65.26090155797338,65.26090155797338,0.0,2.47,8.307,80100.34,3.6855036855036936,momentum,BULL_PULLBACK,65.22555209049766,95.88697788697785,100.0,60.0,86.54422031930822,10.0,0.0,50.79526891839304,0.0,1,1,D_pure_quant_vr1.2,True
601377,601377.SH,兴业证券,证券,20251226,7.65,63.784022445605295,63.784022445605295,0.0,2.01,4.1379,22023.98,3.409090909090904,momentum,BULL_PULLBACK,50.35977507021019,97.54545454545458,100.0,80.0,86.54422031930822,33.33333333333333,0.0,35.0,0.0,2,2,D_pure_quant_vr1.2,True
601377,601377.SH,兴业证券,证券,20251226,7.65,60.284022445605295,60.284022445605295,0.0,2.01,4.1379,22023.98,3.409090909090904,momentum,BULL_PULLBACK,50.35977507021019,97.54545454545458,100.0,80.0,86.54422031930822,33.33333333333333,0.0,35.0,0.0,1,1,E_ablate_wyckoff_vr1.2,True
601696,601696.SH,中银证券,证券,20251226,15.68,60.18137466613408,60.18137466613408,0.0,2.47,8.307,80100.34,3.6855036855036936,momentum,BULL_PULLBACK,65.22555209049766,95.88697788697785,100.0,60.0,86.54422031930822,10.0,0.0,50.79526891839304,0.0,2,2,E_ablate_wyckoff_vr1.2,True
601696,601696.SH,中银证券,证券,20251226,15.68,65.26090155797338,65.26090155797338,0.0,2.47,8.307,80100.34,3.6855036855036936,momentum,BULL_PULLBACK,65.22555209049766,95.88697788697785,100.0,60.0,86.54422031930822,10.0,0.0,50.79526891839304,0.0,1,1,E_ablate_accel_vr1.2,True
601377,601377.SH,兴业证券,证券,20251226,7.65,63.784022445605295,63.784022445605295,0.0,2.01,4.1379,22023.98,3.409090909090904,momentum,BULL_PULLBACK,50.35977507021019,97.54545454545458,100.0,80.0,86.54422031930822,33.33333333333333,0.0,35.0,0.0,2,2,E_ablate_accel_vr1.2,True
158,000158.SZ,常山北明,软件服务,20251229,20.93,76.88515445849647,71.1829739457936,5.702180512702864,3.49,6.1256,10000.32,4.429223744292232,weak_momentum,BULL_PULLBACK,90.16135182174638,100.0,100.0,80.0,57.02180512702864,43.333333333333336,0.0,86.25889157873796,0.0,1,1,A_recovered_proxy_vr1.5,True
2850,002850.SZ,科达利,电气设备,20251229,158.83,60.455175402688965,60.455175402688965,0.0,2.35,4.1888,9841.19,3.44680851063829,weak_momentum,BULL_PULLBACK,61.63303783951375,100.0,98.4119,65.0,45.20807174239477,33.33333333333333,0.0,65.32133532490681,0.0,2,2,A_recovered_proxy_vr1.5,True
158,000158.SZ,常山北明,软件服务,20251229,20.93,71.1829739457936,71.1829739457936,0.0,3.49,6.1256,10000.32,4.429223744292232,weak_momentum,BULL_PULLBACK,90.16135182174638,100.0,100.0,80.0,57.02180512702864,43.333333333333336,0.0,86.25889157873796,0.0,1,1,B_pure_quant_vr1.5,True
2850,002850.SZ,科达利,电气设备,20251229,158.83,60.455175402688965,60.455175402688965,0.0,2.35,4.1888,9841.19,3.44680851063829,weak_momentum,BULL_PULLBACK,61.63303783951375,100.0,98.4119,65.0,45.20807174239477,33.33333333333333,0.0,65.32133532490681,0.0,2,2,B_pure_quant_vr1.5,True
158,000158.SZ,常山北明,软件服务,20251229,20.93,76.88515445849647,71.1829739457936,5.702180512702864,3.49,6.1256,10000.32,4.429223744292232,weak_momentum,BULL_PULLBACK,90.16135182174638,100.0,100.0,80.0,57.02180512702864,43.333333333333336,0.0,86.25889157873796,0.0,1,1,A_recovered_proxy_vr1.2,True
559,000559.SZ,万向钱潮,汽车配件,20251229,14.26,67.8773221211216,60.21683055285446,7.660491568267137,1.75,8.4146,25299.3,4.806408544726306,weak_momentum,BULL_PULLBACK,40.36774610288021,100.0,100.0,80.0,76.60491568267136,0.0,0.0,57.80620856681149,0.0,2,2,A_recovered_proxy_vr1.2,True
158,000158.SZ,常山北明,软件服务,20251229,20.93,71.1829739457936,71.1829739457936,0.0,3.49,6.1256,10000.32,4.429223744292232,weak_momentum,BULL_PULLBACK,90.16135182174638,100.0,100.0,80.0,57.02180512702864,43.333333333333336,0.0,86.25889157873796,0.0,1,1,D_pure_quant_vr1.2,True
2850,002850.SZ,科达利,电气设备,20251229,158.83,60.455175402688965,60.455175402688965,0.0,2.35,4.1888,9841.19,3.44680851063829,weak_momentum,BULL_PULLBACK,61.63303783951375,100.0,98.4119,65.0,45.20807174239477,33.33333333333333,0.0,65.32133532490681,0.0,2,2,D_pure_quant_vr1.2,True
158,000158.SZ,常山北明,软件服务,20251229,20.93,62.62970317673932,62.62970317673932,0.0,3.49,6.1256,10000.32,4.429223744292232,weak_momentum,BULL_PULLBACK,90.16135182174638,100.0,100.0,80.0,57.02180512702864,43.333333333333336,0.0,86.25889157873796,0.0,1,1,E_ablate_sector_vr1.2,True
158,000158.SZ,常山北明,软件服务,20251229,20.93,71.1829739457936,71.1829739457936,0.0,3.49,6.1256,10000.32,4.429223744292232,weak_momentum,BULL_PULLBACK,90.16135182174638,100.0,100.0,80.0,57.02180512702864,43.333333333333336,0.0,86.25889157873796,0.0,1,1,E_ablate_accel_vr1.2,True
2850,002850.SZ,科达利,电气设备,20251229,158.83,60.455175402688965,60.455175402688965,0.0,2.35,4.1888,9841.19,3.44680851063829,weak_momentum,BULL_PULLBACK,61.63303783951375,100.0,98.4119,65.0,45.20807174239477,33.33333333333333,0.0,65.32133532490681,0.0,2,2,E_ablate_accel_vr1.2,True
676,000676.SZ,智度股份,互联网,20251230,8.55,72.22531677604752,65.29147080261058,6.933845973436944,2.69,3.8724,7022.39,6.147091108671775,weak_momentum,BULL_PULLBACK,71.38030863909496,100.0,70.2239,40.0,69.33845973436944,76.66666666666667,0.0,91.40013475505052,0.0,1,1,A_recovered_proxy_vr1.5,True
603319,603319.SH,美湖股份,汽车配件,20251230,38.28,67.28838171593482,59.06713040871898,8.221251307215832,1.58,6.2821,14714.15,4.657534246575336,weak_momentum,BULL_PULLBACK,32.99622792011891,100.0,100.0,65.0,82.21251307215832,30.0,0.0,46.905461732516,0.0,2,2,A_recovered_proxy_vr1.5,True
605555,605555.SH,德昌股份,家用电器,20251230,18.67,65.37268066979398,65.37268066979398,0.0,2.37,3.2968,5355.86,3.9114770972722495,weak_momentum,BULL_PULLBACK,62.24435295617672,100.0,53.5586,80.0,52.96604821607834,33.33333333333333,0.0,71.89270551526039,100.0,1,1,B_pure_quant_vr1.5,True
676,000676.SZ,智度股份,互联网,20251230,8.55,65.29147080261058,65.29147080261058,0.0,2.69,3.8724,7022.39,6.147091108671775,weak_momentum,BULL_PULLBACK,71.38030863909496,100.0,70.2239,40.0,69.33845973436944,76.66666666666667,0.0,91.40013475505052,0.0,2,2,B_pure_quant_vr1.5,True
605555,605555.SH,德昌股份,家用电器,20251230,18.67,64.8659307349996,64.8659307349996,0.0,2.37,3.2968,5355.86,3.9114770972722495,weak_momentum,BULL_PULLBACK,62.24435295617672,100.0,53.5586,80.0,49.5877153174491,33.33333333333333,0.0,71.89270551526039,100.0,1,1,A_recovered_proxy_vr1.2,True
2031,002031.SZ,巨轮智能,汽车配件,20251230,8.08,64.51478748983791,57.64709625883375,6.867691231004159,1.46,11.6978,32081.19,3.694874851013117,weak_momentum,BULL_PULLBACK,27.298418455264624,100.0,100.0,80.0,68.67691231004159,33.33333333333333,0.0,50.56086651580768,0.0,2,2,A_recovered_proxy_vr1.2,True
605555,605555.SH,德昌股份,家用电器,20251230,18.67,64.8659307349996,64.8659307349996,0.0,2.37,3.2968,5355.86,3.9114770972722495,weak_momentum,BULL_PULLBACK,62.24435295617672,100.0,53.5586,80.0,49.5877153174491,33.33333333333333,0.0,71.89270551526039,100.0,1,1,D_pure_quant_vr1.2,True
676,000676.SZ,智度股份,互联网,20251230,8.55,61.08611958406281,61.08611958406281,0.0,2.69,3.8724,7022.39,6.147091108671775,weak_momentum,BULL_PULLBACK,71.38030863909496,100.0,70.2239,40.0,41.30278494405103,76.66666666666667,0.0,91.40013475505052,0.0,2,2,D_pure_quant_vr1.2,True
676,000676.SZ,智度股份,互联网,20251230,8.55,61.08611958406281,61.08611958406281,0.0,2.69,3.8724,7022.39,6.147091108671775,weak_momentum,BULL_PULLBACK,71.38030863909496,100.0,70.2239,40.0,41.30278494405103,76.66666666666667,0.0,91.40013475505052,0.0,1,1,E_ablate_accel_vr1.2,True
2681,002681.SZ,奋达科技,元器件,20251230,6.7,60.12060277928649,60.12060277928649,0.0,1.89,3.5022,8995.68,8.093278463648831,weak_momentum,BULL_PULLBACK,45.9193117223174,100.0,89.9568,40.0,54.86785321692621,86.66666666666667,0.0,69.84647136711081,0.0,2,2,E_ablate_accel_vr1.2,True
2153,002153.SZ,石基信息,软件服务,20251231,10.83,75.59739724163987,67.41255104232071,8.184846199319159,2.74,4.4312,8444.02,4.41306266548985,weak_momentum,BULL_PULLBACK,72.7087946592901,100.0,84.4402,65.0,81.84846199319159,33.33333333333333,0.0,80.75373251854526,0.0,1,1,A_recovered_proxy_vr1.5,True
2860,002860.SZ,星帅尔,家用电器,20251231,14.1,73.45201461684205,73.45201461684205,0.0,3.99,8.6733,5647.82,12.258867454884882,weak_momentum,BULL_PULLBACK,99.81943732238103,97.84277120929264,56.4782,60.0,45.71008590775904,53.333333333333336,0.0,93.65807280359503,100.0,2,2,A_recovered_proxy_vr1.5,True
2860,002860.SZ,星帅尔,家用电器,20251231,14.1,73.45201461684205,73.45201461684205,0.0,3.99,8.6733,5647.82,12.258867454884882,weak_momentum,BULL_PULLBACK,99.81943732238103,97.84277120929264,56.4782,60.0,45.71008590775904,53.333333333333336,0.0,93.65807280359503,100.0,1,1,B_pure_quant_vr1.5,True
2153,002153.SZ,石基信息,软件服务,20251231,10.83,67.41255104232071,67.41255104232071,0.0,2.74,4.4312,8444.02,4.41306266548985,weak_momentum,BULL_PULLBACK,72.7087946592901,100.0,84.4402,65.0,81.84846199319159,33.33333333333333,0.0,80.75373251854526,0.0,2,2,B_pure_quant_vr1.5,True
2153,002153.SZ,石基信息,软件服务,20251231,10.83,73.42457900072738,66.10886009777322,7.31571890295416,2.74,4.4312,8444.02,4.41306266548985,weak_momentum,BULL_PULLBACK,72.7087946592901,100.0,84.4402,65.0,73.1571890295416,33.33333333333333,0.0,80.75373251854526,0.0,1,1,A_recovered_proxy_vr1.2,True
2860,002860.SZ,星帅尔,家用电器,20251231,14.1,72.6044101027301,72.6044101027301,0.0,3.99,8.6733,5647.82,12.258867454884882,weak_momentum,BULL_PULLBACK,99.81943732238103,97.84277120929264,56.4782,60.0,40.059389147012745,53.333333333333336,0.0,93.65807280359503,100.0,2,2,A_recovered_proxy_vr1.2,True
2860,002860.SZ,星帅尔,家用电器,20251231,14.1,72.6044101027301,72.6044101027301,0.0,3.99,8.6733,5647.82,12.258867454884882,weak_momentum,BULL_PULLBACK,99.81943732238103,97.84277120929264,56.4782,60.0,40.059389147012745,53.333333333333336,0.0,93.65807280359503,100.0,1,1,D_pure_quant_vr1.2,True
2153,002153.SZ,石基信息,软件服务,20251231,10.83,66.10886009777322,66.10886009777322,0.0,2.74,4.4312,8444.02,4.41306266548985,weak_momentum,BULL_PULLBACK,72.7087946592901,100.0,84.4402,65.0,73.1571890295416,33.33333333333333,0.0,80.75373251854526,0.0,2,2,D_pure_quant_vr1.2,True
2860,002860.SZ,星帅尔,家用电器,20251231,14.1,66.5955017306782,66.5955017306782,0.0,3.99,8.6733,5647.82,12.258867454884882,weak_momentum,BULL_PULLBACK,99.81943732238103,97.84277120929264,56.4782,60.0,40.059389147012745,53.333333333333336,0.0,93.65807280359503,100.0,1,1,E_ablate_sector_vr1.2,True
2860,002860.SZ,星帅尔,家用电器,20251231,14.1,62.43833410273011,62.43833410273011,0.0,3.99,8.6733,5647.82,12.258867454884882,weak_momentum,BULL_PULLBACK,99.81943732238103,97.84277120929264,56.4782,60.0,40.059389147012745,53.333333333333336,0.0,93.65807280359503,100.0,1,1,E_ablate_inflow_vr1.2,True
2153,002153.SZ,石基信息,软件服务,20251231,10.83,66.10886009777322,66.10886009777322,0.0,2.74,4.4312,8444.02,4.41306266548985,weak_momentum,BULL_PULLBACK,72.7087946592901,100.0,84.4402,65.0,73.1571890295416,33.33333333333333,0.0,80.75373251854526,0.0,1,1,E_ablate_accel_vr1.2,True
2860,002860.SZ,星帅尔,家用电器,20251231,14.1,62.60441010273011,62.60441010273011,0.0,3.99,8.6733,5647.82,12.258867454884882,weak_momentum,BULL_PULLBACK,99.81943732238103,97.84277120929264,56.4782,60.0,40.059389147012745,53.333333333333336,0.0,93.65807280359503,100.0,2,2,E_ablate_accel_vr1.2,True
